image_path,true_label,true_mst,true_class,true_bin,pred_scalar,pred_mst_rounded,pred_label,pred_mst,pred_class,pred_bin,abs_error,match_exact,match_pm1,match_bin
G:\Thesis\MonkSkinTone_Dataset\Segmented_MSTE\subject_18/PXL_20220922_183640936.PORTRAIT.jpg,1,1,0,0,0.2661266624927521,3,3,3,2,0,2,0,0,1
G:\Thesis\MonkSkinTone_Dataset\Segmented_MSTE\subject_18/PXL_20220922_183639710.PORTRAIT.jpg,1,1,0,0,0.1776473969221115,3,3,3,2,0,2,0,0,1
G:\Thesis\MonkSkinTone_Dataset\Segmented_MSTE\subject_18/PXL_20220922_183638393.PORTRAIT.jpg,1,1,0,0,0.28099778294563293,4,4,4,3,1,3,0,0,0
G:\Thesis\MonkSkinTone_Dataset\Segmented_MSTE\subject_18/PXL_20220922_183636542.PORTRAIT.jpg,1,1,0,0,0.23451478779315948,3,3,3,2,0,2,0,0,1
G:\Thesis\MonkSkinTone_Dataset\Segmented_MSTE\subject_18/PXL_20220922_183634690.PORTRAIT.jpg,1,1,0,0,0.11842190474271774,2,2,2,1,0,1,0,1,1
G:\Thesis\MonkSkinTone_Dataset\Segmented_MSTE\subject_18/PXL_20220922_183627117.PORTRAIT.jpg,1,1,0,0,0.058326639235019684,2,2,2,1,0,1,0,1,1
G:\Thesis\MonkSkinTone_Dataset\Segmented_MSTE\subject_18/PXL_20220922_183621991.PORTRAIT.jpg,1,1,0,0,0.26779577136039734,3,3,3,2,0,2,0,0,1
G:\Thesis\MonkSkinTone_Dataset\Segmented_MSTE\subject_18/PXL_20220922_183620053.PORTRAIT.jpg,1,1,0,0,0.13894981145858765,2,2,2,1,0,1,0,1,1
G:\Thesis\MonkSkinTone_Dataset\Segmented_MSTE\subject_18/PXL_20220922_183617300.PORTRAIT.jpg,1,1,0,0,0.306377649307251,4,4,4,3,1,3,0,0,0
G:\Thesis\MonkSkinTone_Dataset\Segmented_MSTE\subject_18/PXL_20220922_183616200.PORTRAIT.jpg,1,1,0,0,0.11234836280345917,2,2,2,1,0,1,0,1,1
G:\Thesis\MonkSkinTone_Dataset\Segmented_MSTE\subject_18/PXL_20220922_183614881.PORTRAIT.jpg,1,1,0,0,0.3211023807525635,4,4,4,3,1,3,0,0,0
G:\Thesis\MonkSkinTone_Dataset\Segmented_MSTE\subject_18/PXL_20220922_183613264.PORTRAIT.jpg,1,1,0,0,0.31775104999542236,4,4,4,3,1,3,0,0,0
G:\Thesis\MonkSkinTone_Dataset\Segmented_MSTE\subject_18/PXL_20220922_183609632.PORTRAIT.jpg,1,1,0,0,0.0799274817109108,2,2,2,1,0,1,0,1,1
G:\Thesis\MonkSkinTone_Dataset\Segmented_MSTE\subject_18/PXL_20220922_183530266.jpg,1,1,0,0,0.33112868666648865,4,4,4,3,1,3,0,0,0
G:\Thesis\MonkSkinTone_Dataset\Segmented_MSTE\subject_18/PXL_20220922_183523486.jpg,1,1,0,0,0.28564170002937317,4,4,4,3,1,3,0,0,0
G:\Thesis\MonkSkinTone_Dataset\Segmented_MSTE\subject_18/PXL_20220922_183521096.jpg,1,1,0,0,0.12843890488147736,2,2,2,1,0,1,0,1,1
G:\Thesis\MonkSkinTone_Dataset\Segmented_MSTE\subject_18/PXL_20220922_183519975.jpg,1,1,0,0,0.5221644043922424,6,6,6,5,1,5,0,0,0
G:\Thesis\MonkSkinTone_Dataset\Segmented_MSTE\subject_18/PXL_20220922_183518814.jpg,1,1,0,0,0.3689734935760498,4,4,4,3,1,3,0,0,0
G:\Thesis\MonkSkinTone_Dataset\Segmented_MSTE\subject_18/PXL_20220922_183517768.jpg,1,1,0,0,0.356337308883667,4,4,4,3,1,3,0,0,0
G:\Thesis\MonkSkinTone_Dataset\Segmented_MSTE\subject_18/PXL_20220922_183511299.jpg,1,1,0,0,0.21375936269760132,3,3,3,2,0,2,0,0,1
G:\Thesis\MonkSkinTone_Dataset\Segmented_MSTE\subject_18/PXL_20220922_183508755.jpg,1,1,0,0,0.19695450365543365,3,3,3,2,0,2,0,0,1
G:\Thesis\MonkSkinTone_Dataset\Segmented_MSTE\subject_18/PXL_20220922_183507645.jpg,1,1,0,0,0.3120992183685303,4,4,4,3,1,3,0,0,0
G:\Thesis\MonkSkinTone_Dataset\Segmented_MSTE\subject_18/PXL_20220922_183506625.jpg,1,1,0,0,0.2629711925983429,3,3,3,2,0,2,0,0,1
G:\Thesis\MonkSkinTone_Dataset\Segmented_MSTE\subject_18/PXL_20220922_183500918.jpg,1,1,0,0,0.3207255005836487,4,4,4,3,1,3,0,0,0
G:\Thesis\MonkSkinTone_Dataset\Segmented_MSTE\subject_18/PXL_20220922_183458519.jpg,1,1,0,0,0.22180044651031494,3,3,3,2,0,2,0,0,1
G:\Thesis\MonkSkinTone_Dataset\Segmented_MSTE\subject_18/PXL_20220922_183457367.jpg,1,1,0,0,0.328353613615036,4,4,4,3,1,3,0,0,0
G:\Thesis\MonkSkinTone_Dataset\Segmented_MSTE\subject_18/PXL_20220922_183456183.jpg,1,1,0,0,0.24541836977005005,3,3,3,2,0,2,0,0,1
G:\Thesis\MonkSkinTone_Dataset\Segmented_MSTE\subject_18/PXL_20220922_183453555.jpg,1,1,0,0,0.4156256318092346,5,5,5,4,1,4,0,0,0
G:\Thesis\MonkSkinTone_Dataset\Segmented_MSTE\subject_18/PXL_20220922_183450974.jpg,1,1,0,0,0.4814964532852173,5,5,5,4,1,4,0,0,0
G:\Thesis\MonkSkinTone_Dataset\Segmented_MSTE\subject_18/PXL_20220922_183449581.jpg,1,1,0,0,0.429588258266449,5,5,5,4,1,4,0,0,0
G:\Thesis\MonkSkinTone_Dataset\Segmented_MSTE\subject_18/PXL_20220922_183448133.jpg,1,1,0,0,0.2527458667755127,3,3,3,2,0,2,0,0,1
G:\Thesis\MonkSkinTone_Dataset\Segmented_MSTE\subject_18/PXL_20220922_183322816.jpg,1,1,0,0,0.06682140380144119,2,2,2,1,0,1,0,1,1
G:\Thesis\MonkSkinTone_Dataset\Segmented_MSTE\subject_18/PXL_20220922_183321028.jpg,1,1,0,0,0.6217725276947021,7,7,7,6,1,6,0,0,0
G:\Thesis\MonkSkinTone_Dataset\Segmented_MSTE\subject_18/PXL_20220922_183319912.jpg,1,1,0,0,0.02110310085117817,1,1,1,0,0,0,1,1,1
G:\Thesis\MonkSkinTone_Dataset\Segmented_MSTE\subject_18/PXL_20220922_183318443.jpg,1,1,0,0,0.054504748433828354,1,1,1,0,0,0,1,1,1
G:\Thesis\MonkSkinTone_Dataset\Segmented_MSTE\subject_18/PXL_20220922_183317218.jpg,1,1,0,0,0.06680108606815338,2,2,2,1,0,1,0,1,1
G:\Thesis\MonkSkinTone_Dataset\Segmented_MSTE\subject_18/PXL_20220922_183315539.jpg,1,1,0,0,0.05691579729318619,2,2,2,1,0,1,0,1,1
G:\Thesis\MonkSkinTone_Dataset\Segmented_MSTE\subject_18/PXL_20220922_183305849.jpg,1,1,0,0,0.47290167212486267,5,5,5,4,1,4,0,0,0
G:\Thesis\MonkSkinTone_Dataset\Segmented_MSTE\subject_18/PXL_20220922_183304378.jpg,1,1,0,0,0.1828656643629074,3,3,3,2,0,2,0,0,1
G:\Thesis\MonkSkinTone_Dataset\Segmented_MSTE\subject_18/PXL_20220922_183302961.jpg,1,1,0,0,0.08031897246837616,2,2,2,1,0,1,0,1,1
G:\Thesis\MonkSkinTone_Dataset\Segmented_MSTE\subject_18/PXL_20220922_183301497.jpg,1,1,0,0,0.0734167993068695,2,2,2,1,0,1,0,1,1
G:\Thesis\MonkSkinTone_Dataset\Segmented_MSTE\subject_18/PXL_20220922_183142438.jpg ,1,1,0,0,0.3129068613052368,4,4,4,3,1,3,0,0,0
G:\Thesis\MonkSkinTone_Dataset\Segmented_MSTE\subject_18/PXL_20220922_183140964.jpg,1,1,0,0,0.35115838050842285,4,4,4,3,1,3,0,0,0
G:\Thesis\MonkSkinTone_Dataset\Segmented_MSTE\subject_18/PXL_20220922_183139502.jpg,1,1,0,0,0.3220428228378296,4,4,4,3,1,3,0,0,0
G:\Thesis\MonkSkinTone_Dataset\Segmented_MSTE\subject_18/PXL_20220922_183138108.jpg,1,1,0,0,0.20930525660514832,3,3,3,2,0,2,0,0,1
G:\Thesis\MonkSkinTone_Dataset\Segmented_MSTE\subject_18/PXL_20220922_183136584.jpg,1,1,0,0,0.06307438760995865,2,2,2,1,0,1,0,1,1
G:\Thesis\MonkSkinTone_Dataset\Segmented_MSTE\subject_18/PXL_20220922_183130795.jpg,1,1,0,0,0.3179928660392761,4,4,4,3,1,3,0,0,0
G:\Thesis\MonkSkinTone_Dataset\Segmented_MSTE\subject_18/PXL_20220922_183129130.jpg,1,1,0,0,0.23697344958782196,3,3,3,2,0,2,0,0,1
G:\Thesis\MonkSkinTone_Dataset\Segmented_MSTE\subject_18/PXL_20220922_183127653.jpg,1,1,0,0,0.18238022923469543,3,3,3,2,0,2,0,0,1
G:\Thesis\MonkSkinTone_Dataset\Segmented_MSTE\subject_18/PXL_20220922_183126312.jpg,1,1,0,0,0.07051265239715576,2,2,2,1,0,1,0,1,1
G:\Thesis\MonkSkinTone_Dataset\Segmented_MSTE\subject_18/PXL_20220922_183125041.jpg,1,1,0,0,0.07989732921123505,2,2,2,1,0,1,0,1,1
G:\Thesis\MonkSkinTone_Dataset\Segmented_MSTE\subject_18/PXL_20220922_183059733.jpg,1,1,0,0,0.2962714731693268,4,4,4,3,1,3,0,0,0
G:\Thesis\MonkSkinTone_Dataset\Segmented_MSTE\subject_18/PXL_20220922_183057897.jpg,1,1,0,0,0.36058562994003296,4,4,4,3,1,3,0,0,0
G:\Thesis\MonkSkinTone_Dataset\Segmented_MSTE\subject_18/PXL_20220922_183056227.jpg,1,1,0,0,0.3015137314796448,4,4,4,3,1,3,0,0,0
G:\Thesis\MonkSkinTone_Dataset\Segmented_MSTE\subject_18/PXL_20220922_183054615.jpg,1,1,0,0,0.23362009227275848,3,3,3,2,0,2,0,0,1
G:\Thesis\MonkSkinTone_Dataset\Segmented_MSTE\subject_18/PXL_20220922_183052857.jpg,1,1,0,0,0.13084283471107483,2,2,2,1,0,1,0,1,1
G:\Thesis\MonkSkinTone_Dataset\Segmented_MSTE\subject_18/PXL_20220922_183050690.jpg,1,1,0,0,0.14339397847652435,2,2,2,1,0,1,0,1,1
G:\Thesis\MonkSkinTone_Dataset\Segmented_MSTE\subject_18/PXL_20220922_183047955.jpg,1,1,0,0,0.26267582178115845,3,3,3,2,0,2,0,0,1
G:\Thesis\MonkSkinTone_Dataset\Segmented_MSTE\subject_18/PXL_20220922_183046058.jpg,1,1,0,0,0.3306707441806793,4,4,4,3,1,3,0,0,0
G:\Thesis\MonkSkinTone_Dataset\Segmented_MSTE\subject_18/PXL_20220922_183044451.jpg,1,1,0,0,0.19251054525375366,3,3,3,2,0,2,0,0,1
G:\Thesis\MonkSkinTone_Dataset\Segmented_MSTE\subject_18/PXL_20220922_183041910.jpg,1,1,0,0,0.03900846466422081,1,1,1,0,0,0,1,1,1
G:\Thesis\MonkSkinTone_Dataset\Segmented_MSTE\subject_18/PXL_20220922_182846104.jpg,1,1,0,0,0.5831955075263977,6,6,6,5,1,5,0,0,0
G:\Thesis\MonkSkinTone_Dataset\Segmented_MSTE\subject_18/PXL_20220922_182843801.jpg,1,1,0,0,0.6111333966255188,7,7,7,6,1,6,0,0,0
G:\Thesis\MonkSkinTone_Dataset\Segmented_MSTE\subject_18/PXL_20220922_182838794.jpg,1,1,0,0,0.4785638451576233,5,5,5,4,1,4,0,0,0
G:\Thesis\MonkSkinTone_Dataset\Segmented_MSTE\subject_18/PXL_20220922_182836446.jpg,1,1,0,0,0.49342790246009827,5,5,5,4,1,4,0,0,0
G:\Thesis\MonkSkinTone_Dataset\Segmented_MSTE\subject_18/PXL_20220922_182827542.jpg,1,1,0,0,0.5409987568855286,6,6,6,5,1,5,0,0,0
G:\Thesis\MonkSkinTone_Dataset\Segmented_MSTE\subject_18/PXL_20220922_182823421.jpg,1,1,0,0,0.5356663465499878,6,6,6,5,1,5,0,0,0
G:\Thesis\MonkSkinTone_Dataset\Segmented_MSTE\subject_18/PXL_20220922_182821960.jpg,1,1,0,0,0.25272834300994873,3,3,3,2,0,2,0,0,1
G:\Thesis\MonkSkinTone_Dataset\Segmented_MSTE\subject_18/PXL_20220922_182820039.jpg,1,1,0,0,0.6585216522216797,7,7,7,6,1,6,0,0,0
G:\Thesis\MonkSkinTone_Dataset\Segmented_MSTE\subject_18/PXL_20220922_182818299.jpg,1,1,0,0,0.5611218810081482,6,6,6,5,1,5,0,0,0
G:\Thesis\MonkSkinTone_Dataset\Segmented_MSTE\subject_18/PXL_20220922_182816244.jpg,1,1,0,0,0.3610156774520874,4,4,4,3,1,3,0,0,0
G:\Thesis\MonkSkinTone_Dataset\Segmented_MSTE\subject_18/PXL_20220922_182730001.jpg,1,1,0,0,0.15086230635643005,2,2,2,1,0,1,0,1,1
G:\Thesis\MonkSkinTone_Dataset\Segmented_MSTE\subject_18/PXL_20220922_182727968.jpg,1,1,0,0,0.22597093880176544,3,3,3,2,0,2,0,0,1
G:\Thesis\MonkSkinTone_Dataset\Segmented_MSTE\subject_18/PXL_20220922_182726348.jpg,1,1,0,0,0.11488213390111923,2,2,2,1,0,1,0,1,1
G:\Thesis\MonkSkinTone_Dataset\Segmented_MSTE\subject_18/PXL_20220922_182724563.jpg,1,1,0,0,0.03604980930685997,1,1,1,0,0,0,1,1,1
G:\Thesis\MonkSkinTone_Dataset\Segmented_MSTE\subject_18/PXL_20220922_182722342.jpg,1,1,0,0,0.09901269525289536,2,2,2,1,0,1,0,1,1
G:\Thesis\MonkSkinTone_Dataset\Segmented_MSTE\subject_18/PXL_20220922_182713149.jpg,1,1,0,0,0.4213421940803528,5,5,5,4,1,4,0,0,0
G:\Thesis\MonkSkinTone_Dataset\Segmented_MSTE\subject_18/PXL_20220922_182711815.jpg,1,1,0,0,0.18083080649375916,3,3,3,2,0,2,0,0,1
G:\Thesis\MonkSkinTone_Dataset\Segmented_MSTE\subject_18/PXL_20220922_182710449.jpg,1,1,0,0,0.18143509328365326,3,3,3,2,0,2,0,0,1
G:\Thesis\MonkSkinTone_Dataset\Segmented_MSTE\subject_18/PXL_20220922_182708946.jpg,1,1,0,0,0.0490049384534359,1,1,1,0,0,0,1,1,1
G:\Thesis\MonkSkinTone_Dataset\Segmented_MSTE\subject_18/PXL_20220922_182706230.jpg,1,1,0,0,0.22346581518650055,3,3,3,2,0,2,0,0,1
G:\Thesis\MonkSkinTone_Dataset\Segmented_MSTE\subject_18/PXL_20220922_182653661.jpg,1,1,0,0,0.2393362671136856,3,3,3,2,0,2,0,0,1
G:\Thesis\MonkSkinTone_Dataset\Segmented_MSTE\subject_18/PXL_20220922_182652060.jpg,1,1,0,0,0.2145932912826538,3,3,3,2,0,2,0,0,1
G:\Thesis\MonkSkinTone_Dataset\Segmented_MSTE\subject_18/PXL_20220922_182650673.jpg,1,1,0,0,0.2538396418094635,3,3,3,2,0,2,0,0,1
G:\Thesis\MonkSkinTone_Dataset\Segmented_MSTE\subject_18/PXL_20220922_182649088.jpg,1,1,0,0,0.10782638192176819,2,2,2,1,0,1,0,1,1
G:\Thesis\MonkSkinTone_Dataset\Segmented_MSTE\subject_18/PXL_20220922_182647374.jpg,1,1,0,0,0.1635696142911911,2,2,2,1,0,1,0,1,1
G:\Thesis\MonkSkinTone_Dataset\Segmented_MSTE\subject_18/PXL_20220922_182645489.jpg,1,1,0,0,0.056534476578235626,2,2,2,1,0,1,0,1,1
G:\Thesis\MonkSkinTone_Dataset\Segmented_MSTE\subject_18/PXL_20220922_182642800.jpg,1,1,0,0,0.13646098971366882,2,2,2,1,0,1,0,1,1
G:\Thesis\MonkSkinTone_Dataset\Segmented_MSTE\subject_18/PXL_20220922_182641003.jpg,1,1,0,0,0.18714973330497742,3,3,3,2,0,2,0,0,1
G:\Thesis\MonkSkinTone_Dataset\Segmented_MSTE\subject_18/PXL_20220922_182639058.jpg,1,1,0,0,0.32573360204696655,4,4,4,3,1,3,0,0,0
G:\Thesis\MonkSkinTone_Dataset\Segmented_MSTE\subject_18/PXL_20220922_182636989.jpg,1,1,0,0,0.05856072157621384,2,2,2,1,0,1,0,1,1
G:\Thesis\MonkSkinTone_Dataset\Segmented_MSTE\subject_18/PXL_20220922_182633863.jpg,1,1,0,0,0.16740462183952332,3,3,3,2,0,2,0,0,1
G:\Thesis\MonkSkinTone_Dataset\Segmented_MSTE\subject_17/PXL_20220922_185827818.jpg,8,8,7,2,0.36119818687438965,4,4,4,3,1,4,0,0,0
G:\Thesis\MonkSkinTone_Dataset\Segmented_MSTE\subject_17/PXL_20220922_185825103.jpg,8,8,7,2,0.8108139634132385,8,8,8,7,2,0,1,1,1
G:\Thesis\MonkSkinTone_Dataset\Segmented_MSTE\subject_17/PXL_20220922_185814512.jpg,8,8,7,2,0.6985680460929871,7,7,7,6,1,1,0,1,0
G:\Thesis\MonkSkinTone_Dataset\Segmented_MSTE\subject_17/PXL_20220922_185812471.jpg,8,8,7,2,0.7216683626174927,7,7,7,6,1,1,0,1,0
G:\Thesis\MonkSkinTone_Dataset\Segmented_MSTE\subject_17/PXL_20220922_185804157.jpg,8,8,7,2,0.8053298592567444,8,8,8,7,2,0,1,1,1
G:\Thesis\MonkSkinTone_Dataset\Segmented_MSTE\subject_17/PXL_20220922_185800557.jpg,8,8,7,2,0.5435978770256042,6,6,6,5,1,2,0,0,0
G:\Thesis\MonkSkinTone_Dataset\Segmented_MSTE\subject_17/PXL_20220922_185757301.jpg,8,8,7,2,0.749703586101532,8,8,8,7,2,0,1,1,1
G:\Thesis\MonkSkinTone_Dataset\Segmented_MSTE\subject_17/PXL_20220922_185754281.jpg,8,8,7,2,0.7360917329788208,8,8,8,7,2,0,1,1,1
G:\Thesis\MonkSkinTone_Dataset\Segmented_MSTE\subject_17/PXL_20220922_185705214.jpg,8,8,7,2,0.8141027688980103,8,8,8,7,2,0,1,1,1
G:\Thesis\MonkSkinTone_Dataset\Segmented_MSTE\subject_17/PXL_20220922_185703775.jpg,8,8,7,2,0.6610953211784363,7,7,7,6,1,1,0,1,0
G:\Thesis\MonkSkinTone_Dataset\Segmented_MSTE\subject_17/PXL_20220922_185702103.jpg,8,8,7,2,0.7623106241226196,8,8,8,7,2,0,1,1,1
G:\Thesis\MonkSkinTone_Dataset\Segmented_MSTE\subject_17/PXL_20220922_185700581.jpg,8,8,7,2,0.7522223591804504,8,8,8,7,2,0,1,1,1
G:\Thesis\MonkSkinTone_Dataset\Segmented_MSTE\subject_17/PXL_20220922_185659098.jpg,8,8,7,2,0.8766857385635376,9,9,9,8,2,1,0,1,1
G:\Thesis\MonkSkinTone_Dataset\Segmented_MSTE\subject_17/PXL_20220922_185657391.jpg,8,8,7,2,0.6425947546958923,7,7,7,6,1,1,0,1,0
G:\Thesis\MonkSkinTone_Dataset\Segmented_MSTE\subject_17/PXL_20220922_185655701.jpg,8,8,7,2,0.7011638879776001,7,7,7,6,1,1,0,1,0
G:\Thesis\MonkSkinTone_Dataset\Segmented_MSTE\subject_17/PXL_20220922_185654282.jpg,8,8,7,2,0.7213879227638245,7,7,7,6,1,1,0,1,0
G:\Thesis\MonkSkinTone_Dataset\Segmented_MSTE\subject_17/PXL_20220922_185652542.jpg,8,8,7,2,0.7305172085762024,8,8,8,7,2,0,1,1,1
G:\Thesis\MonkSkinTone_Dataset\Segmented_MSTE\subject_17/PXL_20220922_185651168.jpg,8,8,7,2,0.7528548240661621,8,8,8,7,2,0,1,1,1
G:\Thesis\MonkSkinTone_Dataset\Segmented_MSTE\subject_17/PXL_20220922_185514681.jpg,8,8,7,2,0.8001207709312439,8,8,8,7,2,0,1,1,1
G:\Thesis\MonkSkinTone_Dataset\Segmented_MSTE\subject_17/PXL_20220922_185512817.jpg,8,8,7,2,0.8578442931175232,9,9,9,8,2,1,0,1,1
G:\Thesis\MonkSkinTone_Dataset\Segmented_MSTE\subject_17/PXL_20220922_185510279.jpg,8,8,7,2,0.7993444204330444,8,8,8,7,2,0,1,1,1
G:\Thesis\MonkSkinTone_Dataset\Segmented_MSTE\subject_17/PXL_20220922_185507420.jpg,8,8,7,2,0.6286846995353699,7,7,7,6,1,1,0,1,0
G:\Thesis\MonkSkinTone_Dataset\Segmented_MSTE\subject_17/PXL_20220922_185505997.jpg,8,8,7,2,0.7440420389175415,8,8,8,7,2,0,1,1,1
G:\Thesis\MonkSkinTone_Dataset\Segmented_MSTE\subject_17/PXL_20220922_185504598.jpg,8,8,7,2,0.7415210008621216,8,8,8,7,2,0,1,1,1
G:\Thesis\MonkSkinTone_Dataset\Segmented_MSTE\subject_17/PXL_20220922_185456930.jpg,8,8,7,2,0.711532473564148,7,7,7,6,1,1,0,1,0
G:\Thesis\MonkSkinTone_Dataset\Segmented_MSTE\subject_17/PXL_20220922_185442196.jpg,8,8,7,2,0.7865818738937378,8,8,8,7,2,0,1,1,1
G:\Thesis\MonkSkinTone_Dataset\Segmented_MSTE\subject_17/PXL_20220922_185440334.jpg,8,8,7,2,0.6668238639831543,7,7,7,6,1,1,0,1,0
G:\Thesis\MonkSkinTone_Dataset\Segmented_MSTE\subject_17/PXL_20220922_185419849.PORTRAIT.jpg,8,8,7,2,0.8165290355682373,8,8,8,7,2,0,1,1,1
G:\Thesis\MonkSkinTone_Dataset\Segmented_MSTE\subject_17/PXL_20220922_185418367.PORTRAIT.jpg,8,8,7,2,0.8030229210853577,8,8,8,7,2,0,1,1,1
G:\Thesis\MonkSkinTone_Dataset\Segmented_MSTE\subject_17/PXL_20220922_185416595.PORTRAIT.jpg,8,8,7,2,0.8194734454154968,8,8,8,7,2,0,1,1,1
G:\Thesis\MonkSkinTone_Dataset\Segmented_MSTE\subject_17/PXL_20220922_185415142.PORTRAIT.jpg,8,8,7,2,0.7640467286109924,8,8,8,7,2,0,1,1,1
G:\Thesis\MonkSkinTone_Dataset\Segmented_MSTE\subject_17/PXL_20220922_185410258.PORTRAIT.jpg,8,8,7,2,0.8158518075942993,8,8,8,7,2,0,1,1,1
G:\Thesis\MonkSkinTone_Dataset\Segmented_MSTE\subject_17/PXL_20220922_185404798.PORTRAIT.jpg,8,8,7,2,0.7618467807769775,8,8,8,7,2,0,1,1,1
G:\Thesis\MonkSkinTone_Dataset\Segmented_MSTE\subject_17/PXL_20220922_185403014.PORTRAIT.jpg,8,8,7,2,0.7742711305618286,8,8,8,7,2,0,1,1,1
G:\Thesis\MonkSkinTone_Dataset\Segmented_MSTE\subject_17/PXL_20220922_185401468.PORTRAIT.jpg,8,8,7,2,0.7551519870758057,8,8,8,7,2,0,1,1,1
G:\Thesis\MonkSkinTone_Dataset\Segmented_MSTE\subject_17/PXL_20220922_185359690.PORTRAIT.jpg,8,8,7,2,0.8351184725761414,9,9,9,8,2,1,0,1,1
G:\Thesis\MonkSkinTone_Dataset\Segmented_MSTE\subject_17/PXL_20220922_185358150.PORTRAIT.jpg,8,8,7,2,0.7984972596168518,8,8,8,7,2,0,1,1,1
G:\Thesis\MonkSkinTone_Dataset\Segmented_MSTE\subject_17/PXL_20220922_185316365.PORTRAIT.jpg,8,8,7,2,0.7990610599517822,8,8,8,7,2,0,1,1,1
G:\Thesis\MonkSkinTone_Dataset\Segmented_MSTE\subject_17/PXL_20220922_185314924.PORTRAIT.jpg,8,8,7,2,0.7990375757217407,8,8,8,7,2,0,1,1,1
G:\Thesis\MonkSkinTone_Dataset\Segmented_MSTE\subject_17/PXL_20220922_185313189.PORTRAIT.jpg,8,8,7,2,0.7846900224685669,8,8,8,7,2,0,1,1,1
G:\Thesis\MonkSkinTone_Dataset\Segmented_MSTE\subject_17/PXL_20220922_185311564.PORTRAIT.jpg,8,8,7,2,0.7629104852676392,8,8,8,7,2,0,1,1,1
G:\Thesis\MonkSkinTone_Dataset\Segmented_MSTE\subject_17/PXL_20220922_185309607.PORTRAIT.jpg,8,8,7,2,0.7519165277481079,8,8,8,7,2,0,1,1,1
G:\Thesis\MonkSkinTone_Dataset\Segmented_MSTE\subject_17/PXL_20220922_185248297.jpg,8,8,7,2,0.7478218674659729,8,8,8,7,2,0,1,1,1
G:\Thesis\MonkSkinTone_Dataset\Segmented_MSTE\subject_17/PXL_20220922_185246916.jpg,8,8,7,2,0.8349031805992126,9,9,9,8,2,1,0,1,1
G:\Thesis\MonkSkinTone_Dataset\Segmented_MSTE\subject_17/PXL_20220922_185245527.jpg,8,8,7,2,0.7313935160636902,8,8,8,7,2,0,1,1,1
G:\Thesis\MonkSkinTone_Dataset\Segmented_MSTE\subject_17/PXL_20220922_185244102.jpg,8,8,7,2,0.7881209254264832,8,8,8,7,2,0,1,1,1
G:\Thesis\MonkSkinTone_Dataset\Segmented_MSTE\subject_17/PXL_20220922_185242494.jpg,8,8,7,2,0.7508394122123718,8,8,8,7,2,0,1,1,1
G:\Thesis\MonkSkinTone_Dataset\Segmented_MSTE\subject_17/PXL_20220922_185224507.jpg,8,8,7,2,0.7851050496101379,8,8,8,7,2,0,1,1,1
G:\Thesis\MonkSkinTone_Dataset\Segmented_MSTE\subject_17/PXL_20220922_185206022.jpg,8,8,7,2,0.8423389196395874,9,9,9,8,2,1,0,1,1
G:\Thesis\MonkSkinTone_Dataset\Segmented_MSTE\subject_17/PXL_20220922_185204671.jpg,8,8,7,2,0.7902814149856567,8,8,8,7,2,0,1,1,1
G:\Thesis\MonkSkinTone_Dataset\Segmented_MSTE\subject_17/PXL_20220922_185202869.jpg,8,8,7,2,0.8312993049621582,8,8,8,7,2,0,1,1,1
G:\Thesis\MonkSkinTone_Dataset\Segmented_MSTE\subject_17/PXL_20220922_185201154.jpg,8,8,7,2,0.7717887163162231,8,8,8,7,2,0,1,1,1
G:\Thesis\MonkSkinTone_Dataset\Segmented_MSTE\subject_17/PXL_20220922_185158900.jpg,8,8,7,2,0.7763356566429138,8,8,8,7,2,0,1,1,1
G:\Thesis\MonkSkinTone_Dataset\Segmented_MSTE\subject_17/PXL_20220922_185144400.jpg,8,8,7,2,0.759407103061676,8,8,8,7,2,0,1,1,1
G:\Thesis\MonkSkinTone_Dataset\Segmented_MSTE\subject_17/PXL_20220922_185139946.jpg,8,8,7,2,0.6584576368331909,7,7,7,6,1,1,0,1,0
G:\Thesis\MonkSkinTone_Dataset\Segmented_MSTE\subject_17/PXL_20220922_185138091.jpg,8,8,7,2,0.6444157958030701,7,7,7,6,1,1,0,1,0
G:\Thesis\MonkSkinTone_Dataset\Segmented_MSTE\subject_17/PXL_20220922_185122947.jpg,8,8,7,2,0.731622576713562,8,8,8,7,2,0,1,1,1
G:\Thesis\MonkSkinTone_Dataset\Segmented_MSTE\subject_16/PXL_20220922_163344625.jpg,1,1,0,0,0.1835285872220993,3,3,3,2,0,2,0,0,1
G:\Thesis\MonkSkinTone_Dataset\Segmented_MSTE\subject_16/PXL_20220922_163343338.jpg,1,1,0,0,0.6027109622955322,6,6,6,5,1,5,0,0,0
G:\Thesis\MonkSkinTone_Dataset\Segmented_MSTE\subject_16/PXL_20220922_163342238.jpg,1,1,0,0,0.42298850417137146,5,5,5,4,1,4,0,0,0
G:\Thesis\MonkSkinTone_Dataset\Segmented_MSTE\subject_16/PXL_20220922_163340954.jpg,1,1,0,0,0.2731117904186249,3,3,3,2,0,2,0,0,1
G:\Thesis\MonkSkinTone_Dataset\Segmented_MSTE\subject_16/PXL_20220922_163339153.jpg,1,1,0,0,0.34883418679237366,4,4,4,3,1,3,0,0,0
G:\Thesis\MonkSkinTone_Dataset\Segmented_MSTE\subject_16/PXL_20220922_163336203.jpg,1,1,0,0,0.29174473881721497,4,4,4,3,1,3,0,0,0
G:\Thesis\MonkSkinTone_Dataset\Segmented_MSTE\subject_16/PXL_20220922_163335011.jpg,1,1,0,0,0.6516193747520447,7,7,7,6,1,6,0,0,0
G:\Thesis\MonkSkinTone_Dataset\Segmented_MSTE\subject_16/PXL_20220922_163332303.jpg,1,1,0,0,0.6235706806182861,7,7,7,6,1,6,0,0,0
G:\Thesis\MonkSkinTone_Dataset\Segmented_MSTE\subject_16/PXL_20220922_163330235.jpg,1,1,0,0,0.42467331886291504,5,5,5,4,1,4,0,0,0
G:\Thesis\MonkSkinTone_Dataset\Segmented_MSTE\subject_16/PXL_20220922_163246206.jpg,1,1,0,0,0.3433172404766083,4,4,4,3,1,3,0,0,0
G:\Thesis\MonkSkinTone_Dataset\Segmented_MSTE\subject_16/PXL_20220922_163243828.jpg,1,1,0,0,0.5021969079971313,6,6,6,5,1,5,0,0,0
G:\Thesis\MonkSkinTone_Dataset\Segmented_MSTE\subject_16/PXL_20220922_163242384.jpg,1,1,0,0,0.3330647051334381,4,4,4,3,1,3,0,0,0
G:\Thesis\MonkSkinTone_Dataset\Segmented_MSTE\subject_16/PXL_20220922_163240509.jpg,1,1,0,0,0.27692165970802307,3,3,3,2,0,2,0,0,1
G:\Thesis\MonkSkinTone_Dataset\Segmented_MSTE\subject_16/PXL_20220922_163238367.jpg,1,1,0,0,0.21187902987003326,3,3,3,2,0,2,0,0,1
G:\Thesis\MonkSkinTone_Dataset\Segmented_MSTE\subject_16/PXL_20220922_163233149.jpg,1,1,0,0,0.1892816573381424,3,3,3,2,0,2,0,0,1
G:\Thesis\MonkSkinTone_Dataset\Segmented_MSTE\subject_16/PXL_20220922_163231266.jpg,1,1,0,0,0.16069738566875458,2,2,2,1,0,1,0,1,1
G:\Thesis\MonkSkinTone_Dataset\Segmented_MSTE\subject_16/PXL_20220922_163229525.jpg,1,1,0,0,0.26107147336006165,3,3,3,2,0,2,0,0,1
G:\Thesis\MonkSkinTone_Dataset\Segmented_MSTE\subject_16/PXL_20220922_163227429.jpg,1,1,0,0,0.29633212089538574,4,4,4,3,1,3,0,0,0
G:\Thesis\MonkSkinTone_Dataset\Segmented_MSTE\subject_16/PXL_20220922_163224863.jpg,1,1,0,0,0.22900857031345367,3,3,3,2,0,2,0,0,1
G:\Thesis\MonkSkinTone_Dataset\Segmented_MSTE\subject_16/PXL_20220922_163221806.jpg,1,1,0,0,0.32994115352630615,4,4,4,3,1,3,0,0,0
G:\Thesis\MonkSkinTone_Dataset\Segmented_MSTE\subject_16/PXL_20220922_163219950.jpg,1,1,0,0,0.24053271114826202,3,3,3,2,0,2,0,0,1
G:\Thesis\MonkSkinTone_Dataset\Segmented_MSTE\subject_16/PXL_20220922_163218116.jpg,1,1,0,0,0.20623798668384552,3,3,3,2,0,2,0,0,1
G:\Thesis\MonkSkinTone_Dataset\Segmented_MSTE\subject_16/PXL_20220922_163215993.jpg,1,1,0,0,0.17234419286251068,3,3,3,2,0,2,0,0,1
G:\Thesis\MonkSkinTone_Dataset\Segmented_MSTE\subject_16/PXL_20220922_163212621.jpg,1,1,0,0,0.2463764101266861,3,3,3,2,0,2,0,0,1
G:\Thesis\MonkSkinTone_Dataset\Segmented_MSTE\subject_16/PXL_20220922_163207738.jpg,1,1,0,0,0.24602609872817993,3,3,3,2,0,2,0,0,1
G:\Thesis\MonkSkinTone_Dataset\Segmented_MSTE\subject_16/PXL_20220922_163205440.jpg,1,1,0,0,0.19107267260551453,3,3,3,2,0,2,0,0,1
G:\Thesis\MonkSkinTone_Dataset\Segmented_MSTE\subject_16/PXL_20220922_163158577.jpg,1,1,0,0,0.2528679072856903,3,3,3,2,0,2,0,0,1
G:\Thesis\MonkSkinTone_Dataset\Segmented_MSTE\subject_16/PXL_20220922_163156369.jpg,1,1,0,0,0.24821430444717407,3,3,3,2,0,2,0,0,1
G:\Thesis\MonkSkinTone_Dataset\Segmented_MSTE\subject_16/PXL_20220922_163153639.jpg,1,1,0,0,0.24404841661453247,3,3,3,2,0,2,0,0,1
G:\Thesis\MonkSkinTone_Dataset\Segmented_MSTE\subject_16/PXL_20220922_163150248.jpg,1,1,0,0,0.17180542647838593,3,3,3,2,0,2,0,0,1
G:\Thesis\MonkSkinTone_Dataset\Segmented_MSTE\subject_16/PXL_20220922_163052549.jpg,1,1,0,0,0.21802589297294617,3,3,3,2,0,2,0,0,1
G:\Thesis\MonkSkinTone_Dataset\Segmented_MSTE\subject_16/PXL_20220922_163051167.jpg,1,1,0,0,0.13627241551876068,2,2,2,1,0,1,0,1,1
G:\Thesis\MonkSkinTone_Dataset\Segmented_MSTE\subject_16/PXL_20220922_163049541.jpg,1,1,0,0,0.13079719245433807,2,2,2,1,0,1,0,1,1
G:\Thesis\MonkSkinTone_Dataset\Segmented_MSTE\subject_16/PXL_20220922_163048143.jpg,1,1,0,0,0.16191376745700836,2,2,2,1,0,1,0,1,1
G:\Thesis\MonkSkinTone_Dataset\Segmented_MSTE\subject_16/PXL_20220922_163045525.jpg,1,1,0,0,0.1219041496515274,2,2,2,1,0,1,0,1,1
G:\Thesis\MonkSkinTone_Dataset\Segmented_MSTE\subject_16/PXL_20220922_163041327.jpg,1,1,0,0,0.2509750723838806,3,3,3,2,0,2,0,0,1
G:\Thesis\MonkSkinTone_Dataset\Segmented_MSTE\subject_16/PXL_20220922_163040135.jpg,1,1,0,0,0.17092286050319672,3,3,3,2,0,2,0,0,1
G:\Thesis\MonkSkinTone_Dataset\Segmented_MSTE\subject_16/PXL_20220922_163038839.jpg,1,1,0,0,0.2222358137369156,3,3,3,2,0,2,0,0,1
G:\Thesis\MonkSkinTone_Dataset\Segmented_MSTE\subject_16/PXL_20220922_163037538.jpg,1,1,0,0,0.24741296470165253,3,3,3,2,0,2,0,0,1
G:\Thesis\MonkSkinTone_Dataset\Segmented_MSTE\subject_16/PXL_20220922_163036224.jpg,1,1,0,0,0.12910468876361847,2,2,2,1,0,1,0,1,1
G:\Thesis\MonkSkinTone_Dataset\Segmented_MSTE\subject_16/PXL_20220922_163031782.jpg,1,1,0,0,0.20606277883052826,3,3,3,2,0,2,0,0,1
G:\Thesis\MonkSkinTone_Dataset\Segmented_MSTE\subject_16/PXL_20220922_163030548.jpg,1,1,0,0,0.09915825724601746,2,2,2,1,0,1,0,1,1
G:\Thesis\MonkSkinTone_Dataset\Segmented_MSTE\subject_16/PXL_20220922_163029140.jpg,1,1,0,0,0.211119145154953,3,3,3,2,0,2,0,0,1
G:\Thesis\MonkSkinTone_Dataset\Segmented_MSTE\subject_16/PXL_20220922_163027663.jpg,1,1,0,0,0.21589568257331848,3,3,3,2,0,2,0,0,1
G:\Thesis\MonkSkinTone_Dataset\Segmented_MSTE\subject_16/PXL_20220922_163025599.jpg,1,1,0,0,0.1583499014377594,2,2,2,1,0,1,0,1,1
G:\Thesis\MonkSkinTone_Dataset\Segmented_MSTE\subject_16/PXL_20220922_162946598.jpg,1,1,0,0,0.24264287948608398,3,3,3,2,0,2,0,0,1
G:\Thesis\MonkSkinTone_Dataset\Segmented_MSTE\subject_16/PXL_20220922_162945260.jpg,1,1,0,0,0.22073237597942352,3,3,3,2,0,2,0,0,1
G:\Thesis\MonkSkinTone_Dataset\Segmented_MSTE\subject_16/PXL_20220922_162943445.jpg,1,1,0,0,0.15361995995044708,2,2,2,1,0,1,0,1,1
G:\Thesis\MonkSkinTone_Dataset\Segmented_MSTE\subject_16/PXL_20220922_162942226.jpg,1,1,0,0,0.2904669940471649,4,4,4,3,1,3,0,0,0
G:\Thesis\MonkSkinTone_Dataset\Segmented_MSTE\subject_16/PXL_20220922_162940283.jpg,1,1,0,0,0.22643302381038666,3,3,3,2,0,2,0,0,1
G:\Thesis\MonkSkinTone_Dataset\Segmented_MSTE\subject_16/PXL_20220922_162937771.jpg,1,1,0,0,0.153666689991951,2,2,2,1,0,1,0,1,1
G:\Thesis\MonkSkinTone_Dataset\Segmented_MSTE\subject_16/PXL_20220922_162936557.jpg,1,1,0,0,0.1676657348871231,3,3,3,2,0,2,0,0,1
G:\Thesis\MonkSkinTone_Dataset\Segmented_MSTE\subject_16/PXL_20220922_162934684.jpg,1,1,0,0,0.15547212958335876,2,2,2,1,0,1,0,1,1
G:\Thesis\MonkSkinTone_Dataset\Segmented_MSTE\subject_16/PXL_20220922_162933194.jpg,1,1,0,0,0.24457284808158875,3,3,3,2,0,2,0,0,1
G:\Thesis\MonkSkinTone_Dataset\Segmented_MSTE\subject_16/PXL_20220922_162931300.jpg,1,1,0,0,0.23770654201507568,3,3,3,2,0,2,0,0,1
G:\Thesis\MonkSkinTone_Dataset\Segmented_MSTE\subject_16/PXL_20220922_162927043.jpg,1,1,0,0,0.15356098115444183,2,2,2,1,0,1,0,1,1
G:\Thesis\MonkSkinTone_Dataset\Segmented_MSTE\subject_16/PXL_20220922_162924532.jpg,1,1,0,0,0.27468761801719666,3,3,3,2,0,2,0,0,1
G:\Thesis\MonkSkinTone_Dataset\Segmented_MSTE\subject_16/PXL_20220922_162923216.jpg,1,1,0,0,0.19305115938186646,3,3,3,2,0,2,0,0,1
G:\Thesis\MonkSkinTone_Dataset\Segmented_MSTE\subject_16/PXL_20220922_162921844.jpg,1,1,0,0,0.3607670068740845,4,4,4,3,1,3,0,0,0
G:\Thesis\MonkSkinTone_Dataset\Segmented_MSTE\subject_16/PXL_20220922_162919912.jpg,1,1,0,0,0.2669869363307953,3,3,3,2,0,2,0,0,1
G:\Thesis\MonkSkinTone_Dataset\Segmented_MSTE\subject_16/PXL_20220922_162917375.jpg,1,1,0,0,0.12428390979766846,2,2,2,1,0,1,0,1,1
G:\Thesis\MonkSkinTone_Dataset\Segmented_MSTE\subject_16/PXL_20220922_162915871.jpg,1,1,0,0,0.12189461290836334,2,2,2,1,0,1,0,1,1
G:\Thesis\MonkSkinTone_Dataset\Segmented_MSTE\subject_16/PXL_20220922_162914173.jpg,1,1,0,0,0.1899537593126297,3,3,3,2,0,2,0,0,1
G:\Thesis\MonkSkinTone_Dataset\Segmented_MSTE\subject_16/PXL_20220922_162912581.jpg,1,1,0,0,0.21898743510246277,3,3,3,2,0,2,0,0,1
G:\Thesis\MonkSkinTone_Dataset\Segmented_MSTE\subject_16/PXL_20220922_162910059.jpg,1,1,0,0,0.16284923255443573,2,2,2,1,0,1,0,1,1
G:\Thesis\MonkSkinTone_Dataset\Segmented_MSTE\subject_16/PXL_20220922_162836588.jpg,1,1,0,0,0.23027047514915466,3,3,3,2,0,2,0,0,1
G:\Thesis\MonkSkinTone_Dataset\Segmented_MSTE\subject_16/PXL_20220922_162834847.jpg,1,1,0,0,0.11545868217945099,2,2,2,1,0,1,0,1,1
G:\Thesis\MonkSkinTone_Dataset\Segmented_MSTE\subject_16/PXL_20220922_162832750.jpg,1,1,0,0,0.186057910323143,3,3,3,2,0,2,0,0,1
G:\Thesis\MonkSkinTone_Dataset\Segmented_MSTE\subject_16/PXL_20220922_162830836.jpg,1,1,0,0,0.16517381370067596,2,2,2,1,0,1,0,1,1
G:\Thesis\MonkSkinTone_Dataset\Segmented_MSTE\subject_16/PXL_20220922_162827172.jpg,1,1,0,0,0.19826091825962067,3,3,3,2,0,2,0,0,1
G:\Thesis\MonkSkinTone_Dataset\Segmented_MSTE\subject_16/PXL_20220922_162824514.jpg,1,1,0,0,0.13605745136737823,2,2,2,1,0,1,0,1,1
G:\Thesis\MonkSkinTone_Dataset\Segmented_MSTE\subject_16/PXL_20220922_162821871.jpg,1,1,0,0,0.07916072010993958,2,2,2,1,0,1,0,1,1
G:\Thesis\MonkSkinTone_Dataset\Segmented_MSTE\subject_16/PXL_20220922_162818819.jpg,1,1,0,0,0.12075499445199966,2,2,2,1,0,1,0,1,1
G:\Thesis\MonkSkinTone_Dataset\Segmented_MSTE\subject_16/PXL_20220922_162814014.jpg,1,1,0,0,0.3130437433719635,4,4,4,3,1,3,0,0,0
G:\Thesis\MonkSkinTone_Dataset\Segmented_MSTE\subject_16/PXL_20220922_162811412.jpg,1,1,0,0,0.31418028473854065,4,4,4,3,1,3,0,0,0
G:\Thesis\MonkSkinTone_Dataset\Segmented_MSTE\subject_16/PXL_20220922_162808508.jpg,1,1,0,0,0.1580539047718048,2,2,2,1,0,1,0,1,1
G:\Thesis\MonkSkinTone_Dataset\Segmented_MSTE\subject_16/PXL_20220922_162805930.jpg,1,1,0,0,0.32731226086616516,4,4,4,3,1,3,0,0,0
G:\Thesis\MonkSkinTone_Dataset\Segmented_MSTE\subject_16/PXL_20220922_162801535.jpg,1,1,0,0,0.082331083714962,2,2,2,1,0,1,0,1,1
G:\Thesis\MonkSkinTone_Dataset\Segmented_MSTE\subject_16/PXL_20220922_162758602.jpg,1,1,0,0,0.07533319294452667,2,2,2,1,0,1,0,1,1
G:\Thesis\MonkSkinTone_Dataset\Segmented_MSTE\subject_16/PXL_20220922_162755253.jpg,1,1,0,0,0.08428208529949188,2,2,2,1,0,1,0,1,1
G:\Thesis\MonkSkinTone_Dataset\Segmented_MSTE\subject_16/PXL_20220922_162751666.jpg,1,1,0,0,0.17460563778877258,3,3,3,2,0,2,0,0,1
G:\Thesis\MonkSkinTone_Dataset\Segmented_MSTE\subject_16/PXL_20220922_162746982.jpg,1,1,0,0,0.15736377239227295,2,2,2,1,0,1,0,1,1
G:\Thesis\MonkSkinTone_Dataset\Segmented_MSTE\subject_15/PXL_20220922_132128162.PORTRAIT.jpg,3,3,2,0,0.5352984666824341,6,6,6,5,1,3,0,0,0
G:\Thesis\MonkSkinTone_Dataset\Segmented_MSTE\subject_15/PXL_20220922_132123452.PORTRAIT.jpg,3,3,2,0,0.552497386932373,6,6,6,5,1,3,0,0,0
G:\Thesis\MonkSkinTone_Dataset\Segmented_MSTE\subject_15/PXL_20220922_132121109.PORTRAIT.jpg,3,3,2,0,0.5962474346160889,6,6,6,5,1,3,0,0,0
G:\Thesis\MonkSkinTone_Dataset\Segmented_MSTE\subject_15/PXL_20220922_132118269.PORTRAIT.jpg,3,3,2,0,0.5258253812789917,6,6,6,5,1,3,0,0,0
G:\Thesis\MonkSkinTone_Dataset\Segmented_MSTE\subject_15/PXL_20220922_132052576.PORTRAIT.jpg,3,3,2,0,0.53421550989151,6,6,6,5,1,3,0,0,0
G:\Thesis\MonkSkinTone_Dataset\Segmented_MSTE\subject_15/PXL_20220922_132048784.PORTRAIT.jpg,3,3,2,0,0.442888468503952,5,5,5,4,1,2,0,0,0
G:\Thesis\MonkSkinTone_Dataset\Segmented_MSTE\subject_15/PXL_20220922_132042033.PORTRAIT.jpg,3,3,2,0,0.687235414981842,7,7,7,6,1,4,0,0,0
G:\Thesis\MonkSkinTone_Dataset\Segmented_MSTE\subject_15/PXL_20220922_132040123.PORTRAIT.jpg,3,3,2,0,0.46967706084251404,5,5,5,4,1,2,0,0,0
G:\Thesis\MonkSkinTone_Dataset\Segmented_MSTE\subject_15/PXL_20220922_132016589.PORTRAIT.jpg,3,3,2,0,0.5601499080657959,6,6,6,5,1,3,0,0,0
G:\Thesis\MonkSkinTone_Dataset\Segmented_MSTE\subject_15/PXL_20220922_132014529.PORTRAIT.jpg,3,3,2,0,0.33569762110710144,4,4,4,3,1,1,0,1,0
G:\Thesis\MonkSkinTone_Dataset\Segmented_MSTE\subject_15/PXL_20220922_132008862.PORTRAIT.jpg,3,3,2,0,0.5424387454986572,6,6,6,5,1,3,0,0,0
G:\Thesis\MonkSkinTone_Dataset\Segmented_MSTE\subject_15/PXL_20220922_132003063.PORTRAIT.jpg,3,3,2,0,0.6413652300834656,7,7,7,6,1,4,0,0,0
G:\Thesis\MonkSkinTone_Dataset\Segmented_MSTE\subject_15/PXL_20220922_131958999.PORTRAIT.jpg,3,3,2,0,0.4018751382827759,5,5,5,4,1,2,0,0,0
G:\Thesis\MonkSkinTone_Dataset\Segmented_MSTE\subject_15/PXL_20220922_131955423.PORTRAIT.jpg,3,3,2,0,0.5880706310272217,6,6,6,5,1,3,0,0,0
G:\Thesis\MonkSkinTone_Dataset\Segmented_MSTE\subject_15/PXL_20220922_131951023.PORTRAIT.jpg,3,3,2,0,0.5442245602607727,6,6,6,5,1,3,0,0,0
G:\Thesis\MonkSkinTone_Dataset\Segmented_MSTE\subject_15/PXL_20220922_131901514.PORTRAIT.jpg,3,3,2,0,0.6350398063659668,7,7,7,6,1,4,0,0,0
G:\Thesis\MonkSkinTone_Dataset\Segmented_MSTE\subject_15/PXL_20220922_131859247.PORTRAIT.jpg,3,3,2,0,0.6331265568733215,7,7,7,6,1,4,0,0,0
G:\Thesis\MonkSkinTone_Dataset\Segmented_MSTE\subject_15/PXL_20220922_131857071.PORTRAIT.jpg,3,3,2,0,0.3741660416126251,4,4,4,3,1,1,0,1,0
G:\Thesis\MonkSkinTone_Dataset\Segmented_MSTE\subject_15/PXL_20220922_131854614.PORTRAIT.jpg,3,3,2,0,0.4739839732646942,5,5,5,4,1,2,0,0,0
G:\Thesis\MonkSkinTone_Dataset\Segmented_MSTE\subject_15/PXL_20220922_131850751.PORTRAIT.jpg,3,3,2,0,0.5436421632766724,6,6,6,5,1,3,0,0,0
G:\Thesis\MonkSkinTone_Dataset\Segmented_MSTE\subject_15/PXL_20220922_131844594.PORTRAIT.jpg,3,3,2,0,0.5185394883155823,6,6,6,5,1,3,0,0,0
G:\Thesis\MonkSkinTone_Dataset\Segmented_MSTE\subject_15/PXL_20220922_131829227.jpg,3,3,2,0,0.6584017276763916,7,7,7,6,1,4,0,0,0
G:\Thesis\MonkSkinTone_Dataset\Segmented_MSTE\subject_15/PXL_20220922_131818892.jpg,3,3,2,0,0.757649838924408,8,8,8,7,2,5,0,0,0
G:\Thesis\MonkSkinTone_Dataset\Segmented_MSTE\subject_15/PXL_20220922_131815761.jpg,3,3,2,0,0.4965980648994446,5,5,5,4,1,2,0,0,0
G:\Thesis\MonkSkinTone_Dataset\Segmented_MSTE\subject_15/PXL_20220922_131814125.jpg,3,3,2,0,0.6235584616661072,7,7,7,6,1,4,0,0,0
G:\Thesis\MonkSkinTone_Dataset\Segmented_MSTE\subject_15/PXL_20220922_131811784.jpg,3,3,2,0,0.6213544607162476,7,7,7,6,1,4,0,0,0
G:\Thesis\MonkSkinTone_Dataset\Segmented_MSTE\subject_15/PXL_20220922_131806066.jpg,3,3,2,0,0.6571843028068542,7,7,7,6,1,4,0,0,0
G:\Thesis\MonkSkinTone_Dataset\Segmented_MSTE\subject_15/PXL_20220922_131746430.jpg,3,3,2,0,0.6018640398979187,6,6,6,5,1,3,0,0,0
G:\Thesis\MonkSkinTone_Dataset\Segmented_MSTE\subject_15/PXL_20220922_131743911.jpg,3,3,2,0,0.3066394031047821,4,4,4,3,1,1,0,1,0
G:\Thesis\MonkSkinTone_Dataset\Segmented_MSTE\subject_15/PXL_20220922_131741571.jpg,3,3,2,0,0.4732597768306732,5,5,5,4,1,2,0,0,0
G:\Thesis\MonkSkinTone_Dataset\Segmented_MSTE\subject_15/PXL_20220922_131739148.jpg,3,3,2,0,0.45360302925109863,5,5,5,4,1,2,0,0,0
G:\Thesis\MonkSkinTone_Dataset\Segmented_MSTE\subject_15/PXL_20220922_131732383.jpg,3,3,2,0,0.5241717100143433,6,6,6,5,1,3,0,0,0
G:\Thesis\MonkSkinTone_Dataset\Segmented_MSTE\subject_15/PXL_20220922_131730853.jpg,3,3,2,0,0.5151799321174622,6,6,6,5,1,3,0,0,0
G:\Thesis\MonkSkinTone_Dataset\Segmented_MSTE\subject_15/PXL_20220922_131728413.jpg,3,3,2,0,0.3682573437690735,4,4,4,3,1,1,0,1,0
G:\Thesis\MonkSkinTone_Dataset\Segmented_MSTE\subject_15/PXL_20220922_131725930.jpg,3,3,2,0,0.4629329442977905,5,5,5,4,1,2,0,0,0
G:\Thesis\MonkSkinTone_Dataset\Segmented_MSTE\subject_15/PXL_20220922_131722761.jpg,3,3,2,0,0.36643490195274353,4,4,4,3,1,1,0,1,0
G:\Thesis\MonkSkinTone_Dataset\Segmented_MSTE\subject_15/PXL_20220922_131720092.jpg,3,3,2,0,0.5103122591972351,6,6,6,5,1,3,0,0,0
G:\Thesis\MonkSkinTone_Dataset\Segmented_MSTE\subject_15/PXL_20220922_131419682.jpg,3,3,2,0,0.5939627289772034,6,6,6,5,1,3,0,0,0
G:\Thesis\MonkSkinTone_Dataset\Segmented_MSTE\subject_15/PXL_20220922_131417697.jpg,3,3,2,0,0.50384920835495,6,6,6,5,1,3,0,0,0
G:\Thesis\MonkSkinTone_Dataset\Segmented_MSTE\subject_15/PXL_20220922_131415896.jpg,3,3,2,0,0.4226088523864746,5,5,5,4,1,2,0,0,0
G:\Thesis\MonkSkinTone_Dataset\Segmented_MSTE\subject_15/PXL_20220922_131414042.jpg,3,3,2,0,0.6214780807495117,7,7,7,6,1,4,0,0,0
G:\Thesis\MonkSkinTone_Dataset\Segmented_MSTE\subject_15/PXL_20220922_131411507.jpg,3,3,2,0,0.528964102268219,6,6,6,5,1,3,0,0,0
G:\Thesis\MonkSkinTone_Dataset\Segmented_MSTE\subject_15/PXL_20220922_131405319.jpg,3,3,2,0,0.44792914390563965,5,5,5,4,1,2,0,0,0
G:\Thesis\MonkSkinTone_Dataset\Segmented_MSTE\subject_15/PXL_20220922_131245640.jpg,3,3,2,0,0.5679608583450317,6,6,6,5,1,3,0,0,0
G:\Thesis\MonkSkinTone_Dataset\Segmented_MSTE\subject_15/PXL_20220922_131243185.jpg,3,3,2,0,0.4059148132801056,5,5,5,4,1,2,0,0,0
G:\Thesis\MonkSkinTone_Dataset\Segmented_MSTE\subject_15/PXL_20220922_131240323.jpg,3,3,2,0,0.5273724794387817,6,6,6,5,1,3,0,0,0
G:\Thesis\MonkSkinTone_Dataset\Segmented_MSTE\subject_15/PXL_20220922_131237419.jpg,3,3,2,0,0.4205567240715027,5,5,5,4,1,2,0,0,0
G:\Thesis\MonkSkinTone_Dataset\Segmented_MSTE\subject_15/PXL_20220922_131234792.jpg,3,3,2,0,0.38618502020835876,4,4,4,3,1,1,0,1,0
G:\Thesis\MonkSkinTone_Dataset\Segmented_MSTE\subject_14/PXL_20220922_161621027.jpg,6,6,5,1,0.6161414384841919,7,7,7,6,1,1,0,1,1
G:\Thesis\MonkSkinTone_Dataset\Segmented_MSTE\subject_14/PXL_20220922_161619819.jpg,6,6,5,1,0.5855208039283752,6,6,6,5,1,0,1,1,1
G:\Thesis\MonkSkinTone_Dataset\Segmented_MSTE\subject_14/PXL_20220922_161618401.jpg,6,6,5,1,0.5923526883125305,6,6,6,5,1,0,1,1,1
G:\Thesis\MonkSkinTone_Dataset\Segmented_MSTE\subject_14/PXL_20220922_161616836.jpg,6,6,5,1,0.558305025100708,6,6,6,5,1,0,1,1,1
G:\Thesis\MonkSkinTone_Dataset\Segmented_MSTE\subject_14/PXL_20220922_161615579.jpg,6,6,5,1,0.5565565824508667,6,6,6,5,1,0,1,1,1
G:\Thesis\MonkSkinTone_Dataset\Segmented_MSTE\subject_14/PXL_20220922_161610729.jpg,6,6,5,1,0.5873994827270508,6,6,6,5,1,0,1,1,1
G:\Thesis\MonkSkinTone_Dataset\Segmented_MSTE\subject_14/PXL_20220922_161609136.jpg,6,6,5,1,0.5915212035179138,6,6,6,5,1,0,1,1,1
G:\Thesis\MonkSkinTone_Dataset\Segmented_MSTE\subject_14/PXL_20220922_161607524.jpg,6,6,5,1,0.5819080471992493,6,6,6,5,1,0,1,1,1
G:\Thesis\MonkSkinTone_Dataset\Segmented_MSTE\subject_14/PXL_20220922_161606038.jpg,6,6,5,1,0.5737984776496887,6,6,6,5,1,0,1,1,1
G:\Thesis\MonkSkinTone_Dataset\Segmented_MSTE\subject_14/PXL_20220922_161604105.jpg,6,6,5,1,0.5788959264755249,6,6,6,5,1,0,1,1,1
G:\Thesis\MonkSkinTone_Dataset\Segmented_MSTE\subject_14/PXL_20220922_161451316.jpg,6,6,5,1,0.4152827262878418,5,5,5,4,1,1,0,1,1
G:\Thesis\MonkSkinTone_Dataset\Segmented_MSTE\subject_14/PXL_20220922_161450027.jpg,6,6,5,1,0.5925323963165283,6,6,6,5,1,0,1,1,1
G:\Thesis\MonkSkinTone_Dataset\Segmented_MSTE\subject_14/PXL_20220922_161448539.jpg,6,6,5,1,0.42864707112312317,5,5,5,4,1,1,0,1,1
G:\Thesis\MonkSkinTone_Dataset\Segmented_MSTE\subject_14/PXL_20220922_161446941.jpg,6,6,5,1,0.5820067524909973,6,6,6,5,1,0,1,1,1
G:\Thesis\MonkSkinTone_Dataset\Segmented_MSTE\subject_14/PXL_20220922_161445106.jpg,6,6,5,1,0.4446015954017639,5,5,5,4,1,1,0,1,1
G:\Thesis\MonkSkinTone_Dataset\Segmented_MSTE\subject_14/PXL_20220922_161443026.jpg,6,6,5,1,0.3546181619167328,4,4,4,3,1,2,0,0,1
G:\Thesis\MonkSkinTone_Dataset\Segmented_MSTE\subject_14/PXL_20220922_161441452.jpg,6,6,5,1,0.6256872415542603,7,7,7,6,1,1,0,1,1
G:\Thesis\MonkSkinTone_Dataset\Segmented_MSTE\subject_14/PXL_20220922_161440072.jpg,6,6,5,1,0.2876026928424835,4,4,4,3,1,2,0,0,1
G:\Thesis\MonkSkinTone_Dataset\Segmented_MSTE\subject_14/PXL_20220922_161438508.jpg,6,6,5,1,0.37385648488998413,4,4,4,3,1,2,0,0,1
G:\Thesis\MonkSkinTone_Dataset\Segmented_MSTE\subject_14/PXL_20220922_161436829.jpg,6,6,5,1,0.4308972656726837,5,5,5,4,1,1,0,1,1
G:\Thesis\MonkSkinTone_Dataset\Segmented_MSTE\subject_14/PXL_20220922_161234429.PORTRAIT.jpg,6,6,5,1,0.4372830092906952,5,5,5,4,1,1,0,1,1
G:\Thesis\MonkSkinTone_Dataset\Segmented_MSTE\subject_14/PXL_20220922_161228720.PORTRAIT.jpg,6,6,5,1,0.5999045372009277,6,6,6,5,1,0,1,1,1
G:\Thesis\MonkSkinTone_Dataset\Segmented_MSTE\subject_14/PXL_20220922_161206594.PORTRAIT.jpg,6,6,5,1,0.4506374001502991,5,5,5,4,1,1,0,1,1
G:\Thesis\MonkSkinTone_Dataset\Segmented_MSTE\subject_14/PXL_20220922_161205171.PORTRAIT.jpg,6,6,5,1,0.7257772088050842,8,8,8,7,2,2,0,0,0
G:\Thesis\MonkSkinTone_Dataset\Segmented_MSTE\subject_14/PXL_20220922_161203118.PORTRAIT.jpg,6,6,5,1,0.5759967565536499,6,6,6,5,1,0,1,1,1
G:\Thesis\MonkSkinTone_Dataset\Segmented_MSTE\subject_14/PXL_20220922_161201504.PORTRAIT.jpg,6,6,5,1,0.551515519618988,6,6,6,5,1,0,1,1,1
G:\Thesis\MonkSkinTone_Dataset\Segmented_MSTE\subject_14/PXL_20220922_161159845.PORTRAIT.jpg,6,6,5,1,0.4340173006057739,5,5,5,4,1,1,0,1,1
G:\Thesis\MonkSkinTone_Dataset\Segmented_MSTE\subject_14/PXL_20220922_161148471.PORTRAIT.jpg,6,6,5,1,0.4249446392059326,5,5,5,4,1,1,0,1,1
G:\Thesis\MonkSkinTone_Dataset\Segmented_MSTE\subject_14/PXL_20220922_161146768.PORTRAIT.jpg,6,6,5,1,0.3671455681324005,4,4,4,3,1,2,0,0,1
G:\Thesis\MonkSkinTone_Dataset\Segmented_MSTE\subject_14/PXL_20220922_161144902.PORTRAIT.jpg,6,6,5,1,0.5545146465301514,6,6,6,5,1,0,1,1,1
G:\Thesis\MonkSkinTone_Dataset\Segmented_MSTE\subject_14/PXL_20220922_161143087.PORTRAIT.jpg,6,6,5,1,0.5459268093109131,6,6,6,5,1,0,1,1,1
G:\Thesis\MonkSkinTone_Dataset\Segmented_MSTE\subject_14/PXL_20220922_161127301.PORTRAIT.jpg,6,6,5,1,0.5926194190979004,6,6,6,5,1,0,1,1,1
G:\Thesis\MonkSkinTone_Dataset\Segmented_MSTE\subject_14/PXL_20220922_161120533.PORTRAIT.jpg,6,6,5,1,0.5501416325569153,6,6,6,5,1,0,1,1,1
G:\Thesis\MonkSkinTone_Dataset\Segmented_MSTE\subject_14/PXL_20220922_161114689.PORTRAIT.jpg,6,6,5,1,0.4952694773674011,5,5,5,4,1,1,0,1,1
G:\Thesis\MonkSkinTone_Dataset\Segmented_MSTE\subject_14/PXL_20220922_161113043.PORTRAIT.jpg,6,6,5,1,0.7314936518669128,8,8,8,7,2,2,0,0,0
G:\Thesis\MonkSkinTone_Dataset\Segmented_MSTE\subject_14/PXL_20220922_161107253.PORTRAIT.jpg,6,6,5,1,0.47485360503196716,5,5,5,4,1,1,0,1,1
G:\Thesis\MonkSkinTone_Dataset\Segmented_MSTE\subject_14/PXL_20220922_161024329.jpg,6,6,5,1,0.5627095103263855,6,6,6,5,1,0,1,1,1
G:\Thesis\MonkSkinTone_Dataset\Segmented_MSTE\subject_14/PXL_20220922_161022255.jpg,6,6,5,1,0.2583281397819519,3,3,3,2,0,3,0,0,0
G:\Thesis\MonkSkinTone_Dataset\Segmented_MSTE\subject_14/PXL_20220922_161020616.jpg,6,6,5,1,0.6835178136825562,7,7,7,6,1,1,0,1,1
G:\Thesis\MonkSkinTone_Dataset\Segmented_MSTE\subject_14/PXL_20220922_161018788.jpg,6,6,5,1,0.619559645652771,7,7,7,6,1,1,0,1,1
G:\Thesis\MonkSkinTone_Dataset\Segmented_MSTE\subject_14/PXL_20220922_161017221.jpg,6,6,5,1,0.5052914619445801,6,6,6,5,1,0,1,1,1
G:\Thesis\MonkSkinTone_Dataset\Segmented_MSTE\subject_14/PXL_20220922_161012849.jpg,6,6,5,1,0.4973515570163727,5,5,5,4,1,1,0,1,1
G:\Thesis\MonkSkinTone_Dataset\Segmented_MSTE\subject_14/PXL_20220922_161010913.jpg,6,6,5,1,0.7021906971931458,7,7,7,6,1,1,0,1,1
G:\Thesis\MonkSkinTone_Dataset\Segmented_MSTE\subject_14/PXL_20220922_161009091.jpg,6,6,5,1,0.7003442049026489,7,7,7,6,1,1,0,1,1
G:\Thesis\MonkSkinTone_Dataset\Segmented_MSTE\subject_14/PXL_20220922_161006903.jpg,6,6,5,1,0.4081166684627533,5,5,5,4,1,1,0,1,1
G:\Thesis\MonkSkinTone_Dataset\Segmented_MSTE\subject_14/PXL_20220922_161004335.jpg,6,6,5,1,0.4864993989467621,5,5,5,4,1,1,0,1,1
G:\Thesis\MonkSkinTone_Dataset\Segmented_MSTE\subject_14/PXL_20220922_161002163.jpg,6,6,5,1,0.4779713749885559,5,5,5,4,1,1,0,1,1
G:\Thesis\MonkSkinTone_Dataset\Segmented_MSTE\subject_14/PXL_20220922_161000077.jpg,6,6,5,1,0.6895750164985657,7,7,7,6,1,1,0,1,1
G:\Thesis\MonkSkinTone_Dataset\Segmented_MSTE\subject_14/PXL_20220922_160957926.jpg,6,6,5,1,0.589234471321106,6,6,6,5,1,0,1,1,1
G:\Thesis\MonkSkinTone_Dataset\Segmented_MSTE\subject_14/PXL_20220922_160955996.jpg,6,6,5,1,0.5678070783615112,6,6,6,5,1,0,1,1,1
G:\Thesis\MonkSkinTone_Dataset\Segmented_MSTE\subject_14/PXL_20220922_160954446.jpg,6,6,5,1,0.5508337020874023,6,6,6,5,1,0,1,1,1
G:\Thesis\MonkSkinTone_Dataset\Segmented_MSTE\subject_14/PXL_20220922_160952357.jpg,6,6,5,1,0.5349313020706177,6,6,6,5,1,0,1,1,1
G:\Thesis\MonkSkinTone_Dataset\Segmented_MSTE\subject_14/PXL_20220922_160950182.jpg,6,6,5,1,0.6483518481254578,7,7,7,6,1,1,0,1,1
G:\Thesis\MonkSkinTone_Dataset\Segmented_MSTE\subject_14/PXL_20220922_160947788.jpg,6,6,5,1,0.6010605692863464,6,6,6,5,1,0,1,1,1
G:\Thesis\MonkSkinTone_Dataset\Segmented_MSTE\subject_14/PXL_20220922_160946047.jpg,6,6,5,1,0.4308798313140869,5,5,5,4,1,1,0,1,1
G:\Thesis\MonkSkinTone_Dataset\Segmented_MSTE\subject_14/PXL_20220922_160944429.jpg,6,6,5,1,0.5264102220535278,6,6,6,5,1,0,1,1,1
G:\Thesis\MonkSkinTone_Dataset\Segmented_MSTE\subject_14/PXL_20220922_160853301.jpg,6,6,5,1,0.41687196493148804,5,5,5,4,1,1,0,1,1
G:\Thesis\MonkSkinTone_Dataset\Segmented_MSTE\subject_14/PXL_20220922_160850108.jpg,6,6,5,1,0.6183730959892273,7,7,7,6,1,1,0,1,1
G:\Thesis\MonkSkinTone_Dataset\Segmented_MSTE\subject_14/PXL_20220922_160846747.jpg,6,6,5,1,0.5245768427848816,6,6,6,5,1,0,1,1,1
G:\Thesis\MonkSkinTone_Dataset\Segmented_MSTE\subject_14/PXL_20220922_160844411.jpg,6,6,5,1,0.3929257392883301,5,5,5,4,1,1,0,1,1
G:\Thesis\MonkSkinTone_Dataset\Segmented_MSTE\subject_14/PXL_20220922_160841972.jpg,6,6,5,1,0.46106159687042236,5,5,5,4,1,1,0,1,1
G:\Thesis\MonkSkinTone_Dataset\Segmented_MSTE\subject_14/PXL_20220922_160840133.jpg,6,6,5,1,0.5330508351325989,6,6,6,5,1,0,1,1,1
G:\Thesis\MonkSkinTone_Dataset\Segmented_MSTE\subject_14/PXL_20220922_160836485.jpg,6,6,5,1,0.5276487469673157,6,6,6,5,1,0,1,1,1
G:\Thesis\MonkSkinTone_Dataset\Segmented_MSTE\subject_14/PXL_20220922_160833805.jpg,6,6,5,1,0.4571145474910736,5,5,5,4,1,1,0,1,1
G:\Thesis\MonkSkinTone_Dataset\Segmented_MSTE\subject_14/PXL_20220922_160830151.jpg,6,6,5,1,0.49591004848480225,5,5,5,4,1,1,0,1,1
G:\Thesis\MonkSkinTone_Dataset\Segmented_MSTE\subject_14/PXL_20220922_160828334.jpg,6,6,5,1,0.5174936056137085,6,6,6,5,1,0,1,1,1
G:\Thesis\MonkSkinTone_Dataset\Segmented_MSTE\subject_14/PXL_20220922_160826611.jpg,6,6,5,1,0.5763248801231384,6,6,6,5,1,0,1,1,1
G:\Thesis\MonkSkinTone_Dataset\Segmented_MSTE\subject_14/PXL_20220922_160824216.jpg,6,6,5,1,0.38574597239494324,4,4,4,3,1,2,0,0,1
G:\Thesis\MonkSkinTone_Dataset\Segmented_MSTE\subject_14/PXL_20220922_160820039.jpg,6,6,5,1,0.3976023495197296,5,5,5,4,1,1,0,1,1
G:\Thesis\MonkSkinTone_Dataset\Segmented_MSTE\subject_14/PXL_20220922_160818048.jpg,6,6,5,1,0.5520073771476746,6,6,6,5,1,0,1,1,1
G:\Thesis\MonkSkinTone_Dataset\Segmented_MSTE\subject_14/PXL_20220922_160815863.jpg,6,6,5,1,0.5646675825119019,6,6,6,5,1,0,1,1,1
G:\Thesis\MonkSkinTone_Dataset\Segmented_MSTE\subject_14/PXL_20220922_160742778.jpg,6,6,5,1,0.458962082862854,5,5,5,4,1,1,0,1,1
G:\Thesis\MonkSkinTone_Dataset\Segmented_MSTE\subject_13/PXL_20220922_141215176.jpg,2,2,1,0,0.316295325756073,4,4,4,3,1,2,0,0,0
G:\Thesis\MonkSkinTone_Dataset\Segmented_MSTE\subject_13/PXL_20220922_141214067.jpg,2,2,1,0,0.21785958111286163,3,3,3,2,0,1,0,1,1
G:\Thesis\MonkSkinTone_Dataset\Segmented_MSTE\subject_13/PXL_20220922_141212658.jpg,2,2,1,0,0.14053918421268463,2,2,2,1,0,0,1,1,1
G:\Thesis\MonkSkinTone_Dataset\Segmented_MSTE\subject_13/PXL_20220922_141210919.jpg,2,2,1,0,0.09398660808801651,2,2,2,1,0,0,1,1,1
G:\Thesis\MonkSkinTone_Dataset\Segmented_MSTE\subject_13/PXL_20220922_141207125.jpg,2,2,1,0,0.11255660653114319,2,2,2,1,0,0,1,1,1
G:\Thesis\MonkSkinTone_Dataset\Segmented_MSTE\subject_13/PXL_20220922_141205526.jpg,2,2,1,0,0.1407231241464615,2,2,2,1,0,0,1,1,1
G:\Thesis\MonkSkinTone_Dataset\Segmented_MSTE\subject_13/PXL_20220922_141200118.jpg,2,2,1,0,0.3479312062263489,4,4,4,3,1,2,0,0,0
G:\Thesis\MonkSkinTone_Dataset\Segmented_MSTE\subject_13/PXL_20220922_141158574.jpg,2,2,1,0,0.22539488971233368,3,3,3,2,0,1,0,1,1
G:\Thesis\MonkSkinTone_Dataset\Segmented_MSTE\subject_13/PXL_20220922_141157102.jpg,2,2,1,0,0.2310744822025299,3,3,3,2,0,1,0,1,1
G:\Thesis\MonkSkinTone_Dataset\Segmented_MSTE\subject_13/PXL_20220922_141155806.jpg,2,2,1,0,0.22496137022972107,3,3,3,2,0,1,0,1,1
G:\Thesis\MonkSkinTone_Dataset\Segmented_MSTE\subject_13/PXL_20220922_141154318.jpg,2,2,1,0,0.22926759719848633,3,3,3,2,0,1,0,1,1
G:\Thesis\MonkSkinTone_Dataset\Segmented_MSTE\subject_13/PXL_20220922_141152732.jpg,2,2,1,0,0.17887280881404877,3,3,3,2,0,1,0,1,1
G:\Thesis\MonkSkinTone_Dataset\Segmented_MSTE\subject_13/PXL_20220922_141148032.jpg,2,2,1,0,0.24342148005962372,3,3,3,2,0,1,0,1,1
G:\Thesis\MonkSkinTone_Dataset\Segmented_MSTE\subject_13/PXL_20220922_141146749.jpg,2,2,1,0,0.15868672728538513,2,2,2,1,0,0,1,1,1
G:\Thesis\MonkSkinTone_Dataset\Segmented_MSTE\subject_13/PXL_20220922_141145430.jpg,2,2,1,0,0.24804995954036713,3,3,3,2,0,1,0,1,1
G:\Thesis\MonkSkinTone_Dataset\Segmented_MSTE\subject_13/PXL_20220922_141143935.jpg,2,2,1,0,0.2455262839794159,3,3,3,2,0,1,0,1,1
G:\Thesis\MonkSkinTone_Dataset\Segmented_MSTE\subject_13/PXL_20220922_141142245.jpg,2,2,1,0,0.2193242311477661,3,3,3,2,0,1,0,1,1
G:\Thesis\MonkSkinTone_Dataset\Segmented_MSTE\subject_13/PXL_20220922_141137133.jpg,2,2,1,0,0.24284203350543976,3,3,3,2,0,1,0,1,1
G:\Thesis\MonkSkinTone_Dataset\Segmented_MSTE\subject_13/PXL_20220922_141135379.jpg,2,2,1,0,0.17645014822483063,3,3,3,2,0,1,0,1,1
G:\Thesis\MonkSkinTone_Dataset\Segmented_MSTE\subject_13/PXL_20220922_141133646.jpg,2,2,1,0,0.2574300467967987,3,3,3,2,0,1,0,1,1
G:\Thesis\MonkSkinTone_Dataset\Segmented_MSTE\subject_13/PXL_20220922_141131847.jpg,2,2,1,0,0.19885770976543427,3,3,3,2,0,1,0,1,1
G:\Thesis\MonkSkinTone_Dataset\Segmented_MSTE\subject_13/PXL_20220922_141129747.jpg,2,2,1,0,0.18693673610687256,3,3,3,2,0,1,0,1,1
G:\Thesis\MonkSkinTone_Dataset\Segmented_MSTE\subject_13/PXL_20220922_141123871.jpg,2,2,1,0,0.2426765412092209,3,3,3,2,0,1,0,1,1
G:\Thesis\MonkSkinTone_Dataset\Segmented_MSTE\subject_13/PXL_20220922_141040848.jpg,2,2,1,0,0.2201579064130783,3,3,3,2,0,1,0,1,1
G:\Thesis\MonkSkinTone_Dataset\Segmented_MSTE\subject_13/PXL_20220922_141038995.jpg,2,2,1,0,0.1597898006439209,2,2,2,1,0,0,1,1,1
G:\Thesis\MonkSkinTone_Dataset\Segmented_MSTE\subject_13/PXL_20220922_141033915.jpg,2,2,1,0,0.1466429978609085,2,2,2,1,0,0,1,1,1
G:\Thesis\MonkSkinTone_Dataset\Segmented_MSTE\subject_13/PXL_20220922_141031824.jpg,2,2,1,0,0.1293153464794159,2,2,2,1,0,0,1,1,1
G:\Thesis\MonkSkinTone_Dataset\Segmented_MSTE\subject_13/PXL_20220922_141029313.jpg,2,2,1,0,0.19669944047927856,3,3,3,2,0,1,0,1,1
G:\Thesis\MonkSkinTone_Dataset\Segmented_MSTE\subject_13/PXL_20220922_141024171.jpg,2,2,1,0,0.16936106979846954,3,3,3,2,0,1,0,1,1
G:\Thesis\MonkSkinTone_Dataset\Segmented_MSTE\subject_13/PXL_20220922_141022389.jpg,2,2,1,0,0.21607747673988342,3,3,3,2,0,1,0,1,1
G:\Thesis\MonkSkinTone_Dataset\Segmented_MSTE\subject_13/PXL_20220922_141021258.jpg,2,2,1,0,0.21107731759548187,3,3,3,2,0,1,0,1,1
G:\Thesis\MonkSkinTone_Dataset\Segmented_MSTE\subject_13/PXL_20220922_141017374.jpg,2,2,1,0,0.18139927089214325,3,3,3,2,0,1,0,1,1
G:\Thesis\MonkSkinTone_Dataset\Segmented_MSTE\subject_13/PXL_20220922_141016189.jpg,2,2,1,0,0.2695782482624054,3,3,3,2,0,1,0,1,1
G:\Thesis\MonkSkinTone_Dataset\Segmented_MSTE\subject_13/PXL_20220922_141013772.jpg,2,2,1,0,0.2276374101638794,3,3,3,2,0,1,0,1,1
G:\Thesis\MonkSkinTone_Dataset\Segmented_MSTE\subject_13/PXL_20220922_141002299.jpg,2,2,1,0,0.25187376141548157,3,3,3,2,0,1,0,1,1
G:\Thesis\MonkSkinTone_Dataset\Segmented_MSTE\subject_13/PXL_20220922_141000414.jpg,2,2,1,0,0.08864013850688934,2,2,2,1,0,0,1,1,1
G:\Thesis\MonkSkinTone_Dataset\Segmented_MSTE\subject_13/PXL_20220922_140958425.jpg,2,2,1,0,0.22944052517414093,3,3,3,2,0,1,0,1,1
G:\Thesis\MonkSkinTone_Dataset\Segmented_MSTE\subject_13/PXL_20220922_140956208.jpg,2,2,1,0,0.19797936081886292,3,3,3,2,0,1,0,1,1
G:\Thesis\MonkSkinTone_Dataset\Segmented_MSTE\subject_13/PXL_20220922_140954309.jpg,2,2,1,0,0.20921869575977325,3,3,3,2,0,1,0,1,1
G:\Thesis\MonkSkinTone_Dataset\Segmented_MSTE\subject_13/PXL_20220922_140951373.jpg,2,2,1,0,0.1933293640613556,3,3,3,2,0,1,0,1,1
G:\Thesis\MonkSkinTone_Dataset\Segmented_MSTE\subject_13/PXL_20220922_140702450.PORTRAIT.jpg,2,2,1,0,0.37243786454200745,4,4,4,3,1,2,0,0,0
G:\Thesis\MonkSkinTone_Dataset\Segmented_MSTE\subject_13/PXL_20220922_140658431.PORTRAIT.jpg,2,2,1,0,0.2232934534549713,3,3,3,2,0,1,0,1,1
G:\Thesis\MonkSkinTone_Dataset\Segmented_MSTE\subject_13/PXL_20220922_140656981.PORTRAIT.jpg,2,2,1,0,0.23338483273983002,3,3,3,2,0,1,0,1,1
G:\Thesis\MonkSkinTone_Dataset\Segmented_MSTE\subject_13/PXL_20220922_140655381.PORTRAIT.jpg,2,2,1,0,0.27243760228157043,3,3,3,2,0,1,0,1,1
G:\Thesis\MonkSkinTone_Dataset\Segmented_MSTE\subject_13/PXL_20220922_140653888.PORTRAIT.jpg,2,2,1,0,0.18048764765262604,3,3,3,2,0,1,0,1,1
G:\Thesis\MonkSkinTone_Dataset\Segmented_MSTE\subject_13/PXL_20220922_140644738.PORTRAIT.jpg,2,2,1,0,0.26084229350090027,3,3,3,2,0,1,0,1,1
G:\Thesis\MonkSkinTone_Dataset\Segmented_MSTE\subject_13/PXL_20220922_140642650.PORTRAIT.jpg,2,2,1,0,0.26174986362457275,3,3,3,2,0,1,0,1,1
G:\Thesis\MonkSkinTone_Dataset\Segmented_MSTE\subject_13/PXL_20220922_140633904.PORTRAIT.jpg,2,2,1,0,0.3590974509716034,4,4,4,3,1,2,0,0,0
G:\Thesis\MonkSkinTone_Dataset\Segmented_MSTE\subject_13/PXL_20220922_140630454.PORTRAIT.jpg,2,2,1,0,0.22954559326171875,3,3,3,2,0,1,0,1,1
G:\Thesis\MonkSkinTone_Dataset\Segmented_MSTE\subject_13/PXL_20220922_140628854.PORTRAIT.jpg,2,2,1,0,0.26934653520584106,3,3,3,2,0,1,0,1,1
G:\Thesis\MonkSkinTone_Dataset\Segmented_MSTE\subject_13/PXL_20220922_140619957.PORTRAIT.jpg,2,2,1,0,0.27219220995903015,3,3,3,2,0,1,0,1,1
G:\Thesis\MonkSkinTone_Dataset\Segmented_MSTE\subject_13/PXL_20220922_140616754.PORTRAIT.jpg,2,2,1,0,0.25651612877845764,3,3,3,2,0,1,0,1,1
G:\Thesis\MonkSkinTone_Dataset\Segmented_MSTE\subject_13/PXL_20220922_140612466.PORTRAIT.jpg,2,2,1,0,0.1891055703163147,3,3,3,2,0,1,0,1,1
G:\Thesis\MonkSkinTone_Dataset\Segmented_MSTE\subject_13/PXL_20220922_140610185.PORTRAIT.jpg,2,2,1,0,0.2645989954471588,3,3,3,2,0,1,0,1,1
G:\Thesis\MonkSkinTone_Dataset\Segmented_MSTE\subject_13/PXL_20220922_140605730.PORTRAIT.jpg,2,2,1,0,0.14807315170764923,2,2,2,1,0,0,1,1,1
G:\Thesis\MonkSkinTone_Dataset\Segmented_MSTE\subject_13/PXL_20220922_140447635.PORTRAIT.jpg,2,2,1,0,0.2672656178474426,3,3,3,2,0,1,0,1,1
G:\Thesis\MonkSkinTone_Dataset\Segmented_MSTE\subject_12/PXL_20220922_180405910.jpg,10,10,9,2,0.5499033331871033,6,6,6,5,1,4,0,0,0
G:\Thesis\MonkSkinTone_Dataset\Segmented_MSTE\subject_12/PXL_20220922_180404243.jpg,10,10,9,2,0.3662920594215393,4,4,4,3,1,6,0,0,0
G:\Thesis\MonkSkinTone_Dataset\Segmented_MSTE\subject_12/PXL_20220922_180402602.jpg,10,10,9,2,0.4093782901763916,5,5,5,4,1,5,0,0,0
G:\Thesis\MonkSkinTone_Dataset\Segmented_MSTE\subject_12/PXL_20220922_180401189.jpg,10,10,9,2,0.3333762586116791,4,4,4,3,1,6,0,0,0
G:\Thesis\MonkSkinTone_Dataset\Segmented_MSTE\subject_12/PXL_20220922_180359528.jpg,10,10,9,2,0.40576285123825073,5,5,5,4,1,5,0,0,0
G:\Thesis\MonkSkinTone_Dataset\Segmented_MSTE\subject_12/PXL_20220922_180357914.jpg,10,10,9,2,0.47989335656166077,5,5,5,4,1,5,0,0,0
G:\Thesis\MonkSkinTone_Dataset\Segmented_MSTE\subject_12/PXL_20220922_180356379.jpg,10,10,9,2,0.2679124176502228,3,3,3,2,0,7,0,0,0
G:\Thesis\MonkSkinTone_Dataset\Segmented_MSTE\subject_12/PXL_20220922_180354606.jpg,10,10,9,2,0.5685477256774902,6,6,6,5,1,4,0,0,0
G:\Thesis\MonkSkinTone_Dataset\Segmented_MSTE\subject_12/PXL_20220922_180352904.jpg,10,10,9,2,0.4080493450164795,5,5,5,4,1,5,0,0,0
G:\Thesis\MonkSkinTone_Dataset\Segmented_MSTE\subject_12/PXL_20220922_180351165.jpg,10,10,9,2,0.25113391876220703,3,3,3,2,0,7,0,0,0
G:\Thesis\MonkSkinTone_Dataset\Segmented_MSTE\subject_12/PXL_20220922_180349385.jpg,10,10,9,2,0.5271273255348206,6,6,6,5,1,4,0,0,0
G:\Thesis\MonkSkinTone_Dataset\Segmented_MSTE\subject_12/PXL_20220922_180314441.jpg,10,10,9,2,0.5935949683189392,6,6,6,5,1,4,0,0,0
G:\Thesis\MonkSkinTone_Dataset\Segmented_MSTE\subject_12/PXL_20220922_180311261.jpg,10,10,9,2,0.6061621904373169,6,6,6,5,1,4,0,0,0
G:\Thesis\MonkSkinTone_Dataset\Segmented_MSTE\subject_12/PXL_20220922_180309530.jpg,10,10,9,2,0.694674551486969,7,7,7,6,1,3,0,0,0
G:\Thesis\MonkSkinTone_Dataset\Segmented_MSTE\subject_12/PXL_20220922_180307812.jpg,10,10,9,2,0.3713364005088806,4,4,4,3,1,6,0,0,0
G:\Thesis\MonkSkinTone_Dataset\Segmented_MSTE\subject_12/PXL_20220922_180303876.jpg,10,10,9,2,0.6356897950172424,7,7,7,6,1,3,0,0,0
G:\Thesis\MonkSkinTone_Dataset\Segmented_MSTE\subject_12/PXL_20220922_175937878.jpg,10,10,9,2,0.606108546257019,6,6,6,5,1,4,0,0,0
G:\Thesis\MonkSkinTone_Dataset\Segmented_MSTE\subject_12/PXL_20220922_175934881.jpg,10,10,9,2,0.514572262763977,6,6,6,5,1,4,0,0,0
G:\Thesis\MonkSkinTone_Dataset\Segmented_MSTE\subject_12/PXL_20220922_175931440.jpg,10,10,9,2,0.7729083299636841,8,8,8,7,2,2,0,0,1
G:\Thesis\MonkSkinTone_Dataset\Segmented_MSTE\subject_12/PXL_20220922_175929773.jpg,10,10,9,2,0.749835193157196,8,8,8,7,2,2,0,0,1
G:\Thesis\MonkSkinTone_Dataset\Segmented_MSTE\subject_12/PXL_20220922_175928064.jpg,10,10,9,2,0.7661401629447937,8,8,8,7,2,2,0,0,1
G:\Thesis\MonkSkinTone_Dataset\Segmented_MSTE\subject_12/PXL_20220922_175922739.jpg,10,10,9,2,0.7977914810180664,8,8,8,7,2,2,0,0,1
G:\Thesis\MonkSkinTone_Dataset\Segmented_MSTE\subject_12/PXL_20220922_175919159.jpg,10,10,9,2,0.7068277597427368,7,7,7,6,1,3,0,0,0
G:\Thesis\MonkSkinTone_Dataset\Segmented_MSTE\subject_12/PXL_20220922_175911736.jpg,10,10,9,2,0.37574008107185364,4,4,4,3,1,6,0,0,0
G:\Thesis\MonkSkinTone_Dataset\Segmented_MSTE\subject_12/PXL_20220922_175906610.jpg,10,10,9,2,0.6281147003173828,7,7,7,6,1,3,0,0,0
G:\Thesis\MonkSkinTone_Dataset\Segmented_MSTE\subject_12/PXL_20220922_175900468.jpg,10,10,9,2,0.5985494256019592,6,6,6,5,1,4,0,0,0
G:\Thesis\MonkSkinTone_Dataset\Segmented_MSTE\subject_12/PXL_20220922_175858636.jpg,10,10,9,2,0.6385729312896729,7,7,7,6,1,3,0,0,0
G:\Thesis\MonkSkinTone_Dataset\Segmented_MSTE\subject_12/PXL_20220922_175856539.jpg,10,10,9,2,0.3312572240829468,4,4,4,3,1,6,0,0,0
G:\Thesis\MonkSkinTone_Dataset\Segmented_MSTE\subject_12/PXL_20220922_175851796.jpg,10,10,9,2,0.2357223480939865,3,3,3,2,0,7,0,0,0
G:\Thesis\MonkSkinTone_Dataset\Segmented_MSTE\subject_12/PXL_20220922_175848809.jpg,10,10,9,2,0.608890175819397,6,6,6,5,1,4,0,0,0
G:\Thesis\MonkSkinTone_Dataset\Segmented_MSTE\subject_12/PXL_20220922_175846375.jpg,10,10,9,2,0.4000393748283386,5,5,5,4,1,5,0,0,0
G:\Thesis\MonkSkinTone_Dataset\Segmented_MSTE\subject_12/PXL_20220922_175844972.jpg,10,10,9,2,0.5616876482963562,6,6,6,5,1,4,0,0,0
G:\Thesis\MonkSkinTone_Dataset\Segmented_MSTE\subject_12/PXL_20220922_175843515.jpg,10,10,9,2,0.5859435200691223,6,6,6,5,1,4,0,0,0
G:\Thesis\MonkSkinTone_Dataset\Segmented_MSTE\subject_12/PXL_20220922_175841186.jpg,10,10,9,2,0.5715084075927734,6,6,6,5,1,4,0,0,0
G:\Thesis\MonkSkinTone_Dataset\Segmented_MSTE\subject_12/PXL_20220922_175839844.jpg,10,10,9,2,0.40161871910095215,5,5,5,4,1,5,0,0,0
G:\Thesis\MonkSkinTone_Dataset\Segmented_MSTE\subject_12/PXL_20220922_175837877.jpg,10,10,9,2,0.6154299378395081,7,7,7,6,1,3,0,0,0
G:\Thesis\MonkSkinTone_Dataset\Segmented_MSTE\subject_12/PXL_20220922_175834037.jpg,10,10,9,2,0.49282240867614746,5,5,5,4,1,5,0,0,0
G:\Thesis\MonkSkinTone_Dataset\Segmented_MSTE\subject_12/PXL_20220922_175830391.jpg,10,10,9,2,0.4640776515007019,5,5,5,4,1,5,0,0,0
G:\Thesis\MonkSkinTone_Dataset\Segmented_MSTE\subject_12/PXL_20220922_175827000.jpg,10,10,9,2,0.4265787601470947,5,5,5,4,1,5,0,0,0
G:\Thesis\MonkSkinTone_Dataset\Segmented_MSTE\subject_12/PXL_20220922_175816268.jpg,10,10,9,2,0.46581318974494934,5,5,5,4,1,5,0,0,0
G:\Thesis\MonkSkinTone_Dataset\Segmented_MSTE\subject_12/PXL_20220922_175737649.jpg,10,10,9,2,0.45303285121917725,5,5,5,4,1,5,0,0,0
G:\Thesis\MonkSkinTone_Dataset\Segmented_MSTE\subject_12/PXL_20220922_175736529.jpg,10,10,9,2,0.5276765823364258,6,6,6,5,1,4,0,0,0
G:\Thesis\MonkSkinTone_Dataset\Segmented_MSTE\subject_12/PXL_20220922_175735218.jpg,10,10,9,2,0.5974423289299011,6,6,6,5,1,4,0,0,0
G:\Thesis\MonkSkinTone_Dataset\Segmented_MSTE\subject_12/PXL_20220922_175733830.jpg,10,10,9,2,0.5728719234466553,6,6,6,5,1,4,0,0,0
G:\Thesis\MonkSkinTone_Dataset\Segmented_MSTE\subject_12/PXL_20220922_175732630.jpg,10,10,9,2,0.6369667649269104,7,7,7,6,1,3,0,0,0
G:\Thesis\MonkSkinTone_Dataset\Segmented_MSTE\subject_12/PXL_20220922_175728401.jpg,10,10,9,2,0.39019909501075745,5,5,5,4,1,5,0,0,0
G:\Thesis\MonkSkinTone_Dataset\Segmented_MSTE\subject_12/PXL_20220922_175726916.jpg,10,10,9,2,0.46977853775024414,5,5,5,4,1,5,0,0,0
G:\Thesis\MonkSkinTone_Dataset\Segmented_MSTE\subject_12/PXL_20220922_175725538.jpg,10,10,9,2,0.2511160671710968,3,3,3,2,0,7,0,0,0
G:\Thesis\MonkSkinTone_Dataset\Segmented_MSTE\subject_12/PXL_20220922_175724422.jpg,10,10,9,2,0.7241285443305969,8,8,8,7,2,2,0,0,1
G:\Thesis\MonkSkinTone_Dataset\Segmented_MSTE\subject_12/PXL_20220922_175722948.jpg,10,10,9,2,0.42118170857429504,5,5,5,4,1,5,0,0,0
G:\Thesis\MonkSkinTone_Dataset\Segmented_MSTE\subject_12/PXL_20220922_175718926.jpg,10,10,9,2,0.8833144903182983,9,9,9,8,2,1,0,1,1
G:\Thesis\MonkSkinTone_Dataset\Segmented_MSTE\subject_12/PXL_20220922_175717675.jpg,10,10,9,2,0.61488938331604,7,7,7,6,1,3,0,0,0
G:\Thesis\MonkSkinTone_Dataset\Segmented_MSTE\subject_12/PXL_20220922_175716367.jpg,10,10,9,2,0.771690309047699,8,8,8,7,2,2,0,0,1
G:\Thesis\MonkSkinTone_Dataset\Segmented_MSTE\subject_12/PXL_20220922_175715255.jpg,10,10,9,2,0.7658507227897644,8,8,8,7,2,2,0,0,1
G:\Thesis\MonkSkinTone_Dataset\Segmented_MSTE\subject_12/PXL_20220922_175713987.jpg,10,10,9,2,0.869563639163971,9,9,9,8,2,1,0,1,1
G:\Thesis\MonkSkinTone_Dataset\Segmented_MSTE\subject_12/PXL_20220922_175712230.jpg,10,10,9,2,0.7346473932266235,8,8,8,7,2,2,0,0,1
G:\Thesis\MonkSkinTone_Dataset\Segmented_MSTE\subject_12/PXL_20220922_175710848.jpg,10,10,9,2,0.4760454297065735,5,5,5,4,1,5,0,0,0
G:\Thesis\MonkSkinTone_Dataset\Segmented_MSTE\subject_12/PXL_20220922_175709463.jpg,10,10,9,2,0.7500545382499695,8,8,8,7,2,2,0,0,1
G:\Thesis\MonkSkinTone_Dataset\Segmented_MSTE\subject_12/PXL_20220922_175707910.jpg,10,10,9,2,0.28895941376686096,4,4,4,3,1,6,0,0,0
G:\Thesis\MonkSkinTone_Dataset\Segmented_MSTE\subject_12/PXL_20220922_175705794.jpg,10,10,9,2,0.7379661798477173,8,8,8,7,2,2,0,0,1
G:\Thesis\MonkSkinTone_Dataset\Segmented_MSTE\subject_12/PXL_20220922_175703876.jpg,10,10,9,2,0.675689697265625,7,7,7,6,1,3,0,0,0
G:\Thesis\MonkSkinTone_Dataset\Segmented_MSTE\subject_12/PXL_20220922_175620994.jpg,10,10,9,2,0.8152545094490051,8,8,8,7,2,2,0,0,1
G:\Thesis\MonkSkinTone_Dataset\Segmented_MSTE\subject_12/PXL_20220922_175617676.jpg,10,10,9,2,0.8235672116279602,8,8,8,7,2,2,0,0,1
G:\Thesis\MonkSkinTone_Dataset\Segmented_MSTE\subject_12/PXL_20220922_175613080.jpg,10,10,9,2,0.647284746170044,7,7,7,6,1,3,0,0,0
G:\Thesis\MonkSkinTone_Dataset\Segmented_MSTE\subject_12/PXL_20220922_175608493.jpg,10,10,9,2,0.756149411201477,8,8,8,7,2,2,0,0,1
G:\Thesis\MonkSkinTone_Dataset\Segmented_MSTE\subject_12/PXL_20220922_175601727.jpg,10,10,9,2,0.6873486638069153,7,7,7,6,1,3,0,0,0
G:\Thesis\MonkSkinTone_Dataset\Segmented_MSTE\subject_12/PXL_20220922_175554301.jpg,10,10,9,2,0.7184314727783203,7,7,7,6,1,3,0,0,0
G:\Thesis\MonkSkinTone_Dataset\Segmented_MSTE\subject_12/PXL_20220922_175416521.jpg,10,10,9,2,0.7400057315826416,8,8,8,7,2,2,0,0,1
G:\Thesis\MonkSkinTone_Dataset\Segmented_MSTE\subject_12/PXL_20220922_175414428.jpg,10,10,9,2,0.8071854114532471,8,8,8,7,2,2,0,0,1
G:\Thesis\MonkSkinTone_Dataset\Segmented_MSTE\subject_12/PXL_20220922_175412551.jpg,10,10,9,2,0.7422246336936951,8,8,8,7,2,2,0,0,1
G:\Thesis\MonkSkinTone_Dataset\Segmented_MSTE\subject_12/PXL_20220922_175410892.jpg,10,10,9,2,0.7866345047950745,8,8,8,7,2,2,0,0,1
G:\Thesis\MonkSkinTone_Dataset\Segmented_MSTE\subject_12/PXL_20220922_175408667.jpg,10,10,9,2,0.7872651219367981,8,8,8,7,2,2,0,0,1
G:\Thesis\MonkSkinTone_Dataset\Segmented_MSTE\subject_12/PXL_20220922_175359002.jpg,10,10,9,2,0.6864358186721802,7,7,7,6,1,3,0,0,0
G:\Thesis\MonkSkinTone_Dataset\Segmented_MSTE\subject_12/PXL_20220922_175356974.jpg,10,10,9,2,0.7293980717658997,8,8,8,7,2,2,0,0,1
G:\Thesis\MonkSkinTone_Dataset\Segmented_MSTE\subject_12/PXL_20220922_175355467.jpg,10,10,9,2,0.5769681334495544,6,6,6,5,1,4,0,0,0
G:\Thesis\MonkSkinTone_Dataset\Segmented_MSTE\subject_12/PXL_20220922_175353614.jpg,10,10,9,2,0.6507111191749573,7,7,7,6,1,3,0,0,0
G:\Thesis\MonkSkinTone_Dataset\Segmented_MSTE\subject_12/PXL_20220922_175351069.jpg,10,10,9,2,0.7926778793334961,8,8,8,7,2,2,0,0,1
G:\Thesis\MonkSkinTone_Dataset\Segmented_MSTE\subject_12/PXL_20220922_175335134.jpg,10,10,9,2,0.6694164872169495,7,7,7,6,1,3,0,0,0
G:\Thesis\MonkSkinTone_Dataset\Segmented_MSTE\subject_12/PXL_20220922_175333048.jpg,10,10,9,2,0.7980256080627441,8,8,8,7,2,2,0,0,1
G:\Thesis\MonkSkinTone_Dataset\Segmented_MSTE\subject_12/PXL_20220922_175330462.jpg,10,10,9,2,0.7576789259910583,8,8,8,7,2,2,0,0,1
G:\Thesis\MonkSkinTone_Dataset\Segmented_MSTE\subject_12/PXL_20220922_175328231.jpg,10,10,9,2,0.8178240656852722,8,8,8,7,2,2,0,0,1
G:\Thesis\MonkSkinTone_Dataset\Segmented_MSTE\subject_12/PXL_20220922_175325536.jpg,10,10,9,2,0.7306222915649414,8,8,8,7,2,2,0,0,1
G:\Thesis\MonkSkinTone_Dataset\Segmented_MSTE\subject_12/PXL_20220922_175315326.jpg,10,10,9,2,0.7293024063110352,8,8,8,7,2,2,0,0,1
G:\Thesis\MonkSkinTone_Dataset\Segmented_MSTE\subject_12/PXL_20220922_175312693.jpg,10,10,9,2,0.637507975101471,7,7,7,6,1,3,0,0,0
G:\Thesis\MonkSkinTone_Dataset\Segmented_MSTE\subject_12/PXL_20220922_175309582.jpg,10,10,9,2,0.7703746557235718,8,8,8,7,2,2,0,0,1
G:\Thesis\MonkSkinTone_Dataset\Segmented_MSTE\subject_12/PXL_20220922_175307113.jpg,10,10,9,2,0.8100353479385376,8,8,8,7,2,2,0,0,1
G:\Thesis\MonkSkinTone_Dataset\Segmented_MSTE\subject_12/PXL_20220922_175304753.jpg,10,10,9,2,0.5440364480018616,6,6,6,5,1,4,0,0,0
G:\Thesis\MonkSkinTone_Dataset\Segmented_MSTE\subject_12/PXL_20220922_175223698.jpg,10,10,9,2,0.8258617520332336,8,8,8,7,2,2,0,0,1
G:\Thesis\MonkSkinTone_Dataset\Segmented_MSTE\subject_12/PXL_20220922_175222824.jpg,10,10,9,2,0.5026456713676453,6,6,6,5,1,4,0,0,0
G:\Thesis\MonkSkinTone_Dataset\Segmented_MSTE\subject_12/PXL_20220922_175221016.jpg,10,10,9,2,0.7472370862960815,8,8,8,7,2,2,0,0,1
G:\Thesis\MonkSkinTone_Dataset\Segmented_MSTE\subject_12/PXL_20220922_175218550.jpg,10,10,9,2,0.8247219920158386,8,8,8,7,2,2,0,0,1
G:\Thesis\MonkSkinTone_Dataset\Segmented_MSTE\subject_12/PXL_20220922_175216751.jpg,10,10,9,2,0.6811076998710632,7,7,7,6,1,3,0,0,0
G:\Thesis\MonkSkinTone_Dataset\Segmented_MSTE\subject_12/PXL_20220922_175213980.jpg,10,10,9,2,0.4575650095939636,5,5,5,4,1,5,0,0,0
G:\Thesis\MonkSkinTone_Dataset\Segmented_MSTE\subject_12/PXL_20220922_175212910.jpg,10,10,9,2,0.7024797201156616,7,7,7,6,1,3,0,0,0
G:\Thesis\MonkSkinTone_Dataset\Segmented_MSTE\subject_12/PXL_20220922_175210525.jpg,10,10,9,2,0.7366166710853577,8,8,8,7,2,2,0,0,1
G:\Thesis\MonkSkinTone_Dataset\Segmented_MSTE\subject_12/PXL_20220922_175205602.jpg,10,10,9,2,0.7764132618904114,8,8,8,7,2,2,0,0,1
G:\Thesis\MonkSkinTone_Dataset\Segmented_MSTE\subject_12/PXL_20220922_175203683.jpg,10,10,9,2,0.7662423253059387,8,8,8,7,2,2,0,0,1
G:\Thesis\MonkSkinTone_Dataset\Segmented_MSTE\subject_12/PXL_20220922_175201134.jpg,10,10,9,2,0.6252501010894775,7,7,7,6,1,3,0,0,0
G:\Thesis\MonkSkinTone_Dataset\Segmented_MSTE\subject_12/PXL_20220922_175159465.jpg,10,10,9,2,0.9066907167434692,9,9,9,8,2,1,0,1,1
G:\Thesis\MonkSkinTone_Dataset\Segmented_MSTE\subject_12/PXL_20220922_175157945.jpg,10,10,9,2,0.6078551411628723,6,6,6,5,1,4,0,0,0
G:\Thesis\MonkSkinTone_Dataset\Segmented_MSTE\subject_12/PXL_20220922_175155744.jpg,10,10,9,2,0.759926974773407,8,8,8,7,2,2,0,0,1
G:\Thesis\MonkSkinTone_Dataset\Segmented_MSTE\subject_12/PXL_20220922_175154352.jpg,10,10,9,2,0.713969886302948,7,7,7,6,1,3,0,0,0
G:\Thesis\MonkSkinTone_Dataset\Segmented_MSTE\subject_12/PXL_20220922_175152817.jpg,10,10,9,2,0.6932401061058044,7,7,7,6,1,3,0,0,0
G:\Thesis\MonkSkinTone_Dataset\Segmented_MSTE\subject_12/PXL_20220922_175151358.jpg,10,10,9,2,0.8244507908821106,8,8,8,7,2,2,0,0,1
G:\Thesis\MonkSkinTone_Dataset\Segmented_MSTE\subject_12/PXL_20220922_175149121.jpg,10,10,9,2,0.7579426169395447,8,8,8,7,2,2,0,0,1
G:\Thesis\MonkSkinTone_Dataset\Segmented_MSTE\subject_12/PXL_20220922_175145715.jpg,10,10,9,2,0.8051658868789673,8,8,8,7,2,2,0,0,1
G:\Thesis\MonkSkinTone_Dataset\Segmented_MSTE\subject_12/PXL_20220922_175143920.jpg,10,10,9,2,0.8157125115394592,8,8,8,7,2,2,0,0,1
G:\Thesis\MonkSkinTone_Dataset\Segmented_MSTE\subject_12/PXL_20220922_175142212.jpg,10,10,9,2,0.6698850393295288,7,7,7,6,1,3,0,0,0
G:\Thesis\MonkSkinTone_Dataset\Segmented_MSTE\subject_12/PXL_20220922_175140560.jpg,10,10,9,2,0.8012343049049377,8,8,8,7,2,2,0,0,1
G:\Thesis\MonkSkinTone_Dataset\Segmented_MSTE\subject_12/PXL_20220922_175138290.jpg,10,10,9,2,0.7421612739562988,8,8,8,7,2,2,0,0,1
G:\Thesis\MonkSkinTone_Dataset\Segmented_MSTE\subject_11/PXL_20220922_194043213.PORTRAIT.jpg,5,5,4,1,0.5181645154953003,6,6,6,5,1,1,0,1,1
G:\Thesis\MonkSkinTone_Dataset\Segmented_MSTE\subject_11/PXL_20220922_195139258.jpg,5,5,4,1,0.3830483555793762,4,4,4,3,1,1,0,1,1
G:\Thesis\MonkSkinTone_Dataset\Segmented_MSTE\subject_11/PXL_20220922_195132751.jpg,5,5,4,1,0.5004139542579651,6,6,6,5,1,1,0,1,1
G:\Thesis\MonkSkinTone_Dataset\Segmented_MSTE\subject_11/PXL_20220922_195125067.jpg,5,5,4,1,0.4447765648365021,5,5,5,4,1,0,1,1,1
G:\Thesis\MonkSkinTone_Dataset\Segmented_MSTE\subject_11/PXL_20220922_194839785.jpg,5,5,4,1,0.5218073129653931,6,6,6,5,1,1,0,1,1
G:\Thesis\MonkSkinTone_Dataset\Segmented_MSTE\subject_11/PXL_20220922_194838596.jpg,5,5,4,1,0.7038506865501404,7,7,7,6,1,2,0,0,1
G:\Thesis\MonkSkinTone_Dataset\Segmented_MSTE\subject_11/PXL_20220922_194835814.jpg,5,5,4,1,0.5059728026390076,6,6,6,5,1,1,0,1,1
G:\Thesis\MonkSkinTone_Dataset\Segmented_MSTE\subject_11/PXL_20220922_194833505.jpg,5,5,4,1,0.44819727540016174,5,5,5,4,1,0,1,1,1
G:\Thesis\MonkSkinTone_Dataset\Segmented_MSTE\subject_11/PXL_20220922_194832008.jpg,5,5,4,1,0.5433018207550049,6,6,6,5,1,1,0,1,1
G:\Thesis\MonkSkinTone_Dataset\Segmented_MSTE\subject_11/PXL_20220922_194830538.jpg,5,5,4,1,0.731826901435852,8,8,8,7,2,3,0,0,0
G:\Thesis\MonkSkinTone_Dataset\Segmented_MSTE\subject_11/PXL_20220922_194828973.jpg,5,5,4,1,0.6044990420341492,6,6,6,5,1,1,0,1,1
G:\Thesis\MonkSkinTone_Dataset\Segmented_MSTE\subject_11/PXL_20220922_194827634.jpg,5,5,4,1,0.6417116522789001,7,7,7,6,1,2,0,0,1
G:\Thesis\MonkSkinTone_Dataset\Segmented_MSTE\subject_11/PXL_20220922_194826234.jpg,5,5,4,1,0.6035696864128113,6,6,6,5,1,1,0,1,1
G:\Thesis\MonkSkinTone_Dataset\Segmented_MSTE\subject_11/PXL_20220922_194815935.jpg,5,5,4,1,0.5025789737701416,6,6,6,5,1,1,0,1,1
G:\Thesis\MonkSkinTone_Dataset\Segmented_MSTE\subject_11/PXL_20220922_194813421.jpg,5,5,4,1,0.31775280833244324,4,4,4,3,1,1,0,1,1
G:\Thesis\MonkSkinTone_Dataset\Segmented_MSTE\subject_11/PXL_20220922_194811186.jpg,5,5,4,1,0.43650299310684204,5,5,5,4,1,0,1,1,1
G:\Thesis\MonkSkinTone_Dataset\Segmented_MSTE\subject_11/PXL_20220922_194810135.jpg,5,5,4,1,0.6011650562286377,6,6,6,5,1,1,0,1,1
G:\Thesis\MonkSkinTone_Dataset\Segmented_MSTE\subject_11/PXL_20220922_194808967.jpg,5,5,4,1,0.37145760655403137,4,4,4,3,1,1,0,1,1
G:\Thesis\MonkSkinTone_Dataset\Segmented_MSTE\subject_11/PXL_20220922_194806383.jpg,5,5,4,1,0.4105544686317444,5,5,5,4,1,0,1,1,1
G:\Thesis\MonkSkinTone_Dataset\Segmented_MSTE\subject_11/PXL_20220922_194710700.jpg,5,5,4,1,0.37937551736831665,4,4,4,3,1,1,0,1,1
G:\Thesis\MonkSkinTone_Dataset\Segmented_MSTE\subject_11/PXL_20220922_194709702.jpg,5,5,4,1,0.18096522986888885,3,3,3,2,0,2,0,0,0
G:\Thesis\MonkSkinTone_Dataset\Segmented_MSTE\subject_11/PXL_20220922_194708639.jpg,5,5,4,1,0.42832303047180176,5,5,5,4,1,0,1,1,1
G:\Thesis\MonkSkinTone_Dataset\Segmented_MSTE\subject_11/PXL_20220922_194707277.jpg,5,5,4,1,0.32797861099243164,4,4,4,3,1,1,0,1,1
G:\Thesis\MonkSkinTone_Dataset\Segmented_MSTE\subject_11/PXL_20220922_194704597.jpg,5,5,4,1,0.4824473261833191,5,5,5,4,1,0,1,1,1
G:\Thesis\MonkSkinTone_Dataset\Segmented_MSTE\subject_11/PXL_20220922_194703609.jpg,5,5,4,1,0.42031329870224,5,5,5,4,1,0,1,1,1
G:\Thesis\MonkSkinTone_Dataset\Segmented_MSTE\subject_11/PXL_20220922_194702025.jpg,5,5,4,1,0.3514094054698944,4,4,4,3,1,1,0,1,1
G:\Thesis\MonkSkinTone_Dataset\Segmented_MSTE\subject_11/PXL_20220922_194700623.jpg,5,5,4,1,0.2943879961967468,4,4,4,3,1,1,0,1,1
G:\Thesis\MonkSkinTone_Dataset\Segmented_MSTE\subject_11/PXL_20220922_194659198.jpg,5,5,4,1,0.3928791582584381,5,5,5,4,1,0,1,1,1
G:\Thesis\MonkSkinTone_Dataset\Segmented_MSTE\subject_11/PXL_20220922_194656564.jpg,5,5,4,1,0.352947860956192,4,4,4,3,1,1,0,1,1
G:\Thesis\MonkSkinTone_Dataset\Segmented_MSTE\subject_11/PXL_20220922_194609641.jpg,5,5,4,1,0.4762256443500519,5,5,5,4,1,0,1,1,1
G:\Thesis\MonkSkinTone_Dataset\Segmented_MSTE\subject_11/PXL_20220922_194608256.jpg,5,5,4,1,0.533629834651947,6,6,6,5,1,1,0,1,1
G:\Thesis\MonkSkinTone_Dataset\Segmented_MSTE\subject_11/PXL_20220922_194606938.jpg,5,5,4,1,0.5255773663520813,6,6,6,5,1,1,0,1,1
G:\Thesis\MonkSkinTone_Dataset\Segmented_MSTE\subject_11/PXL_20220922_194605555.jpg,5,5,4,1,0.4605422616004944,5,5,5,4,1,0,1,1,1
G:\Thesis\MonkSkinTone_Dataset\Segmented_MSTE\subject_11/PXL_20220922_194602207.jpg,5,5,4,1,0.5751098990440369,6,6,6,5,1,1,0,1,1
G:\Thesis\MonkSkinTone_Dataset\Segmented_MSTE\subject_11/PXL_20220922_194600792.jpg,5,5,4,1,0.6838329434394836,7,7,7,6,1,2,0,0,1
G:\Thesis\MonkSkinTone_Dataset\Segmented_MSTE\subject_11/PXL_20220922_194559610.jpg,5,5,4,1,0.5587483644485474,6,6,6,5,1,1,0,1,1
G:\Thesis\MonkSkinTone_Dataset\Segmented_MSTE\subject_11/PXL_20220922_194558533.jpg,5,5,4,1,0.5278823375701904,6,6,6,5,1,1,0,1,1
G:\Thesis\MonkSkinTone_Dataset\Segmented_MSTE\subject_11/PXL_20220922_194557410.jpg,5,5,4,1,0.5917680859565735,6,6,6,5,1,1,0,1,1
G:\Thesis\MonkSkinTone_Dataset\Segmented_MSTE\subject_11/PXL_20220922_194553257.jpg,5,5,4,1,0.48278969526290894,5,5,5,4,1,0,1,1,1
G:\Thesis\MonkSkinTone_Dataset\Segmented_MSTE\subject_11/PXL_20220922_194552004.jpg,5,5,4,1,0.5880077481269836,6,6,6,5,1,1,0,1,1
G:\Thesis\MonkSkinTone_Dataset\Segmented_MSTE\subject_11/PXL_20220922_194550829.jpg,5,5,4,1,0.5375651121139526,6,6,6,5,1,1,0,1,1
G:\Thesis\MonkSkinTone_Dataset\Segmented_MSTE\subject_11/PXL_20220922_194549170.jpg,5,5,4,1,0.5099916458129883,6,6,6,5,1,1,0,1,1
G:\Thesis\MonkSkinTone_Dataset\Segmented_MSTE\subject_11/PXL_20220922_194548132.jpg,5,5,4,1,0.5511359572410583,6,6,6,5,1,1,0,1,1
G:\Thesis\MonkSkinTone_Dataset\Segmented_MSTE\subject_11/PXL_20220922_194546635.jpg,5,5,4,1,0.5688781142234802,6,6,6,5,1,1,0,1,1
G:\Thesis\MonkSkinTone_Dataset\Segmented_MSTE\subject_11/PXL_20220922_194545662.jpg,5,5,4,1,0.38324958086013794,4,4,4,3,1,1,0,1,1
G:\Thesis\MonkSkinTone_Dataset\Segmented_MSTE\subject_11/PXL_20220922_194544335.jpg,5,5,4,1,0.5987381935119629,6,6,6,5,1,1,0,1,1
G:\Thesis\MonkSkinTone_Dataset\Segmented_MSTE\subject_11/PXL_20220922_194420621.jpg,5,5,4,1,0.5711638331413269,6,6,6,5,1,1,0,1,1
G:\Thesis\MonkSkinTone_Dataset\Segmented_MSTE\subject_11/PXL_20220922_194419604.jpg,5,5,4,1,0.38254648447036743,4,4,4,3,1,1,0,1,1
G:\Thesis\MonkSkinTone_Dataset\Segmented_MSTE\subject_11/PXL_20220922_194417606.jpg,5,5,4,1,0.34162744879722595,4,4,4,3,1,1,0,1,1
G:\Thesis\MonkSkinTone_Dataset\Segmented_MSTE\subject_11/PXL_20220922_194416689.jpg,5,5,4,1,0.5482696890830994,6,6,6,5,1,1,0,1,1
G:\Thesis\MonkSkinTone_Dataset\Segmented_MSTE\subject_11/PXL_20220922_194415718.jpg,5,5,4,1,0.30059614777565,4,4,4,3,1,1,0,1,1
G:\Thesis\MonkSkinTone_Dataset\Segmented_MSTE\subject_11/PXL_20220922_194411620.jpg,5,5,4,1,0.6380654573440552,7,7,7,6,1,2,0,0,1
G:\Thesis\MonkSkinTone_Dataset\Segmented_MSTE\subject_11/PXL_20220922_194410570.jpg,5,5,4,1,0.5321710705757141,6,6,6,5,1,1,0,1,1
G:\Thesis\MonkSkinTone_Dataset\Segmented_MSTE\subject_11/PXL_20220922_194409241.jpg,5,5,4,1,0.6748469471931458,7,7,7,6,1,2,0,0,1
G:\Thesis\MonkSkinTone_Dataset\Segmented_MSTE\subject_11/PXL_20220922_194407675.jpg,5,5,4,1,0.35305917263031006,4,4,4,3,1,1,0,1,1
G:\Thesis\MonkSkinTone_Dataset\Segmented_MSTE\subject_11/PXL_20220922_194406571.jpg,5,5,4,1,0.5029786229133606,6,6,6,5,1,1,0,1,1
G:\Thesis\MonkSkinTone_Dataset\Segmented_MSTE\subject_11/PXL_20220922_194400921.jpg,5,5,4,1,0.5408508777618408,6,6,6,5,1,1,0,1,1
G:\Thesis\MonkSkinTone_Dataset\Segmented_MSTE\subject_11/PXL_20220922_194359874.jpg,5,5,4,1,0.7069039940834045,7,7,7,6,1,2,0,0,1
G:\Thesis\MonkSkinTone_Dataset\Segmented_MSTE\subject_11/PXL_20220922_194358507.jpg,5,5,4,1,0.4961371123790741,5,5,5,4,1,0,1,1,1
G:\Thesis\MonkSkinTone_Dataset\Segmented_MSTE\subject_11/PXL_20220922_194357448.jpg,5,5,4,1,0.5178292989730835,6,6,6,5,1,1,0,1,1
G:\Thesis\MonkSkinTone_Dataset\Segmented_MSTE\subject_11/PXL_20220922_194356378.jpg,5,5,4,1,0.4098724126815796,5,5,5,4,1,0,1,1,1
G:\Thesis\MonkSkinTone_Dataset\Segmented_MSTE\subject_11/PXL_20220922_194353957.jpg,5,5,4,1,0.4345129430294037,5,5,5,4,1,0,1,1,1
G:\Thesis\MonkSkinTone_Dataset\Segmented_MSTE\subject_11/PXL_20220922_194352302.jpg,5,5,4,1,0.5727945566177368,6,6,6,5,1,1,0,1,1
G:\Thesis\MonkSkinTone_Dataset\Segmented_MSTE\subject_11/PXL_20220922_194351285.jpg,5,5,4,1,0.6104012131690979,6,6,6,5,1,1,0,1,1
G:\Thesis\MonkSkinTone_Dataset\Segmented_MSTE\subject_11/PXL_20220922_194349832.jpg,5,5,4,1,0.6334494948387146,7,7,7,6,1,2,0,0,1
G:\Thesis\MonkSkinTone_Dataset\Segmented_MSTE\subject_11/PXL_20220922_194348664.jpg,5,5,4,1,0.6474431753158569,7,7,7,6,1,2,0,0,1
G:\Thesis\MonkSkinTone_Dataset\Segmented_MSTE\subject_11/PXL_20220922_194342509.jpg,5,5,4,1,0.4353688061237335,5,5,5,4,1,0,1,1,1
G:\Thesis\MonkSkinTone_Dataset\Segmented_MSTE\subject_11/PXL_20220922_194341122.jpg,5,5,4,1,0.38472089171409607,4,4,4,3,1,1,0,1,1
G:\Thesis\MonkSkinTone_Dataset\Segmented_MSTE\subject_11/PXL_20220922_194339820.jpg,5,5,4,1,0.3898357152938843,5,5,5,4,1,0,1,1,1
G:\Thesis\MonkSkinTone_Dataset\Segmented_MSTE\subject_11/PXL_20220922_194338361.jpg,5,5,4,1,0.36099156737327576,4,4,4,3,1,1,0,1,1
G:\Thesis\MonkSkinTone_Dataset\Segmented_MSTE\subject_11/PXL_20220922_194151515.PORTRAIT.jpg,5,5,4,1,0.6299723386764526,7,7,7,6,1,2,0,0,1
G:\Thesis\MonkSkinTone_Dataset\Segmented_MSTE\subject_11/PXL_20220922_194149978.PORTRAIT.jpg,5,5,4,1,0.37575671076774597,4,4,4,3,1,1,0,1,1
G:\Thesis\MonkSkinTone_Dataset\Segmented_MSTE\subject_11/PXL_20220922_194148401.PORTRAIT.jpg,5,5,4,1,0.37705227732658386,4,4,4,3,1,1,0,1,1
G:\Thesis\MonkSkinTone_Dataset\Segmented_MSTE\subject_11/PXL_20220922_194146740.PORTRAIT.jpg,5,5,4,1,0.6123221516609192,7,7,7,6,1,2,0,0,1
G:\Thesis\MonkSkinTone_Dataset\Segmented_MSTE\subject_11/PXL_20220922_194144154.PORTRAIT.jpg,5,5,4,1,0.30400335788726807,4,4,4,3,1,1,0,1,1
G:\Thesis\MonkSkinTone_Dataset\Segmented_MSTE\subject_11/PXL_20220922_194132469.PORTRAIT.jpg,5,5,4,1,0.6780115365982056,7,7,7,6,1,2,0,0,1
G:\Thesis\MonkSkinTone_Dataset\Segmented_MSTE\subject_11/PXL_20220922_194130709.PORTRAIT.jpg,5,5,4,1,0.6063545942306519,6,6,6,5,1,1,0,1,1
G:\Thesis\MonkSkinTone_Dataset\Segmented_MSTE\subject_11/PXL_20220922_194128523.PORTRAIT.jpg,5,5,4,1,0.33950212597846985,4,4,4,3,1,1,0,1,1
G:\Thesis\MonkSkinTone_Dataset\Segmented_MSTE\subject_11/PXL_20220922_194126652.PORTRAIT.jpg,5,5,4,1,0.7631415128707886,8,8,8,7,2,3,0,0,0
G:\Thesis\MonkSkinTone_Dataset\Segmented_MSTE\subject_11/PXL_20220922_194117414.PORTRAIT.jpg,5,5,4,1,0.38887113332748413,4,4,4,3,1,1,0,1,1
G:\Thesis\MonkSkinTone_Dataset\Segmented_MSTE\subject_11/PXL_20220922_194115944.PORTRAIT.jpg,5,5,4,1,0.6192507147789001,7,7,7,6,1,2,0,0,1
G:\Thesis\MonkSkinTone_Dataset\Segmented_MSTE\subject_11/PXL_20220922_194114230.PORTRAIT.jpg,5,5,4,1,0.4796198606491089,5,5,5,4,1,0,1,1,1
G:\Thesis\MonkSkinTone_Dataset\Segmented_MSTE\subject_11/PXL_20220922_194111977.PORTRAIT.jpg,5,5,4,1,0.5419852137565613,6,6,6,5,1,1,0,1,1
G:\Thesis\MonkSkinTone_Dataset\Segmented_MSTE\subject_11/PXL_20220922_194109470.PORTRAIT.jpg,5,5,4,1,0.4510433077812195,5,5,5,4,1,0,1,1,1
G:\Thesis\MonkSkinTone_Dataset\Segmented_MSTE\subject_11/PXL_20220922_194103210.PORTRAIT.jpg,5,5,4,1,0.6596224308013916,7,7,7,6,1,2,0,0,1
G:\Thesis\MonkSkinTone_Dataset\Segmented_MSTE\subject_11/PXL_20220922_194101168.PORTRAIT.jpg,5,5,4,1,0.6835179328918457,7,7,7,6,1,2,0,0,1
G:\Thesis\MonkSkinTone_Dataset\Segmented_MSTE\subject_11/PXL_20220922_194059320.PORTRAIT.jpg,5,5,4,1,0.7371463775634766,8,8,8,7,2,3,0,0,0
G:\Thesis\MonkSkinTone_Dataset\Segmented_MSTE\subject_11/PXL_20220922_194057359.PORTRAIT.jpg,5,5,4,1,0.5272176265716553,6,6,6,5,1,1,0,1,1
G:\Thesis\MonkSkinTone_Dataset\Segmented_MSTE\subject_11/PXL_20220922_194054240.PORTRAIT.jpg,5,5,4,1,0.3623851239681244,4,4,4,3,1,1,0,1,1
G:\Thesis\MonkSkinTone_Dataset\Segmented_MSTE\subject_11/PXL_20220922_194051594.PORTRAIT.jpg,5,5,4,1,0.42313140630722046,5,5,5,4,1,0,1,1,1
G:\Thesis\MonkSkinTone_Dataset\Segmented_MSTE\subject_11/PXL_20220922_194049976.PORTRAIT.jpg,5,5,4,1,0.6133902072906494,7,7,7,6,1,2,0,0,1
G:\Thesis\MonkSkinTone_Dataset\Segmented_MSTE\subject_11/PXL_20220922_194048360.PORTRAIT.jpg,5,5,4,1,0.5063881278038025,6,6,6,5,1,1,0,1,1
G:\Thesis\MonkSkinTone_Dataset\Segmented_MSTE\subject_11/PXL_20220922_194046302.PORTRAIT.jpg,5,5,4,1,0.7569550275802612,8,8,8,7,2,3,0,0,0
G:\Thesis\MonkSkinTone_Dataset\Segmented_MSTE\subject_11/PXL_20220922_194043213.PORTRAIT.jpg,5,5,4,1,0.5181645154953003,6,6,6,5,1,1,0,1,1
G:\Thesis\MonkSkinTone_Dataset\Segmented_MSTE\subject_10/PXL_20220922_195423628.jpg,9,9,8,2,0.7369869351387024,8,8,8,7,2,1,0,1,1
G:\Thesis\MonkSkinTone_Dataset\Segmented_MSTE\subject_10/PXL_20220922_200213044.jpg,9,9,8,2,0.6111156940460205,7,7,7,6,1,2,0,0,0
G:\Thesis\MonkSkinTone_Dataset\Segmented_MSTE\subject_10/PXL_20220922_200207745.jpg,9,9,8,2,0.7546104788780212,8,8,8,7,2,1,0,1,1
G:\Thesis\MonkSkinTone_Dataset\Segmented_MSTE\subject_10/PXL_20220922_200206611.jpg,9,9,8,2,0.7980278134346008,8,8,8,7,2,1,0,1,1
G:\Thesis\MonkSkinTone_Dataset\Segmented_MSTE\subject_10/PXL_20220922_200205248.jpg,9,9,8,2,0.781732439994812,8,8,8,7,2,1,0,1,1
G:\Thesis\MonkSkinTone_Dataset\Segmented_MSTE\subject_10/PXL_20220922_200152527.jpg,9,9,8,2,0.6327166557312012,7,7,7,6,1,2,0,0,0
G:\Thesis\MonkSkinTone_Dataset\Segmented_MSTE\subject_10/PXL_20220922_200146545.jpg,9,9,8,2,0.6220933794975281,7,7,7,6,1,2,0,0,0
G:\Thesis\MonkSkinTone_Dataset\Segmented_MSTE\subject_10/PXL_20220922_200138910.jpg,9,9,8,2,0.561549186706543,6,6,6,5,1,3,0,0,0
G:\Thesis\MonkSkinTone_Dataset\Segmented_MSTE\subject_10/PXL_20220922_200027198.jpg,9,9,8,2,0.3905766010284424,5,5,5,4,1,4,0,0,0
G:\Thesis\MonkSkinTone_Dataset\Segmented_MSTE\subject_10/PXL_20220922_200020824.jpg,9,9,8,2,0.45503103733062744,5,5,5,4,1,4,0,0,0
G:\Thesis\MonkSkinTone_Dataset\Segmented_MSTE\subject_10/PXL_20220922_200017828.jpg,9,9,8,2,0.667605996131897,7,7,7,6,1,2,0,0,0
G:\Thesis\MonkSkinTone_Dataset\Segmented_MSTE\subject_10/PXL_20220922_200010788.jpg,9,9,8,2,0.4414261281490326,5,5,5,4,1,4,0,0,0
G:\Thesis\MonkSkinTone_Dataset\Segmented_MSTE\subject_10/PXL_20220922_200003963.jpg,9,9,8,2,0.462354451417923,5,5,5,4,1,4,0,0,0
G:\Thesis\MonkSkinTone_Dataset\Segmented_MSTE\subject_10/PXL_20220922_200000614.jpg,9,9,8,2,0.5451557636260986,6,6,6,5,1,3,0,0,0
G:\Thesis\MonkSkinTone_Dataset\Segmented_MSTE\subject_10/PXL_20220922_195956509.jpg,9,9,8,2,0.43246060609817505,5,5,5,4,1,4,0,0,0
G:\Thesis\MonkSkinTone_Dataset\Segmented_MSTE\subject_10/PXL_20220922_195953468.jpg,9,9,8,2,0.7272456884384155,8,8,8,7,2,1,0,1,1
G:\Thesis\MonkSkinTone_Dataset\Segmented_MSTE\subject_10/PXL_20220922_195950116.jpg,9,9,8,2,0.3528079092502594,4,4,4,3,1,5,0,0,0
G:\Thesis\MonkSkinTone_Dataset\Segmented_MSTE\subject_10/PXL_20220922_195946651.jpg,9,9,8,2,0.547029435634613,6,6,6,5,1,3,0,0,0
G:\Thesis\MonkSkinTone_Dataset\Segmented_MSTE\subject_10/PXL_20220922_195944058.jpg,9,9,8,2,0.650951623916626,7,7,7,6,1,2,0,0,0
G:\Thesis\MonkSkinTone_Dataset\Segmented_MSTE\subject_10/PXL_20220922_195838924.jpg,9,9,8,2,0.7332155704498291,8,8,8,7,2,1,0,1,1
G:\Thesis\MonkSkinTone_Dataset\Segmented_MSTE\subject_10/PXL_20220922_195836856.jpg,9,9,8,2,0.7411196231842041,8,8,8,7,2,1,0,1,1
G:\Thesis\MonkSkinTone_Dataset\Segmented_MSTE\subject_10/PXL_20220922_195832291.jpg,9,9,8,2,0.7573307156562805,8,8,8,7,2,1,0,1,1
G:\Thesis\MonkSkinTone_Dataset\Segmented_MSTE\subject_10/PXL_20220922_195829652.jpg,9,9,8,2,0.7277677655220032,8,8,8,7,2,1,0,1,1
G:\Thesis\MonkSkinTone_Dataset\Segmented_MSTE\subject_10/PXL_20220922_195735806.jpg,9,9,8,2,0.7607921957969666,8,8,8,7,2,1,0,1,1
G:\Thesis\MonkSkinTone_Dataset\Segmented_MSTE\subject_10/PXL_20220922_195729264.jpg,9,9,8,2,0.7900682687759399,8,8,8,7,2,1,0,1,1
G:\Thesis\MonkSkinTone_Dataset\Segmented_MSTE\subject_10/PXL_20220922_195725795.jpg,9,9,8,2,0.7546373605728149,8,8,8,7,2,1,0,1,1
G:\Thesis\MonkSkinTone_Dataset\Segmented_MSTE\subject_10/PXL_20220922_195722247.jpg,9,9,8,2,0.6376953125,7,7,7,6,1,2,0,0,0
G:\Thesis\MonkSkinTone_Dataset\Segmented_MSTE\subject_10/PXL_20220922_195719843.jpg,9,9,8,2,0.8264610171318054,8,8,8,7,2,1,0,1,1
G:\Thesis\MonkSkinTone_Dataset\Segmented_MSTE\subject_10/PXL_20220922_195714210.jpg,9,9,8,2,0.6670633554458618,7,7,7,6,1,2,0,0,0
G:\Thesis\MonkSkinTone_Dataset\Segmented_MSTE\subject_10/PXL_20220922_195711268.jpg,9,9,8,2,0.720316469669342,7,7,7,6,1,2,0,0,0
G:\Thesis\MonkSkinTone_Dataset\Segmented_MSTE\subject_10/PXL_20220922_195707349.jpg,9,9,8,2,0.8105021119117737,8,8,8,7,2,1,0,1,1
G:\Thesis\MonkSkinTone_Dataset\Segmented_MSTE\subject_10/PXL_20220922_195700279.jpg,9,9,8,2,0.7414646744728088,8,8,8,7,2,1,0,1,1
G:\Thesis\MonkSkinTone_Dataset\Segmented_MSTE\subject_10/PXL_20220922_195656401.jpg,9,9,8,2,0.7794803977012634,8,8,8,7,2,1,0,1,1
G:\Thesis\MonkSkinTone_Dataset\Segmented_MSTE\subject_10/PXL_20220922_195637346.jpg,9,9,8,2,0.8226804733276367,8,8,8,7,2,1,0,1,1
G:\Thesis\MonkSkinTone_Dataset\Segmented_MSTE\subject_10/PXL_20220922_195506633.jpg,9,9,8,2,0.6685494184494019,7,7,7,6,1,2,0,0,0
G:\Thesis\MonkSkinTone_Dataset\Segmented_MSTE\subject_10/PXL_20220922_195504855.jpg,9,9,8,2,0.738077700138092,8,8,8,7,2,1,0,1,1
G:\Thesis\MonkSkinTone_Dataset\Segmented_MSTE\subject_10/PXL_20220922_195503218.jpg,9,9,8,2,0.7226369380950928,8,8,8,7,2,1,0,1,1
G:\Thesis\MonkSkinTone_Dataset\Segmented_MSTE\subject_10/PXL_20220922_195501347.jpg,9,9,8,2,0.7981551885604858,8,8,8,7,2,1,0,1,1
G:\Thesis\MonkSkinTone_Dataset\Segmented_MSTE\subject_10/PXL_20220922_195459564.jpg,9,9,8,2,0.8264840245246887,8,8,8,7,2,1,0,1,1
G:\Thesis\MonkSkinTone_Dataset\Segmented_MSTE\subject_10/PXL_20220922_195454157.jpg,9,9,8,2,0.6478742361068726,7,7,7,6,1,2,0,0,0
G:\Thesis\MonkSkinTone_Dataset\Segmented_MSTE\subject_10/PXL_20220922_195452476.jpg,9,9,8,2,0.768084704875946,8,8,8,7,2,1,0,1,1
G:\Thesis\MonkSkinTone_Dataset\Segmented_MSTE\subject_10/PXL_20220922_195450706.jpg,9,9,8,2,0.7151385545730591,7,7,7,6,1,2,0,0,0
G:\Thesis\MonkSkinTone_Dataset\Segmented_MSTE\subject_10/PXL_20220922_195448989.jpg,9,9,8,2,0.7575225830078125,8,8,8,7,2,1,0,1,1
G:\Thesis\MonkSkinTone_Dataset\Segmented_MSTE\subject_10/PXL_20220922_195447140.jpg,9,9,8,2,0.7047079801559448,7,7,7,6,1,2,0,0,0
G:\Thesis\MonkSkinTone_Dataset\Segmented_MSTE\subject_10/PXL_20220922_195442715.jpg,9,9,8,2,0.6251221895217896,7,7,7,6,1,2,0,0,0
G:\Thesis\MonkSkinTone_Dataset\Segmented_MSTE\subject_10/PXL_20220922_195441067.jpg,9,9,8,2,0.7567316293716431,8,8,8,7,2,1,0,1,1
G:\Thesis\MonkSkinTone_Dataset\Segmented_MSTE\subject_10/PXL_20220922_195439181.jpg,9,9,8,2,0.7643476128578186,8,8,8,7,2,1,0,1,1
G:\Thesis\MonkSkinTone_Dataset\Segmented_MSTE\subject_10/PXL_20220922_195437698.jpg,9,9,8,2,0.7579145431518555,8,8,8,7,2,1,0,1,1
G:\Thesis\MonkSkinTone_Dataset\Segmented_MSTE\subject_10/PXL_20220922_195435930.jpg,9,9,8,2,0.7556951642036438,8,8,8,7,2,1,0,1,1
G:\Thesis\MonkSkinTone_Dataset\Segmented_MSTE\subject_10/PXL_20220922_195431981.jpg,9,9,8,2,0.6447119116783142,7,7,7,6,1,2,0,0,0
G:\Thesis\MonkSkinTone_Dataset\Segmented_MSTE\subject_10/PXL_20220922_195430381.jpg,9,9,8,2,0.7873711585998535,8,8,8,7,2,1,0,1,1
G:\Thesis\MonkSkinTone_Dataset\Segmented_MSTE\subject_10/PXL_20220922_195427510.jpg,9,9,8,2,0.7273250818252563,8,8,8,7,2,1,0,1,1
G:\Thesis\MonkSkinTone_Dataset\Segmented_MSTE\subject_10/PXL_20220922_195425593.jpg,9,9,8,2,0.7810407876968384,8,8,8,7,2,1,0,1,1
G:\Thesis\MonkSkinTone_Dataset\Segmented_MSTE\subject_10/PXL_20220922_195423628.jpg,9,9,8,2,0.7369869351387024,8,8,8,7,2,1,0,1,1
G:\Thesis\MonkSkinTone_Dataset\Segmented_MSTE\subject_9/PXL_20220922_134538984.PORTRAIT.jpg,4,4,3,1,0.3093692660331726,4,4,4,3,1,0,1,1,1
G:\Thesis\MonkSkinTone_Dataset\Segmented_MSTE\subject_9/PXL_20220922_140402500.PORTRAIT.jpg,4,4,3,1,0.25420641899108887,3,3,3,2,0,1,0,1,0
G:\Thesis\MonkSkinTone_Dataset\Segmented_MSTE\subject_9/PXL_20220922_140358703.PORTRAIT.jpg,4,4,3,1,0.35669246315956116,4,4,4,3,1,0,1,1,1
G:\Thesis\MonkSkinTone_Dataset\Segmented_MSTE\subject_9/PXL_20220922_140354824.PORTRAIT.jpg,4,4,3,1,0.31366991996765137,4,4,4,3,1,0,1,1,1
G:\Thesis\MonkSkinTone_Dataset\Segmented_MSTE\subject_9/PXL_20220922_140352486.PORTRAIT.jpg,4,4,3,1,0.3324959874153137,4,4,4,3,1,0,1,1,1
G:\Thesis\MonkSkinTone_Dataset\Segmented_MSTE\subject_9/PXL_20220922_140350579.PORTRAIT.jpg,4,4,3,1,0.3195425570011139,4,4,4,3,1,0,1,1,1
G:\Thesis\MonkSkinTone_Dataset\Segmented_MSTE\subject_9/PXL_20220922_140348903.PORTRAIT.jpg,4,4,3,1,0.30524078011512756,4,4,4,3,1,0,1,1,1
G:\Thesis\MonkSkinTone_Dataset\Segmented_MSTE\subject_9/PXL_20220922_140342859.PORTRAIT.jpg,4,4,3,1,0.3988666236400604,5,5,5,4,1,1,0,1,1
G:\Thesis\MonkSkinTone_Dataset\Segmented_MSTE\subject_9/PXL_20220922_140341531.PORTRAIT.jpg,4,4,3,1,0.3508986830711365,4,4,4,3,1,0,1,1,1
G:\Thesis\MonkSkinTone_Dataset\Segmented_MSTE\subject_9/PXL_20220922_140339729.PORTRAIT.jpg,4,4,3,1,0.3603309988975525,4,4,4,3,1,0,1,1,1
G:\Thesis\MonkSkinTone_Dataset\Segmented_MSTE\subject_9/PXL_20220922_140337825.PORTRAIT.jpg,4,4,3,1,0.28982609510421753,4,4,4,3,1,0,1,1,1
G:\Thesis\MonkSkinTone_Dataset\Segmented_MSTE\subject_9/PXL_20220922_140335749.PORTRAIT.jpg,4,4,3,1,0.3367346227169037,4,4,4,3,1,0,1,1,1
G:\Thesis\MonkSkinTone_Dataset\Segmented_MSTE\subject_9/PXL_20220922_140323802.PORTRAIT.jpg,4,4,3,1,0.3495831787586212,4,4,4,3,1,0,1,1,1
G:\Thesis\MonkSkinTone_Dataset\Segmented_MSTE\subject_9/PXL_20220922_140322023.PORTRAIT.jpg,4,4,3,1,0.4138979911804199,5,5,5,4,1,1,0,1,1
G:\Thesis\MonkSkinTone_Dataset\Segmented_MSTE\subject_9/PXL_20220922_140317135.PORTRAIT.jpg,4,4,3,1,0.24000179767608643,3,3,3,2,0,1,0,1,0
G:\Thesis\MonkSkinTone_Dataset\Segmented_MSTE\subject_9/PXL_20220922_140315071.PORTRAIT.jpg,4,4,3,1,0.36963513493537903,4,4,4,3,1,0,1,1,1
G:\Thesis\MonkSkinTone_Dataset\Segmented_MSTE\subject_9/PXL_20220922_140222578.jpg,4,4,3,1,0.6306485533714294,7,7,7,6,1,3,0,0,1
G:\Thesis\MonkSkinTone_Dataset\Segmented_MSTE\subject_9/PXL_20220922_140221214.jpg,4,4,3,1,0.4450755715370178,5,5,5,4,1,1,0,1,1
G:\Thesis\MonkSkinTone_Dataset\Segmented_MSTE\subject_9/PXL_20220922_140219442.jpg,4,4,3,1,0.37838971614837646,4,4,4,3,1,0,1,1,1
G:\Thesis\MonkSkinTone_Dataset\Segmented_MSTE\subject_9/PXL_20220922_140216573.jpg,4,4,3,1,0.41629278659820557,5,5,5,4,1,1,0,1,1
G:\Thesis\MonkSkinTone_Dataset\Segmented_MSTE\subject_9/PXL_20220922_140214625.jpg,4,4,3,1,0.3180733621120453,4,4,4,3,1,0,1,1,1
G:\Thesis\MonkSkinTone_Dataset\Segmented_MSTE\subject_9/PXL_20220922_140212750.jpg,4,4,3,1,0.28868040442466736,4,4,4,3,1,0,1,1,1
G:\Thesis\MonkSkinTone_Dataset\Segmented_MSTE\subject_9/PXL_20220922_140209423.jpg,4,4,3,1,0.2517433166503906,3,3,3,2,0,1,0,1,0
G:\Thesis\MonkSkinTone_Dataset\Segmented_MSTE\subject_9/PXL_20220922_140207202.jpg,4,4,3,1,0.24470432102680206,3,3,3,2,0,1,0,1,0
G:\Thesis\MonkSkinTone_Dataset\Segmented_MSTE\subject_9/PXL_20220922_140205447.jpg,4,4,3,1,0.366804838180542,4,4,4,3,1,0,1,1,1
G:\Thesis\MonkSkinTone_Dataset\Segmented_MSTE\subject_9/PXL_20220922_140203657.jpg,4,4,3,1,0.5438162088394165,6,6,6,5,1,2,0,0,1
G:\Thesis\MonkSkinTone_Dataset\Segmented_MSTE\subject_9/PXL_20220922_140201615.jpg,4,4,3,1,0.2320190966129303,3,3,3,2,0,1,0,1,0
G:\Thesis\MonkSkinTone_Dataset\Segmented_MSTE\subject_9/PXL_20220922_140145712.jpg,4,4,3,1,0.3309554159641266,4,4,4,3,1,0,1,1,1
G:\Thesis\MonkSkinTone_Dataset\Segmented_MSTE\subject_9/PXL_20220922_140142694.jpg,4,4,3,1,0.3210713565349579,4,4,4,3,1,0,1,1,1
G:\Thesis\MonkSkinTone_Dataset\Segmented_MSTE\subject_9/PXL_20220922_140133700.jpg,4,4,3,1,0.4696691632270813,5,5,5,4,1,1,0,1,1
G:\Thesis\MonkSkinTone_Dataset\Segmented_MSTE\subject_9/PXL_20220922_140132005.jpg,4,4,3,1,0.5225106477737427,6,6,6,5,1,2,0,0,1
G:\Thesis\MonkSkinTone_Dataset\Segmented_MSTE\subject_9/PXL_20220922_140048541.jpg,4,4,3,1,0.3375696837902069,4,4,4,3,1,0,1,1,1
G:\Thesis\MonkSkinTone_Dataset\Segmented_MSTE\subject_9/PXL_20220922_140047100.jpg,4,4,3,1,0.3621419370174408,4,4,4,3,1,0,1,1,1
G:\Thesis\MonkSkinTone_Dataset\Segmented_MSTE\subject_9/PXL_20220922_140046379.jpg,4,4,3,1,0.29993772506713867,4,4,4,3,1,0,1,1,1
G:\Thesis\MonkSkinTone_Dataset\Segmented_MSTE\subject_9/PXL_20220922_140043111.jpg,4,4,3,1,0.5076097846031189,6,6,6,5,1,2,0,0,1
G:\Thesis\MonkSkinTone_Dataset\Segmented_MSTE\subject_9/PXL_20220922_140041215.jpg,4,4,3,1,0.4434390366077423,5,5,5,4,1,1,0,1,1
G:\Thesis\MonkSkinTone_Dataset\Segmented_MSTE\subject_9/PXL_20220922_140036631.jpg,4,4,3,1,0.38835278153419495,4,4,4,3,1,0,1,1,1
G:\Thesis\MonkSkinTone_Dataset\Segmented_MSTE\subject_9/PXL_20220922_140028838.jpg,4,4,3,1,0.5533706545829773,6,6,6,5,1,2,0,0,1
G:\Thesis\MonkSkinTone_Dataset\Segmented_MSTE\subject_9/PXL_20220922_140027001.jpg,4,4,3,1,0.4853205680847168,5,5,5,4,1,1,0,1,1
G:\Thesis\MonkSkinTone_Dataset\Segmented_MSTE\subject_9/PXL_20220922_140005843.jpg,4,4,3,1,0.5945673584938049,6,6,6,5,1,2,0,0,1
G:\Thesis\MonkSkinTone_Dataset\Segmented_MSTE\subject_9/PXL_20220922_135959828.jpg,4,4,3,1,0.45694732666015625,5,5,5,4,1,1,0,1,1
G:\Thesis\MonkSkinTone_Dataset\Segmented_MSTE\subject_9/PXL_20220922_135948831.jpg,4,4,3,1,0.47514769434928894,5,5,5,4,1,1,0,1,1
G:\Thesis\MonkSkinTone_Dataset\Segmented_MSTE\subject_9/PXL_20220922_135947300.jpg,4,4,3,1,0.39815905690193176,5,5,5,4,1,1,0,1,1
G:\Thesis\MonkSkinTone_Dataset\Segmented_MSTE\subject_9/PXL_20220922_135945608.jpg,4,4,3,1,0.5023186802864075,6,6,6,5,1,2,0,0,1
G:\Thesis\MonkSkinTone_Dataset\Segmented_MSTE\subject_9/PXL_20220922_135944184.jpg,4,4,3,1,0.6831845045089722,7,7,7,6,1,3,0,0,1
G:\Thesis\MonkSkinTone_Dataset\Segmented_MSTE\subject_9/PXL_20220922_135943105.jpg,4,4,3,1,0.5246363878250122,6,6,6,5,1,2,0,0,1
G:\Thesis\MonkSkinTone_Dataset\Segmented_MSTE\subject_9/PXL_20220922_135941951.jpg,4,4,3,1,0.5419026613235474,6,6,6,5,1,2,0,0,1
G:\Thesis\MonkSkinTone_Dataset\Segmented_MSTE\subject_9/PXL_20220922_135940569.jpg,4,4,3,1,0.4503796696662903,5,5,5,4,1,1,0,1,1
G:\Thesis\MonkSkinTone_Dataset\Segmented_MSTE\subject_9/PXL_20220922_135939416.jpg,4,4,3,1,0.37631887197494507,4,4,4,3,1,0,1,1,1
G:\Thesis\MonkSkinTone_Dataset\Segmented_MSTE\subject_9/PXL_20220922_135908976.jpg,4,4,3,1,0.319680392742157,4,4,4,3,1,0,1,1,1
G:\Thesis\MonkSkinTone_Dataset\Segmented_MSTE\subject_9/PXL_20220922_135854746.jpg,4,4,3,1,0.4179149568080902,5,5,5,4,1,1,0,1,1
G:\Thesis\MonkSkinTone_Dataset\Segmented_MSTE\subject_9/PXL_20220922_135810329.jpg,4,4,3,1,0.4426427185535431,5,5,5,4,1,1,0,1,1
G:\Thesis\MonkSkinTone_Dataset\Segmented_MSTE\subject_9/PXL_20220922_135808237.jpg,4,4,3,1,0.46857982873916626,5,5,5,4,1,1,0,1,1
G:\Thesis\MonkSkinTone_Dataset\Segmented_MSTE\subject_9/PXL_20220922_135806296.jpg,4,4,3,1,0.43903112411499023,5,5,5,4,1,1,0,1,1
G:\Thesis\MonkSkinTone_Dataset\Segmented_MSTE\subject_9/PXL_20220922_135804480.jpg,4,4,3,1,0.4971931576728821,5,5,5,4,1,1,0,1,1
G:\Thesis\MonkSkinTone_Dataset\Segmented_MSTE\subject_9/PXL_20220922_135802547.jpg,4,4,3,1,0.32131609320640564,4,4,4,3,1,0,1,1,1
G:\Thesis\MonkSkinTone_Dataset\Segmented_MSTE\subject_9/PXL_20220922_135756305.jpg,4,4,3,1,0.3379851281642914,4,4,4,3,1,0,1,1,1
G:\Thesis\MonkSkinTone_Dataset\Segmented_MSTE\subject_9/PXL_20220922_135754722.jpg,4,4,3,1,0.3756614029407501,4,4,4,3,1,0,1,1,1
G:\Thesis\MonkSkinTone_Dataset\Segmented_MSTE\subject_9/PXL_20220922_135753356.jpg,4,4,3,1,0.5093511939048767,6,6,6,5,1,2,0,0,1
G:\Thesis\MonkSkinTone_Dataset\Segmented_MSTE\subject_9/PXL_20220922_135751665.jpg,4,4,3,1,0.543678343296051,6,6,6,5,1,2,0,0,1
G:\Thesis\MonkSkinTone_Dataset\Segmented_MSTE\subject_9/PXL_20220922_135750066.jpg,4,4,3,1,0.49275872111320496,5,5,5,4,1,1,0,1,1
G:\Thesis\MonkSkinTone_Dataset\Segmented_MSTE\subject_9/PXL_20220922_135747692.jpg,4,4,3,1,0.41248589754104614,5,5,5,4,1,1,0,1,1
G:\Thesis\MonkSkinTone_Dataset\Segmented_MSTE\subject_9/PXL_20220922_135641645.jpg,4,4,3,1,0.36350664496421814,4,4,4,3,1,0,1,1,1
G:\Thesis\MonkSkinTone_Dataset\Segmented_MSTE\subject_9/PXL_20220922_135640401.jpg,4,4,3,1,0.43810808658599854,5,5,5,4,1,1,0,1,1
G:\Thesis\MonkSkinTone_Dataset\Segmented_MSTE\subject_9/PXL_20220922_135639221.jpg,4,4,3,1,0.5997738242149353,6,6,6,5,1,2,0,0,1
G:\Thesis\MonkSkinTone_Dataset\Segmented_MSTE\subject_9/PXL_20220922_135638177.jpg,4,4,3,1,0.27125802636146545,3,3,3,2,0,1,0,1,0
G:\Thesis\MonkSkinTone_Dataset\Segmented_MSTE\subject_9/PXL_20220922_135636877.jpg,4,4,3,1,0.6323257088661194,7,7,7,6,1,3,0,0,1
G:\Thesis\MonkSkinTone_Dataset\Segmented_MSTE\subject_9/PXL_20220922_135633307.jpg,4,4,3,1,0.41154786944389343,5,5,5,4,1,1,0,1,1
G:\Thesis\MonkSkinTone_Dataset\Segmented_MSTE\subject_9/PXL_20220922_135631351.jpg,4,4,3,1,0.2902190089225769,4,4,4,3,1,0,1,1,1
G:\Thesis\MonkSkinTone_Dataset\Segmented_MSTE\subject_9/PXL_20220922_135621801.jpg,4,4,3,1,0.30441877245903015,4,4,4,3,1,0,1,1,1
G:\Thesis\MonkSkinTone_Dataset\Segmented_MSTE\subject_9/PXL_20220922_135619670.jpg,4,4,3,1,0.45701414346694946,5,5,5,4,1,1,0,1,1
G:\Thesis\MonkSkinTone_Dataset\Segmented_MSTE\subject_9/PXL_20220922_135618709.jpg,4,4,3,1,0.5244126915931702,6,6,6,5,1,2,0,0,1
G:\Thesis\MonkSkinTone_Dataset\Segmented_MSTE\subject_9/PXL_20220922_135616775.jpg,4,4,3,1,0.5298293828964233,6,6,6,5,1,2,0,0,1
G:\Thesis\MonkSkinTone_Dataset\Segmented_MSTE\subject_9/PXL_20220922_135614778.jpg,4,4,3,1,0.27213531732559204,3,3,3,2,0,1,0,1,0
G:\Thesis\MonkSkinTone_Dataset\Segmented_MSTE\subject_9/PXL_20220922_135612843.jpg,4,4,3,1,0.48523327708244324,5,5,5,4,1,1,0,1,1
G:\Thesis\MonkSkinTone_Dataset\Segmented_MSTE\subject_9/PXL_20220922_135610252.jpg,4,4,3,1,0.3336884379386902,4,4,4,3,1,0,1,1,1
G:\Thesis\MonkSkinTone_Dataset\Segmented_MSTE\subject_9/PXL_20220922_134614570.PORTRAIT.jpg,4,4,3,1,0.2593599557876587,3,3,3,2,0,1,0,1,0
G:\Thesis\MonkSkinTone_Dataset\Segmented_MSTE\subject_9/PXL_20220922_134612760.PORTRAIT.jpg,4,4,3,1,0.5137099623680115,6,6,6,5,1,2,0,0,1
G:\Thesis\MonkSkinTone_Dataset\Segmented_MSTE\subject_9/PXL_20220922_134609222.PORTRAIT.jpg,4,4,3,1,0.5064780116081238,6,6,6,5,1,2,0,0,1
G:\Thesis\MonkSkinTone_Dataset\Segmented_MSTE\subject_9/PXL_20220922_134607013.PORTRAIT.jpg,4,4,3,1,0.4645443558692932,5,5,5,4,1,1,0,1,1
G:\Thesis\MonkSkinTone_Dataset\Segmented_MSTE\subject_9/PXL_20220922_134605532.PORTRAIT.jpg,4,4,3,1,0.4426017999649048,5,5,5,4,1,1,0,1,1
G:\Thesis\MonkSkinTone_Dataset\Segmented_MSTE\subject_9/PXL_20220922_134558185.PORTRAIT.jpg,4,4,3,1,0.35315054655075073,4,4,4,3,1,0,1,1,1
G:\Thesis\MonkSkinTone_Dataset\Segmented_MSTE\subject_9/PXL_20220922_134555861.PORTRAIT.jpg,4,4,3,1,0.406408429145813,5,5,5,4,1,1,0,1,1
G:\Thesis\MonkSkinTone_Dataset\Segmented_MSTE\subject_9/PXL_20220922_134547863.PORTRAIT.jpg,4,4,3,1,0.5294243097305298,6,6,6,5,1,2,0,0,1
G:\Thesis\MonkSkinTone_Dataset\Segmented_MSTE\subject_9/PXL_20220922_134546973.PORTRAIT.jpg,4,4,3,1,0.5773305892944336,6,6,6,5,1,2,0,0,1
G:\Thesis\MonkSkinTone_Dataset\Segmented_MSTE\subject_9/PXL_20220922_134543733.PORTRAIT.jpg,4,4,3,1,0.5576388239860535,6,6,6,5,1,2,0,0,1
G:\Thesis\MonkSkinTone_Dataset\Segmented_MSTE\subject_9/PXL_20220922_134538984.PORTRAIT.jpg,4,4,3,1,0.3093692660331726,4,4,4,3,1,0,1,1,1
G:\Thesis\MonkSkinTone_Dataset\Segmented_MSTE\subject_8/PXL_20220922_144659539.PORTRAIT.jpg,2,2,1,0,0.3706366717815399,4,4,4,3,1,2,0,0,0
G:\Thesis\MonkSkinTone_Dataset\Segmented_MSTE\subject_8/PXL_20220922_144657086.PORTRAIT.jpg,2,2,1,0,0.18211820721626282,3,3,3,2,0,1,0,1,1
G:\Thesis\MonkSkinTone_Dataset\Segmented_MSTE\subject_8/PXL_20220922_144653190.PORTRAIT.jpg,2,2,1,0,0.5600204467773438,6,6,6,5,1,4,0,0,0
G:\Thesis\MonkSkinTone_Dataset\Segmented_MSTE\subject_8/PXL_20220922_144649856.PORTRAIT.jpg,2,2,1,0,0.1745680868625641,3,3,3,2,0,1,0,1,1
G:\Thesis\MonkSkinTone_Dataset\Segmented_MSTE\subject_8/PXL_20220922_144646233.PORTRAIT.jpg,2,2,1,0,0.2980685234069824,4,4,4,3,1,2,0,0,0
G:\Thesis\MonkSkinTone_Dataset\Segmented_MSTE\subject_8/PXL_20220922_144642875.PORTRAIT.jpg,2,2,1,0,0.3178406059741974,4,4,4,3,1,2,0,0,0
G:\Thesis\MonkSkinTone_Dataset\Segmented_MSTE\subject_8/PXL_20220922_144633196.PORTRAIT.jpg,2,2,1,0,0.15590034425258636,2,2,2,1,0,0,1,1,1
G:\Thesis\MonkSkinTone_Dataset\Segmented_MSTE\subject_8/PXL_20220922_144629915.PORTRAIT.jpg,2,2,1,0,0.2113322764635086,3,3,3,2,0,1,0,1,1
G:\Thesis\MonkSkinTone_Dataset\Segmented_MSTE\subject_8/PXL_20220922_144626615.PORTRAIT.jpg,2,2,1,0,0.2395571768283844,3,3,3,2,0,1,0,1,1
G:\Thesis\MonkSkinTone_Dataset\Segmented_MSTE\subject_8/PXL_20220922_144624483.PORTRAIT.jpg,2,2,1,0,0.27968624234199524,4,4,4,3,1,2,0,0,0
G:\Thesis\MonkSkinTone_Dataset\Segmented_MSTE\subject_8/PXL_20220922_144622637.PORTRAIT.jpg,2,2,1,0,0.2997221052646637,4,4,4,3,1,2,0,0,0
G:\Thesis\MonkSkinTone_Dataset\Segmented_MSTE\subject_8/PXL_20220922_144620965.PORTRAIT.jpg,2,2,1,0,0.20929481089115143,3,3,3,2,0,1,0,1,1
G:\Thesis\MonkSkinTone_Dataset\Segmented_MSTE\subject_8/PXL_20220922_144619340.PORTRAIT.jpg,2,2,1,0,0.21269087493419647,3,3,3,2,0,1,0,1,1
G:\Thesis\MonkSkinTone_Dataset\Segmented_MSTE\subject_8/PXL_20220922_144614653.PORTRAIT.jpg,2,2,1,0,0.3038982152938843,4,4,4,3,1,2,0,0,0
G:\Thesis\MonkSkinTone_Dataset\Segmented_MSTE\subject_8/PXL_20220922_144612556.PORTRAIT.jpg,2,2,1,0,0.2903648018836975,4,4,4,3,1,2,0,0,0
G:\Thesis\MonkSkinTone_Dataset\Segmented_MSTE\subject_8/PXL_20220922_144525051.jpg,2,2,1,0,0.3884257972240448,4,4,4,3,1,2,0,0,0
G:\Thesis\MonkSkinTone_Dataset\Segmented_MSTE\subject_8/PXL_20220922_144522915.jpg,2,2,1,0,0.29941800236701965,4,4,4,3,1,2,0,0,0
G:\Thesis\MonkSkinTone_Dataset\Segmented_MSTE\subject_8/PXL_20220922_144520738.jpg,2,2,1,0,0.2520323693752289,3,3,3,2,0,1,0,1,1
G:\Thesis\MonkSkinTone_Dataset\Segmented_MSTE\subject_8/PXL_20220922_144519434.jpg,2,2,1,0,0.21827805042266846,3,3,3,2,0,1,0,1,1
G:\Thesis\MonkSkinTone_Dataset\Segmented_MSTE\subject_8/PXL_20220922_144518107.jpg,2,2,1,0,0.44966015219688416,5,5,5,4,1,3,0,0,0
G:\Thesis\MonkSkinTone_Dataset\Segmented_MSTE\subject_8/PXL_20220922_144516437.jpg,2,2,1,0,0.3010767996311188,4,4,4,3,1,2,0,0,0
G:\Thesis\MonkSkinTone_Dataset\Segmented_MSTE\subject_8/PXL_20220922_144515169.jpg,2,2,1,0,0.3620202839374542,4,4,4,3,1,2,0,0,0
G:\Thesis\MonkSkinTone_Dataset\Segmented_MSTE\subject_8/PXL_20220922_144513518.jpg,2,2,1,0,0.2927987277507782,4,4,4,3,1,2,0,0,0
G:\Thesis\MonkSkinTone_Dataset\Segmented_MSTE\subject_8/PXL_20220922_144509854.jpg,2,2,1,0,0.31245797872543335,4,4,4,3,1,2,0,0,0
G:\Thesis\MonkSkinTone_Dataset\Segmented_MSTE\subject_8/PXL_20220922_144508322.jpg,2,2,1,0,0.4155198633670807,5,5,5,4,1,3,0,0,0
G:\Thesis\MonkSkinTone_Dataset\Segmented_MSTE\subject_8/PXL_20220922_144506455.jpg,2,2,1,0,0.2563723623752594,3,3,3,2,0,1,0,1,1
G:\Thesis\MonkSkinTone_Dataset\Segmented_MSTE\subject_8/PXL_20220922_144459281.jpg,2,2,1,0,0.26234522461891174,3,3,3,2,0,1,0,1,1
G:\Thesis\MonkSkinTone_Dataset\Segmented_MSTE\subject_8/PXL_20220922_144457808.jpg,2,2,1,0,0.1377945840358734,2,2,2,1,0,0,1,1,1
G:\Thesis\MonkSkinTone_Dataset\Segmented_MSTE\subject_8/PXL_20220922_144454460.jpg,2,2,1,0,0.1453990340232849,2,2,2,1,0,0,1,1,1
G:\Thesis\MonkSkinTone_Dataset\Segmented_MSTE\subject_8/PXL_20220922_144439857.jpg,2,2,1,0,0.3267602324485779,4,4,4,3,1,2,0,0,0
G:\Thesis\MonkSkinTone_Dataset\Segmented_MSTE\subject_8/PXL_20220922_144433061.jpg,2,2,1,0,0.38693708181381226,4,4,4,3,1,2,0,0,0
G:\Thesis\MonkSkinTone_Dataset\Segmented_MSTE\subject_8/PXL_20220922_144431094.jpg,2,2,1,0,0.3200928270816803,4,4,4,3,1,2,0,0,0
G:\Thesis\MonkSkinTone_Dataset\Segmented_MSTE\subject_8/PXL_20220922_144424020.jpg,2,2,1,0,0.21961776912212372,3,3,3,2,0,1,0,1,1
G:\Thesis\MonkSkinTone_Dataset\Segmented_MSTE\subject_8/PXL_20220922_144349886.jpg,2,2,1,0,0.5743116140365601,6,6,6,5,1,4,0,0,0
G:\Thesis\MonkSkinTone_Dataset\Segmented_MSTE\subject_8/PXL_20220922_144348319.jpg,2,2,1,0,0.5889229774475098,6,6,6,5,1,4,0,0,0
G:\Thesis\MonkSkinTone_Dataset\Segmented_MSTE\subject_8/PXL_20220922_144346637.jpg,2,2,1,0,0.599881649017334,6,6,6,5,1,4,0,0,0
G:\Thesis\MonkSkinTone_Dataset\Segmented_MSTE\subject_8/PXL_20220922_144342994.jpg,2,2,1,0,0.5810671448707581,6,6,6,5,1,4,0,0,0
G:\Thesis\MonkSkinTone_Dataset\Segmented_MSTE\subject_8/PXL_20220922_144243484.jpg,2,2,1,0,0.1907634735107422,3,3,3,2,0,1,0,1,1
G:\Thesis\MonkSkinTone_Dataset\Segmented_MSTE\subject_8/PXL_20220922_144242165.jpg,2,2,1,0,0.3798954486846924,4,4,4,3,1,2,0,0,0
G:\Thesis\MonkSkinTone_Dataset\Segmented_MSTE\subject_8/PXL_20220922_144240833.jpg,2,2,1,0,0.43985268473625183,5,5,5,4,1,3,0,0,0
G:\Thesis\MonkSkinTone_Dataset\Segmented_MSTE\subject_8/PXL_20220922_144239368.jpg,2,2,1,0,0.35602208971977234,4,4,4,3,1,2,0,0,0
G:\Thesis\MonkSkinTone_Dataset\Segmented_MSTE\subject_8/PXL_20220922_144237169.jpg,2,2,1,0,0.26152661442756653,3,3,3,2,0,1,0,1,1
G:\Thesis\MonkSkinTone_Dataset\Segmented_MSTE\subject_8/PXL_20220922_144233301.jpg,2,2,1,0,0.27061912417411804,3,3,3,2,0,1,0,1,1
G:\Thesis\MonkSkinTone_Dataset\Segmented_MSTE\subject_8/PXL_20220922_144230503.jpg,2,2,1,0,0.3300369679927826,4,4,4,3,1,2,0,0,0
G:\Thesis\MonkSkinTone_Dataset\Segmented_MSTE\subject_8/PXL_20220922_144229123.jpg,2,2,1,0,0.4746348559856415,5,5,5,4,1,3,0,0,0
G:\Thesis\MonkSkinTone_Dataset\Segmented_MSTE\subject_8/PXL_20220922_144227636.jpg,2,2,1,0,0.34744614362716675,4,4,4,3,1,2,0,0,0
G:\Thesis\MonkSkinTone_Dataset\Segmented_MSTE\subject_8/PXL_20220922_144225935.jpg,2,2,1,0,0.37881365418434143,4,4,4,3,1,2,0,0,0
G:\Thesis\MonkSkinTone_Dataset\Segmented_MSTE\subject_8/PXL_20220922_144214170.jpg,2,2,1,0,0.40116384625434875,5,5,5,4,1,3,0,0,0
G:\Thesis\MonkSkinTone_Dataset\Segmented_MSTE\subject_8/PXL_20220922_144212804.jpg,2,2,1,0,0.2670845091342926,3,3,3,2,0,1,0,1,1
G:\Thesis\MonkSkinTone_Dataset\Segmented_MSTE\subject_8/PXL_20220922_144211604.jpg,2,2,1,0,0.27288004755973816,3,3,3,2,0,1,0,1,1
G:\Thesis\MonkSkinTone_Dataset\Segmented_MSTE\subject_8/PXL_20220922_144209904.jpg,2,2,1,0,0.4060678482055664,5,5,5,4,1,3,0,0,0
G:\Thesis\MonkSkinTone_Dataset\Segmented_MSTE\subject_8/PXL_20220922_144208454.jpg,2,2,1,0,0.23740212619304657,3,3,3,2,0,1,0,1,1
G:\Thesis\MonkSkinTone_Dataset\Segmented_MSTE\subject_8/PXL_20220922_144201853.jpg,2,2,1,0,0.26196470856666565,3,3,3,2,0,1,0,1,1
G:\Thesis\MonkSkinTone_Dataset\Segmented_MSTE\subject_8/PXL_20220922_144158904.jpg,2,2,1,0,0.3363087475299835,4,4,4,3,1,2,0,0,0
G:\Thesis\MonkSkinTone_Dataset\Segmented_MSTE\subject_8/PXL_20220922_144157379.jpg,2,2,1,0,0.25969305634498596,3,3,3,2,0,1,0,1,1
G:\Thesis\MonkSkinTone_Dataset\Segmented_MSTE\subject_8/PXL_20220922_144155487.jpg,2,2,1,0,0.2628284692764282,3,3,3,2,0,1,0,1,1
G:\Thesis\MonkSkinTone_Dataset\Segmented_MSTE\subject_8/PXL_20220922_144135110.jpg,2,2,1,0,0.44884005188941956,5,5,5,4,1,3,0,0,0
G:\Thesis\MonkSkinTone_Dataset\Segmented_MSTE\subject_8/PXL_20220922_144133020.jpg,2,2,1,0,0.6465699076652527,7,7,7,6,1,5,0,0,0
G:\Thesis\MonkSkinTone_Dataset\Segmented_MSTE\subject_8/PXL_20220922_144130999.jpg,2,2,1,0,0.6518866419792175,7,7,7,6,1,5,0,0,0
G:\Thesis\MonkSkinTone_Dataset\Segmented_MSTE\subject_8/PXL_20220922_144126494.jpg,2,2,1,0,0.5221216678619385,6,6,6,5,1,4,0,0,0
G:\Thesis\MonkSkinTone_Dataset\Segmented_MSTE\subject_8/PXL_20220922_144049938.jpg,2,2,1,0,0.5836163759231567,6,6,6,5,1,4,0,0,0
G:\Thesis\MonkSkinTone_Dataset\Segmented_MSTE\subject_8/PXL_20220922_144048016.jpg,2,2,1,0,0.4673546254634857,5,5,5,4,1,3,0,0,0
G:\Thesis\MonkSkinTone_Dataset\Segmented_MSTE\subject_8/PXL_20220922_144046163.jpg,2,2,1,0,0.5092034935951233,6,6,6,5,1,4,0,0,0
G:\Thesis\MonkSkinTone_Dataset\Segmented_MSTE\subject_8/PXL_20220922_144044363.jpg,2,2,1,0,0.46130234003067017,5,5,5,4,1,3,0,0,0
G:\Thesis\MonkSkinTone_Dataset\Segmented_MSTE\subject_8/PXL_20220922_144042686.jpg,2,2,1,0,0.494054913520813,5,5,5,4,1,3,0,0,0
G:\Thesis\MonkSkinTone_Dataset\Segmented_MSTE\subject_8/PXL_20220922_144038878.jpg,2,2,1,0,0.48654404282569885,5,5,5,4,1,3,0,0,0
G:\Thesis\MonkSkinTone_Dataset\Segmented_MSTE\subject_8/PXL_20220922_144024003.jpg,2,2,1,0,0.4843112528324127,5,5,5,4,1,3,0,0,0
G:\Thesis\MonkSkinTone_Dataset\Segmented_MSTE\subject_8/PXL_20220922_144021761.jpg,2,2,1,0,0.5993351936340332,6,6,6,5,1,4,0,0,0
G:\Thesis\MonkSkinTone_Dataset\Segmented_MSTE\subject_8/PXL_20220922_144019524.jpg,2,2,1,0,0.51048344373703,6,6,6,5,1,4,0,0,0
G:\Thesis\MonkSkinTone_Dataset\Segmented_MSTE\subject_8/PXL_20220922_144017731.jpg,2,2,1,0,0.6401510834693909,7,7,7,6,1,5,0,0,0
G:\Thesis\MonkSkinTone_Dataset\Segmented_MSTE\subject_8/PXL_20220922_144015845.jpg,2,2,1,0,0.5088261365890503,6,6,6,5,1,4,0,0,0
G:\Thesis\MonkSkinTone_Dataset\Segmented_MSTE\subject_8/PXL_20220922_144000843.jpg,2,2,1,0,0.38247233629226685,4,4,4,3,1,2,0,0,0
G:\Thesis\MonkSkinTone_Dataset\Segmented_MSTE\subject_8/PXL_20220922_143958932.jpg,2,2,1,0,0.5565440654754639,6,6,6,5,1,4,0,0,0
G:\Thesis\MonkSkinTone_Dataset\Segmented_MSTE\subject_8/PXL_20220922_143956870.jpg,2,2,1,0,0.47025662660598755,5,5,5,4,1,3,0,0,0
G:\Thesis\MonkSkinTone_Dataset\Segmented_MSTE\subject_8/PXL_20220922_143954934.jpg,2,2,1,0,0.25219056010246277,3,3,3,2,0,1,0,1,1
G:\Thesis\MonkSkinTone_Dataset\Segmented_MSTE\subject_8/PXL_20220922_143953061.jpg,2,2,1,0,0.3340528905391693,4,4,4,3,1,2,0,0,0
G:\Thesis\MonkSkinTone_Dataset\Segmented_MSTE\subject_8/PXL_20220922_143950494.jpg,2,2,1,0,0.32003623247146606,4,4,4,3,1,2,0,0,0
G:\Thesis\MonkSkinTone_Dataset\Segmented_MSTE\subject_8/PXL_20220922_143938018.jpg,2,2,1,0,0.373735249042511,4,4,4,3,1,2,0,0,0
G:\Thesis\MonkSkinTone_Dataset\Segmented_MSTE\subject_8/PXL_20220922_143935867.jpg,2,2,1,0,0.4572109282016754,5,5,5,4,1,3,0,0,0
G:\Thesis\MonkSkinTone_Dataset\Segmented_MSTE\subject_8/PXL_20220922_143933791.jpg,2,2,1,0,0.5186639428138733,6,6,6,5,1,4,0,0,0
G:\Thesis\MonkSkinTone_Dataset\Segmented_MSTE\subject_8/PXL_20220922_143931549.jpg,2,2,1,0,0.5272043347358704,6,6,6,5,1,4,0,0,0
G:\Thesis\MonkSkinTone_Dataset\Segmented_MSTE\subject_8/PXL_20220922_143929898.jpg,2,2,1,0,0.38393262028694153,4,4,4,3,1,2,0,0,0
G:\Thesis\MonkSkinTone_Dataset\Segmented_MSTE\subject_8/PXL_20220922_143926991.jpg,2,2,1,0,0.3424909710884094,4,4,4,3,1,2,0,0,0
G:\Thesis\MonkSkinTone_Dataset\Segmented_MSTE\subject_7/PXL_20220922_200441666.jpg,4,4,3,1,0.3592969477176666,4,4,4,3,1,0,1,1,1
G:\Thesis\MonkSkinTone_Dataset\Segmented_MSTE\subject_7/PXL_20220922_201159649.jpg,4,4,3,1,0.6776701807975769,7,7,7,6,1,3,0,0,1
G:\Thesis\MonkSkinTone_Dataset\Segmented_MSTE\subject_7/PXL_20220922_201158155.jpg,4,4,3,1,0.6200852990150452,7,7,7,6,1,3,0,0,1
G:\Thesis\MonkSkinTone_Dataset\Segmented_MSTE\subject_7/PXL_20220922_201156891.jpg,4,4,3,1,0.7257959842681885,8,8,8,7,2,4,0,0,0
G:\Thesis\MonkSkinTone_Dataset\Segmented_MSTE\subject_7/PXL_20220922_201155538.jpg,4,4,3,1,0.6496991515159607,7,7,7,6,1,3,0,0,1
G:\Thesis\MonkSkinTone_Dataset\Segmented_MSTE\subject_7/PXL_20220922_201154083.jpg,4,4,3,1,0.628442645072937,7,7,7,6,1,3,0,0,1
G:\Thesis\MonkSkinTone_Dataset\Segmented_MSTE\subject_7/PXL_20220922_201150533.jpg,4,4,3,1,0.6792117953300476,7,7,7,6,1,3,0,0,1
G:\Thesis\MonkSkinTone_Dataset\Segmented_MSTE\subject_7/PXL_20220922_201148997.jpg,4,4,3,1,0.5907993316650391,6,6,6,5,1,2,0,0,1
G:\Thesis\MonkSkinTone_Dataset\Segmented_MSTE\subject_7/PXL_20220922_201147352.jpg,4,4,3,1,0.6997534036636353,7,7,7,6,1,3,0,0,1
G:\Thesis\MonkSkinTone_Dataset\Segmented_MSTE\subject_7/PXL_20220922_201144852.jpg,4,4,3,1,0.6216528415679932,7,7,7,6,1,3,0,0,1
G:\Thesis\MonkSkinTone_Dataset\Segmented_MSTE\subject_7/PXL_20220922_201142228.jpg,4,4,3,1,0.6015569567680359,6,6,6,5,1,2,0,0,1
G:\Thesis\MonkSkinTone_Dataset\Segmented_MSTE\subject_7/PXL_20220922_201123752.jpg,4,4,3,1,0.36950209736824036,4,4,4,3,1,0,1,1,1
G:\Thesis\MonkSkinTone_Dataset\Segmented_MSTE\subject_7/PXL_20220922_201115889.jpg,4,4,3,1,0.4426540732383728,5,5,5,4,1,1,0,1,1
G:\Thesis\MonkSkinTone_Dataset\Segmented_MSTE\subject_7/PXL_20220922_201112822.jpg,4,4,3,1,0.4463083744049072,5,5,5,4,1,1,0,1,1
G:\Thesis\MonkSkinTone_Dataset\Segmented_MSTE\subject_7/PXL_20220922_201105804.jpg,4,4,3,1,0.36195048689842224,4,4,4,3,1,0,1,1,1
G:\Thesis\MonkSkinTone_Dataset\Segmented_MSTE\subject_7/PXL_20220922_201104283.jpg,4,4,3,1,0.3121268153190613,4,4,4,3,1,0,1,1,1
G:\Thesis\MonkSkinTone_Dataset\Segmented_MSTE\subject_7/PXL_20220922_201103004.jpg,4,4,3,1,0.3100161850452423,4,4,4,3,1,0,1,1,1
G:\Thesis\MonkSkinTone_Dataset\Segmented_MSTE\subject_7/PXL_20220922_201100125.jpg,4,4,3,1,0.3310086131095886,4,4,4,3,1,0,1,1,1
G:\Thesis\MonkSkinTone_Dataset\Segmented_MSTE\subject_7/PXL_20220922_201058066.jpg,4,4,3,1,0.3058232069015503,4,4,4,3,1,0,1,1,1
G:\Thesis\MonkSkinTone_Dataset\Segmented_MSTE\subject_7/PXL_20220922_201056746.jpg,4,4,3,1,0.32701900601387024,4,4,4,3,1,0,1,1,1
G:\Thesis\MonkSkinTone_Dataset\Segmented_MSTE\subject_7/PXL_20220922_201055412.jpg,4,4,3,1,0.29347607493400574,4,4,4,3,1,0,1,1,1
G:\Thesis\MonkSkinTone_Dataset\Segmented_MSTE\subject_7/PXL_20220922_201053928.jpg,4,4,3,1,0.24519123136997223,3,3,3,2,0,1,0,1,0
G:\Thesis\MonkSkinTone_Dataset\Segmented_MSTE\subject_7/PXL_20220922_201019240.jpg,4,4,3,1,0.4911859929561615,5,5,5,4,1,1,0,1,1
G:\Thesis\MonkSkinTone_Dataset\Segmented_MSTE\subject_7/PXL_20220922_201017494.jpg,4,4,3,1,0.49078303575515747,5,5,5,4,1,1,0,1,1
G:\Thesis\MonkSkinTone_Dataset\Segmented_MSTE\subject_7/PXL_20220922_201015629.jpg,4,4,3,1,0.4319418668746948,5,5,5,4,1,1,0,1,1
G:\Thesis\MonkSkinTone_Dataset\Segmented_MSTE\subject_7/PXL_20220922_201013077.jpg,4,4,3,1,0.43484729528427124,5,5,5,4,1,1,0,1,1
G:\Thesis\MonkSkinTone_Dataset\Segmented_MSTE\subject_7/PXL_20220922_201010784.jpg,4,4,3,1,0.5046501159667969,6,6,6,5,1,2,0,0,1
G:\Thesis\MonkSkinTone_Dataset\Segmented_MSTE\subject_7/PXL_20220922_201003232.jpg,4,4,3,1,0.48006001114845276,5,5,5,4,1,1,0,1,1
G:\Thesis\MonkSkinTone_Dataset\Segmented_MSTE\subject_7/PXL_20220922_200959790.jpg,4,4,3,1,0.5939280986785889,6,6,6,5,1,2,0,0,1
G:\Thesis\MonkSkinTone_Dataset\Segmented_MSTE\subject_7/PXL_20220922_200956536.jpg,4,4,3,1,0.47199007868766785,5,5,5,4,1,1,0,1,1
G:\Thesis\MonkSkinTone_Dataset\Segmented_MSTE\subject_7/PXL_20220922_200954702.jpg,4,4,3,1,0.3887125849723816,4,4,4,3,1,0,1,1,1
G:\Thesis\MonkSkinTone_Dataset\Segmented_MSTE\subject_7/PXL_20220922_200952853.jpg,4,4,3,1,0.4956750273704529,5,5,5,4,1,1,0,1,1
G:\Thesis\MonkSkinTone_Dataset\Segmented_MSTE\subject_7/PXL_20220922_200941758.jpg,4,4,3,1,0.43083032965660095,5,5,5,4,1,1,0,1,1
G:\Thesis\MonkSkinTone_Dataset\Segmented_MSTE\subject_7/PXL_20220922_200939541.jpg,4,4,3,1,0.371694415807724,4,4,4,3,1,0,1,1,1
G:\Thesis\MonkSkinTone_Dataset\Segmented_MSTE\subject_7/PXL_20220922_200937622.jpg,4,4,3,1,0.30346283316612244,4,4,4,3,1,0,1,1,1
G:\Thesis\MonkSkinTone_Dataset\Segmented_MSTE\subject_7/PXL_20220922_200935095.jpg,4,4,3,1,0.34417688846588135,4,4,4,3,1,0,1,1,1
G:\Thesis\MonkSkinTone_Dataset\Segmented_MSTE\subject_7/PXL_20220922_200933252.jpg,4,4,3,1,0.4600750803947449,5,5,5,4,1,1,0,1,1
G:\Thesis\MonkSkinTone_Dataset\Segmented_MSTE\subject_7/PXL_20220922_200921149.jpg,4,4,3,1,0.495701402425766,5,5,5,4,1,1,0,1,1
G:\Thesis\MonkSkinTone_Dataset\Segmented_MSTE\subject_7/PXL_20220922_200918851.jpg,4,4,3,1,0.5657258033752441,6,6,6,5,1,2,0,0,1
G:\Thesis\MonkSkinTone_Dataset\Segmented_MSTE\subject_7/PXL_20220922_200916683.jpg,4,4,3,1,0.3065880835056305,4,4,4,3,1,0,1,1,1
G:\Thesis\MonkSkinTone_Dataset\Segmented_MSTE\subject_7/PXL_20220922_200914218.jpg,4,4,3,1,0.35988152027130127,4,4,4,3,1,0,1,1,1
G:\Thesis\MonkSkinTone_Dataset\Segmented_MSTE\subject_7/PXL_20220922_200912092.jpg,4,4,3,1,0.5725107789039612,6,6,6,5,1,2,0,0,1
G:\Thesis\MonkSkinTone_Dataset\Segmented_MSTE\subject_7/PXL_20220922_200843113.jpg,4,4,3,1,0.342216819524765,4,4,4,3,1,0,1,1,1
G:\Thesis\MonkSkinTone_Dataset\Segmented_MSTE\subject_7/PXL_20220922_200842021.jpg,4,4,3,1,0.257287859916687,3,3,3,2,0,1,0,1,0
G:\Thesis\MonkSkinTone_Dataset\Segmented_MSTE\subject_7/PXL_20220922_200840646.jpg,4,4,3,1,0.2746797204017639,3,3,3,2,0,1,0,1,0
G:\Thesis\MonkSkinTone_Dataset\Segmented_MSTE\subject_7/PXL_20220922_200839628.jpg,4,4,3,1,0.2696303725242615,3,3,3,2,0,1,0,1,0
G:\Thesis\MonkSkinTone_Dataset\Segmented_MSTE\subject_7/PXL_20220922_200836956.jpg,4,4,3,1,0.21393245458602905,3,3,3,2,0,1,0,1,0
G:\Thesis\MonkSkinTone_Dataset\Segmented_MSTE\subject_7/PXL_20220922_200835329.jpg,4,4,3,1,0.3946605920791626,5,5,5,4,1,1,0,1,1
G:\Thesis\MonkSkinTone_Dataset\Segmented_MSTE\subject_7/PXL_20220922_200834042.jpg,4,4,3,1,0.3726750314235687,4,4,4,3,1,0,1,1,1
G:\Thesis\MonkSkinTone_Dataset\Segmented_MSTE\subject_7/PXL_20220922_200832775.jpg,4,4,3,1,0.341456800699234,4,4,4,3,1,0,1,1,1
G:\Thesis\MonkSkinTone_Dataset\Segmented_MSTE\subject_7/PXL_20220922_200831394.jpg,4,4,3,1,0.3051563501358032,4,4,4,3,1,0,1,1,1
G:\Thesis\MonkSkinTone_Dataset\Segmented_MSTE\subject_7/PXL_20220922_200830294.jpg,4,4,3,1,0.34678319096565247,4,4,4,3,1,0,1,1,1
G:\Thesis\MonkSkinTone_Dataset\Segmented_MSTE\subject_7/PXL_20220922_200829155.jpg,4,4,3,1,0.2997708320617676,4,4,4,3,1,0,1,1,1
G:\Thesis\MonkSkinTone_Dataset\Segmented_MSTE\subject_7/PXL_20220922_200640074.jpg,4,4,3,1,0.4104630947113037,5,5,5,4,1,1,0,1,1
G:\Thesis\MonkSkinTone_Dataset\Segmented_MSTE\subject_7/PXL_20220922_200637881.jpg,4,4,3,1,0.29338139295578003,4,4,4,3,1,0,1,1,1
G:\Thesis\MonkSkinTone_Dataset\Segmented_MSTE\subject_7/PXL_20220922_200634218.jpg,4,4,3,1,0.2901769280433655,4,4,4,3,1,0,1,1,1
G:\Thesis\MonkSkinTone_Dataset\Segmented_MSTE\subject_7/PXL_20220922_200631137.jpg,4,4,3,1,0.25855696201324463,3,3,3,2,0,1,0,1,0
G:\Thesis\MonkSkinTone_Dataset\Segmented_MSTE\subject_7/PXL_20220922_200630624.jpg,4,4,3,1,0.268291711807251,3,3,3,2,0,1,0,1,0
G:\Thesis\MonkSkinTone_Dataset\Segmented_MSTE\subject_7/PXL_20220922_200627889.jpg,4,4,3,1,0.43910735845565796,5,5,5,4,1,1,0,1,1
G:\Thesis\MonkSkinTone_Dataset\Segmented_MSTE\subject_7/PXL_20220922_200625319.jpg,4,4,3,1,0.26131269335746765,3,3,3,2,0,1,0,1,0
G:\Thesis\MonkSkinTone_Dataset\Segmented_MSTE\subject_7/PXL_20220922_200620775.jpg,4,4,3,1,0.43624138832092285,5,5,5,4,1,1,0,1,1
G:\Thesis\MonkSkinTone_Dataset\Segmented_MSTE\subject_7/PXL_20220922_200618729.jpg,4,4,3,1,0.28311648964881897,4,4,4,3,1,0,1,1,1
G:\Thesis\MonkSkinTone_Dataset\Segmented_MSTE\subject_7/PXL_20220922_200615910.jpg,4,4,3,1,0.34367507696151733,4,4,4,3,1,0,1,1,1
G:\Thesis\MonkSkinTone_Dataset\Segmented_MSTE\subject_7/PXL_20220922_200613567.jpg,4,4,3,1,0.37157687544822693,4,4,4,3,1,0,1,1,1
G:\Thesis\MonkSkinTone_Dataset\Segmented_MSTE\subject_7/PXL_20220922_200610155.jpg,4,4,3,1,0.27435043454170227,3,3,3,2,0,1,0,1,0
G:\Thesis\MonkSkinTone_Dataset\Segmented_MSTE\subject_7/PXL_20220922_200604281.jpg,4,4,3,1,0.41744810342788696,5,5,5,4,1,1,0,1,1
G:\Thesis\MonkSkinTone_Dataset\Segmented_MSTE\subject_7/PXL_20220922_200601375.jpg,4,4,3,1,0.3826085329055786,4,4,4,3,1,0,1,1,1
G:\Thesis\MonkSkinTone_Dataset\Segmented_MSTE\subject_7/PXL_20220922_200559727.jpg,4,4,3,1,0.37539446353912354,4,4,4,3,1,0,1,1,1
G:\Thesis\MonkSkinTone_Dataset\Segmented_MSTE\subject_7/PXL_20220922_200557501.jpg,4,4,3,1,0.32127851247787476,4,4,4,3,1,0,1,1,1
G:\Thesis\MonkSkinTone_Dataset\Segmented_MSTE\subject_7/PXL_20220922_200554422.jpg,4,4,3,1,0.34737956523895264,4,4,4,3,1,0,1,1,1
G:\Thesis\MonkSkinTone_Dataset\Segmented_MSTE\subject_7/PXL_20220922_200552085.jpg,4,4,3,1,0.44023290276527405,5,5,5,4,1,1,0,1,1
G:\Thesis\MonkSkinTone_Dataset\Segmented_MSTE\subject_7/PXL_20220922_200549845.jpg,4,4,3,1,0.42905786633491516,5,5,5,4,1,1,0,1,1
G:\Thesis\MonkSkinTone_Dataset\Segmented_MSTE\subject_7/PXL_20220922_200547755.jpg,4,4,3,1,0.4275507926940918,5,5,5,4,1,1,0,1,1
G:\Thesis\MonkSkinTone_Dataset\Segmented_MSTE\subject_7/PXL_20220922_200545171.jpg,4,4,3,1,0.27521225810050964,3,3,3,2,0,1,0,1,0
G:\Thesis\MonkSkinTone_Dataset\Segmented_MSTE\subject_7/PXL_20220922_200543167.jpg,4,4,3,1,0.26645544171333313,3,3,3,2,0,1,0,1,0
G:\Thesis\MonkSkinTone_Dataset\Segmented_MSTE\subject_7/PXL_20220922_200529265.jpg,4,4,3,1,0.43473711609840393,5,5,5,4,1,1,0,1,1
G:\Thesis\MonkSkinTone_Dataset\Segmented_MSTE\subject_7/PXL_20220922_200527926.jpg,4,4,3,1,0.3825118839740753,4,4,4,3,1,0,1,1,1
G:\Thesis\MonkSkinTone_Dataset\Segmented_MSTE\subject_7/PXL_20220922_200526574.jpg,4,4,3,1,0.3628767728805542,4,4,4,3,1,0,1,1,1
G:\Thesis\MonkSkinTone_Dataset\Segmented_MSTE\subject_7/PXL_20220922_200522557.jpg,4,4,3,1,0.4224240779876709,5,5,5,4,1,1,0,1,1
G:\Thesis\MonkSkinTone_Dataset\Segmented_MSTE\subject_7/PXL_20220922_200519022.jpg,4,4,3,1,0.5029741525650024,6,6,6,5,1,2,0,0,1
G:\Thesis\MonkSkinTone_Dataset\Segmented_MSTE\subject_7/PXL_20220922_200517814.jpg,4,4,3,1,0.30006226897239685,4,4,4,3,1,0,1,1,1
G:\Thesis\MonkSkinTone_Dataset\Segmented_MSTE\subject_7/PXL_20220922_200516243.jpg,4,4,3,1,0.38542255759239197,4,4,4,3,1,0,1,1,1
G:\Thesis\MonkSkinTone_Dataset\Segmented_MSTE\subject_7/PXL_20220922_200514458.jpg,4,4,3,1,0.5789536833763123,6,6,6,5,1,2,0,0,1
G:\Thesis\MonkSkinTone_Dataset\Segmented_MSTE\subject_7/PXL_20220922_200512276.jpg,4,4,3,1,0.2949320077896118,4,4,4,3,1,0,1,1,1
G:\Thesis\MonkSkinTone_Dataset\Segmented_MSTE\subject_7/PXL_20220922_200503926.jpg,4,4,3,1,0.42126527428627014,5,5,5,4,1,1,0,1,1
G:\Thesis\MonkSkinTone_Dataset\Segmented_MSTE\subject_7/PXL_20220922_200502809.jpg,4,4,3,1,0.4151746928691864,5,5,5,4,1,1,0,1,1
G:\Thesis\MonkSkinTone_Dataset\Segmented_MSTE\subject_7/PXL_20220922_200501406.jpg,4,4,3,1,0.29926425218582153,4,4,4,3,1,0,1,1,1
G:\Thesis\MonkSkinTone_Dataset\Segmented_MSTE\subject_7/PXL_20220922_200459788.jpg,4,4,3,1,0.47718527913093567,5,5,5,4,1,1,0,1,1
G:\Thesis\MonkSkinTone_Dataset\Segmented_MSTE\subject_7/PXL_20220922_200457952.jpg,4,4,3,1,0.2860207259654999,4,4,4,3,1,0,1,1,1
G:\Thesis\MonkSkinTone_Dataset\Segmented_MSTE\subject_7/PXL_20220922_200455601.jpg,4,4,3,1,0.4698605239391327,5,5,5,4,1,1,0,1,1
G:\Thesis\MonkSkinTone_Dataset\Segmented_MSTE\subject_7/PXL_20220922_200453652.jpg,4,4,3,1,0.31596633791923523,4,4,4,3,1,0,1,1,1
G:\Thesis\MonkSkinTone_Dataset\Segmented_MSTE\subject_7/PXL_20220922_200451627.jpg,4,4,3,1,0.4050232768058777,5,5,5,4,1,1,0,1,1
G:\Thesis\MonkSkinTone_Dataset\Segmented_MSTE\subject_7/PXL_20220922_200448892.jpg,4,4,3,1,0.38219839334487915,4,4,4,3,1,0,1,1,1
G:\Thesis\MonkSkinTone_Dataset\Segmented_MSTE\subject_6/PXL_20220922_141458544.PORTRAIT.jpg,5,5,4,1,0.5487346053123474,6,6,6,5,1,1,0,1,1
G:\Thesis\MonkSkinTone_Dataset\Segmented_MSTE\subject_6/PXL_20220922_142317969.PORTRAIT.jpg,5,5,4,1,0.40055063366889954,5,5,5,4,1,0,1,1,1
G:\Thesis\MonkSkinTone_Dataset\Segmented_MSTE\subject_6/PXL_20220922_142314137.PORTRAIT.jpg,5,5,4,1,0.24570602178573608,3,3,3,2,0,2,0,0,0
G:\Thesis\MonkSkinTone_Dataset\Segmented_MSTE\subject_6/PXL_20220922_142309716.PORTRAIT.jpg,5,5,4,1,0.3717717230319977,4,4,4,3,1,1,0,1,1
G:\Thesis\MonkSkinTone_Dataset\Segmented_MSTE\subject_6/PXL_20220922_142308221.PORTRAIT.jpg,5,5,4,1,0.45580363273620605,5,5,5,4,1,0,1,1,1
G:\Thesis\MonkSkinTone_Dataset\Segmented_MSTE\subject_6/PXL_20220922_142306737.PORTRAIT.jpg,5,5,4,1,0.49041447043418884,5,5,5,4,1,0,1,1,1
G:\Thesis\MonkSkinTone_Dataset\Segmented_MSTE\subject_6/PXL_20220922_142259877.PORTRAIT.jpg,5,5,4,1,0.4725281596183777,5,5,5,4,1,0,1,1,1
G:\Thesis\MonkSkinTone_Dataset\Segmented_MSTE\subject_6/PXL_20220922_142256912.PORTRAIT.jpg,5,5,4,1,0.28947433829307556,4,4,4,3,1,1,0,1,1
G:\Thesis\MonkSkinTone_Dataset\Segmented_MSTE\subject_6/PXL_20220922_142255593.PORTRAIT.jpg,5,5,4,1,0.44415876269340515,5,5,5,4,1,0,1,1,1
G:\Thesis\MonkSkinTone_Dataset\Segmented_MSTE\subject_6/PXL_20220922_142254164.PORTRAIT.jpg,5,5,4,1,0.4297019839286804,5,5,5,4,1,0,1,1,1
G:\Thesis\MonkSkinTone_Dataset\Segmented_MSTE\subject_6/PXL_20220922_142251582.PORTRAIT.jpg,5,5,4,1,0.4809820055961609,5,5,5,4,1,0,1,1,1
G:\Thesis\MonkSkinTone_Dataset\Segmented_MSTE\subject_6/PXL_20220922_142247360.PORTRAIT.jpg,5,5,4,1,0.4252948462963104,5,5,5,4,1,0,1,1,1
G:\Thesis\MonkSkinTone_Dataset\Segmented_MSTE\subject_6/PXL_20220922_142245552.PORTRAIT.jpg,5,5,4,1,0.3219796419143677,4,4,4,3,1,1,0,1,1
G:\Thesis\MonkSkinTone_Dataset\Segmented_MSTE\subject_6/PXL_20220922_142243136.PORTRAIT.jpg,5,5,4,1,0.4421498775482178,5,5,5,4,1,0,1,1,1
G:\Thesis\MonkSkinTone_Dataset\Segmented_MSTE\subject_6/PXL_20220922_142240665.PORTRAIT.jpg,5,5,4,1,0.5012434124946594,6,6,6,5,1,1,0,1,1
G:\Thesis\MonkSkinTone_Dataset\Segmented_MSTE\subject_6/PXL_20220922_142237800.PORTRAIT.jpg,5,5,4,1,0.44848737120628357,5,5,5,4,1,0,1,1,1
G:\Thesis\MonkSkinTone_Dataset\Segmented_MSTE\subject_6/PXL_20220922_142200222.jpg,5,5,4,1,0.2902686893939972,4,4,4,3,1,1,0,1,1
G:\Thesis\MonkSkinTone_Dataset\Segmented_MSTE\subject_6/PXL_20220922_142157924.jpg,5,5,4,1,0.33594125509262085,4,4,4,3,1,1,0,1,1
G:\Thesis\MonkSkinTone_Dataset\Segmented_MSTE\subject_6/PXL_20220922_142156487.jpg,5,5,4,1,0.31356093287467957,4,4,4,3,1,1,0,1,1
G:\Thesis\MonkSkinTone_Dataset\Segmented_MSTE\subject_6/PXL_20220922_142155246.jpg,5,5,4,1,0.486564576625824,5,5,5,4,1,0,1,1,1
G:\Thesis\MonkSkinTone_Dataset\Segmented_MSTE\subject_6/PXL_20220922_142153214.jpg,5,5,4,1,0.44686001539230347,5,5,5,4,1,0,1,1,1
G:\Thesis\MonkSkinTone_Dataset\Segmented_MSTE\subject_6/PXL_20220922_142151943.jpg,5,5,4,1,0.44106096029281616,5,5,5,4,1,0,1,1,1
G:\Thesis\MonkSkinTone_Dataset\Segmented_MSTE\subject_6/PXL_20220922_142150811.jpg,5,5,4,1,0.7263038158416748,8,8,8,7,2,3,0,0,0
G:\Thesis\MonkSkinTone_Dataset\Segmented_MSTE\subject_6/PXL_20220922_142149612.jpg,5,5,4,1,0.3867267370223999,4,4,4,3,1,1,0,1,1
G:\Thesis\MonkSkinTone_Dataset\Segmented_MSTE\subject_6/PXL_20220922_142144978.jpg,5,5,4,1,0.2695421278476715,3,3,3,2,0,2,0,0,0
G:\Thesis\MonkSkinTone_Dataset\Segmented_MSTE\subject_6/PXL_20220922_142143256.jpg,5,5,4,1,0.45926371216773987,5,5,5,4,1,0,1,1,1
G:\Thesis\MonkSkinTone_Dataset\Segmented_MSTE\subject_6/PXL_20220922_142141315.jpg,5,5,4,1,0.41170191764831543,5,5,5,4,1,0,1,1,1
G:\Thesis\MonkSkinTone_Dataset\Segmented_MSTE\subject_6/PXL_20220922_142133535.jpg,5,5,4,1,0.43418845534324646,5,5,5,4,1,0,1,1,1
G:\Thesis\MonkSkinTone_Dataset\Segmented_MSTE\subject_6/PXL_20220922_142122608.jpg,5,5,4,1,0.2955353260040283,4,4,4,3,1,1,0,1,1
G:\Thesis\MonkSkinTone_Dataset\Segmented_MSTE\subject_6/PXL_20220922_142118942.jpg,5,5,4,1,0.36536362767219543,4,4,4,3,1,1,0,1,1
G:\Thesis\MonkSkinTone_Dataset\Segmented_MSTE\subject_6/PXL_20220922_142117383.jpg,5,5,4,1,0.5210593342781067,6,6,6,5,1,1,0,1,1
G:\Thesis\MonkSkinTone_Dataset\Segmented_MSTE\subject_6/PXL_20220922_142115816.jpg,5,5,4,1,0.30014264583587646,4,4,4,3,1,1,0,1,1
G:\Thesis\MonkSkinTone_Dataset\Segmented_MSTE\subject_6/PXL_20220922_142114208.jpg,5,5,4,1,0.4268868863582611,5,5,5,4,1,0,1,1,1
G:\Thesis\MonkSkinTone_Dataset\Segmented_MSTE\subject_6/PXL_20220922_142112641.jpg,5,5,4,1,0.47392088174819946,5,5,5,4,1,0,1,1,1
G:\Thesis\MonkSkinTone_Dataset\Segmented_MSTE\subject_6/PXL_20220922_142111300.jpg,5,5,4,1,0.2294144183397293,3,3,3,2,0,2,0,0,0
G:\Thesis\MonkSkinTone_Dataset\Segmented_MSTE\subject_6/PXL_20220922_142108629.jpg,5,5,4,1,0.2490687370300293,3,3,3,2,0,2,0,0,0
G:\Thesis\MonkSkinTone_Dataset\Segmented_MSTE\subject_6/PXL_20220922_142106716.jpg,5,5,4,1,0.4193976819515228,5,5,5,4,1,0,1,1,1
G:\Thesis\MonkSkinTone_Dataset\Segmented_MSTE\subject_6/PXL_20220922_142105039.jpg,5,5,4,1,0.283552348613739,4,4,4,3,1,1,0,1,1
G:\Thesis\MonkSkinTone_Dataset\Segmented_MSTE\subject_6/PXL_20220922_142103081.jpg,5,5,4,1,0.27978432178497314,4,4,4,3,1,1,0,1,1
G:\Thesis\MonkSkinTone_Dataset\Segmented_MSTE\subject_6/PXL_20220922_142100200.jpg,5,5,4,1,0.4140942096710205,5,5,5,4,1,0,1,1,1
G:\Thesis\MonkSkinTone_Dataset\Segmented_MSTE\subject_6/PXL_20220922_142057251.jpg,5,5,4,1,0.3525955379009247,4,4,4,3,1,1,0,1,1
G:\Thesis\MonkSkinTone_Dataset\Segmented_MSTE\subject_6/PXL_20220922_142041715.PORTRAIT.jpg,5,5,4,1,0.38307246565818787,4,4,4,3,1,1,0,1,1
G:\Thesis\MonkSkinTone_Dataset\Segmented_MSTE\subject_6/PXL_20220922_141840168.PORTRAIT.jpg,5,5,4,1,0.5091416835784912,6,6,6,5,1,1,0,1,1
G:\Thesis\MonkSkinTone_Dataset\Segmented_MSTE\subject_6/PXL_20220922_141836902.PORTRAIT.jpg,5,5,4,1,0.4970454275608063,5,5,5,4,1,0,1,1,1
G:\Thesis\MonkSkinTone_Dataset\Segmented_MSTE\subject_6/PXL_20220922_141835021.PORTRAIT.jpg,5,5,4,1,0.49888432025909424,5,5,5,4,1,0,1,1,1
G:\Thesis\MonkSkinTone_Dataset\Segmented_MSTE\subject_6/PXL_20220922_141831973.PORTRAIT.jpg,5,5,4,1,0.41959837079048157,5,5,5,4,1,0,1,1,1
G:\Thesis\MonkSkinTone_Dataset\Segmented_MSTE\subject_6/PXL_20220922_141826372.PORTRAIT.jpg,5,5,4,1,0.396063894033432,5,5,5,4,1,0,1,1,1
G:\Thesis\MonkSkinTone_Dataset\Segmented_MSTE\subject_6/PXL_20220922_141819690.PORTRAIT.jpg,5,5,4,1,0.3465425968170166,4,4,4,3,1,1,0,1,1
G:\Thesis\MonkSkinTone_Dataset\Segmented_MSTE\subject_6/PXL_20220922_141815198.PORTRAIT.jpg,5,5,4,1,0.5768401026725769,6,6,6,5,1,1,0,1,1
G:\Thesis\MonkSkinTone_Dataset\Segmented_MSTE\subject_6/PXL_20220922_141810468.PORTRAIT.jpg,5,5,4,1,0.6174728274345398,7,7,7,6,1,2,0,0,1
G:\Thesis\MonkSkinTone_Dataset\Segmented_MSTE\subject_6/PXL_20220922_141748897.PORTRAIT.jpg,5,5,4,1,0.42128849029541016,5,5,5,4,1,0,1,1,1
G:\Thesis\MonkSkinTone_Dataset\Segmented_MSTE\subject_6/PXL_20220922_141746988.PORTRAIT.jpg,5,5,4,1,0.42455151677131653,5,5,5,4,1,0,1,1,1
G:\Thesis\MonkSkinTone_Dataset\Segmented_MSTE\subject_6/PXL_20220922_141741394.PORTRAIT.jpg,5,5,4,1,0.38199156522750854,4,4,4,3,1,1,0,1,1
G:\Thesis\MonkSkinTone_Dataset\Segmented_MSTE\subject_6/PXL_20220922_141737535.PORTRAIT.jpg,5,5,4,1,0.469937801361084,5,5,5,4,1,0,1,1,1
G:\Thesis\MonkSkinTone_Dataset\Segmented_MSTE\subject_6/PXL_20220922_141733560.PORTRAIT.jpg,5,5,4,1,0.43218398094177246,5,5,5,4,1,0,1,1,1
G:\Thesis\MonkSkinTone_Dataset\Segmented_MSTE\subject_6/PXL_20220922_141729618.PORTRAIT.jpg,5,5,4,1,0.6051047444343567,6,6,6,5,1,1,0,1,1
G:\Thesis\MonkSkinTone_Dataset\Segmented_MSTE\subject_6/PXL_20220922_141724943.PORTRAIT.jpg,5,5,4,1,0.49826937913894653,5,5,5,4,1,0,1,1,1
G:\Thesis\MonkSkinTone_Dataset\Segmented_MSTE\subject_6/PXL_20220922_141639932.jpg,5,5,4,1,0.4163735508918762,5,5,5,4,1,0,1,1,1
G:\Thesis\MonkSkinTone_Dataset\Segmented_MSTE\subject_6/PXL_20220922_141635391.jpg,5,5,4,1,0.4872405529022217,5,5,5,4,1,0,1,1,1
G:\Thesis\MonkSkinTone_Dataset\Segmented_MSTE\subject_6/PXL_20220922_141632698.jpg,5,5,4,1,0.4182133972644806,5,5,5,4,1,0,1,1,1
G:\Thesis\MonkSkinTone_Dataset\Segmented_MSTE\subject_6/PXL_20220922_141625961.jpg,5,5,4,1,0.39396196603775024,5,5,5,4,1,0,1,1,1
G:\Thesis\MonkSkinTone_Dataset\Segmented_MSTE\subject_6/PXL_20220922_141619931.jpg,5,5,4,1,0.5115364193916321,6,6,6,5,1,1,0,1,1
G:\Thesis\MonkSkinTone_Dataset\Segmented_MSTE\subject_6/PXL_20220922_141605392.jpg,5,5,4,1,0.47595953941345215,5,5,5,4,1,0,1,1,1
G:\Thesis\MonkSkinTone_Dataset\Segmented_MSTE\subject_6/PXL_20220922_141526293.jpg,5,5,4,1,0.5785903930664062,6,6,6,5,1,1,0,1,1
G:\Thesis\MonkSkinTone_Dataset\Segmented_MSTE\subject_6/PXL_20220922_141525030.jpg,5,5,4,1,0.5086590647697449,6,6,6,5,1,1,0,1,1
G:\Thesis\MonkSkinTone_Dataset\Segmented_MSTE\subject_6/PXL_20220922_141523144.jpg,5,5,4,1,0.6491143107414246,7,7,7,6,1,2,0,0,1
G:\Thesis\MonkSkinTone_Dataset\Segmented_MSTE\subject_6/PXL_20220922_141521292.jpg,5,5,4,1,0.5477871298789978,6,6,6,5,1,1,0,1,1
G:\Thesis\MonkSkinTone_Dataset\Segmented_MSTE\subject_6/PXL_20220922_141519820.jpg,5,5,4,1,0.5080797076225281,6,6,6,5,1,1,0,1,1
G:\Thesis\MonkSkinTone_Dataset\Segmented_MSTE\subject_6/PXL_20220922_141513523.PORTRAIT.jpg,5,5,4,1,0.5608771443367004,6,6,6,5,1,1,0,1,1
G:\Thesis\MonkSkinTone_Dataset\Segmented_MSTE\subject_6/PXL_20220922_141511755.PORTRAIT.jpg,5,5,4,1,0.5971710681915283,6,6,6,5,1,1,0,1,1
G:\Thesis\MonkSkinTone_Dataset\Segmented_MSTE\subject_6/PXL_20220922_141509803.PORTRAIT.jpg,5,5,4,1,0.6045759320259094,6,6,6,5,1,1,0,1,1
G:\Thesis\MonkSkinTone_Dataset\Segmented_MSTE\subject_6/PXL_20220922_141507384.PORTRAIT.jpg,5,5,4,1,0.6382377743721008,7,7,7,6,1,2,0,0,1
G:\Thesis\MonkSkinTone_Dataset\Segmented_MSTE\subject_6/PXL_20220922_141501094.PORTRAIT.jpg,5,5,4,1,0.47994664311408997,5,5,5,4,1,0,1,1,1
G:\Thesis\MonkSkinTone_Dataset\Segmented_MSTE\subject_5/PXL_20220922_142413482.jpg,7,7,6,1,0.5913561582565308,6,6,6,5,1,1,0,1,1
G:\Thesis\MonkSkinTone_Dataset\Segmented_MSTE\subject_5/PXL_20220922_143253414.jpg,7,7,6,1,0.6788309216499329,7,7,7,6,1,0,1,1,1
G:\Thesis\MonkSkinTone_Dataset\Segmented_MSTE\subject_5/PXL_20220922_143251719.jpg,7,7,6,1,0.6354386210441589,7,7,7,6,1,0,1,1,1
G:\Thesis\MonkSkinTone_Dataset\Segmented_MSTE\subject_5/PXL_20220922_143246772.jpg,7,7,6,1,0.7166606783866882,7,7,7,6,1,0,1,1,1
G:\Thesis\MonkSkinTone_Dataset\Segmented_MSTE\subject_5/PXL_20220922_143242506.jpg,7,7,6,1,0.7934820652008057,8,8,8,7,2,1,0,1,0
G:\Thesis\MonkSkinTone_Dataset\Segmented_MSTE\subject_5/PXL_20220922_143240755.jpg,7,7,6,1,0.7170608043670654,7,7,7,6,1,0,1,1,1
G:\Thesis\MonkSkinTone_Dataset\Segmented_MSTE\subject_5/PXL_20220922_143237153.jpg,7,7,6,1,0.6497893929481506,7,7,7,6,1,0,1,1,1
G:\Thesis\MonkSkinTone_Dataset\Segmented_MSTE\subject_5/PXL_20220922_143235452.jpg,7,7,6,1,0.7086899280548096,7,7,7,6,1,0,1,1,1
G:\Thesis\MonkSkinTone_Dataset\Segmented_MSTE\subject_5/PXL_20220922_143231854.jpg,7,7,6,1,0.633375883102417,7,7,7,6,1,0,1,1,1
G:\Thesis\MonkSkinTone_Dataset\Segmented_MSTE\subject_5/PXL_20220922_143230097.jpg,7,7,6,1,0.6794416308403015,7,7,7,6,1,0,1,1,1
G:\Thesis\MonkSkinTone_Dataset\Segmented_MSTE\subject_5/PXL_20220922_143139165.PORTRAIT.jpg,7,7,6,1,0.6910818219184875,7,7,7,6,1,0,1,1,1
G:\Thesis\MonkSkinTone_Dataset\Segmented_MSTE\subject_5/PXL_20220922_143135399.PORTRAIT.jpg,7,7,6,1,0.6563934683799744,7,7,7,6,1,0,1,1,1
G:\Thesis\MonkSkinTone_Dataset\Segmented_MSTE\subject_5/PXL_20220922_143131100.PORTRAIT.jpg,7,7,6,1,0.5272629261016846,6,6,6,5,1,1,0,1,1
G:\Thesis\MonkSkinTone_Dataset\Segmented_MSTE\subject_5/PXL_20220922_143127979.PORTRAIT.jpg,7,7,6,1,0.5466222167015076,6,6,6,5,1,1,0,1,1
G:\Thesis\MonkSkinTone_Dataset\Segmented_MSTE\subject_5/PXL_20220922_143125596.PORTRAIT.jpg,7,7,6,1,0.6640815734863281,7,7,7,6,1,0,1,1,1
G:\Thesis\MonkSkinTone_Dataset\Segmented_MSTE\subject_5/PXL_20220922_143123699.PORTRAIT.jpg,7,7,6,1,0.6506737470626831,7,7,7,6,1,0,1,1,1
G:\Thesis\MonkSkinTone_Dataset\Segmented_MSTE\subject_5/PXL_20220922_143120425.PORTRAIT.jpg,7,7,6,1,0.6004449129104614,6,6,6,5,1,1,0,1,1
G:\Thesis\MonkSkinTone_Dataset\Segmented_MSTE\subject_5/PXL_20220922_143113267.PORTRAIT.jpg,7,7,6,1,0.6974301934242249,7,7,7,6,1,0,1,1,1
G:\Thesis\MonkSkinTone_Dataset\Segmented_MSTE\subject_5/PXL_20220922_143106968.PORTRAIT.jpg,7,7,6,1,0.750687837600708,8,8,8,7,2,1,0,1,0
G:\Thesis\MonkSkinTone_Dataset\Segmented_MSTE\subject_5/PXL_20220922_143105119.PORTRAIT.jpg,7,7,6,1,0.7611198425292969,8,8,8,7,2,1,0,1,0
G:\Thesis\MonkSkinTone_Dataset\Segmented_MSTE\subject_5/PXL_20220922_143104500.PORTRAIT.jpg,7,7,6,1,0.6125538945198059,7,7,7,6,1,0,1,1,1
G:\Thesis\MonkSkinTone_Dataset\Segmented_MSTE\subject_5/PXL_20220922_143103818.PORTRAIT.jpg,7,7,6,1,0.7548331618309021,8,8,8,7,2,1,0,1,0
G:\Thesis\MonkSkinTone_Dataset\Segmented_MSTE\subject_5/PXL_20220922_143101662.PORTRAIT.jpg,7,7,6,1,0.5366957187652588,6,6,6,5,1,1,0,1,1
G:\Thesis\MonkSkinTone_Dataset\Segmented_MSTE\subject_5/PXL_20220922_143059150.PORTRAIT.jpg,7,7,6,1,0.4706851840019226,5,5,5,4,1,2,0,0,1
G:\Thesis\MonkSkinTone_Dataset\Segmented_MSTE\subject_5/PXL_20220922_143056845.PORTRAIT.jpg,7,7,6,1,0.6894438862800598,7,7,7,6,1,0,1,1,1
G:\Thesis\MonkSkinTone_Dataset\Segmented_MSTE\subject_5/PXL_20220922_143053867.PORTRAIT.jpg,7,7,6,1,0.5594709515571594,6,6,6,5,1,1,0,1,1
G:\Thesis\MonkSkinTone_Dataset\Segmented_MSTE\subject_5/PXL_20220922_143052145.PORTRAIT.jpg,7,7,6,1,0.726410448551178,8,8,8,7,2,1,0,1,0
G:\Thesis\MonkSkinTone_Dataset\Segmented_MSTE\subject_5/PXL_20220922_143049258.PORTRAIT.jpg,7,7,6,1,0.5748269557952881,6,6,6,5,1,1,0,1,1
G:\Thesis\MonkSkinTone_Dataset\Segmented_MSTE\subject_5/PXL_20220922_143043606.PORTRAIT.jpg,7,7,6,1,0.6728990077972412,7,7,7,6,1,0,1,1,1
G:\Thesis\MonkSkinTone_Dataset\Segmented_MSTE\subject_5/PXL_20220922_143012499.jpg,7,7,6,1,0.6998695135116577,7,7,7,6,1,0,1,1,1
G:\Thesis\MonkSkinTone_Dataset\Segmented_MSTE\subject_5/PXL_20220922_143007783.jpg,7,7,6,1,0.6026268601417542,6,6,6,5,1,1,0,1,1
G:\Thesis\MonkSkinTone_Dataset\Segmented_MSTE\subject_5/PXL_20220922_143005748.jpg,7,7,6,1,0.7324636578559875,8,8,8,7,2,1,0,1,0
G:\Thesis\MonkSkinTone_Dataset\Segmented_MSTE\subject_5/PXL_20220922_143004581.jpg,7,7,6,1,0.6711964011192322,7,7,7,6,1,0,1,1,1
G:\Thesis\MonkSkinTone_Dataset\Segmented_MSTE\subject_5/PXL_20220922_143002045.jpg,7,7,6,1,0.7068672776222229,7,7,7,6,1,0,1,1,1
G:\Thesis\MonkSkinTone_Dataset\Segmented_MSTE\subject_5/PXL_20220922_142957675.jpg,7,7,6,1,0.7302877306938171,8,8,8,7,2,1,0,1,0
G:\Thesis\MonkSkinTone_Dataset\Segmented_MSTE\subject_5/PXL_20220922_142954990.jpg,7,7,6,1,0.6565465927124023,7,7,7,6,1,0,1,1,1
G:\Thesis\MonkSkinTone_Dataset\Segmented_MSTE\subject_5/PXL_20220922_142951972.jpg,7,7,6,1,0.5647693872451782,6,6,6,5,1,1,0,1,1
G:\Thesis\MonkSkinTone_Dataset\Segmented_MSTE\subject_5/PXL_20220922_142949592.jpg,7,7,6,1,0.7161375880241394,7,7,7,6,1,0,1,1,1
G:\Thesis\MonkSkinTone_Dataset\Segmented_MSTE\subject_5/PXL_20220922_142945886.jpg,7,7,6,1,0.7255528569221497,8,8,8,7,2,1,0,1,0
G:\Thesis\MonkSkinTone_Dataset\Segmented_MSTE\subject_5/PXL_20220922_142944757.jpg,7,7,6,1,0.7003671526908875,7,7,7,6,1,0,1,1,1
G:\Thesis\MonkSkinTone_Dataset\Segmented_MSTE\subject_5/PXL_20220922_142940931.jpg,7,7,6,1,0.7064111232757568,7,7,7,6,1,0,1,1,1
G:\Thesis\MonkSkinTone_Dataset\Segmented_MSTE\subject_5/PXL_20220922_142939817.jpg,7,7,6,1,0.6428792476654053,7,7,7,6,1,0,1,1,1
G:\Thesis\MonkSkinTone_Dataset\Segmented_MSTE\subject_5/PXL_20220922_142934607.jpg,7,7,6,1,0.584610104560852,6,6,6,5,1,1,0,1,1
G:\Thesis\MonkSkinTone_Dataset\Segmented_MSTE\subject_5/PXL_20220922_142933626.jpg,7,7,6,1,0.5057815313339233,6,6,6,5,1,1,0,1,1
G:\Thesis\MonkSkinTone_Dataset\Segmented_MSTE\subject_5/PXL_20220922_142921035.jpg,7,7,6,1,0.7310742139816284,8,8,8,7,2,1,0,1,0
G:\Thesis\MonkSkinTone_Dataset\Segmented_MSTE\subject_5/PXL_20220922_142917997.jpg,7,7,6,1,0.712639570236206,7,7,7,6,1,0,1,1,1
G:\Thesis\MonkSkinTone_Dataset\Segmented_MSTE\subject_5/PXL_20220922_142614750.PORTRAIT.jpg,7,7,6,1,0.6472151875495911,7,7,7,6,1,0,1,1,1
G:\Thesis\MonkSkinTone_Dataset\Segmented_MSTE\subject_5/PXL_20220922_142612462.PORTRAIT.jpg,7,7,6,1,0.6688970327377319,7,7,7,6,1,0,1,1,1
G:\Thesis\MonkSkinTone_Dataset\Segmented_MSTE\subject_5/PXL_20220922_142608903.PORTRAIT.jpg,7,7,6,1,0.7372639179229736,8,8,8,7,2,1,0,1,0
G:\Thesis\MonkSkinTone_Dataset\Segmented_MSTE\subject_5/PXL_20220922_142606244.PORTRAIT.jpg,7,7,6,1,0.7228389382362366,8,8,8,7,2,1,0,1,0
G:\Thesis\MonkSkinTone_Dataset\Segmented_MSTE\subject_5/PXL_20220922_142600816.PORTRAIT.jpg,7,7,6,1,0.7920185923576355,8,8,8,7,2,1,0,1,0
G:\Thesis\MonkSkinTone_Dataset\Segmented_MSTE\subject_5/PXL_20220922_142553004.PORTRAIT.jpg,7,7,6,1,0.7175058722496033,7,7,7,6,1,0,1,1,1
G:\Thesis\MonkSkinTone_Dataset\Segmented_MSTE\subject_5/PXL_20220922_142550791.PORTRAIT.jpg,7,7,6,1,0.577528715133667,6,6,6,5,1,1,0,1,1
G:\Thesis\MonkSkinTone_Dataset\Segmented_MSTE\subject_5/PXL_20220922_142548472.PORTRAIT.jpg,7,7,6,1,0.7322160601615906,8,8,8,7,2,1,0,1,0
G:\Thesis\MonkSkinTone_Dataset\Segmented_MSTE\subject_5/PXL_20220922_142545872.PORTRAIT.jpg,7,7,6,1,0.741042971611023,8,8,8,7,2,1,0,1,0
G:\Thesis\MonkSkinTone_Dataset\Segmented_MSTE\subject_5/PXL_20220922_142543353.PORTRAIT.jpg,7,7,6,1,0.7015513181686401,7,7,7,6,1,0,1,1,1
G:\Thesis\MonkSkinTone_Dataset\Segmented_MSTE\subject_5/PXL_20220922_142537968.PORTRAIT.jpg,7,7,6,1,0.7161390781402588,7,7,7,6,1,0,1,1,1
G:\Thesis\MonkSkinTone_Dataset\Segmented_MSTE\subject_5/PXL_20220922_142535244.PORTRAIT.jpg,7,7,6,1,0.7313186526298523,8,8,8,7,2,1,0,1,0
G:\Thesis\MonkSkinTone_Dataset\Segmented_MSTE\subject_5/PXL_20220922_142529483.PORTRAIT.jpg,7,7,6,1,0.6217761039733887,7,7,7,6,1,0,1,1,1
G:\Thesis\MonkSkinTone_Dataset\Segmented_MSTE\subject_5/PXL_20220922_142527736.PORTRAIT.jpg,7,7,6,1,0.7667228579521179,8,8,8,7,2,1,0,1,0
G:\Thesis\MonkSkinTone_Dataset\Segmented_MSTE\subject_5/PXL_20220922_142525560.PORTRAIT.jpg,7,7,6,1,0.8254842162132263,8,8,8,7,2,1,0,1,0
G:\Thesis\MonkSkinTone_Dataset\Segmented_MSTE\subject_5/PXL_20220922_142523136.PORTRAIT.jpg,7,7,6,1,0.7325126528739929,8,8,8,7,2,1,0,1,0
G:\Thesis\MonkSkinTone_Dataset\Segmented_MSTE\subject_5/PXL_20220922_142517538.PORTRAIT.jpg,7,7,6,1,0.7073225378990173,7,7,7,6,1,0,1,1,1
G:\Thesis\MonkSkinTone_Dataset\Segmented_MSTE\subject_5/PXL_20220922_142514092.PORTRAIT.jpg,7,7,6,1,0.7102559804916382,7,7,7,6,1,0,1,1,1
G:\Thesis\MonkSkinTone_Dataset\Segmented_MSTE\subject_5/PXL_20220922_142420818.jpg,7,7,6,1,0.5644546747207642,6,6,6,5,1,1,0,1,1
G:\Thesis\MonkSkinTone_Dataset\Segmented_MSTE\subject_4/PXL_20220922_162431213.jpg,9,9,8,2,0.8165203332901001,8,8,8,7,2,1,0,1,1
G:\Thesis\MonkSkinTone_Dataset\Segmented_MSTE\subject_4/PXL_20220922_162429314.jpg,9,9,8,2,0.8345656991004944,9,9,9,8,2,0,1,1,1
G:\Thesis\MonkSkinTone_Dataset\Segmented_MSTE\subject_4/PXL_20220922_162427303.jpg,9,9,8,2,0.7507869601249695,8,8,8,7,2,1,0,1,1
G:\Thesis\MonkSkinTone_Dataset\Segmented_MSTE\subject_4/PXL_20220922_162425765.jpg,9,9,8,2,0.8192430138587952,8,8,8,7,2,1,0,1,1
G:\Thesis\MonkSkinTone_Dataset\Segmented_MSTE\subject_4/PXL_20220922_162424266.jpg,9,9,8,2,0.8577537536621094,9,9,9,8,2,0,1,1,1
G:\Thesis\MonkSkinTone_Dataset\Segmented_MSTE\subject_4/PXL_20220922_162421385.jpg,9,9,8,2,0.7921193242073059,8,8,8,7,2,1,0,1,1
G:\Thesis\MonkSkinTone_Dataset\Segmented_MSTE\subject_4/PXL_20220922_162419201.jpg,9,9,8,2,0.7636403441429138,8,8,8,7,2,1,0,1,1
G:\Thesis\MonkSkinTone_Dataset\Segmented_MSTE\subject_4/PXL_20220922_162417511.jpg,9,9,8,2,0.8146848678588867,8,8,8,7,2,1,0,1,1
G:\Thesis\MonkSkinTone_Dataset\Segmented_MSTE\subject_4/PXL_20220922_162409257.jpg,9,9,8,2,0.8604612946510315,9,9,9,8,2,0,1,1,1
G:\Thesis\MonkSkinTone_Dataset\Segmented_MSTE\subject_4/PXL_20220922_162407706.jpg,9,9,8,2,0.8028217554092407,8,8,8,7,2,1,0,1,1
G:\Thesis\MonkSkinTone_Dataset\Segmented_MSTE\subject_4/PXL_20220922_162406276.jpg,9,9,8,2,0.7617237567901611,8,8,8,7,2,1,0,1,1
G:\Thesis\MonkSkinTone_Dataset\Segmented_MSTE\subject_4/PXL_20220922_162404766.jpg,9,9,8,2,0.7317304611206055,8,8,8,7,2,1,0,1,1
G:\Thesis\MonkSkinTone_Dataset\Segmented_MSTE\subject_4/PXL_20220922_162403198.jpg,9,9,8,2,0.7561884522438049,8,8,8,7,2,1,0,1,1
G:\Thesis\MonkSkinTone_Dataset\Segmented_MSTE\subject_4/PXL_20220922_162401809.jpg,9,9,8,2,0.8169344663619995,8,8,8,7,2,1,0,1,1
G:\Thesis\MonkSkinTone_Dataset\Segmented_MSTE\subject_4/PXL_20220922_162359800.jpg,9,9,8,2,0.8263104557991028,8,8,8,7,2,1,0,1,1
G:\Thesis\MonkSkinTone_Dataset\Segmented_MSTE\subject_4/PXL_20220922_162358077.jpg,9,9,8,2,0.7659229040145874,8,8,8,7,2,1,0,1,1
G:\Thesis\MonkSkinTone_Dataset\Segmented_MSTE\subject_4/PXL_20220922_162356543.jpg,9,9,8,2,0.8150471448898315,8,8,8,7,2,1,0,1,1
G:\Thesis\MonkSkinTone_Dataset\Segmented_MSTE\subject_4/PXL_20220922_162354569.jpg,9,9,8,2,0.7640606164932251,8,8,8,7,2,1,0,1,1
G:\Thesis\MonkSkinTone_Dataset\Segmented_MSTE\subject_4/PXL_20220922_162353104.jpg,9,9,8,2,0.8686402440071106,9,9,9,8,2,0,1,1,1
G:\Thesis\MonkSkinTone_Dataset\Segmented_MSTE\subject_4/PXL_20220922_162310859.jpg,9,9,8,2,0.7875595092773438,8,8,8,7,2,1,0,1,1
G:\Thesis\MonkSkinTone_Dataset\Segmented_MSTE\subject_4/PXL_20220922_162308948.jpg,9,9,8,2,0.7543058395385742,8,8,8,7,2,1,0,1,1
G:\Thesis\MonkSkinTone_Dataset\Segmented_MSTE\subject_4/PXL_20220922_162307441.jpg,9,9,8,2,0.5796647667884827,6,6,6,5,1,3,0,0,0
G:\Thesis\MonkSkinTone_Dataset\Segmented_MSTE\subject_4/PXL_20220922_162306073.jpg,9,9,8,2,0.7728500962257385,8,8,8,7,2,1,0,1,1
G:\Thesis\MonkSkinTone_Dataset\Segmented_MSTE\subject_4/PXL_20220922_162304847.jpg,9,9,8,2,0.8515034914016724,9,9,9,8,2,0,1,1,1
G:\Thesis\MonkSkinTone_Dataset\Segmented_MSTE\subject_4/PXL_20220922_162301039.jpg,9,9,8,2,0.5269901752471924,6,6,6,5,1,3,0,0,0
G:\Thesis\MonkSkinTone_Dataset\Segmented_MSTE\subject_4/PXL_20220922_162258202.jpg,9,9,8,2,0.3651612401008606,4,4,4,3,1,5,0,0,0
G:\Thesis\MonkSkinTone_Dataset\Segmented_MSTE\subject_4/PXL_20220922_162255438.jpg,9,9,8,2,0.4696197807788849,5,5,5,4,1,4,0,0,0
G:\Thesis\MonkSkinTone_Dataset\Segmented_MSTE\subject_4/PXL_20220922_162253802.jpg,9,9,8,2,0.7034896612167358,7,7,7,6,1,2,0,0,0
G:\Thesis\MonkSkinTone_Dataset\Segmented_MSTE\subject_4/PXL_20220922_162251832.jpg,9,9,8,2,0.5975672006607056,6,6,6,5,1,3,0,0,0
G:\Thesis\MonkSkinTone_Dataset\Segmented_MSTE\subject_4/PXL_20220922_162227851.jpg,9,9,8,2,0.3665163516998291,4,4,4,3,1,5,0,0,0
G:\Thesis\MonkSkinTone_Dataset\Segmented_MSTE\subject_4/PXL_20220922_162222156.jpg,9,9,8,2,0.5659470558166504,6,6,6,5,1,3,0,0,0
G:\Thesis\MonkSkinTone_Dataset\Segmented_MSTE\subject_4/PXL_20220922_162134005.jpg,9,9,8,2,0.6650140285491943,7,7,7,6,1,2,0,0,0
G:\Thesis\MonkSkinTone_Dataset\Segmented_MSTE\subject_4/PXL_20220922_162132188.jpg,9,9,8,2,0.49529093503952026,5,5,5,4,1,4,0,0,0
G:\Thesis\MonkSkinTone_Dataset\Segmented_MSTE\subject_4/PXL_20220922_162129053.jpg,9,9,8,2,0.5265400409698486,6,6,6,5,1,3,0,0,0
G:\Thesis\MonkSkinTone_Dataset\Segmented_MSTE\subject_4/PXL_20220922_162127092.jpg,9,9,8,2,0.6438805460929871,7,7,7,6,1,2,0,0,0
G:\Thesis\MonkSkinTone_Dataset\Segmented_MSTE\subject_4/PXL_20220922_162124839.jpg,9,9,8,2,0.5950332880020142,6,6,6,5,1,3,0,0,0
G:\Thesis\MonkSkinTone_Dataset\Segmented_MSTE\subject_4/PXL_20220922_162123739.jpg,9,9,8,2,0.6460082530975342,7,7,7,6,1,2,0,0,0
G:\Thesis\MonkSkinTone_Dataset\Segmented_MSTE\subject_4/PXL_20220922_162120829.jpg,9,9,8,2,0.7360555529594421,8,8,8,7,2,1,0,1,1
G:\Thesis\MonkSkinTone_Dataset\Segmented_MSTE\subject_4/PXL_20220922_162119421.jpg,9,9,8,2,0.5319093465805054,6,6,6,5,1,3,0,0,0
G:\Thesis\MonkSkinTone_Dataset\Segmented_MSTE\subject_4/PXL_20220922_162054939.jpg,9,9,8,2,0.7556374073028564,8,8,8,7,2,1,0,1,1
G:\Thesis\MonkSkinTone_Dataset\Segmented_MSTE\subject_4/PXL_20220922_162052907.jpg,9,9,8,2,0.8479059338569641,9,9,9,8,2,0,1,1,1
G:\Thesis\MonkSkinTone_Dataset\Segmented_MSTE\subject_4/PXL_20220922_162051191.jpg,9,9,8,2,0.762370228767395,8,8,8,7,2,1,0,1,1
G:\Thesis\MonkSkinTone_Dataset\Segmented_MSTE\subject_4/PXL_20220922_162049072.jpg,9,9,8,2,0.7941175699234009,8,8,8,7,2,1,0,1,1
G:\Thesis\MonkSkinTone_Dataset\Segmented_MSTE\subject_4/PXL_20220922_162046872.jpg,9,9,8,2,0.8335928320884705,9,9,9,8,2,0,1,1,1
G:\Thesis\MonkSkinTone_Dataset\Segmented_MSTE\subject_4/PXL_20220922_162041822.jpg,9,9,8,2,0.8219082951545715,8,8,8,7,2,1,0,1,1
G:\Thesis\MonkSkinTone_Dataset\Segmented_MSTE\subject_4/PXL_20220922_162038772.jpg,9,9,8,2,0.731935977935791,8,8,8,7,2,1,0,1,1
G:\Thesis\MonkSkinTone_Dataset\Segmented_MSTE\subject_4/PXL_20220922_162036806.jpg,9,9,8,2,0.7917491793632507,8,8,8,7,2,1,0,1,1
G:\Thesis\MonkSkinTone_Dataset\Segmented_MSTE\subject_4/PXL_20220922_162034926.jpg,9,9,8,2,0.7616590857505798,8,8,8,7,2,1,0,1,1
G:\Thesis\MonkSkinTone_Dataset\Segmented_MSTE\subject_4/PXL_20220922_162033560.jpg,9,9,8,2,0.7704182863235474,8,8,8,7,2,1,0,1,1
G:\Thesis\MonkSkinTone_Dataset\Segmented_MSTE\subject_4/PXL_20220922_162021956.jpg,9,9,8,2,0.682771623134613,7,7,7,6,1,2,0,0,0
G:\Thesis\MonkSkinTone_Dataset\Segmented_MSTE\subject_4/PXL_20220922_162020889.jpg,9,9,8,2,0.7972081899642944,8,8,8,7,2,1,0,1,1
G:\Thesis\MonkSkinTone_Dataset\Segmented_MSTE\subject_4/PXL_20220922_162019375.jpg,9,9,8,2,0.7136792540550232,7,7,7,6,1,2,0,0,0
G:\Thesis\MonkSkinTone_Dataset\Segmented_MSTE\subject_4/PXL_20220922_162017610.jpg,9,9,8,2,0.7412109971046448,8,8,8,7,2,1,0,1,1
G:\Thesis\MonkSkinTone_Dataset\Segmented_MSTE\subject_4/PXL_20220922_162015840.jpg,9,9,8,2,0.8024901747703552,8,8,8,7,2,1,0,1,1
G:\Thesis\MonkSkinTone_Dataset\Segmented_MSTE\subject_4/PXL_20220922_161939679.jpg,9,9,8,2,0.6151184439659119,7,7,7,6,1,2,0,0,0
G:\Thesis\MonkSkinTone_Dataset\Segmented_MSTE\subject_4/PXL_20220922_161938180.jpg,9,9,8,2,0.7748076319694519,8,8,8,7,2,1,0,1,1
G:\Thesis\MonkSkinTone_Dataset\Segmented_MSTE\subject_4/PXL_20220922_161934430.jpg,9,9,8,2,0.5224887728691101,6,6,6,5,1,3,0,0,0
G:\Thesis\MonkSkinTone_Dataset\Segmented_MSTE\subject_4/PXL_20220922_161932128.jpg,9,9,8,2,0.60362708568573,6,6,6,5,1,3,0,0,0
G:\Thesis\MonkSkinTone_Dataset\Segmented_MSTE\subject_4/PXL_20220922_161929477.jpg,9,9,8,2,0.6174383163452148,7,7,7,6,1,2,0,0,0
G:\Thesis\MonkSkinTone_Dataset\Segmented_MSTE\subject_4/PXL_20220922_161927302.jpg,9,9,8,2,0.8413311839103699,9,9,9,8,2,0,1,1,1
G:\Thesis\MonkSkinTone_Dataset\Segmented_MSTE\subject_4/PXL_20220922_161923233.jpg,9,9,8,2,0.7748019695281982,8,8,8,7,2,1,0,1,1
G:\Thesis\MonkSkinTone_Dataset\Segmented_MSTE\subject_4/PXL_20220922_161921427.jpg,9,9,8,2,0.7381964921951294,8,8,8,7,2,1,0,1,1
G:\Thesis\MonkSkinTone_Dataset\Segmented_MSTE\subject_4/PXL_20220922_161917826.jpg,9,9,8,2,0.7033106088638306,7,7,7,6,1,2,0,0,0
G:\Thesis\MonkSkinTone_Dataset\Segmented_MSTE\subject_4/PXL_20220922_161915600.jpg,9,9,8,2,0.8045306205749512,8,8,8,7,2,1,0,1,1
G:\Thesis\MonkSkinTone_Dataset\Segmented_MSTE\subject_4/PXL_20220922_161910023.jpg,9,9,8,2,0.668674886226654,7,7,7,6,1,2,0,0,0
G:\Thesis\MonkSkinTone_Dataset\Segmented_MSTE\subject_4/PXL_20220922_161908046.jpg,9,9,8,2,0.7039263248443604,7,7,7,6,1,2,0,0,0
G:\Thesis\MonkSkinTone_Dataset\Segmented_MSTE\subject_4/PXL_20220922_161905430.jpg,9,9,8,2,0.5417332053184509,6,6,6,5,1,3,0,0,0
G:\Thesis\MonkSkinTone_Dataset\Segmented_MSTE\subject_4/PXL_20220922_161903530.jpg,9,9,8,2,0.8321346640586853,8,8,8,7,2,1,0,1,1
G:\Thesis\MonkSkinTone_Dataset\Segmented_MSTE\subject_4/PXL_20220922_161859476.jpg,9,9,8,2,0.6612231731414795,7,7,7,6,1,2,0,0,0
G:\Thesis\MonkSkinTone_Dataset\Segmented_MSTE\subject_4/PXL_20220922_161857653.jpg,9,9,8,2,0.7769965529441833,8,8,8,7,2,1,0,1,1
G:\Thesis\MonkSkinTone_Dataset\Segmented_MSTE\subject_3/PXL_20220922_192540568.jpg,6,6,5,1,0.6112776398658752,7,7,7,6,1,1,0,1,1
G:\Thesis\MonkSkinTone_Dataset\Segmented_MSTE\subject_3/PXL_20220922_193528310.jpg,6,6,5,1,0.5629992485046387,6,6,6,5,1,0,1,1,1
G:\Thesis\MonkSkinTone_Dataset\Segmented_MSTE\subject_3/PXL_20220922_193526844.jpg,6,6,5,1,0.71136075258255,7,7,7,6,1,1,0,1,1
G:\Thesis\MonkSkinTone_Dataset\Segmented_MSTE\subject_3/PXL_20220922_193525366.jpg,6,6,5,1,0.6675256490707397,7,7,7,6,1,1,0,1,1
G:\Thesis\MonkSkinTone_Dataset\Segmented_MSTE\subject_3/PXL_20220922_193523837.jpg,6,6,5,1,0.6890321373939514,7,7,7,6,1,1,0,1,1
G:\Thesis\MonkSkinTone_Dataset\Segmented_MSTE\subject_3/PXL_20220922_193521063.jpg,6,6,5,1,0.4688252806663513,5,5,5,4,1,1,0,1,1
G:\Thesis\MonkSkinTone_Dataset\Segmented_MSTE\subject_3/PXL_20220922_193512595.jpg,6,6,5,1,0.7737970948219299,8,8,8,7,2,2,0,0,0
G:\Thesis\MonkSkinTone_Dataset\Segmented_MSTE\subject_3/PXL_20220922_193511119.jpg,6,6,5,1,0.5714993476867676,6,6,6,5,1,0,1,1,1
G:\Thesis\MonkSkinTone_Dataset\Segmented_MSTE\subject_3/PXL_20220922_193509768.jpg,6,6,5,1,0.7375358939170837,8,8,8,7,2,2,0,0,0
G:\Thesis\MonkSkinTone_Dataset\Segmented_MSTE\subject_3/PXL_20220922_193508077.jpg,6,6,5,1,0.6367374062538147,7,7,7,6,1,1,0,1,1
G:\Thesis\MonkSkinTone_Dataset\Segmented_MSTE\subject_3/PXL_20220922_193506209.jpg,6,6,5,1,0.7105327844619751,7,7,7,6,1,1,0,1,1
G:\Thesis\MonkSkinTone_Dataset\Segmented_MSTE\subject_3/PXL_20220922_193503938.jpg,6,6,5,1,0.6319602131843567,7,7,7,6,1,1,0,1,1
G:\Thesis\MonkSkinTone_Dataset\Segmented_MSTE\subject_3/PXL_20220922_193502239.jpg,6,6,5,1,0.5793824791908264,6,6,6,5,1,0,1,1,1
G:\Thesis\MonkSkinTone_Dataset\Segmented_MSTE\subject_3/PXL_20220922_193500570.jpg,6,6,5,1,0.5967434644699097,6,6,6,5,1,0,1,1,1
G:\Thesis\MonkSkinTone_Dataset\Segmented_MSTE\subject_3/PXL_20220922_193459099.jpg,6,6,5,1,0.5546674132347107,6,6,6,5,1,0,1,1,1
G:\Thesis\MonkSkinTone_Dataset\Segmented_MSTE\subject_3/PXL_20220922_193457393.jpg,6,6,5,1,0.48974835872650146,5,5,5,4,1,1,0,1,1
G:\Thesis\MonkSkinTone_Dataset\Segmented_MSTE\subject_3/PXL_20220922_193442749.jpg,6,6,5,1,0.6065577864646912,6,6,6,5,1,0,1,1,1
G:\Thesis\MonkSkinTone_Dataset\Segmented_MSTE\subject_3/PXL_20220922_193441419.jpg,6,6,5,1,0.5835586786270142,6,6,6,5,1,0,1,1,1
G:\Thesis\MonkSkinTone_Dataset\Segmented_MSTE\subject_3/PXL_20220922_193440026.jpg,6,6,5,1,0.589055597782135,6,6,6,5,1,0,1,1,1
G:\Thesis\MonkSkinTone_Dataset\Segmented_MSTE\subject_3/PXL_20220922_193438687.jpg,6,6,5,1,0.5750685930252075,6,6,6,5,1,0,1,1,1
G:\Thesis\MonkSkinTone_Dataset\Segmented_MSTE\subject_3/PXL_20220922_193436546.jpg,6,6,5,1,0.3706969618797302,4,4,4,3,1,2,0,0,1
G:\Thesis\MonkSkinTone_Dataset\Segmented_MSTE\subject_3/PXL_20220922_193434544.jpg,6,6,5,1,0.6842471957206726,7,7,7,6,1,1,0,1,1
G:\Thesis\MonkSkinTone_Dataset\Segmented_MSTE\subject_3/PXL_20220922_193258695.jpg,6,6,5,1,0.39912599325180054,5,5,5,4,1,1,0,1,1
G:\Thesis\MonkSkinTone_Dataset\Segmented_MSTE\subject_3/PXL_20220922_193257144.jpg,6,6,5,1,0.5716882348060608,6,6,6,5,1,0,1,1,1
G:\Thesis\MonkSkinTone_Dataset\Segmented_MSTE\subject_3/PXL_20220922_193255095.jpg,6,6,5,1,0.4295859932899475,5,5,5,4,1,1,0,1,1
G:\Thesis\MonkSkinTone_Dataset\Segmented_MSTE\subject_3/PXL_20220922_193254088.jpg,6,6,5,1,0.4889827072620392,5,5,5,4,1,1,0,1,1
G:\Thesis\MonkSkinTone_Dataset\Segmented_MSTE\subject_3/PXL_20220922_193252671.jpg,6,6,5,1,0.6246236562728882,7,7,7,6,1,1,0,1,1
G:\Thesis\MonkSkinTone_Dataset\Segmented_MSTE\subject_3/PXL_20220922_193251973.jpg,6,6,5,1,0.6092484593391418,6,6,6,5,1,0,1,1,1
G:\Thesis\MonkSkinTone_Dataset\Segmented_MSTE\subject_3/PXL_20220922_193250362.jpg,6,6,5,1,0.4884401559829712,5,5,5,4,1,1,0,1,1
G:\Thesis\MonkSkinTone_Dataset\Segmented_MSTE\subject_3/PXL_20220922_193249113.jpg,6,6,5,1,0.6158767342567444,7,7,7,6,1,1,0,1,1
G:\Thesis\MonkSkinTone_Dataset\Segmented_MSTE\subject_3/PXL_20220922_193247851.jpg,6,6,5,1,0.6543364524841309,7,7,7,6,1,1,0,1,1
G:\Thesis\MonkSkinTone_Dataset\Segmented_MSTE\subject_3/PXL_20220922_193246375.jpg,6,6,5,1,0.47020143270492554,5,5,5,4,1,1,0,1,1
G:\Thesis\MonkSkinTone_Dataset\Segmented_MSTE\subject_3/PXL_20220922_193244973.jpg,6,6,5,1,0.6311478614807129,7,7,7,6,1,1,0,1,1
G:\Thesis\MonkSkinTone_Dataset\Segmented_MSTE\subject_3/PXL_20220922_193243211.jpg,6,6,5,1,0.4786291718482971,5,5,5,4,1,1,0,1,1
G:\Thesis\MonkSkinTone_Dataset\Segmented_MSTE\subject_3/PXL_20220922_193241850.jpg,6,6,5,1,0.4406479001045227,5,5,5,4,1,1,0,1,1
G:\Thesis\MonkSkinTone_Dataset\Segmented_MSTE\subject_3/PXL_20220922_193240640.jpg,6,6,5,1,0.5760616064071655,6,6,6,5,1,0,1,1,1
G:\Thesis\MonkSkinTone_Dataset\Segmented_MSTE\subject_3/PXL_20220922_193239210.jpg,6,6,5,1,0.773908793926239,8,8,8,7,2,2,0,0,0
G:\Thesis\MonkSkinTone_Dataset\Segmented_MSTE\subject_3/PXL_20220922_193146740.jpg,6,6,5,1,0.6964011788368225,7,7,7,6,1,1,0,1,1
G:\Thesis\MonkSkinTone_Dataset\Segmented_MSTE\subject_3/PXL_20220922_193145287.jpg,6,6,5,1,0.6923754215240479,7,7,7,6,1,1,0,1,1
G:\Thesis\MonkSkinTone_Dataset\Segmented_MSTE\subject_3/PXL_20220922_193143821.jpg,6,6,5,1,0.6808167099952698,7,7,7,6,1,1,0,1,1
G:\Thesis\MonkSkinTone_Dataset\Segmented_MSTE\subject_3/PXL_20220922_193142521.jpg,6,6,5,1,0.7139244675636292,7,7,7,6,1,1,0,1,1
G:\Thesis\MonkSkinTone_Dataset\Segmented_MSTE\subject_3/PXL_20220922_193140993.jpg,6,6,5,1,0.6908459067344666,7,7,7,6,1,1,0,1,1
G:\Thesis\MonkSkinTone_Dataset\Segmented_MSTE\subject_3/PXL_20220922_192839520.jpg,6,6,5,1,0.6350275874137878,7,7,7,6,1,1,0,1,1
G:\Thesis\MonkSkinTone_Dataset\Segmented_MSTE\subject_3/PXL_20220922_192838054.jpg,6,6,5,1,0.5795772075653076,6,6,6,5,1,0,1,1,1
G:\Thesis\MonkSkinTone_Dataset\Segmented_MSTE\subject_3/PXL_20220922_192836240.jpg,6,6,5,1,0.6572701930999756,7,7,7,6,1,1,0,1,1
G:\Thesis\MonkSkinTone_Dataset\Segmented_MSTE\subject_3/PXL_20220922_192834158.jpg,6,6,5,1,0.6948586702346802,7,7,7,6,1,1,0,1,1
G:\Thesis\MonkSkinTone_Dataset\Segmented_MSTE\subject_3/PXL_20220922_192831992.jpg,6,6,5,1,0.6130298972129822,7,7,7,6,1,1,0,1,1
G:\Thesis\MonkSkinTone_Dataset\Segmented_MSTE\subject_3/PXL_20220922_192746438.jpg,6,6,5,1,0.6879032254219055,7,7,7,6,1,1,0,1,1
G:\Thesis\MonkSkinTone_Dataset\Segmented_MSTE\subject_3/PXL_20220922_192744156.jpg,6,6,5,1,0.6279140710830688,7,7,7,6,1,1,0,1,1
G:\Thesis\MonkSkinTone_Dataset\Segmented_MSTE\subject_3/PXL_20220922_192741691.jpg,6,6,5,1,0.630771815776825,7,7,7,6,1,1,0,1,1
G:\Thesis\MonkSkinTone_Dataset\Segmented_MSTE\subject_3/PXL_20220922_192739767.jpg,6,6,5,1,0.6788541674613953,7,7,7,6,1,1,0,1,1
G:\Thesis\MonkSkinTone_Dataset\Segmented_MSTE\subject_3/PXL_20220922_192736985.jpg,6,6,5,1,0.5800275802612305,6,6,6,5,1,0,1,1,1
G:\Thesis\MonkSkinTone_Dataset\Segmented_MSTE\subject_3/PXL_20220922_192714792.jpg,6,6,5,1,0.6152216196060181,7,7,7,6,1,1,0,1,1
G:\Thesis\MonkSkinTone_Dataset\Segmented_MSTE\subject_3/PXL_20220922_192713113.jpg,6,6,5,1,0.7081139087677002,7,7,7,6,1,1,0,1,1
G:\Thesis\MonkSkinTone_Dataset\Segmented_MSTE\subject_3/PXL_20220922_192711496.jpg,6,6,5,1,0.4660581052303314,5,5,5,4,1,1,0,1,1
G:\Thesis\MonkSkinTone_Dataset\Segmented_MSTE\subject_3/PXL_20220922_192709617.jpg,6,6,5,1,0.6798914670944214,7,7,7,6,1,1,0,1,1
G:\Thesis\MonkSkinTone_Dataset\Segmented_MSTE\subject_3/PXL_20220922_192707666.jpg,6,6,5,1,0.7286903858184814,8,8,8,7,2,2,0,0,0
G:\Thesis\MonkSkinTone_Dataset\Segmented_MSTE\subject_3/PXL_20220922_192706771.jpg,6,6,5,1,0.6085062623023987,6,6,6,5,1,0,1,1,1
G:\Thesis\MonkSkinTone_Dataset\Segmented_MSTE\subject_3/PXL_20220922_192651355.jpg,6,6,5,1,0.6824368834495544,7,7,7,6,1,1,0,1,1
G:\Thesis\MonkSkinTone_Dataset\Segmented_MSTE\subject_3/PXL_20220922_192649338.jpg,6,6,5,1,0.7220165133476257,7,7,7,6,1,1,0,1,1
G:\Thesis\MonkSkinTone_Dataset\Segmented_MSTE\subject_3/PXL_20220922_192648272.jpg,6,6,5,1,0.5973161458969116,6,6,6,5,1,0,1,1,1
G:\Thesis\MonkSkinTone_Dataset\Segmented_MSTE\subject_3/PXL_20220922_192645891.jpg,6,6,5,1,0.3764346241950989,4,4,4,3,1,2,0,0,1
G:\Thesis\MonkSkinTone_Dataset\Segmented_MSTE\subject_3/PXL_20220922_192641993.jpg,6,6,5,1,0.7150288820266724,7,7,7,6,1,1,0,1,1
G:\Thesis\MonkSkinTone_Dataset\Segmented_MSTE\subject_3/PXL_20220922_192640227.jpg,6,6,5,1,0.48554739356040955,5,5,5,4,1,1,0,1,1
G:\Thesis\MonkSkinTone_Dataset\Segmented_MSTE\subject_3/PXL_20220922_192637943.jpg,6,6,5,1,0.5432925820350647,6,6,6,5,1,0,1,1,1
G:\Thesis\MonkSkinTone_Dataset\Segmented_MSTE\subject_3/PXL_20220922_192630530.jpg,6,6,5,1,0.5328266620635986,6,6,6,5,1,0,1,1,1
G:\Thesis\MonkSkinTone_Dataset\Segmented_MSTE\subject_3/PXL_20220922_192625680.jpg,6,6,5,1,0.6992201805114746,7,7,7,6,1,1,0,1,1
G:\Thesis\MonkSkinTone_Dataset\Segmented_MSTE\subject_3/PXL_20220922_192624406.jpg,6,6,5,1,0.6931938529014587,7,7,7,6,1,1,0,1,1
G:\Thesis\MonkSkinTone_Dataset\Segmented_MSTE\subject_3/PXL_20220922_192622568.jpg,6,6,5,1,0.4112434387207031,5,5,5,4,1,1,0,1,1
G:\Thesis\MonkSkinTone_Dataset\Segmented_MSTE\subject_3/PXL_20220922_192620412.jpg,6,6,5,1,0.6888107061386108,7,7,7,6,1,1,0,1,1
G:\Thesis\MonkSkinTone_Dataset\Segmented_MSTE\subject_3/PXL_20220922_192618611.jpg,6,6,5,1,0.6381552219390869,7,7,7,6,1,1,0,1,1
G:\Thesis\MonkSkinTone_Dataset\Segmented_MSTE\subject_3/PXL_20220922_192615914.jpg,6,6,5,1,0.6971816420555115,7,7,7,6,1,1,0,1,1
G:\Thesis\MonkSkinTone_Dataset\Segmented_MSTE\subject_3/PXL_20220922_192614146.jpg,6,6,5,1,0.53846275806427,6,6,6,5,1,0,1,1,1
G:\Thesis\MonkSkinTone_Dataset\Segmented_MSTE\subject_3/PXL_20220922_192612301.jpg,6,6,5,1,0.5698927044868469,6,6,6,5,1,0,1,1,1
G:\Thesis\MonkSkinTone_Dataset\Segmented_MSTE\subject_3/PXL_20220922_192610554.jpg,6,6,5,1,0.6259512305259705,7,7,7,6,1,1,0,1,1
G:\Thesis\MonkSkinTone_Dataset\Segmented_MSTE\subject_3/PXL_20220922_192608497.jpg,6,6,5,1,0.6694784760475159,7,7,7,6,1,1,0,1,1
G:\Thesis\MonkSkinTone_Dataset\Segmented_MSTE\subject_3/PXL_20220922_192558186.jpg,6,6,5,1,0.5422438979148865,6,6,6,5,1,0,1,1,1
G:\Thesis\MonkSkinTone_Dataset\Segmented_MSTE\subject_3/PXL_20220922_192552609.jpg,6,6,5,1,0.4069312512874603,5,5,5,4,1,1,0,1,1
G:\Thesis\MonkSkinTone_Dataset\Segmented_MSTE\subject_3/PXL_20220922_192550654.jpg,6,6,5,1,0.4590068459510803,5,5,5,4,1,1,0,1,1
G:\Thesis\MonkSkinTone_Dataset\Segmented_MSTE\subject_3/PXL_20220922_192548334.jpg,6,6,5,1,0.5368172526359558,6,6,6,5,1,0,1,1,1
G:\Thesis\MonkSkinTone_Dataset\Segmented_MSTE\subject_3/PXL_20220922_192545631.jpg,6,6,5,1,0.5923390984535217,6,6,6,5,1,0,1,1,1
G:\Thesis\MonkSkinTone_Dataset\Segmented_MSTE\subject_3/PXL_20220922_192543202.jpg,6,6,5,1,0.6270520091056824,7,7,7,6,1,1,0,1,1
G:\Thesis\MonkSkinTone_Dataset\Segmented_MSTE\subject_2/PXL_20220922_173936123.jpg,8,8,7,2,0.38246631622314453,4,4,4,3,1,4,0,0,0
G:\Thesis\MonkSkinTone_Dataset\Segmented_MSTE\subject_2/PXL_20220922_173932021.jpg,8,8,7,2,0.6321083903312683,7,7,7,6,1,1,0,1,0
G:\Thesis\MonkSkinTone_Dataset\Segmented_MSTE\subject_2/PXL_20220922_173929968.jpg,8,8,7,2,0.8449997305870056,9,9,9,8,2,1,0,1,1
G:\Thesis\MonkSkinTone_Dataset\Segmented_MSTE\subject_2/PXL_20220922_173926742.jpg,8,8,7,2,0.33583733439445496,4,4,4,3,1,4,0,0,0
G:\Thesis\MonkSkinTone_Dataset\Segmented_MSTE\subject_2/PXL_20220922_173924672.jpg,8,8,7,2,0.6100850701332092,6,6,6,5,1,2,0,0,0
G:\Thesis\MonkSkinTone_Dataset\Segmented_MSTE\subject_2/PXL_20220922_173921134.jpg,8,8,7,2,0.734447717666626,8,8,8,7,2,0,1,1,1
G:\Thesis\MonkSkinTone_Dataset\Segmented_MSTE\subject_2/PXL_20220922_173918548.jpg,8,8,7,2,0.5097435116767883,6,6,6,5,1,2,0,0,0
G:\Thesis\MonkSkinTone_Dataset\Segmented_MSTE\subject_2/PXL_20220922_173916878.jpg,8,8,7,2,0.7919549942016602,8,8,8,7,2,0,1,1,1
G:\Thesis\MonkSkinTone_Dataset\Segmented_MSTE\subject_2/PXL_20220922_173914227.jpg,8,8,7,2,0.6161079406738281,7,7,7,6,1,1,0,1,0
G:\Thesis\MonkSkinTone_Dataset\Segmented_MSTE\subject_2/PXL_20220922_173912083.jpg,8,8,7,2,0.6898085474967957,7,7,7,6,1,1,0,1,0
G:\Thesis\MonkSkinTone_Dataset\Segmented_MSTE\subject_2/PXL_20220922_173910224.jpg,8,8,7,2,0.671750009059906,7,7,7,6,1,1,0,1,0
G:\Thesis\MonkSkinTone_Dataset\Segmented_MSTE\subject_2/PXL_20220922_173759197.jpg,8,8,7,2,0.449804425239563,5,5,5,4,1,3,0,0,0
G:\Thesis\MonkSkinTone_Dataset\Segmented_MSTE\subject_2/PXL_20220922_173757254.jpg,8,8,7,2,0.47034531831741333,5,5,5,4,1,3,0,0,0
G:\Thesis\MonkSkinTone_Dataset\Segmented_MSTE\subject_2/PXL_20220922_173755660.jpg,8,8,7,2,0.8184405565261841,8,8,8,7,2,0,1,1,1
G:\Thesis\MonkSkinTone_Dataset\Segmented_MSTE\subject_2/PXL_20220922_173754215.jpg,8,8,7,2,0.7546334862709045,8,8,8,7,2,0,1,1,1
G:\Thesis\MonkSkinTone_Dataset\Segmented_MSTE\subject_2/PXL_20220922_173751452.jpg,8,8,7,2,0.6702320575714111,7,7,7,6,1,1,0,1,0
G:\Thesis\MonkSkinTone_Dataset\Segmented_MSTE\subject_2/PXL_20220922_173750073.jpg,8,8,7,2,0.8358372449874878,9,9,9,8,2,1,0,1,1
G:\Thesis\MonkSkinTone_Dataset\Segmented_MSTE\subject_2/PXL_20220922_173748586.jpg,8,8,7,2,0.7220873236656189,7,7,7,6,1,1,0,1,0
G:\Thesis\MonkSkinTone_Dataset\Segmented_MSTE\subject_2/PXL_20220922_173747570.jpg,8,8,7,2,0.7612252831459045,8,8,8,7,2,0,1,1,1
G:\Thesis\MonkSkinTone_Dataset\Segmented_MSTE\subject_2/PXL_20220922_173744472.jpg,8,8,7,2,0.45248234272003174,5,5,5,4,1,3,0,0,0
G:\Thesis\MonkSkinTone_Dataset\Segmented_MSTE\subject_2/PXL_20220922_173736762.jpg,8,8,7,2,0.6175815463066101,7,7,7,6,1,1,0,1,0
G:\Thesis\MonkSkinTone_Dataset\Segmented_MSTE\subject_2/PXL_20220922_173734627.jpg,8,8,7,2,0.7636488080024719,8,8,8,7,2,0,1,1,1
G:\Thesis\MonkSkinTone_Dataset\Segmented_MSTE\subject_2/PXL_20220922_173732143.jpg,8,8,7,2,0.6121360063552856,7,7,7,6,1,1,0,1,0
G:\Thesis\MonkSkinTone_Dataset\Segmented_MSTE\subject_2/PXL_20220922_173719038.jpg,8,8,7,2,0.49462461471557617,5,5,5,4,1,3,0,0,0
G:\Thesis\MonkSkinTone_Dataset\Segmented_MSTE\subject_2/PXL_20220922_173717156.jpg,8,8,7,2,0.6870906949043274,7,7,7,6,1,1,0,1,0
G:\Thesis\MonkSkinTone_Dataset\Segmented_MSTE\subject_2/PXL_20220922_173611308.jpg,8,8,7,2,0.6297372579574585,7,7,7,6,1,1,0,1,0
G:\Thesis\MonkSkinTone_Dataset\Segmented_MSTE\subject_2/PXL_20220922_173606365.jpg,8,8,7,2,0.6242967247962952,7,7,7,6,1,1,0,1,0
G:\Thesis\MonkSkinTone_Dataset\Segmented_MSTE\subject_2/PXL_20220922_173604730.jpg,8,8,7,2,0.6236507892608643,7,7,7,6,1,1,0,1,0
G:\Thesis\MonkSkinTone_Dataset\Segmented_MSTE\subject_2/PXL_20220922_173601814.jpg,8,8,7,2,0.6594790816307068,7,7,7,6,1,1,0,1,0
G:\Thesis\MonkSkinTone_Dataset\Segmented_MSTE\subject_2/PXL_20220922_173556673.jpg,8,8,7,2,0.6180812120437622,7,7,7,6,1,1,0,1,0
G:\Thesis\MonkSkinTone_Dataset\Segmented_MSTE\subject_2/PXL_20220922_173553421.jpg,8,8,7,2,0.6538350582122803,7,7,7,6,1,1,0,1,0
G:\Thesis\MonkSkinTone_Dataset\Segmented_MSTE\subject_2/PXL_20220922_173549024.jpg,8,8,7,2,0.6384313106536865,7,7,7,6,1,1,0,1,0
G:\Thesis\MonkSkinTone_Dataset\Segmented_MSTE\subject_2/PXL_20220922_173547366.jpg,8,8,7,2,0.6306376457214355,7,7,7,6,1,1,0,1,0
G:\Thesis\MonkSkinTone_Dataset\Segmented_MSTE\subject_2/PXL_20220922_173522398.jpg,8,8,7,2,0.8261164426803589,8,8,8,7,2,0,1,1,1
G:\Thesis\MonkSkinTone_Dataset\Segmented_MSTE\subject_2/PXL_20220922_173520834.jpg,8,8,7,2,0.5606322884559631,6,6,6,5,1,2,0,0,0
G:\Thesis\MonkSkinTone_Dataset\Segmented_MSTE\subject_2/PXL_20220922_173518745.jpg,8,8,7,2,0.5784124135971069,6,6,6,5,1,2,0,0,0
G:\Thesis\MonkSkinTone_Dataset\Segmented_MSTE\subject_2/PXL_20220922_173517309.jpg,8,8,7,2,0.805630087852478,8,8,8,7,2,0,1,1,1
G:\Thesis\MonkSkinTone_Dataset\Segmented_MSTE\subject_2/PXL_20220922_173515925.jpg,8,8,7,2,0.7380273938179016,8,8,8,7,2,0,1,1,1
G:\Thesis\MonkSkinTone_Dataset\Segmented_MSTE\subject_2/PXL_20220922_173513639.jpg,8,8,7,2,0.7086247205734253,7,7,7,6,1,1,0,1,0
G:\Thesis\MonkSkinTone_Dataset\Segmented_MSTE\subject_2/PXL_20220922_173512389.jpg,8,8,7,2,0.8263287544250488,8,8,8,7,2,0,1,1,1
G:\Thesis\MonkSkinTone_Dataset\Segmented_MSTE\subject_2/PXL_20220922_173510821.jpg,8,8,7,2,0.6634002923965454,7,7,7,6,1,1,0,1,0
G:\Thesis\MonkSkinTone_Dataset\Segmented_MSTE\subject_2/PXL_20220922_173509217.jpg,8,8,7,2,0.7928572297096252,8,8,8,7,2,0,1,1,1
G:\Thesis\MonkSkinTone_Dataset\Segmented_MSTE\subject_2/PXL_20220922_173507870.jpg,8,8,7,2,0.8138028979301453,8,8,8,7,2,0,1,1,1
G:\Thesis\MonkSkinTone_Dataset\Segmented_MSTE\subject_2/PXL_20220922_173505354.jpg,8,8,7,2,0.7645318508148193,8,8,8,7,2,0,1,1,1
G:\Thesis\MonkSkinTone_Dataset\Segmented_MSTE\subject_2/PXL_20220922_173503845.jpg,8,8,7,2,0.8577061295509338,9,9,9,8,2,1,0,1,1
G:\Thesis\MonkSkinTone_Dataset\Segmented_MSTE\subject_2/PXL_20220922_173502282.jpg,8,8,7,2,0.6809379458427429,7,7,7,6,1,1,0,1,0
G:\Thesis\MonkSkinTone_Dataset\Segmented_MSTE\subject_2/PXL_20220922_173500725.jpg,8,8,7,2,0.8486029505729675,9,9,9,8,2,1,0,1,1
G:\Thesis\MonkSkinTone_Dataset\Segmented_MSTE\subject_2/PXL_20220922_173459363.jpg,8,8,7,2,0.7756558656692505,8,8,8,7,2,0,1,1,1
G:\Thesis\MonkSkinTone_Dataset\Segmented_MSTE\subject_2/PXL_20220922_173456436.jpg,8,8,7,2,0.7138782143592834,7,7,7,6,1,1,0,1,0
G:\Thesis\MonkSkinTone_Dataset\Segmented_MSTE\subject_2/PXL_20220922_173454727.jpg,8,8,7,2,0.8590505719184875,9,9,9,8,2,1,0,1,1
G:\Thesis\MonkSkinTone_Dataset\Segmented_MSTE\subject_2/PXL_20220922_173452401.jpg,8,8,7,2,0.6499800086021423,7,7,7,6,1,1,0,1,0
G:\Thesis\MonkSkinTone_Dataset\Segmented_MSTE\subject_2/PXL_20220922_173450800.jpg,8,8,7,2,0.7925139665603638,8,8,8,7,2,0,1,1,1
G:\Thesis\MonkSkinTone_Dataset\Segmented_MSTE\subject_2/PXL_20220922_173448953.jpg,8,8,7,2,0.7784021496772766,8,8,8,7,2,0,1,1,1
G:\Thesis\MonkSkinTone_Dataset\Segmented_MSTE\subject_2/PXL_20220922_173421045.jpg,8,8,7,2,0.6584686040878296,7,7,7,6,1,1,0,1,0
G:\Thesis\MonkSkinTone_Dataset\Segmented_MSTE\subject_2/PXL_20220922_173418250.jpg,8,8,7,2,0.7646560072898865,8,8,8,7,2,0,1,1,1
G:\Thesis\MonkSkinTone_Dataset\Segmented_MSTE\subject_2/PXL_20220922_173415758.jpg,8,8,7,2,0.7336511015892029,8,8,8,7,2,0,1,1,1
G:\Thesis\MonkSkinTone_Dataset\Segmented_MSTE\subject_2/PXL_20220922_173413565.jpg,8,8,7,2,0.8271534442901611,8,8,8,7,2,0,1,1,1
G:\Thesis\MonkSkinTone_Dataset\Segmented_MSTE\subject_2/PXL_20220922_173411408.jpg,8,8,7,2,0.7707109451293945,8,8,8,7,2,0,1,1,1
G:\Thesis\MonkSkinTone_Dataset\Segmented_MSTE\subject_2/PXL_20220922_173405212.jpg,8,8,7,2,0.5570893883705139,6,6,6,5,1,2,0,0,0
G:\Thesis\MonkSkinTone_Dataset\Segmented_MSTE\subject_2/PXL_20220922_173401146.jpg,8,8,7,2,0.8433647751808167,9,9,9,8,2,1,0,1,1
G:\Thesis\MonkSkinTone_Dataset\Segmented_MSTE\subject_2/PXL_20220922_173357738.jpg,8,8,7,2,0.7396613955497742,8,8,8,7,2,0,1,1,1
G:\Thesis\MonkSkinTone_Dataset\Segmented_MSTE\subject_2/PXL_20220922_173353508.jpg,8,8,7,2,0.7745879888534546,8,8,8,7,2,0,1,1,1
G:\Thesis\MonkSkinTone_Dataset\Segmented_MSTE\subject_2/PXL_20220922_173350162.jpg,8,8,7,2,0.6944344639778137,7,7,7,6,1,1,0,1,0
G:\Thesis\MonkSkinTone_Dataset\Segmented_MSTE\subject_2/PXL_20220922_173337082.jpg,8,8,7,2,0.7603294849395752,8,8,8,7,2,0,1,1,1
G:\Thesis\MonkSkinTone_Dataset\Segmented_MSTE\subject_2/PXL_20220922_173332744.jpg,8,8,7,2,0.5007150769233704,6,6,6,5,1,2,0,0,0
G:\Thesis\MonkSkinTone_Dataset\Segmented_MSTE\subject_2/PXL_20220922_173327539.jpg,8,8,7,2,0.7512747049331665,8,8,8,7,2,0,1,1,1
G:\Thesis\MonkSkinTone_Dataset\Segmented_MSTE\subject_2/PXL_20220922_173323265.jpg,8,8,7,2,0.8072305917739868,8,8,8,7,2,0,1,1,1
G:\Thesis\MonkSkinTone_Dataset\Segmented_MSTE\subject_2/PXL_20220922_173319356.jpg,8,8,7,2,0.787398099899292,8,8,8,7,2,0,1,1,1
G:\Thesis\MonkSkinTone_Dataset\Segmented_MSTE\subject_2/PXL_20220922_173313145.jpg,8,8,7,2,0.691806972026825,7,7,7,6,1,1,0,1,0
G:\Thesis\MonkSkinTone_Dataset\Segmented_MSTE\subject_2/PXL_20220922_173309332.jpg,8,8,7,2,0.7277979850769043,8,8,8,7,2,0,1,1,1
G:\Thesis\MonkSkinTone_Dataset\Segmented_MSTE\subject_2/PXL_20220922_173304772.jpg,8,8,7,2,0.7301230430603027,8,8,8,7,2,0,1,1,1
G:\Thesis\MonkSkinTone_Dataset\Segmented_MSTE\subject_2/PXL_20220922_173301206.jpg,8,8,7,2,0.8541204929351807,9,9,9,8,2,1,0,1,1
G:\Thesis\MonkSkinTone_Dataset\Segmented_MSTE\subject_2/PXL_20220922_173251686.jpg,8,8,7,2,0.7240109443664551,8,8,8,7,2,0,1,1,1
G:\Thesis\MonkSkinTone_Dataset\Segmented_MSTE\subject_1/PXL_20220922_174606457.jpg,2,2,1,0,0.3041788935661316,4,4,4,3,1,2,0,0,0
G:\Thesis\MonkSkinTone_Dataset\Segmented_MSTE\subject_1/PXL_20220922_174552943.jpg,2,2,1,0,0.44170045852661133,5,5,5,4,1,3,0,0,0
G:\Thesis\MonkSkinTone_Dataset\Segmented_MSTE\subject_1/PXL_20220922_174551650.jpg,2,2,1,0,0.363180935382843,4,4,4,3,1,2,0,0,0
G:\Thesis\MonkSkinTone_Dataset\Segmented_MSTE\subject_1/PXL_20220922_174550351.jpg,2,2,1,0,0.6078214049339294,6,6,6,5,1,4,0,0,0
G:\Thesis\MonkSkinTone_Dataset\Segmented_MSTE\subject_1/PXL_20220922_174547563.jpg,2,2,1,0,0.39597323536872864,5,5,5,4,1,3,0,0,0
G:\Thesis\MonkSkinTone_Dataset\Segmented_MSTE\subject_1/PXL_20220922_174540218.jpg,2,2,1,0,0.411563515663147,5,5,5,4,1,3,0,0,0
G:\Thesis\MonkSkinTone_Dataset\Segmented_MSTE\subject_1/PXL_20220922_174538656.jpg,2,2,1,0,0.5608876347541809,6,6,6,5,1,4,0,0,0
G:\Thesis\MonkSkinTone_Dataset\Segmented_MSTE\subject_1/PXL_20220922_174537206.jpg,2,2,1,0,0.5118649005889893,6,6,6,5,1,4,0,0,0
G:\Thesis\MonkSkinTone_Dataset\Segmented_MSTE\subject_1/PXL_20220922_174535556.jpg,2,2,1,0,0.5055842399597168,6,6,6,5,1,4,0,0,0
G:\Thesis\MonkSkinTone_Dataset\Segmented_MSTE\subject_1/PXL_20220922_174523104.jpg,2,2,1,0,0.41789281368255615,5,5,5,4,1,3,0,0,0
G:\Thesis\MonkSkinTone_Dataset\Segmented_MSTE\subject_1/PXL_20220922_174521457.jpg,2,2,1,0,0.30609285831451416,4,4,4,3,1,2,0,0,0
G:\Thesis\MonkSkinTone_Dataset\Segmented_MSTE\subject_1/PXL_20220922_174519156.jpg,2,2,1,0,0.5215381383895874,6,6,6,5,1,4,0,0,0
G:\Thesis\MonkSkinTone_Dataset\Segmented_MSTE\subject_1/PXL_20220922_174517683.jpg,2,2,1,0,0.5111467242240906,6,6,6,5,1,4,0,0,0
G:\Thesis\MonkSkinTone_Dataset\Segmented_MSTE\subject_1/PXL_20220922_174516272.jpg,2,2,1,0,0.446668416261673,5,5,5,4,1,3,0,0,0
G:\Thesis\MonkSkinTone_Dataset\Segmented_MSTE\subject_1/PXL_20220922_174445779.jpg,2,2,1,0,0.3638388216495514,4,4,4,3,1,2,0,0,0
G:\Thesis\MonkSkinTone_Dataset\Segmented_MSTE\subject_1/PXL_20220922_174444745.jpg,2,2,1,0,0.09621815383434296,2,2,2,1,0,0,1,1,1
G:\Thesis\MonkSkinTone_Dataset\Segmented_MSTE\subject_1/PXL_20220922_174443563.jpg,2,2,1,0,0.16811178624629974,3,3,3,2,0,1,0,1,1
G:\Thesis\MonkSkinTone_Dataset\Segmented_MSTE\subject_1/PXL_20220922_174442428.jpg,2,2,1,0,0.28337353467941284,4,4,4,3,1,2,0,0,0
G:\Thesis\MonkSkinTone_Dataset\Segmented_MSTE\subject_1/PXL_20220922_174440762.jpg,2,2,1,0,0.27057087421417236,3,3,3,2,0,1,0,1,1
G:\Thesis\MonkSkinTone_Dataset\Segmented_MSTE\subject_1/PXL_20220922_174437829.jpg,2,2,1,0,0.3212985694408417,4,4,4,3,1,2,0,0,0
G:\Thesis\MonkSkinTone_Dataset\Segmented_MSTE\subject_1/PXL_20220922_174436310.jpg,2,2,1,0,0.3066057562828064,4,4,4,3,1,2,0,0,0
G:\Thesis\MonkSkinTone_Dataset\Segmented_MSTE\subject_1/PXL_20220922_174435060.jpg,2,2,1,0,0.2761424481868744,3,3,3,2,0,1,0,1,1
G:\Thesis\MonkSkinTone_Dataset\Segmented_MSTE\subject_1/PXL_20220922_174431750.jpg,2,2,1,0,0.3265145421028137,4,4,4,3,1,2,0,0,0
G:\Thesis\MonkSkinTone_Dataset\Segmented_MSTE\subject_1/PXL_20220922_174406287.jpg,2,2,1,0,0.27607959508895874,3,3,3,2,0,1,0,1,1
G:\Thesis\MonkSkinTone_Dataset\Segmented_MSTE\subject_1/PXL_20220922_174404885.jpg,2,2,1,0,0.2587164044380188,3,3,3,2,0,1,0,1,1
G:\Thesis\MonkSkinTone_Dataset\Segmented_MSTE\subject_1/PXL_20220922_174400298.jpg,2,2,1,0,0.2602919042110443,3,3,3,2,0,1,0,1,1
G:\Thesis\MonkSkinTone_Dataset\Segmented_MSTE\subject_1/PXL_20220922_174358684.jpg,2,2,1,0,0.23361791670322418,3,3,3,2,0,1,0,1,1
G:\Thesis\MonkSkinTone_Dataset\Segmented_MSTE\subject_1/PXL_20220922_174231078.jpg,2,2,1,0,0.4235382676124573,5,5,5,4,1,3,0,0,0
G:\Thesis\MonkSkinTone_Dataset\Segmented_MSTE\subject_1/PXL_20220922_174227786.jpg,2,2,1,0,0.2387681007385254,3,3,3,2,0,1,0,1,1
G:\Thesis\MonkSkinTone_Dataset\Segmented_MSTE\subject_1/PXL_20220922_174225452.jpg,2,2,1,0,0.35760942101478577,4,4,4,3,1,2,0,0,0
G:\Thesis\MonkSkinTone_Dataset\Segmented_MSTE\subject_1/PXL_20220922_174223425.jpg,2,2,1,0,0.2731335461139679,3,3,3,2,0,1,0,1,1
G:\Thesis\MonkSkinTone_Dataset\Segmented_MSTE\subject_1/PXL_20220922_174221777.jpg,2,2,1,0,0.22001142799854279,3,3,3,2,0,1,0,1,1
G:\Thesis\MonkSkinTone_Dataset\Segmented_MSTE\subject_1/PXL_20220922_174152791.jpg,2,2,1,0,0.248702734708786,3,3,3,2,0,1,0,1,1
G:\Thesis\MonkSkinTone_Dataset\Segmented_MSTE\subject_1/PXL_20220922_174151131.jpg,2,2,1,0,0.2816195487976074,4,4,4,3,1,2,0,0,0
G:\Thesis\MonkSkinTone_Dataset\Segmented_MSTE\subject_1/PXL_20220922_174144689.jpg,2,2,1,0,0.14643943309783936,2,2,2,1,0,0,1,1,1
G:\Thesis\MonkSkinTone_Dataset\Segmented_MSTE\subject_1/PXL_20220922_174131827.jpg,2,2,1,0,0.34877848625183105,4,4,4,3,1,2,0,0,0
G:\Thesis\MonkSkinTone_Dataset\Segmented_MSTE\subject_1/PXL_20220922_174128782.jpg,2,2,1,0,0.08586123585700989,2,2,2,1,0,0,1,1,1
G:\Thesis\MonkSkinTone_Dataset\Segmented_MSTE\subject_1/PXL_20220922_174126716.jpg,2,2,1,0,0.480324387550354,5,5,5,4,1,3,0,0,0
G:\Thesis\MonkSkinTone_Dataset\Segmented_MSTE\subject_1/PXL_20220922_174124412.jpg,2,2,1,0,0.320540189743042,4,4,4,3,1,2,0,0,0
G:\Thesis\MonkSkinTone_Dataset\Segmented_MSTE\subject_1/PXL_20220922_174122571.jpg,2,2,1,0,0.2928787171840668,4,4,4,3,1,2,0,0,0
G:\Thesis\MonkSkinTone_Dataset\Segmented_MSTE\subject_1/PXL_20220922_174114139.jpg,2,2,1,0,0.25715622305870056,3,3,3,2,0,1,0,1,1
G:\Thesis\MonkSkinTone_Dataset\Segmented_MSTE\subject_1/PXL_20220922_174111438.jpg,2,2,1,0,0.2340591549873352,3,3,3,2,0,1,0,1,1
G:\Thesis\MonkSkinTone_Dataset\Segmented_MSTE\subject_1/PXL_20220922_174108549.jpg,2,2,1,0,0.3576187193393707,4,4,4,3,1,2,0,0,0
G:\Thesis\MonkSkinTone_Dataset\Segmented_MSTE\subject_1/PXL_20220922_174105914.jpg,2,2,1,0,0.2840101718902588,4,4,4,3,1,2,0,0,0
G:\Thesis\MonkSkinTone_Dataset\Segmented_MSTE\subject_1/PXL_20220922_174104129.jpg,2,2,1,0,0.2063731551170349,3,3,3,2,0,1,0,1,1
G:\Thesis\MonkSkinTone_Dataset\Segmented_MSTE\subject_1/PXL_20220922_174035795.jpg,2,2,1,0,0.33162736892700195,4,4,4,3,1,2,0,0,0
G:\Thesis\MonkSkinTone_Dataset\Segmented_MSTE\subject_1/PXL_20220922_174034517.jpg,2,2,1,0,0.12553496658802032,2,2,2,1,0,0,1,1,1
G:\Thesis\MonkSkinTone_Dataset\Segmented_MSTE\subject_1/PXL_20220922_174033018.jpg,2,2,1,0,0.22217631340026855,3,3,3,2,0,1,0,1,1
G:\Thesis\MonkSkinTone_Dataset\Segmented_MSTE\subject_1/PXL_20220922_174031644.jpg,2,2,1,0,0.4346438944339752,5,5,5,4,1,3,0,0,0
G:\Thesis\MonkSkinTone_Dataset\Segmented_MSTE\subject_1/PXL_20220922_174030115.jpg,2,2,1,0,0.3552270233631134,4,4,4,3,1,2,0,0,0
G:\Thesis\MonkSkinTone_Dataset\Segmented_MSTE\subject_1/PXL_20220922_174018423.jpg,2,2,1,0,0.17632873356342316,3,3,3,2,0,1,0,1,1
G:\Thesis\MonkSkinTone_Dataset\Segmented_MSTE\subject_1/PXL_20220922_174017237.jpg,2,2,1,0,0.1896170973777771,3,3,3,2,0,1,0,1,1
G:\Thesis\MonkSkinTone_Dataset\Segmented_MSTE\subject_1/PXL_20220922_174015452.jpg,2,2,1,0,0.3431922495365143,4,4,4,3,1,2,0,0,0
G:\Thesis\MonkSkinTone_Dataset\Segmented_MSTE\subject_1/PXL_20220922_174011830.jpg,2,2,1,0,0.2710486352443695,3,3,3,2,0,1,0,1,1
G:\Thesis\MonkSkinTone_Dataset\Segmented_MSTE\subject_1/PXL_20220922_174009443.jpg,2,2,1,0,0.2458019256591797,3,3,3,2,0,1,0,1,1
G:\Thesis\MonkSkinTone_Dataset\Segmented_MSTE\subject_1/PXL_20220922_174007933.jpg,2,2,1,0,0.18541820347309113,3,3,3,2,0,1,0,1,1
G:\Thesis\MonkSkinTone_Dataset\Segmented_MSTE\subject_1/PXL_20220922_174005827.jpg,2,2,1,0,0.4087757468223572,5,5,5,4,1,3,0,0,0
G:\Thesis\MonkSkinTone_Dataset\Segmented_MSTE\subject_1/PXL_20220922_174003968.jpg,2,2,1,0,0.35627198219299316,4,4,4,3,1,2,0,0,0
G:\Thesis\MonkSkinTone_Dataset\Segmented_MSTE\subject_1/PXL_20220922_173952716.jpg,2,2,1,0,0.20098085701465607,3,3,3,2,0,1,0,1,1
G:\Thesis\MonkSkinTone_Dataset\Segmented_MSTE\subject_0/PXL_20220922_132845778.PORTRAIT.jpg,3,3,2,0,0.35382065176963806,4,4,4,3,1,1,0,1,0
G:\Thesis\MonkSkinTone_Dataset\Segmented_MSTE\subject_0/PXL_20220922_134350655.PORTRAIT.jpg,3,3,2,0,0.4458787739276886,5,5,5,4,1,2,0,0,0
G:\Thesis\MonkSkinTone_Dataset\Segmented_MSTE\subject_0/PXL_20220922_134348505.PORTRAIT.jpg,3,3,2,0,0.3753128945827484,4,4,4,3,1,1,0,1,0
G:\Thesis\MonkSkinTone_Dataset\Segmented_MSTE\subject_0/PXL_20220922_134346135.PORTRAIT.jpg,3,3,2,0,0.29982003569602966,4,4,4,3,1,1,0,1,0
G:\Thesis\MonkSkinTone_Dataset\Segmented_MSTE\subject_0/PXL_20220922_134344367.PORTRAIT.jpg,3,3,2,0,0.2376347929239273,3,3,3,2,0,0,1,1,1
G:\Thesis\MonkSkinTone_Dataset\Segmented_MSTE\subject_0/PXL_20220922_134342333.PORTRAIT.jpg,3,3,2,0,0.17657166719436646,3,3,3,2,0,0,1,1,1
G:\Thesis\MonkSkinTone_Dataset\Segmented_MSTE\subject_0/PXL_20220922_134339364.PORTRAIT.jpg,3,3,2,0,0.3044600784778595,4,4,4,3,1,1,0,1,0
G:\Thesis\MonkSkinTone_Dataset\Segmented_MSTE\subject_0/PXL_20220922_134210937.jpg,3,3,2,0,0.5196846723556519,6,6,6,5,1,3,0,0,0
G:\Thesis\MonkSkinTone_Dataset\Segmented_MSTE\subject_0/PXL_20220922_134209190.jpg,3,3,2,0,0.3545192778110504,4,4,4,3,1,1,0,1,0
G:\Thesis\MonkSkinTone_Dataset\Segmented_MSTE\subject_0/PXL_20220922_134207466.jpg,3,3,2,0,0.6821869611740112,7,7,7,6,1,4,0,0,0
G:\Thesis\MonkSkinTone_Dataset\Segmented_MSTE\subject_0/PXL_20220922_134205505.jpg,3,3,2,0,0.4898585379123688,5,5,5,4,1,2,0,0,0
G:\Thesis\MonkSkinTone_Dataset\Segmented_MSTE\subject_0/PXL_20220922_134203230.jpg,3,3,2,0,0.5502347350120544,6,6,6,5,1,3,0,0,0
G:\Thesis\MonkSkinTone_Dataset\Segmented_MSTE\subject_0/PXL_20220922_134141731.jpg,3,3,2,0,0.4292689859867096,5,5,5,4,1,2,0,0,0
G:\Thesis\MonkSkinTone_Dataset\Segmented_MSTE\subject_0/PXL_20220922_134139865.jpg,3,3,2,0,0.36957690119743347,4,4,4,3,1,1,0,1,0
G:\Thesis\MonkSkinTone_Dataset\Segmented_MSTE\subject_0/PXL_20220922_134137827.jpg,3,3,2,0,0.6140473484992981,7,7,7,6,1,4,0,0,0
G:\Thesis\MonkSkinTone_Dataset\Segmented_MSTE\subject_0/PXL_20220922_134135978.jpg,3,3,2,0,0.6049039959907532,6,6,6,5,1,3,0,0,0
G:\Thesis\MonkSkinTone_Dataset\Segmented_MSTE\subject_0/PXL_20220922_134134361.jpg,3,3,2,0,0.47454962134361267,5,5,5,4,1,2,0,0,0
G:\Thesis\MonkSkinTone_Dataset\Segmented_MSTE\subject_0/PXL_20220922_134128867.jpg,3,3,2,0,0.4114896357059479,5,5,5,4,1,2,0,0,0
G:\Thesis\MonkSkinTone_Dataset\Segmented_MSTE\subject_0/PXL_20220922_134127250.jpg,3,3,2,0,0.34474289417266846,4,4,4,3,1,1,0,1,0
G:\Thesis\MonkSkinTone_Dataset\Segmented_MSTE\subject_0/PXL_20220922_134124746.jpg,3,3,2,0,0.4750245213508606,5,5,5,4,1,2,0,0,0
G:\Thesis\MonkSkinTone_Dataset\Segmented_MSTE\subject_0/PXL_20220922_134122294.jpg,3,3,2,0,0.5130156874656677,6,6,6,5,1,3,0,0,0
G:\Thesis\MonkSkinTone_Dataset\Segmented_MSTE\subject_0/PXL_20220922_134119737.jpg,3,3,2,0,0.3879949748516083,4,4,4,3,1,1,0,1,0
G:\Thesis\MonkSkinTone_Dataset\Segmented_MSTE\subject_0/PXL_20220922_134115414.jpg,3,3,2,0,0.38875922560691833,4,4,4,3,1,1,0,1,0
G:\Thesis\MonkSkinTone_Dataset\Segmented_MSTE\subject_0/PXL_20220922_134034735.jpg,3,3,2,0,0.364829957485199,4,4,4,3,1,1,0,1,0
G:\Thesis\MonkSkinTone_Dataset\Segmented_MSTE\subject_0/PXL_20220922_134031823.jpg,3,3,2,0,0.46917128562927246,5,5,5,4,1,2,0,0,0
G:\Thesis\MonkSkinTone_Dataset\Segmented_MSTE\subject_0/PXL_20220922_134028534.jpg,3,3,2,0,0.3721458315849304,4,4,4,3,1,1,0,1,0
G:\Thesis\MonkSkinTone_Dataset\Segmented_MSTE\subject_0/PXL_20220922_134026053.jpg,3,3,2,0,0.4366278648376465,5,5,5,4,1,2,0,0,0
G:\Thesis\MonkSkinTone_Dataset\Segmented_MSTE\subject_0/PXL_20220922_134022988.jpg,3,3,2,0,0.29838380217552185,4,4,4,3,1,1,0,1,0
G:\Thesis\MonkSkinTone_Dataset\Segmented_MSTE\subject_0/PXL_20220922_134006137.jpg,3,3,2,0,0.3734096884727478,4,4,4,3,1,1,0,1,0
G:\Thesis\MonkSkinTone_Dataset\Segmented_MSTE\subject_0/PXL_20220922_133026236.PORTRAIT.jpg,3,3,2,0,0.4238913953304291,5,5,5,4,1,2,0,0,0
G:\Thesis\MonkSkinTone_Dataset\Segmented_MSTE\subject_0/PXL_20220922_133020422.PORTRAIT.jpg,3,3,2,0,0.33278021216392517,4,4,4,3,1,1,0,1,0
G:\Thesis\MonkSkinTone_Dataset\Segmented_MSTE\subject_0/PXL_20220922_133015215.PORTRAIT.jpg,3,3,2,0,0.48111188411712646,5,5,5,4,1,2,0,0,0
G:\Thesis\MonkSkinTone_Dataset\Segmented_MSTE\subject_0/PXL_20220922_133010927.PORTRAIT.jpg,3,3,2,0,0.5100398659706116,6,6,6,5,1,3,0,0,0
G:\Thesis\MonkSkinTone_Dataset\Segmented_MSTE\subject_0/PXL_20220922_132959831.PORTRAIT.jpg,3,3,2,0,0.3088020980358124,4,4,4,3,1,1,0,1,0
G:\Thesis\MonkSkinTone_Dataset\Segmented_MSTE\subject_0/PXL_20220922_132914899.PORTRAIT.jpg,3,3,2,0,0.439069002866745,5,5,5,4,1,2,0,0,0
G:\Thesis\MonkSkinTone_Dataset\Segmented_MSTE\subject_0/PXL_20220922_132911049.PORTRAIT.jpg,3,3,2,0,0.2616739869117737,3,3,3,2,0,0,1,1,1
G:\Thesis\MonkSkinTone_Dataset\Segmented_MSTE\subject_0/PXL_20220922_132903030.PORTRAIT.jpg,3,3,2,0,0.3734043836593628,4,4,4,3,1,1,0,1,0
G:\Thesis\MonkSkinTone_Dataset\Segmented_MSTE\subject_0/PXL_20220922_132858876.PORTRAIT.jpg,3,3,2,0,0.30880483984947205,4,4,4,3,1,1,0,1,0
