image_path,true_label,true_mst,true_class,true_bin,pred_scalar,pred_mst_rounded,pred_label,pred_mst,pred_class,pred_bin,abs_error,match_exact,match_pm1,match_bin
G:\Thesis\MonkSkinTone_Dataset\Segmented_MSTE\subject_18/PXL_20220922_183640936.PORTRAIT.jpg,1,1,0,0,0.38751569390296936,4,4,4,3,1,3,0,0,0
G:\Thesis\MonkSkinTone_Dataset\Segmented_MSTE\subject_18/PXL_20220922_183639710.PORTRAIT.jpg,1,1,0,0,0.546366274356842,6,6,6,5,1,5,0,0,0
G:\Thesis\MonkSkinTone_Dataset\Segmented_MSTE\subject_18/PXL_20220922_183638393.PORTRAIT.jpg,1,1,0,0,0.4222877621650696,5,5,5,4,1,4,0,0,0
G:\Thesis\MonkSkinTone_Dataset\Segmented_MSTE\subject_18/PXL_20220922_183636542.PORTRAIT.jpg,1,1,0,0,0.701948881149292,7,7,7,6,1,6,0,0,0
G:\Thesis\MonkSkinTone_Dataset\Segmented_MSTE\subject_18/PXL_20220922_183634690.PORTRAIT.jpg,1,1,0,0,0.6168686747550964,7,7,7,6,1,6,0,0,0
G:\Thesis\MonkSkinTone_Dataset\Segmented_MSTE\subject_18/PXL_20220922_183627117.PORTRAIT.jpg,1,1,0,0,0.3864266872406006,4,4,4,3,1,3,0,0,0
G:\Thesis\MonkSkinTone_Dataset\Segmented_MSTE\subject_18/PXL_20220922_183621991.PORTRAIT.jpg,1,1,0,0,0.3342358469963074,4,4,4,3,1,3,0,0,0
G:\Thesis\MonkSkinTone_Dataset\Segmented_MSTE\subject_18/PXL_20220922_183620053.PORTRAIT.jpg,1,1,0,0,0.1899387538433075,3,3,3,2,0,2,0,0,1
G:\Thesis\MonkSkinTone_Dataset\Segmented_MSTE\subject_18/PXL_20220922_183617300.PORTRAIT.jpg,1,1,0,0,0.26359766721725464,3,3,3,2,0,2,0,0,1
G:\Thesis\MonkSkinTone_Dataset\Segmented_MSTE\subject_18/PXL_20220922_183616200.PORTRAIT.jpg,1,1,0,0,0.46161022782325745,5,5,5,4,1,4,0,0,0
G:\Thesis\MonkSkinTone_Dataset\Segmented_MSTE\subject_18/PXL_20220922_183614881.PORTRAIT.jpg,1,1,0,0,0.34230706095695496,4,4,4,3,1,3,0,0,0
G:\Thesis\MonkSkinTone_Dataset\Segmented_MSTE\subject_18/PXL_20220922_183613264.PORTRAIT.jpg,1,1,0,0,0.24834325909614563,3,3,3,2,0,2,0,0,1
G:\Thesis\MonkSkinTone_Dataset\Segmented_MSTE\subject_18/PXL_20220922_183609632.PORTRAIT.jpg,1,1,0,0,0.24830462038516998,3,3,3,2,0,2,0,0,1
G:\Thesis\MonkSkinTone_Dataset\Segmented_MSTE\subject_18/PXL_20220922_183530266.jpg,1,1,0,0,0.4829740524291992,5,5,5,4,1,4,0,0,0
G:\Thesis\MonkSkinTone_Dataset\Segmented_MSTE\subject_18/PXL_20220922_183523486.jpg,1,1,0,0,0.3589300513267517,4,4,4,3,1,3,0,0,0
G:\Thesis\MonkSkinTone_Dataset\Segmented_MSTE\subject_18/PXL_20220922_183521096.jpg,1,1,0,0,0.5704689025878906,6,6,6,5,1,5,0,0,0
G:\Thesis\MonkSkinTone_Dataset\Segmented_MSTE\subject_18/PXL_20220922_183519975.jpg,1,1,0,0,0.2505967319011688,3,3,3,2,0,2,0,0,1
G:\Thesis\MonkSkinTone_Dataset\Segmented_MSTE\subject_18/PXL_20220922_183518814.jpg,1,1,0,0,0.39471009373664856,5,5,5,4,1,4,0,0,0
G:\Thesis\MonkSkinTone_Dataset\Segmented_MSTE\subject_18/PXL_20220922_183517768.jpg,1,1,0,0,0.22566337883472443,3,3,3,2,0,2,0,0,1
G:\Thesis\MonkSkinTone_Dataset\Segmented_MSTE\subject_18/PXL_20220922_183511299.jpg,1,1,0,0,0.4564991891384125,5,5,5,4,1,4,0,0,0
G:\Thesis\MonkSkinTone_Dataset\Segmented_MSTE\subject_18/PXL_20220922_183508755.jpg,1,1,0,0,0.41122642159461975,5,5,5,4,1,4,0,0,0
G:\Thesis\MonkSkinTone_Dataset\Segmented_MSTE\subject_18/PXL_20220922_183507645.jpg,1,1,0,0,0.35804086923599243,4,4,4,3,1,3,0,0,0
G:\Thesis\MonkSkinTone_Dataset\Segmented_MSTE\subject_18/PXL_20220922_183506625.jpg,1,1,0,0,0.2423459142446518,3,3,3,2,0,2,0,0,1
G:\Thesis\MonkSkinTone_Dataset\Segmented_MSTE\subject_18/PXL_20220922_183500918.jpg,1,1,0,0,0.27359551191329956,3,3,3,2,0,2,0,0,1
G:\Thesis\MonkSkinTone_Dataset\Segmented_MSTE\subject_18/PXL_20220922_183458519.jpg,1,1,0,0,0.2582617402076721,3,3,3,2,0,2,0,0,1
G:\Thesis\MonkSkinTone_Dataset\Segmented_MSTE\subject_18/PXL_20220922_183457367.jpg,1,1,0,0,0.49746280908584595,5,5,5,4,1,4,0,0,0
G:\Thesis\MonkSkinTone_Dataset\Segmented_MSTE\subject_18/PXL_20220922_183456183.jpg,1,1,0,0,0.3264774978160858,4,4,4,3,1,3,0,0,0
G:\Thesis\MonkSkinTone_Dataset\Segmented_MSTE\subject_18/PXL_20220922_183453555.jpg,1,1,0,0,0.2644578814506531,3,3,3,2,0,2,0,0,1
G:\Thesis\MonkSkinTone_Dataset\Segmented_MSTE\subject_18/PXL_20220922_183450974.jpg,1,1,0,0,0.37514713406562805,4,4,4,3,1,3,0,0,0
G:\Thesis\MonkSkinTone_Dataset\Segmented_MSTE\subject_18/PXL_20220922_183449581.jpg,1,1,0,0,0.29881420731544495,4,4,4,3,1,3,0,0,0
G:\Thesis\MonkSkinTone_Dataset\Segmented_MSTE\subject_18/PXL_20220922_183448133.jpg,1,1,0,0,0.3313605487346649,4,4,4,3,1,3,0,0,0
G:\Thesis\MonkSkinTone_Dataset\Segmented_MSTE\subject_18/PXL_20220922_183322816.jpg,1,1,0,0,0.3619806170463562,4,4,4,3,1,3,0,0,0
G:\Thesis\MonkSkinTone_Dataset\Segmented_MSTE\subject_18/PXL_20220922_183321028.jpg,1,1,0,0,0.4490711987018585,5,5,5,4,1,4,0,0,0
G:\Thesis\MonkSkinTone_Dataset\Segmented_MSTE\subject_18/PXL_20220922_183319912.jpg,1,1,0,0,0.27759110927581787,3,3,3,2,0,2,0,0,1
G:\Thesis\MonkSkinTone_Dataset\Segmented_MSTE\subject_18/PXL_20220922_183318443.jpg,1,1,0,0,0.27022886276245117,3,3,3,2,0,2,0,0,1
G:\Thesis\MonkSkinTone_Dataset\Segmented_MSTE\subject_18/PXL_20220922_183317218.jpg,1,1,0,0,0.30398017168045044,4,4,4,3,1,3,0,0,0
G:\Thesis\MonkSkinTone_Dataset\Segmented_MSTE\subject_18/PXL_20220922_183315539.jpg,1,1,0,0,0.3812301754951477,4,4,4,3,1,3,0,0,0
G:\Thesis\MonkSkinTone_Dataset\Segmented_MSTE\subject_18/PXL_20220922_183305849.jpg,1,1,0,0,0.1844901442527771,3,3,3,2,0,2,0,0,1
G:\Thesis\MonkSkinTone_Dataset\Segmented_MSTE\subject_18/PXL_20220922_183304378.jpg,1,1,0,0,0.3222513496875763,4,4,4,3,1,3,0,0,0
G:\Thesis\MonkSkinTone_Dataset\Segmented_MSTE\subject_18/PXL_20220922_183302961.jpg,1,1,0,0,0.2639387547969818,3,3,3,2,0,2,0,0,1
G:\Thesis\MonkSkinTone_Dataset\Segmented_MSTE\subject_18/PXL_20220922_183301497.jpg,1,1,0,0,0.19912362098693848,3,3,3,2,0,2,0,0,1
G:\Thesis\MonkSkinTone_Dataset\Segmented_MSTE\subject_18/PXL_20220922_183142438.jpg ,1,1,0,0,0.2264692634344101,3,3,3,2,0,2,0,0,1
G:\Thesis\MonkSkinTone_Dataset\Segmented_MSTE\subject_18/PXL_20220922_183140964.jpg,1,1,0,0,0.38311025500297546,4,4,4,3,1,3,0,0,0
G:\Thesis\MonkSkinTone_Dataset\Segmented_MSTE\subject_18/PXL_20220922_183139502.jpg,1,1,0,0,0.19106078147888184,3,3,3,2,0,2,0,0,1
G:\Thesis\MonkSkinTone_Dataset\Segmented_MSTE\subject_18/PXL_20220922_183138108.jpg,1,1,0,0,0.3277375102043152,4,4,4,3,1,3,0,0,0
G:\Thesis\MonkSkinTone_Dataset\Segmented_MSTE\subject_18/PXL_20220922_183136584.jpg,1,1,0,0,0.21197138726711273,3,3,3,2,0,2,0,0,1
G:\Thesis\MonkSkinTone_Dataset\Segmented_MSTE\subject_18/PXL_20220922_183130795.jpg,1,1,0,0,0.2952883541584015,4,4,4,3,1,3,0,0,0
G:\Thesis\MonkSkinTone_Dataset\Segmented_MSTE\subject_18/PXL_20220922_183129130.jpg,1,1,0,0,0.29055091738700867,4,4,4,3,1,3,0,0,0
G:\Thesis\MonkSkinTone_Dataset\Segmented_MSTE\subject_18/PXL_20220922_183127653.jpg,1,1,0,0,0.2857140004634857,4,4,4,3,1,3,0,0,0
G:\Thesis\MonkSkinTone_Dataset\Segmented_MSTE\subject_18/PXL_20220922_183126312.jpg,1,1,0,0,0.17482702434062958,3,3,3,2,0,2,0,0,1
G:\Thesis\MonkSkinTone_Dataset\Segmented_MSTE\subject_18/PXL_20220922_183125041.jpg,1,1,0,0,0.2773028612136841,3,3,3,2,0,2,0,0,1
G:\Thesis\MonkSkinTone_Dataset\Segmented_MSTE\subject_18/PXL_20220922_183059733.jpg,1,1,0,0,0.19442038238048553,3,3,3,2,0,2,0,0,1
G:\Thesis\MonkSkinTone_Dataset\Segmented_MSTE\subject_18/PXL_20220922_183057897.jpg,1,1,0,0,0.38832369446754456,4,4,4,3,1,3,0,0,0
G:\Thesis\MonkSkinTone_Dataset\Segmented_MSTE\subject_18/PXL_20220922_183056227.jpg,1,1,0,0,0.39809173345565796,5,5,5,4,1,4,0,0,0
G:\Thesis\MonkSkinTone_Dataset\Segmented_MSTE\subject_18/PXL_20220922_183054615.jpg,1,1,0,0,0.2897275686264038,4,4,4,3,1,3,0,0,0
G:\Thesis\MonkSkinTone_Dataset\Segmented_MSTE\subject_18/PXL_20220922_183052857.jpg,1,1,0,0,0.29600289463996887,4,4,4,3,1,3,0,0,0
G:\Thesis\MonkSkinTone_Dataset\Segmented_MSTE\subject_18/PXL_20220922_183050690.jpg,1,1,0,0,0.28881970047950745,4,4,4,3,1,3,0,0,0
G:\Thesis\MonkSkinTone_Dataset\Segmented_MSTE\subject_18/PXL_20220922_183047955.jpg,1,1,0,0,0.47376006841659546,5,5,5,4,1,4,0,0,0
G:\Thesis\MonkSkinTone_Dataset\Segmented_MSTE\subject_18/PXL_20220922_183046058.jpg,1,1,0,0,0.29076269268989563,4,4,4,3,1,3,0,0,0
G:\Thesis\MonkSkinTone_Dataset\Segmented_MSTE\subject_18/PXL_20220922_183044451.jpg,1,1,0,0,0.14503467082977295,2,2,2,1,0,1,0,1,1
G:\Thesis\MonkSkinTone_Dataset\Segmented_MSTE\subject_18/PXL_20220922_183041910.jpg,1,1,0,0,0.24439243972301483,3,3,3,2,0,2,0,0,1
G:\Thesis\MonkSkinTone_Dataset\Segmented_MSTE\subject_18/PXL_20220922_182846104.jpg,1,1,0,0,0.5434415936470032,6,6,6,5,1,5,0,0,0
G:\Thesis\MonkSkinTone_Dataset\Segmented_MSTE\subject_18/PXL_20220922_182843801.jpg,1,1,0,0,0.49032071232795715,5,5,5,4,1,4,0,0,0
G:\Thesis\MonkSkinTone_Dataset\Segmented_MSTE\subject_18/PXL_20220922_182838794.jpg,1,1,0,0,0.32071417570114136,4,4,4,3,1,3,0,0,0
G:\Thesis\MonkSkinTone_Dataset\Segmented_MSTE\subject_18/PXL_20220922_182836446.jpg,1,1,0,0,0.32452788949012756,4,4,4,3,1,3,0,0,0
G:\Thesis\MonkSkinTone_Dataset\Segmented_MSTE\subject_18/PXL_20220922_182827542.jpg,1,1,0,0,0.4399653971195221,5,5,5,4,1,4,0,0,0
G:\Thesis\MonkSkinTone_Dataset\Segmented_MSTE\subject_18/PXL_20220922_182823421.jpg,1,1,0,0,0.439242422580719,5,5,5,4,1,4,0,0,0
G:\Thesis\MonkSkinTone_Dataset\Segmented_MSTE\subject_18/PXL_20220922_182821960.jpg,1,1,0,0,0.44504231214523315,5,5,5,4,1,4,0,0,0
G:\Thesis\MonkSkinTone_Dataset\Segmented_MSTE\subject_18/PXL_20220922_182820039.jpg,1,1,0,0,0.46831274032592773,5,5,5,4,1,4,0,0,0
G:\Thesis\MonkSkinTone_Dataset\Segmented_MSTE\subject_18/PXL_20220922_182818299.jpg,1,1,0,0,0.5650644302368164,6,6,6,5,1,5,0,0,0
G:\Thesis\MonkSkinTone_Dataset\Segmented_MSTE\subject_18/PXL_20220922_182816244.jpg,1,1,0,0,0.36438390612602234,4,4,4,3,1,3,0,0,0
G:\Thesis\MonkSkinTone_Dataset\Segmented_MSTE\subject_18/PXL_20220922_182730001.jpg,1,1,0,0,0.18179747462272644,3,3,3,2,0,2,0,0,1
G:\Thesis\MonkSkinTone_Dataset\Segmented_MSTE\subject_18/PXL_20220922_182727968.jpg,1,1,0,0,0.742775022983551,8,8,8,7,2,7,0,0,0
G:\Thesis\MonkSkinTone_Dataset\Segmented_MSTE\subject_18/PXL_20220922_182726348.jpg,1,1,0,0,0.4176223576068878,5,5,5,4,1,4,0,0,0
G:\Thesis\MonkSkinTone_Dataset\Segmented_MSTE\subject_18/PXL_20220922_182724563.jpg,1,1,0,0,0.29533758759498596,4,4,4,3,1,3,0,0,0
G:\Thesis\MonkSkinTone_Dataset\Segmented_MSTE\subject_18/PXL_20220922_182722342.jpg,1,1,0,0,0.28401875495910645,4,4,4,3,1,3,0,0,0
G:\Thesis\MonkSkinTone_Dataset\Segmented_MSTE\subject_18/PXL_20220922_182713149.jpg,1,1,0,0,0.32644426822662354,4,4,4,3,1,3,0,0,0
G:\Thesis\MonkSkinTone_Dataset\Segmented_MSTE\subject_18/PXL_20220922_182711815.jpg,1,1,0,0,0.6633468866348267,7,7,7,6,1,6,0,0,0
G:\Thesis\MonkSkinTone_Dataset\Segmented_MSTE\subject_18/PXL_20220922_182710449.jpg,1,1,0,0,0.6384881734848022,7,7,7,6,1,6,0,0,0
G:\Thesis\MonkSkinTone_Dataset\Segmented_MSTE\subject_18/PXL_20220922_182708946.jpg,1,1,0,0,0.3770805299282074,4,4,4,3,1,3,0,0,0
G:\Thesis\MonkSkinTone_Dataset\Segmented_MSTE\subject_18/PXL_20220922_182706230.jpg,1,1,0,0,0.5632033944129944,6,6,6,5,1,5,0,0,0
G:\Thesis\MonkSkinTone_Dataset\Segmented_MSTE\subject_18/PXL_20220922_182653661.jpg,1,1,0,0,0.2603570818901062,3,3,3,2,0,2,0,0,1
G:\Thesis\MonkSkinTone_Dataset\Segmented_MSTE\subject_18/PXL_20220922_182652060.jpg,1,1,0,0,0.6492527723312378,7,7,7,6,1,6,0,0,0
G:\Thesis\MonkSkinTone_Dataset\Segmented_MSTE\subject_18/PXL_20220922_182650673.jpg,1,1,0,0,0.2638533413410187,3,3,3,2,0,2,0,0,1
G:\Thesis\MonkSkinTone_Dataset\Segmented_MSTE\subject_18/PXL_20220922_182649088.jpg,1,1,0,0,0.249963641166687,3,3,3,2,0,2,0,0,1
G:\Thesis\MonkSkinTone_Dataset\Segmented_MSTE\subject_18/PXL_20220922_182647374.jpg,1,1,0,0,0.20025992393493652,3,3,3,2,0,2,0,0,1
G:\Thesis\MonkSkinTone_Dataset\Segmented_MSTE\subject_18/PXL_20220922_182645489.jpg,1,1,0,0,0.16294363141059875,2,2,2,1,0,1,0,1,1
G:\Thesis\MonkSkinTone_Dataset\Segmented_MSTE\subject_18/PXL_20220922_182642800.jpg,1,1,0,0,0.28425702452659607,4,4,4,3,1,3,0,0,0
G:\Thesis\MonkSkinTone_Dataset\Segmented_MSTE\subject_18/PXL_20220922_182641003.jpg,1,1,0,0,0.40546268224716187,5,5,5,4,1,4,0,0,0
G:\Thesis\MonkSkinTone_Dataset\Segmented_MSTE\subject_18/PXL_20220922_182639058.jpg,1,1,0,0,0.46014636754989624,5,5,5,4,1,4,0,0,0
G:\Thesis\MonkSkinTone_Dataset\Segmented_MSTE\subject_18/PXL_20220922_182636989.jpg,1,1,0,0,0.3520549535751343,4,4,4,3,1,3,0,0,0
G:\Thesis\MonkSkinTone_Dataset\Segmented_MSTE\subject_18/PXL_20220922_182633863.jpg,1,1,0,0,0.3920100927352905,5,5,5,4,1,4,0,0,0
G:\Thesis\MonkSkinTone_Dataset\Segmented_MSTE\subject_17/PXL_20220922_185827818.jpg,8,8,7,2,0.32537156343460083,4,4,4,3,1,4,0,0,0
G:\Thesis\MonkSkinTone_Dataset\Segmented_MSTE\subject_17/PXL_20220922_185825103.jpg,8,8,7,2,0.38518568873405457,4,4,4,3,1,4,0,0,0
G:\Thesis\MonkSkinTone_Dataset\Segmented_MSTE\subject_17/PXL_20220922_185814512.jpg,8,8,7,2,0.5122267007827759,6,6,6,5,1,2,0,0,0
G:\Thesis\MonkSkinTone_Dataset\Segmented_MSTE\subject_17/PXL_20220922_185812471.jpg,8,8,7,2,0.5310980081558228,6,6,6,5,1,2,0,0,0
G:\Thesis\MonkSkinTone_Dataset\Segmented_MSTE\subject_17/PXL_20220922_185804157.jpg,8,8,7,2,0.6733043789863586,7,7,7,6,1,1,0,1,0
G:\Thesis\MonkSkinTone_Dataset\Segmented_MSTE\subject_17/PXL_20220922_185800557.jpg,8,8,7,2,0.5202715396881104,6,6,6,5,1,2,0,0,0
G:\Thesis\MonkSkinTone_Dataset\Segmented_MSTE\subject_17/PXL_20220922_185757301.jpg,8,8,7,2,0.40669310092926025,5,5,5,4,1,3,0,0,0
G:\Thesis\MonkSkinTone_Dataset\Segmented_MSTE\subject_17/PXL_20220922_185754281.jpg,8,8,7,2,0.4881817698478699,5,5,5,4,1,3,0,0,0
G:\Thesis\MonkSkinTone_Dataset\Segmented_MSTE\subject_17/PXL_20220922_185705214.jpg,8,8,7,2,0.603646993637085,6,6,6,5,1,2,0,0,0
G:\Thesis\MonkSkinTone_Dataset\Segmented_MSTE\subject_17/PXL_20220922_185703775.jpg,8,8,7,2,0.6269654035568237,7,7,7,6,1,1,0,1,0
G:\Thesis\MonkSkinTone_Dataset\Segmented_MSTE\subject_17/PXL_20220922_185702103.jpg,8,8,7,2,0.5294967293739319,6,6,6,5,1,2,0,0,0
G:\Thesis\MonkSkinTone_Dataset\Segmented_MSTE\subject_17/PXL_20220922_185700581.jpg,8,8,7,2,0.543258011341095,6,6,6,5,1,2,0,0,0
G:\Thesis\MonkSkinTone_Dataset\Segmented_MSTE\subject_17/PXL_20220922_185659098.jpg,8,8,7,2,0.7222995758056641,8,8,8,7,2,0,1,1,1
G:\Thesis\MonkSkinTone_Dataset\Segmented_MSTE\subject_17/PXL_20220922_185657391.jpg,8,8,7,2,0.6282699704170227,7,7,7,6,1,1,0,1,0
G:\Thesis\MonkSkinTone_Dataset\Segmented_MSTE\subject_17/PXL_20220922_185655701.jpg,8,8,7,2,0.6254391670227051,7,7,7,6,1,1,0,1,0
G:\Thesis\MonkSkinTone_Dataset\Segmented_MSTE\subject_17/PXL_20220922_185654282.jpg,8,8,7,2,0.5335296392440796,6,6,6,5,1,2,0,0,0
G:\Thesis\MonkSkinTone_Dataset\Segmented_MSTE\subject_17/PXL_20220922_185652542.jpg,8,8,7,2,0.539155125617981,6,6,6,5,1,2,0,0,0
G:\Thesis\MonkSkinTone_Dataset\Segmented_MSTE\subject_17/PXL_20220922_185651168.jpg,8,8,7,2,0.5672740936279297,6,6,6,5,1,2,0,0,0
G:\Thesis\MonkSkinTone_Dataset\Segmented_MSTE\subject_17/PXL_20220922_185514681.jpg,8,8,7,2,0.35182952880859375,4,4,4,3,1,4,0,0,0
G:\Thesis\MonkSkinTone_Dataset\Segmented_MSTE\subject_17/PXL_20220922_185512817.jpg,8,8,7,2,0.7171890735626221,7,7,7,6,1,1,0,1,0
G:\Thesis\MonkSkinTone_Dataset\Segmented_MSTE\subject_17/PXL_20220922_185510279.jpg,8,8,7,2,0.5976502299308777,6,6,6,5,1,2,0,0,0
G:\Thesis\MonkSkinTone_Dataset\Segmented_MSTE\subject_17/PXL_20220922_185507420.jpg,8,8,7,2,0.5669173002243042,6,6,6,5,1,2,0,0,0
G:\Thesis\MonkSkinTone_Dataset\Segmented_MSTE\subject_17/PXL_20220922_185505997.jpg,8,8,7,2,0.41174986958503723,5,5,5,4,1,3,0,0,0
G:\Thesis\MonkSkinTone_Dataset\Segmented_MSTE\subject_17/PXL_20220922_185504598.jpg,8,8,7,2,0.5182142853736877,6,6,6,5,1,2,0,0,0
G:\Thesis\MonkSkinTone_Dataset\Segmented_MSTE\subject_17/PXL_20220922_185456930.jpg,8,8,7,2,0.5734770894050598,6,6,6,5,1,2,0,0,0
G:\Thesis\MonkSkinTone_Dataset\Segmented_MSTE\subject_17/PXL_20220922_185442196.jpg,8,8,7,2,0.6444280743598938,7,7,7,6,1,1,0,1,0
G:\Thesis\MonkSkinTone_Dataset\Segmented_MSTE\subject_17/PXL_20220922_185440334.jpg,8,8,7,2,0.5431430339813232,6,6,6,5,1,2,0,0,0
G:\Thesis\MonkSkinTone_Dataset\Segmented_MSTE\subject_17/PXL_20220922_185419849.PORTRAIT.jpg,8,8,7,2,0.6004825830459595,6,6,6,5,1,2,0,0,0
G:\Thesis\MonkSkinTone_Dataset\Segmented_MSTE\subject_17/PXL_20220922_185418367.PORTRAIT.jpg,8,8,7,2,0.72142493724823,7,7,7,6,1,1,0,1,0
G:\Thesis\MonkSkinTone_Dataset\Segmented_MSTE\subject_17/PXL_20220922_185416595.PORTRAIT.jpg,8,8,7,2,0.6347793340682983,7,7,7,6,1,1,0,1,0
G:\Thesis\MonkSkinTone_Dataset\Segmented_MSTE\subject_17/PXL_20220922_185415142.PORTRAIT.jpg,8,8,7,2,0.5543493032455444,6,6,6,5,1,2,0,0,0
G:\Thesis\MonkSkinTone_Dataset\Segmented_MSTE\subject_17/PXL_20220922_185410258.PORTRAIT.jpg,8,8,7,2,0.6641535758972168,7,7,7,6,1,1,0,1,0
G:\Thesis\MonkSkinTone_Dataset\Segmented_MSTE\subject_17/PXL_20220922_185404798.PORTRAIT.jpg,8,8,7,2,0.6675445437431335,7,7,7,6,1,1,0,1,0
G:\Thesis\MonkSkinTone_Dataset\Segmented_MSTE\subject_17/PXL_20220922_185403014.PORTRAIT.jpg,8,8,7,2,0.7417263984680176,8,8,8,7,2,0,1,1,1
G:\Thesis\MonkSkinTone_Dataset\Segmented_MSTE\subject_17/PXL_20220922_185401468.PORTRAIT.jpg,8,8,7,2,0.5938556790351868,6,6,6,5,1,2,0,0,0
G:\Thesis\MonkSkinTone_Dataset\Segmented_MSTE\subject_17/PXL_20220922_185359690.PORTRAIT.jpg,8,8,7,2,0.6629629135131836,7,7,7,6,1,1,0,1,0
G:\Thesis\MonkSkinTone_Dataset\Segmented_MSTE\subject_17/PXL_20220922_185358150.PORTRAIT.jpg,8,8,7,2,0.6762574315071106,7,7,7,6,1,1,0,1,0
G:\Thesis\MonkSkinTone_Dataset\Segmented_MSTE\subject_17/PXL_20220922_185316365.PORTRAIT.jpg,8,8,7,2,0.7468940019607544,8,8,8,7,2,0,1,1,1
G:\Thesis\MonkSkinTone_Dataset\Segmented_MSTE\subject_17/PXL_20220922_185314924.PORTRAIT.jpg,8,8,7,2,0.7772183418273926,8,8,8,7,2,0,1,1,1
G:\Thesis\MonkSkinTone_Dataset\Segmented_MSTE\subject_17/PXL_20220922_185313189.PORTRAIT.jpg,8,8,7,2,0.63542240858078,7,7,7,6,1,1,0,1,0
G:\Thesis\MonkSkinTone_Dataset\Segmented_MSTE\subject_17/PXL_20220922_185311564.PORTRAIT.jpg,8,8,7,2,0.634229838848114,7,7,7,6,1,1,0,1,0
G:\Thesis\MonkSkinTone_Dataset\Segmented_MSTE\subject_17/PXL_20220922_185309607.PORTRAIT.jpg,8,8,7,2,0.6414300203323364,7,7,7,6,1,1,0,1,0
G:\Thesis\MonkSkinTone_Dataset\Segmented_MSTE\subject_17/PXL_20220922_185248297.jpg,8,8,7,2,0.7646751999855042,8,8,8,7,2,0,1,1,1
G:\Thesis\MonkSkinTone_Dataset\Segmented_MSTE\subject_17/PXL_20220922_185246916.jpg,8,8,7,2,0.6470028758049011,7,7,7,6,1,1,0,1,0
G:\Thesis\MonkSkinTone_Dataset\Segmented_MSTE\subject_17/PXL_20220922_185245527.jpg,8,8,7,2,0.7035302519798279,7,7,7,6,1,1,0,1,0
G:\Thesis\MonkSkinTone_Dataset\Segmented_MSTE\subject_17/PXL_20220922_185244102.jpg,8,8,7,2,0.5431659817695618,6,6,6,5,1,2,0,0,0
G:\Thesis\MonkSkinTone_Dataset\Segmented_MSTE\subject_17/PXL_20220922_185242494.jpg,8,8,7,2,0.6922613382339478,7,7,7,6,1,1,0,1,0
G:\Thesis\MonkSkinTone_Dataset\Segmented_MSTE\subject_17/PXL_20220922_185224507.jpg,8,8,7,2,0.6785178780555725,7,7,7,6,1,1,0,1,0
G:\Thesis\MonkSkinTone_Dataset\Segmented_MSTE\subject_17/PXL_20220922_185206022.jpg,8,8,7,2,0.728847861289978,8,8,8,7,2,0,1,1,1
G:\Thesis\MonkSkinTone_Dataset\Segmented_MSTE\subject_17/PXL_20220922_185204671.jpg,8,8,7,2,0.7099685668945312,7,7,7,6,1,1,0,1,0
G:\Thesis\MonkSkinTone_Dataset\Segmented_MSTE\subject_17/PXL_20220922_185202869.jpg,8,8,7,2,0.682884156703949,7,7,7,6,1,1,0,1,0
G:\Thesis\MonkSkinTone_Dataset\Segmented_MSTE\subject_17/PXL_20220922_185201154.jpg,8,8,7,2,0.6317142248153687,7,7,7,6,1,1,0,1,0
G:\Thesis\MonkSkinTone_Dataset\Segmented_MSTE\subject_17/PXL_20220922_185158900.jpg,8,8,7,2,0.6816456317901611,7,7,7,6,1,1,0,1,0
G:\Thesis\MonkSkinTone_Dataset\Segmented_MSTE\subject_17/PXL_20220922_185144400.jpg,8,8,7,2,0.4853001832962036,5,5,5,4,1,3,0,0,0
G:\Thesis\MonkSkinTone_Dataset\Segmented_MSTE\subject_17/PXL_20220922_185139946.jpg,8,8,7,2,0.4905957281589508,5,5,5,4,1,3,0,0,0
G:\Thesis\MonkSkinTone_Dataset\Segmented_MSTE\subject_17/PXL_20220922_185138091.jpg,8,8,7,2,0.47747156023979187,5,5,5,4,1,3,0,0,0
G:\Thesis\MonkSkinTone_Dataset\Segmented_MSTE\subject_17/PXL_20220922_185122947.jpg,8,8,7,2,0.5642427206039429,6,6,6,5,1,2,0,0,0
G:\Thesis\MonkSkinTone_Dataset\Segmented_MSTE\subject_16/PXL_20220922_163344625.jpg,1,1,0,0,0.19155417382717133,3,3,3,2,0,2,0,0,1
G:\Thesis\MonkSkinTone_Dataset\Segmented_MSTE\subject_16/PXL_20220922_163343338.jpg,1,1,0,0,0.24466189742088318,3,3,3,2,0,2,0,0,1
G:\Thesis\MonkSkinTone_Dataset\Segmented_MSTE\subject_16/PXL_20220922_163342238.jpg,1,1,0,0,0.2726002335548401,3,3,3,2,0,2,0,0,1
G:\Thesis\MonkSkinTone_Dataset\Segmented_MSTE\subject_16/PXL_20220922_163340954.jpg,1,1,0,0,0.25605884194374084,3,3,3,2,0,2,0,0,1
G:\Thesis\MonkSkinTone_Dataset\Segmented_MSTE\subject_16/PXL_20220922_163339153.jpg,1,1,0,0,0.2029135823249817,3,3,3,2,0,2,0,0,1
G:\Thesis\MonkSkinTone_Dataset\Segmented_MSTE\subject_16/PXL_20220922_163336203.jpg,1,1,0,0,0.17796771228313446,3,3,3,2,0,2,0,0,1
G:\Thesis\MonkSkinTone_Dataset\Segmented_MSTE\subject_16/PXL_20220922_163335011.jpg,1,1,0,0,0.18298830091953278,3,3,3,2,0,2,0,0,1
G:\Thesis\MonkSkinTone_Dataset\Segmented_MSTE\subject_16/PXL_20220922_163332303.jpg,1,1,0,0,0.19544075429439545,3,3,3,2,0,2,0,0,1
G:\Thesis\MonkSkinTone_Dataset\Segmented_MSTE\subject_16/PXL_20220922_163330235.jpg,1,1,0,0,0.19205622375011444,3,3,3,2,0,2,0,0,1
G:\Thesis\MonkSkinTone_Dataset\Segmented_MSTE\subject_16/PXL_20220922_163246206.jpg,1,1,0,0,0.4131954312324524,5,5,5,4,1,4,0,0,0
G:\Thesis\MonkSkinTone_Dataset\Segmented_MSTE\subject_16/PXL_20220922_163243828.jpg,1,1,0,0,0.26344016194343567,3,3,3,2,0,2,0,0,1
G:\Thesis\MonkSkinTone_Dataset\Segmented_MSTE\subject_16/PXL_20220922_163242384.jpg,1,1,0,0,0.4308285713195801,5,5,5,4,1,4,0,0,0
G:\Thesis\MonkSkinTone_Dataset\Segmented_MSTE\subject_16/PXL_20220922_163240509.jpg,1,1,0,0,0.3685143291950226,4,4,4,3,1,3,0,0,0
G:\Thesis\MonkSkinTone_Dataset\Segmented_MSTE\subject_16/PXL_20220922_163238367.jpg,1,1,0,0,0.2919158637523651,4,4,4,3,1,3,0,0,0
G:\Thesis\MonkSkinTone_Dataset\Segmented_MSTE\subject_16/PXL_20220922_163233149.jpg,1,1,0,0,0.30522283911705017,4,4,4,3,1,3,0,0,0
G:\Thesis\MonkSkinTone_Dataset\Segmented_MSTE\subject_16/PXL_20220922_163231266.jpg,1,1,0,0,0.2580980062484741,3,3,3,2,0,2,0,0,1
G:\Thesis\MonkSkinTone_Dataset\Segmented_MSTE\subject_16/PXL_20220922_163229525.jpg,1,1,0,0,0.3983011543750763,5,5,5,4,1,4,0,0,0
G:\Thesis\MonkSkinTone_Dataset\Segmented_MSTE\subject_16/PXL_20220922_163227429.jpg,1,1,0,0,0.3676777780056,4,4,4,3,1,3,0,0,0
G:\Thesis\MonkSkinTone_Dataset\Segmented_MSTE\subject_16/PXL_20220922_163224863.jpg,1,1,0,0,0.3042939007282257,4,4,4,3,1,3,0,0,0
G:\Thesis\MonkSkinTone_Dataset\Segmented_MSTE\subject_16/PXL_20220922_163221806.jpg,1,1,0,0,0.2797061502933502,4,4,4,3,1,3,0,0,0
G:\Thesis\MonkSkinTone_Dataset\Segmented_MSTE\subject_16/PXL_20220922_163219950.jpg,1,1,0,0,0.10228031873703003,2,2,2,1,0,1,0,1,1
G:\Thesis\MonkSkinTone_Dataset\Segmented_MSTE\subject_16/PXL_20220922_163218116.jpg,1,1,0,0,0.25491026043891907,3,3,3,2,0,2,0,0,1
G:\Thesis\MonkSkinTone_Dataset\Segmented_MSTE\subject_16/PXL_20220922_163215993.jpg,1,1,0,0,0.2888563871383667,4,4,4,3,1,3,0,0,0
G:\Thesis\MonkSkinTone_Dataset\Segmented_MSTE\subject_16/PXL_20220922_163212621.jpg,1,1,0,0,0.2675965428352356,3,3,3,2,0,2,0,0,1
G:\Thesis\MonkSkinTone_Dataset\Segmented_MSTE\subject_16/PXL_20220922_163207738.jpg,1,1,0,0,0.2983626127243042,4,4,4,3,1,3,0,0,0
G:\Thesis\MonkSkinTone_Dataset\Segmented_MSTE\subject_16/PXL_20220922_163205440.jpg,1,1,0,0,0.31975364685058594,4,4,4,3,1,3,0,0,0
G:\Thesis\MonkSkinTone_Dataset\Segmented_MSTE\subject_16/PXL_20220922_163158577.jpg,1,1,0,0,0.1684597134590149,3,3,3,2,0,2,0,0,1
G:\Thesis\MonkSkinTone_Dataset\Segmented_MSTE\subject_16/PXL_20220922_163156369.jpg,1,1,0,0,0.5014214515686035,6,6,6,5,1,5,0,0,0
G:\Thesis\MonkSkinTone_Dataset\Segmented_MSTE\subject_16/PXL_20220922_163153639.jpg,1,1,0,0,0.4266235828399658,5,5,5,4,1,4,0,0,0
G:\Thesis\MonkSkinTone_Dataset\Segmented_MSTE\subject_16/PXL_20220922_163150248.jpg,1,1,0,0,0.20201556384563446,3,3,3,2,0,2,0,0,1
G:\Thesis\MonkSkinTone_Dataset\Segmented_MSTE\subject_16/PXL_20220922_163052549.jpg,1,1,0,0,0.28100380301475525,4,4,4,3,1,3,0,0,0
G:\Thesis\MonkSkinTone_Dataset\Segmented_MSTE\subject_16/PXL_20220922_163051167.jpg,1,1,0,0,0.26724153757095337,3,3,3,2,0,2,0,0,1
G:\Thesis\MonkSkinTone_Dataset\Segmented_MSTE\subject_16/PXL_20220922_163049541.jpg,1,1,0,0,0.25051191449165344,3,3,3,2,0,2,0,0,1
G:\Thesis\MonkSkinTone_Dataset\Segmented_MSTE\subject_16/PXL_20220922_163048143.jpg,1,1,0,0,0.24925360083580017,3,3,3,2,0,2,0,0,1
G:\Thesis\MonkSkinTone_Dataset\Segmented_MSTE\subject_16/PXL_20220922_163045525.jpg,1,1,0,0,0.3520488739013672,4,4,4,3,1,3,0,0,0
G:\Thesis\MonkSkinTone_Dataset\Segmented_MSTE\subject_16/PXL_20220922_163041327.jpg,1,1,0,0,0.2318200320005417,3,3,3,2,0,2,0,0,1
G:\Thesis\MonkSkinTone_Dataset\Segmented_MSTE\subject_16/PXL_20220922_163040135.jpg,1,1,0,0,0.254474401473999,3,3,3,2,0,2,0,0,1
G:\Thesis\MonkSkinTone_Dataset\Segmented_MSTE\subject_16/PXL_20220922_163038839.jpg,1,1,0,0,0.20707425475120544,3,3,3,2,0,2,0,0,1
G:\Thesis\MonkSkinTone_Dataset\Segmented_MSTE\subject_16/PXL_20220922_163037538.jpg,1,1,0,0,0.38437122106552124,4,4,4,3,1,3,0,0,0
G:\Thesis\MonkSkinTone_Dataset\Segmented_MSTE\subject_16/PXL_20220922_163036224.jpg,1,1,0,0,0.2376948595046997,3,3,3,2,0,2,0,0,1
G:\Thesis\MonkSkinTone_Dataset\Segmented_MSTE\subject_16/PXL_20220922_163031782.jpg,1,1,0,0,0.27742400765419006,3,3,3,2,0,2,0,0,1
G:\Thesis\MonkSkinTone_Dataset\Segmented_MSTE\subject_16/PXL_20220922_163030548.jpg,1,1,0,0,0.2332112044095993,3,3,3,2,0,2,0,0,1
G:\Thesis\MonkSkinTone_Dataset\Segmented_MSTE\subject_16/PXL_20220922_163029140.jpg,1,1,0,0,0.3301444351673126,4,4,4,3,1,3,0,0,0
G:\Thesis\MonkSkinTone_Dataset\Segmented_MSTE\subject_16/PXL_20220922_163027663.jpg,1,1,0,0,0.2747630774974823,3,3,3,2,0,2,0,0,1
G:\Thesis\MonkSkinTone_Dataset\Segmented_MSTE\subject_16/PXL_20220922_163025599.jpg,1,1,0,0,0.24817398190498352,3,3,3,2,0,2,0,0,1
G:\Thesis\MonkSkinTone_Dataset\Segmented_MSTE\subject_16/PXL_20220922_162946598.jpg,1,1,0,0,0.22259418666362762,3,3,3,2,0,2,0,0,1
G:\Thesis\MonkSkinTone_Dataset\Segmented_MSTE\subject_16/PXL_20220922_162945260.jpg,1,1,0,0,0.18042518198490143,3,3,3,2,0,2,0,0,1
G:\Thesis\MonkSkinTone_Dataset\Segmented_MSTE\subject_16/PXL_20220922_162943445.jpg,1,1,0,0,0.1206832006573677,2,2,2,1,0,1,0,1,1
G:\Thesis\MonkSkinTone_Dataset\Segmented_MSTE\subject_16/PXL_20220922_162942226.jpg,1,1,0,0,0.3498520851135254,4,4,4,3,1,3,0,0,0
G:\Thesis\MonkSkinTone_Dataset\Segmented_MSTE\subject_16/PXL_20220922_162940283.jpg,1,1,0,0,0.3759808838367462,4,4,4,3,1,3,0,0,0
G:\Thesis\MonkSkinTone_Dataset\Segmented_MSTE\subject_16/PXL_20220922_162937771.jpg,1,1,0,0,0.11321078985929489,2,2,2,1,0,1,0,1,1
G:\Thesis\MonkSkinTone_Dataset\Segmented_MSTE\subject_16/PXL_20220922_162936557.jpg,1,1,0,0,0.2129201591014862,3,3,3,2,0,2,0,0,1
G:\Thesis\MonkSkinTone_Dataset\Segmented_MSTE\subject_16/PXL_20220922_162934684.jpg,1,1,0,0,0.20586155354976654,3,3,3,2,0,2,0,0,1
G:\Thesis\MonkSkinTone_Dataset\Segmented_MSTE\subject_16/PXL_20220922_162933194.jpg,1,1,0,0,0.4782446324825287,5,5,5,4,1,4,0,0,0
G:\Thesis\MonkSkinTone_Dataset\Segmented_MSTE\subject_16/PXL_20220922_162931300.jpg,1,1,0,0,0.22499825060367584,3,3,3,2,0,2,0,0,1
G:\Thesis\MonkSkinTone_Dataset\Segmented_MSTE\subject_16/PXL_20220922_162927043.jpg,1,1,0,0,0.36149314045906067,4,4,4,3,1,3,0,0,0
G:\Thesis\MonkSkinTone_Dataset\Segmented_MSTE\subject_16/PXL_20220922_162924532.jpg,1,1,0,0,0.18287064135074615,3,3,3,2,0,2,0,0,1
G:\Thesis\MonkSkinTone_Dataset\Segmented_MSTE\subject_16/PXL_20220922_162923216.jpg,1,1,0,0,0.2870606780052185,4,4,4,3,1,3,0,0,0
G:\Thesis\MonkSkinTone_Dataset\Segmented_MSTE\subject_16/PXL_20220922_162921844.jpg,1,1,0,0,0.15897463262081146,2,2,2,1,0,1,0,1,1
G:\Thesis\MonkSkinTone_Dataset\Segmented_MSTE\subject_16/PXL_20220922_162919912.jpg,1,1,0,0,0.1943126618862152,3,3,3,2,0,2,0,0,1
G:\Thesis\MonkSkinTone_Dataset\Segmented_MSTE\subject_16/PXL_20220922_162917375.jpg,1,1,0,0,0.12966471910476685,2,2,2,1,0,1,0,1,1
G:\Thesis\MonkSkinTone_Dataset\Segmented_MSTE\subject_16/PXL_20220922_162915871.jpg,1,1,0,0,0.1760212630033493,3,3,3,2,0,2,0,0,1
G:\Thesis\MonkSkinTone_Dataset\Segmented_MSTE\subject_16/PXL_20220922_162914173.jpg,1,1,0,0,0.22937636077404022,3,3,3,2,0,2,0,0,1
G:\Thesis\MonkSkinTone_Dataset\Segmented_MSTE\subject_16/PXL_20220922_162912581.jpg,1,1,0,0,0.3668745160102844,4,4,4,3,1,3,0,0,0
G:\Thesis\MonkSkinTone_Dataset\Segmented_MSTE\subject_16/PXL_20220922_162910059.jpg,1,1,0,0,0.1872888058423996,3,3,3,2,0,2,0,0,1
G:\Thesis\MonkSkinTone_Dataset\Segmented_MSTE\subject_16/PXL_20220922_162836588.jpg,1,1,0,0,0.1554154008626938,2,2,2,1,0,1,0,1,1
G:\Thesis\MonkSkinTone_Dataset\Segmented_MSTE\subject_16/PXL_20220922_162834847.jpg,1,1,0,0,0.45155176520347595,5,5,5,4,1,4,0,0,0
G:\Thesis\MonkSkinTone_Dataset\Segmented_MSTE\subject_16/PXL_20220922_162832750.jpg,1,1,0,0,0.40695860981941223,5,5,5,4,1,4,0,0,0
G:\Thesis\MonkSkinTone_Dataset\Segmented_MSTE\subject_16/PXL_20220922_162830836.jpg,1,1,0,0,0.47410139441490173,5,5,5,4,1,4,0,0,0
G:\Thesis\MonkSkinTone_Dataset\Segmented_MSTE\subject_16/PXL_20220922_162827172.jpg,1,1,0,0,0.27231842279434204,3,3,3,2,0,2,0,0,1
G:\Thesis\MonkSkinTone_Dataset\Segmented_MSTE\subject_16/PXL_20220922_162824514.jpg,1,1,0,0,0.2812553644180298,4,4,4,3,1,3,0,0,0
G:\Thesis\MonkSkinTone_Dataset\Segmented_MSTE\subject_16/PXL_20220922_162821871.jpg,1,1,0,0,0.24919845163822174,3,3,3,2,0,2,0,0,1
G:\Thesis\MonkSkinTone_Dataset\Segmented_MSTE\subject_16/PXL_20220922_162818819.jpg,1,1,0,0,0.42028990387916565,5,5,5,4,1,4,0,0,0
G:\Thesis\MonkSkinTone_Dataset\Segmented_MSTE\subject_16/PXL_20220922_162814014.jpg,1,1,0,0,0.29851311445236206,4,4,4,3,1,3,0,0,0
G:\Thesis\MonkSkinTone_Dataset\Segmented_MSTE\subject_16/PXL_20220922_162811412.jpg,1,1,0,0,0.19220443069934845,3,3,3,2,0,2,0,0,1
G:\Thesis\MonkSkinTone_Dataset\Segmented_MSTE\subject_16/PXL_20220922_162808508.jpg,1,1,0,0,0.3047076165676117,4,4,4,3,1,3,0,0,0
G:\Thesis\MonkSkinTone_Dataset\Segmented_MSTE\subject_16/PXL_20220922_162805930.jpg,1,1,0,0,0.31584736704826355,4,4,4,3,1,3,0,0,0
G:\Thesis\MonkSkinTone_Dataset\Segmented_MSTE\subject_16/PXL_20220922_162801535.jpg,1,1,0,0,0.24883617460727692,3,3,3,2,0,2,0,0,1
G:\Thesis\MonkSkinTone_Dataset\Segmented_MSTE\subject_16/PXL_20220922_162758602.jpg,1,1,0,0,0.28469225764274597,4,4,4,3,1,3,0,0,0
G:\Thesis\MonkSkinTone_Dataset\Segmented_MSTE\subject_16/PXL_20220922_162755253.jpg,1,1,0,0,0.2782990634441376,4,4,4,3,1,3,0,0,0
G:\Thesis\MonkSkinTone_Dataset\Segmented_MSTE\subject_16/PXL_20220922_162751666.jpg,1,1,0,0,0.21955569088459015,3,3,3,2,0,2,0,0,1
G:\Thesis\MonkSkinTone_Dataset\Segmented_MSTE\subject_16/PXL_20220922_162746982.jpg,1,1,0,0,0.19759470224380493,3,3,3,2,0,2,0,0,1
G:\Thesis\MonkSkinTone_Dataset\Segmented_MSTE\subject_15/PXL_20220922_132128162.PORTRAIT.jpg,3,3,2,0,0.4474802613258362,5,5,5,4,1,2,0,0,0
G:\Thesis\MonkSkinTone_Dataset\Segmented_MSTE\subject_15/PXL_20220922_132123452.PORTRAIT.jpg,3,3,2,0,0.35437196493148804,4,4,4,3,1,1,0,1,0
G:\Thesis\MonkSkinTone_Dataset\Segmented_MSTE\subject_15/PXL_20220922_132121109.PORTRAIT.jpg,3,3,2,0,0.4687170386314392,5,5,5,4,1,2,0,0,0
G:\Thesis\MonkSkinTone_Dataset\Segmented_MSTE\subject_15/PXL_20220922_132118269.PORTRAIT.jpg,3,3,2,0,0.49717605113983154,5,5,5,4,1,2,0,0,0
G:\Thesis\MonkSkinTone_Dataset\Segmented_MSTE\subject_15/PXL_20220922_132052576.PORTRAIT.jpg,3,3,2,0,0.46174153685569763,5,5,5,4,1,2,0,0,0
G:\Thesis\MonkSkinTone_Dataset\Segmented_MSTE\subject_15/PXL_20220922_132048784.PORTRAIT.jpg,3,3,2,0,0.5434064865112305,6,6,6,5,1,3,0,0,0
G:\Thesis\MonkSkinTone_Dataset\Segmented_MSTE\subject_15/PXL_20220922_132042033.PORTRAIT.jpg,3,3,2,0,0.5449464321136475,6,6,6,5,1,3,0,0,0
G:\Thesis\MonkSkinTone_Dataset\Segmented_MSTE\subject_15/PXL_20220922_132040123.PORTRAIT.jpg,3,3,2,0,0.397388219833374,5,5,5,4,1,2,0,0,0
G:\Thesis\MonkSkinTone_Dataset\Segmented_MSTE\subject_15/PXL_20220922_132016589.PORTRAIT.jpg,3,3,2,0,0.5875287652015686,6,6,6,5,1,3,0,0,0
G:\Thesis\MonkSkinTone_Dataset\Segmented_MSTE\subject_15/PXL_20220922_132014529.PORTRAIT.jpg,3,3,2,0,0.370979368686676,4,4,4,3,1,1,0,1,0
G:\Thesis\MonkSkinTone_Dataset\Segmented_MSTE\subject_15/PXL_20220922_132008862.PORTRAIT.jpg,3,3,2,0,0.32961052656173706,4,4,4,3,1,1,0,1,0
G:\Thesis\MonkSkinTone_Dataset\Segmented_MSTE\subject_15/PXL_20220922_132003063.PORTRAIT.jpg,3,3,2,0,0.3317395746707916,4,4,4,3,1,1,0,1,0
G:\Thesis\MonkSkinTone_Dataset\Segmented_MSTE\subject_15/PXL_20220922_131958999.PORTRAIT.jpg,3,3,2,0,0.4669758379459381,5,5,5,4,1,2,0,0,0
G:\Thesis\MonkSkinTone_Dataset\Segmented_MSTE\subject_15/PXL_20220922_131955423.PORTRAIT.jpg,3,3,2,0,0.6641091704368591,7,7,7,6,1,4,0,0,0
G:\Thesis\MonkSkinTone_Dataset\Segmented_MSTE\subject_15/PXL_20220922_131951023.PORTRAIT.jpg,3,3,2,0,0.373854398727417,4,4,4,3,1,1,0,1,0
G:\Thesis\MonkSkinTone_Dataset\Segmented_MSTE\subject_15/PXL_20220922_131901514.PORTRAIT.jpg,3,3,2,0,0.5522749423980713,6,6,6,5,1,3,0,0,0
G:\Thesis\MonkSkinTone_Dataset\Segmented_MSTE\subject_15/PXL_20220922_131859247.PORTRAIT.jpg,3,3,2,0,0.3647359013557434,4,4,4,3,1,1,0,1,0
G:\Thesis\MonkSkinTone_Dataset\Segmented_MSTE\subject_15/PXL_20220922_131857071.PORTRAIT.jpg,3,3,2,0,0.33125555515289307,4,4,4,3,1,1,0,1,0
G:\Thesis\MonkSkinTone_Dataset\Segmented_MSTE\subject_15/PXL_20220922_131854614.PORTRAIT.jpg,3,3,2,0,0.41602852940559387,5,5,5,4,1,2,0,0,0
G:\Thesis\MonkSkinTone_Dataset\Segmented_MSTE\subject_15/PXL_20220922_131850751.PORTRAIT.jpg,3,3,2,0,0.6636940240859985,7,7,7,6,1,4,0,0,0
G:\Thesis\MonkSkinTone_Dataset\Segmented_MSTE\subject_15/PXL_20220922_131844594.PORTRAIT.jpg,3,3,2,0,0.4356623888015747,5,5,5,4,1,2,0,0,0
G:\Thesis\MonkSkinTone_Dataset\Segmented_MSTE\subject_15/PXL_20220922_131829227.jpg,3,3,2,0,0.5283893942832947,6,6,6,5,1,3,0,0,0
G:\Thesis\MonkSkinTone_Dataset\Segmented_MSTE\subject_15/PXL_20220922_131818892.jpg,3,3,2,0,0.4994226098060608,5,5,5,4,1,2,0,0,0
G:\Thesis\MonkSkinTone_Dataset\Segmented_MSTE\subject_15/PXL_20220922_131815761.jpg,3,3,2,0,0.6704239845275879,7,7,7,6,1,4,0,0,0
G:\Thesis\MonkSkinTone_Dataset\Segmented_MSTE\subject_15/PXL_20220922_131814125.jpg,3,3,2,0,0.7690034508705139,8,8,8,7,2,5,0,0,0
G:\Thesis\MonkSkinTone_Dataset\Segmented_MSTE\subject_15/PXL_20220922_131811784.jpg,3,3,2,0,0.5956745147705078,6,6,6,5,1,3,0,0,0
G:\Thesis\MonkSkinTone_Dataset\Segmented_MSTE\subject_15/PXL_20220922_131806066.jpg,3,3,2,0,0.6076648831367493,6,6,6,5,1,3,0,0,0
G:\Thesis\MonkSkinTone_Dataset\Segmented_MSTE\subject_15/PXL_20220922_131746430.jpg,3,3,2,0,0.4655563235282898,5,5,5,4,1,2,0,0,0
G:\Thesis\MonkSkinTone_Dataset\Segmented_MSTE\subject_15/PXL_20220922_131743911.jpg,3,3,2,0,0.3219594955444336,4,4,4,3,1,1,0,1,0
G:\Thesis\MonkSkinTone_Dataset\Segmented_MSTE\subject_15/PXL_20220922_131741571.jpg,3,3,2,0,0.43562543392181396,5,5,5,4,1,2,0,0,0
G:\Thesis\MonkSkinTone_Dataset\Segmented_MSTE\subject_15/PXL_20220922_131739148.jpg,3,3,2,0,0.43979567289352417,5,5,5,4,1,2,0,0,0
G:\Thesis\MonkSkinTone_Dataset\Segmented_MSTE\subject_15/PXL_20220922_131732383.jpg,3,3,2,0,0.423153817653656,5,5,5,4,1,2,0,0,0
G:\Thesis\MonkSkinTone_Dataset\Segmented_MSTE\subject_15/PXL_20220922_131730853.jpg,3,3,2,0,0.42554688453674316,5,5,5,4,1,2,0,0,0
G:\Thesis\MonkSkinTone_Dataset\Segmented_MSTE\subject_15/PXL_20220922_131728413.jpg,3,3,2,0,0.3690025210380554,4,4,4,3,1,1,0,1,0
G:\Thesis\MonkSkinTone_Dataset\Segmented_MSTE\subject_15/PXL_20220922_131725930.jpg,3,3,2,0,0.3440720736980438,4,4,4,3,1,1,0,1,0
G:\Thesis\MonkSkinTone_Dataset\Segmented_MSTE\subject_15/PXL_20220922_131722761.jpg,3,3,2,0,0.4147297739982605,5,5,5,4,1,2,0,0,0
G:\Thesis\MonkSkinTone_Dataset\Segmented_MSTE\subject_15/PXL_20220922_131720092.jpg,3,3,2,0,0.39565008878707886,5,5,5,4,1,2,0,0,0
G:\Thesis\MonkSkinTone_Dataset\Segmented_MSTE\subject_15/PXL_20220922_131419682.jpg,3,3,2,0,0.4020586609840393,5,5,5,4,1,2,0,0,0
G:\Thesis\MonkSkinTone_Dataset\Segmented_MSTE\subject_15/PXL_20220922_131417697.jpg,3,3,2,0,0.5360854864120483,6,6,6,5,1,3,0,0,0
G:\Thesis\MonkSkinTone_Dataset\Segmented_MSTE\subject_15/PXL_20220922_131415896.jpg,3,3,2,0,0.4973582923412323,5,5,5,4,1,2,0,0,0
G:\Thesis\MonkSkinTone_Dataset\Segmented_MSTE\subject_15/PXL_20220922_131414042.jpg,3,3,2,0,0.4129481911659241,5,5,5,4,1,2,0,0,0
G:\Thesis\MonkSkinTone_Dataset\Segmented_MSTE\subject_15/PXL_20220922_131411507.jpg,3,3,2,0,0.4626389741897583,5,5,5,4,1,2,0,0,0
G:\Thesis\MonkSkinTone_Dataset\Segmented_MSTE\subject_15/PXL_20220922_131405319.jpg,3,3,2,0,0.37796643376350403,4,4,4,3,1,1,0,1,0
G:\Thesis\MonkSkinTone_Dataset\Segmented_MSTE\subject_15/PXL_20220922_131245640.jpg,3,3,2,0,0.38514482975006104,4,4,4,3,1,1,0,1,0
G:\Thesis\MonkSkinTone_Dataset\Segmented_MSTE\subject_15/PXL_20220922_131243185.jpg,3,3,2,0,0.2875913679599762,4,4,4,3,1,1,0,1,0
G:\Thesis\MonkSkinTone_Dataset\Segmented_MSTE\subject_15/PXL_20220922_131240323.jpg,3,3,2,0,0.36631378531455994,4,4,4,3,1,1,0,1,0
G:\Thesis\MonkSkinTone_Dataset\Segmented_MSTE\subject_15/PXL_20220922_131237419.jpg,3,3,2,0,0.39300864934921265,5,5,5,4,1,2,0,0,0
G:\Thesis\MonkSkinTone_Dataset\Segmented_MSTE\subject_15/PXL_20220922_131234792.jpg,3,3,2,0,0.2969391644001007,4,4,4,3,1,1,0,1,0
G:\Thesis\MonkSkinTone_Dataset\Segmented_MSTE\subject_14/PXL_20220922_161621027.jpg,6,6,5,1,0.4668154716491699,5,5,5,4,1,1,0,1,1
G:\Thesis\MonkSkinTone_Dataset\Segmented_MSTE\subject_14/PXL_20220922_161619819.jpg,6,6,5,1,0.47939711809158325,5,5,5,4,1,1,0,1,1
G:\Thesis\MonkSkinTone_Dataset\Segmented_MSTE\subject_14/PXL_20220922_161618401.jpg,6,6,5,1,0.5512964129447937,6,6,6,5,1,0,1,1,1
G:\Thesis\MonkSkinTone_Dataset\Segmented_MSTE\subject_14/PXL_20220922_161616836.jpg,6,6,5,1,0.5217219591140747,6,6,6,5,1,0,1,1,1
G:\Thesis\MonkSkinTone_Dataset\Segmented_MSTE\subject_14/PXL_20220922_161615579.jpg,6,6,5,1,0.47655126452445984,5,5,5,4,1,1,0,1,1
G:\Thesis\MonkSkinTone_Dataset\Segmented_MSTE\subject_14/PXL_20220922_161610729.jpg,6,6,5,1,0.484772264957428,5,5,5,4,1,1,0,1,1
G:\Thesis\MonkSkinTone_Dataset\Segmented_MSTE\subject_14/PXL_20220922_161609136.jpg,6,6,5,1,0.5144471526145935,6,6,6,5,1,0,1,1,1
G:\Thesis\MonkSkinTone_Dataset\Segmented_MSTE\subject_14/PXL_20220922_161607524.jpg,6,6,5,1,0.45032063126564026,5,5,5,4,1,1,0,1,1
G:\Thesis\MonkSkinTone_Dataset\Segmented_MSTE\subject_14/PXL_20220922_161606038.jpg,6,6,5,1,0.4951178729534149,5,5,5,4,1,1,0,1,1
G:\Thesis\MonkSkinTone_Dataset\Segmented_MSTE\subject_14/PXL_20220922_161604105.jpg,6,6,5,1,0.5111555457115173,6,6,6,5,1,0,1,1,1
G:\Thesis\MonkSkinTone_Dataset\Segmented_MSTE\subject_14/PXL_20220922_161451316.jpg,6,6,5,1,0.22093543410301208,3,3,3,2,0,3,0,0,0
G:\Thesis\MonkSkinTone_Dataset\Segmented_MSTE\subject_14/PXL_20220922_161450027.jpg,6,6,5,1,0.4974013566970825,5,5,5,4,1,1,0,1,1
G:\Thesis\MonkSkinTone_Dataset\Segmented_MSTE\subject_14/PXL_20220922_161448539.jpg,6,6,5,1,0.4289277195930481,5,5,5,4,1,1,0,1,1
G:\Thesis\MonkSkinTone_Dataset\Segmented_MSTE\subject_14/PXL_20220922_161446941.jpg,6,6,5,1,0.2932320833206177,4,4,4,3,1,2,0,0,1
G:\Thesis\MonkSkinTone_Dataset\Segmented_MSTE\subject_14/PXL_20220922_161445106.jpg,6,6,5,1,0.3232821226119995,4,4,4,3,1,2,0,0,1
G:\Thesis\MonkSkinTone_Dataset\Segmented_MSTE\subject_14/PXL_20220922_161443026.jpg,6,6,5,1,0.16123196482658386,2,2,2,1,0,4,0,0,0
G:\Thesis\MonkSkinTone_Dataset\Segmented_MSTE\subject_14/PXL_20220922_161441452.jpg,6,6,5,1,0.34218305349349976,4,4,4,3,1,2,0,0,1
G:\Thesis\MonkSkinTone_Dataset\Segmented_MSTE\subject_14/PXL_20220922_161440072.jpg,6,6,5,1,0.28674373030662537,4,4,4,3,1,2,0,0,1
G:\Thesis\MonkSkinTone_Dataset\Segmented_MSTE\subject_14/PXL_20220922_161438508.jpg,6,6,5,1,0.44345951080322266,5,5,5,4,1,1,0,1,1
G:\Thesis\MonkSkinTone_Dataset\Segmented_MSTE\subject_14/PXL_20220922_161436829.jpg,6,6,5,1,0.28669285774230957,4,4,4,3,1,2,0,0,1
G:\Thesis\MonkSkinTone_Dataset\Segmented_MSTE\subject_14/PXL_20220922_161234429.PORTRAIT.jpg,6,6,5,1,0.4792096018791199,5,5,5,4,1,1,0,1,1
G:\Thesis\MonkSkinTone_Dataset\Segmented_MSTE\subject_14/PXL_20220922_161228720.PORTRAIT.jpg,6,6,5,1,0.38794249296188354,4,4,4,3,1,2,0,0,1
G:\Thesis\MonkSkinTone_Dataset\Segmented_MSTE\subject_14/PXL_20220922_161206594.PORTRAIT.jpg,6,6,5,1,0.4112982451915741,5,5,5,4,1,1,0,1,1
G:\Thesis\MonkSkinTone_Dataset\Segmented_MSTE\subject_14/PXL_20220922_161205171.PORTRAIT.jpg,6,6,5,1,0.5557976961135864,6,6,6,5,1,0,1,1,1
G:\Thesis\MonkSkinTone_Dataset\Segmented_MSTE\subject_14/PXL_20220922_161203118.PORTRAIT.jpg,6,6,5,1,0.3548286557197571,4,4,4,3,1,2,0,0,1
G:\Thesis\MonkSkinTone_Dataset\Segmented_MSTE\subject_14/PXL_20220922_161201504.PORTRAIT.jpg,6,6,5,1,0.4112672507762909,5,5,5,4,1,1,0,1,1
G:\Thesis\MonkSkinTone_Dataset\Segmented_MSTE\subject_14/PXL_20220922_161159845.PORTRAIT.jpg,6,6,5,1,0.43786361813545227,5,5,5,4,1,1,0,1,1
G:\Thesis\MonkSkinTone_Dataset\Segmented_MSTE\subject_14/PXL_20220922_161148471.PORTRAIT.jpg,6,6,5,1,0.3714379668235779,4,4,4,3,1,2,0,0,1
G:\Thesis\MonkSkinTone_Dataset\Segmented_MSTE\subject_14/PXL_20220922_161146768.PORTRAIT.jpg,6,6,5,1,0.5553038716316223,6,6,6,5,1,0,1,1,1
G:\Thesis\MonkSkinTone_Dataset\Segmented_MSTE\subject_14/PXL_20220922_161144902.PORTRAIT.jpg,6,6,5,1,0.519575834274292,6,6,6,5,1,0,1,1,1
G:\Thesis\MonkSkinTone_Dataset\Segmented_MSTE\subject_14/PXL_20220922_161143087.PORTRAIT.jpg,6,6,5,1,0.39006146788597107,5,5,5,4,1,1,0,1,1
G:\Thesis\MonkSkinTone_Dataset\Segmented_MSTE\subject_14/PXL_20220922_161127301.PORTRAIT.jpg,6,6,5,1,0.5046684741973877,6,6,6,5,1,0,1,1,1
G:\Thesis\MonkSkinTone_Dataset\Segmented_MSTE\subject_14/PXL_20220922_161120533.PORTRAIT.jpg,6,6,5,1,0.2625389099121094,3,3,3,2,0,3,0,0,0
G:\Thesis\MonkSkinTone_Dataset\Segmented_MSTE\subject_14/PXL_20220922_161114689.PORTRAIT.jpg,6,6,5,1,0.45861420035362244,5,5,5,4,1,1,0,1,1
G:\Thesis\MonkSkinTone_Dataset\Segmented_MSTE\subject_14/PXL_20220922_161113043.PORTRAIT.jpg,6,6,5,1,0.48525741696357727,5,5,5,4,1,1,0,1,1
G:\Thesis\MonkSkinTone_Dataset\Segmented_MSTE\subject_14/PXL_20220922_161107253.PORTRAIT.jpg,6,6,5,1,0.518430233001709,6,6,6,5,1,0,1,1,1
G:\Thesis\MonkSkinTone_Dataset\Segmented_MSTE\subject_14/PXL_20220922_161024329.jpg,6,6,5,1,0.32733261585235596,4,4,4,3,1,2,0,0,1
G:\Thesis\MonkSkinTone_Dataset\Segmented_MSTE\subject_14/PXL_20220922_161022255.jpg,6,6,5,1,0.46441376209259033,5,5,5,4,1,1,0,1,1
G:\Thesis\MonkSkinTone_Dataset\Segmented_MSTE\subject_14/PXL_20220922_161020616.jpg,6,6,5,1,0.5883153676986694,6,6,6,5,1,0,1,1,1
G:\Thesis\MonkSkinTone_Dataset\Segmented_MSTE\subject_14/PXL_20220922_161018788.jpg,6,6,5,1,0.38317885994911194,4,4,4,3,1,2,0,0,1
G:\Thesis\MonkSkinTone_Dataset\Segmented_MSTE\subject_14/PXL_20220922_161017221.jpg,6,6,5,1,0.39748117327690125,5,5,5,4,1,1,0,1,1
G:\Thesis\MonkSkinTone_Dataset\Segmented_MSTE\subject_14/PXL_20220922_161012849.jpg,6,6,5,1,0.4297712445259094,5,5,5,4,1,1,0,1,1
G:\Thesis\MonkSkinTone_Dataset\Segmented_MSTE\subject_14/PXL_20220922_161010913.jpg,6,6,5,1,0.43618839979171753,5,5,5,4,1,1,0,1,1
G:\Thesis\MonkSkinTone_Dataset\Segmented_MSTE\subject_14/PXL_20220922_161009091.jpg,6,6,5,1,0.5865849256515503,6,6,6,5,1,0,1,1,1
G:\Thesis\MonkSkinTone_Dataset\Segmented_MSTE\subject_14/PXL_20220922_161006903.jpg,6,6,5,1,0.4230765700340271,5,5,5,4,1,1,0,1,1
G:\Thesis\MonkSkinTone_Dataset\Segmented_MSTE\subject_14/PXL_20220922_161004335.jpg,6,6,5,1,0.40213003754615784,5,5,5,4,1,1,0,1,1
G:\Thesis\MonkSkinTone_Dataset\Segmented_MSTE\subject_14/PXL_20220922_161002163.jpg,6,6,5,1,0.5019104480743408,6,6,6,5,1,0,1,1,1
G:\Thesis\MonkSkinTone_Dataset\Segmented_MSTE\subject_14/PXL_20220922_161000077.jpg,6,6,5,1,0.5729185938835144,6,6,6,5,1,0,1,1,1
G:\Thesis\MonkSkinTone_Dataset\Segmented_MSTE\subject_14/PXL_20220922_160957926.jpg,6,6,5,1,0.590533971786499,6,6,6,5,1,0,1,1,1
G:\Thesis\MonkSkinTone_Dataset\Segmented_MSTE\subject_14/PXL_20220922_160955996.jpg,6,6,5,1,0.3448837101459503,4,4,4,3,1,2,0,0,1
G:\Thesis\MonkSkinTone_Dataset\Segmented_MSTE\subject_14/PXL_20220922_160954446.jpg,6,6,5,1,0.3068658411502838,4,4,4,3,1,2,0,0,1
G:\Thesis\MonkSkinTone_Dataset\Segmented_MSTE\subject_14/PXL_20220922_160952357.jpg,6,6,5,1,0.460213303565979,5,5,5,4,1,1,0,1,1
G:\Thesis\MonkSkinTone_Dataset\Segmented_MSTE\subject_14/PXL_20220922_160950182.jpg,6,6,5,1,0.33138197660446167,4,4,4,3,1,2,0,0,1
G:\Thesis\MonkSkinTone_Dataset\Segmented_MSTE\subject_14/PXL_20220922_160947788.jpg,6,6,5,1,0.5989850163459778,6,6,6,5,1,0,1,1,1
G:\Thesis\MonkSkinTone_Dataset\Segmented_MSTE\subject_14/PXL_20220922_160946047.jpg,6,6,5,1,0.42565983533859253,5,5,5,4,1,1,0,1,1
G:\Thesis\MonkSkinTone_Dataset\Segmented_MSTE\subject_14/PXL_20220922_160944429.jpg,6,6,5,1,0.5427855253219604,6,6,6,5,1,0,1,1,1
G:\Thesis\MonkSkinTone_Dataset\Segmented_MSTE\subject_14/PXL_20220922_160853301.jpg,6,6,5,1,0.201694056391716,3,3,3,2,0,3,0,0,0
G:\Thesis\MonkSkinTone_Dataset\Segmented_MSTE\subject_14/PXL_20220922_160850108.jpg,6,6,5,1,0.48219823837280273,5,5,5,4,1,1,0,1,1
G:\Thesis\MonkSkinTone_Dataset\Segmented_MSTE\subject_14/PXL_20220922_160846747.jpg,6,6,5,1,0.6554246544837952,7,7,7,6,1,1,0,1,1
G:\Thesis\MonkSkinTone_Dataset\Segmented_MSTE\subject_14/PXL_20220922_160844411.jpg,6,6,5,1,0.28323429822921753,4,4,4,3,1,2,0,0,1
G:\Thesis\MonkSkinTone_Dataset\Segmented_MSTE\subject_14/PXL_20220922_160841972.jpg,6,6,5,1,0.48436516523361206,5,5,5,4,1,1,0,1,1
G:\Thesis\MonkSkinTone_Dataset\Segmented_MSTE\subject_14/PXL_20220922_160840133.jpg,6,6,5,1,0.5650627017021179,6,6,6,5,1,0,1,1,1
G:\Thesis\MonkSkinTone_Dataset\Segmented_MSTE\subject_14/PXL_20220922_160836485.jpg,6,6,5,1,0.36511513590812683,4,4,4,3,1,2,0,0,1
G:\Thesis\MonkSkinTone_Dataset\Segmented_MSTE\subject_14/PXL_20220922_160833805.jpg,6,6,5,1,0.2631760239601135,3,3,3,2,0,3,0,0,0
G:\Thesis\MonkSkinTone_Dataset\Segmented_MSTE\subject_14/PXL_20220922_160830151.jpg,6,6,5,1,0.46801650524139404,5,5,5,4,1,1,0,1,1
G:\Thesis\MonkSkinTone_Dataset\Segmented_MSTE\subject_14/PXL_20220922_160828334.jpg,6,6,5,1,0.25683319568634033,3,3,3,2,0,3,0,0,0
G:\Thesis\MonkSkinTone_Dataset\Segmented_MSTE\subject_14/PXL_20220922_160826611.jpg,6,6,5,1,0.4012911319732666,5,5,5,4,1,1,0,1,1
G:\Thesis\MonkSkinTone_Dataset\Segmented_MSTE\subject_14/PXL_20220922_160824216.jpg,6,6,5,1,0.30288317799568176,4,4,4,3,1,2,0,0,1
G:\Thesis\MonkSkinTone_Dataset\Segmented_MSTE\subject_14/PXL_20220922_160820039.jpg,6,6,5,1,0.5046938061714172,6,6,6,5,1,0,1,1,1
G:\Thesis\MonkSkinTone_Dataset\Segmented_MSTE\subject_14/PXL_20220922_160818048.jpg,6,6,5,1,0.19860553741455078,3,3,3,2,0,3,0,0,0
G:\Thesis\MonkSkinTone_Dataset\Segmented_MSTE\subject_14/PXL_20220922_160815863.jpg,6,6,5,1,0.4739985466003418,5,5,5,4,1,1,0,1,1
G:\Thesis\MonkSkinTone_Dataset\Segmented_MSTE\subject_14/PXL_20220922_160742778.jpg,6,6,5,1,0.5094404816627502,6,6,6,5,1,0,1,1,1
G:\Thesis\MonkSkinTone_Dataset\Segmented_MSTE\subject_13/PXL_20220922_141215176.jpg,2,2,1,0,0.3819270730018616,4,4,4,3,1,2,0,0,0
G:\Thesis\MonkSkinTone_Dataset\Segmented_MSTE\subject_13/PXL_20220922_141214067.jpg,2,2,1,0,0.2458857297897339,3,3,3,2,0,1,0,1,1
G:\Thesis\MonkSkinTone_Dataset\Segmented_MSTE\subject_13/PXL_20220922_141212658.jpg,2,2,1,0,0.24106384813785553,3,3,3,2,0,1,0,1,1
G:\Thesis\MonkSkinTone_Dataset\Segmented_MSTE\subject_13/PXL_20220922_141210919.jpg,2,2,1,0,0.17022278904914856,3,3,3,2,0,1,0,1,1
G:\Thesis\MonkSkinTone_Dataset\Segmented_MSTE\subject_13/PXL_20220922_141207125.jpg,2,2,1,0,0.27134016156196594,3,3,3,2,0,1,0,1,1
G:\Thesis\MonkSkinTone_Dataset\Segmented_MSTE\subject_13/PXL_20220922_141205526.jpg,2,2,1,0,0.2761650085449219,3,3,3,2,0,1,0,1,1
G:\Thesis\MonkSkinTone_Dataset\Segmented_MSTE\subject_13/PXL_20220922_141200118.jpg,2,2,1,0,0.3669050633907318,4,4,4,3,1,2,0,0,0
G:\Thesis\MonkSkinTone_Dataset\Segmented_MSTE\subject_13/PXL_20220922_141158574.jpg,2,2,1,0,0.3002658486366272,4,4,4,3,1,2,0,0,0
G:\Thesis\MonkSkinTone_Dataset\Segmented_MSTE\subject_13/PXL_20220922_141157102.jpg,2,2,1,0,0.26167500019073486,3,3,3,2,0,1,0,1,1
G:\Thesis\MonkSkinTone_Dataset\Segmented_MSTE\subject_13/PXL_20220922_141155806.jpg,2,2,1,0,0.22975613176822662,3,3,3,2,0,1,0,1,1
G:\Thesis\MonkSkinTone_Dataset\Segmented_MSTE\subject_13/PXL_20220922_141154318.jpg,2,2,1,0,0.1790507435798645,3,3,3,2,0,1,0,1,1
G:\Thesis\MonkSkinTone_Dataset\Segmented_MSTE\subject_13/PXL_20220922_141152732.jpg,2,2,1,0,0.15093323588371277,2,2,2,1,0,0,1,1,1
G:\Thesis\MonkSkinTone_Dataset\Segmented_MSTE\subject_13/PXL_20220922_141148032.jpg,2,2,1,0,0.3786938190460205,4,4,4,3,1,2,0,0,0
G:\Thesis\MonkSkinTone_Dataset\Segmented_MSTE\subject_13/PXL_20220922_141146749.jpg,2,2,1,0,0.20192408561706543,3,3,3,2,0,1,0,1,1
G:\Thesis\MonkSkinTone_Dataset\Segmented_MSTE\subject_13/PXL_20220922_141145430.jpg,2,2,1,0,0.3563805818557739,4,4,4,3,1,2,0,0,0
G:\Thesis\MonkSkinTone_Dataset\Segmented_MSTE\subject_13/PXL_20220922_141143935.jpg,2,2,1,0,0.19556397199630737,3,3,3,2,0,1,0,1,1
G:\Thesis\MonkSkinTone_Dataset\Segmented_MSTE\subject_13/PXL_20220922_141142245.jpg,2,2,1,0,0.3303355872631073,4,4,4,3,1,2,0,0,0
G:\Thesis\MonkSkinTone_Dataset\Segmented_MSTE\subject_13/PXL_20220922_141137133.jpg,2,2,1,0,0.42541635036468506,5,5,5,4,1,3,0,0,0
G:\Thesis\MonkSkinTone_Dataset\Segmented_MSTE\subject_13/PXL_20220922_141135379.jpg,2,2,1,0,0.23574522137641907,3,3,3,2,0,1,0,1,1
G:\Thesis\MonkSkinTone_Dataset\Segmented_MSTE\subject_13/PXL_20220922_141133646.jpg,2,2,1,0,0.4573310315608978,5,5,5,4,1,3,0,0,0
G:\Thesis\MonkSkinTone_Dataset\Segmented_MSTE\subject_13/PXL_20220922_141131847.jpg,2,2,1,0,0.257828950881958,3,3,3,2,0,1,0,1,1
G:\Thesis\MonkSkinTone_Dataset\Segmented_MSTE\subject_13/PXL_20220922_141129747.jpg,2,2,1,0,0.40328145027160645,5,5,5,4,1,3,0,0,0
G:\Thesis\MonkSkinTone_Dataset\Segmented_MSTE\subject_13/PXL_20220922_141123871.jpg,2,2,1,0,0.34055644273757935,4,4,4,3,1,2,0,0,0
G:\Thesis\MonkSkinTone_Dataset\Segmented_MSTE\subject_13/PXL_20220922_141040848.jpg,2,2,1,0,0.16710050404071808,3,3,3,2,0,1,0,1,1
G:\Thesis\MonkSkinTone_Dataset\Segmented_MSTE\subject_13/PXL_20220922_141038995.jpg,2,2,1,0,0.30838310718536377,4,4,4,3,1,2,0,0,0
G:\Thesis\MonkSkinTone_Dataset\Segmented_MSTE\subject_13/PXL_20220922_141033915.jpg,2,2,1,0,0.18616275489330292,3,3,3,2,0,1,0,1,1
G:\Thesis\MonkSkinTone_Dataset\Segmented_MSTE\subject_13/PXL_20220922_141031824.jpg,2,2,1,0,0.3228795826435089,4,4,4,3,1,2,0,0,0
G:\Thesis\MonkSkinTone_Dataset\Segmented_MSTE\subject_13/PXL_20220922_141029313.jpg,2,2,1,0,0.2644364535808563,3,3,3,2,0,1,0,1,1
G:\Thesis\MonkSkinTone_Dataset\Segmented_MSTE\subject_13/PXL_20220922_141024171.jpg,2,2,1,0,0.19257088005542755,3,3,3,2,0,1,0,1,1
G:\Thesis\MonkSkinTone_Dataset\Segmented_MSTE\subject_13/PXL_20220922_141022389.jpg,2,2,1,0,0.19193518161773682,3,3,3,2,0,1,0,1,1
G:\Thesis\MonkSkinTone_Dataset\Segmented_MSTE\subject_13/PXL_20220922_141021258.jpg,2,2,1,0,0.26232853531837463,3,3,3,2,0,1,0,1,1
G:\Thesis\MonkSkinTone_Dataset\Segmented_MSTE\subject_13/PXL_20220922_141017374.jpg,2,2,1,0,0.19419324398040771,3,3,3,2,0,1,0,1,1
G:\Thesis\MonkSkinTone_Dataset\Segmented_MSTE\subject_13/PXL_20220922_141016189.jpg,2,2,1,0,0.18066488206386566,3,3,3,2,0,1,0,1,1
G:\Thesis\MonkSkinTone_Dataset\Segmented_MSTE\subject_13/PXL_20220922_141013772.jpg,2,2,1,0,0.3826903700828552,4,4,4,3,1,2,0,0,0
G:\Thesis\MonkSkinTone_Dataset\Segmented_MSTE\subject_13/PXL_20220922_141002299.jpg,2,2,1,0,0.2756054997444153,3,3,3,2,0,1,0,1,1
G:\Thesis\MonkSkinTone_Dataset\Segmented_MSTE\subject_13/PXL_20220922_141000414.jpg,2,2,1,0,0.18942202627658844,3,3,3,2,0,1,0,1,1
G:\Thesis\MonkSkinTone_Dataset\Segmented_MSTE\subject_13/PXL_20220922_140958425.jpg,2,2,1,0,0.31856709718704224,4,4,4,3,1,2,0,0,0
G:\Thesis\MonkSkinTone_Dataset\Segmented_MSTE\subject_13/PXL_20220922_140956208.jpg,2,2,1,0,0.43893352150917053,5,5,5,4,1,3,0,0,0
G:\Thesis\MonkSkinTone_Dataset\Segmented_MSTE\subject_13/PXL_20220922_140954309.jpg,2,2,1,0,0.29320836067199707,4,4,4,3,1,2,0,0,0
G:\Thesis\MonkSkinTone_Dataset\Segmented_MSTE\subject_13/PXL_20220922_140951373.jpg,2,2,1,0,0.3123709559440613,4,4,4,3,1,2,0,0,0
G:\Thesis\MonkSkinTone_Dataset\Segmented_MSTE\subject_13/PXL_20220922_140702450.PORTRAIT.jpg,2,2,1,0,0.43652433156967163,5,5,5,4,1,3,0,0,0
G:\Thesis\MonkSkinTone_Dataset\Segmented_MSTE\subject_13/PXL_20220922_140658431.PORTRAIT.jpg,2,2,1,0,0.26444801688194275,3,3,3,2,0,1,0,1,1
G:\Thesis\MonkSkinTone_Dataset\Segmented_MSTE\subject_13/PXL_20220922_140656981.PORTRAIT.jpg,2,2,1,0,0.2203367054462433,3,3,3,2,0,1,0,1,1
G:\Thesis\MonkSkinTone_Dataset\Segmented_MSTE\subject_13/PXL_20220922_140655381.PORTRAIT.jpg,2,2,1,0,0.33287113904953003,4,4,4,3,1,2,0,0,0
G:\Thesis\MonkSkinTone_Dataset\Segmented_MSTE\subject_13/PXL_20220922_140653888.PORTRAIT.jpg,2,2,1,0,0.4340181052684784,5,5,5,4,1,3,0,0,0
G:\Thesis\MonkSkinTone_Dataset\Segmented_MSTE\subject_13/PXL_20220922_140644738.PORTRAIT.jpg,2,2,1,0,0.3334513008594513,4,4,4,3,1,2,0,0,0
G:\Thesis\MonkSkinTone_Dataset\Segmented_MSTE\subject_13/PXL_20220922_140642650.PORTRAIT.jpg,2,2,1,0,0.2504380941390991,3,3,3,2,0,1,0,1,1
G:\Thesis\MonkSkinTone_Dataset\Segmented_MSTE\subject_13/PXL_20220922_140633904.PORTRAIT.jpg,2,2,1,0,0.2735273241996765,3,3,3,2,0,1,0,1,1
G:\Thesis\MonkSkinTone_Dataset\Segmented_MSTE\subject_13/PXL_20220922_140630454.PORTRAIT.jpg,2,2,1,0,0.39217409491539,5,5,5,4,1,3,0,0,0
G:\Thesis\MonkSkinTone_Dataset\Segmented_MSTE\subject_13/PXL_20220922_140628854.PORTRAIT.jpg,2,2,1,0,0.293251633644104,4,4,4,3,1,2,0,0,0
G:\Thesis\MonkSkinTone_Dataset\Segmented_MSTE\subject_13/PXL_20220922_140619957.PORTRAIT.jpg,2,2,1,0,0.3489525616168976,4,4,4,3,1,2,0,0,0
G:\Thesis\MonkSkinTone_Dataset\Segmented_MSTE\subject_13/PXL_20220922_140616754.PORTRAIT.jpg,2,2,1,0,0.3368459939956665,4,4,4,3,1,2,0,0,0
G:\Thesis\MonkSkinTone_Dataset\Segmented_MSTE\subject_13/PXL_20220922_140612466.PORTRAIT.jpg,2,2,1,0,0.21628005802631378,3,3,3,2,0,1,0,1,1
G:\Thesis\MonkSkinTone_Dataset\Segmented_MSTE\subject_13/PXL_20220922_140610185.PORTRAIT.jpg,2,2,1,0,0.32310107350349426,4,4,4,3,1,2,0,0,0
G:\Thesis\MonkSkinTone_Dataset\Segmented_MSTE\subject_13/PXL_20220922_140605730.PORTRAIT.jpg,2,2,1,0,0.29322686791419983,4,4,4,3,1,2,0,0,0
G:\Thesis\MonkSkinTone_Dataset\Segmented_MSTE\subject_13/PXL_20220922_140447635.PORTRAIT.jpg,2,2,1,0,0.2946167588233948,4,4,4,3,1,2,0,0,0
G:\Thesis\MonkSkinTone_Dataset\Segmented_MSTE\subject_12/PXL_20220922_180405910.jpg,10,10,9,2,0.5535118579864502,6,6,6,5,1,4,0,0,0
G:\Thesis\MonkSkinTone_Dataset\Segmented_MSTE\subject_12/PXL_20220922_180404243.jpg,10,10,9,2,0.46114203333854675,5,5,5,4,1,5,0,0,0
G:\Thesis\MonkSkinTone_Dataset\Segmented_MSTE\subject_12/PXL_20220922_180402602.jpg,10,10,9,2,0.45093488693237305,5,5,5,4,1,5,0,0,0
G:\Thesis\MonkSkinTone_Dataset\Segmented_MSTE\subject_12/PXL_20220922_180401189.jpg,10,10,9,2,0.537612795829773,6,6,6,5,1,4,0,0,0
G:\Thesis\MonkSkinTone_Dataset\Segmented_MSTE\subject_12/PXL_20220922_180359528.jpg,10,10,9,2,0.5440354943275452,6,6,6,5,1,4,0,0,0
G:\Thesis\MonkSkinTone_Dataset\Segmented_MSTE\subject_12/PXL_20220922_180357914.jpg,10,10,9,2,0.6397126317024231,7,7,7,6,1,3,0,0,0
G:\Thesis\MonkSkinTone_Dataset\Segmented_MSTE\subject_12/PXL_20220922_180356379.jpg,10,10,9,2,0.5501173138618469,6,6,6,5,1,4,0,0,0
G:\Thesis\MonkSkinTone_Dataset\Segmented_MSTE\subject_12/PXL_20220922_180354606.jpg,10,10,9,2,0.7261852025985718,8,8,8,7,2,2,0,0,1
G:\Thesis\MonkSkinTone_Dataset\Segmented_MSTE\subject_12/PXL_20220922_180352904.jpg,10,10,9,2,0.47673454880714417,5,5,5,4,1,5,0,0,0
G:\Thesis\MonkSkinTone_Dataset\Segmented_MSTE\subject_12/PXL_20220922_180351165.jpg,10,10,9,2,0.4076243042945862,5,5,5,4,1,5,0,0,0
G:\Thesis\MonkSkinTone_Dataset\Segmented_MSTE\subject_12/PXL_20220922_180349385.jpg,10,10,9,2,0.5524578094482422,6,6,6,5,1,4,0,0,0
G:\Thesis\MonkSkinTone_Dataset\Segmented_MSTE\subject_12/PXL_20220922_180314441.jpg,10,10,9,2,0.5612117648124695,6,6,6,5,1,4,0,0,0
G:\Thesis\MonkSkinTone_Dataset\Segmented_MSTE\subject_12/PXL_20220922_180311261.jpg,10,10,9,2,0.5182062983512878,6,6,6,5,1,4,0,0,0
G:\Thesis\MonkSkinTone_Dataset\Segmented_MSTE\subject_12/PXL_20220922_180309530.jpg,10,10,9,2,0.5231733918190002,6,6,6,5,1,4,0,0,0
G:\Thesis\MonkSkinTone_Dataset\Segmented_MSTE\subject_12/PXL_20220922_180307812.jpg,10,10,9,2,0.4909944534301758,5,5,5,4,1,5,0,0,0
G:\Thesis\MonkSkinTone_Dataset\Segmented_MSTE\subject_12/PXL_20220922_180303876.jpg,10,10,9,2,0.5491582155227661,6,6,6,5,1,4,0,0,0
G:\Thesis\MonkSkinTone_Dataset\Segmented_MSTE\subject_12/PXL_20220922_175937878.jpg,10,10,9,2,0.6110029220581055,6,6,6,5,1,4,0,0,0
G:\Thesis\MonkSkinTone_Dataset\Segmented_MSTE\subject_12/PXL_20220922_175934881.jpg,10,10,9,2,0.46350863575935364,5,5,5,4,1,5,0,0,0
G:\Thesis\MonkSkinTone_Dataset\Segmented_MSTE\subject_12/PXL_20220922_175931440.jpg,10,10,9,2,0.5798057317733765,6,6,6,5,1,4,0,0,0
G:\Thesis\MonkSkinTone_Dataset\Segmented_MSTE\subject_12/PXL_20220922_175929773.jpg,10,10,9,2,0.4337082803249359,5,5,5,4,1,5,0,0,0
G:\Thesis\MonkSkinTone_Dataset\Segmented_MSTE\subject_12/PXL_20220922_175928064.jpg,10,10,9,2,0.6204692721366882,7,7,7,6,1,3,0,0,0
G:\Thesis\MonkSkinTone_Dataset\Segmented_MSTE\subject_12/PXL_20220922_175922739.jpg,10,10,9,2,0.5055414438247681,6,6,6,5,1,4,0,0,0
G:\Thesis\MonkSkinTone_Dataset\Segmented_MSTE\subject_12/PXL_20220922_175919159.jpg,10,10,9,2,0.46781355142593384,5,5,5,4,1,5,0,0,0
G:\Thesis\MonkSkinTone_Dataset\Segmented_MSTE\subject_12/PXL_20220922_175911736.jpg,10,10,9,2,0.6270073056221008,7,7,7,6,1,3,0,0,0
G:\Thesis\MonkSkinTone_Dataset\Segmented_MSTE\subject_12/PXL_20220922_175906610.jpg,10,10,9,2,0.5650171637535095,6,6,6,5,1,4,0,0,0
G:\Thesis\MonkSkinTone_Dataset\Segmented_MSTE\subject_12/PXL_20220922_175900468.jpg,10,10,9,2,0.5598597526550293,6,6,6,5,1,4,0,0,0
G:\Thesis\MonkSkinTone_Dataset\Segmented_MSTE\subject_12/PXL_20220922_175858636.jpg,10,10,9,2,0.48928630352020264,5,5,5,4,1,5,0,0,0
G:\Thesis\MonkSkinTone_Dataset\Segmented_MSTE\subject_12/PXL_20220922_175856539.jpg,10,10,9,2,0.3494188189506531,4,4,4,3,1,6,0,0,0
G:\Thesis\MonkSkinTone_Dataset\Segmented_MSTE\subject_12/PXL_20220922_175851796.jpg,10,10,9,2,0.3739369213581085,4,4,4,3,1,6,0,0,0
G:\Thesis\MonkSkinTone_Dataset\Segmented_MSTE\subject_12/PXL_20220922_175848809.jpg,10,10,9,2,0.5462680459022522,6,6,6,5,1,4,0,0,0
G:\Thesis\MonkSkinTone_Dataset\Segmented_MSTE\subject_12/PXL_20220922_175846375.jpg,10,10,9,2,0.3849624991416931,4,4,4,3,1,6,0,0,0
G:\Thesis\MonkSkinTone_Dataset\Segmented_MSTE\subject_12/PXL_20220922_175844972.jpg,10,10,9,2,0.434678852558136,5,5,5,4,1,5,0,0,0
G:\Thesis\MonkSkinTone_Dataset\Segmented_MSTE\subject_12/PXL_20220922_175843515.jpg,10,10,9,2,0.6208773255348206,7,7,7,6,1,3,0,0,0
G:\Thesis\MonkSkinTone_Dataset\Segmented_MSTE\subject_12/PXL_20220922_175841186.jpg,10,10,9,2,0.6254389882087708,7,7,7,6,1,3,0,0,0
G:\Thesis\MonkSkinTone_Dataset\Segmented_MSTE\subject_12/PXL_20220922_175839844.jpg,10,10,9,2,0.4142579734325409,5,5,5,4,1,5,0,0,0
G:\Thesis\MonkSkinTone_Dataset\Segmented_MSTE\subject_12/PXL_20220922_175837877.jpg,10,10,9,2,0.5071644186973572,6,6,6,5,1,4,0,0,0
G:\Thesis\MonkSkinTone_Dataset\Segmented_MSTE\subject_12/PXL_20220922_175834037.jpg,10,10,9,2,0.5363734364509583,6,6,6,5,1,4,0,0,0
G:\Thesis\MonkSkinTone_Dataset\Segmented_MSTE\subject_12/PXL_20220922_175830391.jpg,10,10,9,2,0.44044962525367737,5,5,5,4,1,5,0,0,0
G:\Thesis\MonkSkinTone_Dataset\Segmented_MSTE\subject_12/PXL_20220922_175827000.jpg,10,10,9,2,0.6161768436431885,7,7,7,6,1,3,0,0,0
G:\Thesis\MonkSkinTone_Dataset\Segmented_MSTE\subject_12/PXL_20220922_175816268.jpg,10,10,9,2,0.6209413409233093,7,7,7,6,1,3,0,0,0
G:\Thesis\MonkSkinTone_Dataset\Segmented_MSTE\subject_12/PXL_20220922_175737649.jpg,10,10,9,2,0.3321489691734314,4,4,4,3,1,6,0,0,0
G:\Thesis\MonkSkinTone_Dataset\Segmented_MSTE\subject_12/PXL_20220922_175736529.jpg,10,10,9,2,0.3835567235946655,4,4,4,3,1,6,0,0,0
G:\Thesis\MonkSkinTone_Dataset\Segmented_MSTE\subject_12/PXL_20220922_175735218.jpg,10,10,9,2,0.6145064830780029,7,7,7,6,1,3,0,0,0
G:\Thesis\MonkSkinTone_Dataset\Segmented_MSTE\subject_12/PXL_20220922_175733830.jpg,10,10,9,2,0.500831127166748,6,6,6,5,1,4,0,0,0
G:\Thesis\MonkSkinTone_Dataset\Segmented_MSTE\subject_12/PXL_20220922_175732630.jpg,10,10,9,2,0.39538565278053284,5,5,5,4,1,5,0,0,0
G:\Thesis\MonkSkinTone_Dataset\Segmented_MSTE\subject_12/PXL_20220922_175728401.jpg,10,10,9,2,0.48131000995635986,5,5,5,4,1,5,0,0,0
G:\Thesis\MonkSkinTone_Dataset\Segmented_MSTE\subject_12/PXL_20220922_175726916.jpg,10,10,9,2,0.5330032706260681,6,6,6,5,1,4,0,0,0
G:\Thesis\MonkSkinTone_Dataset\Segmented_MSTE\subject_12/PXL_20220922_175725538.jpg,10,10,9,2,0.5878309607505798,6,6,6,5,1,4,0,0,0
G:\Thesis\MonkSkinTone_Dataset\Segmented_MSTE\subject_12/PXL_20220922_175724422.jpg,10,10,9,2,0.5811256766319275,6,6,6,5,1,4,0,0,0
G:\Thesis\MonkSkinTone_Dataset\Segmented_MSTE\subject_12/PXL_20220922_175722948.jpg,10,10,9,2,0.3321218490600586,4,4,4,3,1,6,0,0,0
G:\Thesis\MonkSkinTone_Dataset\Segmented_MSTE\subject_12/PXL_20220922_175718926.jpg,10,10,9,2,0.41115742921829224,5,5,5,4,1,5,0,0,0
G:\Thesis\MonkSkinTone_Dataset\Segmented_MSTE\subject_12/PXL_20220922_175717675.jpg,10,10,9,2,0.4901629686355591,5,5,5,4,1,5,0,0,0
G:\Thesis\MonkSkinTone_Dataset\Segmented_MSTE\subject_12/PXL_20220922_175716367.jpg,10,10,9,2,0.4981660544872284,5,5,5,4,1,5,0,0,0
G:\Thesis\MonkSkinTone_Dataset\Segmented_MSTE\subject_12/PXL_20220922_175715255.jpg,10,10,9,2,0.49925366044044495,5,5,5,4,1,5,0,0,0
G:\Thesis\MonkSkinTone_Dataset\Segmented_MSTE\subject_12/PXL_20220922_175713987.jpg,10,10,9,2,0.5448048114776611,6,6,6,5,1,4,0,0,0
G:\Thesis\MonkSkinTone_Dataset\Segmented_MSTE\subject_12/PXL_20220922_175712230.jpg,10,10,9,2,0.4470759630203247,5,5,5,4,1,5,0,0,0
G:\Thesis\MonkSkinTone_Dataset\Segmented_MSTE\subject_12/PXL_20220922_175710848.jpg,10,10,9,2,0.4956274628639221,5,5,5,4,1,5,0,0,0
G:\Thesis\MonkSkinTone_Dataset\Segmented_MSTE\subject_12/PXL_20220922_175709463.jpg,10,10,9,2,0.5806231498718262,6,6,6,5,1,4,0,0,0
G:\Thesis\MonkSkinTone_Dataset\Segmented_MSTE\subject_12/PXL_20220922_175707910.jpg,10,10,9,2,0.4556688666343689,5,5,5,4,1,5,0,0,0
G:\Thesis\MonkSkinTone_Dataset\Segmented_MSTE\subject_12/PXL_20220922_175705794.jpg,10,10,9,2,0.5973988771438599,6,6,6,5,1,4,0,0,0
G:\Thesis\MonkSkinTone_Dataset\Segmented_MSTE\subject_12/PXL_20220922_175703876.jpg,10,10,9,2,0.7318676710128784,8,8,8,7,2,2,0,0,1
G:\Thesis\MonkSkinTone_Dataset\Segmented_MSTE\subject_12/PXL_20220922_175620994.jpg,10,10,9,2,0.6453925371170044,7,7,7,6,1,3,0,0,0
G:\Thesis\MonkSkinTone_Dataset\Segmented_MSTE\subject_12/PXL_20220922_175617676.jpg,10,10,9,2,0.5990198850631714,6,6,6,5,1,4,0,0,0
G:\Thesis\MonkSkinTone_Dataset\Segmented_MSTE\subject_12/PXL_20220922_175613080.jpg,10,10,9,2,0.6458762884140015,7,7,7,6,1,3,0,0,0
G:\Thesis\MonkSkinTone_Dataset\Segmented_MSTE\subject_12/PXL_20220922_175608493.jpg,10,10,9,2,0.4702981412410736,5,5,5,4,1,5,0,0,0
G:\Thesis\MonkSkinTone_Dataset\Segmented_MSTE\subject_12/PXL_20220922_175601727.jpg,10,10,9,2,0.715203046798706,7,7,7,6,1,3,0,0,0
G:\Thesis\MonkSkinTone_Dataset\Segmented_MSTE\subject_12/PXL_20220922_175554301.jpg,10,10,9,2,0.5289143323898315,6,6,6,5,1,4,0,0,0
G:\Thesis\MonkSkinTone_Dataset\Segmented_MSTE\subject_12/PXL_20220922_175416521.jpg,10,10,9,2,0.5203877687454224,6,6,6,5,1,4,0,0,0
G:\Thesis\MonkSkinTone_Dataset\Segmented_MSTE\subject_12/PXL_20220922_175414428.jpg,10,10,9,2,0.6124860644340515,7,7,7,6,1,3,0,0,0
G:\Thesis\MonkSkinTone_Dataset\Segmented_MSTE\subject_12/PXL_20220922_175412551.jpg,10,10,9,2,0.678122878074646,7,7,7,6,1,3,0,0,0
G:\Thesis\MonkSkinTone_Dataset\Segmented_MSTE\subject_12/PXL_20220922_175410892.jpg,10,10,9,2,0.6110890507698059,6,6,6,5,1,4,0,0,0
G:\Thesis\MonkSkinTone_Dataset\Segmented_MSTE\subject_12/PXL_20220922_175408667.jpg,10,10,9,2,0.5044407844543457,6,6,6,5,1,4,0,0,0
G:\Thesis\MonkSkinTone_Dataset\Segmented_MSTE\subject_12/PXL_20220922_175359002.jpg,10,10,9,2,0.6426588296890259,7,7,7,6,1,3,0,0,0
G:\Thesis\MonkSkinTone_Dataset\Segmented_MSTE\subject_12/PXL_20220922_175356974.jpg,10,10,9,2,0.6609200835227966,7,7,7,6,1,3,0,0,0
G:\Thesis\MonkSkinTone_Dataset\Segmented_MSTE\subject_12/PXL_20220922_175355467.jpg,10,10,9,2,0.6624433994293213,7,7,7,6,1,3,0,0,0
G:\Thesis\MonkSkinTone_Dataset\Segmented_MSTE\subject_12/PXL_20220922_175353614.jpg,10,10,9,2,0.7002073526382446,7,7,7,6,1,3,0,0,0
G:\Thesis\MonkSkinTone_Dataset\Segmented_MSTE\subject_12/PXL_20220922_175351069.jpg,10,10,9,2,0.7119532823562622,7,7,7,6,1,3,0,0,0
G:\Thesis\MonkSkinTone_Dataset\Segmented_MSTE\subject_12/PXL_20220922_175335134.jpg,10,10,9,2,0.6160640716552734,7,7,7,6,1,3,0,0,0
G:\Thesis\MonkSkinTone_Dataset\Segmented_MSTE\subject_12/PXL_20220922_175333048.jpg,10,10,9,2,0.6140884757041931,7,7,7,6,1,3,0,0,0
G:\Thesis\MonkSkinTone_Dataset\Segmented_MSTE\subject_12/PXL_20220922_175330462.jpg,10,10,9,2,0.6358557939529419,7,7,7,6,1,3,0,0,0
G:\Thesis\MonkSkinTone_Dataset\Segmented_MSTE\subject_12/PXL_20220922_175328231.jpg,10,10,9,2,0.6456260085105896,7,7,7,6,1,3,0,0,0
G:\Thesis\MonkSkinTone_Dataset\Segmented_MSTE\subject_12/PXL_20220922_175325536.jpg,10,10,9,2,0.6105210185050964,6,6,6,5,1,4,0,0,0
G:\Thesis\MonkSkinTone_Dataset\Segmented_MSTE\subject_12/PXL_20220922_175315326.jpg,10,10,9,2,0.6280636191368103,7,7,7,6,1,3,0,0,0
G:\Thesis\MonkSkinTone_Dataset\Segmented_MSTE\subject_12/PXL_20220922_175312693.jpg,10,10,9,2,0.4746541380882263,5,5,5,4,1,5,0,0,0
G:\Thesis\MonkSkinTone_Dataset\Segmented_MSTE\subject_12/PXL_20220922_175309582.jpg,10,10,9,2,0.6979568600654602,7,7,7,6,1,3,0,0,0
G:\Thesis\MonkSkinTone_Dataset\Segmented_MSTE\subject_12/PXL_20220922_175307113.jpg,10,10,9,2,0.6889824271202087,7,7,7,6,1,3,0,0,0
G:\Thesis\MonkSkinTone_Dataset\Segmented_MSTE\subject_12/PXL_20220922_175304753.jpg,10,10,9,2,0.5852674245834351,6,6,6,5,1,4,0,0,0
G:\Thesis\MonkSkinTone_Dataset\Segmented_MSTE\subject_12/PXL_20220922_175223698.jpg,10,10,9,2,0.7231771945953369,8,8,8,7,2,2,0,0,1
G:\Thesis\MonkSkinTone_Dataset\Segmented_MSTE\subject_12/PXL_20220922_175222824.jpg,10,10,9,2,0.506693959236145,6,6,6,5,1,4,0,0,0
G:\Thesis\MonkSkinTone_Dataset\Segmented_MSTE\subject_12/PXL_20220922_175221016.jpg,10,10,9,2,0.660541832447052,7,7,7,6,1,3,0,0,0
G:\Thesis\MonkSkinTone_Dataset\Segmented_MSTE\subject_12/PXL_20220922_175218550.jpg,10,10,9,2,0.6068716049194336,6,6,6,5,1,4,0,0,0
G:\Thesis\MonkSkinTone_Dataset\Segmented_MSTE\subject_12/PXL_20220922_175216751.jpg,10,10,9,2,0.6758034825325012,7,7,7,6,1,3,0,0,0
G:\Thesis\MonkSkinTone_Dataset\Segmented_MSTE\subject_12/PXL_20220922_175213980.jpg,10,10,9,2,0.4624297022819519,5,5,5,4,1,5,0,0,0
G:\Thesis\MonkSkinTone_Dataset\Segmented_MSTE\subject_12/PXL_20220922_175212910.jpg,10,10,9,2,0.5820167064666748,6,6,6,5,1,4,0,0,0
G:\Thesis\MonkSkinTone_Dataset\Segmented_MSTE\subject_12/PXL_20220922_175210525.jpg,10,10,9,2,0.6231495141983032,7,7,7,6,1,3,0,0,0
G:\Thesis\MonkSkinTone_Dataset\Segmented_MSTE\subject_12/PXL_20220922_175205602.jpg,10,10,9,2,0.536480188369751,6,6,6,5,1,4,0,0,0
G:\Thesis\MonkSkinTone_Dataset\Segmented_MSTE\subject_12/PXL_20220922_175203683.jpg,10,10,9,2,0.380670964717865,4,4,4,3,1,6,0,0,0
G:\Thesis\MonkSkinTone_Dataset\Segmented_MSTE\subject_12/PXL_20220922_175201134.jpg,10,10,9,2,0.6174030303955078,7,7,7,6,1,3,0,0,0
G:\Thesis\MonkSkinTone_Dataset\Segmented_MSTE\subject_12/PXL_20220922_175159465.jpg,10,10,9,2,0.7402931451797485,8,8,8,7,2,2,0,0,1
G:\Thesis\MonkSkinTone_Dataset\Segmented_MSTE\subject_12/PXL_20220922_175157945.jpg,10,10,9,2,0.5657474398612976,6,6,6,5,1,4,0,0,0
G:\Thesis\MonkSkinTone_Dataset\Segmented_MSTE\subject_12/PXL_20220922_175155744.jpg,10,10,9,2,0.5857390761375427,6,6,6,5,1,4,0,0,0
G:\Thesis\MonkSkinTone_Dataset\Segmented_MSTE\subject_12/PXL_20220922_175154352.jpg,10,10,9,2,0.6818618178367615,7,7,7,6,1,3,0,0,0
G:\Thesis\MonkSkinTone_Dataset\Segmented_MSTE\subject_12/PXL_20220922_175152817.jpg,10,10,9,2,0.638679563999176,7,7,7,6,1,3,0,0,0
G:\Thesis\MonkSkinTone_Dataset\Segmented_MSTE\subject_12/PXL_20220922_175151358.jpg,10,10,9,2,0.6265648007392883,7,7,7,6,1,3,0,0,0
G:\Thesis\MonkSkinTone_Dataset\Segmented_MSTE\subject_12/PXL_20220922_175149121.jpg,10,10,9,2,0.6222448945045471,7,7,7,6,1,3,0,0,0
G:\Thesis\MonkSkinTone_Dataset\Segmented_MSTE\subject_12/PXL_20220922_175145715.jpg,10,10,9,2,0.4647976756095886,5,5,5,4,1,5,0,0,0
G:\Thesis\MonkSkinTone_Dataset\Segmented_MSTE\subject_12/PXL_20220922_175143920.jpg,10,10,9,2,0.4845772087574005,5,5,5,4,1,5,0,0,0
G:\Thesis\MonkSkinTone_Dataset\Segmented_MSTE\subject_12/PXL_20220922_175142212.jpg,10,10,9,2,0.688769519329071,7,7,7,6,1,3,0,0,0
G:\Thesis\MonkSkinTone_Dataset\Segmented_MSTE\subject_12/PXL_20220922_175140560.jpg,10,10,9,2,0.6253769993782043,7,7,7,6,1,3,0,0,0
G:\Thesis\MonkSkinTone_Dataset\Segmented_MSTE\subject_12/PXL_20220922_175138290.jpg,10,10,9,2,0.6241252422332764,7,7,7,6,1,3,0,0,0
G:\Thesis\MonkSkinTone_Dataset\Segmented_MSTE\subject_11/PXL_20220922_194043213.PORTRAIT.jpg,5,5,4,1,0.45410701632499695,5,5,5,4,1,0,1,1,1
G:\Thesis\MonkSkinTone_Dataset\Segmented_MSTE\subject_11/PXL_20220922_195139258.jpg,5,5,4,1,0.39896008372306824,5,5,5,4,1,0,1,1,1
G:\Thesis\MonkSkinTone_Dataset\Segmented_MSTE\subject_11/PXL_20220922_195132751.jpg,5,5,4,1,0.3132993280887604,4,4,4,3,1,1,0,1,1
G:\Thesis\MonkSkinTone_Dataset\Segmented_MSTE\subject_11/PXL_20220922_195125067.jpg,5,5,4,1,0.3784191906452179,4,4,4,3,1,1,0,1,1
G:\Thesis\MonkSkinTone_Dataset\Segmented_MSTE\subject_11/PXL_20220922_194839785.jpg,5,5,4,1,0.5128087401390076,6,6,6,5,1,1,0,1,1
G:\Thesis\MonkSkinTone_Dataset\Segmented_MSTE\subject_11/PXL_20220922_194838596.jpg,5,5,4,1,0.50636225938797,6,6,6,5,1,1,0,1,1
G:\Thesis\MonkSkinTone_Dataset\Segmented_MSTE\subject_11/PXL_20220922_194835814.jpg,5,5,4,1,0.5675726532936096,6,6,6,5,1,1,0,1,1
G:\Thesis\MonkSkinTone_Dataset\Segmented_MSTE\subject_11/PXL_20220922_194833505.jpg,5,5,4,1,0.6320357322692871,7,7,7,6,1,2,0,0,1
G:\Thesis\MonkSkinTone_Dataset\Segmented_MSTE\subject_11/PXL_20220922_194832008.jpg,5,5,4,1,0.47041428089141846,5,5,5,4,1,0,1,1,1
G:\Thesis\MonkSkinTone_Dataset\Segmented_MSTE\subject_11/PXL_20220922_194830538.jpg,5,5,4,1,0.2999742925167084,4,4,4,3,1,1,0,1,1
G:\Thesis\MonkSkinTone_Dataset\Segmented_MSTE\subject_11/PXL_20220922_194828973.jpg,5,5,4,1,0.35929086804389954,4,4,4,3,1,1,0,1,1
G:\Thesis\MonkSkinTone_Dataset\Segmented_MSTE\subject_11/PXL_20220922_194827634.jpg,5,5,4,1,0.4718203842639923,5,5,5,4,1,0,1,1,1
G:\Thesis\MonkSkinTone_Dataset\Segmented_MSTE\subject_11/PXL_20220922_194826234.jpg,5,5,4,1,0.4444752335548401,5,5,5,4,1,0,1,1,1
G:\Thesis\MonkSkinTone_Dataset\Segmented_MSTE\subject_11/PXL_20220922_194815935.jpg,5,5,4,1,0.4196072220802307,5,5,5,4,1,0,1,1,1
G:\Thesis\MonkSkinTone_Dataset\Segmented_MSTE\subject_11/PXL_20220922_194813421.jpg,5,5,4,1,0.4076717495918274,5,5,5,4,1,0,1,1,1
G:\Thesis\MonkSkinTone_Dataset\Segmented_MSTE\subject_11/PXL_20220922_194811186.jpg,5,5,4,1,0.3619239032268524,4,4,4,3,1,1,0,1,1
G:\Thesis\MonkSkinTone_Dataset\Segmented_MSTE\subject_11/PXL_20220922_194810135.jpg,5,5,4,1,0.4965977668762207,5,5,5,4,1,0,1,1,1
G:\Thesis\MonkSkinTone_Dataset\Segmented_MSTE\subject_11/PXL_20220922_194808967.jpg,5,5,4,1,0.5188705921173096,6,6,6,5,1,1,0,1,1
G:\Thesis\MonkSkinTone_Dataset\Segmented_MSTE\subject_11/PXL_20220922_194806383.jpg,5,5,4,1,0.46483224630355835,5,5,5,4,1,0,1,1,1
G:\Thesis\MonkSkinTone_Dataset\Segmented_MSTE\subject_11/PXL_20220922_194710700.jpg,5,5,4,1,0.5065531730651855,6,6,6,5,1,1,0,1,1
G:\Thesis\MonkSkinTone_Dataset\Segmented_MSTE\subject_11/PXL_20220922_194709702.jpg,5,5,4,1,0.3339580297470093,4,4,4,3,1,1,0,1,1
G:\Thesis\MonkSkinTone_Dataset\Segmented_MSTE\subject_11/PXL_20220922_194708639.jpg,5,5,4,1,0.5539005398750305,6,6,6,5,1,1,0,1,1
G:\Thesis\MonkSkinTone_Dataset\Segmented_MSTE\subject_11/PXL_20220922_194707277.jpg,5,5,4,1,0.41775190830230713,5,5,5,4,1,0,1,1,1
G:\Thesis\MonkSkinTone_Dataset\Segmented_MSTE\subject_11/PXL_20220922_194704597.jpg,5,5,4,1,0.391705185174942,5,5,5,4,1,0,1,1,1
G:\Thesis\MonkSkinTone_Dataset\Segmented_MSTE\subject_11/PXL_20220922_194703609.jpg,5,5,4,1,0.3946033716201782,5,5,5,4,1,0,1,1,1
G:\Thesis\MonkSkinTone_Dataset\Segmented_MSTE\subject_11/PXL_20220922_194702025.jpg,5,5,4,1,0.3253907859325409,4,4,4,3,1,1,0,1,1
G:\Thesis\MonkSkinTone_Dataset\Segmented_MSTE\subject_11/PXL_20220922_194700623.jpg,5,5,4,1,0.390015572309494,5,5,5,4,1,0,1,1,1
G:\Thesis\MonkSkinTone_Dataset\Segmented_MSTE\subject_11/PXL_20220922_194659198.jpg,5,5,4,1,0.40952810645103455,5,5,5,4,1,0,1,1,1
G:\Thesis\MonkSkinTone_Dataset\Segmented_MSTE\subject_11/PXL_20220922_194656564.jpg,5,5,4,1,0.36641186475753784,4,4,4,3,1,1,0,1,1
G:\Thesis\MonkSkinTone_Dataset\Segmented_MSTE\subject_11/PXL_20220922_194609641.jpg,5,5,4,1,0.584996223449707,6,6,6,5,1,1,0,1,1
G:\Thesis\MonkSkinTone_Dataset\Segmented_MSTE\subject_11/PXL_20220922_194608256.jpg,5,5,4,1,0.4534268081188202,5,5,5,4,1,0,1,1,1
G:\Thesis\MonkSkinTone_Dataset\Segmented_MSTE\subject_11/PXL_20220922_194606938.jpg,5,5,4,1,0.5109884738922119,6,6,6,5,1,1,0,1,1
G:\Thesis\MonkSkinTone_Dataset\Segmented_MSTE\subject_11/PXL_20220922_194605555.jpg,5,5,4,1,0.5188384652137756,6,6,6,5,1,1,0,1,1
G:\Thesis\MonkSkinTone_Dataset\Segmented_MSTE\subject_11/PXL_20220922_194602207.jpg,5,5,4,1,0.4833536148071289,5,5,5,4,1,0,1,1,1
G:\Thesis\MonkSkinTone_Dataset\Segmented_MSTE\subject_11/PXL_20220922_194600792.jpg,5,5,4,1,0.2965576648712158,4,4,4,3,1,1,0,1,1
G:\Thesis\MonkSkinTone_Dataset\Segmented_MSTE\subject_11/PXL_20220922_194559610.jpg,5,5,4,1,0.41686204075813293,5,5,5,4,1,0,1,1,1
G:\Thesis\MonkSkinTone_Dataset\Segmented_MSTE\subject_11/PXL_20220922_194558533.jpg,5,5,4,1,0.5383009910583496,6,6,6,5,1,1,0,1,1
G:\Thesis\MonkSkinTone_Dataset\Segmented_MSTE\subject_11/PXL_20220922_194557410.jpg,5,5,4,1,0.5270751714706421,6,6,6,5,1,1,0,1,1
G:\Thesis\MonkSkinTone_Dataset\Segmented_MSTE\subject_11/PXL_20220922_194553257.jpg,5,5,4,1,0.2759416699409485,3,3,3,2,0,2,0,0,0
G:\Thesis\MonkSkinTone_Dataset\Segmented_MSTE\subject_11/PXL_20220922_194552004.jpg,5,5,4,1,0.37632474303245544,4,4,4,3,1,1,0,1,1
G:\Thesis\MonkSkinTone_Dataset\Segmented_MSTE\subject_11/PXL_20220922_194550829.jpg,5,5,4,1,0.5330415964126587,6,6,6,5,1,1,0,1,1
G:\Thesis\MonkSkinTone_Dataset\Segmented_MSTE\subject_11/PXL_20220922_194549170.jpg,5,5,4,1,0.34295085072517395,4,4,4,3,1,1,0,1,1
G:\Thesis\MonkSkinTone_Dataset\Segmented_MSTE\subject_11/PXL_20220922_194548132.jpg,5,5,4,1,0.35796844959259033,4,4,4,3,1,1,0,1,1
G:\Thesis\MonkSkinTone_Dataset\Segmented_MSTE\subject_11/PXL_20220922_194546635.jpg,5,5,4,1,0.41432133316993713,5,5,5,4,1,0,1,1,1
G:\Thesis\MonkSkinTone_Dataset\Segmented_MSTE\subject_11/PXL_20220922_194545662.jpg,5,5,4,1,0.46130678057670593,5,5,5,4,1,0,1,1,1
G:\Thesis\MonkSkinTone_Dataset\Segmented_MSTE\subject_11/PXL_20220922_194544335.jpg,5,5,4,1,0.5243164896965027,6,6,6,5,1,1,0,1,1
G:\Thesis\MonkSkinTone_Dataset\Segmented_MSTE\subject_11/PXL_20220922_194420621.jpg,5,5,4,1,0.49311405420303345,5,5,5,4,1,0,1,1,1
G:\Thesis\MonkSkinTone_Dataset\Segmented_MSTE\subject_11/PXL_20220922_194419604.jpg,5,5,4,1,0.3536975383758545,4,4,4,3,1,1,0,1,1
G:\Thesis\MonkSkinTone_Dataset\Segmented_MSTE\subject_11/PXL_20220922_194417606.jpg,5,5,4,1,0.41009777784347534,5,5,5,4,1,0,1,1,1
G:\Thesis\MonkSkinTone_Dataset\Segmented_MSTE\subject_11/PXL_20220922_194416689.jpg,5,5,4,1,0.2672651410102844,3,3,3,2,0,2,0,0,0
G:\Thesis\MonkSkinTone_Dataset\Segmented_MSTE\subject_11/PXL_20220922_194415718.jpg,5,5,4,1,0.3272820711135864,4,4,4,3,1,1,0,1,1
G:\Thesis\MonkSkinTone_Dataset\Segmented_MSTE\subject_11/PXL_20220922_194411620.jpg,5,5,4,1,0.6224775910377502,7,7,7,6,1,2,0,0,1
G:\Thesis\MonkSkinTone_Dataset\Segmented_MSTE\subject_11/PXL_20220922_194410570.jpg,5,5,4,1,0.4682704508304596,5,5,5,4,1,0,1,1,1
G:\Thesis\MonkSkinTone_Dataset\Segmented_MSTE\subject_11/PXL_20220922_194409241.jpg,5,5,4,1,0.27672314643859863,3,3,3,2,0,2,0,0,0
G:\Thesis\MonkSkinTone_Dataset\Segmented_MSTE\subject_11/PXL_20220922_194407675.jpg,5,5,4,1,0.6526392102241516,7,7,7,6,1,2,0,0,1
G:\Thesis\MonkSkinTone_Dataset\Segmented_MSTE\subject_11/PXL_20220922_194406571.jpg,5,5,4,1,0.5187288522720337,6,6,6,5,1,1,0,1,1
G:\Thesis\MonkSkinTone_Dataset\Segmented_MSTE\subject_11/PXL_20220922_194400921.jpg,5,5,4,1,0.3580564558506012,4,4,4,3,1,1,0,1,1
G:\Thesis\MonkSkinTone_Dataset\Segmented_MSTE\subject_11/PXL_20220922_194359874.jpg,5,5,4,1,0.5703130960464478,6,6,6,5,1,1,0,1,1
G:\Thesis\MonkSkinTone_Dataset\Segmented_MSTE\subject_11/PXL_20220922_194358507.jpg,5,5,4,1,0.467124342918396,5,5,5,4,1,0,1,1,1
G:\Thesis\MonkSkinTone_Dataset\Segmented_MSTE\subject_11/PXL_20220922_194357448.jpg,5,5,4,1,0.5542140007019043,6,6,6,5,1,1,0,1,1
G:\Thesis\MonkSkinTone_Dataset\Segmented_MSTE\subject_11/PXL_20220922_194356378.jpg,5,5,4,1,0.5259565114974976,6,6,6,5,1,1,0,1,1
G:\Thesis\MonkSkinTone_Dataset\Segmented_MSTE\subject_11/PXL_20220922_194353957.jpg,5,5,4,1,0.22503572702407837,3,3,3,2,0,2,0,0,0
G:\Thesis\MonkSkinTone_Dataset\Segmented_MSTE\subject_11/PXL_20220922_194352302.jpg,5,5,4,1,0.49106815457344055,5,5,5,4,1,0,1,1,1
G:\Thesis\MonkSkinTone_Dataset\Segmented_MSTE\subject_11/PXL_20220922_194351285.jpg,5,5,4,1,0.5510460138320923,6,6,6,5,1,1,0,1,1
G:\Thesis\MonkSkinTone_Dataset\Segmented_MSTE\subject_11/PXL_20220922_194349832.jpg,5,5,4,1,0.4348908066749573,5,5,5,4,1,0,1,1,1
G:\Thesis\MonkSkinTone_Dataset\Segmented_MSTE\subject_11/PXL_20220922_194348664.jpg,5,5,4,1,0.3019345998764038,4,4,4,3,1,1,0,1,1
G:\Thesis\MonkSkinTone_Dataset\Segmented_MSTE\subject_11/PXL_20220922_194342509.jpg,5,5,4,1,0.5753917694091797,6,6,6,5,1,1,0,1,1
G:\Thesis\MonkSkinTone_Dataset\Segmented_MSTE\subject_11/PXL_20220922_194341122.jpg,5,5,4,1,0.4859626889228821,5,5,5,4,1,0,1,1,1
G:\Thesis\MonkSkinTone_Dataset\Segmented_MSTE\subject_11/PXL_20220922_194339820.jpg,5,5,4,1,0.49439194798469543,5,5,5,4,1,0,1,1,1
G:\Thesis\MonkSkinTone_Dataset\Segmented_MSTE\subject_11/PXL_20220922_194338361.jpg,5,5,4,1,0.3699307441711426,4,4,4,3,1,1,0,1,1
G:\Thesis\MonkSkinTone_Dataset\Segmented_MSTE\subject_11/PXL_20220922_194151515.PORTRAIT.jpg,5,5,4,1,0.4358658492565155,5,5,5,4,1,0,1,1,1
G:\Thesis\MonkSkinTone_Dataset\Segmented_MSTE\subject_11/PXL_20220922_194149978.PORTRAIT.jpg,5,5,4,1,0.6037848591804504,6,6,6,5,1,1,0,1,1
G:\Thesis\MonkSkinTone_Dataset\Segmented_MSTE\subject_11/PXL_20220922_194148401.PORTRAIT.jpg,5,5,4,1,0.6400696635246277,7,7,7,6,1,2,0,0,1
G:\Thesis\MonkSkinTone_Dataset\Segmented_MSTE\subject_11/PXL_20220922_194146740.PORTRAIT.jpg,5,5,4,1,0.5311493277549744,6,6,6,5,1,1,0,1,1
G:\Thesis\MonkSkinTone_Dataset\Segmented_MSTE\subject_11/PXL_20220922_194144154.PORTRAIT.jpg,5,5,4,1,0.42946043610572815,5,5,5,4,1,0,1,1,1
G:\Thesis\MonkSkinTone_Dataset\Segmented_MSTE\subject_11/PXL_20220922_194132469.PORTRAIT.jpg,5,5,4,1,0.5196660161018372,6,6,6,5,1,1,0,1,1
G:\Thesis\MonkSkinTone_Dataset\Segmented_MSTE\subject_11/PXL_20220922_194130709.PORTRAIT.jpg,5,5,4,1,0.3839198052883148,4,4,4,3,1,1,0,1,1
G:\Thesis\MonkSkinTone_Dataset\Segmented_MSTE\subject_11/PXL_20220922_194128523.PORTRAIT.jpg,5,5,4,1,0.44880974292755127,5,5,5,4,1,0,1,1,1
G:\Thesis\MonkSkinTone_Dataset\Segmented_MSTE\subject_11/PXL_20220922_194126652.PORTRAIT.jpg,5,5,4,1,0.49706804752349854,5,5,5,4,1,0,1,1,1
G:\Thesis\MonkSkinTone_Dataset\Segmented_MSTE\subject_11/PXL_20220922_194117414.PORTRAIT.jpg,5,5,4,1,0.46492406725883484,5,5,5,4,1,0,1,1,1
G:\Thesis\MonkSkinTone_Dataset\Segmented_MSTE\subject_11/PXL_20220922_194115944.PORTRAIT.jpg,5,5,4,1,0.6717880964279175,7,7,7,6,1,2,0,0,1
G:\Thesis\MonkSkinTone_Dataset\Segmented_MSTE\subject_11/PXL_20220922_194114230.PORTRAIT.jpg,5,5,4,1,0.47238069772720337,5,5,5,4,1,0,1,1,1
G:\Thesis\MonkSkinTone_Dataset\Segmented_MSTE\subject_11/PXL_20220922_194111977.PORTRAIT.jpg,5,5,4,1,0.6188032031059265,7,7,7,6,1,2,0,0,1
G:\Thesis\MonkSkinTone_Dataset\Segmented_MSTE\subject_11/PXL_20220922_194109470.PORTRAIT.jpg,5,5,4,1,0.4662570059299469,5,5,5,4,1,0,1,1,1
G:\Thesis\MonkSkinTone_Dataset\Segmented_MSTE\subject_11/PXL_20220922_194103210.PORTRAIT.jpg,5,5,4,1,0.45159465074539185,5,5,5,4,1,0,1,1,1
G:\Thesis\MonkSkinTone_Dataset\Segmented_MSTE\subject_11/PXL_20220922_194101168.PORTRAIT.jpg,5,5,4,1,0.3736393451690674,4,4,4,3,1,1,0,1,1
G:\Thesis\MonkSkinTone_Dataset\Segmented_MSTE\subject_11/PXL_20220922_194059320.PORTRAIT.jpg,5,5,4,1,0.40175461769104004,5,5,5,4,1,0,1,1,1
G:\Thesis\MonkSkinTone_Dataset\Segmented_MSTE\subject_11/PXL_20220922_194057359.PORTRAIT.jpg,5,5,4,1,0.5292206406593323,6,6,6,5,1,1,0,1,1
G:\Thesis\MonkSkinTone_Dataset\Segmented_MSTE\subject_11/PXL_20220922_194054240.PORTRAIT.jpg,5,5,4,1,0.4253177344799042,5,5,5,4,1,0,1,1,1
G:\Thesis\MonkSkinTone_Dataset\Segmented_MSTE\subject_11/PXL_20220922_194051594.PORTRAIT.jpg,5,5,4,1,0.41747522354125977,5,5,5,4,1,0,1,1,1
G:\Thesis\MonkSkinTone_Dataset\Segmented_MSTE\subject_11/PXL_20220922_194049976.PORTRAIT.jpg,5,5,4,1,0.6307655572891235,7,7,7,6,1,2,0,0,1
G:\Thesis\MonkSkinTone_Dataset\Segmented_MSTE\subject_11/PXL_20220922_194048360.PORTRAIT.jpg,5,5,4,1,0.6152403950691223,7,7,7,6,1,2,0,0,1
G:\Thesis\MonkSkinTone_Dataset\Segmented_MSTE\subject_11/PXL_20220922_194046302.PORTRAIT.jpg,5,5,4,1,0.48357921838760376,5,5,5,4,1,0,1,1,1
G:\Thesis\MonkSkinTone_Dataset\Segmented_MSTE\subject_11/PXL_20220922_194043213.PORTRAIT.jpg,5,5,4,1,0.45410701632499695,5,5,5,4,1,0,1,1,1
G:\Thesis\MonkSkinTone_Dataset\Segmented_MSTE\subject_10/PXL_20220922_195423628.jpg,9,9,8,2,0.6789469122886658,7,7,7,6,1,2,0,0,0
G:\Thesis\MonkSkinTone_Dataset\Segmented_MSTE\subject_10/PXL_20220922_200213044.jpg,9,9,8,2,0.5571312308311462,6,6,6,5,1,3,0,0,0
G:\Thesis\MonkSkinTone_Dataset\Segmented_MSTE\subject_10/PXL_20220922_200207745.jpg,9,9,8,2,0.6084581613540649,6,6,6,5,1,3,0,0,0
G:\Thesis\MonkSkinTone_Dataset\Segmented_MSTE\subject_10/PXL_20220922_200206611.jpg,9,9,8,2,0.5767579078674316,6,6,6,5,1,3,0,0,0
G:\Thesis\MonkSkinTone_Dataset\Segmented_MSTE\subject_10/PXL_20220922_200205248.jpg,9,9,8,2,0.5571932196617126,6,6,6,5,1,3,0,0,0
G:\Thesis\MonkSkinTone_Dataset\Segmented_MSTE\subject_10/PXL_20220922_200152527.jpg,9,9,8,2,0.4563872814178467,5,5,5,4,1,4,0,0,0
G:\Thesis\MonkSkinTone_Dataset\Segmented_MSTE\subject_10/PXL_20220922_200146545.jpg,9,9,8,2,0.5315471291542053,6,6,6,5,1,3,0,0,0
G:\Thesis\MonkSkinTone_Dataset\Segmented_MSTE\subject_10/PXL_20220922_200138910.jpg,9,9,8,2,0.45039570331573486,5,5,5,4,1,4,0,0,0
G:\Thesis\MonkSkinTone_Dataset\Segmented_MSTE\subject_10/PXL_20220922_200027198.jpg,9,9,8,2,0.5121110677719116,6,6,6,5,1,3,0,0,0
G:\Thesis\MonkSkinTone_Dataset\Segmented_MSTE\subject_10/PXL_20220922_200020824.jpg,9,9,8,2,0.4754108786582947,5,5,5,4,1,4,0,0,0
G:\Thesis\MonkSkinTone_Dataset\Segmented_MSTE\subject_10/PXL_20220922_200017828.jpg,9,9,8,2,0.5729223489761353,6,6,6,5,1,3,0,0,0
G:\Thesis\MonkSkinTone_Dataset\Segmented_MSTE\subject_10/PXL_20220922_200010788.jpg,9,9,8,2,0.3503449559211731,4,4,4,3,1,5,0,0,0
G:\Thesis\MonkSkinTone_Dataset\Segmented_MSTE\subject_10/PXL_20220922_200003963.jpg,9,9,8,2,0.3387598693370819,4,4,4,3,1,5,0,0,0
G:\Thesis\MonkSkinTone_Dataset\Segmented_MSTE\subject_10/PXL_20220922_200000614.jpg,9,9,8,2,0.42360836267471313,5,5,5,4,1,4,0,0,0
G:\Thesis\MonkSkinTone_Dataset\Segmented_MSTE\subject_10/PXL_20220922_195956509.jpg,9,9,8,2,0.4279395639896393,5,5,5,4,1,4,0,0,0
G:\Thesis\MonkSkinTone_Dataset\Segmented_MSTE\subject_10/PXL_20220922_195953468.jpg,9,9,8,2,0.6022208333015442,6,6,6,5,1,3,0,0,0
G:\Thesis\MonkSkinTone_Dataset\Segmented_MSTE\subject_10/PXL_20220922_195950116.jpg,9,9,8,2,0.5595706105232239,6,6,6,5,1,3,0,0,0
G:\Thesis\MonkSkinTone_Dataset\Segmented_MSTE\subject_10/PXL_20220922_195946651.jpg,9,9,8,2,0.5828202962875366,6,6,6,5,1,3,0,0,0
G:\Thesis\MonkSkinTone_Dataset\Segmented_MSTE\subject_10/PXL_20220922_195944058.jpg,9,9,8,2,0.4859447181224823,5,5,5,4,1,4,0,0,0
G:\Thesis\MonkSkinTone_Dataset\Segmented_MSTE\subject_10/PXL_20220922_195838924.jpg,9,9,8,2,0.6301859021186829,7,7,7,6,1,2,0,0,0
G:\Thesis\MonkSkinTone_Dataset\Segmented_MSTE\subject_10/PXL_20220922_195836856.jpg,9,9,8,2,0.7117695212364197,7,7,7,6,1,2,0,0,0
G:\Thesis\MonkSkinTone_Dataset\Segmented_MSTE\subject_10/PXL_20220922_195832291.jpg,9,9,8,2,0.678128719329834,7,7,7,6,1,2,0,0,0
G:\Thesis\MonkSkinTone_Dataset\Segmented_MSTE\subject_10/PXL_20220922_195829652.jpg,9,9,8,2,0.5560882687568665,6,6,6,5,1,3,0,0,0
G:\Thesis\MonkSkinTone_Dataset\Segmented_MSTE\subject_10/PXL_20220922_195735806.jpg,9,9,8,2,0.6271525621414185,7,7,7,6,1,2,0,0,0
G:\Thesis\MonkSkinTone_Dataset\Segmented_MSTE\subject_10/PXL_20220922_195729264.jpg,9,9,8,2,0.6824105381965637,7,7,7,6,1,2,0,0,0
G:\Thesis\MonkSkinTone_Dataset\Segmented_MSTE\subject_10/PXL_20220922_195725795.jpg,9,9,8,2,0.4705733358860016,5,5,5,4,1,4,0,0,0
G:\Thesis\MonkSkinTone_Dataset\Segmented_MSTE\subject_10/PXL_20220922_195722247.jpg,9,9,8,2,0.5490517020225525,6,6,6,5,1,3,0,0,0
G:\Thesis\MonkSkinTone_Dataset\Segmented_MSTE\subject_10/PXL_20220922_195719843.jpg,9,9,8,2,0.5376520752906799,6,6,6,5,1,3,0,0,0
G:\Thesis\MonkSkinTone_Dataset\Segmented_MSTE\subject_10/PXL_20220922_195714210.jpg,9,9,8,2,0.5499439835548401,6,6,6,5,1,3,0,0,0
G:\Thesis\MonkSkinTone_Dataset\Segmented_MSTE\subject_10/PXL_20220922_195711268.jpg,9,9,8,2,0.397027850151062,5,5,5,4,1,4,0,0,0
G:\Thesis\MonkSkinTone_Dataset\Segmented_MSTE\subject_10/PXL_20220922_195707349.jpg,9,9,8,2,0.5117272734642029,6,6,6,5,1,3,0,0,0
G:\Thesis\MonkSkinTone_Dataset\Segmented_MSTE\subject_10/PXL_20220922_195700279.jpg,9,9,8,2,0.6530989408493042,7,7,7,6,1,2,0,0,0
G:\Thesis\MonkSkinTone_Dataset\Segmented_MSTE\subject_10/PXL_20220922_195656401.jpg,9,9,8,2,0.4691412150859833,5,5,5,4,1,4,0,0,0
G:\Thesis\MonkSkinTone_Dataset\Segmented_MSTE\subject_10/PXL_20220922_195637346.jpg,9,9,8,2,0.6836574077606201,7,7,7,6,1,2,0,0,0
G:\Thesis\MonkSkinTone_Dataset\Segmented_MSTE\subject_10/PXL_20220922_195506633.jpg,9,9,8,2,0.50425785779953,6,6,6,5,1,3,0,0,0
G:\Thesis\MonkSkinTone_Dataset\Segmented_MSTE\subject_10/PXL_20220922_195504855.jpg,9,9,8,2,0.31133589148521423,4,4,4,3,1,5,0,0,0
G:\Thesis\MonkSkinTone_Dataset\Segmented_MSTE\subject_10/PXL_20220922_195503218.jpg,9,9,8,2,0.6579767465591431,7,7,7,6,1,2,0,0,0
G:\Thesis\MonkSkinTone_Dataset\Segmented_MSTE\subject_10/PXL_20220922_195501347.jpg,9,9,8,2,0.5470172762870789,6,6,6,5,1,3,0,0,0
G:\Thesis\MonkSkinTone_Dataset\Segmented_MSTE\subject_10/PXL_20220922_195459564.jpg,9,9,8,2,0.610341489315033,6,6,6,5,1,3,0,0,0
G:\Thesis\MonkSkinTone_Dataset\Segmented_MSTE\subject_10/PXL_20220922_195454157.jpg,9,9,8,2,0.524473249912262,6,6,6,5,1,3,0,0,0
G:\Thesis\MonkSkinTone_Dataset\Segmented_MSTE\subject_10/PXL_20220922_195452476.jpg,9,9,8,2,0.6207648515701294,7,7,7,6,1,2,0,0,0
G:\Thesis\MonkSkinTone_Dataset\Segmented_MSTE\subject_10/PXL_20220922_195450706.jpg,9,9,8,2,0.6107444763183594,6,6,6,5,1,3,0,0,0
G:\Thesis\MonkSkinTone_Dataset\Segmented_MSTE\subject_10/PXL_20220922_195448989.jpg,9,9,8,2,0.5602935552597046,6,6,6,5,1,3,0,0,0
G:\Thesis\MonkSkinTone_Dataset\Segmented_MSTE\subject_10/PXL_20220922_195447140.jpg,9,9,8,2,0.6512126326560974,7,7,7,6,1,2,0,0,0
G:\Thesis\MonkSkinTone_Dataset\Segmented_MSTE\subject_10/PXL_20220922_195442715.jpg,9,9,8,2,0.5218731164932251,6,6,6,5,1,3,0,0,0
G:\Thesis\MonkSkinTone_Dataset\Segmented_MSTE\subject_10/PXL_20220922_195441067.jpg,9,9,8,2,0.4196303188800812,5,5,5,4,1,4,0,0,0
G:\Thesis\MonkSkinTone_Dataset\Segmented_MSTE\subject_10/PXL_20220922_195439181.jpg,9,9,8,2,0.39807820320129395,5,5,5,4,1,4,0,0,0
G:\Thesis\MonkSkinTone_Dataset\Segmented_MSTE\subject_10/PXL_20220922_195437698.jpg,9,9,8,2,0.6520411372184753,7,7,7,6,1,2,0,0,0
G:\Thesis\MonkSkinTone_Dataset\Segmented_MSTE\subject_10/PXL_20220922_195435930.jpg,9,9,8,2,0.35546714067459106,4,4,4,3,1,5,0,0,0
G:\Thesis\MonkSkinTone_Dataset\Segmented_MSTE\subject_10/PXL_20220922_195431981.jpg,9,9,8,2,0.4638232886791229,5,5,5,4,1,4,0,0,0
G:\Thesis\MonkSkinTone_Dataset\Segmented_MSTE\subject_10/PXL_20220922_195430381.jpg,9,9,8,2,0.5231713056564331,6,6,6,5,1,3,0,0,0
G:\Thesis\MonkSkinTone_Dataset\Segmented_MSTE\subject_10/PXL_20220922_195427510.jpg,9,9,8,2,0.5971405506134033,6,6,6,5,1,3,0,0,0
G:\Thesis\MonkSkinTone_Dataset\Segmented_MSTE\subject_10/PXL_20220922_195425593.jpg,9,9,8,2,0.6291382312774658,7,7,7,6,1,2,0,0,0
G:\Thesis\MonkSkinTone_Dataset\Segmented_MSTE\subject_10/PXL_20220922_195423628.jpg,9,9,8,2,0.6789469122886658,7,7,7,6,1,2,0,0,0
G:\Thesis\MonkSkinTone_Dataset\Segmented_MSTE\subject_9/PXL_20220922_134538984.PORTRAIT.jpg,4,4,3,1,0.2723861634731293,3,3,3,2,0,1,0,1,0
G:\Thesis\MonkSkinTone_Dataset\Segmented_MSTE\subject_9/PXL_20220922_140402500.PORTRAIT.jpg,4,4,3,1,0.2837851345539093,4,4,4,3,1,0,1,1,1
G:\Thesis\MonkSkinTone_Dataset\Segmented_MSTE\subject_9/PXL_20220922_140358703.PORTRAIT.jpg,4,4,3,1,0.2481410652399063,3,3,3,2,0,1,0,1,0
G:\Thesis\MonkSkinTone_Dataset\Segmented_MSTE\subject_9/PXL_20220922_140354824.PORTRAIT.jpg,4,4,3,1,0.3433876931667328,4,4,4,3,1,0,1,1,1
G:\Thesis\MonkSkinTone_Dataset\Segmented_MSTE\subject_9/PXL_20220922_140352486.PORTRAIT.jpg,4,4,3,1,0.28128886222839355,4,4,4,3,1,0,1,1,1
G:\Thesis\MonkSkinTone_Dataset\Segmented_MSTE\subject_9/PXL_20220922_140350579.PORTRAIT.jpg,4,4,3,1,0.31978580355644226,4,4,4,3,1,0,1,1,1
G:\Thesis\MonkSkinTone_Dataset\Segmented_MSTE\subject_9/PXL_20220922_140348903.PORTRAIT.jpg,4,4,3,1,0.35459694266319275,4,4,4,3,1,0,1,1,1
G:\Thesis\MonkSkinTone_Dataset\Segmented_MSTE\subject_9/PXL_20220922_140342859.PORTRAIT.jpg,4,4,3,1,0.28475603461265564,4,4,4,3,1,0,1,1,1
G:\Thesis\MonkSkinTone_Dataset\Segmented_MSTE\subject_9/PXL_20220922_140341531.PORTRAIT.jpg,4,4,3,1,0.2599070370197296,3,3,3,2,0,1,0,1,0
G:\Thesis\MonkSkinTone_Dataset\Segmented_MSTE\subject_9/PXL_20220922_140339729.PORTRAIT.jpg,4,4,3,1,0.46441730856895447,5,5,5,4,1,1,0,1,1
G:\Thesis\MonkSkinTone_Dataset\Segmented_MSTE\subject_9/PXL_20220922_140337825.PORTRAIT.jpg,4,4,3,1,0.31864380836486816,4,4,4,3,1,0,1,1,1
G:\Thesis\MonkSkinTone_Dataset\Segmented_MSTE\subject_9/PXL_20220922_140335749.PORTRAIT.jpg,4,4,3,1,0.3167840540409088,4,4,4,3,1,0,1,1,1
G:\Thesis\MonkSkinTone_Dataset\Segmented_MSTE\subject_9/PXL_20220922_140323802.PORTRAIT.jpg,4,4,3,1,0.4404275119304657,5,5,5,4,1,1,0,1,1
G:\Thesis\MonkSkinTone_Dataset\Segmented_MSTE\subject_9/PXL_20220922_140322023.PORTRAIT.jpg,4,4,3,1,0.5483246445655823,6,6,6,5,1,2,0,0,1
G:\Thesis\MonkSkinTone_Dataset\Segmented_MSTE\subject_9/PXL_20220922_140317135.PORTRAIT.jpg,4,4,3,1,0.24793033301830292,3,3,3,2,0,1,0,1,0
G:\Thesis\MonkSkinTone_Dataset\Segmented_MSTE\subject_9/PXL_20220922_140315071.PORTRAIT.jpg,4,4,3,1,0.3471781313419342,4,4,4,3,1,0,1,1,1
G:\Thesis\MonkSkinTone_Dataset\Segmented_MSTE\subject_9/PXL_20220922_140222578.jpg,4,4,3,1,0.3969687223434448,5,5,5,4,1,1,0,1,1
G:\Thesis\MonkSkinTone_Dataset\Segmented_MSTE\subject_9/PXL_20220922_140221214.jpg,4,4,3,1,0.3698877990245819,4,4,4,3,1,0,1,1,1
G:\Thesis\MonkSkinTone_Dataset\Segmented_MSTE\subject_9/PXL_20220922_140219442.jpg,4,4,3,1,0.39213621616363525,5,5,5,4,1,1,0,1,1
G:\Thesis\MonkSkinTone_Dataset\Segmented_MSTE\subject_9/PXL_20220922_140216573.jpg,4,4,3,1,0.46325209736824036,5,5,5,4,1,1,0,1,1
G:\Thesis\MonkSkinTone_Dataset\Segmented_MSTE\subject_9/PXL_20220922_140214625.jpg,4,4,3,1,0.5529274940490723,6,6,6,5,1,2,0,0,1
G:\Thesis\MonkSkinTone_Dataset\Segmented_MSTE\subject_9/PXL_20220922_140212750.jpg,4,4,3,1,0.3288213610649109,4,4,4,3,1,0,1,1,1
G:\Thesis\MonkSkinTone_Dataset\Segmented_MSTE\subject_9/PXL_20220922_140209423.jpg,4,4,3,1,0.3430503010749817,4,4,4,3,1,0,1,1,1
G:\Thesis\MonkSkinTone_Dataset\Segmented_MSTE\subject_9/PXL_20220922_140207202.jpg,4,4,3,1,0.4833813011646271,5,5,5,4,1,1,0,1,1
G:\Thesis\MonkSkinTone_Dataset\Segmented_MSTE\subject_9/PXL_20220922_140205447.jpg,4,4,3,1,0.4176117777824402,5,5,5,4,1,1,0,1,1
G:\Thesis\MonkSkinTone_Dataset\Segmented_MSTE\subject_9/PXL_20220922_140203657.jpg,4,4,3,1,0.5564128160476685,6,6,6,5,1,2,0,0,1
G:\Thesis\MonkSkinTone_Dataset\Segmented_MSTE\subject_9/PXL_20220922_140201615.jpg,4,4,3,1,0.4328893721103668,5,5,5,4,1,1,0,1,1
G:\Thesis\MonkSkinTone_Dataset\Segmented_MSTE\subject_9/PXL_20220922_140145712.jpg,4,4,3,1,0.42784762382507324,5,5,5,4,1,1,0,1,1
G:\Thesis\MonkSkinTone_Dataset\Segmented_MSTE\subject_9/PXL_20220922_140142694.jpg,4,4,3,1,0.36926838755607605,4,4,4,3,1,0,1,1,1
G:\Thesis\MonkSkinTone_Dataset\Segmented_MSTE\subject_9/PXL_20220922_140133700.jpg,4,4,3,1,0.47030362486839294,5,5,5,4,1,1,0,1,1
G:\Thesis\MonkSkinTone_Dataset\Segmented_MSTE\subject_9/PXL_20220922_140132005.jpg,4,4,3,1,0.4108644425868988,5,5,5,4,1,1,0,1,1
G:\Thesis\MonkSkinTone_Dataset\Segmented_MSTE\subject_9/PXL_20220922_140048541.jpg,4,4,3,1,0.43540868163108826,5,5,5,4,1,1,0,1,1
G:\Thesis\MonkSkinTone_Dataset\Segmented_MSTE\subject_9/PXL_20220922_140047100.jpg,4,4,3,1,0.3410481810569763,4,4,4,3,1,0,1,1,1
G:\Thesis\MonkSkinTone_Dataset\Segmented_MSTE\subject_9/PXL_20220922_140046379.jpg,4,4,3,1,0.4799662232398987,5,5,5,4,1,1,0,1,1
G:\Thesis\MonkSkinTone_Dataset\Segmented_MSTE\subject_9/PXL_20220922_140043111.jpg,4,4,3,1,0.6265666484832764,7,7,7,6,1,3,0,0,1
G:\Thesis\MonkSkinTone_Dataset\Segmented_MSTE\subject_9/PXL_20220922_140041215.jpg,4,4,3,1,0.556890070438385,6,6,6,5,1,2,0,0,1
G:\Thesis\MonkSkinTone_Dataset\Segmented_MSTE\subject_9/PXL_20220922_140036631.jpg,4,4,3,1,0.5505860447883606,6,6,6,5,1,2,0,0,1
G:\Thesis\MonkSkinTone_Dataset\Segmented_MSTE\subject_9/PXL_20220922_140028838.jpg,4,4,3,1,0.3974801301956177,5,5,5,4,1,1,0,1,1
G:\Thesis\MonkSkinTone_Dataset\Segmented_MSTE\subject_9/PXL_20220922_140027001.jpg,4,4,3,1,0.2868451774120331,4,4,4,3,1,0,1,1,1
G:\Thesis\MonkSkinTone_Dataset\Segmented_MSTE\subject_9/PXL_20220922_140005843.jpg,4,4,3,1,0.44805043935775757,5,5,5,4,1,1,0,1,1
G:\Thesis\MonkSkinTone_Dataset\Segmented_MSTE\subject_9/PXL_20220922_135959828.jpg,4,4,3,1,0.526284396648407,6,6,6,5,1,2,0,0,1
G:\Thesis\MonkSkinTone_Dataset\Segmented_MSTE\subject_9/PXL_20220922_135948831.jpg,4,4,3,1,0.6555368900299072,7,7,7,6,1,3,0,0,1
G:\Thesis\MonkSkinTone_Dataset\Segmented_MSTE\subject_9/PXL_20220922_135947300.jpg,4,4,3,1,0.617896318435669,7,7,7,6,1,3,0,0,1
G:\Thesis\MonkSkinTone_Dataset\Segmented_MSTE\subject_9/PXL_20220922_135945608.jpg,4,4,3,1,0.5681734085083008,6,6,6,5,1,2,0,0,1
G:\Thesis\MonkSkinTone_Dataset\Segmented_MSTE\subject_9/PXL_20220922_135944184.jpg,4,4,3,1,0.4863976240158081,5,5,5,4,1,1,0,1,1
G:\Thesis\MonkSkinTone_Dataset\Segmented_MSTE\subject_9/PXL_20220922_135943105.jpg,4,4,3,1,0.43343386054039,5,5,5,4,1,1,0,1,1
G:\Thesis\MonkSkinTone_Dataset\Segmented_MSTE\subject_9/PXL_20220922_135941951.jpg,4,4,3,1,0.4624177813529968,5,5,5,4,1,1,0,1,1
G:\Thesis\MonkSkinTone_Dataset\Segmented_MSTE\subject_9/PXL_20220922_135940569.jpg,4,4,3,1,0.4497729241847992,5,5,5,4,1,1,0,1,1
G:\Thesis\MonkSkinTone_Dataset\Segmented_MSTE\subject_9/PXL_20220922_135939416.jpg,4,4,3,1,0.5119073390960693,6,6,6,5,1,2,0,0,1
G:\Thesis\MonkSkinTone_Dataset\Segmented_MSTE\subject_9/PXL_20220922_135908976.jpg,4,4,3,1,0.3542686998844147,4,4,4,3,1,0,1,1,1
G:\Thesis\MonkSkinTone_Dataset\Segmented_MSTE\subject_9/PXL_20220922_135854746.jpg,4,4,3,1,0.23201805353164673,3,3,3,2,0,1,0,1,0
G:\Thesis\MonkSkinTone_Dataset\Segmented_MSTE\subject_9/PXL_20220922_135810329.jpg,4,4,3,1,0.27091920375823975,3,3,3,2,0,1,0,1,0
G:\Thesis\MonkSkinTone_Dataset\Segmented_MSTE\subject_9/PXL_20220922_135808237.jpg,4,4,3,1,0.6894967555999756,7,7,7,6,1,3,0,0,1
G:\Thesis\MonkSkinTone_Dataset\Segmented_MSTE\subject_9/PXL_20220922_135806296.jpg,4,4,3,1,0.38189995288848877,4,4,4,3,1,0,1,1,1
G:\Thesis\MonkSkinTone_Dataset\Segmented_MSTE\subject_9/PXL_20220922_135804480.jpg,4,4,3,1,0.31802546977996826,4,4,4,3,1,0,1,1,1
G:\Thesis\MonkSkinTone_Dataset\Segmented_MSTE\subject_9/PXL_20220922_135802547.jpg,4,4,3,1,0.3386312425136566,4,4,4,3,1,0,1,1,1
G:\Thesis\MonkSkinTone_Dataset\Segmented_MSTE\subject_9/PXL_20220922_135756305.jpg,4,4,3,1,0.2988961935043335,4,4,4,3,1,0,1,1,1
G:\Thesis\MonkSkinTone_Dataset\Segmented_MSTE\subject_9/PXL_20220922_135754722.jpg,4,4,3,1,0.38604676723480225,4,4,4,3,1,0,1,1,1
G:\Thesis\MonkSkinTone_Dataset\Segmented_MSTE\subject_9/PXL_20220922_135753356.jpg,4,4,3,1,0.3275206387042999,4,4,4,3,1,0,1,1,1
G:\Thesis\MonkSkinTone_Dataset\Segmented_MSTE\subject_9/PXL_20220922_135751665.jpg,4,4,3,1,0.4210629165172577,5,5,5,4,1,1,0,1,1
G:\Thesis\MonkSkinTone_Dataset\Segmented_MSTE\subject_9/PXL_20220922_135750066.jpg,4,4,3,1,0.3717595934867859,4,4,4,3,1,0,1,1,1
G:\Thesis\MonkSkinTone_Dataset\Segmented_MSTE\subject_9/PXL_20220922_135747692.jpg,4,4,3,1,0.3676852583885193,4,4,4,3,1,0,1,1,1
G:\Thesis\MonkSkinTone_Dataset\Segmented_MSTE\subject_9/PXL_20220922_135641645.jpg,4,4,3,1,0.38317155838012695,4,4,4,3,1,0,1,1,1
G:\Thesis\MonkSkinTone_Dataset\Segmented_MSTE\subject_9/PXL_20220922_135640401.jpg,4,4,3,1,0.5536180138587952,6,6,6,5,1,2,0,0,1
G:\Thesis\MonkSkinTone_Dataset\Segmented_MSTE\subject_9/PXL_20220922_135639221.jpg,4,4,3,1,0.38774123787879944,4,4,4,3,1,0,1,1,1
G:\Thesis\MonkSkinTone_Dataset\Segmented_MSTE\subject_9/PXL_20220922_135638177.jpg,4,4,3,1,0.4267764985561371,5,5,5,4,1,1,0,1,1
G:\Thesis\MonkSkinTone_Dataset\Segmented_MSTE\subject_9/PXL_20220922_135636877.jpg,4,4,3,1,0.3995254933834076,5,5,5,4,1,1,0,1,1
G:\Thesis\MonkSkinTone_Dataset\Segmented_MSTE\subject_9/PXL_20220922_135633307.jpg,4,4,3,1,0.5046252608299255,6,6,6,5,1,2,0,0,1
G:\Thesis\MonkSkinTone_Dataset\Segmented_MSTE\subject_9/PXL_20220922_135631351.jpg,4,4,3,1,0.38129356503486633,4,4,4,3,1,0,1,1,1
G:\Thesis\MonkSkinTone_Dataset\Segmented_MSTE\subject_9/PXL_20220922_135621801.jpg,4,4,3,1,0.3989527225494385,5,5,5,4,1,1,0,1,1
G:\Thesis\MonkSkinTone_Dataset\Segmented_MSTE\subject_9/PXL_20220922_135619670.jpg,4,4,3,1,0.31700003147125244,4,4,4,3,1,0,1,1,1
G:\Thesis\MonkSkinTone_Dataset\Segmented_MSTE\subject_9/PXL_20220922_135618709.jpg,4,4,3,1,0.3209402561187744,4,4,4,3,1,0,1,1,1
G:\Thesis\MonkSkinTone_Dataset\Segmented_MSTE\subject_9/PXL_20220922_135616775.jpg,4,4,3,1,0.43413856625556946,5,5,5,4,1,1,0,1,1
G:\Thesis\MonkSkinTone_Dataset\Segmented_MSTE\subject_9/PXL_20220922_135614778.jpg,4,4,3,1,0.29913419485092163,4,4,4,3,1,0,1,1,1
G:\Thesis\MonkSkinTone_Dataset\Segmented_MSTE\subject_9/PXL_20220922_135612843.jpg,4,4,3,1,0.1628616899251938,2,2,2,1,0,2,0,0,0
G:\Thesis\MonkSkinTone_Dataset\Segmented_MSTE\subject_9/PXL_20220922_135610252.jpg,4,4,3,1,0.4064292311668396,5,5,5,4,1,1,0,1,1
G:\Thesis\MonkSkinTone_Dataset\Segmented_MSTE\subject_9/PXL_20220922_134614570.PORTRAIT.jpg,4,4,3,1,0.3102589547634125,4,4,4,3,1,0,1,1,1
G:\Thesis\MonkSkinTone_Dataset\Segmented_MSTE\subject_9/PXL_20220922_134612760.PORTRAIT.jpg,4,4,3,1,0.3086977005004883,4,4,4,3,1,0,1,1,1
G:\Thesis\MonkSkinTone_Dataset\Segmented_MSTE\subject_9/PXL_20220922_134609222.PORTRAIT.jpg,4,4,3,1,0.3717712461948395,4,4,4,3,1,0,1,1,1
G:\Thesis\MonkSkinTone_Dataset\Segmented_MSTE\subject_9/PXL_20220922_134607013.PORTRAIT.jpg,4,4,3,1,0.5407931208610535,6,6,6,5,1,2,0,0,1
G:\Thesis\MonkSkinTone_Dataset\Segmented_MSTE\subject_9/PXL_20220922_134605532.PORTRAIT.jpg,4,4,3,1,0.301021009683609,4,4,4,3,1,0,1,1,1
G:\Thesis\MonkSkinTone_Dataset\Segmented_MSTE\subject_9/PXL_20220922_134558185.PORTRAIT.jpg,4,4,3,1,0.49204087257385254,5,5,5,4,1,1,0,1,1
G:\Thesis\MonkSkinTone_Dataset\Segmented_MSTE\subject_9/PXL_20220922_134555861.PORTRAIT.jpg,4,4,3,1,0.3318307101726532,4,4,4,3,1,0,1,1,1
G:\Thesis\MonkSkinTone_Dataset\Segmented_MSTE\subject_9/PXL_20220922_134547863.PORTRAIT.jpg,4,4,3,1,0.32486701011657715,4,4,4,3,1,0,1,1,1
G:\Thesis\MonkSkinTone_Dataset\Segmented_MSTE\subject_9/PXL_20220922_134546973.PORTRAIT.jpg,4,4,3,1,0.3746638298034668,4,4,4,3,1,0,1,1,1
G:\Thesis\MonkSkinTone_Dataset\Segmented_MSTE\subject_9/PXL_20220922_134543733.PORTRAIT.jpg,4,4,3,1,0.45164063572883606,5,5,5,4,1,1,0,1,1
G:\Thesis\MonkSkinTone_Dataset\Segmented_MSTE\subject_9/PXL_20220922_134538984.PORTRAIT.jpg,4,4,3,1,0.2723861634731293,3,3,3,2,0,1,0,1,0
G:\Thesis\MonkSkinTone_Dataset\Segmented_MSTE\subject_8/PXL_20220922_144659539.PORTRAIT.jpg,2,2,1,0,0.5171592235565186,6,6,6,5,1,4,0,0,0
G:\Thesis\MonkSkinTone_Dataset\Segmented_MSTE\subject_8/PXL_20220922_144657086.PORTRAIT.jpg,2,2,1,0,0.18765604496002197,3,3,3,2,0,1,0,1,1
G:\Thesis\MonkSkinTone_Dataset\Segmented_MSTE\subject_8/PXL_20220922_144653190.PORTRAIT.jpg,2,2,1,0,0.3562066853046417,4,4,4,3,1,2,0,0,0
G:\Thesis\MonkSkinTone_Dataset\Segmented_MSTE\subject_8/PXL_20220922_144649856.PORTRAIT.jpg,2,2,1,0,0.3478713035583496,4,4,4,3,1,2,0,0,0
G:\Thesis\MonkSkinTone_Dataset\Segmented_MSTE\subject_8/PXL_20220922_144646233.PORTRAIT.jpg,2,2,1,0,0.3117982745170593,4,4,4,3,1,2,0,0,0
G:\Thesis\MonkSkinTone_Dataset\Segmented_MSTE\subject_8/PXL_20220922_144642875.PORTRAIT.jpg,2,2,1,0,0.43164217472076416,5,5,5,4,1,3,0,0,0
G:\Thesis\MonkSkinTone_Dataset\Segmented_MSTE\subject_8/PXL_20220922_144633196.PORTRAIT.jpg,2,2,1,0,0.2906801104545593,4,4,4,3,1,2,0,0,0
G:\Thesis\MonkSkinTone_Dataset\Segmented_MSTE\subject_8/PXL_20220922_144629915.PORTRAIT.jpg,2,2,1,0,0.22284752130508423,3,3,3,2,0,1,0,1,1
G:\Thesis\MonkSkinTone_Dataset\Segmented_MSTE\subject_8/PXL_20220922_144626615.PORTRAIT.jpg,2,2,1,0,0.37564992904663086,4,4,4,3,1,2,0,0,0
G:\Thesis\MonkSkinTone_Dataset\Segmented_MSTE\subject_8/PXL_20220922_144624483.PORTRAIT.jpg,2,2,1,0,0.3124791085720062,4,4,4,3,1,2,0,0,0
G:\Thesis\MonkSkinTone_Dataset\Segmented_MSTE\subject_8/PXL_20220922_144622637.PORTRAIT.jpg,2,2,1,0,0.27009710669517517,3,3,3,2,0,1,0,1,1
G:\Thesis\MonkSkinTone_Dataset\Segmented_MSTE\subject_8/PXL_20220922_144620965.PORTRAIT.jpg,2,2,1,0,0.2591894567012787,3,3,3,2,0,1,0,1,1
G:\Thesis\MonkSkinTone_Dataset\Segmented_MSTE\subject_8/PXL_20220922_144619340.PORTRAIT.jpg,2,2,1,0,0.2818852961063385,4,4,4,3,1,2,0,0,0
G:\Thesis\MonkSkinTone_Dataset\Segmented_MSTE\subject_8/PXL_20220922_144614653.PORTRAIT.jpg,2,2,1,0,0.34821557998657227,4,4,4,3,1,2,0,0,0
G:\Thesis\MonkSkinTone_Dataset\Segmented_MSTE\subject_8/PXL_20220922_144612556.PORTRAIT.jpg,2,2,1,0,0.24672555923461914,3,3,3,2,0,1,0,1,1
G:\Thesis\MonkSkinTone_Dataset\Segmented_MSTE\subject_8/PXL_20220922_144525051.jpg,2,2,1,0,0.3330068588256836,4,4,4,3,1,2,0,0,0
G:\Thesis\MonkSkinTone_Dataset\Segmented_MSTE\subject_8/PXL_20220922_144522915.jpg,2,2,1,0,0.273051917552948,3,3,3,2,0,1,0,1,1
G:\Thesis\MonkSkinTone_Dataset\Segmented_MSTE\subject_8/PXL_20220922_144520738.jpg,2,2,1,0,0.257050096988678,3,3,3,2,0,1,0,1,1
G:\Thesis\MonkSkinTone_Dataset\Segmented_MSTE\subject_8/PXL_20220922_144519434.jpg,2,2,1,0,0.40091922879219055,5,5,5,4,1,3,0,0,0
G:\Thesis\MonkSkinTone_Dataset\Segmented_MSTE\subject_8/PXL_20220922_144518107.jpg,2,2,1,0,0.395760178565979,5,5,5,4,1,3,0,0,0
G:\Thesis\MonkSkinTone_Dataset\Segmented_MSTE\subject_8/PXL_20220922_144516437.jpg,2,2,1,0,0.3292379081249237,4,4,4,3,1,2,0,0,0
G:\Thesis\MonkSkinTone_Dataset\Segmented_MSTE\subject_8/PXL_20220922_144515169.jpg,2,2,1,0,0.4890967607498169,5,5,5,4,1,3,0,0,0
G:\Thesis\MonkSkinTone_Dataset\Segmented_MSTE\subject_8/PXL_20220922_144513518.jpg,2,2,1,0,0.2833888828754425,4,4,4,3,1,2,0,0,0
G:\Thesis\MonkSkinTone_Dataset\Segmented_MSTE\subject_8/PXL_20220922_144509854.jpg,2,2,1,0,0.32942482829093933,4,4,4,3,1,2,0,0,0
G:\Thesis\MonkSkinTone_Dataset\Segmented_MSTE\subject_8/PXL_20220922_144508322.jpg,2,2,1,0,0.47035354375839233,5,5,5,4,1,3,0,0,0
G:\Thesis\MonkSkinTone_Dataset\Segmented_MSTE\subject_8/PXL_20220922_144506455.jpg,2,2,1,0,0.4762814939022064,5,5,5,4,1,3,0,0,0
G:\Thesis\MonkSkinTone_Dataset\Segmented_MSTE\subject_8/PXL_20220922_144459281.jpg,2,2,1,0,0.4727812111377716,5,5,5,4,1,3,0,0,0
G:\Thesis\MonkSkinTone_Dataset\Segmented_MSTE\subject_8/PXL_20220922_144457808.jpg,2,2,1,0,0.22712354362010956,3,3,3,2,0,1,0,1,1
G:\Thesis\MonkSkinTone_Dataset\Segmented_MSTE\subject_8/PXL_20220922_144454460.jpg,2,2,1,0,0.2677862048149109,3,3,3,2,0,1,0,1,1
G:\Thesis\MonkSkinTone_Dataset\Segmented_MSTE\subject_8/PXL_20220922_144439857.jpg,2,2,1,0,0.407279372215271,5,5,5,4,1,3,0,0,0
G:\Thesis\MonkSkinTone_Dataset\Segmented_MSTE\subject_8/PXL_20220922_144433061.jpg,2,2,1,0,0.3765603005886078,4,4,4,3,1,2,0,0,0
G:\Thesis\MonkSkinTone_Dataset\Segmented_MSTE\subject_8/PXL_20220922_144431094.jpg,2,2,1,0,0.26830923557281494,3,3,3,2,0,1,0,1,1
G:\Thesis\MonkSkinTone_Dataset\Segmented_MSTE\subject_8/PXL_20220922_144424020.jpg,2,2,1,0,0.2510855197906494,3,3,3,2,0,1,0,1,1
G:\Thesis\MonkSkinTone_Dataset\Segmented_MSTE\subject_8/PXL_20220922_144349886.jpg,2,2,1,0,0.25701555609703064,3,3,3,2,0,1,0,1,1
G:\Thesis\MonkSkinTone_Dataset\Segmented_MSTE\subject_8/PXL_20220922_144348319.jpg,2,2,1,0,0.511849045753479,6,6,6,5,1,4,0,0,0
G:\Thesis\MonkSkinTone_Dataset\Segmented_MSTE\subject_8/PXL_20220922_144346637.jpg,2,2,1,0,0.2605079710483551,3,3,3,2,0,1,0,1,1
G:\Thesis\MonkSkinTone_Dataset\Segmented_MSTE\subject_8/PXL_20220922_144342994.jpg,2,2,1,0,0.4380156993865967,5,5,5,4,1,3,0,0,0
G:\Thesis\MonkSkinTone_Dataset\Segmented_MSTE\subject_8/PXL_20220922_144243484.jpg,2,2,1,0,0.25749173760414124,3,3,3,2,0,1,0,1,1
G:\Thesis\MonkSkinTone_Dataset\Segmented_MSTE\subject_8/PXL_20220922_144242165.jpg,2,2,1,0,0.3583216667175293,4,4,4,3,1,2,0,0,0
G:\Thesis\MonkSkinTone_Dataset\Segmented_MSTE\subject_8/PXL_20220922_144240833.jpg,2,2,1,0,0.27280449867248535,3,3,3,2,0,1,0,1,1
G:\Thesis\MonkSkinTone_Dataset\Segmented_MSTE\subject_8/PXL_20220922_144239368.jpg,2,2,1,0,0.26683393120765686,3,3,3,2,0,1,0,1,1
G:\Thesis\MonkSkinTone_Dataset\Segmented_MSTE\subject_8/PXL_20220922_144237169.jpg,2,2,1,0,0.33793941140174866,4,4,4,3,1,2,0,0,0
G:\Thesis\MonkSkinTone_Dataset\Segmented_MSTE\subject_8/PXL_20220922_144233301.jpg,2,2,1,0,0.2341870367527008,3,3,3,2,0,1,0,1,1
G:\Thesis\MonkSkinTone_Dataset\Segmented_MSTE\subject_8/PXL_20220922_144230503.jpg,2,2,1,0,0.3546958565711975,4,4,4,3,1,2,0,0,0
G:\Thesis\MonkSkinTone_Dataset\Segmented_MSTE\subject_8/PXL_20220922_144229123.jpg,2,2,1,0,0.4228869080543518,5,5,5,4,1,3,0,0,0
G:\Thesis\MonkSkinTone_Dataset\Segmented_MSTE\subject_8/PXL_20220922_144227636.jpg,2,2,1,0,0.32712021470069885,4,4,4,3,1,2,0,0,0
G:\Thesis\MonkSkinTone_Dataset\Segmented_MSTE\subject_8/PXL_20220922_144225935.jpg,2,2,1,0,0.3034211993217468,4,4,4,3,1,2,0,0,0
G:\Thesis\MonkSkinTone_Dataset\Segmented_MSTE\subject_8/PXL_20220922_144214170.jpg,2,2,1,0,0.3177393972873688,4,4,4,3,1,2,0,0,0
G:\Thesis\MonkSkinTone_Dataset\Segmented_MSTE\subject_8/PXL_20220922_144212804.jpg,2,2,1,0,0.3330255150794983,4,4,4,3,1,2,0,0,0
G:\Thesis\MonkSkinTone_Dataset\Segmented_MSTE\subject_8/PXL_20220922_144211604.jpg,2,2,1,0,0.25873175263404846,3,3,3,2,0,1,0,1,1
G:\Thesis\MonkSkinTone_Dataset\Segmented_MSTE\subject_8/PXL_20220922_144209904.jpg,2,2,1,0,0.3132122755050659,4,4,4,3,1,2,0,0,0
G:\Thesis\MonkSkinTone_Dataset\Segmented_MSTE\subject_8/PXL_20220922_144208454.jpg,2,2,1,0,0.2093382179737091,3,3,3,2,0,1,0,1,1
G:\Thesis\MonkSkinTone_Dataset\Segmented_MSTE\subject_8/PXL_20220922_144201853.jpg,2,2,1,0,0.31875285506248474,4,4,4,3,1,2,0,0,0
G:\Thesis\MonkSkinTone_Dataset\Segmented_MSTE\subject_8/PXL_20220922_144158904.jpg,2,2,1,0,0.2786302864551544,4,4,4,3,1,2,0,0,0
G:\Thesis\MonkSkinTone_Dataset\Segmented_MSTE\subject_8/PXL_20220922_144157379.jpg,2,2,1,0,0.25426405668258667,3,3,3,2,0,1,0,1,1
G:\Thesis\MonkSkinTone_Dataset\Segmented_MSTE\subject_8/PXL_20220922_144155487.jpg,2,2,1,0,0.22879445552825928,3,3,3,2,0,1,0,1,1
G:\Thesis\MonkSkinTone_Dataset\Segmented_MSTE\subject_8/PXL_20220922_144135110.jpg,2,2,1,0,0.31886181235313416,4,4,4,3,1,2,0,0,0
G:\Thesis\MonkSkinTone_Dataset\Segmented_MSTE\subject_8/PXL_20220922_144133020.jpg,2,2,1,0,0.45332810282707214,5,5,5,4,1,3,0,0,0
G:\Thesis\MonkSkinTone_Dataset\Segmented_MSTE\subject_8/PXL_20220922_144130999.jpg,2,2,1,0,0.4254346489906311,5,5,5,4,1,3,0,0,0
G:\Thesis\MonkSkinTone_Dataset\Segmented_MSTE\subject_8/PXL_20220922_144126494.jpg,2,2,1,0,0.26697319746017456,3,3,3,2,0,1,0,1,1
G:\Thesis\MonkSkinTone_Dataset\Segmented_MSTE\subject_8/PXL_20220922_144049938.jpg,2,2,1,0,0.33846980333328247,4,4,4,3,1,2,0,0,0
G:\Thesis\MonkSkinTone_Dataset\Segmented_MSTE\subject_8/PXL_20220922_144048016.jpg,2,2,1,0,0.39536869525909424,5,5,5,4,1,3,0,0,0
G:\Thesis\MonkSkinTone_Dataset\Segmented_MSTE\subject_8/PXL_20220922_144046163.jpg,2,2,1,0,0.4681900441646576,5,5,5,4,1,3,0,0,0
G:\Thesis\MonkSkinTone_Dataset\Segmented_MSTE\subject_8/PXL_20220922_144044363.jpg,2,2,1,0,0.3162487745285034,4,4,4,3,1,2,0,0,0
G:\Thesis\MonkSkinTone_Dataset\Segmented_MSTE\subject_8/PXL_20220922_144042686.jpg,2,2,1,0,0.3027671277523041,4,4,4,3,1,2,0,0,0
G:\Thesis\MonkSkinTone_Dataset\Segmented_MSTE\subject_8/PXL_20220922_144038878.jpg,2,2,1,0,0.41708242893218994,5,5,5,4,1,3,0,0,0
G:\Thesis\MonkSkinTone_Dataset\Segmented_MSTE\subject_8/PXL_20220922_144024003.jpg,2,2,1,0,0.3057764768600464,4,4,4,3,1,2,0,0,0
G:\Thesis\MonkSkinTone_Dataset\Segmented_MSTE\subject_8/PXL_20220922_144021761.jpg,2,2,1,0,0.41171038150787354,5,5,5,4,1,3,0,0,0
G:\Thesis\MonkSkinTone_Dataset\Segmented_MSTE\subject_8/PXL_20220922_144019524.jpg,2,2,1,0,0.40735679864883423,5,5,5,4,1,3,0,0,0
G:\Thesis\MonkSkinTone_Dataset\Segmented_MSTE\subject_8/PXL_20220922_144017731.jpg,2,2,1,0,0.3335586190223694,4,4,4,3,1,2,0,0,0
G:\Thesis\MonkSkinTone_Dataset\Segmented_MSTE\subject_8/PXL_20220922_144015845.jpg,2,2,1,0,0.28461939096450806,4,4,4,3,1,2,0,0,0
G:\Thesis\MonkSkinTone_Dataset\Segmented_MSTE\subject_8/PXL_20220922_144000843.jpg,2,2,1,0,0.29486387968063354,4,4,4,3,1,2,0,0,0
G:\Thesis\MonkSkinTone_Dataset\Segmented_MSTE\subject_8/PXL_20220922_143958932.jpg,2,2,1,0,0.3803483247756958,4,4,4,3,1,2,0,0,0
G:\Thesis\MonkSkinTone_Dataset\Segmented_MSTE\subject_8/PXL_20220922_143956870.jpg,2,2,1,0,0.4754381477832794,5,5,5,4,1,3,0,0,0
G:\Thesis\MonkSkinTone_Dataset\Segmented_MSTE\subject_8/PXL_20220922_143954934.jpg,2,2,1,0,0.2745073735713959,3,3,3,2,0,1,0,1,1
G:\Thesis\MonkSkinTone_Dataset\Segmented_MSTE\subject_8/PXL_20220922_143953061.jpg,2,2,1,0,0.25842204689979553,3,3,3,2,0,1,0,1,1
G:\Thesis\MonkSkinTone_Dataset\Segmented_MSTE\subject_8/PXL_20220922_143950494.jpg,2,2,1,0,0.25266727805137634,3,3,3,2,0,1,0,1,1
G:\Thesis\MonkSkinTone_Dataset\Segmented_MSTE\subject_8/PXL_20220922_143938018.jpg,2,2,1,0,0.3176863193511963,4,4,4,3,1,2,0,0,0
G:\Thesis\MonkSkinTone_Dataset\Segmented_MSTE\subject_8/PXL_20220922_143935867.jpg,2,2,1,0,0.3842807114124298,4,4,4,3,1,2,0,0,0
G:\Thesis\MonkSkinTone_Dataset\Segmented_MSTE\subject_8/PXL_20220922_143933791.jpg,2,2,1,0,0.4225136935710907,5,5,5,4,1,3,0,0,0
G:\Thesis\MonkSkinTone_Dataset\Segmented_MSTE\subject_8/PXL_20220922_143931549.jpg,2,2,1,0,0.23611344397068024,3,3,3,2,0,1,0,1,1
G:\Thesis\MonkSkinTone_Dataset\Segmented_MSTE\subject_8/PXL_20220922_143929898.jpg,2,2,1,0,0.26598435640335083,3,3,3,2,0,1,0,1,1
G:\Thesis\MonkSkinTone_Dataset\Segmented_MSTE\subject_8/PXL_20220922_143926991.jpg,2,2,1,0,0.21360643208026886,3,3,3,2,0,1,0,1,1
G:\Thesis\MonkSkinTone_Dataset\Segmented_MSTE\subject_7/PXL_20220922_200441666.jpg,4,4,3,1,0.525580644607544,6,6,6,5,1,2,0,0,1
G:\Thesis\MonkSkinTone_Dataset\Segmented_MSTE\subject_7/PXL_20220922_201159649.jpg,4,4,3,1,0.4677821397781372,5,5,5,4,1,1,0,1,1
G:\Thesis\MonkSkinTone_Dataset\Segmented_MSTE\subject_7/PXL_20220922_201158155.jpg,4,4,3,1,0.5172600150108337,6,6,6,5,1,2,0,0,1
G:\Thesis\MonkSkinTone_Dataset\Segmented_MSTE\subject_7/PXL_20220922_201156891.jpg,4,4,3,1,0.5640049576759338,6,6,6,5,1,2,0,0,1
G:\Thesis\MonkSkinTone_Dataset\Segmented_MSTE\subject_7/PXL_20220922_201155538.jpg,4,4,3,1,0.5058935284614563,6,6,6,5,1,2,0,0,1
G:\Thesis\MonkSkinTone_Dataset\Segmented_MSTE\subject_7/PXL_20220922_201154083.jpg,4,4,3,1,0.4161055386066437,5,5,5,4,1,1,0,1,1
G:\Thesis\MonkSkinTone_Dataset\Segmented_MSTE\subject_7/PXL_20220922_201150533.jpg,4,4,3,1,0.5244225859642029,6,6,6,5,1,2,0,0,1
G:\Thesis\MonkSkinTone_Dataset\Segmented_MSTE\subject_7/PXL_20220922_201148997.jpg,4,4,3,1,0.40875479578971863,5,5,5,4,1,1,0,1,1
G:\Thesis\MonkSkinTone_Dataset\Segmented_MSTE\subject_7/PXL_20220922_201147352.jpg,4,4,3,1,0.3466472625732422,4,4,4,3,1,0,1,1,1
G:\Thesis\MonkSkinTone_Dataset\Segmented_MSTE\subject_7/PXL_20220922_201144852.jpg,4,4,3,1,0.44887593388557434,5,5,5,4,1,1,0,1,1
G:\Thesis\MonkSkinTone_Dataset\Segmented_MSTE\subject_7/PXL_20220922_201142228.jpg,4,4,3,1,0.48954349756240845,5,5,5,4,1,1,0,1,1
G:\Thesis\MonkSkinTone_Dataset\Segmented_MSTE\subject_7/PXL_20220922_201123752.jpg,4,4,3,1,0.24993015825748444,3,3,3,2,0,1,0,1,0
G:\Thesis\MonkSkinTone_Dataset\Segmented_MSTE\subject_7/PXL_20220922_201115889.jpg,4,4,3,1,0.291991651058197,4,4,4,3,1,0,1,1,1
G:\Thesis\MonkSkinTone_Dataset\Segmented_MSTE\subject_7/PXL_20220922_201112822.jpg,4,4,3,1,0.49501165747642517,5,5,5,4,1,1,0,1,1
G:\Thesis\MonkSkinTone_Dataset\Segmented_MSTE\subject_7/PXL_20220922_201105804.jpg,4,4,3,1,0.27935466170310974,4,4,4,3,1,0,1,1,1
G:\Thesis\MonkSkinTone_Dataset\Segmented_MSTE\subject_7/PXL_20220922_201104283.jpg,4,4,3,1,0.30867090821266174,4,4,4,3,1,0,1,1,1
G:\Thesis\MonkSkinTone_Dataset\Segmented_MSTE\subject_7/PXL_20220922_201103004.jpg,4,4,3,1,0.32454413175582886,4,4,4,3,1,0,1,1,1
G:\Thesis\MonkSkinTone_Dataset\Segmented_MSTE\subject_7/PXL_20220922_201100125.jpg,4,4,3,1,0.284641295671463,4,4,4,3,1,0,1,1,1
G:\Thesis\MonkSkinTone_Dataset\Segmented_MSTE\subject_7/PXL_20220922_201058066.jpg,4,4,3,1,0.4244788885116577,5,5,5,4,1,1,0,1,1
G:\Thesis\MonkSkinTone_Dataset\Segmented_MSTE\subject_7/PXL_20220922_201056746.jpg,4,4,3,1,0.25838392972946167,3,3,3,2,0,1,0,1,0
G:\Thesis\MonkSkinTone_Dataset\Segmented_MSTE\subject_7/PXL_20220922_201055412.jpg,4,4,3,1,0.3759247660636902,4,4,4,3,1,0,1,1,1
G:\Thesis\MonkSkinTone_Dataset\Segmented_MSTE\subject_7/PXL_20220922_201053928.jpg,4,4,3,1,0.3867977559566498,4,4,4,3,1,0,1,1,1
G:\Thesis\MonkSkinTone_Dataset\Segmented_MSTE\subject_7/PXL_20220922_201019240.jpg,4,4,3,1,0.3968370258808136,5,5,5,4,1,1,0,1,1
G:\Thesis\MonkSkinTone_Dataset\Segmented_MSTE\subject_7/PXL_20220922_201017494.jpg,4,4,3,1,0.49865713715553284,5,5,5,4,1,1,0,1,1
G:\Thesis\MonkSkinTone_Dataset\Segmented_MSTE\subject_7/PXL_20220922_201015629.jpg,4,4,3,1,0.21615254878997803,3,3,3,2,0,1,0,1,0
G:\Thesis\MonkSkinTone_Dataset\Segmented_MSTE\subject_7/PXL_20220922_201013077.jpg,4,4,3,1,0.5030741691589355,6,6,6,5,1,2,0,0,1
G:\Thesis\MonkSkinTone_Dataset\Segmented_MSTE\subject_7/PXL_20220922_201010784.jpg,4,4,3,1,0.3828883767127991,4,4,4,3,1,0,1,1,1
G:\Thesis\MonkSkinTone_Dataset\Segmented_MSTE\subject_7/PXL_20220922_201003232.jpg,4,4,3,1,0.4443938732147217,5,5,5,4,1,1,0,1,1
G:\Thesis\MonkSkinTone_Dataset\Segmented_MSTE\subject_7/PXL_20220922_200959790.jpg,4,4,3,1,0.4578363597393036,5,5,5,4,1,1,0,1,1
G:\Thesis\MonkSkinTone_Dataset\Segmented_MSTE\subject_7/PXL_20220922_200956536.jpg,4,4,3,1,0.36085280776023865,4,4,4,3,1,0,1,1,1
G:\Thesis\MonkSkinTone_Dataset\Segmented_MSTE\subject_7/PXL_20220922_200954702.jpg,4,4,3,1,0.35723811388015747,4,4,4,3,1,0,1,1,1
G:\Thesis\MonkSkinTone_Dataset\Segmented_MSTE\subject_7/PXL_20220922_200952853.jpg,4,4,3,1,0.36824992299079895,4,4,4,3,1,0,1,1,1
G:\Thesis\MonkSkinTone_Dataset\Segmented_MSTE\subject_7/PXL_20220922_200941758.jpg,4,4,3,1,0.37573063373565674,4,4,4,3,1,0,1,1,1
G:\Thesis\MonkSkinTone_Dataset\Segmented_MSTE\subject_7/PXL_20220922_200939541.jpg,4,4,3,1,0.42409369349479675,5,5,5,4,1,1,0,1,1
G:\Thesis\MonkSkinTone_Dataset\Segmented_MSTE\subject_7/PXL_20220922_200937622.jpg,4,4,3,1,0.31963279843330383,4,4,4,3,1,0,1,1,1
G:\Thesis\MonkSkinTone_Dataset\Segmented_MSTE\subject_7/PXL_20220922_200935095.jpg,4,4,3,1,0.4895990490913391,5,5,5,4,1,1,0,1,1
G:\Thesis\MonkSkinTone_Dataset\Segmented_MSTE\subject_7/PXL_20220922_200933252.jpg,4,4,3,1,0.341544508934021,4,4,4,3,1,0,1,1,1
G:\Thesis\MonkSkinTone_Dataset\Segmented_MSTE\subject_7/PXL_20220922_200921149.jpg,4,4,3,1,0.3266305923461914,4,4,4,3,1,0,1,1,1
G:\Thesis\MonkSkinTone_Dataset\Segmented_MSTE\subject_7/PXL_20220922_200918851.jpg,4,4,3,1,0.5240152478218079,6,6,6,5,1,2,0,0,1
G:\Thesis\MonkSkinTone_Dataset\Segmented_MSTE\subject_7/PXL_20220922_200916683.jpg,4,4,3,1,0.394307017326355,5,5,5,4,1,1,0,1,1
G:\Thesis\MonkSkinTone_Dataset\Segmented_MSTE\subject_7/PXL_20220922_200914218.jpg,4,4,3,1,0.3640117049217224,4,4,4,3,1,0,1,1,1
G:\Thesis\MonkSkinTone_Dataset\Segmented_MSTE\subject_7/PXL_20220922_200912092.jpg,4,4,3,1,0.3391043245792389,4,4,4,3,1,0,1,1,1
G:\Thesis\MonkSkinTone_Dataset\Segmented_MSTE\subject_7/PXL_20220922_200843113.jpg,4,4,3,1,0.3190050721168518,4,4,4,3,1,0,1,1,1
G:\Thesis\MonkSkinTone_Dataset\Segmented_MSTE\subject_7/PXL_20220922_200842021.jpg,4,4,3,1,0.24698783457279205,3,3,3,2,0,1,0,1,0
G:\Thesis\MonkSkinTone_Dataset\Segmented_MSTE\subject_7/PXL_20220922_200840646.jpg,4,4,3,1,0.47484445571899414,5,5,5,4,1,1,0,1,1
G:\Thesis\MonkSkinTone_Dataset\Segmented_MSTE\subject_7/PXL_20220922_200839628.jpg,4,4,3,1,0.48530682921409607,5,5,5,4,1,1,0,1,1
G:\Thesis\MonkSkinTone_Dataset\Segmented_MSTE\subject_7/PXL_20220922_200836956.jpg,4,4,3,1,0.23689940571784973,3,3,3,2,0,1,0,1,0
G:\Thesis\MonkSkinTone_Dataset\Segmented_MSTE\subject_7/PXL_20220922_200835329.jpg,4,4,3,1,0.2801649272441864,4,4,4,3,1,0,1,1,1
G:\Thesis\MonkSkinTone_Dataset\Segmented_MSTE\subject_7/PXL_20220922_200834042.jpg,4,4,3,1,0.27791693806648254,4,4,4,3,1,0,1,1,1
G:\Thesis\MonkSkinTone_Dataset\Segmented_MSTE\subject_7/PXL_20220922_200832775.jpg,4,4,3,1,0.35763218998908997,4,4,4,3,1,0,1,1,1
G:\Thesis\MonkSkinTone_Dataset\Segmented_MSTE\subject_7/PXL_20220922_200831394.jpg,4,4,3,1,0.5589396953582764,6,6,6,5,1,2,0,0,1
G:\Thesis\MonkSkinTone_Dataset\Segmented_MSTE\subject_7/PXL_20220922_200830294.jpg,4,4,3,1,0.3582899570465088,4,4,4,3,1,0,1,1,1
G:\Thesis\MonkSkinTone_Dataset\Segmented_MSTE\subject_7/PXL_20220922_200829155.jpg,4,4,3,1,0.26616138219833374,3,3,3,2,0,1,0,1,0
G:\Thesis\MonkSkinTone_Dataset\Segmented_MSTE\subject_7/PXL_20220922_200640074.jpg,4,4,3,1,0.3285976052284241,4,4,4,3,1,0,1,1,1
G:\Thesis\MonkSkinTone_Dataset\Segmented_MSTE\subject_7/PXL_20220922_200637881.jpg,4,4,3,1,0.5645204782485962,6,6,6,5,1,2,0,0,1
G:\Thesis\MonkSkinTone_Dataset\Segmented_MSTE\subject_7/PXL_20220922_200634218.jpg,4,4,3,1,0.44172924757003784,5,5,5,4,1,1,0,1,1
G:\Thesis\MonkSkinTone_Dataset\Segmented_MSTE\subject_7/PXL_20220922_200631137.jpg,4,4,3,1,0.45069387555122375,5,5,5,4,1,1,0,1,1
G:\Thesis\MonkSkinTone_Dataset\Segmented_MSTE\subject_7/PXL_20220922_200630624.jpg,4,4,3,1,0.4088155925273895,5,5,5,4,1,1,0,1,1
G:\Thesis\MonkSkinTone_Dataset\Segmented_MSTE\subject_7/PXL_20220922_200627889.jpg,4,4,3,1,0.6410832405090332,7,7,7,6,1,3,0,0,1
G:\Thesis\MonkSkinTone_Dataset\Segmented_MSTE\subject_7/PXL_20220922_200625319.jpg,4,4,3,1,0.37358328700065613,4,4,4,3,1,0,1,1,1
G:\Thesis\MonkSkinTone_Dataset\Segmented_MSTE\subject_7/PXL_20220922_200620775.jpg,4,4,3,1,0.3448568880558014,4,4,4,3,1,0,1,1,1
G:\Thesis\MonkSkinTone_Dataset\Segmented_MSTE\subject_7/PXL_20220922_200618729.jpg,4,4,3,1,0.459789514541626,5,5,5,4,1,1,0,1,1
G:\Thesis\MonkSkinTone_Dataset\Segmented_MSTE\subject_7/PXL_20220922_200615910.jpg,4,4,3,1,0.451154887676239,5,5,5,4,1,1,0,1,1
G:\Thesis\MonkSkinTone_Dataset\Segmented_MSTE\subject_7/PXL_20220922_200613567.jpg,4,4,3,1,0.6402948498725891,7,7,7,6,1,3,0,0,1
G:\Thesis\MonkSkinTone_Dataset\Segmented_MSTE\subject_7/PXL_20220922_200610155.jpg,4,4,3,1,0.3185085356235504,4,4,4,3,1,0,1,1,1
G:\Thesis\MonkSkinTone_Dataset\Segmented_MSTE\subject_7/PXL_20220922_200604281.jpg,4,4,3,1,0.32965871691703796,4,4,4,3,1,0,1,1,1
G:\Thesis\MonkSkinTone_Dataset\Segmented_MSTE\subject_7/PXL_20220922_200601375.jpg,4,4,3,1,0.463760107755661,5,5,5,4,1,1,0,1,1
G:\Thesis\MonkSkinTone_Dataset\Segmented_MSTE\subject_7/PXL_20220922_200559727.jpg,4,4,3,1,0.35497674345970154,4,4,4,3,1,0,1,1,1
G:\Thesis\MonkSkinTone_Dataset\Segmented_MSTE\subject_7/PXL_20220922_200557501.jpg,4,4,3,1,0.33894672989845276,4,4,4,3,1,0,1,1,1
G:\Thesis\MonkSkinTone_Dataset\Segmented_MSTE\subject_7/PXL_20220922_200554422.jpg,4,4,3,1,0.3169882297515869,4,4,4,3,1,0,1,1,1
G:\Thesis\MonkSkinTone_Dataset\Segmented_MSTE\subject_7/PXL_20220922_200552085.jpg,4,4,3,1,0.3913235366344452,5,5,5,4,1,1,0,1,1
G:\Thesis\MonkSkinTone_Dataset\Segmented_MSTE\subject_7/PXL_20220922_200549845.jpg,4,4,3,1,0.33756402134895325,4,4,4,3,1,0,1,1,1
G:\Thesis\MonkSkinTone_Dataset\Segmented_MSTE\subject_7/PXL_20220922_200547755.jpg,4,4,3,1,0.4305981397628784,5,5,5,4,1,1,0,1,1
G:\Thesis\MonkSkinTone_Dataset\Segmented_MSTE\subject_7/PXL_20220922_200545171.jpg,4,4,3,1,0.3009657561779022,4,4,4,3,1,0,1,1,1
G:\Thesis\MonkSkinTone_Dataset\Segmented_MSTE\subject_7/PXL_20220922_200543167.jpg,4,4,3,1,0.3308056890964508,4,4,4,3,1,0,1,1,1
G:\Thesis\MonkSkinTone_Dataset\Segmented_MSTE\subject_7/PXL_20220922_200529265.jpg,4,4,3,1,0.3982173204421997,5,5,5,4,1,1,0,1,1
G:\Thesis\MonkSkinTone_Dataset\Segmented_MSTE\subject_7/PXL_20220922_200527926.jpg,4,4,3,1,0.3586113452911377,4,4,4,3,1,0,1,1,1
G:\Thesis\MonkSkinTone_Dataset\Segmented_MSTE\subject_7/PXL_20220922_200526574.jpg,4,4,3,1,0.47262489795684814,5,5,5,4,1,1,0,1,1
G:\Thesis\MonkSkinTone_Dataset\Segmented_MSTE\subject_7/PXL_20220922_200522557.jpg,4,4,3,1,0.342469722032547,4,4,4,3,1,0,1,1,1
G:\Thesis\MonkSkinTone_Dataset\Segmented_MSTE\subject_7/PXL_20220922_200519022.jpg,4,4,3,1,0.4932699501514435,5,5,5,4,1,1,0,1,1
G:\Thesis\MonkSkinTone_Dataset\Segmented_MSTE\subject_7/PXL_20220922_200517814.jpg,4,4,3,1,0.5189377069473267,6,6,6,5,1,2,0,0,1
G:\Thesis\MonkSkinTone_Dataset\Segmented_MSTE\subject_7/PXL_20220922_200516243.jpg,4,4,3,1,0.5977008938789368,6,6,6,5,1,2,0,0,1
G:\Thesis\MonkSkinTone_Dataset\Segmented_MSTE\subject_7/PXL_20220922_200514458.jpg,4,4,3,1,0.549851655960083,6,6,6,5,1,2,0,0,1
G:\Thesis\MonkSkinTone_Dataset\Segmented_MSTE\subject_7/PXL_20220922_200512276.jpg,4,4,3,1,0.40659666061401367,5,5,5,4,1,1,0,1,1
G:\Thesis\MonkSkinTone_Dataset\Segmented_MSTE\subject_7/PXL_20220922_200503926.jpg,4,4,3,1,0.36203789710998535,4,4,4,3,1,0,1,1,1
G:\Thesis\MonkSkinTone_Dataset\Segmented_MSTE\subject_7/PXL_20220922_200502809.jpg,4,4,3,1,0.47094279527664185,5,5,5,4,1,1,0,1,1
G:\Thesis\MonkSkinTone_Dataset\Segmented_MSTE\subject_7/PXL_20220922_200501406.jpg,4,4,3,1,0.4901883006095886,5,5,5,4,1,1,0,1,1
G:\Thesis\MonkSkinTone_Dataset\Segmented_MSTE\subject_7/PXL_20220922_200459788.jpg,4,4,3,1,0.608772337436676,6,6,6,5,1,2,0,0,1
G:\Thesis\MonkSkinTone_Dataset\Segmented_MSTE\subject_7/PXL_20220922_200457952.jpg,4,4,3,1,0.4681040346622467,5,5,5,4,1,1,0,1,1
G:\Thesis\MonkSkinTone_Dataset\Segmented_MSTE\subject_7/PXL_20220922_200455601.jpg,4,4,3,1,0.4382299482822418,5,5,5,4,1,1,0,1,1
G:\Thesis\MonkSkinTone_Dataset\Segmented_MSTE\subject_7/PXL_20220922_200453652.jpg,4,4,3,1,0.4015718698501587,5,5,5,4,1,1,0,1,1
G:\Thesis\MonkSkinTone_Dataset\Segmented_MSTE\subject_7/PXL_20220922_200451627.jpg,4,4,3,1,0.42594942450523376,5,5,5,4,1,1,0,1,1
G:\Thesis\MonkSkinTone_Dataset\Segmented_MSTE\subject_7/PXL_20220922_200448892.jpg,4,4,3,1,0.6487439274787903,7,7,7,6,1,3,0,0,1
G:\Thesis\MonkSkinTone_Dataset\Segmented_MSTE\subject_6/PXL_20220922_141458544.PORTRAIT.jpg,5,5,4,1,0.44794392585754395,5,5,5,4,1,0,1,1,1
G:\Thesis\MonkSkinTone_Dataset\Segmented_MSTE\subject_6/PXL_20220922_142317969.PORTRAIT.jpg,5,5,4,1,0.3323550820350647,4,4,4,3,1,1,0,1,1
G:\Thesis\MonkSkinTone_Dataset\Segmented_MSTE\subject_6/PXL_20220922_142314137.PORTRAIT.jpg,5,5,4,1,0.2811838686466217,4,4,4,3,1,1,0,1,1
G:\Thesis\MonkSkinTone_Dataset\Segmented_MSTE\subject_6/PXL_20220922_142309716.PORTRAIT.jpg,5,5,4,1,0.43846815824508667,5,5,5,4,1,0,1,1,1
G:\Thesis\MonkSkinTone_Dataset\Segmented_MSTE\subject_6/PXL_20220922_142308221.PORTRAIT.jpg,5,5,4,1,0.4205971360206604,5,5,5,4,1,0,1,1,1
G:\Thesis\MonkSkinTone_Dataset\Segmented_MSTE\subject_6/PXL_20220922_142306737.PORTRAIT.jpg,5,5,4,1,0.439225971698761,5,5,5,4,1,0,1,1,1
G:\Thesis\MonkSkinTone_Dataset\Segmented_MSTE\subject_6/PXL_20220922_142259877.PORTRAIT.jpg,5,5,4,1,0.31368523836135864,4,4,4,3,1,1,0,1,1
G:\Thesis\MonkSkinTone_Dataset\Segmented_MSTE\subject_6/PXL_20220922_142256912.PORTRAIT.jpg,5,5,4,1,0.33877021074295044,4,4,4,3,1,1,0,1,1
G:\Thesis\MonkSkinTone_Dataset\Segmented_MSTE\subject_6/PXL_20220922_142255593.PORTRAIT.jpg,5,5,4,1,0.31142207980155945,4,4,4,3,1,1,0,1,1
G:\Thesis\MonkSkinTone_Dataset\Segmented_MSTE\subject_6/PXL_20220922_142254164.PORTRAIT.jpg,5,5,4,1,0.4160202741622925,5,5,5,4,1,0,1,1,1
G:\Thesis\MonkSkinTone_Dataset\Segmented_MSTE\subject_6/PXL_20220922_142251582.PORTRAIT.jpg,5,5,4,1,0.350366473197937,4,4,4,3,1,1,0,1,1
G:\Thesis\MonkSkinTone_Dataset\Segmented_MSTE\subject_6/PXL_20220922_142247360.PORTRAIT.jpg,5,5,4,1,0.3655974268913269,4,4,4,3,1,1,0,1,1
G:\Thesis\MonkSkinTone_Dataset\Segmented_MSTE\subject_6/PXL_20220922_142245552.PORTRAIT.jpg,5,5,4,1,0.3385683596134186,4,4,4,3,1,1,0,1,1
G:\Thesis\MonkSkinTone_Dataset\Segmented_MSTE\subject_6/PXL_20220922_142243136.PORTRAIT.jpg,5,5,4,1,0.3990775942802429,5,5,5,4,1,0,1,1,1
G:\Thesis\MonkSkinTone_Dataset\Segmented_MSTE\subject_6/PXL_20220922_142240665.PORTRAIT.jpg,5,5,4,1,0.3282366991043091,4,4,4,3,1,1,0,1,1
G:\Thesis\MonkSkinTone_Dataset\Segmented_MSTE\subject_6/PXL_20220922_142237800.PORTRAIT.jpg,5,5,4,1,0.3041677474975586,4,4,4,3,1,1,0,1,1
G:\Thesis\MonkSkinTone_Dataset\Segmented_MSTE\subject_6/PXL_20220922_142200222.jpg,5,5,4,1,0.392884761095047,5,5,5,4,1,0,1,1,1
G:\Thesis\MonkSkinTone_Dataset\Segmented_MSTE\subject_6/PXL_20220922_142157924.jpg,5,5,4,1,0.44478341937065125,5,5,5,4,1,0,1,1,1
G:\Thesis\MonkSkinTone_Dataset\Segmented_MSTE\subject_6/PXL_20220922_142156487.jpg,5,5,4,1,0.40106022357940674,5,5,5,4,1,0,1,1,1
G:\Thesis\MonkSkinTone_Dataset\Segmented_MSTE\subject_6/PXL_20220922_142155246.jpg,5,5,4,1,0.6108553409576416,6,6,6,5,1,1,0,1,1
G:\Thesis\MonkSkinTone_Dataset\Segmented_MSTE\subject_6/PXL_20220922_142153214.jpg,5,5,4,1,0.2797466814517975,4,4,4,3,1,1,0,1,1
G:\Thesis\MonkSkinTone_Dataset\Segmented_MSTE\subject_6/PXL_20220922_142151943.jpg,5,5,4,1,0.2888728380203247,4,4,4,3,1,1,0,1,1
G:\Thesis\MonkSkinTone_Dataset\Segmented_MSTE\subject_6/PXL_20220922_142150811.jpg,5,5,4,1,0.34305790066719055,4,4,4,3,1,1,0,1,1
G:\Thesis\MonkSkinTone_Dataset\Segmented_MSTE\subject_6/PXL_20220922_142149612.jpg,5,5,4,1,0.32055506110191345,4,4,4,3,1,1,0,1,1
G:\Thesis\MonkSkinTone_Dataset\Segmented_MSTE\subject_6/PXL_20220922_142144978.jpg,5,5,4,1,0.46706780791282654,5,5,5,4,1,0,1,1,1
G:\Thesis\MonkSkinTone_Dataset\Segmented_MSTE\subject_6/PXL_20220922_142143256.jpg,5,5,4,1,0.5077563524246216,6,6,6,5,1,1,0,1,1
G:\Thesis\MonkSkinTone_Dataset\Segmented_MSTE\subject_6/PXL_20220922_142141315.jpg,5,5,4,1,0.3436850309371948,4,4,4,3,1,1,0,1,1
G:\Thesis\MonkSkinTone_Dataset\Segmented_MSTE\subject_6/PXL_20220922_142133535.jpg,5,5,4,1,0.315406858921051,4,4,4,3,1,1,0,1,1
G:\Thesis\MonkSkinTone_Dataset\Segmented_MSTE\subject_6/PXL_20220922_142122608.jpg,5,5,4,1,0.4572666585445404,5,5,5,4,1,0,1,1,1
G:\Thesis\MonkSkinTone_Dataset\Segmented_MSTE\subject_6/PXL_20220922_142118942.jpg,5,5,4,1,0.35214611887931824,4,4,4,3,1,1,0,1,1
G:\Thesis\MonkSkinTone_Dataset\Segmented_MSTE\subject_6/PXL_20220922_142117383.jpg,5,5,4,1,0.3643966615200043,4,4,4,3,1,1,0,1,1
G:\Thesis\MonkSkinTone_Dataset\Segmented_MSTE\subject_6/PXL_20220922_142115816.jpg,5,5,4,1,0.4108538329601288,5,5,5,4,1,0,1,1,1
G:\Thesis\MonkSkinTone_Dataset\Segmented_MSTE\subject_6/PXL_20220922_142114208.jpg,5,5,4,1,0.3241596221923828,4,4,4,3,1,1,0,1,1
G:\Thesis\MonkSkinTone_Dataset\Segmented_MSTE\subject_6/PXL_20220922_142112641.jpg,5,5,4,1,0.3463444411754608,4,4,4,3,1,1,0,1,1
G:\Thesis\MonkSkinTone_Dataset\Segmented_MSTE\subject_6/PXL_20220922_142111300.jpg,5,5,4,1,0.3267240524291992,4,4,4,3,1,1,0,1,1
G:\Thesis\MonkSkinTone_Dataset\Segmented_MSTE\subject_6/PXL_20220922_142108629.jpg,5,5,4,1,0.27363699674606323,3,3,3,2,0,2,0,0,0
G:\Thesis\MonkSkinTone_Dataset\Segmented_MSTE\subject_6/PXL_20220922_142106716.jpg,5,5,4,1,0.5344837307929993,6,6,6,5,1,1,0,1,1
G:\Thesis\MonkSkinTone_Dataset\Segmented_MSTE\subject_6/PXL_20220922_142105039.jpg,5,5,4,1,0.360766738653183,4,4,4,3,1,1,0,1,1
G:\Thesis\MonkSkinTone_Dataset\Segmented_MSTE\subject_6/PXL_20220922_142103081.jpg,5,5,4,1,0.29028135538101196,4,4,4,3,1,1,0,1,1
G:\Thesis\MonkSkinTone_Dataset\Segmented_MSTE\subject_6/PXL_20220922_142100200.jpg,5,5,4,1,0.48677799105644226,5,5,5,4,1,0,1,1,1
G:\Thesis\MonkSkinTone_Dataset\Segmented_MSTE\subject_6/PXL_20220922_142057251.jpg,5,5,4,1,0.39872312545776367,5,5,5,4,1,0,1,1,1
G:\Thesis\MonkSkinTone_Dataset\Segmented_MSTE\subject_6/PXL_20220922_142041715.PORTRAIT.jpg,5,5,4,1,0.3359639346599579,4,4,4,3,1,1,0,1,1
G:\Thesis\MonkSkinTone_Dataset\Segmented_MSTE\subject_6/PXL_20220922_141840168.PORTRAIT.jpg,5,5,4,1,0.3832024335861206,4,4,4,3,1,1,0,1,1
G:\Thesis\MonkSkinTone_Dataset\Segmented_MSTE\subject_6/PXL_20220922_141836902.PORTRAIT.jpg,5,5,4,1,0.37105706334114075,4,4,4,3,1,1,0,1,1
G:\Thesis\MonkSkinTone_Dataset\Segmented_MSTE\subject_6/PXL_20220922_141835021.PORTRAIT.jpg,5,5,4,1,0.3518909215927124,4,4,4,3,1,1,0,1,1
G:\Thesis\MonkSkinTone_Dataset\Segmented_MSTE\subject_6/PXL_20220922_141831973.PORTRAIT.jpg,5,5,4,1,0.27670204639434814,3,3,3,2,0,2,0,0,0
G:\Thesis\MonkSkinTone_Dataset\Segmented_MSTE\subject_6/PXL_20220922_141826372.PORTRAIT.jpg,5,5,4,1,0.368768572807312,4,4,4,3,1,1,0,1,1
G:\Thesis\MonkSkinTone_Dataset\Segmented_MSTE\subject_6/PXL_20220922_141819690.PORTRAIT.jpg,5,5,4,1,0.2670512795448303,3,3,3,2,0,2,0,0,0
G:\Thesis\MonkSkinTone_Dataset\Segmented_MSTE\subject_6/PXL_20220922_141815198.PORTRAIT.jpg,5,5,4,1,0.465213805437088,5,5,5,4,1,0,1,1,1
G:\Thesis\MonkSkinTone_Dataset\Segmented_MSTE\subject_6/PXL_20220922_141810468.PORTRAIT.jpg,5,5,4,1,0.36279168725013733,4,4,4,3,1,1,0,1,1
G:\Thesis\MonkSkinTone_Dataset\Segmented_MSTE\subject_6/PXL_20220922_141748897.PORTRAIT.jpg,5,5,4,1,0.3199314773082733,4,4,4,3,1,1,0,1,1
G:\Thesis\MonkSkinTone_Dataset\Segmented_MSTE\subject_6/PXL_20220922_141746988.PORTRAIT.jpg,5,5,4,1,0.3591959774494171,4,4,4,3,1,1,0,1,1
G:\Thesis\MonkSkinTone_Dataset\Segmented_MSTE\subject_6/PXL_20220922_141741394.PORTRAIT.jpg,5,5,4,1,0.309262752532959,4,4,4,3,1,1,0,1,1
G:\Thesis\MonkSkinTone_Dataset\Segmented_MSTE\subject_6/PXL_20220922_141737535.PORTRAIT.jpg,5,5,4,1,0.43319687247276306,5,5,5,4,1,0,1,1,1
G:\Thesis\MonkSkinTone_Dataset\Segmented_MSTE\subject_6/PXL_20220922_141733560.PORTRAIT.jpg,5,5,4,1,0.48591944575309753,5,5,5,4,1,0,1,1,1
G:\Thesis\MonkSkinTone_Dataset\Segmented_MSTE\subject_6/PXL_20220922_141729618.PORTRAIT.jpg,5,5,4,1,0.45394167304039,5,5,5,4,1,0,1,1,1
G:\Thesis\MonkSkinTone_Dataset\Segmented_MSTE\subject_6/PXL_20220922_141724943.PORTRAIT.jpg,5,5,4,1,0.3181754946708679,4,4,4,3,1,1,0,1,1
G:\Thesis\MonkSkinTone_Dataset\Segmented_MSTE\subject_6/PXL_20220922_141639932.jpg,5,5,4,1,0.38347992300987244,4,4,4,3,1,1,0,1,1
G:\Thesis\MonkSkinTone_Dataset\Segmented_MSTE\subject_6/PXL_20220922_141635391.jpg,5,5,4,1,0.3268287181854248,4,4,4,3,1,1,0,1,1
G:\Thesis\MonkSkinTone_Dataset\Segmented_MSTE\subject_6/PXL_20220922_141632698.jpg,5,5,4,1,0.41983890533447266,5,5,5,4,1,0,1,1,1
G:\Thesis\MonkSkinTone_Dataset\Segmented_MSTE\subject_6/PXL_20220922_141625961.jpg,5,5,4,1,0.308878630399704,4,4,4,3,1,1,0,1,1
G:\Thesis\MonkSkinTone_Dataset\Segmented_MSTE\subject_6/PXL_20220922_141619931.jpg,5,5,4,1,0.4883992671966553,5,5,5,4,1,0,1,1,1
G:\Thesis\MonkSkinTone_Dataset\Segmented_MSTE\subject_6/PXL_20220922_141605392.jpg,5,5,4,1,0.4063151478767395,5,5,5,4,1,0,1,1,1
G:\Thesis\MonkSkinTone_Dataset\Segmented_MSTE\subject_6/PXL_20220922_141526293.jpg,5,5,4,1,0.3736149072647095,4,4,4,3,1,1,0,1,1
G:\Thesis\MonkSkinTone_Dataset\Segmented_MSTE\subject_6/PXL_20220922_141525030.jpg,5,5,4,1,0.4310941696166992,5,5,5,4,1,0,1,1,1
G:\Thesis\MonkSkinTone_Dataset\Segmented_MSTE\subject_6/PXL_20220922_141523144.jpg,5,5,4,1,0.47803953289985657,5,5,5,4,1,0,1,1,1
G:\Thesis\MonkSkinTone_Dataset\Segmented_MSTE\subject_6/PXL_20220922_141521292.jpg,5,5,4,1,0.36030325293540955,4,4,4,3,1,1,0,1,1
G:\Thesis\MonkSkinTone_Dataset\Segmented_MSTE\subject_6/PXL_20220922_141519820.jpg,5,5,4,1,0.41171562671661377,5,5,5,4,1,0,1,1,1
G:\Thesis\MonkSkinTone_Dataset\Segmented_MSTE\subject_6/PXL_20220922_141513523.PORTRAIT.jpg,5,5,4,1,0.440093070268631,5,5,5,4,1,0,1,1,1
G:\Thesis\MonkSkinTone_Dataset\Segmented_MSTE\subject_6/PXL_20220922_141511755.PORTRAIT.jpg,5,5,4,1,0.5473310947418213,6,6,6,5,1,1,0,1,1
G:\Thesis\MonkSkinTone_Dataset\Segmented_MSTE\subject_6/PXL_20220922_141509803.PORTRAIT.jpg,5,5,4,1,0.5071985721588135,6,6,6,5,1,1,0,1,1
G:\Thesis\MonkSkinTone_Dataset\Segmented_MSTE\subject_6/PXL_20220922_141507384.PORTRAIT.jpg,5,5,4,1,0.39991074800491333,5,5,5,4,1,0,1,1,1
G:\Thesis\MonkSkinTone_Dataset\Segmented_MSTE\subject_6/PXL_20220922_141501094.PORTRAIT.jpg,5,5,4,1,0.3902600109577179,5,5,5,4,1,0,1,1,1
G:\Thesis\MonkSkinTone_Dataset\Segmented_MSTE\subject_5/PXL_20220922_142413482.jpg,7,7,6,1,0.36672523617744446,4,4,4,3,1,3,0,0,1
G:\Thesis\MonkSkinTone_Dataset\Segmented_MSTE\subject_5/PXL_20220922_143253414.jpg,7,7,6,1,0.5566892623901367,6,6,6,5,1,1,0,1,1
G:\Thesis\MonkSkinTone_Dataset\Segmented_MSTE\subject_5/PXL_20220922_143251719.jpg,7,7,6,1,0.335443377494812,4,4,4,3,1,3,0,0,1
G:\Thesis\MonkSkinTone_Dataset\Segmented_MSTE\subject_5/PXL_20220922_143246772.jpg,7,7,6,1,0.3713058829307556,4,4,4,3,1,3,0,0,1
G:\Thesis\MonkSkinTone_Dataset\Segmented_MSTE\subject_5/PXL_20220922_143242506.jpg,7,7,6,1,0.3747665584087372,4,4,4,3,1,3,0,0,1
G:\Thesis\MonkSkinTone_Dataset\Segmented_MSTE\subject_5/PXL_20220922_143240755.jpg,7,7,6,1,0.3309863209724426,4,4,4,3,1,3,0,0,1
G:\Thesis\MonkSkinTone_Dataset\Segmented_MSTE\subject_5/PXL_20220922_143237153.jpg,7,7,6,1,0.3897571861743927,5,5,5,4,1,2,0,0,1
G:\Thesis\MonkSkinTone_Dataset\Segmented_MSTE\subject_5/PXL_20220922_143235452.jpg,7,7,6,1,0.28646114468574524,4,4,4,3,1,3,0,0,1
G:\Thesis\MonkSkinTone_Dataset\Segmented_MSTE\subject_5/PXL_20220922_143231854.jpg,7,7,6,1,0.384366512298584,4,4,4,3,1,3,0,0,1
G:\Thesis\MonkSkinTone_Dataset\Segmented_MSTE\subject_5/PXL_20220922_143230097.jpg,7,7,6,1,0.3213910162448883,4,4,4,3,1,3,0,0,1
G:\Thesis\MonkSkinTone_Dataset\Segmented_MSTE\subject_5/PXL_20220922_143139165.PORTRAIT.jpg,7,7,6,1,0.4471338391304016,5,5,5,4,1,2,0,0,1
G:\Thesis\MonkSkinTone_Dataset\Segmented_MSTE\subject_5/PXL_20220922_143135399.PORTRAIT.jpg,7,7,6,1,0.3952457010746002,5,5,5,4,1,2,0,0,1
G:\Thesis\MonkSkinTone_Dataset\Segmented_MSTE\subject_5/PXL_20220922_143131100.PORTRAIT.jpg,7,7,6,1,0.442421019077301,5,5,5,4,1,2,0,0,1
G:\Thesis\MonkSkinTone_Dataset\Segmented_MSTE\subject_5/PXL_20220922_143127979.PORTRAIT.jpg,7,7,6,1,0.5276375412940979,6,6,6,5,1,1,0,1,1
G:\Thesis\MonkSkinTone_Dataset\Segmented_MSTE\subject_5/PXL_20220922_143125596.PORTRAIT.jpg,7,7,6,1,0.6129605174064636,7,7,7,6,1,0,1,1,1
G:\Thesis\MonkSkinTone_Dataset\Segmented_MSTE\subject_5/PXL_20220922_143123699.PORTRAIT.jpg,7,7,6,1,0.5753781795501709,6,6,6,5,1,1,0,1,1
G:\Thesis\MonkSkinTone_Dataset\Segmented_MSTE\subject_5/PXL_20220922_143120425.PORTRAIT.jpg,7,7,6,1,0.48537370562553406,5,5,5,4,1,2,0,0,1
G:\Thesis\MonkSkinTone_Dataset\Segmented_MSTE\subject_5/PXL_20220922_143113267.PORTRAIT.jpg,7,7,6,1,0.4914340376853943,5,5,5,4,1,2,0,0,1
G:\Thesis\MonkSkinTone_Dataset\Segmented_MSTE\subject_5/PXL_20220922_143106968.PORTRAIT.jpg,7,7,6,1,0.5130702257156372,6,6,6,5,1,1,0,1,1
G:\Thesis\MonkSkinTone_Dataset\Segmented_MSTE\subject_5/PXL_20220922_143105119.PORTRAIT.jpg,7,7,6,1,0.6445660591125488,7,7,7,6,1,0,1,1,1
G:\Thesis\MonkSkinTone_Dataset\Segmented_MSTE\subject_5/PXL_20220922_143104500.PORTRAIT.jpg,7,7,6,1,0.6088398098945618,6,6,6,5,1,1,0,1,1
G:\Thesis\MonkSkinTone_Dataset\Segmented_MSTE\subject_5/PXL_20220922_143103818.PORTRAIT.jpg,7,7,6,1,0.40503889322280884,5,5,5,4,1,2,0,0,1
G:\Thesis\MonkSkinTone_Dataset\Segmented_MSTE\subject_5/PXL_20220922_143101662.PORTRAIT.jpg,7,7,6,1,0.5446488857269287,6,6,6,5,1,1,0,1,1
G:\Thesis\MonkSkinTone_Dataset\Segmented_MSTE\subject_5/PXL_20220922_143059150.PORTRAIT.jpg,7,7,6,1,0.4496948719024658,5,5,5,4,1,2,0,0,1
G:\Thesis\MonkSkinTone_Dataset\Segmented_MSTE\subject_5/PXL_20220922_143056845.PORTRAIT.jpg,7,7,6,1,0.7613556981086731,8,8,8,7,2,1,0,1,0
G:\Thesis\MonkSkinTone_Dataset\Segmented_MSTE\subject_5/PXL_20220922_143053867.PORTRAIT.jpg,7,7,6,1,0.4266970455646515,5,5,5,4,1,2,0,0,1
G:\Thesis\MonkSkinTone_Dataset\Segmented_MSTE\subject_5/PXL_20220922_143052145.PORTRAIT.jpg,7,7,6,1,0.6737167835235596,7,7,7,6,1,0,1,1,1
G:\Thesis\MonkSkinTone_Dataset\Segmented_MSTE\subject_5/PXL_20220922_143049258.PORTRAIT.jpg,7,7,6,1,0.35914140939712524,4,4,4,3,1,3,0,0,1
G:\Thesis\MonkSkinTone_Dataset\Segmented_MSTE\subject_5/PXL_20220922_143043606.PORTRAIT.jpg,7,7,6,1,0.7072323560714722,7,7,7,6,1,0,1,1,1
G:\Thesis\MonkSkinTone_Dataset\Segmented_MSTE\subject_5/PXL_20220922_143012499.jpg,7,7,6,1,0.4720647633075714,5,5,5,4,1,2,0,0,1
G:\Thesis\MonkSkinTone_Dataset\Segmented_MSTE\subject_5/PXL_20220922_143007783.jpg,7,7,6,1,0.5169524550437927,6,6,6,5,1,1,0,1,1
G:\Thesis\MonkSkinTone_Dataset\Segmented_MSTE\subject_5/PXL_20220922_143005748.jpg,7,7,6,1,0.44765233993530273,5,5,5,4,1,2,0,0,1
G:\Thesis\MonkSkinTone_Dataset\Segmented_MSTE\subject_5/PXL_20220922_143004581.jpg,7,7,6,1,0.4765676259994507,5,5,5,4,1,2,0,0,1
G:\Thesis\MonkSkinTone_Dataset\Segmented_MSTE\subject_5/PXL_20220922_143002045.jpg,7,7,6,1,0.6631567478179932,7,7,7,6,1,0,1,1,1
G:\Thesis\MonkSkinTone_Dataset\Segmented_MSTE\subject_5/PXL_20220922_142957675.jpg,7,7,6,1,0.5980813503265381,6,6,6,5,1,1,0,1,1
G:\Thesis\MonkSkinTone_Dataset\Segmented_MSTE\subject_5/PXL_20220922_142954990.jpg,7,7,6,1,0.29905909299850464,4,4,4,3,1,3,0,0,1
G:\Thesis\MonkSkinTone_Dataset\Segmented_MSTE\subject_5/PXL_20220922_142951972.jpg,7,7,6,1,0.4518597424030304,5,5,5,4,1,2,0,0,1
G:\Thesis\MonkSkinTone_Dataset\Segmented_MSTE\subject_5/PXL_20220922_142949592.jpg,7,7,6,1,0.5791014432907104,6,6,6,5,1,1,0,1,1
G:\Thesis\MonkSkinTone_Dataset\Segmented_MSTE\subject_5/PXL_20220922_142945886.jpg,7,7,6,1,0.29892629384994507,4,4,4,3,1,3,0,0,1
G:\Thesis\MonkSkinTone_Dataset\Segmented_MSTE\subject_5/PXL_20220922_142944757.jpg,7,7,6,1,0.5093445181846619,6,6,6,5,1,1,0,1,1
G:\Thesis\MonkSkinTone_Dataset\Segmented_MSTE\subject_5/PXL_20220922_142940931.jpg,7,7,6,1,0.351315438747406,4,4,4,3,1,3,0,0,1
G:\Thesis\MonkSkinTone_Dataset\Segmented_MSTE\subject_5/PXL_20220922_142939817.jpg,7,7,6,1,0.4133301079273224,5,5,5,4,1,2,0,0,1
G:\Thesis\MonkSkinTone_Dataset\Segmented_MSTE\subject_5/PXL_20220922_142934607.jpg,7,7,6,1,0.5557922720909119,6,6,6,5,1,1,0,1,1
G:\Thesis\MonkSkinTone_Dataset\Segmented_MSTE\subject_5/PXL_20220922_142933626.jpg,7,7,6,1,0.5125718116760254,6,6,6,5,1,1,0,1,1
G:\Thesis\MonkSkinTone_Dataset\Segmented_MSTE\subject_5/PXL_20220922_142921035.jpg,7,7,6,1,0.5150520205497742,6,6,6,5,1,1,0,1,1
G:\Thesis\MonkSkinTone_Dataset\Segmented_MSTE\subject_5/PXL_20220922_142917997.jpg,7,7,6,1,0.5963767766952515,6,6,6,5,1,1,0,1,1
G:\Thesis\MonkSkinTone_Dataset\Segmented_MSTE\subject_5/PXL_20220922_142614750.PORTRAIT.jpg,7,7,6,1,0.5677124857902527,6,6,6,5,1,1,0,1,1
G:\Thesis\MonkSkinTone_Dataset\Segmented_MSTE\subject_5/PXL_20220922_142612462.PORTRAIT.jpg,7,7,6,1,0.38266319036483765,4,4,4,3,1,3,0,0,1
G:\Thesis\MonkSkinTone_Dataset\Segmented_MSTE\subject_5/PXL_20220922_142608903.PORTRAIT.jpg,7,7,6,1,0.37886378169059753,4,4,4,3,1,3,0,0,1
G:\Thesis\MonkSkinTone_Dataset\Segmented_MSTE\subject_5/PXL_20220922_142606244.PORTRAIT.jpg,7,7,6,1,0.431068480014801,5,5,5,4,1,2,0,0,1
G:\Thesis\MonkSkinTone_Dataset\Segmented_MSTE\subject_5/PXL_20220922_142600816.PORTRAIT.jpg,7,7,6,1,0.736735463142395,8,8,8,7,2,1,0,1,0
G:\Thesis\MonkSkinTone_Dataset\Segmented_MSTE\subject_5/PXL_20220922_142553004.PORTRAIT.jpg,7,7,6,1,0.3866853415966034,4,4,4,3,1,3,0,0,1
G:\Thesis\MonkSkinTone_Dataset\Segmented_MSTE\subject_5/PXL_20220922_142550791.PORTRAIT.jpg,7,7,6,1,0.6915810108184814,7,7,7,6,1,0,1,1,1
G:\Thesis\MonkSkinTone_Dataset\Segmented_MSTE\subject_5/PXL_20220922_142548472.PORTRAIT.jpg,7,7,6,1,0.3237488865852356,4,4,4,3,1,3,0,0,1
G:\Thesis\MonkSkinTone_Dataset\Segmented_MSTE\subject_5/PXL_20220922_142545872.PORTRAIT.jpg,7,7,6,1,0.40105119347572327,5,5,5,4,1,2,0,0,1
G:\Thesis\MonkSkinTone_Dataset\Segmented_MSTE\subject_5/PXL_20220922_142543353.PORTRAIT.jpg,7,7,6,1,0.4896250069141388,5,5,5,4,1,2,0,0,1
G:\Thesis\MonkSkinTone_Dataset\Segmented_MSTE\subject_5/PXL_20220922_142537968.PORTRAIT.jpg,7,7,6,1,0.4574747383594513,5,5,5,4,1,2,0,0,1
G:\Thesis\MonkSkinTone_Dataset\Segmented_MSTE\subject_5/PXL_20220922_142535244.PORTRAIT.jpg,7,7,6,1,0.5213177800178528,6,6,6,5,1,1,0,1,1
G:\Thesis\MonkSkinTone_Dataset\Segmented_MSTE\subject_5/PXL_20220922_142529483.PORTRAIT.jpg,7,7,6,1,0.5148890018463135,6,6,6,5,1,1,0,1,1
G:\Thesis\MonkSkinTone_Dataset\Segmented_MSTE\subject_5/PXL_20220922_142527736.PORTRAIT.jpg,7,7,6,1,0.281705379486084,4,4,4,3,1,3,0,0,1
G:\Thesis\MonkSkinTone_Dataset\Segmented_MSTE\subject_5/PXL_20220922_142525560.PORTRAIT.jpg,7,7,6,1,0.305620402097702,4,4,4,3,1,3,0,0,1
G:\Thesis\MonkSkinTone_Dataset\Segmented_MSTE\subject_5/PXL_20220922_142523136.PORTRAIT.jpg,7,7,6,1,0.42565613985061646,5,5,5,4,1,2,0,0,1
G:\Thesis\MonkSkinTone_Dataset\Segmented_MSTE\subject_5/PXL_20220922_142517538.PORTRAIT.jpg,7,7,6,1,0.3507062792778015,4,4,4,3,1,3,0,0,1
G:\Thesis\MonkSkinTone_Dataset\Segmented_MSTE\subject_5/PXL_20220922_142514092.PORTRAIT.jpg,7,7,6,1,0.5277312397956848,6,6,6,5,1,1,0,1,1
G:\Thesis\MonkSkinTone_Dataset\Segmented_MSTE\subject_5/PXL_20220922_142420818.jpg,7,7,6,1,0.4586862325668335,5,5,5,4,1,2,0,0,1
G:\Thesis\MonkSkinTone_Dataset\Segmented_MSTE\subject_4/PXL_20220922_162431213.jpg,9,9,8,2,0.5434922575950623,6,6,6,5,1,3,0,0,0
G:\Thesis\MonkSkinTone_Dataset\Segmented_MSTE\subject_4/PXL_20220922_162429314.jpg,9,9,8,2,0.7242615818977356,8,8,8,7,2,1,0,1,1
G:\Thesis\MonkSkinTone_Dataset\Segmented_MSTE\subject_4/PXL_20220922_162427303.jpg,9,9,8,2,0.3908962905406952,5,5,5,4,1,4,0,0,0
G:\Thesis\MonkSkinTone_Dataset\Segmented_MSTE\subject_4/PXL_20220922_162425765.jpg,9,9,8,2,0.6995571255683899,7,7,7,6,1,2,0,0,0
G:\Thesis\MonkSkinTone_Dataset\Segmented_MSTE\subject_4/PXL_20220922_162424266.jpg,9,9,8,2,0.5540967583656311,6,6,6,5,1,3,0,0,0
G:\Thesis\MonkSkinTone_Dataset\Segmented_MSTE\subject_4/PXL_20220922_162421385.jpg,9,9,8,2,0.35522276163101196,4,4,4,3,1,5,0,0,0
G:\Thesis\MonkSkinTone_Dataset\Segmented_MSTE\subject_4/PXL_20220922_162419201.jpg,9,9,8,2,0.49365904927253723,5,5,5,4,1,4,0,0,0
G:\Thesis\MonkSkinTone_Dataset\Segmented_MSTE\subject_4/PXL_20220922_162417511.jpg,9,9,8,2,0.5175638198852539,6,6,6,5,1,3,0,0,0
G:\Thesis\MonkSkinTone_Dataset\Segmented_MSTE\subject_4/PXL_20220922_162409257.jpg,9,9,8,2,0.6069595217704773,6,6,6,5,1,3,0,0,0
G:\Thesis\MonkSkinTone_Dataset\Segmented_MSTE\subject_4/PXL_20220922_162407706.jpg,9,9,8,2,0.740268886089325,8,8,8,7,2,1,0,1,1
G:\Thesis\MonkSkinTone_Dataset\Segmented_MSTE\subject_4/PXL_20220922_162406276.jpg,9,9,8,2,0.5047494173049927,6,6,6,5,1,3,0,0,0
G:\Thesis\MonkSkinTone_Dataset\Segmented_MSTE\subject_4/PXL_20220922_162404766.jpg,9,9,8,2,0.48122239112854004,5,5,5,4,1,4,0,0,0
G:\Thesis\MonkSkinTone_Dataset\Segmented_MSTE\subject_4/PXL_20220922_162403198.jpg,9,9,8,2,0.6959282755851746,7,7,7,6,1,2,0,0,0
G:\Thesis\MonkSkinTone_Dataset\Segmented_MSTE\subject_4/PXL_20220922_162401809.jpg,9,9,8,2,0.6169221997261047,7,7,7,6,1,2,0,0,0
G:\Thesis\MonkSkinTone_Dataset\Segmented_MSTE\subject_4/PXL_20220922_162359800.jpg,9,9,8,2,0.5262370109558105,6,6,6,5,1,3,0,0,0
G:\Thesis\MonkSkinTone_Dataset\Segmented_MSTE\subject_4/PXL_20220922_162358077.jpg,9,9,8,2,0.772003173828125,8,8,8,7,2,1,0,1,1
G:\Thesis\MonkSkinTone_Dataset\Segmented_MSTE\subject_4/PXL_20220922_162356543.jpg,9,9,8,2,0.4677993655204773,5,5,5,4,1,4,0,0,0
G:\Thesis\MonkSkinTone_Dataset\Segmented_MSTE\subject_4/PXL_20220922_162354569.jpg,9,9,8,2,0.7220187187194824,7,7,7,6,1,2,0,0,0
G:\Thesis\MonkSkinTone_Dataset\Segmented_MSTE\subject_4/PXL_20220922_162353104.jpg,9,9,8,2,0.6607668399810791,7,7,7,6,1,2,0,0,0
G:\Thesis\MonkSkinTone_Dataset\Segmented_MSTE\subject_4/PXL_20220922_162310859.jpg,9,9,8,2,0.478401780128479,5,5,5,4,1,4,0,0,0
G:\Thesis\MonkSkinTone_Dataset\Segmented_MSTE\subject_4/PXL_20220922_162308948.jpg,9,9,8,2,0.4240831434726715,5,5,5,4,1,4,0,0,0
G:\Thesis\MonkSkinTone_Dataset\Segmented_MSTE\subject_4/PXL_20220922_162307441.jpg,9,9,8,2,0.3814437985420227,4,4,4,3,1,5,0,0,0
G:\Thesis\MonkSkinTone_Dataset\Segmented_MSTE\subject_4/PXL_20220922_162306073.jpg,9,9,8,2,0.6273258924484253,7,7,7,6,1,2,0,0,0
G:\Thesis\MonkSkinTone_Dataset\Segmented_MSTE\subject_4/PXL_20220922_162304847.jpg,9,9,8,2,0.7118690013885498,7,7,7,6,1,2,0,0,0
G:\Thesis\MonkSkinTone_Dataset\Segmented_MSTE\subject_4/PXL_20220922_162301039.jpg,9,9,8,2,0.724773645401001,8,8,8,7,2,1,0,1,1
G:\Thesis\MonkSkinTone_Dataset\Segmented_MSTE\subject_4/PXL_20220922_162258202.jpg,9,9,8,2,0.5238297581672668,6,6,6,5,1,3,0,0,0
G:\Thesis\MonkSkinTone_Dataset\Segmented_MSTE\subject_4/PXL_20220922_162255438.jpg,9,9,8,2,0.5097021460533142,6,6,6,5,1,3,0,0,0
G:\Thesis\MonkSkinTone_Dataset\Segmented_MSTE\subject_4/PXL_20220922_162253802.jpg,9,9,8,2,0.8188353776931763,8,8,8,7,2,1,0,1,1
G:\Thesis\MonkSkinTone_Dataset\Segmented_MSTE\subject_4/PXL_20220922_162251832.jpg,9,9,8,2,0.5571655631065369,6,6,6,5,1,3,0,0,0
G:\Thesis\MonkSkinTone_Dataset\Segmented_MSTE\subject_4/PXL_20220922_162227851.jpg,9,9,8,2,0.6529467701911926,7,7,7,6,1,2,0,0,0
G:\Thesis\MonkSkinTone_Dataset\Segmented_MSTE\subject_4/PXL_20220922_162222156.jpg,9,9,8,2,0.49789708852767944,5,5,5,4,1,4,0,0,0
G:\Thesis\MonkSkinTone_Dataset\Segmented_MSTE\subject_4/PXL_20220922_162134005.jpg,9,9,8,2,0.428397536277771,5,5,5,4,1,4,0,0,0
G:\Thesis\MonkSkinTone_Dataset\Segmented_MSTE\subject_4/PXL_20220922_162132188.jpg,9,9,8,2,0.541496753692627,6,6,6,5,1,3,0,0,0
G:\Thesis\MonkSkinTone_Dataset\Segmented_MSTE\subject_4/PXL_20220922_162129053.jpg,9,9,8,2,0.41844820976257324,5,5,5,4,1,4,0,0,0
G:\Thesis\MonkSkinTone_Dataset\Segmented_MSTE\subject_4/PXL_20220922_162127092.jpg,9,9,8,2,0.43842586874961853,5,5,5,4,1,4,0,0,0
G:\Thesis\MonkSkinTone_Dataset\Segmented_MSTE\subject_4/PXL_20220922_162124839.jpg,9,9,8,2,0.4409305155277252,5,5,5,4,1,4,0,0,0
G:\Thesis\MonkSkinTone_Dataset\Segmented_MSTE\subject_4/PXL_20220922_162123739.jpg,9,9,8,2,0.43864306807518005,5,5,5,4,1,4,0,0,0
G:\Thesis\MonkSkinTone_Dataset\Segmented_MSTE\subject_4/PXL_20220922_162120829.jpg,9,9,8,2,0.5273197293281555,6,6,6,5,1,3,0,0,0
G:\Thesis\MonkSkinTone_Dataset\Segmented_MSTE\subject_4/PXL_20220922_162119421.jpg,9,9,8,2,0.4042799174785614,5,5,5,4,1,4,0,0,0
G:\Thesis\MonkSkinTone_Dataset\Segmented_MSTE\subject_4/PXL_20220922_162054939.jpg,9,9,8,2,0.7647355794906616,8,8,8,7,2,1,0,1,1
G:\Thesis\MonkSkinTone_Dataset\Segmented_MSTE\subject_4/PXL_20220922_162052907.jpg,9,9,8,2,0.6625599265098572,7,7,7,6,1,2,0,0,0
G:\Thesis\MonkSkinTone_Dataset\Segmented_MSTE\subject_4/PXL_20220922_162051191.jpg,9,9,8,2,0.7241583466529846,8,8,8,7,2,1,0,1,1
G:\Thesis\MonkSkinTone_Dataset\Segmented_MSTE\subject_4/PXL_20220922_162049072.jpg,9,9,8,2,0.6840568780899048,7,7,7,6,1,2,0,0,0
G:\Thesis\MonkSkinTone_Dataset\Segmented_MSTE\subject_4/PXL_20220922_162046872.jpg,9,9,8,2,0.6940109729766846,7,7,7,6,1,2,0,0,0
G:\Thesis\MonkSkinTone_Dataset\Segmented_MSTE\subject_4/PXL_20220922_162041822.jpg,9,9,8,2,0.5998036861419678,6,6,6,5,1,3,0,0,0
G:\Thesis\MonkSkinTone_Dataset\Segmented_MSTE\subject_4/PXL_20220922_162038772.jpg,9,9,8,2,0.7697402238845825,8,8,8,7,2,1,0,1,1
G:\Thesis\MonkSkinTone_Dataset\Segmented_MSTE\subject_4/PXL_20220922_162036806.jpg,9,9,8,2,0.7002689838409424,7,7,7,6,1,2,0,0,0
G:\Thesis\MonkSkinTone_Dataset\Segmented_MSTE\subject_4/PXL_20220922_162034926.jpg,9,9,8,2,0.6484555602073669,7,7,7,6,1,2,0,0,0
G:\Thesis\MonkSkinTone_Dataset\Segmented_MSTE\subject_4/PXL_20220922_162033560.jpg,9,9,8,2,0.5361881852149963,6,6,6,5,1,3,0,0,0
G:\Thesis\MonkSkinTone_Dataset\Segmented_MSTE\subject_4/PXL_20220922_162021956.jpg,9,9,8,2,0.5727114081382751,6,6,6,5,1,3,0,0,0
G:\Thesis\MonkSkinTone_Dataset\Segmented_MSTE\subject_4/PXL_20220922_162020889.jpg,9,9,8,2,0.5184628963470459,6,6,6,5,1,3,0,0,0
G:\Thesis\MonkSkinTone_Dataset\Segmented_MSTE\subject_4/PXL_20220922_162019375.jpg,9,9,8,2,0.7083549499511719,7,7,7,6,1,2,0,0,0
G:\Thesis\MonkSkinTone_Dataset\Segmented_MSTE\subject_4/PXL_20220922_162017610.jpg,9,9,8,2,0.5405698418617249,6,6,6,5,1,3,0,0,0
G:\Thesis\MonkSkinTone_Dataset\Segmented_MSTE\subject_4/PXL_20220922_162015840.jpg,9,9,8,2,0.6730247139930725,7,7,7,6,1,2,0,0,0
G:\Thesis\MonkSkinTone_Dataset\Segmented_MSTE\subject_4/PXL_20220922_161939679.jpg,9,9,8,2,0.5709071159362793,6,6,6,5,1,3,0,0,0
G:\Thesis\MonkSkinTone_Dataset\Segmented_MSTE\subject_4/PXL_20220922_161938180.jpg,9,9,8,2,0.6337124109268188,7,7,7,6,1,2,0,0,0
G:\Thesis\MonkSkinTone_Dataset\Segmented_MSTE\subject_4/PXL_20220922_161934430.jpg,9,9,8,2,0.37206900119781494,4,4,4,3,1,5,0,0,0
G:\Thesis\MonkSkinTone_Dataset\Segmented_MSTE\subject_4/PXL_20220922_161932128.jpg,9,9,8,2,0.5519983172416687,6,6,6,5,1,3,0,0,0
G:\Thesis\MonkSkinTone_Dataset\Segmented_MSTE\subject_4/PXL_20220922_161929477.jpg,9,9,8,2,0.5108097791671753,6,6,6,5,1,3,0,0,0
G:\Thesis\MonkSkinTone_Dataset\Segmented_MSTE\subject_4/PXL_20220922_161927302.jpg,9,9,8,2,0.7491644620895386,8,8,8,7,2,1,0,1,1
G:\Thesis\MonkSkinTone_Dataset\Segmented_MSTE\subject_4/PXL_20220922_161923233.jpg,9,9,8,2,0.6539605259895325,7,7,7,6,1,2,0,0,0
G:\Thesis\MonkSkinTone_Dataset\Segmented_MSTE\subject_4/PXL_20220922_161921427.jpg,9,9,8,2,0.5181530714035034,6,6,6,5,1,3,0,0,0
G:\Thesis\MonkSkinTone_Dataset\Segmented_MSTE\subject_4/PXL_20220922_161917826.jpg,9,9,8,2,0.5915656685829163,6,6,6,5,1,3,0,0,0
G:\Thesis\MonkSkinTone_Dataset\Segmented_MSTE\subject_4/PXL_20220922_161915600.jpg,9,9,8,2,0.6355370283126831,7,7,7,6,1,2,0,0,0
G:\Thesis\MonkSkinTone_Dataset\Segmented_MSTE\subject_4/PXL_20220922_161910023.jpg,9,9,8,2,0.4837050139904022,5,5,5,4,1,4,0,0,0
G:\Thesis\MonkSkinTone_Dataset\Segmented_MSTE\subject_4/PXL_20220922_161908046.jpg,9,9,8,2,0.7018279433250427,7,7,7,6,1,2,0,0,0
G:\Thesis\MonkSkinTone_Dataset\Segmented_MSTE\subject_4/PXL_20220922_161905430.jpg,9,9,8,2,0.6295228004455566,7,7,7,6,1,2,0,0,0
G:\Thesis\MonkSkinTone_Dataset\Segmented_MSTE\subject_4/PXL_20220922_161903530.jpg,9,9,8,2,0.46724966168403625,5,5,5,4,1,4,0,0,0
G:\Thesis\MonkSkinTone_Dataset\Segmented_MSTE\subject_4/PXL_20220922_161859476.jpg,9,9,8,2,0.6635012030601501,7,7,7,6,1,2,0,0,0
G:\Thesis\MonkSkinTone_Dataset\Segmented_MSTE\subject_4/PXL_20220922_161857653.jpg,9,9,8,2,0.6596421003341675,7,7,7,6,1,2,0,0,0
G:\Thesis\MonkSkinTone_Dataset\Segmented_MSTE\subject_3/PXL_20220922_192540568.jpg,6,6,5,1,0.5415511131286621,6,6,6,5,1,0,1,1,1
G:\Thesis\MonkSkinTone_Dataset\Segmented_MSTE\subject_3/PXL_20220922_193528310.jpg,6,6,5,1,0.38851380348205566,4,4,4,3,1,2,0,0,1
G:\Thesis\MonkSkinTone_Dataset\Segmented_MSTE\subject_3/PXL_20220922_193526844.jpg,6,6,5,1,0.5768101215362549,6,6,6,5,1,0,1,1,1
G:\Thesis\MonkSkinTone_Dataset\Segmented_MSTE\subject_3/PXL_20220922_193525366.jpg,6,6,5,1,0.3770052194595337,4,4,4,3,1,2,0,0,1
G:\Thesis\MonkSkinTone_Dataset\Segmented_MSTE\subject_3/PXL_20220922_193523837.jpg,6,6,5,1,0.6518632769584656,7,7,7,6,1,1,0,1,1
G:\Thesis\MonkSkinTone_Dataset\Segmented_MSTE\subject_3/PXL_20220922_193521063.jpg,6,6,5,1,0.4162808954715729,5,5,5,4,1,1,0,1,1
G:\Thesis\MonkSkinTone_Dataset\Segmented_MSTE\subject_3/PXL_20220922_193512595.jpg,6,6,5,1,0.7119860649108887,7,7,7,6,1,1,0,1,1
G:\Thesis\MonkSkinTone_Dataset\Segmented_MSTE\subject_3/PXL_20220922_193511119.jpg,6,6,5,1,0.5976111888885498,6,6,6,5,1,0,1,1,1
G:\Thesis\MonkSkinTone_Dataset\Segmented_MSTE\subject_3/PXL_20220922_193509768.jpg,6,6,5,1,0.6382529139518738,7,7,7,6,1,1,0,1,1
G:\Thesis\MonkSkinTone_Dataset\Segmented_MSTE\subject_3/PXL_20220922_193508077.jpg,6,6,5,1,0.6261995434761047,7,7,7,6,1,1,0,1,1
G:\Thesis\MonkSkinTone_Dataset\Segmented_MSTE\subject_3/PXL_20220922_193506209.jpg,6,6,5,1,0.5046288967132568,6,6,6,5,1,0,1,1,1
G:\Thesis\MonkSkinTone_Dataset\Segmented_MSTE\subject_3/PXL_20220922_193503938.jpg,6,6,5,1,0.5839053988456726,6,6,6,5,1,0,1,1,1
G:\Thesis\MonkSkinTone_Dataset\Segmented_MSTE\subject_3/PXL_20220922_193502239.jpg,6,6,5,1,0.6561583876609802,7,7,7,6,1,1,0,1,1
G:\Thesis\MonkSkinTone_Dataset\Segmented_MSTE\subject_3/PXL_20220922_193500570.jpg,6,6,5,1,0.4393203556537628,5,5,5,4,1,1,0,1,1
G:\Thesis\MonkSkinTone_Dataset\Segmented_MSTE\subject_3/PXL_20220922_193459099.jpg,6,6,5,1,0.6535508036613464,7,7,7,6,1,1,0,1,1
G:\Thesis\MonkSkinTone_Dataset\Segmented_MSTE\subject_3/PXL_20220922_193457393.jpg,6,6,5,1,0.5586626529693604,6,6,6,5,1,0,1,1,1
G:\Thesis\MonkSkinTone_Dataset\Segmented_MSTE\subject_3/PXL_20220922_193442749.jpg,6,6,5,1,0.6740752458572388,7,7,7,6,1,1,0,1,1
G:\Thesis\MonkSkinTone_Dataset\Segmented_MSTE\subject_3/PXL_20220922_193441419.jpg,6,6,5,1,0.6928768157958984,7,7,7,6,1,1,0,1,1
G:\Thesis\MonkSkinTone_Dataset\Segmented_MSTE\subject_3/PXL_20220922_193440026.jpg,6,6,5,1,0.38400402665138245,4,4,4,3,1,2,0,0,1
G:\Thesis\MonkSkinTone_Dataset\Segmented_MSTE\subject_3/PXL_20220922_193438687.jpg,6,6,5,1,0.7152274250984192,7,7,7,6,1,1,0,1,1
G:\Thesis\MonkSkinTone_Dataset\Segmented_MSTE\subject_3/PXL_20220922_193436546.jpg,6,6,5,1,0.5407852530479431,6,6,6,5,1,0,1,1,1
G:\Thesis\MonkSkinTone_Dataset\Segmented_MSTE\subject_3/PXL_20220922_193434544.jpg,6,6,5,1,0.4922734797000885,5,5,5,4,1,1,0,1,1
G:\Thesis\MonkSkinTone_Dataset\Segmented_MSTE\subject_3/PXL_20220922_193258695.jpg,6,6,5,1,0.5945689678192139,6,6,6,5,1,0,1,1,1
G:\Thesis\MonkSkinTone_Dataset\Segmented_MSTE\subject_3/PXL_20220922_193257144.jpg,6,6,5,1,0.6401739716529846,7,7,7,6,1,1,0,1,1
G:\Thesis\MonkSkinTone_Dataset\Segmented_MSTE\subject_3/PXL_20220922_193255095.jpg,6,6,5,1,0.4343276619911194,5,5,5,4,1,1,0,1,1
G:\Thesis\MonkSkinTone_Dataset\Segmented_MSTE\subject_3/PXL_20220922_193254088.jpg,6,6,5,1,0.7048625349998474,7,7,7,6,1,1,0,1,1
G:\Thesis\MonkSkinTone_Dataset\Segmented_MSTE\subject_3/PXL_20220922_193252671.jpg,6,6,5,1,0.37023112177848816,4,4,4,3,1,2,0,0,1
G:\Thesis\MonkSkinTone_Dataset\Segmented_MSTE\subject_3/PXL_20220922_193251973.jpg,6,6,5,1,0.44048547744750977,5,5,5,4,1,1,0,1,1
G:\Thesis\MonkSkinTone_Dataset\Segmented_MSTE\subject_3/PXL_20220922_193250362.jpg,6,6,5,1,0.5040411949157715,6,6,6,5,1,0,1,1,1
G:\Thesis\MonkSkinTone_Dataset\Segmented_MSTE\subject_3/PXL_20220922_193249113.jpg,6,6,5,1,0.734811544418335,8,8,8,7,2,2,0,0,0
G:\Thesis\MonkSkinTone_Dataset\Segmented_MSTE\subject_3/PXL_20220922_193247851.jpg,6,6,5,1,0.5906288623809814,6,6,6,5,1,0,1,1,1
G:\Thesis\MonkSkinTone_Dataset\Segmented_MSTE\subject_3/PXL_20220922_193246375.jpg,6,6,5,1,0.4352966248989105,5,5,5,4,1,1,0,1,1
G:\Thesis\MonkSkinTone_Dataset\Segmented_MSTE\subject_3/PXL_20220922_193244973.jpg,6,6,5,1,0.5410354137420654,6,6,6,5,1,0,1,1,1
G:\Thesis\MonkSkinTone_Dataset\Segmented_MSTE\subject_3/PXL_20220922_193243211.jpg,6,6,5,1,0.6086066365242004,6,6,6,5,1,0,1,1,1
G:\Thesis\MonkSkinTone_Dataset\Segmented_MSTE\subject_3/PXL_20220922_193241850.jpg,6,6,5,1,0.6336681842803955,7,7,7,6,1,1,0,1,1
G:\Thesis\MonkSkinTone_Dataset\Segmented_MSTE\subject_3/PXL_20220922_193240640.jpg,6,6,5,1,0.44747796654701233,5,5,5,4,1,1,0,1,1
G:\Thesis\MonkSkinTone_Dataset\Segmented_MSTE\subject_3/PXL_20220922_193239210.jpg,6,6,5,1,0.6659615635871887,7,7,7,6,1,1,0,1,1
G:\Thesis\MonkSkinTone_Dataset\Segmented_MSTE\subject_3/PXL_20220922_193146740.jpg,6,6,5,1,0.6431477069854736,7,7,7,6,1,1,0,1,1
G:\Thesis\MonkSkinTone_Dataset\Segmented_MSTE\subject_3/PXL_20220922_193145287.jpg,6,6,5,1,0.6125169396400452,7,7,7,6,1,1,0,1,1
G:\Thesis\MonkSkinTone_Dataset\Segmented_MSTE\subject_3/PXL_20220922_193143821.jpg,6,6,5,1,0.7241817116737366,8,8,8,7,2,2,0,0,0
G:\Thesis\MonkSkinTone_Dataset\Segmented_MSTE\subject_3/PXL_20220922_193142521.jpg,6,6,5,1,0.7100059986114502,7,7,7,6,1,1,0,1,1
G:\Thesis\MonkSkinTone_Dataset\Segmented_MSTE\subject_3/PXL_20220922_193140993.jpg,6,6,5,1,0.5706188082695007,6,6,6,5,1,0,1,1,1
G:\Thesis\MonkSkinTone_Dataset\Segmented_MSTE\subject_3/PXL_20220922_192839520.jpg,6,6,5,1,0.7133383750915527,7,7,7,6,1,1,0,1,1
G:\Thesis\MonkSkinTone_Dataset\Segmented_MSTE\subject_3/PXL_20220922_192838054.jpg,6,6,5,1,0.6156773567199707,7,7,7,6,1,1,0,1,1
G:\Thesis\MonkSkinTone_Dataset\Segmented_MSTE\subject_3/PXL_20220922_192836240.jpg,6,6,5,1,0.5184338092803955,6,6,6,5,1,0,1,1,1
G:\Thesis\MonkSkinTone_Dataset\Segmented_MSTE\subject_3/PXL_20220922_192834158.jpg,6,6,5,1,0.739015519618988,8,8,8,7,2,2,0,0,0
G:\Thesis\MonkSkinTone_Dataset\Segmented_MSTE\subject_3/PXL_20220922_192831992.jpg,6,6,5,1,0.6027656197547913,6,6,6,5,1,0,1,1,1
G:\Thesis\MonkSkinTone_Dataset\Segmented_MSTE\subject_3/PXL_20220922_192746438.jpg,6,6,5,1,0.5068432092666626,6,6,6,5,1,0,1,1,1
G:\Thesis\MonkSkinTone_Dataset\Segmented_MSTE\subject_3/PXL_20220922_192744156.jpg,6,6,5,1,0.7890767455101013,8,8,8,7,2,2,0,0,0
G:\Thesis\MonkSkinTone_Dataset\Segmented_MSTE\subject_3/PXL_20220922_192741691.jpg,6,6,5,1,0.5962843298912048,6,6,6,5,1,0,1,1,1
G:\Thesis\MonkSkinTone_Dataset\Segmented_MSTE\subject_3/PXL_20220922_192739767.jpg,6,6,5,1,0.7201287150382996,7,7,7,6,1,1,0,1,1
G:\Thesis\MonkSkinTone_Dataset\Segmented_MSTE\subject_3/PXL_20220922_192736985.jpg,6,6,5,1,0.7021104097366333,7,7,7,6,1,1,0,1,1
G:\Thesis\MonkSkinTone_Dataset\Segmented_MSTE\subject_3/PXL_20220922_192714792.jpg,6,6,5,1,0.5497229099273682,6,6,6,5,1,0,1,1,1
G:\Thesis\MonkSkinTone_Dataset\Segmented_MSTE\subject_3/PXL_20220922_192713113.jpg,6,6,5,1,0.6931871175765991,7,7,7,6,1,1,0,1,1
G:\Thesis\MonkSkinTone_Dataset\Segmented_MSTE\subject_3/PXL_20220922_192711496.jpg,6,6,5,1,0.5674673914909363,6,6,6,5,1,0,1,1,1
G:\Thesis\MonkSkinTone_Dataset\Segmented_MSTE\subject_3/PXL_20220922_192709617.jpg,6,6,5,1,0.6462723612785339,7,7,7,6,1,1,0,1,1
G:\Thesis\MonkSkinTone_Dataset\Segmented_MSTE\subject_3/PXL_20220922_192707666.jpg,6,6,5,1,0.6204909682273865,7,7,7,6,1,1,0,1,1
G:\Thesis\MonkSkinTone_Dataset\Segmented_MSTE\subject_3/PXL_20220922_192706771.jpg,6,6,5,1,0.4488898813724518,5,5,5,4,1,1,0,1,1
G:\Thesis\MonkSkinTone_Dataset\Segmented_MSTE\subject_3/PXL_20220922_192651355.jpg,6,6,5,1,0.4384768605232239,5,5,5,4,1,1,0,1,1
G:\Thesis\MonkSkinTone_Dataset\Segmented_MSTE\subject_3/PXL_20220922_192649338.jpg,6,6,5,1,0.7323924899101257,8,8,8,7,2,2,0,0,0
G:\Thesis\MonkSkinTone_Dataset\Segmented_MSTE\subject_3/PXL_20220922_192648272.jpg,6,6,5,1,0.6847512125968933,7,7,7,6,1,1,0,1,1
G:\Thesis\MonkSkinTone_Dataset\Segmented_MSTE\subject_3/PXL_20220922_192645891.jpg,6,6,5,1,0.5921244621276855,6,6,6,5,1,0,1,1,1
G:\Thesis\MonkSkinTone_Dataset\Segmented_MSTE\subject_3/PXL_20220922_192641993.jpg,6,6,5,1,0.5733196139335632,6,6,6,5,1,0,1,1,1
G:\Thesis\MonkSkinTone_Dataset\Segmented_MSTE\subject_3/PXL_20220922_192640227.jpg,6,6,5,1,0.6763702630996704,7,7,7,6,1,1,0,1,1
G:\Thesis\MonkSkinTone_Dataset\Segmented_MSTE\subject_3/PXL_20220922_192637943.jpg,6,6,5,1,0.315955251455307,4,4,4,3,1,2,0,0,1
G:\Thesis\MonkSkinTone_Dataset\Segmented_MSTE\subject_3/PXL_20220922_192630530.jpg,6,6,5,1,0.5828133225440979,6,6,6,5,1,0,1,1,1
G:\Thesis\MonkSkinTone_Dataset\Segmented_MSTE\subject_3/PXL_20220922_192625680.jpg,6,6,5,1,0.6086055040359497,6,6,6,5,1,0,1,1,1
G:\Thesis\MonkSkinTone_Dataset\Segmented_MSTE\subject_3/PXL_20220922_192624406.jpg,6,6,5,1,0.5489901900291443,6,6,6,5,1,0,1,1,1
G:\Thesis\MonkSkinTone_Dataset\Segmented_MSTE\subject_3/PXL_20220922_192622568.jpg,6,6,5,1,0.5524042248725891,6,6,6,5,1,0,1,1,1
G:\Thesis\MonkSkinTone_Dataset\Segmented_MSTE\subject_3/PXL_20220922_192620412.jpg,6,6,5,1,0.7211344242095947,7,7,7,6,1,1,0,1,1
G:\Thesis\MonkSkinTone_Dataset\Segmented_MSTE\subject_3/PXL_20220922_192618611.jpg,6,6,5,1,0.6396958231925964,7,7,7,6,1,1,0,1,1
G:\Thesis\MonkSkinTone_Dataset\Segmented_MSTE\subject_3/PXL_20220922_192615914.jpg,6,6,5,1,0.4222166836261749,5,5,5,4,1,1,0,1,1
G:\Thesis\MonkSkinTone_Dataset\Segmented_MSTE\subject_3/PXL_20220922_192614146.jpg,6,6,5,1,0.5297519564628601,6,6,6,5,1,0,1,1,1
G:\Thesis\MonkSkinTone_Dataset\Segmented_MSTE\subject_3/PXL_20220922_192612301.jpg,6,6,5,1,0.6288889646530151,7,7,7,6,1,1,0,1,1
G:\Thesis\MonkSkinTone_Dataset\Segmented_MSTE\subject_3/PXL_20220922_192610554.jpg,6,6,5,1,0.6543018817901611,7,7,7,6,1,1,0,1,1
G:\Thesis\MonkSkinTone_Dataset\Segmented_MSTE\subject_3/PXL_20220922_192608497.jpg,6,6,5,1,0.6477570533752441,7,7,7,6,1,1,0,1,1
G:\Thesis\MonkSkinTone_Dataset\Segmented_MSTE\subject_3/PXL_20220922_192558186.jpg,6,6,5,1,0.37315043807029724,4,4,4,3,1,2,0,0,1
G:\Thesis\MonkSkinTone_Dataset\Segmented_MSTE\subject_3/PXL_20220922_192552609.jpg,6,6,5,1,0.3390945792198181,4,4,4,3,1,2,0,0,1
G:\Thesis\MonkSkinTone_Dataset\Segmented_MSTE\subject_3/PXL_20220922_192550654.jpg,6,6,5,1,0.48177841305732727,5,5,5,4,1,1,0,1,1
G:\Thesis\MonkSkinTone_Dataset\Segmented_MSTE\subject_3/PXL_20220922_192548334.jpg,6,6,5,1,0.6080611348152161,6,6,6,5,1,0,1,1,1
G:\Thesis\MonkSkinTone_Dataset\Segmented_MSTE\subject_3/PXL_20220922_192545631.jpg,6,6,5,1,0.5426512360572815,6,6,6,5,1,0,1,1,1
G:\Thesis\MonkSkinTone_Dataset\Segmented_MSTE\subject_3/PXL_20220922_192543202.jpg,6,6,5,1,0.5290266871452332,6,6,6,5,1,0,1,1,1
G:\Thesis\MonkSkinTone_Dataset\Segmented_MSTE\subject_2/PXL_20220922_173936123.jpg,8,8,7,2,0.6476891040802002,7,7,7,6,1,1,0,1,0
G:\Thesis\MonkSkinTone_Dataset\Segmented_MSTE\subject_2/PXL_20220922_173932021.jpg,8,8,7,2,0.4819924533367157,5,5,5,4,1,3,0,0,0
G:\Thesis\MonkSkinTone_Dataset\Segmented_MSTE\subject_2/PXL_20220922_173929968.jpg,8,8,7,2,0.42205551266670227,5,5,5,4,1,3,0,0,0
G:\Thesis\MonkSkinTone_Dataset\Segmented_MSTE\subject_2/PXL_20220922_173926742.jpg,8,8,7,2,0.5033000707626343,6,6,6,5,1,2,0,0,0
G:\Thesis\MonkSkinTone_Dataset\Segmented_MSTE\subject_2/PXL_20220922_173924672.jpg,8,8,7,2,0.5462315678596497,6,6,6,5,1,2,0,0,0
G:\Thesis\MonkSkinTone_Dataset\Segmented_MSTE\subject_2/PXL_20220922_173921134.jpg,8,8,7,2,0.5607324838638306,6,6,6,5,1,2,0,0,0
G:\Thesis\MonkSkinTone_Dataset\Segmented_MSTE\subject_2/PXL_20220922_173918548.jpg,8,8,7,2,0.43223804235458374,5,5,5,4,1,3,0,0,0
G:\Thesis\MonkSkinTone_Dataset\Segmented_MSTE\subject_2/PXL_20220922_173916878.jpg,8,8,7,2,0.33365780115127563,4,4,4,3,1,4,0,0,0
G:\Thesis\MonkSkinTone_Dataset\Segmented_MSTE\subject_2/PXL_20220922_173914227.jpg,8,8,7,2,0.7208777666091919,7,7,7,6,1,1,0,1,0
G:\Thesis\MonkSkinTone_Dataset\Segmented_MSTE\subject_2/PXL_20220922_173912083.jpg,8,8,7,2,0.3688698410987854,4,4,4,3,1,4,0,0,0
G:\Thesis\MonkSkinTone_Dataset\Segmented_MSTE\subject_2/PXL_20220922_173910224.jpg,8,8,7,2,0.3057715892791748,4,4,4,3,1,4,0,0,0
G:\Thesis\MonkSkinTone_Dataset\Segmented_MSTE\subject_2/PXL_20220922_173759197.jpg,8,8,7,2,0.4205882251262665,5,5,5,4,1,3,0,0,0
G:\Thesis\MonkSkinTone_Dataset\Segmented_MSTE\subject_2/PXL_20220922_173757254.jpg,8,8,7,2,0.5489256381988525,6,6,6,5,1,2,0,0,0
G:\Thesis\MonkSkinTone_Dataset\Segmented_MSTE\subject_2/PXL_20220922_173755660.jpg,8,8,7,2,0.7077153921127319,7,7,7,6,1,1,0,1,0
G:\Thesis\MonkSkinTone_Dataset\Segmented_MSTE\subject_2/PXL_20220922_173754215.jpg,8,8,7,2,0.35032540559768677,4,4,4,3,1,4,0,0,0
G:\Thesis\MonkSkinTone_Dataset\Segmented_MSTE\subject_2/PXL_20220922_173751452.jpg,8,8,7,2,0.387139230966568,4,4,4,3,1,4,0,0,0
G:\Thesis\MonkSkinTone_Dataset\Segmented_MSTE\subject_2/PXL_20220922_173750073.jpg,8,8,7,2,0.6604321002960205,7,7,7,6,1,1,0,1,0
G:\Thesis\MonkSkinTone_Dataset\Segmented_MSTE\subject_2/PXL_20220922_173748586.jpg,8,8,7,2,0.5458378195762634,6,6,6,5,1,2,0,0,0
G:\Thesis\MonkSkinTone_Dataset\Segmented_MSTE\subject_2/PXL_20220922_173747570.jpg,8,8,7,2,0.26638519763946533,3,3,3,2,0,5,0,0,0
G:\Thesis\MonkSkinTone_Dataset\Segmented_MSTE\subject_2/PXL_20220922_173744472.jpg,8,8,7,2,0.5032332539558411,6,6,6,5,1,2,0,0,0
G:\Thesis\MonkSkinTone_Dataset\Segmented_MSTE\subject_2/PXL_20220922_173736762.jpg,8,8,7,2,0.4058176577091217,5,5,5,4,1,3,0,0,0
G:\Thesis\MonkSkinTone_Dataset\Segmented_MSTE\subject_2/PXL_20220922_173734627.jpg,8,8,7,2,0.6632452011108398,7,7,7,6,1,1,0,1,0
G:\Thesis\MonkSkinTone_Dataset\Segmented_MSTE\subject_2/PXL_20220922_173732143.jpg,8,8,7,2,0.3948720693588257,5,5,5,4,1,3,0,0,0
G:\Thesis\MonkSkinTone_Dataset\Segmented_MSTE\subject_2/PXL_20220922_173719038.jpg,8,8,7,2,0.3826804757118225,4,4,4,3,1,4,0,0,0
G:\Thesis\MonkSkinTone_Dataset\Segmented_MSTE\subject_2/PXL_20220922_173717156.jpg,8,8,7,2,0.47993871569633484,5,5,5,4,1,3,0,0,0
G:\Thesis\MonkSkinTone_Dataset\Segmented_MSTE\subject_2/PXL_20220922_173611308.jpg,8,8,7,2,0.5490669012069702,6,6,6,5,1,2,0,0,0
G:\Thesis\MonkSkinTone_Dataset\Segmented_MSTE\subject_2/PXL_20220922_173606365.jpg,8,8,7,2,0.5176737904548645,6,6,6,5,1,2,0,0,0
G:\Thesis\MonkSkinTone_Dataset\Segmented_MSTE\subject_2/PXL_20220922_173604730.jpg,8,8,7,2,0.4698067307472229,5,5,5,4,1,3,0,0,0
G:\Thesis\MonkSkinTone_Dataset\Segmented_MSTE\subject_2/PXL_20220922_173601814.jpg,8,8,7,2,0.5883393883705139,6,6,6,5,1,2,0,0,0
G:\Thesis\MonkSkinTone_Dataset\Segmented_MSTE\subject_2/PXL_20220922_173556673.jpg,8,8,7,2,0.558039665222168,6,6,6,5,1,2,0,0,0
G:\Thesis\MonkSkinTone_Dataset\Segmented_MSTE\subject_2/PXL_20220922_173553421.jpg,8,8,7,2,0.5793793797492981,6,6,6,5,1,2,0,0,0
G:\Thesis\MonkSkinTone_Dataset\Segmented_MSTE\subject_2/PXL_20220922_173549024.jpg,8,8,7,2,0.5425736308097839,6,6,6,5,1,2,0,0,0
G:\Thesis\MonkSkinTone_Dataset\Segmented_MSTE\subject_2/PXL_20220922_173547366.jpg,8,8,7,2,0.50177401304245,6,6,6,5,1,2,0,0,0
G:\Thesis\MonkSkinTone_Dataset\Segmented_MSTE\subject_2/PXL_20220922_173522398.jpg,8,8,7,2,0.7058157920837402,7,7,7,6,1,1,0,1,0
G:\Thesis\MonkSkinTone_Dataset\Segmented_MSTE\subject_2/PXL_20220922_173520834.jpg,8,8,7,2,0.6197272539138794,7,7,7,6,1,1,0,1,0
G:\Thesis\MonkSkinTone_Dataset\Segmented_MSTE\subject_2/PXL_20220922_173518745.jpg,8,8,7,2,0.5783238410949707,6,6,6,5,1,2,0,0,0
G:\Thesis\MonkSkinTone_Dataset\Segmented_MSTE\subject_2/PXL_20220922_173517309.jpg,8,8,7,2,0.7018437385559082,7,7,7,6,1,1,0,1,0
G:\Thesis\MonkSkinTone_Dataset\Segmented_MSTE\subject_2/PXL_20220922_173515925.jpg,8,8,7,2,0.5616746544837952,6,6,6,5,1,2,0,0,0
G:\Thesis\MonkSkinTone_Dataset\Segmented_MSTE\subject_2/PXL_20220922_173513639.jpg,8,8,7,2,0.46201929450035095,5,5,5,4,1,3,0,0,0
G:\Thesis\MonkSkinTone_Dataset\Segmented_MSTE\subject_2/PXL_20220922_173512389.jpg,8,8,7,2,0.5370534062385559,6,6,6,5,1,2,0,0,0
G:\Thesis\MonkSkinTone_Dataset\Segmented_MSTE\subject_2/PXL_20220922_173510821.jpg,8,8,7,2,0.5131198763847351,6,6,6,5,1,2,0,0,0
G:\Thesis\MonkSkinTone_Dataset\Segmented_MSTE\subject_2/PXL_20220922_173509217.jpg,8,8,7,2,0.5655316710472107,6,6,6,5,1,2,0,0,0
G:\Thesis\MonkSkinTone_Dataset\Segmented_MSTE\subject_2/PXL_20220922_173507870.jpg,8,8,7,2,0.5231608748435974,6,6,6,5,1,2,0,0,0
G:\Thesis\MonkSkinTone_Dataset\Segmented_MSTE\subject_2/PXL_20220922_173505354.jpg,8,8,7,2,0.598272979259491,6,6,6,5,1,2,0,0,0
G:\Thesis\MonkSkinTone_Dataset\Segmented_MSTE\subject_2/PXL_20220922_173503845.jpg,8,8,7,2,0.7115504145622253,7,7,7,6,1,1,0,1,0
G:\Thesis\MonkSkinTone_Dataset\Segmented_MSTE\subject_2/PXL_20220922_173502282.jpg,8,8,7,2,0.5674350261688232,6,6,6,5,1,2,0,0,0
G:\Thesis\MonkSkinTone_Dataset\Segmented_MSTE\subject_2/PXL_20220922_173500725.jpg,8,8,7,2,0.7937143445014954,8,8,8,7,2,0,1,1,1
G:\Thesis\MonkSkinTone_Dataset\Segmented_MSTE\subject_2/PXL_20220922_173459363.jpg,8,8,7,2,0.6951187252998352,7,7,7,6,1,1,0,1,0
G:\Thesis\MonkSkinTone_Dataset\Segmented_MSTE\subject_2/PXL_20220922_173456436.jpg,8,8,7,2,0.5791671872138977,6,6,6,5,1,2,0,0,0
G:\Thesis\MonkSkinTone_Dataset\Segmented_MSTE\subject_2/PXL_20220922_173454727.jpg,8,8,7,2,0.6375080347061157,7,7,7,6,1,1,0,1,0
G:\Thesis\MonkSkinTone_Dataset\Segmented_MSTE\subject_2/PXL_20220922_173452401.jpg,8,8,7,2,0.6495991945266724,7,7,7,6,1,1,0,1,0
G:\Thesis\MonkSkinTone_Dataset\Segmented_MSTE\subject_2/PXL_20220922_173450800.jpg,8,8,7,2,0.7656852006912231,8,8,8,7,2,0,1,1,1
G:\Thesis\MonkSkinTone_Dataset\Segmented_MSTE\subject_2/PXL_20220922_173448953.jpg,8,8,7,2,0.6475180983543396,7,7,7,6,1,1,0,1,0
G:\Thesis\MonkSkinTone_Dataset\Segmented_MSTE\subject_2/PXL_20220922_173421045.jpg,8,8,7,2,0.5800987482070923,6,6,6,5,1,2,0,0,0
G:\Thesis\MonkSkinTone_Dataset\Segmented_MSTE\subject_2/PXL_20220922_173418250.jpg,8,8,7,2,0.5789617300033569,6,6,6,5,1,2,0,0,0
G:\Thesis\MonkSkinTone_Dataset\Segmented_MSTE\subject_2/PXL_20220922_173415758.jpg,8,8,7,2,0.5745241641998291,6,6,6,5,1,2,0,0,0
G:\Thesis\MonkSkinTone_Dataset\Segmented_MSTE\subject_2/PXL_20220922_173413565.jpg,8,8,7,2,0.7243371605873108,8,8,8,7,2,0,1,1,1
G:\Thesis\MonkSkinTone_Dataset\Segmented_MSTE\subject_2/PXL_20220922_173411408.jpg,8,8,7,2,0.7178448438644409,7,7,7,6,1,1,0,1,0
G:\Thesis\MonkSkinTone_Dataset\Segmented_MSTE\subject_2/PXL_20220922_173405212.jpg,8,8,7,2,0.49582549929618835,5,5,5,4,1,3,0,0,0
G:\Thesis\MonkSkinTone_Dataset\Segmented_MSTE\subject_2/PXL_20220922_173401146.jpg,8,8,7,2,0.6779125332832336,7,7,7,6,1,1,0,1,0
G:\Thesis\MonkSkinTone_Dataset\Segmented_MSTE\subject_2/PXL_20220922_173357738.jpg,8,8,7,2,0.4168224334716797,5,5,5,4,1,3,0,0,0
G:\Thesis\MonkSkinTone_Dataset\Segmented_MSTE\subject_2/PXL_20220922_173353508.jpg,8,8,7,2,0.41674456000328064,5,5,5,4,1,3,0,0,0
G:\Thesis\MonkSkinTone_Dataset\Segmented_MSTE\subject_2/PXL_20220922_173350162.jpg,8,8,7,2,0.6498523354530334,7,7,7,6,1,1,0,1,0
G:\Thesis\MonkSkinTone_Dataset\Segmented_MSTE\subject_2/PXL_20220922_173337082.jpg,8,8,7,2,0.6463356614112854,7,7,7,6,1,1,0,1,0
G:\Thesis\MonkSkinTone_Dataset\Segmented_MSTE\subject_2/PXL_20220922_173332744.jpg,8,8,7,2,0.6163250207901001,7,7,7,6,1,1,0,1,0
G:\Thesis\MonkSkinTone_Dataset\Segmented_MSTE\subject_2/PXL_20220922_173327539.jpg,8,8,7,2,0.504490077495575,6,6,6,5,1,2,0,0,0
G:\Thesis\MonkSkinTone_Dataset\Segmented_MSTE\subject_2/PXL_20220922_173323265.jpg,8,8,7,2,0.6455459594726562,7,7,7,6,1,1,0,1,0
G:\Thesis\MonkSkinTone_Dataset\Segmented_MSTE\subject_2/PXL_20220922_173319356.jpg,8,8,7,2,0.6418570280075073,7,7,7,6,1,1,0,1,0
G:\Thesis\MonkSkinTone_Dataset\Segmented_MSTE\subject_2/PXL_20220922_173313145.jpg,8,8,7,2,0.6609954237937927,7,7,7,6,1,1,0,1,0
G:\Thesis\MonkSkinTone_Dataset\Segmented_MSTE\subject_2/PXL_20220922_173309332.jpg,8,8,7,2,0.42701035737991333,5,5,5,4,1,3,0,0,0
G:\Thesis\MonkSkinTone_Dataset\Segmented_MSTE\subject_2/PXL_20220922_173304772.jpg,8,8,7,2,0.2867206633090973,4,4,4,3,1,4,0,0,0
G:\Thesis\MonkSkinTone_Dataset\Segmented_MSTE\subject_2/PXL_20220922_173301206.jpg,8,8,7,2,0.7484627366065979,8,8,8,7,2,0,1,1,1
G:\Thesis\MonkSkinTone_Dataset\Segmented_MSTE\subject_2/PXL_20220922_173251686.jpg,8,8,7,2,0.7125712037086487,7,7,7,6,1,1,0,1,0
G:\Thesis\MonkSkinTone_Dataset\Segmented_MSTE\subject_1/PXL_20220922_174606457.jpg,2,2,1,0,0.41319194436073303,5,5,5,4,1,3,0,0,0
G:\Thesis\MonkSkinTone_Dataset\Segmented_MSTE\subject_1/PXL_20220922_174552943.jpg,2,2,1,0,0.44997498393058777,5,5,5,4,1,3,0,0,0
G:\Thesis\MonkSkinTone_Dataset\Segmented_MSTE\subject_1/PXL_20220922_174551650.jpg,2,2,1,0,0.34692421555519104,4,4,4,3,1,2,0,0,0
G:\Thesis\MonkSkinTone_Dataset\Segmented_MSTE\subject_1/PXL_20220922_174550351.jpg,2,2,1,0,0.40823179483413696,5,5,5,4,1,3,0,0,0
G:\Thesis\MonkSkinTone_Dataset\Segmented_MSTE\subject_1/PXL_20220922_174547563.jpg,2,2,1,0,0.4819166660308838,5,5,5,4,1,3,0,0,0
G:\Thesis\MonkSkinTone_Dataset\Segmented_MSTE\subject_1/PXL_20220922_174540218.jpg,2,2,1,0,0.3813358545303345,4,4,4,3,1,2,0,0,0
G:\Thesis\MonkSkinTone_Dataset\Segmented_MSTE\subject_1/PXL_20220922_174538656.jpg,2,2,1,0,0.34661543369293213,4,4,4,3,1,2,0,0,0
G:\Thesis\MonkSkinTone_Dataset\Segmented_MSTE\subject_1/PXL_20220922_174537206.jpg,2,2,1,0,0.3155629634857178,4,4,4,3,1,2,0,0,0
G:\Thesis\MonkSkinTone_Dataset\Segmented_MSTE\subject_1/PXL_20220922_174535556.jpg,2,2,1,0,0.400907963514328,5,5,5,4,1,3,0,0,0
G:\Thesis\MonkSkinTone_Dataset\Segmented_MSTE\subject_1/PXL_20220922_174523104.jpg,2,2,1,0,0.31743255257606506,4,4,4,3,1,2,0,0,0
G:\Thesis\MonkSkinTone_Dataset\Segmented_MSTE\subject_1/PXL_20220922_174521457.jpg,2,2,1,0,0.40249061584472656,5,5,5,4,1,3,0,0,0
G:\Thesis\MonkSkinTone_Dataset\Segmented_MSTE\subject_1/PXL_20220922_174519156.jpg,2,2,1,0,0.495290607213974,5,5,5,4,1,3,0,0,0
G:\Thesis\MonkSkinTone_Dataset\Segmented_MSTE\subject_1/PXL_20220922_174517683.jpg,2,2,1,0,0.3716331720352173,4,4,4,3,1,2,0,0,0
G:\Thesis\MonkSkinTone_Dataset\Segmented_MSTE\subject_1/PXL_20220922_174516272.jpg,2,2,1,0,0.23490336537361145,3,3,3,2,0,1,0,1,1
G:\Thesis\MonkSkinTone_Dataset\Segmented_MSTE\subject_1/PXL_20220922_174445779.jpg,2,2,1,0,0.6898878216743469,7,7,7,6,1,5,0,0,0
G:\Thesis\MonkSkinTone_Dataset\Segmented_MSTE\subject_1/PXL_20220922_174444745.jpg,2,2,1,0,0.16839845478534698,3,3,3,2,0,1,0,1,1
G:\Thesis\MonkSkinTone_Dataset\Segmented_MSTE\subject_1/PXL_20220922_174443563.jpg,2,2,1,0,0.38295912742614746,4,4,4,3,1,2,0,0,0
G:\Thesis\MonkSkinTone_Dataset\Segmented_MSTE\subject_1/PXL_20220922_174442428.jpg,2,2,1,0,0.6184126734733582,7,7,7,6,1,5,0,0,0
G:\Thesis\MonkSkinTone_Dataset\Segmented_MSTE\subject_1/PXL_20220922_174440762.jpg,2,2,1,0,0.26377424597740173,3,3,3,2,0,1,0,1,1
G:\Thesis\MonkSkinTone_Dataset\Segmented_MSTE\subject_1/PXL_20220922_174437829.jpg,2,2,1,0,0.408968061208725,5,5,5,4,1,3,0,0,0
G:\Thesis\MonkSkinTone_Dataset\Segmented_MSTE\subject_1/PXL_20220922_174436310.jpg,2,2,1,0,0.2184443175792694,3,3,3,2,0,1,0,1,1
G:\Thesis\MonkSkinTone_Dataset\Segmented_MSTE\subject_1/PXL_20220922_174435060.jpg,2,2,1,0,0.444168359041214,5,5,5,4,1,3,0,0,0
G:\Thesis\MonkSkinTone_Dataset\Segmented_MSTE\subject_1/PXL_20220922_174431750.jpg,2,2,1,0,0.35390350222587585,4,4,4,3,1,2,0,0,0
G:\Thesis\MonkSkinTone_Dataset\Segmented_MSTE\subject_1/PXL_20220922_174406287.jpg,2,2,1,0,0.4017258882522583,5,5,5,4,1,3,0,0,0
G:\Thesis\MonkSkinTone_Dataset\Segmented_MSTE\subject_1/PXL_20220922_174404885.jpg,2,2,1,0,0.46075621247291565,5,5,5,4,1,3,0,0,0
G:\Thesis\MonkSkinTone_Dataset\Segmented_MSTE\subject_1/PXL_20220922_174400298.jpg,2,2,1,0,0.3455374836921692,4,4,4,3,1,2,0,0,0
G:\Thesis\MonkSkinTone_Dataset\Segmented_MSTE\subject_1/PXL_20220922_174358684.jpg,2,2,1,0,0.31713196635246277,4,4,4,3,1,2,0,0,0
G:\Thesis\MonkSkinTone_Dataset\Segmented_MSTE\subject_1/PXL_20220922_174231078.jpg,2,2,1,0,0.5086376667022705,6,6,6,5,1,4,0,0,0
G:\Thesis\MonkSkinTone_Dataset\Segmented_MSTE\subject_1/PXL_20220922_174227786.jpg,2,2,1,0,0.26267966628074646,3,3,3,2,0,1,0,1,1
G:\Thesis\MonkSkinTone_Dataset\Segmented_MSTE\subject_1/PXL_20220922_174225452.jpg,2,2,1,0,0.4295891523361206,5,5,5,4,1,3,0,0,0
G:\Thesis\MonkSkinTone_Dataset\Segmented_MSTE\subject_1/PXL_20220922_174223425.jpg,2,2,1,0,0.2988337278366089,4,4,4,3,1,2,0,0,0
G:\Thesis\MonkSkinTone_Dataset\Segmented_MSTE\subject_1/PXL_20220922_174221777.jpg,2,2,1,0,0.28353843092918396,4,4,4,3,1,2,0,0,0
G:\Thesis\MonkSkinTone_Dataset\Segmented_MSTE\subject_1/PXL_20220922_174152791.jpg,2,2,1,0,0.2789170444011688,4,4,4,3,1,2,0,0,0
G:\Thesis\MonkSkinTone_Dataset\Segmented_MSTE\subject_1/PXL_20220922_174151131.jpg,2,2,1,0,0.40472081303596497,5,5,5,4,1,3,0,0,0
G:\Thesis\MonkSkinTone_Dataset\Segmented_MSTE\subject_1/PXL_20220922_174144689.jpg,2,2,1,0,0.28519406914711,4,4,4,3,1,2,0,0,0
G:\Thesis\MonkSkinTone_Dataset\Segmented_MSTE\subject_1/PXL_20220922_174131827.jpg,2,2,1,0,0.33588483929634094,4,4,4,3,1,2,0,0,0
G:\Thesis\MonkSkinTone_Dataset\Segmented_MSTE\subject_1/PXL_20220922_174128782.jpg,2,2,1,0,0.3982591927051544,5,5,5,4,1,3,0,0,0
G:\Thesis\MonkSkinTone_Dataset\Segmented_MSTE\subject_1/PXL_20220922_174126716.jpg,2,2,1,0,0.36794155836105347,4,4,4,3,1,2,0,0,0
G:\Thesis\MonkSkinTone_Dataset\Segmented_MSTE\subject_1/PXL_20220922_174124412.jpg,2,2,1,0,0.6921753287315369,7,7,7,6,1,5,0,0,0
G:\Thesis\MonkSkinTone_Dataset\Segmented_MSTE\subject_1/PXL_20220922_174122571.jpg,2,2,1,0,0.3820221722126007,4,4,4,3,1,2,0,0,0
G:\Thesis\MonkSkinTone_Dataset\Segmented_MSTE\subject_1/PXL_20220922_174114139.jpg,2,2,1,0,0.3483971059322357,4,4,4,3,1,2,0,0,0
G:\Thesis\MonkSkinTone_Dataset\Segmented_MSTE\subject_1/PXL_20220922_174111438.jpg,2,2,1,0,0.3136397898197174,4,4,4,3,1,2,0,0,0
G:\Thesis\MonkSkinTone_Dataset\Segmented_MSTE\subject_1/PXL_20220922_174108549.jpg,2,2,1,0,0.34018808603286743,4,4,4,3,1,2,0,0,0
G:\Thesis\MonkSkinTone_Dataset\Segmented_MSTE\subject_1/PXL_20220922_174105914.jpg,2,2,1,0,0.3907383978366852,5,5,5,4,1,3,0,0,0
G:\Thesis\MonkSkinTone_Dataset\Segmented_MSTE\subject_1/PXL_20220922_174104129.jpg,2,2,1,0,0.32254722714424133,4,4,4,3,1,2,0,0,0
G:\Thesis\MonkSkinTone_Dataset\Segmented_MSTE\subject_1/PXL_20220922_174035795.jpg,2,2,1,0,0.33858540654182434,4,4,4,3,1,2,0,0,0
G:\Thesis\MonkSkinTone_Dataset\Segmented_MSTE\subject_1/PXL_20220922_174034517.jpg,2,2,1,0,0.510641872882843,6,6,6,5,1,4,0,0,0
G:\Thesis\MonkSkinTone_Dataset\Segmented_MSTE\subject_1/PXL_20220922_174033018.jpg,2,2,1,0,0.3923431932926178,5,5,5,4,1,3,0,0,0
G:\Thesis\MonkSkinTone_Dataset\Segmented_MSTE\subject_1/PXL_20220922_174031644.jpg,2,2,1,0,0.13584040105342865,2,2,2,1,0,0,1,1,1
G:\Thesis\MonkSkinTone_Dataset\Segmented_MSTE\subject_1/PXL_20220922_174030115.jpg,2,2,1,0,0.3598937690258026,4,4,4,3,1,2,0,0,0
G:\Thesis\MonkSkinTone_Dataset\Segmented_MSTE\subject_1/PXL_20220922_174018423.jpg,2,2,1,0,0.34479331970214844,4,4,4,3,1,2,0,0,0
G:\Thesis\MonkSkinTone_Dataset\Segmented_MSTE\subject_1/PXL_20220922_174017237.jpg,2,2,1,0,0.39452412724494934,5,5,5,4,1,3,0,0,0
G:\Thesis\MonkSkinTone_Dataset\Segmented_MSTE\subject_1/PXL_20220922_174015452.jpg,2,2,1,0,0.23907428979873657,3,3,3,2,0,1,0,1,1
G:\Thesis\MonkSkinTone_Dataset\Segmented_MSTE\subject_1/PXL_20220922_174011830.jpg,2,2,1,0,0.4104609191417694,5,5,5,4,1,3,0,0,0
G:\Thesis\MonkSkinTone_Dataset\Segmented_MSTE\subject_1/PXL_20220922_174009443.jpg,2,2,1,0,0.3377947211265564,4,4,4,3,1,2,0,0,0
G:\Thesis\MonkSkinTone_Dataset\Segmented_MSTE\subject_1/PXL_20220922_174007933.jpg,2,2,1,0,0.31368154287338257,4,4,4,3,1,2,0,0,0
G:\Thesis\MonkSkinTone_Dataset\Segmented_MSTE\subject_1/PXL_20220922_174005827.jpg,2,2,1,0,0.3371404707431793,4,4,4,3,1,2,0,0,0
G:\Thesis\MonkSkinTone_Dataset\Segmented_MSTE\subject_1/PXL_20220922_174003968.jpg,2,2,1,0,0.3343758285045624,4,4,4,3,1,2,0,0,0
G:\Thesis\MonkSkinTone_Dataset\Segmented_MSTE\subject_1/PXL_20220922_173952716.jpg,2,2,1,0,0.4130728840827942,5,5,5,4,1,3,0,0,0
G:\Thesis\MonkSkinTone_Dataset\Segmented_MSTE\subject_0/PXL_20220922_132845778.PORTRAIT.jpg,3,3,2,0,0.34820011258125305,4,4,4,3,1,1,0,1,0
G:\Thesis\MonkSkinTone_Dataset\Segmented_MSTE\subject_0/PXL_20220922_134350655.PORTRAIT.jpg,3,3,2,0,0.4295462667942047,5,5,5,4,1,2,0,0,0
G:\Thesis\MonkSkinTone_Dataset\Segmented_MSTE\subject_0/PXL_20220922_134348505.PORTRAIT.jpg,3,3,2,0,0.36238881945610046,4,4,4,3,1,1,0,1,0
G:\Thesis\MonkSkinTone_Dataset\Segmented_MSTE\subject_0/PXL_20220922_134346135.PORTRAIT.jpg,3,3,2,0,0.29491597414016724,4,4,4,3,1,1,0,1,0
G:\Thesis\MonkSkinTone_Dataset\Segmented_MSTE\subject_0/PXL_20220922_134344367.PORTRAIT.jpg,3,3,2,0,0.41531622409820557,5,5,5,4,1,2,0,0,0
G:\Thesis\MonkSkinTone_Dataset\Segmented_MSTE\subject_0/PXL_20220922_134342333.PORTRAIT.jpg,3,3,2,0,0.39565908908843994,5,5,5,4,1,2,0,0,0
G:\Thesis\MonkSkinTone_Dataset\Segmented_MSTE\subject_0/PXL_20220922_134339364.PORTRAIT.jpg,3,3,2,0,0.4486338496208191,5,5,5,4,1,2,0,0,0
G:\Thesis\MonkSkinTone_Dataset\Segmented_MSTE\subject_0/PXL_20220922_134210937.jpg,3,3,2,0,0.6026175618171692,6,6,6,5,1,3,0,0,0
G:\Thesis\MonkSkinTone_Dataset\Segmented_MSTE\subject_0/PXL_20220922_134209190.jpg,3,3,2,0,0.4262223243713379,5,5,5,4,1,2,0,0,0
G:\Thesis\MonkSkinTone_Dataset\Segmented_MSTE\subject_0/PXL_20220922_134207466.jpg,3,3,2,0,0.45953014492988586,5,5,5,4,1,2,0,0,0
G:\Thesis\MonkSkinTone_Dataset\Segmented_MSTE\subject_0/PXL_20220922_134205505.jpg,3,3,2,0,0.4951252341270447,5,5,5,4,1,2,0,0,0
G:\Thesis\MonkSkinTone_Dataset\Segmented_MSTE\subject_0/PXL_20220922_134203230.jpg,3,3,2,0,0.3904951810836792,5,5,5,4,1,2,0,0,0
G:\Thesis\MonkSkinTone_Dataset\Segmented_MSTE\subject_0/PXL_20220922_134141731.jpg,3,3,2,0,0.4798857271671295,5,5,5,4,1,2,0,0,0
G:\Thesis\MonkSkinTone_Dataset\Segmented_MSTE\subject_0/PXL_20220922_134139865.jpg,3,3,2,0,0.5622900724411011,6,6,6,5,1,3,0,0,0
G:\Thesis\MonkSkinTone_Dataset\Segmented_MSTE\subject_0/PXL_20220922_134137827.jpg,3,3,2,0,0.43141528964042664,5,5,5,4,1,2,0,0,0
G:\Thesis\MonkSkinTone_Dataset\Segmented_MSTE\subject_0/PXL_20220922_134135978.jpg,3,3,2,0,0.41775479912757874,5,5,5,4,1,2,0,0,0
G:\Thesis\MonkSkinTone_Dataset\Segmented_MSTE\subject_0/PXL_20220922_134134361.jpg,3,3,2,0,0.47180500626564026,5,5,5,4,1,2,0,0,0
G:\Thesis\MonkSkinTone_Dataset\Segmented_MSTE\subject_0/PXL_20220922_134128867.jpg,3,3,2,0,0.6389133334159851,7,7,7,6,1,4,0,0,0
G:\Thesis\MonkSkinTone_Dataset\Segmented_MSTE\subject_0/PXL_20220922_134127250.jpg,3,3,2,0,0.4873026907444,5,5,5,4,1,2,0,0,0
G:\Thesis\MonkSkinTone_Dataset\Segmented_MSTE\subject_0/PXL_20220922_134124746.jpg,3,3,2,0,0.46275877952575684,5,5,5,4,1,2,0,0,0
G:\Thesis\MonkSkinTone_Dataset\Segmented_MSTE\subject_0/PXL_20220922_134122294.jpg,3,3,2,0,0.4578467607498169,5,5,5,4,1,2,0,0,0
G:\Thesis\MonkSkinTone_Dataset\Segmented_MSTE\subject_0/PXL_20220922_134119737.jpg,3,3,2,0,0.5851185321807861,6,6,6,5,1,3,0,0,0
G:\Thesis\MonkSkinTone_Dataset\Segmented_MSTE\subject_0/PXL_20220922_134115414.jpg,3,3,2,0,0.49025967717170715,5,5,5,4,1,2,0,0,0
G:\Thesis\MonkSkinTone_Dataset\Segmented_MSTE\subject_0/PXL_20220922_134034735.jpg,3,3,2,0,0.7013044357299805,7,7,7,6,1,4,0,0,0
G:\Thesis\MonkSkinTone_Dataset\Segmented_MSTE\subject_0/PXL_20220922_134031823.jpg,3,3,2,0,0.2508413791656494,3,3,3,2,0,0,1,1,1
G:\Thesis\MonkSkinTone_Dataset\Segmented_MSTE\subject_0/PXL_20220922_134028534.jpg,3,3,2,0,0.3283376693725586,4,4,4,3,1,1,0,1,0
G:\Thesis\MonkSkinTone_Dataset\Segmented_MSTE\subject_0/PXL_20220922_134026053.jpg,3,3,2,0,0.33642494678497314,4,4,4,3,1,1,0,1,0
G:\Thesis\MonkSkinTone_Dataset\Segmented_MSTE\subject_0/PXL_20220922_134022988.jpg,3,3,2,0,0.3732326924800873,4,4,4,3,1,1,0,1,0
G:\Thesis\MonkSkinTone_Dataset\Segmented_MSTE\subject_0/PXL_20220922_134006137.jpg,3,3,2,0,0.5451563596725464,6,6,6,5,1,3,0,0,0
G:\Thesis\MonkSkinTone_Dataset\Segmented_MSTE\subject_0/PXL_20220922_133026236.PORTRAIT.jpg,3,3,2,0,0.34098678827285767,4,4,4,3,1,1,0,1,0
G:\Thesis\MonkSkinTone_Dataset\Segmented_MSTE\subject_0/PXL_20220922_133020422.PORTRAIT.jpg,3,3,2,0,0.3690480589866638,4,4,4,3,1,1,0,1,0
G:\Thesis\MonkSkinTone_Dataset\Segmented_MSTE\subject_0/PXL_20220922_133015215.PORTRAIT.jpg,3,3,2,0,0.3297938108444214,4,4,4,3,1,1,0,1,0
G:\Thesis\MonkSkinTone_Dataset\Segmented_MSTE\subject_0/PXL_20220922_133010927.PORTRAIT.jpg,3,3,2,0,0.4574659466743469,5,5,5,4,1,2,0,0,0
G:\Thesis\MonkSkinTone_Dataset\Segmented_MSTE\subject_0/PXL_20220922_132959831.PORTRAIT.jpg,3,3,2,0,0.357585608959198,4,4,4,3,1,1,0,1,0
G:\Thesis\MonkSkinTone_Dataset\Segmented_MSTE\subject_0/PXL_20220922_132914899.PORTRAIT.jpg,3,3,2,0,0.46949532628059387,5,5,5,4,1,2,0,0,0
G:\Thesis\MonkSkinTone_Dataset\Segmented_MSTE\subject_0/PXL_20220922_132911049.PORTRAIT.jpg,3,3,2,0,0.2487042099237442,3,3,3,2,0,0,1,1,1
G:\Thesis\MonkSkinTone_Dataset\Segmented_MSTE\subject_0/PXL_20220922_132903030.PORTRAIT.jpg,3,3,2,0,0.30888646841049194,4,4,4,3,1,1,0,1,0
G:\Thesis\MonkSkinTone_Dataset\Segmented_MSTE\subject_0/PXL_20220922_132858876.PORTRAIT.jpg,3,3,2,0,0.5481325387954712,6,6,6,5,1,3,0,0,0
