image_path,true_label,true_mst,true_class,true_bin,pred_scalar,pred_mst_rounded,pred_label,pred_mst,pred_class,pred_bin,abs_error,match_exact,match_pm1,match_bin
G:\Thesis\MonkSkinTone_Dataset\Segmented_MSTE\subject_18/PXL_20220922_183640936.PORTRAIT.jpg,1,1,0,0,0.5115185976028442,6,6,6,5,1,5,0,0,0
G:\Thesis\MonkSkinTone_Dataset\Segmented_MSTE\subject_18/PXL_20220922_183639710.PORTRAIT.jpg,1,1,0,0,0.5608155131340027,6,6,6,5,1,5,0,0,0
G:\Thesis\MonkSkinTone_Dataset\Segmented_MSTE\subject_18/PXL_20220922_183638393.PORTRAIT.jpg,1,1,0,0,0.4932251572608948,5,5,5,4,1,4,0,0,0
G:\Thesis\MonkSkinTone_Dataset\Segmented_MSTE\subject_18/PXL_20220922_183636542.PORTRAIT.jpg,1,1,0,0,0.40145188570022583,5,5,5,4,1,4,0,0,0
G:\Thesis\MonkSkinTone_Dataset\Segmented_MSTE\subject_18/PXL_20220922_183634690.PORTRAIT.jpg,1,1,0,0,0.5991934537887573,6,6,6,5,1,5,0,0,0
G:\Thesis\MonkSkinTone_Dataset\Segmented_MSTE\subject_18/PXL_20220922_183627117.PORTRAIT.jpg,1,1,0,0,0.37044113874435425,4,4,4,3,1,3,0,0,0
G:\Thesis\MonkSkinTone_Dataset\Segmented_MSTE\subject_18/PXL_20220922_183621991.PORTRAIT.jpg,1,1,0,0,0.29055216908454895,4,4,4,3,1,3,0,0,0
G:\Thesis\MonkSkinTone_Dataset\Segmented_MSTE\subject_18/PXL_20220922_183620053.PORTRAIT.jpg,1,1,0,0,0.3324807584285736,4,4,4,3,1,3,0,0,0
G:\Thesis\MonkSkinTone_Dataset\Segmented_MSTE\subject_18/PXL_20220922_183617300.PORTRAIT.jpg,1,1,0,0,0.6686332821846008,7,7,7,6,1,6,0,0,0
G:\Thesis\MonkSkinTone_Dataset\Segmented_MSTE\subject_18/PXL_20220922_183616200.PORTRAIT.jpg,1,1,0,0,0.18331065773963928,3,3,3,2,0,2,0,0,1
G:\Thesis\MonkSkinTone_Dataset\Segmented_MSTE\subject_18/PXL_20220922_183614881.PORTRAIT.jpg,1,1,0,0,0.1830107420682907,3,3,3,2,0,2,0,0,1
G:\Thesis\MonkSkinTone_Dataset\Segmented_MSTE\subject_18/PXL_20220922_183613264.PORTRAIT.jpg,1,1,0,0,0.2071150839328766,3,3,3,2,0,2,0,0,1
G:\Thesis\MonkSkinTone_Dataset\Segmented_MSTE\subject_18/PXL_20220922_183609632.PORTRAIT.jpg,1,1,0,0,0.22580118477344513,3,3,3,2,0,2,0,0,1
G:\Thesis\MonkSkinTone_Dataset\Segmented_MSTE\subject_18/PXL_20220922_183530266.jpg,1,1,0,0,0.48967158794403076,5,5,5,4,1,4,0,0,0
G:\Thesis\MonkSkinTone_Dataset\Segmented_MSTE\subject_18/PXL_20220922_183523486.jpg,1,1,0,0,0.6330896019935608,7,7,7,6,1,6,0,0,0
G:\Thesis\MonkSkinTone_Dataset\Segmented_MSTE\subject_18/PXL_20220922_183521096.jpg,1,1,0,0,0.3311879634857178,4,4,4,3,1,3,0,0,0
G:\Thesis\MonkSkinTone_Dataset\Segmented_MSTE\subject_18/PXL_20220922_183519975.jpg,1,1,0,0,0.3362843096256256,4,4,4,3,1,3,0,0,0
G:\Thesis\MonkSkinTone_Dataset\Segmented_MSTE\subject_18/PXL_20220922_183518814.jpg,1,1,0,0,0.518885612487793,6,6,6,5,1,5,0,0,0
G:\Thesis\MonkSkinTone_Dataset\Segmented_MSTE\subject_18/PXL_20220922_183517768.jpg,1,1,0,0,0.5741316080093384,6,6,6,5,1,5,0,0,0
G:\Thesis\MonkSkinTone_Dataset\Segmented_MSTE\subject_18/PXL_20220922_183511299.jpg,1,1,0,0,0.513943076133728,6,6,6,5,1,5,0,0,0
G:\Thesis\MonkSkinTone_Dataset\Segmented_MSTE\subject_18/PXL_20220922_183508755.jpg,1,1,0,0,0.23367787897586823,3,3,3,2,0,2,0,0,1
G:\Thesis\MonkSkinTone_Dataset\Segmented_MSTE\subject_18/PXL_20220922_183507645.jpg,1,1,0,0,0.29844537377357483,4,4,4,3,1,3,0,0,0
G:\Thesis\MonkSkinTone_Dataset\Segmented_MSTE\subject_18/PXL_20220922_183506625.jpg,1,1,0,0,0.43140819668769836,5,5,5,4,1,4,0,0,0
G:\Thesis\MonkSkinTone_Dataset\Segmented_MSTE\subject_18/PXL_20220922_183500918.jpg,1,1,0,0,0.44617804884910583,5,5,5,4,1,4,0,0,0
G:\Thesis\MonkSkinTone_Dataset\Segmented_MSTE\subject_18/PXL_20220922_183458519.jpg,1,1,0,0,0.09437230229377747,2,2,2,1,0,1,0,1,1
G:\Thesis\MonkSkinTone_Dataset\Segmented_MSTE\subject_18/PXL_20220922_183457367.jpg,1,1,0,0,0.1987195909023285,3,3,3,2,0,2,0,0,1
G:\Thesis\MonkSkinTone_Dataset\Segmented_MSTE\subject_18/PXL_20220922_183456183.jpg,1,1,0,0,0.4796193838119507,5,5,5,4,1,4,0,0,0
G:\Thesis\MonkSkinTone_Dataset\Segmented_MSTE\subject_18/PXL_20220922_183453555.jpg,1,1,0,0,0.5093955397605896,6,6,6,5,1,5,0,0,0
G:\Thesis\MonkSkinTone_Dataset\Segmented_MSTE\subject_18/PXL_20220922_183450974.jpg,1,1,0,0,0.3447014391422272,4,4,4,3,1,3,0,0,0
G:\Thesis\MonkSkinTone_Dataset\Segmented_MSTE\subject_18/PXL_20220922_183449581.jpg,1,1,0,0,0.294630229473114,4,4,4,3,1,3,0,0,0
G:\Thesis\MonkSkinTone_Dataset\Segmented_MSTE\subject_18/PXL_20220922_183448133.jpg,1,1,0,0,0.42873480916023254,5,5,5,4,1,4,0,0,0
G:\Thesis\MonkSkinTone_Dataset\Segmented_MSTE\subject_18/PXL_20220922_183322816.jpg,1,1,0,0,0.4023600220680237,5,5,5,4,1,4,0,0,0
G:\Thesis\MonkSkinTone_Dataset\Segmented_MSTE\subject_18/PXL_20220922_183321028.jpg,1,1,0,0,0.9261942505836487,9,9,9,8,2,8,0,0,0
G:\Thesis\MonkSkinTone_Dataset\Segmented_MSTE\subject_18/PXL_20220922_183319912.jpg,1,1,0,0,0.21957646310329437,3,3,3,2,0,2,0,0,1
G:\Thesis\MonkSkinTone_Dataset\Segmented_MSTE\subject_18/PXL_20220922_183318443.jpg,1,1,0,0,0.3082517981529236,4,4,4,3,1,3,0,0,0
G:\Thesis\MonkSkinTone_Dataset\Segmented_MSTE\subject_18/PXL_20220922_183317218.jpg,1,1,0,0,0.2123975306749344,3,3,3,2,0,2,0,0,1
G:\Thesis\MonkSkinTone_Dataset\Segmented_MSTE\subject_18/PXL_20220922_183315539.jpg,1,1,0,0,0.2812046408653259,4,4,4,3,1,3,0,0,0
G:\Thesis\MonkSkinTone_Dataset\Segmented_MSTE\subject_18/PXL_20220922_183305849.jpg,1,1,0,0,0.5789037346839905,6,6,6,5,1,5,0,0,0
G:\Thesis\MonkSkinTone_Dataset\Segmented_MSTE\subject_18/PXL_20220922_183304378.jpg,1,1,0,0,0.042447008192539215,1,1,1,0,0,0,1,1,1
G:\Thesis\MonkSkinTone_Dataset\Segmented_MSTE\subject_18/PXL_20220922_183302961.jpg,1,1,0,0,0.10105019062757492,2,2,2,1,0,1,0,1,1
G:\Thesis\MonkSkinTone_Dataset\Segmented_MSTE\subject_18/PXL_20220922_183301497.jpg,1,1,0,0,0.21182328462600708,3,3,3,2,0,2,0,0,1
G:\Thesis\MonkSkinTone_Dataset\Segmented_MSTE\subject_18/PXL_20220922_183142438.jpg ,1,1,0,0,0.4584037959575653,5,5,5,4,1,4,0,0,0
G:\Thesis\MonkSkinTone_Dataset\Segmented_MSTE\subject_18/PXL_20220922_183140964.jpg,1,1,0,0,0.024731134995818138,1,1,1,0,0,0,1,1,1
G:\Thesis\MonkSkinTone_Dataset\Segmented_MSTE\subject_18/PXL_20220922_183139502.jpg,1,1,0,0,0.03741424158215523,1,1,1,0,0,0,1,1,1
G:\Thesis\MonkSkinTone_Dataset\Segmented_MSTE\subject_18/PXL_20220922_183138108.jpg,1,1,0,0,0.03791554644703865,1,1,1,0,0,0,1,1,1
G:\Thesis\MonkSkinTone_Dataset\Segmented_MSTE\subject_18/PXL_20220922_183136584.jpg,1,1,0,0,0.1567760407924652,2,2,2,1,0,1,0,1,1
G:\Thesis\MonkSkinTone_Dataset\Segmented_MSTE\subject_18/PXL_20220922_183130795.jpg,1,1,0,0,0.5178689360618591,6,6,6,5,1,5,0,0,0
G:\Thesis\MonkSkinTone_Dataset\Segmented_MSTE\subject_18/PXL_20220922_183129130.jpg,1,1,0,0,0.11221540719270706,2,2,2,1,0,1,0,1,1
G:\Thesis\MonkSkinTone_Dataset\Segmented_MSTE\subject_18/PXL_20220922_183127653.jpg,1,1,0,0,0.06714098155498505,2,2,2,1,0,1,0,1,1
G:\Thesis\MonkSkinTone_Dataset\Segmented_MSTE\subject_18/PXL_20220922_183126312.jpg,1,1,0,0,0.1924901008605957,3,3,3,2,0,2,0,0,1
G:\Thesis\MonkSkinTone_Dataset\Segmented_MSTE\subject_18/PXL_20220922_183125041.jpg,1,1,0,0,0.3799039125442505,4,4,4,3,1,3,0,0,0
G:\Thesis\MonkSkinTone_Dataset\Segmented_MSTE\subject_18/PXL_20220922_183059733.jpg,1,1,0,0,0.1987847089767456,3,3,3,2,0,2,0,0,1
G:\Thesis\MonkSkinTone_Dataset\Segmented_MSTE\subject_18/PXL_20220922_183057897.jpg,1,1,0,0,0.07283499091863632,2,2,2,1,0,1,0,1,1
G:\Thesis\MonkSkinTone_Dataset\Segmented_MSTE\subject_18/PXL_20220922_183056227.jpg,1,1,0,0,0.02909100614488125,1,1,1,0,0,0,1,1,1
G:\Thesis\MonkSkinTone_Dataset\Segmented_MSTE\subject_18/PXL_20220922_183054615.jpg,1,1,0,0,0.24850095808506012,3,3,3,2,0,2,0,0,1
G:\Thesis\MonkSkinTone_Dataset\Segmented_MSTE\subject_18/PXL_20220922_183052857.jpg,1,1,0,0,0.17136207222938538,3,3,3,2,0,2,0,0,1
G:\Thesis\MonkSkinTone_Dataset\Segmented_MSTE\subject_18/PXL_20220922_183050690.jpg,1,1,0,0,0.5444422960281372,6,6,6,5,1,5,0,0,0
G:\Thesis\MonkSkinTone_Dataset\Segmented_MSTE\subject_18/PXL_20220922_183047955.jpg,1,1,0,0,0.0730525329709053,2,2,2,1,0,1,0,1,1
G:\Thesis\MonkSkinTone_Dataset\Segmented_MSTE\subject_18/PXL_20220922_183046058.jpg,1,1,0,0,0.07800032198429108,2,2,2,1,0,1,0,1,1
G:\Thesis\MonkSkinTone_Dataset\Segmented_MSTE\subject_18/PXL_20220922_183044451.jpg,1,1,0,0,0.04624706134200096,1,1,1,0,0,0,1,1,1
G:\Thesis\MonkSkinTone_Dataset\Segmented_MSTE\subject_18/PXL_20220922_183041910.jpg,1,1,0,0,0.20163223147392273,3,3,3,2,0,2,0,0,1
G:\Thesis\MonkSkinTone_Dataset\Segmented_MSTE\subject_18/PXL_20220922_182846104.jpg,1,1,0,0,0.16807565093040466,3,3,3,2,0,2,0,0,1
G:\Thesis\MonkSkinTone_Dataset\Segmented_MSTE\subject_18/PXL_20220922_182843801.jpg,1,1,0,0,0.10757818818092346,2,2,2,1,0,1,0,1,1
G:\Thesis\MonkSkinTone_Dataset\Segmented_MSTE\subject_18/PXL_20220922_182838794.jpg,1,1,0,0,0.14577311277389526,2,2,2,1,0,1,0,1,1
G:\Thesis\MonkSkinTone_Dataset\Segmented_MSTE\subject_18/PXL_20220922_182836446.jpg,1,1,0,0,0.1459062695503235,2,2,2,1,0,1,0,1,1
G:\Thesis\MonkSkinTone_Dataset\Segmented_MSTE\subject_18/PXL_20220922_182827542.jpg,1,1,0,0,0.13542845845222473,2,2,2,1,0,1,0,1,1
G:\Thesis\MonkSkinTone_Dataset\Segmented_MSTE\subject_18/PXL_20220922_182823421.jpg,1,1,0,0,0.21759383380413055,3,3,3,2,0,2,0,0,1
G:\Thesis\MonkSkinTone_Dataset\Segmented_MSTE\subject_18/PXL_20220922_182821960.jpg,1,1,0,0,0.07242131978273392,2,2,2,1,0,1,0,1,1
G:\Thesis\MonkSkinTone_Dataset\Segmented_MSTE\subject_18/PXL_20220922_182820039.jpg,1,1,0,0,0.27557504177093506,3,3,3,2,0,2,0,0,1
G:\Thesis\MonkSkinTone_Dataset\Segmented_MSTE\subject_18/PXL_20220922_182818299.jpg,1,1,0,0,0.3335535228252411,4,4,4,3,1,3,0,0,0
G:\Thesis\MonkSkinTone_Dataset\Segmented_MSTE\subject_18/PXL_20220922_182816244.jpg,1,1,0,0,0.18039514124393463,3,3,3,2,0,2,0,0,1
G:\Thesis\MonkSkinTone_Dataset\Segmented_MSTE\subject_18/PXL_20220922_182730001.jpg,1,1,0,0,0.35249659419059753,4,4,4,3,1,3,0,0,0
G:\Thesis\MonkSkinTone_Dataset\Segmented_MSTE\subject_18/PXL_20220922_182727968.jpg,1,1,0,0,0.3790411353111267,4,4,4,3,1,3,0,0,0
G:\Thesis\MonkSkinTone_Dataset\Segmented_MSTE\subject_18/PXL_20220922_182726348.jpg,1,1,0,0,0.11855224519968033,2,2,2,1,0,1,0,1,1
G:\Thesis\MonkSkinTone_Dataset\Segmented_MSTE\subject_18/PXL_20220922_182724563.jpg,1,1,0,0,0.11204547435045242,2,2,2,1,0,1,0,1,1
G:\Thesis\MonkSkinTone_Dataset\Segmented_MSTE\subject_18/PXL_20220922_182722342.jpg,1,1,0,0,0.3604087829589844,4,4,4,3,1,3,0,0,0
G:\Thesis\MonkSkinTone_Dataset\Segmented_MSTE\subject_18/PXL_20220922_182713149.jpg,1,1,0,0,0.4914121627807617,5,5,5,4,1,4,0,0,0
G:\Thesis\MonkSkinTone_Dataset\Segmented_MSTE\subject_18/PXL_20220922_182711815.jpg,1,1,0,0,0.3120447099208832,4,4,4,3,1,3,0,0,0
G:\Thesis\MonkSkinTone_Dataset\Segmented_MSTE\subject_18/PXL_20220922_182710449.jpg,1,1,0,0,0.2130541354417801,3,3,3,2,0,2,0,0,1
G:\Thesis\MonkSkinTone_Dataset\Segmented_MSTE\subject_18/PXL_20220922_182708946.jpg,1,1,0,0,0.26371586322784424,3,3,3,2,0,2,0,0,1
G:\Thesis\MonkSkinTone_Dataset\Segmented_MSTE\subject_18/PXL_20220922_182706230.jpg,1,1,0,0,0.18403282761573792,3,3,3,2,0,2,0,0,1
G:\Thesis\MonkSkinTone_Dataset\Segmented_MSTE\subject_18/PXL_20220922_182653661.jpg,1,1,0,0,0.31533053517341614,4,4,4,3,1,3,0,0,0
G:\Thesis\MonkSkinTone_Dataset\Segmented_MSTE\subject_18/PXL_20220922_182652060.jpg,1,1,0,0,0.1615917831659317,2,2,2,1,0,1,0,1,1
G:\Thesis\MonkSkinTone_Dataset\Segmented_MSTE\subject_18/PXL_20220922_182650673.jpg,1,1,0,0,0.019440315663814545,1,1,1,0,0,0,1,1,1
G:\Thesis\MonkSkinTone_Dataset\Segmented_MSTE\subject_18/PXL_20220922_182649088.jpg,1,1,0,0,0.05402152240276337,1,1,1,0,0,0,1,1,1
G:\Thesis\MonkSkinTone_Dataset\Segmented_MSTE\subject_18/PXL_20220922_182647374.jpg,1,1,0,0,0.09032324701547623,2,2,2,1,0,1,0,1,1
G:\Thesis\MonkSkinTone_Dataset\Segmented_MSTE\subject_18/PXL_20220922_182645489.jpg,1,1,0,0,0.22881333529949188,3,3,3,2,0,2,0,0,1
G:\Thesis\MonkSkinTone_Dataset\Segmented_MSTE\subject_18/PXL_20220922_182642800.jpg,1,1,0,0,0.22819149494171143,3,3,3,2,0,2,0,0,1
G:\Thesis\MonkSkinTone_Dataset\Segmented_MSTE\subject_18/PXL_20220922_182641003.jpg,1,1,0,0,0.050251513719558716,1,1,1,0,0,0,1,1,1
G:\Thesis\MonkSkinTone_Dataset\Segmented_MSTE\subject_18/PXL_20220922_182639058.jpg,1,1,0,0,0.43797844648361206,5,5,5,4,1,4,0,0,0
G:\Thesis\MonkSkinTone_Dataset\Segmented_MSTE\subject_18/PXL_20220922_182636989.jpg,1,1,0,0,0.13791586458683014,2,2,2,1,0,1,0,1,1
G:\Thesis\MonkSkinTone_Dataset\Segmented_MSTE\subject_18/PXL_20220922_182633863.jpg,1,1,0,0,0.37056824564933777,4,4,4,3,1,3,0,0,0
G:\Thesis\MonkSkinTone_Dataset\Segmented_MSTE\subject_17/PXL_20220922_185827818.jpg,8,8,7,2,0.5845584869384766,6,6,6,5,1,2,0,0,0
G:\Thesis\MonkSkinTone_Dataset\Segmented_MSTE\subject_17/PXL_20220922_185825103.jpg,8,8,7,2,0.8326132297515869,8,8,8,7,2,0,1,1,1
G:\Thesis\MonkSkinTone_Dataset\Segmented_MSTE\subject_17/PXL_20220922_185814512.jpg,8,8,7,2,0.8102157115936279,8,8,8,7,2,0,1,1,1
G:\Thesis\MonkSkinTone_Dataset\Segmented_MSTE\subject_17/PXL_20220922_185812471.jpg,8,8,7,2,0.9138790369033813,9,9,9,8,2,1,0,1,1
G:\Thesis\MonkSkinTone_Dataset\Segmented_MSTE\subject_17/PXL_20220922_185804157.jpg,8,8,7,2,0.785115659236908,8,8,8,7,2,0,1,1,1
G:\Thesis\MonkSkinTone_Dataset\Segmented_MSTE\subject_17/PXL_20220922_185800557.jpg,8,8,7,2,0.663814127445221,7,7,7,6,1,1,0,1,0
G:\Thesis\MonkSkinTone_Dataset\Segmented_MSTE\subject_17/PXL_20220922_185757301.jpg,8,8,7,2,0.7491202354431152,8,8,8,7,2,0,1,1,1
G:\Thesis\MonkSkinTone_Dataset\Segmented_MSTE\subject_17/PXL_20220922_185754281.jpg,8,8,7,2,0.7230887413024902,8,8,8,7,2,0,1,1,1
G:\Thesis\MonkSkinTone_Dataset\Segmented_MSTE\subject_17/PXL_20220922_185705214.jpg,8,8,7,2,0.5545839667320251,6,6,6,5,1,2,0,0,0
G:\Thesis\MonkSkinTone_Dataset\Segmented_MSTE\subject_17/PXL_20220922_185703775.jpg,8,8,7,2,0.6991611123085022,7,7,7,6,1,1,0,1,0
G:\Thesis\MonkSkinTone_Dataset\Segmented_MSTE\subject_17/PXL_20220922_185702103.jpg,8,8,7,2,0.4599383771419525,5,5,5,4,1,3,0,0,0
G:\Thesis\MonkSkinTone_Dataset\Segmented_MSTE\subject_17/PXL_20220922_185700581.jpg,8,8,7,2,0.2132543921470642,3,3,3,2,0,5,0,0,0
G:\Thesis\MonkSkinTone_Dataset\Segmented_MSTE\subject_17/PXL_20220922_185659098.jpg,8,8,7,2,0.5240563154220581,6,6,6,5,1,2,0,0,0
G:\Thesis\MonkSkinTone_Dataset\Segmented_MSTE\subject_17/PXL_20220922_185657391.jpg,8,8,7,2,0.6430923938751221,7,7,7,6,1,1,0,1,0
G:\Thesis\MonkSkinTone_Dataset\Segmented_MSTE\subject_17/PXL_20220922_185655701.jpg,8,8,7,2,0.4324149489402771,5,5,5,4,1,3,0,0,0
G:\Thesis\MonkSkinTone_Dataset\Segmented_MSTE\subject_17/PXL_20220922_185654282.jpg,8,8,7,2,0.2274465709924698,3,3,3,2,0,5,0,0,0
G:\Thesis\MonkSkinTone_Dataset\Segmented_MSTE\subject_17/PXL_20220922_185652542.jpg,8,8,7,2,0.5780917406082153,6,6,6,5,1,2,0,0,0
G:\Thesis\MonkSkinTone_Dataset\Segmented_MSTE\subject_17/PXL_20220922_185651168.jpg,8,8,7,2,0.5168789625167847,6,6,6,5,1,2,0,0,0
G:\Thesis\MonkSkinTone_Dataset\Segmented_MSTE\subject_17/PXL_20220922_185514681.jpg,8,8,7,2,0.5700746774673462,6,6,6,5,1,2,0,0,0
G:\Thesis\MonkSkinTone_Dataset\Segmented_MSTE\subject_17/PXL_20220922_185512817.jpg,8,8,7,2,0.951732337474823,10,10,10,9,2,2,0,0,1
G:\Thesis\MonkSkinTone_Dataset\Segmented_MSTE\subject_17/PXL_20220922_185510279.jpg,8,8,7,2,0.5843920111656189,6,6,6,5,1,2,0,0,0
G:\Thesis\MonkSkinTone_Dataset\Segmented_MSTE\subject_17/PXL_20220922_185507420.jpg,8,8,7,2,0.5985621213912964,6,6,6,5,1,2,0,0,0
G:\Thesis\MonkSkinTone_Dataset\Segmented_MSTE\subject_17/PXL_20220922_185505997.jpg,8,8,7,2,0.6550746560096741,7,7,7,6,1,1,0,1,0
G:\Thesis\MonkSkinTone_Dataset\Segmented_MSTE\subject_17/PXL_20220922_185504598.jpg,8,8,7,2,0.6330694556236267,7,7,7,6,1,1,0,1,0
G:\Thesis\MonkSkinTone_Dataset\Segmented_MSTE\subject_17/PXL_20220922_185456930.jpg,8,8,7,2,0.6863493919372559,7,7,7,6,1,1,0,1,0
G:\Thesis\MonkSkinTone_Dataset\Segmented_MSTE\subject_17/PXL_20220922_185442196.jpg,8,8,7,2,0.6528141498565674,7,7,7,6,1,1,0,1,0
G:\Thesis\MonkSkinTone_Dataset\Segmented_MSTE\subject_17/PXL_20220922_185440334.jpg,8,8,7,2,0.7202374339103699,7,7,7,6,1,1,0,1,0
G:\Thesis\MonkSkinTone_Dataset\Segmented_MSTE\subject_17/PXL_20220922_185419849.PORTRAIT.jpg,8,8,7,2,0.5885442495346069,6,6,6,5,1,2,0,0,0
G:\Thesis\MonkSkinTone_Dataset\Segmented_MSTE\subject_17/PXL_20220922_185418367.PORTRAIT.jpg,8,8,7,2,0.6391604542732239,7,7,7,6,1,1,0,1,0
G:\Thesis\MonkSkinTone_Dataset\Segmented_MSTE\subject_17/PXL_20220922_185416595.PORTRAIT.jpg,8,8,7,2,0.6850369572639465,7,7,7,6,1,1,0,1,0
G:\Thesis\MonkSkinTone_Dataset\Segmented_MSTE\subject_17/PXL_20220922_185415142.PORTRAIT.jpg,8,8,7,2,0.8380643129348755,9,9,9,8,2,1,0,1,1
G:\Thesis\MonkSkinTone_Dataset\Segmented_MSTE\subject_17/PXL_20220922_185410258.PORTRAIT.jpg,8,8,7,2,0.6526744365692139,7,7,7,6,1,1,0,1,0
G:\Thesis\MonkSkinTone_Dataset\Segmented_MSTE\subject_17/PXL_20220922_185404798.PORTRAIT.jpg,8,8,7,2,0.6906830072402954,7,7,7,6,1,1,0,1,0
G:\Thesis\MonkSkinTone_Dataset\Segmented_MSTE\subject_17/PXL_20220922_185403014.PORTRAIT.jpg,8,8,7,2,0.4966408610343933,5,5,5,4,1,3,0,0,0
G:\Thesis\MonkSkinTone_Dataset\Segmented_MSTE\subject_17/PXL_20220922_185401468.PORTRAIT.jpg,8,8,7,2,0.35570380091667175,4,4,4,3,1,4,0,0,0
G:\Thesis\MonkSkinTone_Dataset\Segmented_MSTE\subject_17/PXL_20220922_185359690.PORTRAIT.jpg,8,8,7,2,0.7060904502868652,7,7,7,6,1,1,0,1,0
G:\Thesis\MonkSkinTone_Dataset\Segmented_MSTE\subject_17/PXL_20220922_185358150.PORTRAIT.jpg,8,8,7,2,0.6211360096931458,7,7,7,6,1,1,0,1,0
G:\Thesis\MonkSkinTone_Dataset\Segmented_MSTE\subject_17/PXL_20220922_185316365.PORTRAIT.jpg,8,8,7,2,0.7342269420623779,8,8,8,7,2,0,1,1,1
G:\Thesis\MonkSkinTone_Dataset\Segmented_MSTE\subject_17/PXL_20220922_185314924.PORTRAIT.jpg,8,8,7,2,0.6280803680419922,7,7,7,6,1,1,0,1,0
G:\Thesis\MonkSkinTone_Dataset\Segmented_MSTE\subject_17/PXL_20220922_185313189.PORTRAIT.jpg,8,8,7,2,0.5005794167518616,6,6,6,5,1,2,0,0,0
G:\Thesis\MonkSkinTone_Dataset\Segmented_MSTE\subject_17/PXL_20220922_185311564.PORTRAIT.jpg,8,8,7,2,0.5206883549690247,6,6,6,5,1,2,0,0,0
G:\Thesis\MonkSkinTone_Dataset\Segmented_MSTE\subject_17/PXL_20220922_185309607.PORTRAIT.jpg,8,8,7,2,0.5162100791931152,6,6,6,5,1,2,0,0,0
G:\Thesis\MonkSkinTone_Dataset\Segmented_MSTE\subject_17/PXL_20220922_185248297.jpg,8,8,7,2,0.7862393260002136,8,8,8,7,2,0,1,1,1
G:\Thesis\MonkSkinTone_Dataset\Segmented_MSTE\subject_17/PXL_20220922_185246916.jpg,8,8,7,2,0.4794968366622925,5,5,5,4,1,3,0,0,0
G:\Thesis\MonkSkinTone_Dataset\Segmented_MSTE\subject_17/PXL_20220922_185245527.jpg,8,8,7,2,0.5161632895469666,6,6,6,5,1,2,0,0,0
G:\Thesis\MonkSkinTone_Dataset\Segmented_MSTE\subject_17/PXL_20220922_185244102.jpg,8,8,7,2,0.6651729345321655,7,7,7,6,1,1,0,1,0
G:\Thesis\MonkSkinTone_Dataset\Segmented_MSTE\subject_17/PXL_20220922_185242494.jpg,8,8,7,2,0.7360302805900574,8,8,8,7,2,0,1,1,1
G:\Thesis\MonkSkinTone_Dataset\Segmented_MSTE\subject_17/PXL_20220922_185224507.jpg,8,8,7,2,0.7913930416107178,8,8,8,7,2,0,1,1,1
G:\Thesis\MonkSkinTone_Dataset\Segmented_MSTE\subject_17/PXL_20220922_185206022.jpg,8,8,7,2,0.5238819718360901,6,6,6,5,1,2,0,0,0
G:\Thesis\MonkSkinTone_Dataset\Segmented_MSTE\subject_17/PXL_20220922_185204671.jpg,8,8,7,2,0.7632980942726135,8,8,8,7,2,0,1,1,1
G:\Thesis\MonkSkinTone_Dataset\Segmented_MSTE\subject_17/PXL_20220922_185202869.jpg,8,8,7,2,0.8182421326637268,8,8,8,7,2,0,1,1,1
G:\Thesis\MonkSkinTone_Dataset\Segmented_MSTE\subject_17/PXL_20220922_185201154.jpg,8,8,7,2,0.5087938904762268,6,6,6,5,1,2,0,0,0
G:\Thesis\MonkSkinTone_Dataset\Segmented_MSTE\subject_17/PXL_20220922_185158900.jpg,8,8,7,2,0.6981180310249329,7,7,7,6,1,1,0,1,0
G:\Thesis\MonkSkinTone_Dataset\Segmented_MSTE\subject_17/PXL_20220922_185144400.jpg,8,8,7,2,0.46313536167144775,5,5,5,4,1,3,0,0,0
G:\Thesis\MonkSkinTone_Dataset\Segmented_MSTE\subject_17/PXL_20220922_185139946.jpg,8,8,7,2,0.543027400970459,6,6,6,5,1,2,0,0,0
G:\Thesis\MonkSkinTone_Dataset\Segmented_MSTE\subject_17/PXL_20220922_185138091.jpg,8,8,7,2,0.46261903643608093,5,5,5,4,1,3,0,0,0
G:\Thesis\MonkSkinTone_Dataset\Segmented_MSTE\subject_17/PXL_20220922_185122947.jpg,8,8,7,2,0.627208411693573,7,7,7,6,1,1,0,1,0
G:\Thesis\MonkSkinTone_Dataset\Segmented_MSTE\subject_16/PXL_20220922_163344625.jpg,1,1,0,0,0.4106888175010681,5,5,5,4,1,4,0,0,0
G:\Thesis\MonkSkinTone_Dataset\Segmented_MSTE\subject_16/PXL_20220922_163343338.jpg,1,1,0,0,0.18109197914600372,3,3,3,2,0,2,0,0,1
G:\Thesis\MonkSkinTone_Dataset\Segmented_MSTE\subject_16/PXL_20220922_163342238.jpg,1,1,0,0,0.3392305374145508,4,4,4,3,1,3,0,0,0
G:\Thesis\MonkSkinTone_Dataset\Segmented_MSTE\subject_16/PXL_20220922_163340954.jpg,1,1,0,0,0.23418286442756653,3,3,3,2,0,2,0,0,1
G:\Thesis\MonkSkinTone_Dataset\Segmented_MSTE\subject_16/PXL_20220922_163339153.jpg,1,1,0,0,0.23639646172523499,3,3,3,2,0,2,0,0,1
G:\Thesis\MonkSkinTone_Dataset\Segmented_MSTE\subject_16/PXL_20220922_163336203.jpg,1,1,0,0,0.594909131526947,6,6,6,5,1,5,0,0,0
G:\Thesis\MonkSkinTone_Dataset\Segmented_MSTE\subject_16/PXL_20220922_163335011.jpg,1,1,0,0,0.3566691279411316,4,4,4,3,1,3,0,0,0
G:\Thesis\MonkSkinTone_Dataset\Segmented_MSTE\subject_16/PXL_20220922_163332303.jpg,1,1,0,0,0.3503342568874359,4,4,4,3,1,3,0,0,0
G:\Thesis\MonkSkinTone_Dataset\Segmented_MSTE\subject_16/PXL_20220922_163330235.jpg,1,1,0,0,0.38630175590515137,4,4,4,3,1,3,0,0,0
G:\Thesis\MonkSkinTone_Dataset\Segmented_MSTE\subject_16/PXL_20220922_163246206.jpg,1,1,0,0,0.49823030829429626,5,5,5,4,1,4,0,0,0
G:\Thesis\MonkSkinTone_Dataset\Segmented_MSTE\subject_16/PXL_20220922_163243828.jpg,1,1,0,0,0.47517094016075134,5,5,5,4,1,4,0,0,0
G:\Thesis\MonkSkinTone_Dataset\Segmented_MSTE\subject_16/PXL_20220922_163242384.jpg,1,1,0,0,0.34542763233184814,4,4,4,3,1,3,0,0,0
G:\Thesis\MonkSkinTone_Dataset\Segmented_MSTE\subject_16/PXL_20220922_163240509.jpg,1,1,0,0,0.3324154019355774,4,4,4,3,1,3,0,0,0
G:\Thesis\MonkSkinTone_Dataset\Segmented_MSTE\subject_16/PXL_20220922_163238367.jpg,1,1,0,0,0.5830942392349243,6,6,6,5,1,5,0,0,0
G:\Thesis\MonkSkinTone_Dataset\Segmented_MSTE\subject_16/PXL_20220922_163233149.jpg,1,1,0,0,0.45235127210617065,5,5,5,4,1,4,0,0,0
G:\Thesis\MonkSkinTone_Dataset\Segmented_MSTE\subject_16/PXL_20220922_163231266.jpg,1,1,0,0,0.29288530349731445,4,4,4,3,1,3,0,0,0
G:\Thesis\MonkSkinTone_Dataset\Segmented_MSTE\subject_16/PXL_20220922_163229525.jpg,1,1,0,0,0.3298255503177643,4,4,4,3,1,3,0,0,0
G:\Thesis\MonkSkinTone_Dataset\Segmented_MSTE\subject_16/PXL_20220922_163227429.jpg,1,1,0,0,0.4642537236213684,5,5,5,4,1,4,0,0,0
G:\Thesis\MonkSkinTone_Dataset\Segmented_MSTE\subject_16/PXL_20220922_163224863.jpg,1,1,0,0,0.4172152280807495,5,5,5,4,1,4,0,0,0
G:\Thesis\MonkSkinTone_Dataset\Segmented_MSTE\subject_16/PXL_20220922_163221806.jpg,1,1,0,0,0.494689017534256,5,5,5,4,1,4,0,0,0
G:\Thesis\MonkSkinTone_Dataset\Segmented_MSTE\subject_16/PXL_20220922_163219950.jpg,1,1,0,0,0.30442461371421814,4,4,4,3,1,3,0,0,0
G:\Thesis\MonkSkinTone_Dataset\Segmented_MSTE\subject_16/PXL_20220922_163218116.jpg,1,1,0,0,0.3078099191188812,4,4,4,3,1,3,0,0,0
G:\Thesis\MonkSkinTone_Dataset\Segmented_MSTE\subject_16/PXL_20220922_163215993.jpg,1,1,0,0,0.39191117882728577,5,5,5,4,1,4,0,0,0
G:\Thesis\MonkSkinTone_Dataset\Segmented_MSTE\subject_16/PXL_20220922_163212621.jpg,1,1,0,0,0.3910022974014282,5,5,5,4,1,4,0,0,0
G:\Thesis\MonkSkinTone_Dataset\Segmented_MSTE\subject_16/PXL_20220922_163207738.jpg,1,1,0,0,0.41724884510040283,5,5,5,4,1,4,0,0,0
G:\Thesis\MonkSkinTone_Dataset\Segmented_MSTE\subject_16/PXL_20220922_163205440.jpg,1,1,0,0,0.4230756163597107,5,5,5,4,1,4,0,0,0
G:\Thesis\MonkSkinTone_Dataset\Segmented_MSTE\subject_16/PXL_20220922_163158577.jpg,1,1,0,0,0.302872896194458,4,4,4,3,1,3,0,0,0
G:\Thesis\MonkSkinTone_Dataset\Segmented_MSTE\subject_16/PXL_20220922_163156369.jpg,1,1,0,0,0.3615703582763672,4,4,4,3,1,3,0,0,0
G:\Thesis\MonkSkinTone_Dataset\Segmented_MSTE\subject_16/PXL_20220922_163153639.jpg,1,1,0,0,0.4182487726211548,5,5,5,4,1,4,0,0,0
G:\Thesis\MonkSkinTone_Dataset\Segmented_MSTE\subject_16/PXL_20220922_163150248.jpg,1,1,0,0,0.30171942710876465,4,4,4,3,1,3,0,0,0
G:\Thesis\MonkSkinTone_Dataset\Segmented_MSTE\subject_16/PXL_20220922_163052549.jpg,1,1,0,0,0.40045255422592163,5,5,5,4,1,4,0,0,0
G:\Thesis\MonkSkinTone_Dataset\Segmented_MSTE\subject_16/PXL_20220922_163051167.jpg,1,1,0,0,0.3458123505115509,4,4,4,3,1,3,0,0,0
G:\Thesis\MonkSkinTone_Dataset\Segmented_MSTE\subject_16/PXL_20220922_163049541.jpg,1,1,0,0,0.3285770118236542,4,4,4,3,1,3,0,0,0
G:\Thesis\MonkSkinTone_Dataset\Segmented_MSTE\subject_16/PXL_20220922_163048143.jpg,1,1,0,0,0.2860114872455597,4,4,4,3,1,3,0,0,0
G:\Thesis\MonkSkinTone_Dataset\Segmented_MSTE\subject_16/PXL_20220922_163045525.jpg,1,1,0,0,0.30409592390060425,4,4,4,3,1,3,0,0,0
G:\Thesis\MonkSkinTone_Dataset\Segmented_MSTE\subject_16/PXL_20220922_163041327.jpg,1,1,0,0,0.323273241519928,4,4,4,3,1,3,0,0,0
G:\Thesis\MonkSkinTone_Dataset\Segmented_MSTE\subject_16/PXL_20220922_163040135.jpg,1,1,0,0,0.18687987327575684,3,3,3,2,0,2,0,0,1
G:\Thesis\MonkSkinTone_Dataset\Segmented_MSTE\subject_16/PXL_20220922_163038839.jpg,1,1,0,0,0.19802775979042053,3,3,3,2,0,2,0,0,1
G:\Thesis\MonkSkinTone_Dataset\Segmented_MSTE\subject_16/PXL_20220922_163037538.jpg,1,1,0,0,0.35232165455818176,4,4,4,3,1,3,0,0,0
G:\Thesis\MonkSkinTone_Dataset\Segmented_MSTE\subject_16/PXL_20220922_163036224.jpg,1,1,0,0,0.3594057261943817,4,4,4,3,1,3,0,0,0
G:\Thesis\MonkSkinTone_Dataset\Segmented_MSTE\subject_16/PXL_20220922_163031782.jpg,1,1,0,0,0.43650707602500916,5,5,5,4,1,4,0,0,0
G:\Thesis\MonkSkinTone_Dataset\Segmented_MSTE\subject_16/PXL_20220922_163030548.jpg,1,1,0,0,0.3043007552623749,4,4,4,3,1,3,0,0,0
G:\Thesis\MonkSkinTone_Dataset\Segmented_MSTE\subject_16/PXL_20220922_163029140.jpg,1,1,0,0,0.2767353355884552,3,3,3,2,0,2,0,0,1
G:\Thesis\MonkSkinTone_Dataset\Segmented_MSTE\subject_16/PXL_20220922_163027663.jpg,1,1,0,0,0.3015109598636627,4,4,4,3,1,3,0,0,0
G:\Thesis\MonkSkinTone_Dataset\Segmented_MSTE\subject_16/PXL_20220922_163025599.jpg,1,1,0,0,0.3109900653362274,4,4,4,3,1,3,0,0,0
G:\Thesis\MonkSkinTone_Dataset\Segmented_MSTE\subject_16/PXL_20220922_162946598.jpg,1,1,0,0,0.2159738689661026,3,3,3,2,0,2,0,0,1
G:\Thesis\MonkSkinTone_Dataset\Segmented_MSTE\subject_16/PXL_20220922_162945260.jpg,1,1,0,0,0.17096468806266785,3,3,3,2,0,2,0,0,1
G:\Thesis\MonkSkinTone_Dataset\Segmented_MSTE\subject_16/PXL_20220922_162943445.jpg,1,1,0,0,0.05942625179886818,2,2,2,1,0,1,0,1,1
G:\Thesis\MonkSkinTone_Dataset\Segmented_MSTE\subject_16/PXL_20220922_162942226.jpg,1,1,0,0,0.07894505560398102,2,2,2,1,0,1,0,1,1
G:\Thesis\MonkSkinTone_Dataset\Segmented_MSTE\subject_16/PXL_20220922_162940283.jpg,1,1,0,0,0.14491981267929077,2,2,2,1,0,1,0,1,1
G:\Thesis\MonkSkinTone_Dataset\Segmented_MSTE\subject_16/PXL_20220922_162937771.jpg,1,1,0,0,0.1607668250799179,2,2,2,1,0,1,0,1,1
G:\Thesis\MonkSkinTone_Dataset\Segmented_MSTE\subject_16/PXL_20220922_162936557.jpg,1,1,0,0,0.10451222211122513,2,2,2,1,0,1,0,1,1
G:\Thesis\MonkSkinTone_Dataset\Segmented_MSTE\subject_16/PXL_20220922_162934684.jpg,1,1,0,0,0.1558733731508255,2,2,2,1,0,1,0,1,1
G:\Thesis\MonkSkinTone_Dataset\Segmented_MSTE\subject_16/PXL_20220922_162933194.jpg,1,1,0,0,0.17224755883216858,3,3,3,2,0,2,0,0,1
G:\Thesis\MonkSkinTone_Dataset\Segmented_MSTE\subject_16/PXL_20220922_162931300.jpg,1,1,0,0,0.1455993801355362,2,2,2,1,0,1,0,1,1
G:\Thesis\MonkSkinTone_Dataset\Segmented_MSTE\subject_16/PXL_20220922_162927043.jpg,1,1,0,0,0.12496872991323471,2,2,2,1,0,1,0,1,1
G:\Thesis\MonkSkinTone_Dataset\Segmented_MSTE\subject_16/PXL_20220922_162924532.jpg,1,1,0,0,0.14187587797641754,2,2,2,1,0,1,0,1,1
G:\Thesis\MonkSkinTone_Dataset\Segmented_MSTE\subject_16/PXL_20220922_162923216.jpg,1,1,0,0,0.15107125043869019,2,2,2,1,0,1,0,1,1
G:\Thesis\MonkSkinTone_Dataset\Segmented_MSTE\subject_16/PXL_20220922_162921844.jpg,1,1,0,0,0.059187572449445724,2,2,2,1,0,1,0,1,1
G:\Thesis\MonkSkinTone_Dataset\Segmented_MSTE\subject_16/PXL_20220922_162919912.jpg,1,1,0,0,0.26786476373672485,3,3,3,2,0,2,0,0,1
G:\Thesis\MonkSkinTone_Dataset\Segmented_MSTE\subject_16/PXL_20220922_162917375.jpg,1,1,0,0,0.18954002857208252,3,3,3,2,0,2,0,0,1
G:\Thesis\MonkSkinTone_Dataset\Segmented_MSTE\subject_16/PXL_20220922_162915871.jpg,1,1,0,0,0.10135194659233093,2,2,2,1,0,1,0,1,1
G:\Thesis\MonkSkinTone_Dataset\Segmented_MSTE\subject_16/PXL_20220922_162914173.jpg,1,1,0,0,0.07997427880764008,2,2,2,1,0,1,0,1,1
G:\Thesis\MonkSkinTone_Dataset\Segmented_MSTE\subject_16/PXL_20220922_162912581.jpg,1,1,0,0,0.24460473656654358,3,3,3,2,0,2,0,0,1
G:\Thesis\MonkSkinTone_Dataset\Segmented_MSTE\subject_16/PXL_20220922_162910059.jpg,1,1,0,0,0.10772399604320526,2,2,2,1,0,1,0,1,1
G:\Thesis\MonkSkinTone_Dataset\Segmented_MSTE\subject_16/PXL_20220922_162836588.jpg,1,1,0,0,0.43025723099708557,5,5,5,4,1,4,0,0,0
G:\Thesis\MonkSkinTone_Dataset\Segmented_MSTE\subject_16/PXL_20220922_162834847.jpg,1,1,0,0,0.04579281806945801,1,1,1,0,0,0,1,1,1
G:\Thesis\MonkSkinTone_Dataset\Segmented_MSTE\subject_16/PXL_20220922_162832750.jpg,1,1,0,0,0.04370471090078354,1,1,1,0,0,0,1,1,1
G:\Thesis\MonkSkinTone_Dataset\Segmented_MSTE\subject_16/PXL_20220922_162830836.jpg,1,1,0,0,0.12246245890855789,2,2,2,1,0,1,0,1,1
G:\Thesis\MonkSkinTone_Dataset\Segmented_MSTE\subject_16/PXL_20220922_162827172.jpg,1,1,0,0,0.08401644974946976,2,2,2,1,0,1,0,1,1
G:\Thesis\MonkSkinTone_Dataset\Segmented_MSTE\subject_16/PXL_20220922_162824514.jpg,1,1,0,0,0.19633708894252777,3,3,3,2,0,2,0,0,1
G:\Thesis\MonkSkinTone_Dataset\Segmented_MSTE\subject_16/PXL_20220922_162821871.jpg,1,1,0,0,0.04419489949941635,1,1,1,0,0,0,1,1,1
G:\Thesis\MonkSkinTone_Dataset\Segmented_MSTE\subject_16/PXL_20220922_162818819.jpg,1,1,0,0,0.0940205380320549,2,2,2,1,0,1,0,1,1
G:\Thesis\MonkSkinTone_Dataset\Segmented_MSTE\subject_16/PXL_20220922_162814014.jpg,1,1,0,0,0.012118332087993622,1,1,1,0,0,0,1,1,1
G:\Thesis\MonkSkinTone_Dataset\Segmented_MSTE\subject_16/PXL_20220922_162811412.jpg,1,1,0,0,0.12175760418176651,2,2,2,1,0,1,0,1,1
G:\Thesis\MonkSkinTone_Dataset\Segmented_MSTE\subject_16/PXL_20220922_162808508.jpg,1,1,0,0,0.10581260919570923,2,2,2,1,0,1,0,1,1
G:\Thesis\MonkSkinTone_Dataset\Segmented_MSTE\subject_16/PXL_20220922_162805930.jpg,1,1,0,0,0.06389810144901276,2,2,2,1,0,1,0,1,1
G:\Thesis\MonkSkinTone_Dataset\Segmented_MSTE\subject_16/PXL_20220922_162801535.jpg,1,1,0,0,0.24219410121440887,3,3,3,2,0,2,0,0,1
G:\Thesis\MonkSkinTone_Dataset\Segmented_MSTE\subject_16/PXL_20220922_162758602.jpg,1,1,0,0,0.027019338682293892,1,1,1,0,0,0,1,1,1
G:\Thesis\MonkSkinTone_Dataset\Segmented_MSTE\subject_16/PXL_20220922_162755253.jpg,1,1,0,0,0.04603126272559166,1,1,1,0,0,0,1,1,1
G:\Thesis\MonkSkinTone_Dataset\Segmented_MSTE\subject_16/PXL_20220922_162751666.jpg,1,1,0,0,0.04572860151529312,1,1,1,0,0,0,1,1,1
G:\Thesis\MonkSkinTone_Dataset\Segmented_MSTE\subject_16/PXL_20220922_162746982.jpg,1,1,0,0,0.2902721166610718,4,4,4,3,1,3,0,0,0
G:\Thesis\MonkSkinTone_Dataset\Segmented_MSTE\subject_15/PXL_20220922_132128162.PORTRAIT.jpg,3,3,2,0,0.24649585783481598,3,3,3,2,0,0,1,1,1
G:\Thesis\MonkSkinTone_Dataset\Segmented_MSTE\subject_15/PXL_20220922_132123452.PORTRAIT.jpg,3,3,2,0,0.10625966638326645,2,2,2,1,0,1,0,1,1
G:\Thesis\MonkSkinTone_Dataset\Segmented_MSTE\subject_15/PXL_20220922_132121109.PORTRAIT.jpg,3,3,2,0,0.4768790602684021,5,5,5,4,1,2,0,0,0
G:\Thesis\MonkSkinTone_Dataset\Segmented_MSTE\subject_15/PXL_20220922_132118269.PORTRAIT.jpg,3,3,2,0,0.32023507356643677,4,4,4,3,1,1,0,1,0
G:\Thesis\MonkSkinTone_Dataset\Segmented_MSTE\subject_15/PXL_20220922_132052576.PORTRAIT.jpg,3,3,2,0,0.19168652594089508,3,3,3,2,0,0,1,1,1
G:\Thesis\MonkSkinTone_Dataset\Segmented_MSTE\subject_15/PXL_20220922_132048784.PORTRAIT.jpg,3,3,2,0,0.39208123087882996,5,5,5,4,1,2,0,0,0
G:\Thesis\MonkSkinTone_Dataset\Segmented_MSTE\subject_15/PXL_20220922_132042033.PORTRAIT.jpg,3,3,2,0,0.6428791284561157,7,7,7,6,1,4,0,0,0
G:\Thesis\MonkSkinTone_Dataset\Segmented_MSTE\subject_15/PXL_20220922_132040123.PORTRAIT.jpg,3,3,2,0,0.2273806482553482,3,3,3,2,0,0,1,1,1
G:\Thesis\MonkSkinTone_Dataset\Segmented_MSTE\subject_15/PXL_20220922_132016589.PORTRAIT.jpg,3,3,2,0,0.5499939918518066,6,6,6,5,1,3,0,0,0
G:\Thesis\MonkSkinTone_Dataset\Segmented_MSTE\subject_15/PXL_20220922_132014529.PORTRAIT.jpg,3,3,2,0,0.2964785397052765,4,4,4,3,1,1,0,1,0
G:\Thesis\MonkSkinTone_Dataset\Segmented_MSTE\subject_15/PXL_20220922_132008862.PORTRAIT.jpg,3,3,2,0,0.13762228190898895,2,2,2,1,0,1,0,1,1
G:\Thesis\MonkSkinTone_Dataset\Segmented_MSTE\subject_15/PXL_20220922_132003063.PORTRAIT.jpg,3,3,2,0,0.5378605723381042,6,6,6,5,1,3,0,0,0
G:\Thesis\MonkSkinTone_Dataset\Segmented_MSTE\subject_15/PXL_20220922_131958999.PORTRAIT.jpg,3,3,2,0,0.19647641479969025,3,3,3,2,0,0,1,1,1
G:\Thesis\MonkSkinTone_Dataset\Segmented_MSTE\subject_15/PXL_20220922_131955423.PORTRAIT.jpg,3,3,2,0,0.15825635194778442,2,2,2,1,0,1,0,1,1
G:\Thesis\MonkSkinTone_Dataset\Segmented_MSTE\subject_15/PXL_20220922_131951023.PORTRAIT.jpg,3,3,2,0,0.4373573362827301,5,5,5,4,1,2,0,0,0
G:\Thesis\MonkSkinTone_Dataset\Segmented_MSTE\subject_15/PXL_20220922_131901514.PORTRAIT.jpg,3,3,2,0,0.6077705025672913,6,6,6,5,1,3,0,0,0
G:\Thesis\MonkSkinTone_Dataset\Segmented_MSTE\subject_15/PXL_20220922_131859247.PORTRAIT.jpg,3,3,2,0,0.5316468477249146,6,6,6,5,1,3,0,0,0
G:\Thesis\MonkSkinTone_Dataset\Segmented_MSTE\subject_15/PXL_20220922_131857071.PORTRAIT.jpg,3,3,2,0,0.1589099019765854,2,2,2,1,0,1,0,1,1
G:\Thesis\MonkSkinTone_Dataset\Segmented_MSTE\subject_15/PXL_20220922_131854614.PORTRAIT.jpg,3,3,2,0,0.33066973090171814,4,4,4,3,1,1,0,1,0
G:\Thesis\MonkSkinTone_Dataset\Segmented_MSTE\subject_15/PXL_20220922_131850751.PORTRAIT.jpg,3,3,2,0,0.5511745810508728,6,6,6,5,1,3,0,0,0
G:\Thesis\MonkSkinTone_Dataset\Segmented_MSTE\subject_15/PXL_20220922_131844594.PORTRAIT.jpg,3,3,2,0,0.5567246079444885,6,6,6,5,1,3,0,0,0
G:\Thesis\MonkSkinTone_Dataset\Segmented_MSTE\subject_15/PXL_20220922_131829227.jpg,3,3,2,0,0.28995031118392944,4,4,4,3,1,1,0,1,0
G:\Thesis\MonkSkinTone_Dataset\Segmented_MSTE\subject_15/PXL_20220922_131818892.jpg,3,3,2,0,0.6512468457221985,7,7,7,6,1,4,0,0,0
G:\Thesis\MonkSkinTone_Dataset\Segmented_MSTE\subject_15/PXL_20220922_131815761.jpg,3,3,2,0,0.3579479157924652,4,4,4,3,1,1,0,1,0
G:\Thesis\MonkSkinTone_Dataset\Segmented_MSTE\subject_15/PXL_20220922_131814125.jpg,3,3,2,0,0.256961852312088,3,3,3,2,0,0,1,1,1
G:\Thesis\MonkSkinTone_Dataset\Segmented_MSTE\subject_15/PXL_20220922_131811784.jpg,3,3,2,0,0.5311592817306519,6,6,6,5,1,3,0,0,0
G:\Thesis\MonkSkinTone_Dataset\Segmented_MSTE\subject_15/PXL_20220922_131806066.jpg,3,3,2,0,0.5088669657707214,6,6,6,5,1,3,0,0,0
G:\Thesis\MonkSkinTone_Dataset\Segmented_MSTE\subject_15/PXL_20220922_131746430.jpg,3,3,2,0,0.45801329612731934,5,5,5,4,1,2,0,0,0
G:\Thesis\MonkSkinTone_Dataset\Segmented_MSTE\subject_15/PXL_20220922_131743911.jpg,3,3,2,0,0.45490020513534546,5,5,5,4,1,2,0,0,0
G:\Thesis\MonkSkinTone_Dataset\Segmented_MSTE\subject_15/PXL_20220922_131741571.jpg,3,3,2,0,0.07501710951328278,2,2,2,1,0,1,0,1,1
G:\Thesis\MonkSkinTone_Dataset\Segmented_MSTE\subject_15/PXL_20220922_131739148.jpg,3,3,2,0,0.11579064279794693,2,2,2,1,0,1,0,1,1
G:\Thesis\MonkSkinTone_Dataset\Segmented_MSTE\subject_15/PXL_20220922_131732383.jpg,3,3,2,0,0.4148709774017334,5,5,5,4,1,2,0,0,0
G:\Thesis\MonkSkinTone_Dataset\Segmented_MSTE\subject_15/PXL_20220922_131730853.jpg,3,3,2,0,0.4575200378894806,5,5,5,4,1,2,0,0,0
G:\Thesis\MonkSkinTone_Dataset\Segmented_MSTE\subject_15/PXL_20220922_131728413.jpg,3,3,2,0,0.22694045305252075,3,3,3,2,0,0,1,1,1
G:\Thesis\MonkSkinTone_Dataset\Segmented_MSTE\subject_15/PXL_20220922_131725930.jpg,3,3,2,0,0.14189867675304413,2,2,2,1,0,1,0,1,1
G:\Thesis\MonkSkinTone_Dataset\Segmented_MSTE\subject_15/PXL_20220922_131722761.jpg,3,3,2,0,0.1351490616798401,2,2,2,1,0,1,0,1,1
G:\Thesis\MonkSkinTone_Dataset\Segmented_MSTE\subject_15/PXL_20220922_131720092.jpg,3,3,2,0,0.3675600290298462,4,4,4,3,1,1,0,1,0
G:\Thesis\MonkSkinTone_Dataset\Segmented_MSTE\subject_15/PXL_20220922_131419682.jpg,3,3,2,0,0.4100293219089508,5,5,5,4,1,2,0,0,0
G:\Thesis\MonkSkinTone_Dataset\Segmented_MSTE\subject_15/PXL_20220922_131417697.jpg,3,3,2,0,0.5435683131217957,6,6,6,5,1,3,0,0,0
G:\Thesis\MonkSkinTone_Dataset\Segmented_MSTE\subject_15/PXL_20220922_131415896.jpg,3,3,2,0,0.08308085054159164,2,2,2,1,0,1,0,1,1
G:\Thesis\MonkSkinTone_Dataset\Segmented_MSTE\subject_15/PXL_20220922_131414042.jpg,3,3,2,0,0.1017453521490097,2,2,2,1,0,1,0,1,1
G:\Thesis\MonkSkinTone_Dataset\Segmented_MSTE\subject_15/PXL_20220922_131411507.jpg,3,3,2,0,0.42750781774520874,5,5,5,4,1,2,0,0,0
G:\Thesis\MonkSkinTone_Dataset\Segmented_MSTE\subject_15/PXL_20220922_131405319.jpg,3,3,2,0,0.4914897680282593,5,5,5,4,1,2,0,0,0
G:\Thesis\MonkSkinTone_Dataset\Segmented_MSTE\subject_15/PXL_20220922_131245640.jpg,3,3,2,0,0.4763343632221222,5,5,5,4,1,2,0,0,0
G:\Thesis\MonkSkinTone_Dataset\Segmented_MSTE\subject_15/PXL_20220922_131243185.jpg,3,3,2,0,0.23592394590377808,3,3,3,2,0,0,1,1,1
G:\Thesis\MonkSkinTone_Dataset\Segmented_MSTE\subject_15/PXL_20220922_131240323.jpg,3,3,2,0,0.1298617571592331,2,2,2,1,0,1,0,1,1
G:\Thesis\MonkSkinTone_Dataset\Segmented_MSTE\subject_15/PXL_20220922_131237419.jpg,3,3,2,0,0.27279165387153625,3,3,3,2,0,0,1,1,1
G:\Thesis\MonkSkinTone_Dataset\Segmented_MSTE\subject_15/PXL_20220922_131234792.jpg,3,3,2,0,0.4516485333442688,5,5,5,4,1,2,0,0,0
G:\Thesis\MonkSkinTone_Dataset\Segmented_MSTE\subject_14/PXL_20220922_161621027.jpg,6,6,5,1,0.660780131816864,7,7,7,6,1,1,0,1,1
G:\Thesis\MonkSkinTone_Dataset\Segmented_MSTE\subject_14/PXL_20220922_161619819.jpg,6,6,5,1,0.4105180501937866,5,5,5,4,1,1,0,1,1
G:\Thesis\MonkSkinTone_Dataset\Segmented_MSTE\subject_14/PXL_20220922_161618401.jpg,6,6,5,1,0.479046493768692,5,5,5,4,1,1,0,1,1
G:\Thesis\MonkSkinTone_Dataset\Segmented_MSTE\subject_14/PXL_20220922_161616836.jpg,6,6,5,1,0.4259535074234009,5,5,5,4,1,1,0,1,1
G:\Thesis\MonkSkinTone_Dataset\Segmented_MSTE\subject_14/PXL_20220922_161615579.jpg,6,6,5,1,0.41657933592796326,5,5,5,4,1,1,0,1,1
G:\Thesis\MonkSkinTone_Dataset\Segmented_MSTE\subject_14/PXL_20220922_161610729.jpg,6,6,5,1,0.4287439286708832,5,5,5,4,1,1,0,1,1
G:\Thesis\MonkSkinTone_Dataset\Segmented_MSTE\subject_14/PXL_20220922_161609136.jpg,6,6,5,1,0.3852461576461792,4,4,4,3,1,2,0,0,1
G:\Thesis\MonkSkinTone_Dataset\Segmented_MSTE\subject_14/PXL_20220922_161607524.jpg,6,6,5,1,0.43209096789360046,5,5,5,4,1,1,0,1,1
G:\Thesis\MonkSkinTone_Dataset\Segmented_MSTE\subject_14/PXL_20220922_161606038.jpg,6,6,5,1,0.5193929076194763,6,6,6,5,1,0,1,1,1
G:\Thesis\MonkSkinTone_Dataset\Segmented_MSTE\subject_14/PXL_20220922_161604105.jpg,6,6,5,1,0.33911463618278503,4,4,4,3,1,2,0,0,1
G:\Thesis\MonkSkinTone_Dataset\Segmented_MSTE\subject_14/PXL_20220922_161451316.jpg,6,6,5,1,0.46186885237693787,5,5,5,4,1,1,0,1,1
G:\Thesis\MonkSkinTone_Dataset\Segmented_MSTE\subject_14/PXL_20220922_161450027.jpg,6,6,5,1,0.760672926902771,8,8,8,7,2,2,0,0,0
G:\Thesis\MonkSkinTone_Dataset\Segmented_MSTE\subject_14/PXL_20220922_161448539.jpg,6,6,5,1,0.23331579566001892,3,3,3,2,0,3,0,0,0
G:\Thesis\MonkSkinTone_Dataset\Segmented_MSTE\subject_14/PXL_20220922_161446941.jpg,6,6,5,1,0.35476672649383545,4,4,4,3,1,2,0,0,1
G:\Thesis\MonkSkinTone_Dataset\Segmented_MSTE\subject_14/PXL_20220922_161445106.jpg,6,6,5,1,0.4651954472064972,5,5,5,4,1,1,0,1,1
G:\Thesis\MonkSkinTone_Dataset\Segmented_MSTE\subject_14/PXL_20220922_161443026.jpg,6,6,5,1,0.46389245986938477,5,5,5,4,1,1,0,1,1
G:\Thesis\MonkSkinTone_Dataset\Segmented_MSTE\subject_14/PXL_20220922_161441452.jpg,6,6,5,1,0.7080250382423401,7,7,7,6,1,1,0,1,1
G:\Thesis\MonkSkinTone_Dataset\Segmented_MSTE\subject_14/PXL_20220922_161440072.jpg,6,6,5,1,0.24178849160671234,3,3,3,2,0,3,0,0,0
G:\Thesis\MonkSkinTone_Dataset\Segmented_MSTE\subject_14/PXL_20220922_161438508.jpg,6,6,5,1,0.40442705154418945,5,5,5,4,1,1,0,1,1
G:\Thesis\MonkSkinTone_Dataset\Segmented_MSTE\subject_14/PXL_20220922_161436829.jpg,6,6,5,1,0.40488317608833313,5,5,5,4,1,1,0,1,1
G:\Thesis\MonkSkinTone_Dataset\Segmented_MSTE\subject_14/PXL_20220922_161234429.PORTRAIT.jpg,6,6,5,1,0.2081720232963562,3,3,3,2,0,3,0,0,0
G:\Thesis\MonkSkinTone_Dataset\Segmented_MSTE\subject_14/PXL_20220922_161228720.PORTRAIT.jpg,6,6,5,1,0.449406236410141,5,5,5,4,1,1,0,1,1
G:\Thesis\MonkSkinTone_Dataset\Segmented_MSTE\subject_14/PXL_20220922_161206594.PORTRAIT.jpg,6,6,5,1,0.45454737544059753,5,5,5,4,1,1,0,1,1
G:\Thesis\MonkSkinTone_Dataset\Segmented_MSTE\subject_14/PXL_20220922_161205171.PORTRAIT.jpg,6,6,5,1,0.3453328311443329,4,4,4,3,1,2,0,0,1
G:\Thesis\MonkSkinTone_Dataset\Segmented_MSTE\subject_14/PXL_20220922_161203118.PORTRAIT.jpg,6,6,5,1,0.31675985455513,4,4,4,3,1,2,0,0,1
G:\Thesis\MonkSkinTone_Dataset\Segmented_MSTE\subject_14/PXL_20220922_161201504.PORTRAIT.jpg,6,6,5,1,0.5224781632423401,6,6,6,5,1,0,1,1,1
G:\Thesis\MonkSkinTone_Dataset\Segmented_MSTE\subject_14/PXL_20220922_161159845.PORTRAIT.jpg,6,6,5,1,0.4504724442958832,5,5,5,4,1,1,0,1,1
G:\Thesis\MonkSkinTone_Dataset\Segmented_MSTE\subject_14/PXL_20220922_161148471.PORTRAIT.jpg,6,6,5,1,0.4472896456718445,5,5,5,4,1,1,0,1,1
G:\Thesis\MonkSkinTone_Dataset\Segmented_MSTE\subject_14/PXL_20220922_161146768.PORTRAIT.jpg,6,6,5,1,0.5499470233917236,6,6,6,5,1,0,1,1,1
G:\Thesis\MonkSkinTone_Dataset\Segmented_MSTE\subject_14/PXL_20220922_161144902.PORTRAIT.jpg,6,6,5,1,0.5424551367759705,6,6,6,5,1,0,1,1,1
G:\Thesis\MonkSkinTone_Dataset\Segmented_MSTE\subject_14/PXL_20220922_161143087.PORTRAIT.jpg,6,6,5,1,0.5371346473693848,6,6,6,5,1,0,1,1,1
G:\Thesis\MonkSkinTone_Dataset\Segmented_MSTE\subject_14/PXL_20220922_161127301.PORTRAIT.jpg,6,6,5,1,0.5146223902702332,6,6,6,5,1,0,1,1,1
G:\Thesis\MonkSkinTone_Dataset\Segmented_MSTE\subject_14/PXL_20220922_161120533.PORTRAIT.jpg,6,6,5,1,0.3371184170246124,4,4,4,3,1,2,0,0,1
G:\Thesis\MonkSkinTone_Dataset\Segmented_MSTE\subject_14/PXL_20220922_161114689.PORTRAIT.jpg,6,6,5,1,0.45858874917030334,5,5,5,4,1,1,0,1,1
G:\Thesis\MonkSkinTone_Dataset\Segmented_MSTE\subject_14/PXL_20220922_161113043.PORTRAIT.jpg,6,6,5,1,0.32131507992744446,4,4,4,3,1,2,0,0,1
G:\Thesis\MonkSkinTone_Dataset\Segmented_MSTE\subject_14/PXL_20220922_161107253.PORTRAIT.jpg,6,6,5,1,0.4505130648612976,5,5,5,4,1,1,0,1,1
G:\Thesis\MonkSkinTone_Dataset\Segmented_MSTE\subject_14/PXL_20220922_161024329.jpg,6,6,5,1,0.4497871994972229,5,5,5,4,1,1,0,1,1
G:\Thesis\MonkSkinTone_Dataset\Segmented_MSTE\subject_14/PXL_20220922_161022255.jpg,6,6,5,1,0.6966148614883423,7,7,7,6,1,1,0,1,1
G:\Thesis\MonkSkinTone_Dataset\Segmented_MSTE\subject_14/PXL_20220922_161020616.jpg,6,6,5,1,0.5852986574172974,6,6,6,5,1,0,1,1,1
G:\Thesis\MonkSkinTone_Dataset\Segmented_MSTE\subject_14/PXL_20220922_161018788.jpg,6,6,5,1,0.39202240109443665,5,5,5,4,1,1,0,1,1
G:\Thesis\MonkSkinTone_Dataset\Segmented_MSTE\subject_14/PXL_20220922_161017221.jpg,6,6,5,1,0.4935443699359894,5,5,5,4,1,1,0,1,1
G:\Thesis\MonkSkinTone_Dataset\Segmented_MSTE\subject_14/PXL_20220922_161012849.jpg,6,6,5,1,0.48163720965385437,5,5,5,4,1,1,0,1,1
G:\Thesis\MonkSkinTone_Dataset\Segmented_MSTE\subject_14/PXL_20220922_161010913.jpg,6,6,5,1,0.45419055223464966,5,5,5,4,1,1,0,1,1
G:\Thesis\MonkSkinTone_Dataset\Segmented_MSTE\subject_14/PXL_20220922_161009091.jpg,6,6,5,1,0.4640747606754303,5,5,5,4,1,1,0,1,1
G:\Thesis\MonkSkinTone_Dataset\Segmented_MSTE\subject_14/PXL_20220922_161006903.jpg,6,6,5,1,0.7911121845245361,8,8,8,7,2,2,0,0,0
G:\Thesis\MonkSkinTone_Dataset\Segmented_MSTE\subject_14/PXL_20220922_161004335.jpg,6,6,5,1,0.48292842507362366,5,5,5,4,1,1,0,1,1
G:\Thesis\MonkSkinTone_Dataset\Segmented_MSTE\subject_14/PXL_20220922_161002163.jpg,6,6,5,1,0.5012650489807129,6,6,6,5,1,0,1,1,1
G:\Thesis\MonkSkinTone_Dataset\Segmented_MSTE\subject_14/PXL_20220922_161000077.jpg,6,6,5,1,0.42471277713775635,5,5,5,4,1,1,0,1,1
G:\Thesis\MonkSkinTone_Dataset\Segmented_MSTE\subject_14/PXL_20220922_160957926.jpg,6,6,5,1,0.42311015725135803,5,5,5,4,1,1,0,1,1
G:\Thesis\MonkSkinTone_Dataset\Segmented_MSTE\subject_14/PXL_20220922_160955996.jpg,6,6,5,1,0.359790563583374,4,4,4,3,1,2,0,0,1
G:\Thesis\MonkSkinTone_Dataset\Segmented_MSTE\subject_14/PXL_20220922_160954446.jpg,6,6,5,1,0.47691312432289124,5,5,5,4,1,1,0,1,1
G:\Thesis\MonkSkinTone_Dataset\Segmented_MSTE\subject_14/PXL_20220922_160952357.jpg,6,6,5,1,0.5096871256828308,6,6,6,5,1,0,1,1,1
G:\Thesis\MonkSkinTone_Dataset\Segmented_MSTE\subject_14/PXL_20220922_160950182.jpg,6,6,5,1,0.3978200852870941,5,5,5,4,1,1,0,1,1
G:\Thesis\MonkSkinTone_Dataset\Segmented_MSTE\subject_14/PXL_20220922_160947788.jpg,6,6,5,1,0.41553089022636414,5,5,5,4,1,1,0,1,1
G:\Thesis\MonkSkinTone_Dataset\Segmented_MSTE\subject_14/PXL_20220922_160946047.jpg,6,6,5,1,0.20378273725509644,3,3,3,2,0,3,0,0,0
G:\Thesis\MonkSkinTone_Dataset\Segmented_MSTE\subject_14/PXL_20220922_160944429.jpg,6,6,5,1,0.4972645342350006,5,5,5,4,1,1,0,1,1
G:\Thesis\MonkSkinTone_Dataset\Segmented_MSTE\subject_14/PXL_20220922_160853301.jpg,6,6,5,1,0.28090959787368774,4,4,4,3,1,2,0,0,1
G:\Thesis\MonkSkinTone_Dataset\Segmented_MSTE\subject_14/PXL_20220922_160850108.jpg,6,6,5,1,0.5536123514175415,6,6,6,5,1,0,1,1,1
G:\Thesis\MonkSkinTone_Dataset\Segmented_MSTE\subject_14/PXL_20220922_160846747.jpg,6,6,5,1,0.7885874509811401,8,8,8,7,2,2,0,0,0
G:\Thesis\MonkSkinTone_Dataset\Segmented_MSTE\subject_14/PXL_20220922_160844411.jpg,6,6,5,1,0.2729721963405609,3,3,3,2,0,3,0,0,0
G:\Thesis\MonkSkinTone_Dataset\Segmented_MSTE\subject_14/PXL_20220922_160841972.jpg,6,6,5,1,0.19090230762958527,3,3,3,2,0,3,0,0,0
G:\Thesis\MonkSkinTone_Dataset\Segmented_MSTE\subject_14/PXL_20220922_160840133.jpg,6,6,5,1,0.25826090574264526,3,3,3,2,0,3,0,0,0
G:\Thesis\MonkSkinTone_Dataset\Segmented_MSTE\subject_14/PXL_20220922_160836485.jpg,6,6,5,1,0.4501029849052429,5,5,5,4,1,1,0,1,1
G:\Thesis\MonkSkinTone_Dataset\Segmented_MSTE\subject_14/PXL_20220922_160833805.jpg,6,6,5,1,0.23413197696208954,3,3,3,2,0,3,0,0,0
G:\Thesis\MonkSkinTone_Dataset\Segmented_MSTE\subject_14/PXL_20220922_160830151.jpg,6,6,5,1,0.33712589740753174,4,4,4,3,1,2,0,0,1
G:\Thesis\MonkSkinTone_Dataset\Segmented_MSTE\subject_14/PXL_20220922_160828334.jpg,6,6,5,1,0.1889980584383011,3,3,3,2,0,3,0,0,0
G:\Thesis\MonkSkinTone_Dataset\Segmented_MSTE\subject_14/PXL_20220922_160826611.jpg,6,6,5,1,0.30649152398109436,4,4,4,3,1,2,0,0,1
G:\Thesis\MonkSkinTone_Dataset\Segmented_MSTE\subject_14/PXL_20220922_160824216.jpg,6,6,5,1,0.35752779245376587,4,4,4,3,1,2,0,0,1
G:\Thesis\MonkSkinTone_Dataset\Segmented_MSTE\subject_14/PXL_20220922_160820039.jpg,6,6,5,1,0.292738139629364,4,4,4,3,1,2,0,0,1
G:\Thesis\MonkSkinTone_Dataset\Segmented_MSTE\subject_14/PXL_20220922_160818048.jpg,6,6,5,1,0.15651653707027435,2,2,2,1,0,4,0,0,0
G:\Thesis\MonkSkinTone_Dataset\Segmented_MSTE\subject_14/PXL_20220922_160815863.jpg,6,6,5,1,0.32892414927482605,4,4,4,3,1,2,0,0,1
G:\Thesis\MonkSkinTone_Dataset\Segmented_MSTE\subject_14/PXL_20220922_160742778.jpg,6,6,5,1,0.3958938717842102,5,5,5,4,1,1,0,1,1
G:\Thesis\MonkSkinTone_Dataset\Segmented_MSTE\subject_13/PXL_20220922_141215176.jpg,2,2,1,0,0.5075100064277649,6,6,6,5,1,4,0,0,0
G:\Thesis\MonkSkinTone_Dataset\Segmented_MSTE\subject_13/PXL_20220922_141214067.jpg,2,2,1,0,0.48117634654045105,5,5,5,4,1,3,0,0,0
G:\Thesis\MonkSkinTone_Dataset\Segmented_MSTE\subject_13/PXL_20220922_141212658.jpg,2,2,1,0,0.4718303680419922,5,5,5,4,1,3,0,0,0
G:\Thesis\MonkSkinTone_Dataset\Segmented_MSTE\subject_13/PXL_20220922_141210919.jpg,2,2,1,0,0.5586415529251099,6,6,6,5,1,4,0,0,0
G:\Thesis\MonkSkinTone_Dataset\Segmented_MSTE\subject_13/PXL_20220922_141207125.jpg,2,2,1,0,0.5417932271957397,6,6,6,5,1,4,0,0,0
G:\Thesis\MonkSkinTone_Dataset\Segmented_MSTE\subject_13/PXL_20220922_141205526.jpg,2,2,1,0,0.5253457427024841,6,6,6,5,1,4,0,0,0
G:\Thesis\MonkSkinTone_Dataset\Segmented_MSTE\subject_13/PXL_20220922_141200118.jpg,2,2,1,0,0.43956732749938965,5,5,5,4,1,3,0,0,0
G:\Thesis\MonkSkinTone_Dataset\Segmented_MSTE\subject_13/PXL_20220922_141158574.jpg,2,2,1,0,0.34418773651123047,4,4,4,3,1,2,0,0,0
G:\Thesis\MonkSkinTone_Dataset\Segmented_MSTE\subject_13/PXL_20220922_141157102.jpg,2,2,1,0,0.15910574793815613,2,2,2,1,0,0,1,1,1
G:\Thesis\MonkSkinTone_Dataset\Segmented_MSTE\subject_13/PXL_20220922_141155806.jpg,2,2,1,0,0.4481491446495056,5,5,5,4,1,3,0,0,0
G:\Thesis\MonkSkinTone_Dataset\Segmented_MSTE\subject_13/PXL_20220922_141154318.jpg,2,2,1,0,0.5238979458808899,6,6,6,5,1,4,0,0,0
G:\Thesis\MonkSkinTone_Dataset\Segmented_MSTE\subject_13/PXL_20220922_141152732.jpg,2,2,1,0,0.25739386677742004,3,3,3,2,0,1,0,1,1
G:\Thesis\MonkSkinTone_Dataset\Segmented_MSTE\subject_13/PXL_20220922_141148032.jpg,2,2,1,0,0.352240651845932,4,4,4,3,1,2,0,0,0
G:\Thesis\MonkSkinTone_Dataset\Segmented_MSTE\subject_13/PXL_20220922_141146749.jpg,2,2,1,0,0.12170618772506714,2,2,2,1,0,0,1,1,1
G:\Thesis\MonkSkinTone_Dataset\Segmented_MSTE\subject_13/PXL_20220922_141145430.jpg,2,2,1,0,0.3207366466522217,4,4,4,3,1,2,0,0,0
G:\Thesis\MonkSkinTone_Dataset\Segmented_MSTE\subject_13/PXL_20220922_141143935.jpg,2,2,1,0,0.38119709491729736,4,4,4,3,1,2,0,0,0
G:\Thesis\MonkSkinTone_Dataset\Segmented_MSTE\subject_13/PXL_20220922_141142245.jpg,2,2,1,0,0.2262023687362671,3,3,3,2,0,1,0,1,1
G:\Thesis\MonkSkinTone_Dataset\Segmented_MSTE\subject_13/PXL_20220922_141137133.jpg,2,2,1,0,0.42730456590652466,5,5,5,4,1,3,0,0,0
G:\Thesis\MonkSkinTone_Dataset\Segmented_MSTE\subject_13/PXL_20220922_141135379.jpg,2,2,1,0,0.4518068730831146,5,5,5,4,1,3,0,0,0
G:\Thesis\MonkSkinTone_Dataset\Segmented_MSTE\subject_13/PXL_20220922_141133646.jpg,2,2,1,0,0.49088355898857117,5,5,5,4,1,3,0,0,0
G:\Thesis\MonkSkinTone_Dataset\Segmented_MSTE\subject_13/PXL_20220922_141131847.jpg,2,2,1,0,0.37117084860801697,4,4,4,3,1,2,0,0,0
G:\Thesis\MonkSkinTone_Dataset\Segmented_MSTE\subject_13/PXL_20220922_141129747.jpg,2,2,1,0,0.41059255599975586,5,5,5,4,1,3,0,0,0
G:\Thesis\MonkSkinTone_Dataset\Segmented_MSTE\subject_13/PXL_20220922_141123871.jpg,2,2,1,0,0.42876267433166504,5,5,5,4,1,3,0,0,0
G:\Thesis\MonkSkinTone_Dataset\Segmented_MSTE\subject_13/PXL_20220922_141040848.jpg,2,2,1,0,0.46985316276550293,5,5,5,4,1,3,0,0,0
G:\Thesis\MonkSkinTone_Dataset\Segmented_MSTE\subject_13/PXL_20220922_141038995.jpg,2,2,1,0,0.2960338890552521,4,4,4,3,1,2,0,0,0
G:\Thesis\MonkSkinTone_Dataset\Segmented_MSTE\subject_13/PXL_20220922_141033915.jpg,2,2,1,0,0.12600956857204437,2,2,2,1,0,0,1,1,1
G:\Thesis\MonkSkinTone_Dataset\Segmented_MSTE\subject_13/PXL_20220922_141031824.jpg,2,2,1,0,0.2978132367134094,4,4,4,3,1,2,0,0,0
G:\Thesis\MonkSkinTone_Dataset\Segmented_MSTE\subject_13/PXL_20220922_141029313.jpg,2,2,1,0,0.36539530754089355,4,4,4,3,1,2,0,0,0
G:\Thesis\MonkSkinTone_Dataset\Segmented_MSTE\subject_13/PXL_20220922_141024171.jpg,2,2,1,0,0.11811154335737228,2,2,2,1,0,0,1,1,1
G:\Thesis\MonkSkinTone_Dataset\Segmented_MSTE\subject_13/PXL_20220922_141022389.jpg,2,2,1,0,0.16529323160648346,2,2,2,1,0,0,1,1,1
G:\Thesis\MonkSkinTone_Dataset\Segmented_MSTE\subject_13/PXL_20220922_141021258.jpg,2,2,1,0,0.1122334823012352,2,2,2,1,0,0,1,1,1
G:\Thesis\MonkSkinTone_Dataset\Segmented_MSTE\subject_13/PXL_20220922_141017374.jpg,2,2,1,0,0.18048226833343506,3,3,3,2,0,1,0,1,1
G:\Thesis\MonkSkinTone_Dataset\Segmented_MSTE\subject_13/PXL_20220922_141016189.jpg,2,2,1,0,0.494235098361969,5,5,5,4,1,3,0,0,0
G:\Thesis\MonkSkinTone_Dataset\Segmented_MSTE\subject_13/PXL_20220922_141013772.jpg,2,2,1,0,0.4814338982105255,5,5,5,4,1,3,0,0,0
G:\Thesis\MonkSkinTone_Dataset\Segmented_MSTE\subject_13/PXL_20220922_141002299.jpg,2,2,1,0,0.4100528061389923,5,5,5,4,1,3,0,0,0
G:\Thesis\MonkSkinTone_Dataset\Segmented_MSTE\subject_13/PXL_20220922_141000414.jpg,2,2,1,0,0.08350902795791626,2,2,2,1,0,0,1,1,1
G:\Thesis\MonkSkinTone_Dataset\Segmented_MSTE\subject_13/PXL_20220922_140958425.jpg,2,2,1,0,0.15376266837120056,2,2,2,1,0,0,1,1,1
G:\Thesis\MonkSkinTone_Dataset\Segmented_MSTE\subject_13/PXL_20220922_140956208.jpg,2,2,1,0,0.11203969269990921,2,2,2,1,0,0,1,1,1
G:\Thesis\MonkSkinTone_Dataset\Segmented_MSTE\subject_13/PXL_20220922_140954309.jpg,2,2,1,0,0.12353751063346863,2,2,2,1,0,0,1,1,1
G:\Thesis\MonkSkinTone_Dataset\Segmented_MSTE\subject_13/PXL_20220922_140951373.jpg,2,2,1,0,0.28705450892448425,4,4,4,3,1,2,0,0,0
G:\Thesis\MonkSkinTone_Dataset\Segmented_MSTE\subject_13/PXL_20220922_140702450.PORTRAIT.jpg,2,2,1,0,0.5207778811454773,6,6,6,5,1,4,0,0,0
G:\Thesis\MonkSkinTone_Dataset\Segmented_MSTE\subject_13/PXL_20220922_140658431.PORTRAIT.jpg,2,2,1,0,0.04915875196456909,1,1,1,0,0,1,0,1,1
G:\Thesis\MonkSkinTone_Dataset\Segmented_MSTE\subject_13/PXL_20220922_140656981.PORTRAIT.jpg,2,2,1,0,0.05855407193303108,2,2,2,1,0,0,1,1,1
G:\Thesis\MonkSkinTone_Dataset\Segmented_MSTE\subject_13/PXL_20220922_140655381.PORTRAIT.jpg,2,2,1,0,0.34514090418815613,4,4,4,3,1,2,0,0,0
G:\Thesis\MonkSkinTone_Dataset\Segmented_MSTE\subject_13/PXL_20220922_140653888.PORTRAIT.jpg,2,2,1,0,0.1319768726825714,2,2,2,1,0,0,1,1,1
G:\Thesis\MonkSkinTone_Dataset\Segmented_MSTE\subject_13/PXL_20220922_140644738.PORTRAIT.jpg,2,2,1,0,0.24268066883087158,3,3,3,2,0,1,0,1,1
G:\Thesis\MonkSkinTone_Dataset\Segmented_MSTE\subject_13/PXL_20220922_140642650.PORTRAIT.jpg,2,2,1,0,0.31233805418014526,4,4,4,3,1,2,0,0,0
G:\Thesis\MonkSkinTone_Dataset\Segmented_MSTE\subject_13/PXL_20220922_140633904.PORTRAIT.jpg,2,2,1,0,0.12499229609966278,2,2,2,1,0,0,1,1,1
G:\Thesis\MonkSkinTone_Dataset\Segmented_MSTE\subject_13/PXL_20220922_140630454.PORTRAIT.jpg,2,2,1,0,0.2885739207267761,4,4,4,3,1,2,0,0,0
G:\Thesis\MonkSkinTone_Dataset\Segmented_MSTE\subject_13/PXL_20220922_140628854.PORTRAIT.jpg,2,2,1,0,0.26257404685020447,3,3,3,2,0,1,0,1,1
G:\Thesis\MonkSkinTone_Dataset\Segmented_MSTE\subject_13/PXL_20220922_140619957.PORTRAIT.jpg,2,2,1,0,0.34956663846969604,4,4,4,3,1,2,0,0,0
G:\Thesis\MonkSkinTone_Dataset\Segmented_MSTE\subject_13/PXL_20220922_140616754.PORTRAIT.jpg,2,2,1,0,0.06528747826814651,2,2,2,1,0,0,1,1,1
G:\Thesis\MonkSkinTone_Dataset\Segmented_MSTE\subject_13/PXL_20220922_140612466.PORTRAIT.jpg,2,2,1,0,0.1718256026506424,3,3,3,2,0,1,0,1,1
G:\Thesis\MonkSkinTone_Dataset\Segmented_MSTE\subject_13/PXL_20220922_140610185.PORTRAIT.jpg,2,2,1,0,0.2700521647930145,3,3,3,2,0,1,0,1,1
G:\Thesis\MonkSkinTone_Dataset\Segmented_MSTE\subject_13/PXL_20220922_140605730.PORTRAIT.jpg,2,2,1,0,0.10167364776134491,2,2,2,1,0,0,1,1,1
G:\Thesis\MonkSkinTone_Dataset\Segmented_MSTE\subject_13/PXL_20220922_140447635.PORTRAIT.jpg,2,2,1,0,0.4180324673652649,5,5,5,4,1,3,0,0,0
G:\Thesis\MonkSkinTone_Dataset\Segmented_MSTE\subject_12/PXL_20220922_180405910.jpg,10,10,9,2,0.6900869607925415,7,7,7,6,1,3,0,0,0
G:\Thesis\MonkSkinTone_Dataset\Segmented_MSTE\subject_12/PXL_20220922_180404243.jpg,10,10,9,2,0.6735041737556458,7,7,7,6,1,3,0,0,0
G:\Thesis\MonkSkinTone_Dataset\Segmented_MSTE\subject_12/PXL_20220922_180402602.jpg,10,10,9,2,0.802501916885376,8,8,8,7,2,2,0,0,1
G:\Thesis\MonkSkinTone_Dataset\Segmented_MSTE\subject_12/PXL_20220922_180401189.jpg,10,10,9,2,0.5462841391563416,6,6,6,5,1,4,0,0,0
G:\Thesis\MonkSkinTone_Dataset\Segmented_MSTE\subject_12/PXL_20220922_180359528.jpg,10,10,9,2,0.7480504512786865,8,8,8,7,2,2,0,0,1
G:\Thesis\MonkSkinTone_Dataset\Segmented_MSTE\subject_12/PXL_20220922_180357914.jpg,10,10,9,2,0.5765529274940491,6,6,6,5,1,4,0,0,0
G:\Thesis\MonkSkinTone_Dataset\Segmented_MSTE\subject_12/PXL_20220922_180356379.jpg,10,10,9,2,0.6016769409179688,6,6,6,5,1,4,0,0,0
G:\Thesis\MonkSkinTone_Dataset\Segmented_MSTE\subject_12/PXL_20220922_180354606.jpg,10,10,9,2,0.7110188007354736,7,7,7,6,1,3,0,0,0
G:\Thesis\MonkSkinTone_Dataset\Segmented_MSTE\subject_12/PXL_20220922_180352904.jpg,10,10,9,2,0.8924213647842407,9,9,9,8,2,1,0,1,1
G:\Thesis\MonkSkinTone_Dataset\Segmented_MSTE\subject_12/PXL_20220922_180351165.jpg,10,10,9,2,0.8024978041648865,8,8,8,7,2,2,0,0,1
G:\Thesis\MonkSkinTone_Dataset\Segmented_MSTE\subject_12/PXL_20220922_180349385.jpg,10,10,9,2,0.7429757714271545,8,8,8,7,2,2,0,0,1
G:\Thesis\MonkSkinTone_Dataset\Segmented_MSTE\subject_12/PXL_20220922_180314441.jpg,10,10,9,2,0.1848893165588379,3,3,3,2,0,7,0,0,0
G:\Thesis\MonkSkinTone_Dataset\Segmented_MSTE\subject_12/PXL_20220922_180311261.jpg,10,10,9,2,0.14535295963287354,2,2,2,1,0,8,0,0,0
G:\Thesis\MonkSkinTone_Dataset\Segmented_MSTE\subject_12/PXL_20220922_180309530.jpg,10,10,9,2,0.2266388237476349,3,3,3,2,0,7,0,0,0
G:\Thesis\MonkSkinTone_Dataset\Segmented_MSTE\subject_12/PXL_20220922_180307812.jpg,10,10,9,2,0.31180641055107117,4,4,4,3,1,6,0,0,0
G:\Thesis\MonkSkinTone_Dataset\Segmented_MSTE\subject_12/PXL_20220922_180303876.jpg,10,10,9,2,0.10712598264217377,2,2,2,1,0,8,0,0,0
G:\Thesis\MonkSkinTone_Dataset\Segmented_MSTE\subject_12/PXL_20220922_175937878.jpg,10,10,9,2,0.49881619215011597,5,5,5,4,1,5,0,0,0
G:\Thesis\MonkSkinTone_Dataset\Segmented_MSTE\subject_12/PXL_20220922_175934881.jpg,10,10,9,2,0.41494789719581604,5,5,5,4,1,5,0,0,0
G:\Thesis\MonkSkinTone_Dataset\Segmented_MSTE\subject_12/PXL_20220922_175931440.jpg,10,10,9,2,0.5538697242736816,6,6,6,5,1,4,0,0,0
G:\Thesis\MonkSkinTone_Dataset\Segmented_MSTE\subject_12/PXL_20220922_175929773.jpg,10,10,9,2,0.649563193321228,7,7,7,6,1,3,0,0,0
G:\Thesis\MonkSkinTone_Dataset\Segmented_MSTE\subject_12/PXL_20220922_175928064.jpg,10,10,9,2,0.6361230611801147,7,7,7,6,1,3,0,0,0
G:\Thesis\MonkSkinTone_Dataset\Segmented_MSTE\subject_12/PXL_20220922_175922739.jpg,10,10,9,2,0.5658355355262756,6,6,6,5,1,4,0,0,0
G:\Thesis\MonkSkinTone_Dataset\Segmented_MSTE\subject_12/PXL_20220922_175919159.jpg,10,10,9,2,0.8134484887123108,8,8,8,7,2,2,0,0,1
G:\Thesis\MonkSkinTone_Dataset\Segmented_MSTE\subject_12/PXL_20220922_175911736.jpg,10,10,9,2,0.8152298927307129,8,8,8,7,2,2,0,0,1
G:\Thesis\MonkSkinTone_Dataset\Segmented_MSTE\subject_12/PXL_20220922_175906610.jpg,10,10,9,2,0.5017096996307373,6,6,6,5,1,4,0,0,0
G:\Thesis\MonkSkinTone_Dataset\Segmented_MSTE\subject_12/PXL_20220922_175900468.jpg,10,10,9,2,0.7714594006538391,8,8,8,7,2,2,0,0,1
G:\Thesis\MonkSkinTone_Dataset\Segmented_MSTE\subject_12/PXL_20220922_175858636.jpg,10,10,9,2,0.6594957709312439,7,7,7,6,1,3,0,0,0
G:\Thesis\MonkSkinTone_Dataset\Segmented_MSTE\subject_12/PXL_20220922_175856539.jpg,10,10,9,2,0.5202444195747375,6,6,6,5,1,4,0,0,0
G:\Thesis\MonkSkinTone_Dataset\Segmented_MSTE\subject_12/PXL_20220922_175851796.jpg,10,10,9,2,0.6680424213409424,7,7,7,6,1,3,0,0,0
G:\Thesis\MonkSkinTone_Dataset\Segmented_MSTE\subject_12/PXL_20220922_175848809.jpg,10,10,9,2,0.7294852137565613,8,8,8,7,2,2,0,0,1
G:\Thesis\MonkSkinTone_Dataset\Segmented_MSTE\subject_12/PXL_20220922_175846375.jpg,10,10,9,2,0.616359531879425,7,7,7,6,1,3,0,0,0
G:\Thesis\MonkSkinTone_Dataset\Segmented_MSTE\subject_12/PXL_20220922_175844972.jpg,10,10,9,2,0.6500870585441589,7,7,7,6,1,3,0,0,0
G:\Thesis\MonkSkinTone_Dataset\Segmented_MSTE\subject_12/PXL_20220922_175843515.jpg,10,10,9,2,0.5290151834487915,6,6,6,5,1,4,0,0,0
G:\Thesis\MonkSkinTone_Dataset\Segmented_MSTE\subject_12/PXL_20220922_175841186.jpg,10,10,9,2,0.6924751996994019,7,7,7,6,1,3,0,0,0
G:\Thesis\MonkSkinTone_Dataset\Segmented_MSTE\subject_12/PXL_20220922_175839844.jpg,10,10,9,2,0.6335447430610657,7,7,7,6,1,3,0,0,0
G:\Thesis\MonkSkinTone_Dataset\Segmented_MSTE\subject_12/PXL_20220922_175837877.jpg,10,10,9,2,0.8378154635429382,9,9,9,8,2,1,0,1,1
G:\Thesis\MonkSkinTone_Dataset\Segmented_MSTE\subject_12/PXL_20220922_175834037.jpg,10,10,9,2,0.3536050617694855,4,4,4,3,1,6,0,0,0
G:\Thesis\MonkSkinTone_Dataset\Segmented_MSTE\subject_12/PXL_20220922_175830391.jpg,10,10,9,2,0.8201541304588318,8,8,8,7,2,2,0,0,1
G:\Thesis\MonkSkinTone_Dataset\Segmented_MSTE\subject_12/PXL_20220922_175827000.jpg,10,10,9,2,0.6079649925231934,6,6,6,5,1,4,0,0,0
G:\Thesis\MonkSkinTone_Dataset\Segmented_MSTE\subject_12/PXL_20220922_175816268.jpg,10,10,9,2,0.5533236861228943,6,6,6,5,1,4,0,0,0
G:\Thesis\MonkSkinTone_Dataset\Segmented_MSTE\subject_12/PXL_20220922_175737649.jpg,10,10,9,2,0.7206356525421143,7,7,7,6,1,3,0,0,0
G:\Thesis\MonkSkinTone_Dataset\Segmented_MSTE\subject_12/PXL_20220922_175736529.jpg,10,10,9,2,0.8729261159896851,9,9,9,8,2,1,0,1,1
G:\Thesis\MonkSkinTone_Dataset\Segmented_MSTE\subject_12/PXL_20220922_175735218.jpg,10,10,9,2,0.9065738916397095,9,9,9,8,2,1,0,1,1
G:\Thesis\MonkSkinTone_Dataset\Segmented_MSTE\subject_12/PXL_20220922_175733830.jpg,10,10,9,2,0.9499759674072266,10,10,10,9,2,0,1,1,1
G:\Thesis\MonkSkinTone_Dataset\Segmented_MSTE\subject_12/PXL_20220922_175732630.jpg,10,10,9,2,0.8397859930992126,9,9,9,8,2,1,0,1,1
G:\Thesis\MonkSkinTone_Dataset\Segmented_MSTE\subject_12/PXL_20220922_175728401.jpg,10,10,9,2,0.5849555134773254,6,6,6,5,1,4,0,0,0
G:\Thesis\MonkSkinTone_Dataset\Segmented_MSTE\subject_12/PXL_20220922_175726916.jpg,10,10,9,2,0.7258809804916382,8,8,8,7,2,2,0,0,1
G:\Thesis\MonkSkinTone_Dataset\Segmented_MSTE\subject_12/PXL_20220922_175725538.jpg,10,10,9,2,0.6230437159538269,7,7,7,6,1,3,0,0,0
G:\Thesis\MonkSkinTone_Dataset\Segmented_MSTE\subject_12/PXL_20220922_175724422.jpg,10,10,9,2,0.77508544921875,8,8,8,7,2,2,0,0,1
G:\Thesis\MonkSkinTone_Dataset\Segmented_MSTE\subject_12/PXL_20220922_175722948.jpg,10,10,9,2,0.7197877764701843,7,7,7,6,1,3,0,0,0
G:\Thesis\MonkSkinTone_Dataset\Segmented_MSTE\subject_12/PXL_20220922_175718926.jpg,10,10,9,2,0.7136105298995972,7,7,7,6,1,3,0,0,0
G:\Thesis\MonkSkinTone_Dataset\Segmented_MSTE\subject_12/PXL_20220922_175717675.jpg,10,10,9,2,0.9892545938491821,10,10,10,9,2,0,1,1,1
G:\Thesis\MonkSkinTone_Dataset\Segmented_MSTE\subject_12/PXL_20220922_175716367.jpg,10,10,9,2,0.9109207391738892,9,9,9,8,2,1,0,1,1
G:\Thesis\MonkSkinTone_Dataset\Segmented_MSTE\subject_12/PXL_20220922_175715255.jpg,10,10,9,2,0.8596640825271606,9,9,9,8,2,1,0,1,1
G:\Thesis\MonkSkinTone_Dataset\Segmented_MSTE\subject_12/PXL_20220922_175713987.jpg,10,10,9,2,0.7599753141403198,8,8,8,7,2,2,0,0,1
G:\Thesis\MonkSkinTone_Dataset\Segmented_MSTE\subject_12/PXL_20220922_175712230.jpg,10,10,9,2,0.7073394060134888,7,7,7,6,1,3,0,0,0
G:\Thesis\MonkSkinTone_Dataset\Segmented_MSTE\subject_12/PXL_20220922_175710848.jpg,10,10,9,2,0.9569165706634521,10,10,10,9,2,0,1,1,1
G:\Thesis\MonkSkinTone_Dataset\Segmented_MSTE\subject_12/PXL_20220922_175709463.jpg,10,10,9,2,0.85774827003479,9,9,9,8,2,1,0,1,1
G:\Thesis\MonkSkinTone_Dataset\Segmented_MSTE\subject_12/PXL_20220922_175707910.jpg,10,10,9,2,0.6447998285293579,7,7,7,6,1,3,0,0,0
G:\Thesis\MonkSkinTone_Dataset\Segmented_MSTE\subject_12/PXL_20220922_175705794.jpg,10,10,9,2,0.8185057044029236,8,8,8,7,2,2,0,0,1
G:\Thesis\MonkSkinTone_Dataset\Segmented_MSTE\subject_12/PXL_20220922_175703876.jpg,10,10,9,2,0.9172123074531555,9,9,9,8,2,1,0,1,1
G:\Thesis\MonkSkinTone_Dataset\Segmented_MSTE\subject_12/PXL_20220922_175620994.jpg,10,10,9,2,0.5730142593383789,6,6,6,5,1,4,0,0,0
G:\Thesis\MonkSkinTone_Dataset\Segmented_MSTE\subject_12/PXL_20220922_175617676.jpg,10,10,9,2,0.5616669058799744,6,6,6,5,1,4,0,0,0
G:\Thesis\MonkSkinTone_Dataset\Segmented_MSTE\subject_12/PXL_20220922_175613080.jpg,10,10,9,2,0.5838002562522888,6,6,6,5,1,4,0,0,0
G:\Thesis\MonkSkinTone_Dataset\Segmented_MSTE\subject_12/PXL_20220922_175608493.jpg,10,10,9,2,0.6115797162055969,7,7,7,6,1,3,0,0,0
G:\Thesis\MonkSkinTone_Dataset\Segmented_MSTE\subject_12/PXL_20220922_175601727.jpg,10,10,9,2,0.3793180584907532,4,4,4,3,1,6,0,0,0
G:\Thesis\MonkSkinTone_Dataset\Segmented_MSTE\subject_12/PXL_20220922_175554301.jpg,10,10,9,2,0.5576134324073792,6,6,6,5,1,4,0,0,0
G:\Thesis\MonkSkinTone_Dataset\Segmented_MSTE\subject_12/PXL_20220922_175416521.jpg,10,10,9,2,0.7327993512153625,8,8,8,7,2,2,0,0,1
G:\Thesis\MonkSkinTone_Dataset\Segmented_MSTE\subject_12/PXL_20220922_175414428.jpg,10,10,9,2,0.8303700089454651,8,8,8,7,2,2,0,0,1
G:\Thesis\MonkSkinTone_Dataset\Segmented_MSTE\subject_12/PXL_20220922_175412551.jpg,10,10,9,2,0.8109663724899292,8,8,8,7,2,2,0,0,1
G:\Thesis\MonkSkinTone_Dataset\Segmented_MSTE\subject_12/PXL_20220922_175410892.jpg,10,10,9,2,0.8088521957397461,8,8,8,7,2,2,0,0,1
G:\Thesis\MonkSkinTone_Dataset\Segmented_MSTE\subject_12/PXL_20220922_175408667.jpg,10,10,9,2,0.7178156971931458,7,7,7,6,1,3,0,0,0
G:\Thesis\MonkSkinTone_Dataset\Segmented_MSTE\subject_12/PXL_20220922_175359002.jpg,10,10,9,2,0.5889489054679871,6,6,6,5,1,4,0,0,0
G:\Thesis\MonkSkinTone_Dataset\Segmented_MSTE\subject_12/PXL_20220922_175356974.jpg,10,10,9,2,0.6919368505477905,7,7,7,6,1,3,0,0,0
G:\Thesis\MonkSkinTone_Dataset\Segmented_MSTE\subject_12/PXL_20220922_175355467.jpg,10,10,9,2,0.5534133911132812,6,6,6,5,1,4,0,0,0
G:\Thesis\MonkSkinTone_Dataset\Segmented_MSTE\subject_12/PXL_20220922_175353614.jpg,10,10,9,2,0.6412613987922668,7,7,7,6,1,3,0,0,0
G:\Thesis\MonkSkinTone_Dataset\Segmented_MSTE\subject_12/PXL_20220922_175351069.jpg,10,10,9,2,0.757540225982666,8,8,8,7,2,2,0,0,1
G:\Thesis\MonkSkinTone_Dataset\Segmented_MSTE\subject_12/PXL_20220922_175335134.jpg,10,10,9,2,0.5483443737030029,6,6,6,5,1,4,0,0,0
G:\Thesis\MonkSkinTone_Dataset\Segmented_MSTE\subject_12/PXL_20220922_175333048.jpg,10,10,9,2,0.5801905989646912,6,6,6,5,1,4,0,0,0
G:\Thesis\MonkSkinTone_Dataset\Segmented_MSTE\subject_12/PXL_20220922_175330462.jpg,10,10,9,2,0.3719184100627899,4,4,4,3,1,6,0,0,0
G:\Thesis\MonkSkinTone_Dataset\Segmented_MSTE\subject_12/PXL_20220922_175328231.jpg,10,10,9,2,0.46465787291526794,5,5,5,4,1,5,0,0,0
G:\Thesis\MonkSkinTone_Dataset\Segmented_MSTE\subject_12/PXL_20220922_175325536.jpg,10,10,9,2,0.4303230047225952,5,5,5,4,1,5,0,0,0
G:\Thesis\MonkSkinTone_Dataset\Segmented_MSTE\subject_12/PXL_20220922_175315326.jpg,10,10,9,2,0.5575281977653503,6,6,6,5,1,4,0,0,0
G:\Thesis\MonkSkinTone_Dataset\Segmented_MSTE\subject_12/PXL_20220922_175312693.jpg,10,10,9,2,0.5211237072944641,6,6,6,5,1,4,0,0,0
G:\Thesis\MonkSkinTone_Dataset\Segmented_MSTE\subject_12/PXL_20220922_175309582.jpg,10,10,9,2,0.6655747294425964,7,7,7,6,1,3,0,0,0
G:\Thesis\MonkSkinTone_Dataset\Segmented_MSTE\subject_12/PXL_20220922_175307113.jpg,10,10,9,2,0.55779629945755,6,6,6,5,1,4,0,0,0
G:\Thesis\MonkSkinTone_Dataset\Segmented_MSTE\subject_12/PXL_20220922_175304753.jpg,10,10,9,2,0.5739265084266663,6,6,6,5,1,4,0,0,0
G:\Thesis\MonkSkinTone_Dataset\Segmented_MSTE\subject_12/PXL_20220922_175223698.jpg,10,10,9,2,0.48665881156921387,5,5,5,4,1,5,0,0,0
G:\Thesis\MonkSkinTone_Dataset\Segmented_MSTE\subject_12/PXL_20220922_175222824.jpg,10,10,9,2,0.4513412117958069,5,5,5,4,1,5,0,0,0
G:\Thesis\MonkSkinTone_Dataset\Segmented_MSTE\subject_12/PXL_20220922_175221016.jpg,10,10,9,2,0.41584110260009766,5,5,5,4,1,5,0,0,0
G:\Thesis\MonkSkinTone_Dataset\Segmented_MSTE\subject_12/PXL_20220922_175218550.jpg,10,10,9,2,0.42225438356399536,5,5,5,4,1,5,0,0,0
G:\Thesis\MonkSkinTone_Dataset\Segmented_MSTE\subject_12/PXL_20220922_175216751.jpg,10,10,9,2,0.24646437168121338,3,3,3,2,0,7,0,0,0
G:\Thesis\MonkSkinTone_Dataset\Segmented_MSTE\subject_12/PXL_20220922_175213980.jpg,10,10,9,2,0.5979349613189697,6,6,6,5,1,4,0,0,0
G:\Thesis\MonkSkinTone_Dataset\Segmented_MSTE\subject_12/PXL_20220922_175212910.jpg,10,10,9,2,0.5892321467399597,6,6,6,5,1,4,0,0,0
G:\Thesis\MonkSkinTone_Dataset\Segmented_MSTE\subject_12/PXL_20220922_175210525.jpg,10,10,9,2,0.5072861313819885,6,6,6,5,1,4,0,0,0
G:\Thesis\MonkSkinTone_Dataset\Segmented_MSTE\subject_12/PXL_20220922_175205602.jpg,10,10,9,2,0.541118323802948,6,6,6,5,1,4,0,0,0
G:\Thesis\MonkSkinTone_Dataset\Segmented_MSTE\subject_12/PXL_20220922_175203683.jpg,10,10,9,2,0.48787790536880493,5,5,5,4,1,5,0,0,0
G:\Thesis\MonkSkinTone_Dataset\Segmented_MSTE\subject_12/PXL_20220922_175201134.jpg,10,10,9,2,0.4260639250278473,5,5,5,4,1,5,0,0,0
G:\Thesis\MonkSkinTone_Dataset\Segmented_MSTE\subject_12/PXL_20220922_175159465.jpg,10,10,9,2,0.45298558473587036,5,5,5,4,1,5,0,0,0
G:\Thesis\MonkSkinTone_Dataset\Segmented_MSTE\subject_12/PXL_20220922_175157945.jpg,10,10,9,2,0.4637266993522644,5,5,5,4,1,5,0,0,0
G:\Thesis\MonkSkinTone_Dataset\Segmented_MSTE\subject_12/PXL_20220922_175155744.jpg,10,10,9,2,0.6015077829360962,6,6,6,5,1,4,0,0,0
G:\Thesis\MonkSkinTone_Dataset\Segmented_MSTE\subject_12/PXL_20220922_175154352.jpg,10,10,9,2,0.5041158199310303,6,6,6,5,1,4,0,0,0
G:\Thesis\MonkSkinTone_Dataset\Segmented_MSTE\subject_12/PXL_20220922_175152817.jpg,10,10,9,2,0.5627133250236511,6,6,6,5,1,4,0,0,0
G:\Thesis\MonkSkinTone_Dataset\Segmented_MSTE\subject_12/PXL_20220922_175151358.jpg,10,10,9,2,0.5011622309684753,6,6,6,5,1,4,0,0,0
G:\Thesis\MonkSkinTone_Dataset\Segmented_MSTE\subject_12/PXL_20220922_175149121.jpg,10,10,9,2,0.6220989227294922,7,7,7,6,1,3,0,0,0
G:\Thesis\MonkSkinTone_Dataset\Segmented_MSTE\subject_12/PXL_20220922_175145715.jpg,10,10,9,2,0.6812748908996582,7,7,7,6,1,3,0,0,0
G:\Thesis\MonkSkinTone_Dataset\Segmented_MSTE\subject_12/PXL_20220922_175143920.jpg,10,10,9,2,0.5139137506484985,6,6,6,5,1,4,0,0,0
G:\Thesis\MonkSkinTone_Dataset\Segmented_MSTE\subject_12/PXL_20220922_175142212.jpg,10,10,9,2,0.6861976981163025,7,7,7,6,1,3,0,0,0
G:\Thesis\MonkSkinTone_Dataset\Segmented_MSTE\subject_12/PXL_20220922_175140560.jpg,10,10,9,2,0.8712943196296692,9,9,9,8,2,1,0,1,1
G:\Thesis\MonkSkinTone_Dataset\Segmented_MSTE\subject_12/PXL_20220922_175138290.jpg,10,10,9,2,0.5046604871749878,6,6,6,5,1,4,0,0,0
G:\Thesis\MonkSkinTone_Dataset\Segmented_MSTE\subject_11/PXL_20220922_194043213.PORTRAIT.jpg,5,5,4,1,0.6060576438903809,6,6,6,5,1,1,0,1,1
G:\Thesis\MonkSkinTone_Dataset\Segmented_MSTE\subject_11/PXL_20220922_195139258.jpg,5,5,4,1,0.6858994364738464,7,7,7,6,1,2,0,0,1
G:\Thesis\MonkSkinTone_Dataset\Segmented_MSTE\subject_11/PXL_20220922_195132751.jpg,5,5,4,1,0.5828397870063782,6,6,6,5,1,1,0,1,1
G:\Thesis\MonkSkinTone_Dataset\Segmented_MSTE\subject_11/PXL_20220922_195125067.jpg,5,5,4,1,0.5074796676635742,6,6,6,5,1,1,0,1,1
G:\Thesis\MonkSkinTone_Dataset\Segmented_MSTE\subject_11/PXL_20220922_194839785.jpg,5,5,4,1,0.6635227799415588,7,7,7,6,1,2,0,0,1
G:\Thesis\MonkSkinTone_Dataset\Segmented_MSTE\subject_11/PXL_20220922_194838596.jpg,5,5,4,1,0.2969669997692108,4,4,4,3,1,1,0,1,1
G:\Thesis\MonkSkinTone_Dataset\Segmented_MSTE\subject_11/PXL_20220922_194835814.jpg,5,5,4,1,0.3577057719230652,4,4,4,3,1,1,0,1,1
G:\Thesis\MonkSkinTone_Dataset\Segmented_MSTE\subject_11/PXL_20220922_194833505.jpg,5,5,4,1,0.573561429977417,6,6,6,5,1,1,0,1,1
G:\Thesis\MonkSkinTone_Dataset\Segmented_MSTE\subject_11/PXL_20220922_194832008.jpg,5,5,4,1,0.5026218295097351,6,6,6,5,1,1,0,1,1
G:\Thesis\MonkSkinTone_Dataset\Segmented_MSTE\subject_11/PXL_20220922_194830538.jpg,5,5,4,1,0.34673935174942017,4,4,4,3,1,1,0,1,1
G:\Thesis\MonkSkinTone_Dataset\Segmented_MSTE\subject_11/PXL_20220922_194828973.jpg,5,5,4,1,0.4664718508720398,5,5,5,4,1,0,1,1,1
G:\Thesis\MonkSkinTone_Dataset\Segmented_MSTE\subject_11/PXL_20220922_194827634.jpg,5,5,4,1,0.676267147064209,7,7,7,6,1,2,0,0,1
G:\Thesis\MonkSkinTone_Dataset\Segmented_MSTE\subject_11/PXL_20220922_194826234.jpg,5,5,4,1,0.5078414678573608,6,6,6,5,1,1,0,1,1
G:\Thesis\MonkSkinTone_Dataset\Segmented_MSTE\subject_11/PXL_20220922_194815935.jpg,5,5,4,1,0.48114460706710815,5,5,5,4,1,0,1,1,1
G:\Thesis\MonkSkinTone_Dataset\Segmented_MSTE\subject_11/PXL_20220922_194813421.jpg,5,5,4,1,0.49396416544914246,5,5,5,4,1,0,1,1,1
G:\Thesis\MonkSkinTone_Dataset\Segmented_MSTE\subject_11/PXL_20220922_194811186.jpg,5,5,4,1,0.31429120898246765,4,4,4,3,1,1,0,1,1
G:\Thesis\MonkSkinTone_Dataset\Segmented_MSTE\subject_11/PXL_20220922_194810135.jpg,5,5,4,1,0.35179436206817627,4,4,4,3,1,1,0,1,1
G:\Thesis\MonkSkinTone_Dataset\Segmented_MSTE\subject_11/PXL_20220922_194808967.jpg,5,5,4,1,0.5253451466560364,6,6,6,5,1,1,0,1,1
G:\Thesis\MonkSkinTone_Dataset\Segmented_MSTE\subject_11/PXL_20220922_194806383.jpg,5,5,4,1,0.5008285045623779,6,6,6,5,1,1,0,1,1
G:\Thesis\MonkSkinTone_Dataset\Segmented_MSTE\subject_11/PXL_20220922_194710700.jpg,5,5,4,1,0.5385119318962097,6,6,6,5,1,1,0,1,1
G:\Thesis\MonkSkinTone_Dataset\Segmented_MSTE\subject_11/PXL_20220922_194709702.jpg,5,5,4,1,0.4205416738986969,5,5,5,4,1,0,1,1,1
G:\Thesis\MonkSkinTone_Dataset\Segmented_MSTE\subject_11/PXL_20220922_194708639.jpg,5,5,4,1,0.444773405790329,5,5,5,4,1,0,1,1,1
G:\Thesis\MonkSkinTone_Dataset\Segmented_MSTE\subject_11/PXL_20220922_194707277.jpg,5,5,4,1,0.45610666275024414,5,5,5,4,1,0,1,1,1
G:\Thesis\MonkSkinTone_Dataset\Segmented_MSTE\subject_11/PXL_20220922_194704597.jpg,5,5,4,1,0.4465581476688385,5,5,5,4,1,0,1,1,1
G:\Thesis\MonkSkinTone_Dataset\Segmented_MSTE\subject_11/PXL_20220922_194703609.jpg,5,5,4,1,0.44719094038009644,5,5,5,4,1,0,1,1,1
G:\Thesis\MonkSkinTone_Dataset\Segmented_MSTE\subject_11/PXL_20220922_194702025.jpg,5,5,4,1,0.4252437949180603,5,5,5,4,1,0,1,1,1
G:\Thesis\MonkSkinTone_Dataset\Segmented_MSTE\subject_11/PXL_20220922_194700623.jpg,5,5,4,1,0.40407779812812805,5,5,5,4,1,0,1,1,1
G:\Thesis\MonkSkinTone_Dataset\Segmented_MSTE\subject_11/PXL_20220922_194659198.jpg,5,5,4,1,0.5120775699615479,6,6,6,5,1,1,0,1,1
G:\Thesis\MonkSkinTone_Dataset\Segmented_MSTE\subject_11/PXL_20220922_194656564.jpg,5,5,4,1,0.5291190147399902,6,6,6,5,1,1,0,1,1
G:\Thesis\MonkSkinTone_Dataset\Segmented_MSTE\subject_11/PXL_20220922_194609641.jpg,5,5,4,1,0.4210363030433655,5,5,5,4,1,0,1,1,1
G:\Thesis\MonkSkinTone_Dataset\Segmented_MSTE\subject_11/PXL_20220922_194608256.jpg,5,5,4,1,0.5192133188247681,6,6,6,5,1,1,0,1,1
G:\Thesis\MonkSkinTone_Dataset\Segmented_MSTE\subject_11/PXL_20220922_194606938.jpg,5,5,4,1,0.6542797088623047,7,7,7,6,1,2,0,0,1
G:\Thesis\MonkSkinTone_Dataset\Segmented_MSTE\subject_11/PXL_20220922_194605555.jpg,5,5,4,1,0.5223752856254578,6,6,6,5,1,1,0,1,1
G:\Thesis\MonkSkinTone_Dataset\Segmented_MSTE\subject_11/PXL_20220922_194602207.jpg,5,5,4,1,0.49248215556144714,5,5,5,4,1,0,1,1,1
G:\Thesis\MonkSkinTone_Dataset\Segmented_MSTE\subject_11/PXL_20220922_194600792.jpg,5,5,4,1,0.5443706512451172,6,6,6,5,1,1,0,1,1
G:\Thesis\MonkSkinTone_Dataset\Segmented_MSTE\subject_11/PXL_20220922_194559610.jpg,5,5,4,1,0.5099045634269714,6,6,6,5,1,1,0,1,1
G:\Thesis\MonkSkinTone_Dataset\Segmented_MSTE\subject_11/PXL_20220922_194558533.jpg,5,5,4,1,0.2989484667778015,4,4,4,3,1,1,0,1,1
G:\Thesis\MonkSkinTone_Dataset\Segmented_MSTE\subject_11/PXL_20220922_194557410.jpg,5,5,4,1,0.49751579761505127,5,5,5,4,1,0,1,1,1
G:\Thesis\MonkSkinTone_Dataset\Segmented_MSTE\subject_11/PXL_20220922_194553257.jpg,5,5,4,1,0.668269693851471,7,7,7,6,1,2,0,0,1
G:\Thesis\MonkSkinTone_Dataset\Segmented_MSTE\subject_11/PXL_20220922_194552004.jpg,5,5,4,1,0.5253682732582092,6,6,6,5,1,1,0,1,1
G:\Thesis\MonkSkinTone_Dataset\Segmented_MSTE\subject_11/PXL_20220922_194550829.jpg,5,5,4,1,0.5326510071754456,6,6,6,5,1,1,0,1,1
G:\Thesis\MonkSkinTone_Dataset\Segmented_MSTE\subject_11/PXL_20220922_194549170.jpg,5,5,4,1,0.4816853404045105,5,5,5,4,1,0,1,1,1
G:\Thesis\MonkSkinTone_Dataset\Segmented_MSTE\subject_11/PXL_20220922_194548132.jpg,5,5,4,1,0.33472222089767456,4,4,4,3,1,1,0,1,1
G:\Thesis\MonkSkinTone_Dataset\Segmented_MSTE\subject_11/PXL_20220922_194546635.jpg,5,5,4,1,0.42955896258354187,5,5,5,4,1,0,1,1,1
G:\Thesis\MonkSkinTone_Dataset\Segmented_MSTE\subject_11/PXL_20220922_194545662.jpg,5,5,4,1,0.37348881363868713,4,4,4,3,1,1,0,1,1
G:\Thesis\MonkSkinTone_Dataset\Segmented_MSTE\subject_11/PXL_20220922_194544335.jpg,5,5,4,1,0.49670910835266113,5,5,5,4,1,0,1,1,1
G:\Thesis\MonkSkinTone_Dataset\Segmented_MSTE\subject_11/PXL_20220922_194420621.jpg,5,5,4,1,0.3466656804084778,4,4,4,3,1,1,0,1,1
G:\Thesis\MonkSkinTone_Dataset\Segmented_MSTE\subject_11/PXL_20220922_194419604.jpg,5,5,4,1,0.17406898736953735,3,3,3,2,0,2,0,0,0
G:\Thesis\MonkSkinTone_Dataset\Segmented_MSTE\subject_11/PXL_20220922_194417606.jpg,5,5,4,1,0.457950234413147,5,5,5,4,1,0,1,1,1
G:\Thesis\MonkSkinTone_Dataset\Segmented_MSTE\subject_11/PXL_20220922_194416689.jpg,5,5,4,1,0.5185368061065674,6,6,6,5,1,1,0,1,1
G:\Thesis\MonkSkinTone_Dataset\Segmented_MSTE\subject_11/PXL_20220922_194415718.jpg,5,5,4,1,0.4987553358078003,5,5,5,4,1,0,1,1,1
G:\Thesis\MonkSkinTone_Dataset\Segmented_MSTE\subject_11/PXL_20220922_194411620.jpg,5,5,4,1,0.2732308506965637,3,3,3,2,0,2,0,0,0
G:\Thesis\MonkSkinTone_Dataset\Segmented_MSTE\subject_11/PXL_20220922_194410570.jpg,5,5,4,1,0.301567018032074,4,4,4,3,1,1,0,1,1
G:\Thesis\MonkSkinTone_Dataset\Segmented_MSTE\subject_11/PXL_20220922_194409241.jpg,5,5,4,1,0.3005530536174774,4,4,4,3,1,1,0,1,1
G:\Thesis\MonkSkinTone_Dataset\Segmented_MSTE\subject_11/PXL_20220922_194407675.jpg,5,5,4,1,0.44470635056495667,5,5,5,4,1,0,1,1,1
G:\Thesis\MonkSkinTone_Dataset\Segmented_MSTE\subject_11/PXL_20220922_194406571.jpg,5,5,4,1,0.6634488105773926,7,7,7,6,1,2,0,0,1
G:\Thesis\MonkSkinTone_Dataset\Segmented_MSTE\subject_11/PXL_20220922_194400921.jpg,5,5,4,1,0.427842378616333,5,5,5,4,1,0,1,1,1
G:\Thesis\MonkSkinTone_Dataset\Segmented_MSTE\subject_11/PXL_20220922_194359874.jpg,5,5,4,1,0.3527646064758301,4,4,4,3,1,1,0,1,1
G:\Thesis\MonkSkinTone_Dataset\Segmented_MSTE\subject_11/PXL_20220922_194358507.jpg,5,5,4,1,0.2982838451862335,4,4,4,3,1,1,0,1,1
G:\Thesis\MonkSkinTone_Dataset\Segmented_MSTE\subject_11/PXL_20220922_194357448.jpg,5,5,4,1,0.40736111998558044,5,5,5,4,1,0,1,1,1
G:\Thesis\MonkSkinTone_Dataset\Segmented_MSTE\subject_11/PXL_20220922_194356378.jpg,5,5,4,1,0.6116340160369873,7,7,7,6,1,2,0,0,1
G:\Thesis\MonkSkinTone_Dataset\Segmented_MSTE\subject_11/PXL_20220922_194353957.jpg,5,5,4,1,0.5349442958831787,6,6,6,5,1,1,0,1,1
G:\Thesis\MonkSkinTone_Dataset\Segmented_MSTE\subject_11/PXL_20220922_194352302.jpg,5,5,4,1,0.41404202580451965,5,5,5,4,1,0,1,1,1
G:\Thesis\MonkSkinTone_Dataset\Segmented_MSTE\subject_11/PXL_20220922_194351285.jpg,5,5,4,1,0.4186895787715912,5,5,5,4,1,0,1,1,1
G:\Thesis\MonkSkinTone_Dataset\Segmented_MSTE\subject_11/PXL_20220922_194349832.jpg,5,5,4,1,0.3188663125038147,4,4,4,3,1,1,0,1,1
G:\Thesis\MonkSkinTone_Dataset\Segmented_MSTE\subject_11/PXL_20220922_194348664.jpg,5,5,4,1,0.4630178213119507,5,5,5,4,1,0,1,1,1
G:\Thesis\MonkSkinTone_Dataset\Segmented_MSTE\subject_11/PXL_20220922_194342509.jpg,5,5,4,1,0.7542469501495361,8,8,8,7,2,3,0,0,0
G:\Thesis\MonkSkinTone_Dataset\Segmented_MSTE\subject_11/PXL_20220922_194341122.jpg,5,5,4,1,0.5188314318656921,6,6,6,5,1,1,0,1,1
G:\Thesis\MonkSkinTone_Dataset\Segmented_MSTE\subject_11/PXL_20220922_194339820.jpg,5,5,4,1,0.47790417075157166,5,5,5,4,1,0,1,1,1
G:\Thesis\MonkSkinTone_Dataset\Segmented_MSTE\subject_11/PXL_20220922_194338361.jpg,5,5,4,1,0.40791523456573486,5,5,5,4,1,0,1,1,1
G:\Thesis\MonkSkinTone_Dataset\Segmented_MSTE\subject_11/PXL_20220922_194151515.PORTRAIT.jpg,5,5,4,1,0.39808401465415955,5,5,5,4,1,0,1,1,1
G:\Thesis\MonkSkinTone_Dataset\Segmented_MSTE\subject_11/PXL_20220922_194149978.PORTRAIT.jpg,5,5,4,1,0.2545923590660095,3,3,3,2,0,2,0,0,0
G:\Thesis\MonkSkinTone_Dataset\Segmented_MSTE\subject_11/PXL_20220922_194148401.PORTRAIT.jpg,5,5,4,1,0.4230039417743683,5,5,5,4,1,0,1,1,1
G:\Thesis\MonkSkinTone_Dataset\Segmented_MSTE\subject_11/PXL_20220922_194146740.PORTRAIT.jpg,5,5,4,1,0.6265133619308472,7,7,7,6,1,2,0,0,1
G:\Thesis\MonkSkinTone_Dataset\Segmented_MSTE\subject_11/PXL_20220922_194144154.PORTRAIT.jpg,5,5,4,1,0.5565564632415771,6,6,6,5,1,1,0,1,1
G:\Thesis\MonkSkinTone_Dataset\Segmented_MSTE\subject_11/PXL_20220922_194132469.PORTRAIT.jpg,5,5,4,1,0.34101155400276184,4,4,4,3,1,1,0,1,1
G:\Thesis\MonkSkinTone_Dataset\Segmented_MSTE\subject_11/PXL_20220922_194130709.PORTRAIT.jpg,5,5,4,1,0.26344555616378784,3,3,3,2,0,2,0,0,0
G:\Thesis\MonkSkinTone_Dataset\Segmented_MSTE\subject_11/PXL_20220922_194128523.PORTRAIT.jpg,5,5,4,1,0.44657981395721436,5,5,5,4,1,0,1,1,1
G:\Thesis\MonkSkinTone_Dataset\Segmented_MSTE\subject_11/PXL_20220922_194126652.PORTRAIT.jpg,5,5,4,1,0.44128504395484924,5,5,5,4,1,0,1,1,1
G:\Thesis\MonkSkinTone_Dataset\Segmented_MSTE\subject_11/PXL_20220922_194117414.PORTRAIT.jpg,5,5,4,1,0.5008828043937683,6,6,6,5,1,1,0,1,1
G:\Thesis\MonkSkinTone_Dataset\Segmented_MSTE\subject_11/PXL_20220922_194115944.PORTRAIT.jpg,5,5,4,1,0.44962355494499207,5,5,5,4,1,0,1,1,1
G:\Thesis\MonkSkinTone_Dataset\Segmented_MSTE\subject_11/PXL_20220922_194114230.PORTRAIT.jpg,5,5,4,1,0.6779236793518066,7,7,7,6,1,2,0,0,1
G:\Thesis\MonkSkinTone_Dataset\Segmented_MSTE\subject_11/PXL_20220922_194111977.PORTRAIT.jpg,5,5,4,1,0.5521692037582397,6,6,6,5,1,1,0,1,1
G:\Thesis\MonkSkinTone_Dataset\Segmented_MSTE\subject_11/PXL_20220922_194109470.PORTRAIT.jpg,5,5,4,1,0.6306103467941284,7,7,7,6,1,2,0,0,1
G:\Thesis\MonkSkinTone_Dataset\Segmented_MSTE\subject_11/PXL_20220922_194103210.PORTRAIT.jpg,5,5,4,1,0.615828275680542,7,7,7,6,1,2,0,0,1
G:\Thesis\MonkSkinTone_Dataset\Segmented_MSTE\subject_11/PXL_20220922_194101168.PORTRAIT.jpg,5,5,4,1,0.4906209111213684,5,5,5,4,1,0,1,1,1
G:\Thesis\MonkSkinTone_Dataset\Segmented_MSTE\subject_11/PXL_20220922_194059320.PORTRAIT.jpg,5,5,4,1,0.44252535700798035,5,5,5,4,1,0,1,1,1
G:\Thesis\MonkSkinTone_Dataset\Segmented_MSTE\subject_11/PXL_20220922_194057359.PORTRAIT.jpg,5,5,4,1,0.4747997522354126,5,5,5,4,1,0,1,1,1
G:\Thesis\MonkSkinTone_Dataset\Segmented_MSTE\subject_11/PXL_20220922_194054240.PORTRAIT.jpg,5,5,4,1,0.4790051281452179,5,5,5,4,1,0,1,1,1
G:\Thesis\MonkSkinTone_Dataset\Segmented_MSTE\subject_11/PXL_20220922_194051594.PORTRAIT.jpg,5,5,4,1,0.518844723701477,6,6,6,5,1,1,0,1,1
G:\Thesis\MonkSkinTone_Dataset\Segmented_MSTE\subject_11/PXL_20220922_194049976.PORTRAIT.jpg,5,5,4,1,0.45973166823387146,5,5,5,4,1,0,1,1,1
G:\Thesis\MonkSkinTone_Dataset\Segmented_MSTE\subject_11/PXL_20220922_194048360.PORTRAIT.jpg,5,5,4,1,0.3754432499408722,4,4,4,3,1,1,0,1,1
G:\Thesis\MonkSkinTone_Dataset\Segmented_MSTE\subject_11/PXL_20220922_194046302.PORTRAIT.jpg,5,5,4,1,0.34014973044395447,4,4,4,3,1,1,0,1,1
G:\Thesis\MonkSkinTone_Dataset\Segmented_MSTE\subject_11/PXL_20220922_194043213.PORTRAIT.jpg,5,5,4,1,0.6060576438903809,6,6,6,5,1,1,0,1,1
G:\Thesis\MonkSkinTone_Dataset\Segmented_MSTE\subject_10/PXL_20220922_195423628.jpg,9,9,8,2,0.6175280809402466,7,7,7,6,1,2,0,0,0
G:\Thesis\MonkSkinTone_Dataset\Segmented_MSTE\subject_10/PXL_20220922_200213044.jpg,9,9,8,2,0.15046703815460205,2,2,2,1,0,7,0,0,0
G:\Thesis\MonkSkinTone_Dataset\Segmented_MSTE\subject_10/PXL_20220922_200207745.jpg,9,9,8,2,0.3055480718612671,4,4,4,3,1,5,0,0,0
G:\Thesis\MonkSkinTone_Dataset\Segmented_MSTE\subject_10/PXL_20220922_200206611.jpg,9,9,8,2,0.6427822709083557,7,7,7,6,1,2,0,0,0
G:\Thesis\MonkSkinTone_Dataset\Segmented_MSTE\subject_10/PXL_20220922_200205248.jpg,9,9,8,2,0.6178768873214722,7,7,7,6,1,2,0,0,0
G:\Thesis\MonkSkinTone_Dataset\Segmented_MSTE\subject_10/PXL_20220922_200152527.jpg,9,9,8,2,0.5484904646873474,6,6,6,5,1,3,0,0,0
G:\Thesis\MonkSkinTone_Dataset\Segmented_MSTE\subject_10/PXL_20220922_200146545.jpg,9,9,8,2,0.3922257721424103,5,5,5,4,1,4,0,0,0
G:\Thesis\MonkSkinTone_Dataset\Segmented_MSTE\subject_10/PXL_20220922_200138910.jpg,9,9,8,2,0.3370817005634308,4,4,4,3,1,5,0,0,0
G:\Thesis\MonkSkinTone_Dataset\Segmented_MSTE\subject_10/PXL_20220922_200027198.jpg,9,9,8,2,0.7762107253074646,8,8,8,7,2,1,0,1,1
G:\Thesis\MonkSkinTone_Dataset\Segmented_MSTE\subject_10/PXL_20220922_200020824.jpg,9,9,8,2,0.4461982846260071,5,5,5,4,1,4,0,0,0
G:\Thesis\MonkSkinTone_Dataset\Segmented_MSTE\subject_10/PXL_20220922_200017828.jpg,9,9,8,2,0.9032419919967651,9,9,9,8,2,0,1,1,1
G:\Thesis\MonkSkinTone_Dataset\Segmented_MSTE\subject_10/PXL_20220922_200010788.jpg,9,9,8,2,0.6496995091438293,7,7,7,6,1,2,0,0,0
G:\Thesis\MonkSkinTone_Dataset\Segmented_MSTE\subject_10/PXL_20220922_200003963.jpg,9,9,8,2,0.4280548393726349,5,5,5,4,1,4,0,0,0
G:\Thesis\MonkSkinTone_Dataset\Segmented_MSTE\subject_10/PXL_20220922_200000614.jpg,9,9,8,2,0.8060356378555298,8,8,8,7,2,1,0,1,1
G:\Thesis\MonkSkinTone_Dataset\Segmented_MSTE\subject_10/PXL_20220922_195956509.jpg,9,9,8,2,0.6655675172805786,7,7,7,6,1,2,0,0,0
G:\Thesis\MonkSkinTone_Dataset\Segmented_MSTE\subject_10/PXL_20220922_195953468.jpg,9,9,8,2,0.8712612390518188,9,9,9,8,2,0,1,1,1
G:\Thesis\MonkSkinTone_Dataset\Segmented_MSTE\subject_10/PXL_20220922_195950116.jpg,9,9,8,2,0.4866451025009155,5,5,5,4,1,4,0,0,0
G:\Thesis\MonkSkinTone_Dataset\Segmented_MSTE\subject_10/PXL_20220922_195946651.jpg,9,9,8,2,0.4569465219974518,5,5,5,4,1,4,0,0,0
G:\Thesis\MonkSkinTone_Dataset\Segmented_MSTE\subject_10/PXL_20220922_195944058.jpg,9,9,8,2,0.5581322908401489,6,6,6,5,1,3,0,0,0
G:\Thesis\MonkSkinTone_Dataset\Segmented_MSTE\subject_10/PXL_20220922_195838924.jpg,9,9,8,2,0.527625560760498,6,6,6,5,1,3,0,0,0
G:\Thesis\MonkSkinTone_Dataset\Segmented_MSTE\subject_10/PXL_20220922_195836856.jpg,9,9,8,2,0.502178966999054,6,6,6,5,1,3,0,0,0
G:\Thesis\MonkSkinTone_Dataset\Segmented_MSTE\subject_10/PXL_20220922_195832291.jpg,9,9,8,2,0.22154168784618378,3,3,3,2,0,6,0,0,0
G:\Thesis\MonkSkinTone_Dataset\Segmented_MSTE\subject_10/PXL_20220922_195829652.jpg,9,9,8,2,0.44747424125671387,5,5,5,4,1,4,0,0,0
G:\Thesis\MonkSkinTone_Dataset\Segmented_MSTE\subject_10/PXL_20220922_195735806.jpg,9,9,8,2,0.4985358715057373,5,5,5,4,1,4,0,0,0
G:\Thesis\MonkSkinTone_Dataset\Segmented_MSTE\subject_10/PXL_20220922_195729264.jpg,9,9,8,2,0.367719829082489,4,4,4,3,1,5,0,0,0
G:\Thesis\MonkSkinTone_Dataset\Segmented_MSTE\subject_10/PXL_20220922_195725795.jpg,9,9,8,2,0.5523244142532349,6,6,6,5,1,3,0,0,0
G:\Thesis\MonkSkinTone_Dataset\Segmented_MSTE\subject_10/PXL_20220922_195722247.jpg,9,9,8,2,0.48495611548423767,5,5,5,4,1,4,0,0,0
G:\Thesis\MonkSkinTone_Dataset\Segmented_MSTE\subject_10/PXL_20220922_195719843.jpg,9,9,8,2,0.7326686978340149,8,8,8,7,2,1,0,1,1
G:\Thesis\MonkSkinTone_Dataset\Segmented_MSTE\subject_10/PXL_20220922_195714210.jpg,9,9,8,2,0.26014718413352966,3,3,3,2,0,6,0,0,0
G:\Thesis\MonkSkinTone_Dataset\Segmented_MSTE\subject_10/PXL_20220922_195711268.jpg,9,9,8,2,0.4413391947746277,5,5,5,4,1,4,0,0,0
G:\Thesis\MonkSkinTone_Dataset\Segmented_MSTE\subject_10/PXL_20220922_195707349.jpg,9,9,8,2,0.6563010811805725,7,7,7,6,1,2,0,0,0
G:\Thesis\MonkSkinTone_Dataset\Segmented_MSTE\subject_10/PXL_20220922_195700279.jpg,9,9,8,2,0.3863184154033661,4,4,4,3,1,5,0,0,0
G:\Thesis\MonkSkinTone_Dataset\Segmented_MSTE\subject_10/PXL_20220922_195656401.jpg,9,9,8,2,0.5196422934532166,6,6,6,5,1,3,0,0,0
G:\Thesis\MonkSkinTone_Dataset\Segmented_MSTE\subject_10/PXL_20220922_195637346.jpg,9,9,8,2,0.6100118160247803,6,6,6,5,1,3,0,0,0
G:\Thesis\MonkSkinTone_Dataset\Segmented_MSTE\subject_10/PXL_20220922_195506633.jpg,9,9,8,2,0.5166752934455872,6,6,6,5,1,3,0,0,0
G:\Thesis\MonkSkinTone_Dataset\Segmented_MSTE\subject_10/PXL_20220922_195504855.jpg,9,9,8,2,0.4145950675010681,5,5,5,4,1,4,0,0,0
G:\Thesis\MonkSkinTone_Dataset\Segmented_MSTE\subject_10/PXL_20220922_195503218.jpg,9,9,8,2,0.49616739153862,5,5,5,4,1,4,0,0,0
G:\Thesis\MonkSkinTone_Dataset\Segmented_MSTE\subject_10/PXL_20220922_195501347.jpg,9,9,8,2,0.7827070355415344,8,8,8,7,2,1,0,1,1
G:\Thesis\MonkSkinTone_Dataset\Segmented_MSTE\subject_10/PXL_20220922_195459564.jpg,9,9,8,2,0.662285566329956,7,7,7,6,1,2,0,0,0
G:\Thesis\MonkSkinTone_Dataset\Segmented_MSTE\subject_10/PXL_20220922_195454157.jpg,9,9,8,2,0.5294065475463867,6,6,6,5,1,3,0,0,0
G:\Thesis\MonkSkinTone_Dataset\Segmented_MSTE\subject_10/PXL_20220922_195452476.jpg,9,9,8,2,0.16569828987121582,2,2,2,1,0,7,0,0,0
G:\Thesis\MonkSkinTone_Dataset\Segmented_MSTE\subject_10/PXL_20220922_195450706.jpg,9,9,8,2,0.5529314875602722,6,6,6,5,1,3,0,0,0
G:\Thesis\MonkSkinTone_Dataset\Segmented_MSTE\subject_10/PXL_20220922_195448989.jpg,9,9,8,2,0.5975230932235718,6,6,6,5,1,3,0,0,0
G:\Thesis\MonkSkinTone_Dataset\Segmented_MSTE\subject_10/PXL_20220922_195447140.jpg,9,9,8,2,0.43805354833602905,5,5,5,4,1,4,0,0,0
G:\Thesis\MonkSkinTone_Dataset\Segmented_MSTE\subject_10/PXL_20220922_195442715.jpg,9,9,8,2,0.5751200318336487,6,6,6,5,1,3,0,0,0
G:\Thesis\MonkSkinTone_Dataset\Segmented_MSTE\subject_10/PXL_20220922_195441067.jpg,9,9,8,2,0.5296481251716614,6,6,6,5,1,3,0,0,0
G:\Thesis\MonkSkinTone_Dataset\Segmented_MSTE\subject_10/PXL_20220922_195439181.jpg,9,9,8,2,0.31029364466667175,4,4,4,3,1,5,0,0,0
G:\Thesis\MonkSkinTone_Dataset\Segmented_MSTE\subject_10/PXL_20220922_195437698.jpg,9,9,8,2,0.7038198709487915,7,7,7,6,1,2,0,0,0
G:\Thesis\MonkSkinTone_Dataset\Segmented_MSTE\subject_10/PXL_20220922_195435930.jpg,9,9,8,2,0.4679180383682251,5,5,5,4,1,4,0,0,0
G:\Thesis\MonkSkinTone_Dataset\Segmented_MSTE\subject_10/PXL_20220922_195431981.jpg,9,9,8,2,0.7634186744689941,8,8,8,7,2,1,0,1,1
G:\Thesis\MonkSkinTone_Dataset\Segmented_MSTE\subject_10/PXL_20220922_195430381.jpg,9,9,8,2,0.5832631587982178,6,6,6,5,1,3,0,0,0
G:\Thesis\MonkSkinTone_Dataset\Segmented_MSTE\subject_10/PXL_20220922_195427510.jpg,9,9,8,2,0.38922086358070374,5,5,5,4,1,4,0,0,0
G:\Thesis\MonkSkinTone_Dataset\Segmented_MSTE\subject_10/PXL_20220922_195425593.jpg,9,9,8,2,0.7635360360145569,8,8,8,7,2,1,0,1,1
G:\Thesis\MonkSkinTone_Dataset\Segmented_MSTE\subject_10/PXL_20220922_195423628.jpg,9,9,8,2,0.6175280809402466,7,7,7,6,1,2,0,0,0
G:\Thesis\MonkSkinTone_Dataset\Segmented_MSTE\subject_9/PXL_20220922_134538984.PORTRAIT.jpg,4,4,3,1,0.4306957721710205,5,5,5,4,1,1,0,1,1
G:\Thesis\MonkSkinTone_Dataset\Segmented_MSTE\subject_9/PXL_20220922_140402500.PORTRAIT.jpg,4,4,3,1,0.17034010589122772,3,3,3,2,0,1,0,1,0
G:\Thesis\MonkSkinTone_Dataset\Segmented_MSTE\subject_9/PXL_20220922_140358703.PORTRAIT.jpg,4,4,3,1,0.053949352353811264,1,1,1,0,0,3,0,0,0
G:\Thesis\MonkSkinTone_Dataset\Segmented_MSTE\subject_9/PXL_20220922_140354824.PORTRAIT.jpg,4,4,3,1,0.09319689869880676,2,2,2,1,0,2,0,0,0
G:\Thesis\MonkSkinTone_Dataset\Segmented_MSTE\subject_9/PXL_20220922_140352486.PORTRAIT.jpg,4,4,3,1,0.05495922639966011,1,1,1,0,0,3,0,0,0
G:\Thesis\MonkSkinTone_Dataset\Segmented_MSTE\subject_9/PXL_20220922_140350579.PORTRAIT.jpg,4,4,3,1,0.07586337625980377,2,2,2,1,0,2,0,0,0
G:\Thesis\MonkSkinTone_Dataset\Segmented_MSTE\subject_9/PXL_20220922_140348903.PORTRAIT.jpg,4,4,3,1,0.10468371212482452,2,2,2,1,0,2,0,0,0
G:\Thesis\MonkSkinTone_Dataset\Segmented_MSTE\subject_9/PXL_20220922_140342859.PORTRAIT.jpg,4,4,3,1,0.374655544757843,4,4,4,3,1,0,1,1,1
G:\Thesis\MonkSkinTone_Dataset\Segmented_MSTE\subject_9/PXL_20220922_140341531.PORTRAIT.jpg,4,4,3,1,0.26051512360572815,3,3,3,2,0,1,0,1,0
G:\Thesis\MonkSkinTone_Dataset\Segmented_MSTE\subject_9/PXL_20220922_140339729.PORTRAIT.jpg,4,4,3,1,0.2702595889568329,3,3,3,2,0,1,0,1,0
G:\Thesis\MonkSkinTone_Dataset\Segmented_MSTE\subject_9/PXL_20220922_140337825.PORTRAIT.jpg,4,4,3,1,0.33098477125167847,4,4,4,3,1,0,1,1,1
G:\Thesis\MonkSkinTone_Dataset\Segmented_MSTE\subject_9/PXL_20220922_140335749.PORTRAIT.jpg,4,4,3,1,0.17619465291500092,3,3,3,2,0,1,0,1,0
G:\Thesis\MonkSkinTone_Dataset\Segmented_MSTE\subject_9/PXL_20220922_140323802.PORTRAIT.jpg,4,4,3,1,0.48627379536628723,5,5,5,4,1,1,0,1,1
G:\Thesis\MonkSkinTone_Dataset\Segmented_MSTE\subject_9/PXL_20220922_140322023.PORTRAIT.jpg,4,4,3,1,0.08871155977249146,2,2,2,1,0,2,0,0,0
G:\Thesis\MonkSkinTone_Dataset\Segmented_MSTE\subject_9/PXL_20220922_140317135.PORTRAIT.jpg,4,4,3,1,0.08282098919153214,2,2,2,1,0,2,0,0,0
G:\Thesis\MonkSkinTone_Dataset\Segmented_MSTE\subject_9/PXL_20220922_140315071.PORTRAIT.jpg,4,4,3,1,0.3157690167427063,4,4,4,3,1,0,1,1,1
G:\Thesis\MonkSkinTone_Dataset\Segmented_MSTE\subject_9/PXL_20220922_140222578.jpg,4,4,3,1,0.7865487933158875,8,8,8,7,2,4,0,0,0
G:\Thesis\MonkSkinTone_Dataset\Segmented_MSTE\subject_9/PXL_20220922_140221214.jpg,4,4,3,1,0.1352877914905548,2,2,2,1,0,2,0,0,0
G:\Thesis\MonkSkinTone_Dataset\Segmented_MSTE\subject_9/PXL_20220922_140219442.jpg,4,4,3,1,0.5026924014091492,6,6,6,5,1,2,0,0,1
G:\Thesis\MonkSkinTone_Dataset\Segmented_MSTE\subject_9/PXL_20220922_140216573.jpg,4,4,3,1,0.482543408870697,5,5,5,4,1,1,0,1,1
G:\Thesis\MonkSkinTone_Dataset\Segmented_MSTE\subject_9/PXL_20220922_140214625.jpg,4,4,3,1,0.38978466391563416,5,5,5,4,1,1,0,1,1
G:\Thesis\MonkSkinTone_Dataset\Segmented_MSTE\subject_9/PXL_20220922_140212750.jpg,4,4,3,1,0.17187219858169556,3,3,3,2,0,1,0,1,0
G:\Thesis\MonkSkinTone_Dataset\Segmented_MSTE\subject_9/PXL_20220922_140209423.jpg,4,4,3,1,0.18026617169380188,3,3,3,2,0,1,0,1,0
G:\Thesis\MonkSkinTone_Dataset\Segmented_MSTE\subject_9/PXL_20220922_140207202.jpg,4,4,3,1,0.4887707531452179,5,5,5,4,1,1,0,1,1
G:\Thesis\MonkSkinTone_Dataset\Segmented_MSTE\subject_9/PXL_20220922_140205447.jpg,4,4,3,1,0.4435997009277344,5,5,5,4,1,1,0,1,1
G:\Thesis\MonkSkinTone_Dataset\Segmented_MSTE\subject_9/PXL_20220922_140203657.jpg,4,4,3,1,0.4781853258609772,5,5,5,4,1,1,0,1,1
G:\Thesis\MonkSkinTone_Dataset\Segmented_MSTE\subject_9/PXL_20220922_140201615.jpg,4,4,3,1,0.21118196845054626,3,3,3,2,0,1,0,1,0
G:\Thesis\MonkSkinTone_Dataset\Segmented_MSTE\subject_9/PXL_20220922_140145712.jpg,4,4,3,1,0.47753527760505676,5,5,5,4,1,1,0,1,1
G:\Thesis\MonkSkinTone_Dataset\Segmented_MSTE\subject_9/PXL_20220922_140142694.jpg,4,4,3,1,0.3257453441619873,4,4,4,3,1,0,1,1,1
G:\Thesis\MonkSkinTone_Dataset\Segmented_MSTE\subject_9/PXL_20220922_140133700.jpg,4,4,3,1,0.5166626572608948,6,6,6,5,1,2,0,0,1
G:\Thesis\MonkSkinTone_Dataset\Segmented_MSTE\subject_9/PXL_20220922_140132005.jpg,4,4,3,1,0.2565826177597046,3,3,3,2,0,1,0,1,0
G:\Thesis\MonkSkinTone_Dataset\Segmented_MSTE\subject_9/PXL_20220922_140048541.jpg,4,4,3,1,0.4874062240123749,5,5,5,4,1,1,0,1,1
G:\Thesis\MonkSkinTone_Dataset\Segmented_MSTE\subject_9/PXL_20220922_140047100.jpg,4,4,3,1,0.47883036732673645,5,5,5,4,1,1,0,1,1
G:\Thesis\MonkSkinTone_Dataset\Segmented_MSTE\subject_9/PXL_20220922_140046379.jpg,4,4,3,1,0.4772953391075134,5,5,5,4,1,1,0,1,1
G:\Thesis\MonkSkinTone_Dataset\Segmented_MSTE\subject_9/PXL_20220922_140043111.jpg,4,4,3,1,0.3325933814048767,4,4,4,3,1,0,1,1,1
G:\Thesis\MonkSkinTone_Dataset\Segmented_MSTE\subject_9/PXL_20220922_140041215.jpg,4,4,3,1,0.29539844393730164,4,4,4,3,1,0,1,1,1
G:\Thesis\MonkSkinTone_Dataset\Segmented_MSTE\subject_9/PXL_20220922_140036631.jpg,4,4,3,1,0.4162198603153229,5,5,5,4,1,1,0,1,1
G:\Thesis\MonkSkinTone_Dataset\Segmented_MSTE\subject_9/PXL_20220922_140028838.jpg,4,4,3,1,0.5348514914512634,6,6,6,5,1,2,0,0,1
G:\Thesis\MonkSkinTone_Dataset\Segmented_MSTE\subject_9/PXL_20220922_140027001.jpg,4,4,3,1,0.505378782749176,6,6,6,5,1,2,0,0,1
G:\Thesis\MonkSkinTone_Dataset\Segmented_MSTE\subject_9/PXL_20220922_140005843.jpg,4,4,3,1,0.4025716781616211,5,5,5,4,1,1,0,1,1
G:\Thesis\MonkSkinTone_Dataset\Segmented_MSTE\subject_9/PXL_20220922_135959828.jpg,4,4,3,1,0.3578520715236664,4,4,4,3,1,0,1,1,1
G:\Thesis\MonkSkinTone_Dataset\Segmented_MSTE\subject_9/PXL_20220922_135948831.jpg,4,4,3,1,0.2865253984928131,4,4,4,3,1,0,1,1,1
G:\Thesis\MonkSkinTone_Dataset\Segmented_MSTE\subject_9/PXL_20220922_135947300.jpg,4,4,3,1,0.28232061862945557,4,4,4,3,1,0,1,1,1
G:\Thesis\MonkSkinTone_Dataset\Segmented_MSTE\subject_9/PXL_20220922_135945608.jpg,4,4,3,1,0.5024059414863586,6,6,6,5,1,2,0,0,1
G:\Thesis\MonkSkinTone_Dataset\Segmented_MSTE\subject_9/PXL_20220922_135944184.jpg,4,4,3,1,0.6541149616241455,7,7,7,6,1,3,0,0,1
G:\Thesis\MonkSkinTone_Dataset\Segmented_MSTE\subject_9/PXL_20220922_135943105.jpg,4,4,3,1,0.3553186357021332,4,4,4,3,1,0,1,1,1
G:\Thesis\MonkSkinTone_Dataset\Segmented_MSTE\subject_9/PXL_20220922_135941951.jpg,4,4,3,1,0.5238869190216064,6,6,6,5,1,2,0,0,1
G:\Thesis\MonkSkinTone_Dataset\Segmented_MSTE\subject_9/PXL_20220922_135940569.jpg,4,4,3,1,0.4993523359298706,5,5,5,4,1,1,0,1,1
G:\Thesis\MonkSkinTone_Dataset\Segmented_MSTE\subject_9/PXL_20220922_135939416.jpg,4,4,3,1,0.5052176117897034,6,6,6,5,1,2,0,0,1
G:\Thesis\MonkSkinTone_Dataset\Segmented_MSTE\subject_9/PXL_20220922_135908976.jpg,4,4,3,1,0.30409178137779236,4,4,4,3,1,0,1,1,1
G:\Thesis\MonkSkinTone_Dataset\Segmented_MSTE\subject_9/PXL_20220922_135854746.jpg,4,4,3,1,0.6661840081214905,7,7,7,6,1,3,0,0,1
G:\Thesis\MonkSkinTone_Dataset\Segmented_MSTE\subject_9/PXL_20220922_135810329.jpg,4,4,3,1,0.5408766269683838,6,6,6,5,1,2,0,0,1
G:\Thesis\MonkSkinTone_Dataset\Segmented_MSTE\subject_9/PXL_20220922_135808237.jpg,4,4,3,1,0.041865479201078415,1,1,1,0,0,3,0,0,0
G:\Thesis\MonkSkinTone_Dataset\Segmented_MSTE\subject_9/PXL_20220922_135806296.jpg,4,4,3,1,0.48825547099113464,5,5,5,4,1,1,0,1,1
G:\Thesis\MonkSkinTone_Dataset\Segmented_MSTE\subject_9/PXL_20220922_135804480.jpg,4,4,3,1,0.3704502582550049,4,4,4,3,1,0,1,1,1
G:\Thesis\MonkSkinTone_Dataset\Segmented_MSTE\subject_9/PXL_20220922_135802547.jpg,4,4,3,1,0.38161396980285645,4,4,4,3,1,0,1,1,1
G:\Thesis\MonkSkinTone_Dataset\Segmented_MSTE\subject_9/PXL_20220922_135756305.jpg,4,4,3,1,0.25846999883651733,3,3,3,2,0,1,0,1,0
G:\Thesis\MonkSkinTone_Dataset\Segmented_MSTE\subject_9/PXL_20220922_135754722.jpg,4,4,3,1,0.2990202307701111,4,4,4,3,1,0,1,1,1
G:\Thesis\MonkSkinTone_Dataset\Segmented_MSTE\subject_9/PXL_20220922_135753356.jpg,4,4,3,1,0.29258933663368225,4,4,4,3,1,0,1,1,1
G:\Thesis\MonkSkinTone_Dataset\Segmented_MSTE\subject_9/PXL_20220922_135751665.jpg,4,4,3,1,0.5498111844062805,6,6,6,5,1,2,0,0,1
G:\Thesis\MonkSkinTone_Dataset\Segmented_MSTE\subject_9/PXL_20220922_135750066.jpg,4,4,3,1,0.6429793238639832,7,7,7,6,1,3,0,0,1
G:\Thesis\MonkSkinTone_Dataset\Segmented_MSTE\subject_9/PXL_20220922_135747692.jpg,4,4,3,1,0.3153676390647888,4,4,4,3,1,0,1,1,1
G:\Thesis\MonkSkinTone_Dataset\Segmented_MSTE\subject_9/PXL_20220922_135641645.jpg,4,4,3,1,0.46088600158691406,5,5,5,4,1,1,0,1,1
G:\Thesis\MonkSkinTone_Dataset\Segmented_MSTE\subject_9/PXL_20220922_135640401.jpg,4,4,3,1,0.10364006459712982,2,2,2,1,0,2,0,0,0
G:\Thesis\MonkSkinTone_Dataset\Segmented_MSTE\subject_9/PXL_20220922_135639221.jpg,4,4,3,1,0.3598689138889313,4,4,4,3,1,0,1,1,1
G:\Thesis\MonkSkinTone_Dataset\Segmented_MSTE\subject_9/PXL_20220922_135638177.jpg,4,4,3,1,0.44058310985565186,5,5,5,4,1,1,0,1,1
G:\Thesis\MonkSkinTone_Dataset\Segmented_MSTE\subject_9/PXL_20220922_135636877.jpg,4,4,3,1,0.037058692425489426,1,1,1,0,0,3,0,0,0
G:\Thesis\MonkSkinTone_Dataset\Segmented_MSTE\subject_9/PXL_20220922_135633307.jpg,4,4,3,1,0.10517510026693344,2,2,2,1,0,2,0,0,0
G:\Thesis\MonkSkinTone_Dataset\Segmented_MSTE\subject_9/PXL_20220922_135631351.jpg,4,4,3,1,0.4293588101863861,5,5,5,4,1,1,0,1,1
G:\Thesis\MonkSkinTone_Dataset\Segmented_MSTE\subject_9/PXL_20220922_135621801.jpg,4,4,3,1,0.4113181233406067,5,5,5,4,1,1,0,1,1
G:\Thesis\MonkSkinTone_Dataset\Segmented_MSTE\subject_9/PXL_20220922_135619670.jpg,4,4,3,1,0.09312857687473297,2,2,2,1,0,2,0,0,0
G:\Thesis\MonkSkinTone_Dataset\Segmented_MSTE\subject_9/PXL_20220922_135618709.jpg,4,4,3,1,0.13436822593212128,2,2,2,1,0,2,0,0,0
G:\Thesis\MonkSkinTone_Dataset\Segmented_MSTE\subject_9/PXL_20220922_135616775.jpg,4,4,3,1,0.2637806832790375,3,3,3,2,0,1,0,1,0
G:\Thesis\MonkSkinTone_Dataset\Segmented_MSTE\subject_9/PXL_20220922_135614778.jpg,4,4,3,1,0.20577166974544525,3,3,3,2,0,1,0,1,0
G:\Thesis\MonkSkinTone_Dataset\Segmented_MSTE\subject_9/PXL_20220922_135612843.jpg,4,4,3,1,0.49566489458084106,5,5,5,4,1,1,0,1,1
G:\Thesis\MonkSkinTone_Dataset\Segmented_MSTE\subject_9/PXL_20220922_135610252.jpg,4,4,3,1,0.4542278051376343,5,5,5,4,1,1,0,1,1
G:\Thesis\MonkSkinTone_Dataset\Segmented_MSTE\subject_9/PXL_20220922_134614570.PORTRAIT.jpg,4,4,3,1,0.8632559776306152,9,9,9,8,2,5,0,0,0
G:\Thesis\MonkSkinTone_Dataset\Segmented_MSTE\subject_9/PXL_20220922_134612760.PORTRAIT.jpg,4,4,3,1,0.5183162689208984,6,6,6,5,1,2,0,0,1
G:\Thesis\MonkSkinTone_Dataset\Segmented_MSTE\subject_9/PXL_20220922_134609222.PORTRAIT.jpg,4,4,3,1,0.21213236451148987,3,3,3,2,0,1,0,1,0
G:\Thesis\MonkSkinTone_Dataset\Segmented_MSTE\subject_9/PXL_20220922_134607013.PORTRAIT.jpg,4,4,3,1,0.15340778231620789,2,2,2,1,0,2,0,0,0
G:\Thesis\MonkSkinTone_Dataset\Segmented_MSTE\subject_9/PXL_20220922_134605532.PORTRAIT.jpg,4,4,3,1,0.49214524030685425,5,5,5,4,1,1,0,1,1
G:\Thesis\MonkSkinTone_Dataset\Segmented_MSTE\subject_9/PXL_20220922_134558185.PORTRAIT.jpg,4,4,3,1,0.2203359156847,3,3,3,2,0,1,0,1,0
G:\Thesis\MonkSkinTone_Dataset\Segmented_MSTE\subject_9/PXL_20220922_134555861.PORTRAIT.jpg,4,4,3,1,0.5790745615959167,6,6,6,5,1,2,0,0,1
G:\Thesis\MonkSkinTone_Dataset\Segmented_MSTE\subject_9/PXL_20220922_134547863.PORTRAIT.jpg,4,4,3,1,0.2665223777294159,3,3,3,2,0,1,0,1,0
G:\Thesis\MonkSkinTone_Dataset\Segmented_MSTE\subject_9/PXL_20220922_134546973.PORTRAIT.jpg,4,4,3,1,0.26583945751190186,3,3,3,2,0,1,0,1,0
G:\Thesis\MonkSkinTone_Dataset\Segmented_MSTE\subject_9/PXL_20220922_134543733.PORTRAIT.jpg,4,4,3,1,0.15021556615829468,2,2,2,1,0,2,0,0,0
G:\Thesis\MonkSkinTone_Dataset\Segmented_MSTE\subject_9/PXL_20220922_134538984.PORTRAIT.jpg,4,4,3,1,0.4306957721710205,5,5,5,4,1,1,0,1,1
G:\Thesis\MonkSkinTone_Dataset\Segmented_MSTE\subject_8/PXL_20220922_144659539.PORTRAIT.jpg,2,2,1,0,0.513289213180542,6,6,6,5,1,4,0,0,0
G:\Thesis\MonkSkinTone_Dataset\Segmented_MSTE\subject_8/PXL_20220922_144657086.PORTRAIT.jpg,2,2,1,0,0.012628759257495403,1,1,1,0,0,1,0,1,1
G:\Thesis\MonkSkinTone_Dataset\Segmented_MSTE\subject_8/PXL_20220922_144653190.PORTRAIT.jpg,2,2,1,0,0.23917172849178314,3,3,3,2,0,1,0,1,1
G:\Thesis\MonkSkinTone_Dataset\Segmented_MSTE\subject_8/PXL_20220922_144649856.PORTRAIT.jpg,2,2,1,0,0.21504655480384827,3,3,3,2,0,1,0,1,1
G:\Thesis\MonkSkinTone_Dataset\Segmented_MSTE\subject_8/PXL_20220922_144646233.PORTRAIT.jpg,2,2,1,0,0.187617689371109,3,3,3,2,0,1,0,1,1
G:\Thesis\MonkSkinTone_Dataset\Segmented_MSTE\subject_8/PXL_20220922_144642875.PORTRAIT.jpg,2,2,1,0,0.42488893866539,5,5,5,4,1,3,0,0,0
G:\Thesis\MonkSkinTone_Dataset\Segmented_MSTE\subject_8/PXL_20220922_144633196.PORTRAIT.jpg,2,2,1,0,0.07894200831651688,2,2,2,1,0,0,1,1,1
G:\Thesis\MonkSkinTone_Dataset\Segmented_MSTE\subject_8/PXL_20220922_144629915.PORTRAIT.jpg,2,2,1,0,0.13459241390228271,2,2,2,1,0,0,1,1,1
G:\Thesis\MonkSkinTone_Dataset\Segmented_MSTE\subject_8/PXL_20220922_144626615.PORTRAIT.jpg,2,2,1,0,0.06269989907741547,2,2,2,1,0,0,1,1,1
G:\Thesis\MonkSkinTone_Dataset\Segmented_MSTE\subject_8/PXL_20220922_144624483.PORTRAIT.jpg,2,2,1,0,0.1789734810590744,3,3,3,2,0,1,0,1,1
G:\Thesis\MonkSkinTone_Dataset\Segmented_MSTE\subject_8/PXL_20220922_144622637.PORTRAIT.jpg,2,2,1,0,0.08105725049972534,2,2,2,1,0,0,1,1,1
G:\Thesis\MonkSkinTone_Dataset\Segmented_MSTE\subject_8/PXL_20220922_144620965.PORTRAIT.jpg,2,2,1,0,0.1820870041847229,3,3,3,2,0,1,0,1,1
G:\Thesis\MonkSkinTone_Dataset\Segmented_MSTE\subject_8/PXL_20220922_144619340.PORTRAIT.jpg,2,2,1,0,0.07132977247238159,2,2,2,1,0,0,1,1,1
G:\Thesis\MonkSkinTone_Dataset\Segmented_MSTE\subject_8/PXL_20220922_144614653.PORTRAIT.jpg,2,2,1,0,0.024637682363390923,1,1,1,0,0,1,0,1,1
G:\Thesis\MonkSkinTone_Dataset\Segmented_MSTE\subject_8/PXL_20220922_144612556.PORTRAIT.jpg,2,2,1,0,0.04861290380358696,1,1,1,0,0,1,0,1,1
G:\Thesis\MonkSkinTone_Dataset\Segmented_MSTE\subject_8/PXL_20220922_144525051.jpg,2,2,1,0,0.44205838441848755,5,5,5,4,1,3,0,0,0
G:\Thesis\MonkSkinTone_Dataset\Segmented_MSTE\subject_8/PXL_20220922_144522915.jpg,2,2,1,0,0.28696271777153015,4,4,4,3,1,2,0,0,0
G:\Thesis\MonkSkinTone_Dataset\Segmented_MSTE\subject_8/PXL_20220922_144520738.jpg,2,2,1,0,0.2555330693721771,3,3,3,2,0,1,0,1,1
G:\Thesis\MonkSkinTone_Dataset\Segmented_MSTE\subject_8/PXL_20220922_144519434.jpg,2,2,1,0,0.4612894654273987,5,5,5,4,1,3,0,0,0
G:\Thesis\MonkSkinTone_Dataset\Segmented_MSTE\subject_8/PXL_20220922_144518107.jpg,2,2,1,0,0.2874087691307068,4,4,4,3,1,2,0,0,0
G:\Thesis\MonkSkinTone_Dataset\Segmented_MSTE\subject_8/PXL_20220922_144516437.jpg,2,2,1,0,0.17140182852745056,3,3,3,2,0,1,0,1,1
G:\Thesis\MonkSkinTone_Dataset\Segmented_MSTE\subject_8/PXL_20220922_144515169.jpg,2,2,1,0,0.27334755659103394,3,3,3,2,0,1,0,1,1
G:\Thesis\MonkSkinTone_Dataset\Segmented_MSTE\subject_8/PXL_20220922_144513518.jpg,2,2,1,0,0.15839092433452606,2,2,2,1,0,0,1,1,1
G:\Thesis\MonkSkinTone_Dataset\Segmented_MSTE\subject_8/PXL_20220922_144509854.jpg,2,2,1,0,0.26337915658950806,3,3,3,2,0,1,0,1,1
G:\Thesis\MonkSkinTone_Dataset\Segmented_MSTE\subject_8/PXL_20220922_144508322.jpg,2,2,1,0,0.5831934809684753,6,6,6,5,1,4,0,0,0
G:\Thesis\MonkSkinTone_Dataset\Segmented_MSTE\subject_8/PXL_20220922_144506455.jpg,2,2,1,0,0.245534285902977,3,3,3,2,0,1,0,1,1
G:\Thesis\MonkSkinTone_Dataset\Segmented_MSTE\subject_8/PXL_20220922_144459281.jpg,2,2,1,0,0.23974432051181793,3,3,3,2,0,1,0,1,1
G:\Thesis\MonkSkinTone_Dataset\Segmented_MSTE\subject_8/PXL_20220922_144457808.jpg,2,2,1,0,0.2677968442440033,3,3,3,2,0,1,0,1,1
G:\Thesis\MonkSkinTone_Dataset\Segmented_MSTE\subject_8/PXL_20220922_144454460.jpg,2,2,1,0,0.12317386269569397,2,2,2,1,0,0,1,1,1
G:\Thesis\MonkSkinTone_Dataset\Segmented_MSTE\subject_8/PXL_20220922_144439857.jpg,2,2,1,0,0.15679943561553955,2,2,2,1,0,0,1,1,1
G:\Thesis\MonkSkinTone_Dataset\Segmented_MSTE\subject_8/PXL_20220922_144433061.jpg,2,2,1,0,0.2298509180545807,3,3,3,2,0,1,0,1,1
G:\Thesis\MonkSkinTone_Dataset\Segmented_MSTE\subject_8/PXL_20220922_144431094.jpg,2,2,1,0,0.10315952450037003,2,2,2,1,0,0,1,1,1
G:\Thesis\MonkSkinTone_Dataset\Segmented_MSTE\subject_8/PXL_20220922_144424020.jpg,2,2,1,0,0.1982601433992386,3,3,3,2,0,1,0,1,1
G:\Thesis\MonkSkinTone_Dataset\Segmented_MSTE\subject_8/PXL_20220922_144349886.jpg,2,2,1,0,0.5032044053077698,6,6,6,5,1,4,0,0,0
G:\Thesis\MonkSkinTone_Dataset\Segmented_MSTE\subject_8/PXL_20220922_144348319.jpg,2,2,1,0,0.4301421344280243,5,5,5,4,1,3,0,0,0
G:\Thesis\MonkSkinTone_Dataset\Segmented_MSTE\subject_8/PXL_20220922_144346637.jpg,2,2,1,0,0.1328238993883133,2,2,2,1,0,0,1,1,1
G:\Thesis\MonkSkinTone_Dataset\Segmented_MSTE\subject_8/PXL_20220922_144342994.jpg,2,2,1,0,0.21080850064754486,3,3,3,2,0,1,0,1,1
G:\Thesis\MonkSkinTone_Dataset\Segmented_MSTE\subject_8/PXL_20220922_144243484.jpg,2,2,1,0,0.21796658635139465,3,3,3,2,0,1,0,1,1
G:\Thesis\MonkSkinTone_Dataset\Segmented_MSTE\subject_8/PXL_20220922_144242165.jpg,2,2,1,0,0.04432308301329613,1,1,1,0,0,1,0,1,1
G:\Thesis\MonkSkinTone_Dataset\Segmented_MSTE\subject_8/PXL_20220922_144240833.jpg,2,2,1,0,0.023493433371186256,1,1,1,0,0,1,0,1,1
G:\Thesis\MonkSkinTone_Dataset\Segmented_MSTE\subject_8/PXL_20220922_144239368.jpg,2,2,1,0,0.1040361076593399,2,2,2,1,0,0,1,1,1
G:\Thesis\MonkSkinTone_Dataset\Segmented_MSTE\subject_8/PXL_20220922_144237169.jpg,2,2,1,0,0.11331897228956223,2,2,2,1,0,0,1,1,1
G:\Thesis\MonkSkinTone_Dataset\Segmented_MSTE\subject_8/PXL_20220922_144233301.jpg,2,2,1,0,0.1458440124988556,2,2,2,1,0,0,1,1,1
G:\Thesis\MonkSkinTone_Dataset\Segmented_MSTE\subject_8/PXL_20220922_144230503.jpg,2,2,1,0,0.040745895355939865,1,1,1,0,0,1,0,1,1
G:\Thesis\MonkSkinTone_Dataset\Segmented_MSTE\subject_8/PXL_20220922_144229123.jpg,2,2,1,0,0.1393829882144928,2,2,2,1,0,0,1,1,1
G:\Thesis\MonkSkinTone_Dataset\Segmented_MSTE\subject_8/PXL_20220922_144227636.jpg,2,2,1,0,0.09623692184686661,2,2,2,1,0,0,1,1,1
G:\Thesis\MonkSkinTone_Dataset\Segmented_MSTE\subject_8/PXL_20220922_144225935.jpg,2,2,1,0,0.04477650672197342,1,1,1,0,0,1,0,1,1
G:\Thesis\MonkSkinTone_Dataset\Segmented_MSTE\subject_8/PXL_20220922_144214170.jpg,2,2,1,0,0.056985486298799515,2,2,2,1,0,0,1,1,1
G:\Thesis\MonkSkinTone_Dataset\Segmented_MSTE\subject_8/PXL_20220922_144212804.jpg,2,2,1,0,0.2088361233472824,3,3,3,2,0,1,0,1,1
G:\Thesis\MonkSkinTone_Dataset\Segmented_MSTE\subject_8/PXL_20220922_144211604.jpg,2,2,1,0,0.053660254925489426,1,1,1,0,0,1,0,1,1
G:\Thesis\MonkSkinTone_Dataset\Segmented_MSTE\subject_8/PXL_20220922_144209904.jpg,2,2,1,0,0.07338067144155502,2,2,2,1,0,0,1,1,1
G:\Thesis\MonkSkinTone_Dataset\Segmented_MSTE\subject_8/PXL_20220922_144208454.jpg,2,2,1,0,0.05098998174071312,1,1,1,0,0,1,0,1,1
G:\Thesis\MonkSkinTone_Dataset\Segmented_MSTE\subject_8/PXL_20220922_144201853.jpg,2,2,1,0,0.3801887035369873,4,4,4,3,1,2,0,0,0
G:\Thesis\MonkSkinTone_Dataset\Segmented_MSTE\subject_8/PXL_20220922_144158904.jpg,2,2,1,0,0.13987097144126892,2,2,2,1,0,0,1,1,1
G:\Thesis\MonkSkinTone_Dataset\Segmented_MSTE\subject_8/PXL_20220922_144157379.jpg,2,2,1,0,0.10222072154283524,2,2,2,1,0,0,1,1,1
G:\Thesis\MonkSkinTone_Dataset\Segmented_MSTE\subject_8/PXL_20220922_144155487.jpg,2,2,1,0,0.07086097449064255,2,2,2,1,0,0,1,1,1
G:\Thesis\MonkSkinTone_Dataset\Segmented_MSTE\subject_8/PXL_20220922_144135110.jpg,2,2,1,0,0.44333362579345703,5,5,5,4,1,3,0,0,0
G:\Thesis\MonkSkinTone_Dataset\Segmented_MSTE\subject_8/PXL_20220922_144133020.jpg,2,2,1,0,0.2784855365753174,4,4,4,3,1,2,0,0,0
G:\Thesis\MonkSkinTone_Dataset\Segmented_MSTE\subject_8/PXL_20220922_144130999.jpg,2,2,1,0,0.20258145034313202,3,3,3,2,0,1,0,1,1
G:\Thesis\MonkSkinTone_Dataset\Segmented_MSTE\subject_8/PXL_20220922_144126494.jpg,2,2,1,0,0.2136046439409256,3,3,3,2,0,1,0,1,1
G:\Thesis\MonkSkinTone_Dataset\Segmented_MSTE\subject_8/PXL_20220922_144049938.jpg,2,2,1,0,0.47004592418670654,5,5,5,4,1,3,0,0,0
G:\Thesis\MonkSkinTone_Dataset\Segmented_MSTE\subject_8/PXL_20220922_144048016.jpg,2,2,1,0,0.3454330563545227,4,4,4,3,1,2,0,0,0
G:\Thesis\MonkSkinTone_Dataset\Segmented_MSTE\subject_8/PXL_20220922_144046163.jpg,2,2,1,0,0.3504195511341095,4,4,4,3,1,2,0,0,0
G:\Thesis\MonkSkinTone_Dataset\Segmented_MSTE\subject_8/PXL_20220922_144044363.jpg,2,2,1,0,0.8219454884529114,8,8,8,7,2,6,0,0,0
G:\Thesis\MonkSkinTone_Dataset\Segmented_MSTE\subject_8/PXL_20220922_144042686.jpg,2,2,1,0,0.3182125687599182,4,4,4,3,1,2,0,0,0
G:\Thesis\MonkSkinTone_Dataset\Segmented_MSTE\subject_8/PXL_20220922_144038878.jpg,2,2,1,0,0.09666907787322998,2,2,2,1,0,0,1,1,1
G:\Thesis\MonkSkinTone_Dataset\Segmented_MSTE\subject_8/PXL_20220922_144024003.jpg,2,2,1,0,0.49473732709884644,5,5,5,4,1,3,0,0,0
G:\Thesis\MonkSkinTone_Dataset\Segmented_MSTE\subject_8/PXL_20220922_144021761.jpg,2,2,1,0,0.2256758064031601,3,3,3,2,0,1,0,1,1
G:\Thesis\MonkSkinTone_Dataset\Segmented_MSTE\subject_8/PXL_20220922_144019524.jpg,2,2,1,0,0.17069856822490692,3,3,3,2,0,1,0,1,1
G:\Thesis\MonkSkinTone_Dataset\Segmented_MSTE\subject_8/PXL_20220922_144017731.jpg,2,2,1,0,0.8294737935066223,8,8,8,7,2,6,0,0,0
G:\Thesis\MonkSkinTone_Dataset\Segmented_MSTE\subject_8/PXL_20220922_144015845.jpg,2,2,1,0,0.05489927902817726,1,1,1,0,0,1,0,1,1
G:\Thesis\MonkSkinTone_Dataset\Segmented_MSTE\subject_8/PXL_20220922_144000843.jpg,2,2,1,0,0.3675551414489746,4,4,4,3,1,2,0,0,0
G:\Thesis\MonkSkinTone_Dataset\Segmented_MSTE\subject_8/PXL_20220922_143958932.jpg,2,2,1,0,0.22565968334674835,3,3,3,2,0,1,0,1,1
G:\Thesis\MonkSkinTone_Dataset\Segmented_MSTE\subject_8/PXL_20220922_143956870.jpg,2,2,1,0,0.21540698409080505,3,3,3,2,0,1,0,1,1
G:\Thesis\MonkSkinTone_Dataset\Segmented_MSTE\subject_8/PXL_20220922_143954934.jpg,2,2,1,0,0.3550685942173004,4,4,4,3,1,2,0,0,0
G:\Thesis\MonkSkinTone_Dataset\Segmented_MSTE\subject_8/PXL_20220922_143953061.jpg,2,2,1,0,0.14727632701396942,2,2,2,1,0,0,1,1,1
G:\Thesis\MonkSkinTone_Dataset\Segmented_MSTE\subject_8/PXL_20220922_143950494.jpg,2,2,1,0,0.27576345205307007,3,3,3,2,0,1,0,1,1
G:\Thesis\MonkSkinTone_Dataset\Segmented_MSTE\subject_8/PXL_20220922_143938018.jpg,2,2,1,0,0.42885544896125793,5,5,5,4,1,3,0,0,0
G:\Thesis\MonkSkinTone_Dataset\Segmented_MSTE\subject_8/PXL_20220922_143935867.jpg,2,2,1,0,0.09966566413640976,2,2,2,1,0,0,1,1,1
G:\Thesis\MonkSkinTone_Dataset\Segmented_MSTE\subject_8/PXL_20220922_143933791.jpg,2,2,1,0,0.7830775380134583,8,8,8,7,2,6,0,0,0
G:\Thesis\MonkSkinTone_Dataset\Segmented_MSTE\subject_8/PXL_20220922_143931549.jpg,2,2,1,0,0.2929975986480713,4,4,4,3,1,2,0,0,0
G:\Thesis\MonkSkinTone_Dataset\Segmented_MSTE\subject_8/PXL_20220922_143929898.jpg,2,2,1,0,0.18874578177928925,3,3,3,2,0,1,0,1,1
G:\Thesis\MonkSkinTone_Dataset\Segmented_MSTE\subject_8/PXL_20220922_143926991.jpg,2,2,1,0,0.1745941936969757,3,3,3,2,0,1,0,1,1
G:\Thesis\MonkSkinTone_Dataset\Segmented_MSTE\subject_7/PXL_20220922_200441666.jpg,4,4,3,1,0.32277899980545044,4,4,4,3,1,0,1,1,1
G:\Thesis\MonkSkinTone_Dataset\Segmented_MSTE\subject_7/PXL_20220922_201159649.jpg,4,4,3,1,0.47925060987472534,5,5,5,4,1,1,0,1,1
G:\Thesis\MonkSkinTone_Dataset\Segmented_MSTE\subject_7/PXL_20220922_201158155.jpg,4,4,3,1,0.2582968771457672,3,3,3,2,0,1,0,1,0
G:\Thesis\MonkSkinTone_Dataset\Segmented_MSTE\subject_7/PXL_20220922_201156891.jpg,4,4,3,1,0.3613404333591461,4,4,4,3,1,0,1,1,1
G:\Thesis\MonkSkinTone_Dataset\Segmented_MSTE\subject_7/PXL_20220922_201155538.jpg,4,4,3,1,0.6728276610374451,7,7,7,6,1,3,0,0,1
G:\Thesis\MonkSkinTone_Dataset\Segmented_MSTE\subject_7/PXL_20220922_201154083.jpg,4,4,3,1,0.4063154458999634,5,5,5,4,1,1,0,1,1
G:\Thesis\MonkSkinTone_Dataset\Segmented_MSTE\subject_7/PXL_20220922_201150533.jpg,4,4,3,1,0.4782976508140564,5,5,5,4,1,1,0,1,1
G:\Thesis\MonkSkinTone_Dataset\Segmented_MSTE\subject_7/PXL_20220922_201148997.jpg,4,4,3,1,0.20844349265098572,3,3,3,2,0,1,0,1,0
G:\Thesis\MonkSkinTone_Dataset\Segmented_MSTE\subject_7/PXL_20220922_201147352.jpg,4,4,3,1,0.29561847448349,4,4,4,3,1,0,1,1,1
G:\Thesis\MonkSkinTone_Dataset\Segmented_MSTE\subject_7/PXL_20220922_201144852.jpg,4,4,3,1,0.4671991765499115,5,5,5,4,1,1,0,1,1
G:\Thesis\MonkSkinTone_Dataset\Segmented_MSTE\subject_7/PXL_20220922_201142228.jpg,4,4,3,1,0.4477236568927765,5,5,5,4,1,1,0,1,1
G:\Thesis\MonkSkinTone_Dataset\Segmented_MSTE\subject_7/PXL_20220922_201123752.jpg,4,4,3,1,0.4102242588996887,5,5,5,4,1,1,0,1,1
G:\Thesis\MonkSkinTone_Dataset\Segmented_MSTE\subject_7/PXL_20220922_201115889.jpg,4,4,3,1,0.22616255283355713,3,3,3,2,0,1,0,1,0
G:\Thesis\MonkSkinTone_Dataset\Segmented_MSTE\subject_7/PXL_20220922_201112822.jpg,4,4,3,1,0.1839190423488617,3,3,3,2,0,1,0,1,0
G:\Thesis\MonkSkinTone_Dataset\Segmented_MSTE\subject_7/PXL_20220922_201105804.jpg,4,4,3,1,0.4640851318836212,5,5,5,4,1,1,0,1,1
G:\Thesis\MonkSkinTone_Dataset\Segmented_MSTE\subject_7/PXL_20220922_201104283.jpg,4,4,3,1,0.48397862911224365,5,5,5,4,1,1,0,1,1
G:\Thesis\MonkSkinTone_Dataset\Segmented_MSTE\subject_7/PXL_20220922_201103004.jpg,4,4,3,1,0.1491175889968872,2,2,2,1,0,2,0,0,0
G:\Thesis\MonkSkinTone_Dataset\Segmented_MSTE\subject_7/PXL_20220922_201100125.jpg,4,4,3,1,0.4222588539123535,5,5,5,4,1,1,0,1,1
G:\Thesis\MonkSkinTone_Dataset\Segmented_MSTE\subject_7/PXL_20220922_201058066.jpg,4,4,3,1,0.4840948283672333,5,5,5,4,1,1,0,1,1
G:\Thesis\MonkSkinTone_Dataset\Segmented_MSTE\subject_7/PXL_20220922_201056746.jpg,4,4,3,1,0.18512055277824402,3,3,3,2,0,1,0,1,0
G:\Thesis\MonkSkinTone_Dataset\Segmented_MSTE\subject_7/PXL_20220922_201055412.jpg,4,4,3,1,0.19499734044075012,3,3,3,2,0,1,0,1,0
G:\Thesis\MonkSkinTone_Dataset\Segmented_MSTE\subject_7/PXL_20220922_201053928.jpg,4,4,3,1,0.25411370396614075,3,3,3,2,0,1,0,1,0
G:\Thesis\MonkSkinTone_Dataset\Segmented_MSTE\subject_7/PXL_20220922_201019240.jpg,4,4,3,1,0.4528789520263672,5,5,5,4,1,1,0,1,1
G:\Thesis\MonkSkinTone_Dataset\Segmented_MSTE\subject_7/PXL_20220922_201017494.jpg,4,4,3,1,0.4713243842124939,5,5,5,4,1,1,0,1,1
G:\Thesis\MonkSkinTone_Dataset\Segmented_MSTE\subject_7/PXL_20220922_201015629.jpg,4,4,3,1,0.36341744661331177,4,4,4,3,1,0,1,1,1
G:\Thesis\MonkSkinTone_Dataset\Segmented_MSTE\subject_7/PXL_20220922_201013077.jpg,4,4,3,1,0.4129372239112854,5,5,5,4,1,1,0,1,1
G:\Thesis\MonkSkinTone_Dataset\Segmented_MSTE\subject_7/PXL_20220922_201010784.jpg,4,4,3,1,0.41171857714653015,5,5,5,4,1,1,0,1,1
G:\Thesis\MonkSkinTone_Dataset\Segmented_MSTE\subject_7/PXL_20220922_201003232.jpg,4,4,3,1,0.6347821354866028,7,7,7,6,1,3,0,0,1
G:\Thesis\MonkSkinTone_Dataset\Segmented_MSTE\subject_7/PXL_20220922_200959790.jpg,4,4,3,1,0.41987118124961853,5,5,5,4,1,1,0,1,1
G:\Thesis\MonkSkinTone_Dataset\Segmented_MSTE\subject_7/PXL_20220922_200956536.jpg,4,4,3,1,0.13983233273029327,2,2,2,1,0,2,0,0,0
G:\Thesis\MonkSkinTone_Dataset\Segmented_MSTE\subject_7/PXL_20220922_200954702.jpg,4,4,3,1,0.4196521043777466,5,5,5,4,1,1,0,1,1
G:\Thesis\MonkSkinTone_Dataset\Segmented_MSTE\subject_7/PXL_20220922_200952853.jpg,4,4,3,1,0.22268778085708618,3,3,3,2,0,1,0,1,0
G:\Thesis\MonkSkinTone_Dataset\Segmented_MSTE\subject_7/PXL_20220922_200941758.jpg,4,4,3,1,0.4924736022949219,5,5,5,4,1,1,0,1,1
G:\Thesis\MonkSkinTone_Dataset\Segmented_MSTE\subject_7/PXL_20220922_200939541.jpg,4,4,3,1,0.4930570423603058,5,5,5,4,1,1,0,1,1
G:\Thesis\MonkSkinTone_Dataset\Segmented_MSTE\subject_7/PXL_20220922_200937622.jpg,4,4,3,1,0.5536090135574341,6,6,6,5,1,2,0,0,1
G:\Thesis\MonkSkinTone_Dataset\Segmented_MSTE\subject_7/PXL_20220922_200935095.jpg,4,4,3,1,0.39549922943115234,5,5,5,4,1,1,0,1,1
G:\Thesis\MonkSkinTone_Dataset\Segmented_MSTE\subject_7/PXL_20220922_200933252.jpg,4,4,3,1,0.4313204288482666,5,5,5,4,1,1,0,1,1
G:\Thesis\MonkSkinTone_Dataset\Segmented_MSTE\subject_7/PXL_20220922_200921149.jpg,4,4,3,1,0.46303167939186096,5,5,5,4,1,1,0,1,1
G:\Thesis\MonkSkinTone_Dataset\Segmented_MSTE\subject_7/PXL_20220922_200918851.jpg,4,4,3,1,0.46823814511299133,5,5,5,4,1,1,0,1,1
G:\Thesis\MonkSkinTone_Dataset\Segmented_MSTE\subject_7/PXL_20220922_200916683.jpg,4,4,3,1,0.4620172083377838,5,5,5,4,1,1,0,1,1
G:\Thesis\MonkSkinTone_Dataset\Segmented_MSTE\subject_7/PXL_20220922_200914218.jpg,4,4,3,1,0.5606894493103027,6,6,6,5,1,2,0,0,1
G:\Thesis\MonkSkinTone_Dataset\Segmented_MSTE\subject_7/PXL_20220922_200912092.jpg,4,4,3,1,0.44989851117134094,5,5,5,4,1,1,0,1,1
G:\Thesis\MonkSkinTone_Dataset\Segmented_MSTE\subject_7/PXL_20220922_200843113.jpg,4,4,3,1,0.42547979950904846,5,5,5,4,1,1,0,1,1
G:\Thesis\MonkSkinTone_Dataset\Segmented_MSTE\subject_7/PXL_20220922_200842021.jpg,4,4,3,1,0.4777713418006897,5,5,5,4,1,1,0,1,1
G:\Thesis\MonkSkinTone_Dataset\Segmented_MSTE\subject_7/PXL_20220922_200840646.jpg,4,4,3,1,0.14268843829631805,2,2,2,1,0,2,0,0,0
G:\Thesis\MonkSkinTone_Dataset\Segmented_MSTE\subject_7/PXL_20220922_200839628.jpg,4,4,3,1,0.5790801048278809,6,6,6,5,1,2,0,0,1
G:\Thesis\MonkSkinTone_Dataset\Segmented_MSTE\subject_7/PXL_20220922_200836956.jpg,4,4,3,1,0.268460750579834,3,3,3,2,0,1,0,1,0
G:\Thesis\MonkSkinTone_Dataset\Segmented_MSTE\subject_7/PXL_20220922_200835329.jpg,4,4,3,1,0.44026923179626465,5,5,5,4,1,1,0,1,1
G:\Thesis\MonkSkinTone_Dataset\Segmented_MSTE\subject_7/PXL_20220922_200834042.jpg,4,4,3,1,0.25336048007011414,3,3,3,2,0,1,0,1,0
G:\Thesis\MonkSkinTone_Dataset\Segmented_MSTE\subject_7/PXL_20220922_200832775.jpg,4,4,3,1,0.2718723714351654,3,3,3,2,0,1,0,1,0
G:\Thesis\MonkSkinTone_Dataset\Segmented_MSTE\subject_7/PXL_20220922_200831394.jpg,4,4,3,1,0.45187610387802124,5,5,5,4,1,1,0,1,1
G:\Thesis\MonkSkinTone_Dataset\Segmented_MSTE\subject_7/PXL_20220922_200830294.jpg,4,4,3,1,0.432988703250885,5,5,5,4,1,1,0,1,1
G:\Thesis\MonkSkinTone_Dataset\Segmented_MSTE\subject_7/PXL_20220922_200829155.jpg,4,4,3,1,0.38336846232414246,4,4,4,3,1,0,1,1,1
G:\Thesis\MonkSkinTone_Dataset\Segmented_MSTE\subject_7/PXL_20220922_200640074.jpg,4,4,3,1,0.4156654179096222,5,5,5,4,1,1,0,1,1
G:\Thesis\MonkSkinTone_Dataset\Segmented_MSTE\subject_7/PXL_20220922_200637881.jpg,4,4,3,1,0.2987951636314392,4,4,4,3,1,0,1,1,1
G:\Thesis\MonkSkinTone_Dataset\Segmented_MSTE\subject_7/PXL_20220922_200634218.jpg,4,4,3,1,0.3829500377178192,4,4,4,3,1,0,1,1,1
G:\Thesis\MonkSkinTone_Dataset\Segmented_MSTE\subject_7/PXL_20220922_200631137.jpg,4,4,3,1,0.27198687195777893,3,3,3,2,0,1,0,1,0
G:\Thesis\MonkSkinTone_Dataset\Segmented_MSTE\subject_7/PXL_20220922_200630624.jpg,4,4,3,1,0.2769796848297119,3,3,3,2,0,1,0,1,0
G:\Thesis\MonkSkinTone_Dataset\Segmented_MSTE\subject_7/PXL_20220922_200627889.jpg,4,4,3,1,0.24522219598293304,3,3,3,2,0,1,0,1,0
G:\Thesis\MonkSkinTone_Dataset\Segmented_MSTE\subject_7/PXL_20220922_200625319.jpg,4,4,3,1,0.41538357734680176,5,5,5,4,1,1,0,1,1
G:\Thesis\MonkSkinTone_Dataset\Segmented_MSTE\subject_7/PXL_20220922_200620775.jpg,4,4,3,1,0.44555792212486267,5,5,5,4,1,1,0,1,1
G:\Thesis\MonkSkinTone_Dataset\Segmented_MSTE\subject_7/PXL_20220922_200618729.jpg,4,4,3,1,0.30775994062423706,4,4,4,3,1,0,1,1,1
G:\Thesis\MonkSkinTone_Dataset\Segmented_MSTE\subject_7/PXL_20220922_200615910.jpg,4,4,3,1,0.20168887078762054,3,3,3,2,0,1,0,1,0
G:\Thesis\MonkSkinTone_Dataset\Segmented_MSTE\subject_7/PXL_20220922_200613567.jpg,4,4,3,1,0.2788532078266144,4,4,4,3,1,0,1,1,1
G:\Thesis\MonkSkinTone_Dataset\Segmented_MSTE\subject_7/PXL_20220922_200610155.jpg,4,4,3,1,0.4229657053947449,5,5,5,4,1,1,0,1,1
G:\Thesis\MonkSkinTone_Dataset\Segmented_MSTE\subject_7/PXL_20220922_200604281.jpg,4,4,3,1,0.4684503674507141,5,5,5,4,1,1,0,1,1
G:\Thesis\MonkSkinTone_Dataset\Segmented_MSTE\subject_7/PXL_20220922_200601375.jpg,4,4,3,1,0.4788166880607605,5,5,5,4,1,1,0,1,1
G:\Thesis\MonkSkinTone_Dataset\Segmented_MSTE\subject_7/PXL_20220922_200559727.jpg,4,4,3,1,0.2052084058523178,3,3,3,2,0,1,0,1,0
G:\Thesis\MonkSkinTone_Dataset\Segmented_MSTE\subject_7/PXL_20220922_200557501.jpg,4,4,3,1,0.3481651246547699,4,4,4,3,1,0,1,1,1
G:\Thesis\MonkSkinTone_Dataset\Segmented_MSTE\subject_7/PXL_20220922_200554422.jpg,4,4,3,1,0.4200693964958191,5,5,5,4,1,1,0,1,1
G:\Thesis\MonkSkinTone_Dataset\Segmented_MSTE\subject_7/PXL_20220922_200552085.jpg,4,4,3,1,0.4495072364807129,5,5,5,4,1,1,0,1,1
G:\Thesis\MonkSkinTone_Dataset\Segmented_MSTE\subject_7/PXL_20220922_200549845.jpg,4,4,3,1,0.3347424864768982,4,4,4,3,1,0,1,1,1
G:\Thesis\MonkSkinTone_Dataset\Segmented_MSTE\subject_7/PXL_20220922_200547755.jpg,4,4,3,1,0.30547094345092773,4,4,4,3,1,0,1,1,1
G:\Thesis\MonkSkinTone_Dataset\Segmented_MSTE\subject_7/PXL_20220922_200545171.jpg,4,4,3,1,0.21446675062179565,3,3,3,2,0,1,0,1,0
G:\Thesis\MonkSkinTone_Dataset\Segmented_MSTE\subject_7/PXL_20220922_200543167.jpg,4,4,3,1,0.3996044397354126,5,5,5,4,1,1,0,1,1
G:\Thesis\MonkSkinTone_Dataset\Segmented_MSTE\subject_7/PXL_20220922_200529265.jpg,4,4,3,1,0.45150884985923767,5,5,5,4,1,1,0,1,1
G:\Thesis\MonkSkinTone_Dataset\Segmented_MSTE\subject_7/PXL_20220922_200527926.jpg,4,4,3,1,0.20995114743709564,3,3,3,2,0,1,0,1,0
G:\Thesis\MonkSkinTone_Dataset\Segmented_MSTE\subject_7/PXL_20220922_200526574.jpg,4,4,3,1,0.3135867118835449,4,4,4,3,1,0,1,1,1
G:\Thesis\MonkSkinTone_Dataset\Segmented_MSTE\subject_7/PXL_20220922_200522557.jpg,4,4,3,1,0.4393760561943054,5,5,5,4,1,1,0,1,1
G:\Thesis\MonkSkinTone_Dataset\Segmented_MSTE\subject_7/PXL_20220922_200519022.jpg,4,4,3,1,0.4895401895046234,5,5,5,4,1,1,0,1,1
G:\Thesis\MonkSkinTone_Dataset\Segmented_MSTE\subject_7/PXL_20220922_200517814.jpg,4,4,3,1,0.28675830364227295,4,4,4,3,1,0,1,1,1
G:\Thesis\MonkSkinTone_Dataset\Segmented_MSTE\subject_7/PXL_20220922_200516243.jpg,4,4,3,1,0.20214518904685974,3,3,3,2,0,1,0,1,0
G:\Thesis\MonkSkinTone_Dataset\Segmented_MSTE\subject_7/PXL_20220922_200514458.jpg,4,4,3,1,0.41742101311683655,5,5,5,4,1,1,0,1,1
G:\Thesis\MonkSkinTone_Dataset\Segmented_MSTE\subject_7/PXL_20220922_200512276.jpg,4,4,3,1,0.34121450781822205,4,4,4,3,1,0,1,1,1
G:\Thesis\MonkSkinTone_Dataset\Segmented_MSTE\subject_7/PXL_20220922_200503926.jpg,4,4,3,1,0.4230574071407318,5,5,5,4,1,1,0,1,1
G:\Thesis\MonkSkinTone_Dataset\Segmented_MSTE\subject_7/PXL_20220922_200502809.jpg,4,4,3,1,0.52977055311203,6,6,6,5,1,2,0,0,1
G:\Thesis\MonkSkinTone_Dataset\Segmented_MSTE\subject_7/PXL_20220922_200501406.jpg,4,4,3,1,0.1461578905582428,2,2,2,1,0,2,0,0,0
G:\Thesis\MonkSkinTone_Dataset\Segmented_MSTE\subject_7/PXL_20220922_200459788.jpg,4,4,3,1,0.19256992638111115,3,3,3,2,0,1,0,1,0
G:\Thesis\MonkSkinTone_Dataset\Segmented_MSTE\subject_7/PXL_20220922_200457952.jpg,4,4,3,1,0.4693087041378021,5,5,5,4,1,1,0,1,1
G:\Thesis\MonkSkinTone_Dataset\Segmented_MSTE\subject_7/PXL_20220922_200455601.jpg,4,4,3,1,0.4655289351940155,5,5,5,4,1,1,0,1,1
G:\Thesis\MonkSkinTone_Dataset\Segmented_MSTE\subject_7/PXL_20220922_200453652.jpg,4,4,3,1,0.2593030035495758,3,3,3,2,0,1,0,1,0
G:\Thesis\MonkSkinTone_Dataset\Segmented_MSTE\subject_7/PXL_20220922_200451627.jpg,4,4,3,1,0.23805925250053406,3,3,3,2,0,1,0,1,0
G:\Thesis\MonkSkinTone_Dataset\Segmented_MSTE\subject_7/PXL_20220922_200448892.jpg,4,4,3,1,0.15978381037712097,2,2,2,1,0,2,0,0,0
G:\Thesis\MonkSkinTone_Dataset\Segmented_MSTE\subject_6/PXL_20220922_141458544.PORTRAIT.jpg,5,5,4,1,0.48234331607818604,5,5,5,4,1,0,1,1,1
G:\Thesis\MonkSkinTone_Dataset\Segmented_MSTE\subject_6/PXL_20220922_142317969.PORTRAIT.jpg,5,5,4,1,0.41509556770324707,5,5,5,4,1,0,1,1,1
G:\Thesis\MonkSkinTone_Dataset\Segmented_MSTE\subject_6/PXL_20220922_142314137.PORTRAIT.jpg,5,5,4,1,0.4195843040943146,5,5,5,4,1,0,1,1,1
G:\Thesis\MonkSkinTone_Dataset\Segmented_MSTE\subject_6/PXL_20220922_142309716.PORTRAIT.jpg,5,5,4,1,0.12663020193576813,2,2,2,1,0,3,0,0,0
G:\Thesis\MonkSkinTone_Dataset\Segmented_MSTE\subject_6/PXL_20220922_142308221.PORTRAIT.jpg,5,5,4,1,0.30828189849853516,4,4,4,3,1,1,0,1,1
G:\Thesis\MonkSkinTone_Dataset\Segmented_MSTE\subject_6/PXL_20220922_142306737.PORTRAIT.jpg,5,5,4,1,0.4575341045856476,5,5,5,4,1,0,1,1,1
G:\Thesis\MonkSkinTone_Dataset\Segmented_MSTE\subject_6/PXL_20220922_142259877.PORTRAIT.jpg,5,5,4,1,0.2170087993144989,3,3,3,2,0,2,0,0,0
G:\Thesis\MonkSkinTone_Dataset\Segmented_MSTE\subject_6/PXL_20220922_142256912.PORTRAIT.jpg,5,5,4,1,0.4593886733055115,5,5,5,4,1,0,1,1,1
G:\Thesis\MonkSkinTone_Dataset\Segmented_MSTE\subject_6/PXL_20220922_142255593.PORTRAIT.jpg,5,5,4,1,0.18875029683113098,3,3,3,2,0,2,0,0,0
G:\Thesis\MonkSkinTone_Dataset\Segmented_MSTE\subject_6/PXL_20220922_142254164.PORTRAIT.jpg,5,5,4,1,0.4257065951824188,5,5,5,4,1,0,1,1,1
G:\Thesis\MonkSkinTone_Dataset\Segmented_MSTE\subject_6/PXL_20220922_142251582.PORTRAIT.jpg,5,5,4,1,0.38509467244148254,4,4,4,3,1,1,0,1,1
G:\Thesis\MonkSkinTone_Dataset\Segmented_MSTE\subject_6/PXL_20220922_142247360.PORTRAIT.jpg,5,5,4,1,0.33570611476898193,4,4,4,3,1,1,0,1,1
G:\Thesis\MonkSkinTone_Dataset\Segmented_MSTE\subject_6/PXL_20220922_142245552.PORTRAIT.jpg,5,5,4,1,0.18784117698669434,3,3,3,2,0,2,0,0,0
G:\Thesis\MonkSkinTone_Dataset\Segmented_MSTE\subject_6/PXL_20220922_142243136.PORTRAIT.jpg,5,5,4,1,0.43267321586608887,5,5,5,4,1,0,1,1,1
G:\Thesis\MonkSkinTone_Dataset\Segmented_MSTE\subject_6/PXL_20220922_142240665.PORTRAIT.jpg,5,5,4,1,0.2664530873298645,3,3,3,2,0,2,0,0,0
G:\Thesis\MonkSkinTone_Dataset\Segmented_MSTE\subject_6/PXL_20220922_142237800.PORTRAIT.jpg,5,5,4,1,0.4983476400375366,5,5,5,4,1,0,1,1,1
G:\Thesis\MonkSkinTone_Dataset\Segmented_MSTE\subject_6/PXL_20220922_142200222.jpg,5,5,4,1,0.4927661120891571,5,5,5,4,1,0,1,1,1
G:\Thesis\MonkSkinTone_Dataset\Segmented_MSTE\subject_6/PXL_20220922_142157924.jpg,5,5,4,1,0.4445030391216278,5,5,5,4,1,0,1,1,1
G:\Thesis\MonkSkinTone_Dataset\Segmented_MSTE\subject_6/PXL_20220922_142156487.jpg,5,5,4,1,0.5167231559753418,6,6,6,5,1,1,0,1,1
G:\Thesis\MonkSkinTone_Dataset\Segmented_MSTE\subject_6/PXL_20220922_142155246.jpg,5,5,4,1,0.4725136160850525,5,5,5,4,1,0,1,1,1
G:\Thesis\MonkSkinTone_Dataset\Segmented_MSTE\subject_6/PXL_20220922_142153214.jpg,5,5,4,1,0.5236992239952087,6,6,6,5,1,1,0,1,1
G:\Thesis\MonkSkinTone_Dataset\Segmented_MSTE\subject_6/PXL_20220922_142151943.jpg,5,5,4,1,0.5154917240142822,6,6,6,5,1,1,0,1,1
G:\Thesis\MonkSkinTone_Dataset\Segmented_MSTE\subject_6/PXL_20220922_142150811.jpg,5,5,4,1,0.445374071598053,5,5,5,4,1,0,1,1,1
G:\Thesis\MonkSkinTone_Dataset\Segmented_MSTE\subject_6/PXL_20220922_142149612.jpg,5,5,4,1,0.5155894756317139,6,6,6,5,1,1,0,1,1
G:\Thesis\MonkSkinTone_Dataset\Segmented_MSTE\subject_6/PXL_20220922_142144978.jpg,5,5,4,1,0.4919566214084625,5,5,5,4,1,0,1,1,1
G:\Thesis\MonkSkinTone_Dataset\Segmented_MSTE\subject_6/PXL_20220922_142143256.jpg,5,5,4,1,0.3130611777305603,4,4,4,3,1,1,0,1,1
G:\Thesis\MonkSkinTone_Dataset\Segmented_MSTE\subject_6/PXL_20220922_142141315.jpg,5,5,4,1,0.4255062937736511,5,5,5,4,1,0,1,1,1
G:\Thesis\MonkSkinTone_Dataset\Segmented_MSTE\subject_6/PXL_20220922_142133535.jpg,5,5,4,1,0.43220189213752747,5,5,5,4,1,0,1,1,1
G:\Thesis\MonkSkinTone_Dataset\Segmented_MSTE\subject_6/PXL_20220922_142122608.jpg,5,5,4,1,0.3210470676422119,4,4,4,3,1,1,0,1,1
G:\Thesis\MonkSkinTone_Dataset\Segmented_MSTE\subject_6/PXL_20220922_142118942.jpg,5,5,4,1,0.4849826991558075,5,5,5,4,1,0,1,1,1
G:\Thesis\MonkSkinTone_Dataset\Segmented_MSTE\subject_6/PXL_20220922_142117383.jpg,5,5,4,1,0.4935823678970337,5,5,5,4,1,0,1,1,1
G:\Thesis\MonkSkinTone_Dataset\Segmented_MSTE\subject_6/PXL_20220922_142115816.jpg,5,5,4,1,0.46062055230140686,5,5,5,4,1,0,1,1,1
G:\Thesis\MonkSkinTone_Dataset\Segmented_MSTE\subject_6/PXL_20220922_142114208.jpg,5,5,4,1,0.2599916458129883,3,3,3,2,0,2,0,0,0
G:\Thesis\MonkSkinTone_Dataset\Segmented_MSTE\subject_6/PXL_20220922_142112641.jpg,5,5,4,1,0.4196802079677582,5,5,5,4,1,0,1,1,1
G:\Thesis\MonkSkinTone_Dataset\Segmented_MSTE\subject_6/PXL_20220922_142111300.jpg,5,5,4,1,0.48028919100761414,5,5,5,4,1,0,1,1,1
G:\Thesis\MonkSkinTone_Dataset\Segmented_MSTE\subject_6/PXL_20220922_142108629.jpg,5,5,4,1,0.47538331151008606,5,5,5,4,1,0,1,1,1
G:\Thesis\MonkSkinTone_Dataset\Segmented_MSTE\subject_6/PXL_20220922_142106716.jpg,5,5,4,1,0.4257461726665497,5,5,5,4,1,0,1,1,1
G:\Thesis\MonkSkinTone_Dataset\Segmented_MSTE\subject_6/PXL_20220922_142105039.jpg,5,5,4,1,0.504523515701294,6,6,6,5,1,1,0,1,1
G:\Thesis\MonkSkinTone_Dataset\Segmented_MSTE\subject_6/PXL_20220922_142103081.jpg,5,5,4,1,0.4971237778663635,5,5,5,4,1,0,1,1,1
G:\Thesis\MonkSkinTone_Dataset\Segmented_MSTE\subject_6/PXL_20220922_142100200.jpg,5,5,4,1,0.29825660586357117,4,4,4,3,1,1,0,1,1
G:\Thesis\MonkSkinTone_Dataset\Segmented_MSTE\subject_6/PXL_20220922_142057251.jpg,5,5,4,1,0.4485822916030884,5,5,5,4,1,0,1,1,1
G:\Thesis\MonkSkinTone_Dataset\Segmented_MSTE\subject_6/PXL_20220922_142041715.PORTRAIT.jpg,5,5,4,1,0.45547470450401306,5,5,5,4,1,0,1,1,1
G:\Thesis\MonkSkinTone_Dataset\Segmented_MSTE\subject_6/PXL_20220922_141840168.PORTRAIT.jpg,5,5,4,1,0.3997734487056732,5,5,5,4,1,0,1,1,1
G:\Thesis\MonkSkinTone_Dataset\Segmented_MSTE\subject_6/PXL_20220922_141836902.PORTRAIT.jpg,5,5,4,1,0.45237627625465393,5,5,5,4,1,0,1,1,1
G:\Thesis\MonkSkinTone_Dataset\Segmented_MSTE\subject_6/PXL_20220922_141835021.PORTRAIT.jpg,5,5,4,1,0.48646339774131775,5,5,5,4,1,0,1,1,1
G:\Thesis\MonkSkinTone_Dataset\Segmented_MSTE\subject_6/PXL_20220922_141831973.PORTRAIT.jpg,5,5,4,1,0.4651290476322174,5,5,5,4,1,0,1,1,1
G:\Thesis\MonkSkinTone_Dataset\Segmented_MSTE\subject_6/PXL_20220922_141826372.PORTRAIT.jpg,5,5,4,1,0.4645131826400757,5,5,5,4,1,0,1,1,1
G:\Thesis\MonkSkinTone_Dataset\Segmented_MSTE\subject_6/PXL_20220922_141819690.PORTRAIT.jpg,5,5,4,1,0.26319143176078796,3,3,3,2,0,2,0,0,0
G:\Thesis\MonkSkinTone_Dataset\Segmented_MSTE\subject_6/PXL_20220922_141815198.PORTRAIT.jpg,5,5,4,1,0.3861854374408722,4,4,4,3,1,1,0,1,1
G:\Thesis\MonkSkinTone_Dataset\Segmented_MSTE\subject_6/PXL_20220922_141810468.PORTRAIT.jpg,5,5,4,1,0.36296316981315613,4,4,4,3,1,1,0,1,1
G:\Thesis\MonkSkinTone_Dataset\Segmented_MSTE\subject_6/PXL_20220922_141748897.PORTRAIT.jpg,5,5,4,1,0.44441354274749756,5,5,5,4,1,0,1,1,1
G:\Thesis\MonkSkinTone_Dataset\Segmented_MSTE\subject_6/PXL_20220922_141746988.PORTRAIT.jpg,5,5,4,1,0.38112449645996094,4,4,4,3,1,1,0,1,1
G:\Thesis\MonkSkinTone_Dataset\Segmented_MSTE\subject_6/PXL_20220922_141741394.PORTRAIT.jpg,5,5,4,1,0.42202967405319214,5,5,5,4,1,0,1,1,1
G:\Thesis\MonkSkinTone_Dataset\Segmented_MSTE\subject_6/PXL_20220922_141737535.PORTRAIT.jpg,5,5,4,1,0.22249896824359894,3,3,3,2,0,2,0,0,0
G:\Thesis\MonkSkinTone_Dataset\Segmented_MSTE\subject_6/PXL_20220922_141733560.PORTRAIT.jpg,5,5,4,1,0.5176427364349365,6,6,6,5,1,1,0,1,1
G:\Thesis\MonkSkinTone_Dataset\Segmented_MSTE\subject_6/PXL_20220922_141729618.PORTRAIT.jpg,5,5,4,1,0.10279476642608643,2,2,2,1,0,3,0,0,0
G:\Thesis\MonkSkinTone_Dataset\Segmented_MSTE\subject_6/PXL_20220922_141724943.PORTRAIT.jpg,5,5,4,1,0.44624271988868713,5,5,5,4,1,0,1,1,1
G:\Thesis\MonkSkinTone_Dataset\Segmented_MSTE\subject_6/PXL_20220922_141639932.jpg,5,5,4,1,0.4002629816532135,5,5,5,4,1,0,1,1,1
G:\Thesis\MonkSkinTone_Dataset\Segmented_MSTE\subject_6/PXL_20220922_141635391.jpg,5,5,4,1,0.4138159155845642,5,5,5,4,1,0,1,1,1
G:\Thesis\MonkSkinTone_Dataset\Segmented_MSTE\subject_6/PXL_20220922_141632698.jpg,5,5,4,1,0.25047844648361206,3,3,3,2,0,2,0,0,0
G:\Thesis\MonkSkinTone_Dataset\Segmented_MSTE\subject_6/PXL_20220922_141625961.jpg,5,5,4,1,0.3353789448738098,4,4,4,3,1,1,0,1,1
G:\Thesis\MonkSkinTone_Dataset\Segmented_MSTE\subject_6/PXL_20220922_141619931.jpg,5,5,4,1,0.09712632745504379,2,2,2,1,0,3,0,0,0
G:\Thesis\MonkSkinTone_Dataset\Segmented_MSTE\subject_6/PXL_20220922_141605392.jpg,5,5,4,1,0.33242014050483704,4,4,4,3,1,1,0,1,1
G:\Thesis\MonkSkinTone_Dataset\Segmented_MSTE\subject_6/PXL_20220922_141526293.jpg,5,5,4,1,0.45970889925956726,5,5,5,4,1,0,1,1,1
G:\Thesis\MonkSkinTone_Dataset\Segmented_MSTE\subject_6/PXL_20220922_141525030.jpg,5,5,4,1,0.48055464029312134,5,5,5,4,1,0,1,1,1
G:\Thesis\MonkSkinTone_Dataset\Segmented_MSTE\subject_6/PXL_20220922_141523144.jpg,5,5,4,1,0.38972508907318115,5,5,5,4,1,0,1,1,1
G:\Thesis\MonkSkinTone_Dataset\Segmented_MSTE\subject_6/PXL_20220922_141521292.jpg,5,5,4,1,0.34847983717918396,4,4,4,3,1,1,0,1,1
G:\Thesis\MonkSkinTone_Dataset\Segmented_MSTE\subject_6/PXL_20220922_141519820.jpg,5,5,4,1,0.388552725315094,4,4,4,3,1,1,0,1,1
G:\Thesis\MonkSkinTone_Dataset\Segmented_MSTE\subject_6/PXL_20220922_141513523.PORTRAIT.jpg,5,5,4,1,0.33486250042915344,4,4,4,3,1,1,0,1,1
G:\Thesis\MonkSkinTone_Dataset\Segmented_MSTE\subject_6/PXL_20220922_141511755.PORTRAIT.jpg,5,5,4,1,0.2698807120323181,3,3,3,2,0,2,0,0,0
G:\Thesis\MonkSkinTone_Dataset\Segmented_MSTE\subject_6/PXL_20220922_141509803.PORTRAIT.jpg,5,5,4,1,0.40807291865348816,5,5,5,4,1,0,1,1,1
G:\Thesis\MonkSkinTone_Dataset\Segmented_MSTE\subject_6/PXL_20220922_141507384.PORTRAIT.jpg,5,5,4,1,0.5449481010437012,6,6,6,5,1,1,0,1,1
G:\Thesis\MonkSkinTone_Dataset\Segmented_MSTE\subject_6/PXL_20220922_141501094.PORTRAIT.jpg,5,5,4,1,0.6678367853164673,7,7,7,6,1,2,0,0,1
G:\Thesis\MonkSkinTone_Dataset\Segmented_MSTE\subject_5/PXL_20220922_142413482.jpg,7,7,6,1,0.21132728457450867,3,3,3,2,0,4,0,0,0
G:\Thesis\MonkSkinTone_Dataset\Segmented_MSTE\subject_5/PXL_20220922_143253414.jpg,7,7,6,1,0.20884710550308228,3,3,3,2,0,4,0,0,0
G:\Thesis\MonkSkinTone_Dataset\Segmented_MSTE\subject_5/PXL_20220922_143251719.jpg,7,7,6,1,0.18689841032028198,3,3,3,2,0,4,0,0,0
G:\Thesis\MonkSkinTone_Dataset\Segmented_MSTE\subject_5/PXL_20220922_143246772.jpg,7,7,6,1,0.1814553141593933,3,3,3,2,0,4,0,0,0
G:\Thesis\MonkSkinTone_Dataset\Segmented_MSTE\subject_5/PXL_20220922_143242506.jpg,7,7,6,1,0.23942343890666962,3,3,3,2,0,4,0,0,0
G:\Thesis\MonkSkinTone_Dataset\Segmented_MSTE\subject_5/PXL_20220922_143240755.jpg,7,7,6,1,0.16213862597942352,2,2,2,1,0,5,0,0,0
G:\Thesis\MonkSkinTone_Dataset\Segmented_MSTE\subject_5/PXL_20220922_143237153.jpg,7,7,6,1,0.6833832859992981,7,7,7,6,1,0,1,1,1
G:\Thesis\MonkSkinTone_Dataset\Segmented_MSTE\subject_5/PXL_20220922_143235452.jpg,7,7,6,1,0.2642799913883209,3,3,3,2,0,4,0,0,0
G:\Thesis\MonkSkinTone_Dataset\Segmented_MSTE\subject_5/PXL_20220922_143231854.jpg,7,7,6,1,0.13977456092834473,2,2,2,1,0,5,0,0,0
G:\Thesis\MonkSkinTone_Dataset\Segmented_MSTE\subject_5/PXL_20220922_143230097.jpg,7,7,6,1,0.4498061239719391,5,5,5,4,1,2,0,0,1
G:\Thesis\MonkSkinTone_Dataset\Segmented_MSTE\subject_5/PXL_20220922_143139165.PORTRAIT.jpg,7,7,6,1,0.16375666856765747,2,2,2,1,0,5,0,0,0
G:\Thesis\MonkSkinTone_Dataset\Segmented_MSTE\subject_5/PXL_20220922_143135399.PORTRAIT.jpg,7,7,6,1,0.10771291702985764,2,2,2,1,0,5,0,0,0
G:\Thesis\MonkSkinTone_Dataset\Segmented_MSTE\subject_5/PXL_20220922_143131100.PORTRAIT.jpg,7,7,6,1,0.21632693707942963,3,3,3,2,0,4,0,0,0
G:\Thesis\MonkSkinTone_Dataset\Segmented_MSTE\subject_5/PXL_20220922_143127979.PORTRAIT.jpg,7,7,6,1,0.2924250662326813,4,4,4,3,1,3,0,0,1
G:\Thesis\MonkSkinTone_Dataset\Segmented_MSTE\subject_5/PXL_20220922_143125596.PORTRAIT.jpg,7,7,6,1,0.3473302125930786,4,4,4,3,1,3,0,0,1
G:\Thesis\MonkSkinTone_Dataset\Segmented_MSTE\subject_5/PXL_20220922_143123699.PORTRAIT.jpg,7,7,6,1,0.6207910776138306,7,7,7,6,1,0,1,1,1
G:\Thesis\MonkSkinTone_Dataset\Segmented_MSTE\subject_5/PXL_20220922_143120425.PORTRAIT.jpg,7,7,6,1,0.3773684501647949,4,4,4,3,1,3,0,0,1
G:\Thesis\MonkSkinTone_Dataset\Segmented_MSTE\subject_5/PXL_20220922_143113267.PORTRAIT.jpg,7,7,6,1,0.270745187997818,3,3,3,2,0,4,0,0,0
G:\Thesis\MonkSkinTone_Dataset\Segmented_MSTE\subject_5/PXL_20220922_143106968.PORTRAIT.jpg,7,7,6,1,0.33060190081596375,4,4,4,3,1,3,0,0,1
G:\Thesis\MonkSkinTone_Dataset\Segmented_MSTE\subject_5/PXL_20220922_143105119.PORTRAIT.jpg,7,7,6,1,0.12101271003484726,2,2,2,1,0,5,0,0,0
G:\Thesis\MonkSkinTone_Dataset\Segmented_MSTE\subject_5/PXL_20220922_143104500.PORTRAIT.jpg,7,7,6,1,0.9202224612236023,9,9,9,8,2,2,0,0,0
G:\Thesis\MonkSkinTone_Dataset\Segmented_MSTE\subject_5/PXL_20220922_143103818.PORTRAIT.jpg,7,7,6,1,0.4476297199726105,5,5,5,4,1,2,0,0,1
G:\Thesis\MonkSkinTone_Dataset\Segmented_MSTE\subject_5/PXL_20220922_143101662.PORTRAIT.jpg,7,7,6,1,0.4780619740486145,5,5,5,4,1,2,0,0,1
G:\Thesis\MonkSkinTone_Dataset\Segmented_MSTE\subject_5/PXL_20220922_143059150.PORTRAIT.jpg,7,7,6,1,0.3925386667251587,5,5,5,4,1,2,0,0,1
G:\Thesis\MonkSkinTone_Dataset\Segmented_MSTE\subject_5/PXL_20220922_143056845.PORTRAIT.jpg,7,7,6,1,0.2786138653755188,4,4,4,3,1,3,0,0,1
G:\Thesis\MonkSkinTone_Dataset\Segmented_MSTE\subject_5/PXL_20220922_143053867.PORTRAIT.jpg,7,7,6,1,0.2610497772693634,3,3,3,2,0,4,0,0,0
G:\Thesis\MonkSkinTone_Dataset\Segmented_MSTE\subject_5/PXL_20220922_143052145.PORTRAIT.jpg,7,7,6,1,0.6560429334640503,7,7,7,6,1,0,1,1,1
G:\Thesis\MonkSkinTone_Dataset\Segmented_MSTE\subject_5/PXL_20220922_143049258.PORTRAIT.jpg,7,7,6,1,0.33886194229125977,4,4,4,3,1,3,0,0,1
G:\Thesis\MonkSkinTone_Dataset\Segmented_MSTE\subject_5/PXL_20220922_143043606.PORTRAIT.jpg,7,7,6,1,0.32271772623062134,4,4,4,3,1,3,0,0,1
G:\Thesis\MonkSkinTone_Dataset\Segmented_MSTE\subject_5/PXL_20220922_143012499.jpg,7,7,6,1,0.702160656452179,7,7,7,6,1,0,1,1,1
G:\Thesis\MonkSkinTone_Dataset\Segmented_MSTE\subject_5/PXL_20220922_143007783.jpg,7,7,6,1,0.20300817489624023,3,3,3,2,0,4,0,0,0
G:\Thesis\MonkSkinTone_Dataset\Segmented_MSTE\subject_5/PXL_20220922_143005748.jpg,7,7,6,1,0.2622218728065491,3,3,3,2,0,4,0,0,0
G:\Thesis\MonkSkinTone_Dataset\Segmented_MSTE\subject_5/PXL_20220922_143004581.jpg,7,7,6,1,0.23763982951641083,3,3,3,2,0,4,0,0,0
G:\Thesis\MonkSkinTone_Dataset\Segmented_MSTE\subject_5/PXL_20220922_143002045.jpg,7,7,6,1,0.9127389788627625,9,9,9,8,2,2,0,0,0
G:\Thesis\MonkSkinTone_Dataset\Segmented_MSTE\subject_5/PXL_20220922_142957675.jpg,7,7,6,1,0.389786034822464,5,5,5,4,1,2,0,0,1
G:\Thesis\MonkSkinTone_Dataset\Segmented_MSTE\subject_5/PXL_20220922_142954990.jpg,7,7,6,1,0.5437054634094238,6,6,6,5,1,1,0,1,1
G:\Thesis\MonkSkinTone_Dataset\Segmented_MSTE\subject_5/PXL_20220922_142951972.jpg,7,7,6,1,0.5047645568847656,6,6,6,5,1,1,0,1,1
G:\Thesis\MonkSkinTone_Dataset\Segmented_MSTE\subject_5/PXL_20220922_142949592.jpg,7,7,6,1,0.4755263328552246,5,5,5,4,1,2,0,0,1
G:\Thesis\MonkSkinTone_Dataset\Segmented_MSTE\subject_5/PXL_20220922_142945886.jpg,7,7,6,1,0.05728529393672943,2,2,2,1,0,5,0,0,0
G:\Thesis\MonkSkinTone_Dataset\Segmented_MSTE\subject_5/PXL_20220922_142944757.jpg,7,7,6,1,0.35429155826568604,4,4,4,3,1,3,0,0,1
G:\Thesis\MonkSkinTone_Dataset\Segmented_MSTE\subject_5/PXL_20220922_142940931.jpg,7,7,6,1,0.48164671659469604,5,5,5,4,1,2,0,0,1
G:\Thesis\MonkSkinTone_Dataset\Segmented_MSTE\subject_5/PXL_20220922_142939817.jpg,7,7,6,1,0.6480603814125061,7,7,7,6,1,0,1,1,1
G:\Thesis\MonkSkinTone_Dataset\Segmented_MSTE\subject_5/PXL_20220922_142934607.jpg,7,7,6,1,0.44905492663383484,5,5,5,4,1,2,0,0,1
G:\Thesis\MonkSkinTone_Dataset\Segmented_MSTE\subject_5/PXL_20220922_142933626.jpg,7,7,6,1,0.2836161255836487,4,4,4,3,1,3,0,0,1
G:\Thesis\MonkSkinTone_Dataset\Segmented_MSTE\subject_5/PXL_20220922_142921035.jpg,7,7,6,1,0.53047776222229,6,6,6,5,1,1,0,1,1
G:\Thesis\MonkSkinTone_Dataset\Segmented_MSTE\subject_5/PXL_20220922_142917997.jpg,7,7,6,1,0.4819383919239044,5,5,5,4,1,2,0,0,1
G:\Thesis\MonkSkinTone_Dataset\Segmented_MSTE\subject_5/PXL_20220922_142614750.PORTRAIT.jpg,7,7,6,1,0.4885210394859314,5,5,5,4,1,2,0,0,1
G:\Thesis\MonkSkinTone_Dataset\Segmented_MSTE\subject_5/PXL_20220922_142612462.PORTRAIT.jpg,7,7,6,1,0.4062441885471344,5,5,5,4,1,2,0,0,1
G:\Thesis\MonkSkinTone_Dataset\Segmented_MSTE\subject_5/PXL_20220922_142608903.PORTRAIT.jpg,7,7,6,1,0.1750640720129013,3,3,3,2,0,4,0,0,0
G:\Thesis\MonkSkinTone_Dataset\Segmented_MSTE\subject_5/PXL_20220922_142606244.PORTRAIT.jpg,7,7,6,1,0.22737924754619598,3,3,3,2,0,4,0,0,0
G:\Thesis\MonkSkinTone_Dataset\Segmented_MSTE\subject_5/PXL_20220922_142600816.PORTRAIT.jpg,7,7,6,1,0.4801163971424103,5,5,5,4,1,2,0,0,1
G:\Thesis\MonkSkinTone_Dataset\Segmented_MSTE\subject_5/PXL_20220922_142553004.PORTRAIT.jpg,7,7,6,1,0.6213586926460266,7,7,7,6,1,0,1,1,1
G:\Thesis\MonkSkinTone_Dataset\Segmented_MSTE\subject_5/PXL_20220922_142550791.PORTRAIT.jpg,7,7,6,1,0.5025016665458679,6,6,6,5,1,1,0,1,1
G:\Thesis\MonkSkinTone_Dataset\Segmented_MSTE\subject_5/PXL_20220922_142548472.PORTRAIT.jpg,7,7,6,1,0.19555848836898804,3,3,3,2,0,4,0,0,0
G:\Thesis\MonkSkinTone_Dataset\Segmented_MSTE\subject_5/PXL_20220922_142545872.PORTRAIT.jpg,7,7,6,1,0.2922450006008148,4,4,4,3,1,3,0,0,1
G:\Thesis\MonkSkinTone_Dataset\Segmented_MSTE\subject_5/PXL_20220922_142543353.PORTRAIT.jpg,7,7,6,1,0.6352883577346802,7,7,7,6,1,0,1,1,1
G:\Thesis\MonkSkinTone_Dataset\Segmented_MSTE\subject_5/PXL_20220922_142537968.PORTRAIT.jpg,7,7,6,1,0.04787076637148857,1,1,1,0,0,6,0,0,0
G:\Thesis\MonkSkinTone_Dataset\Segmented_MSTE\subject_5/PXL_20220922_142535244.PORTRAIT.jpg,7,7,6,1,0.14360226690769196,2,2,2,1,0,5,0,0,0
G:\Thesis\MonkSkinTone_Dataset\Segmented_MSTE\subject_5/PXL_20220922_142529483.PORTRAIT.jpg,7,7,6,1,0.5789651274681091,6,6,6,5,1,1,0,1,1
G:\Thesis\MonkSkinTone_Dataset\Segmented_MSTE\subject_5/PXL_20220922_142527736.PORTRAIT.jpg,7,7,6,1,0.47823187708854675,5,5,5,4,1,2,0,0,1
G:\Thesis\MonkSkinTone_Dataset\Segmented_MSTE\subject_5/PXL_20220922_142525560.PORTRAIT.jpg,7,7,6,1,0.8618930578231812,9,9,9,8,2,2,0,0,0
G:\Thesis\MonkSkinTone_Dataset\Segmented_MSTE\subject_5/PXL_20220922_142523136.PORTRAIT.jpg,7,7,6,1,0.053295817226171494,1,1,1,0,0,6,0,0,0
G:\Thesis\MonkSkinTone_Dataset\Segmented_MSTE\subject_5/PXL_20220922_142517538.PORTRAIT.jpg,7,7,6,1,0.543003499507904,6,6,6,5,1,1,0,1,1
G:\Thesis\MonkSkinTone_Dataset\Segmented_MSTE\subject_5/PXL_20220922_142514092.PORTRAIT.jpg,7,7,6,1,0.75355464220047,8,8,8,7,2,1,0,1,0
G:\Thesis\MonkSkinTone_Dataset\Segmented_MSTE\subject_5/PXL_20220922_142420818.jpg,7,7,6,1,0.4721740484237671,5,5,5,4,1,2,0,0,1
G:\Thesis\MonkSkinTone_Dataset\Segmented_MSTE\subject_4/PXL_20220922_162431213.jpg,9,9,8,2,0.9590445160865784,10,10,10,9,2,1,0,1,1
G:\Thesis\MonkSkinTone_Dataset\Segmented_MSTE\subject_4/PXL_20220922_162429314.jpg,9,9,8,2,0.770585834980011,8,8,8,7,2,1,0,1,1
G:\Thesis\MonkSkinTone_Dataset\Segmented_MSTE\subject_4/PXL_20220922_162427303.jpg,9,9,8,2,0.48054754734039307,5,5,5,4,1,4,0,0,0
G:\Thesis\MonkSkinTone_Dataset\Segmented_MSTE\subject_4/PXL_20220922_162425765.jpg,9,9,8,2,0.9914214015007019,10,10,10,9,2,1,0,1,1
G:\Thesis\MonkSkinTone_Dataset\Segmented_MSTE\subject_4/PXL_20220922_162424266.jpg,9,9,8,2,0.8502750396728516,9,9,9,8,2,0,1,1,1
G:\Thesis\MonkSkinTone_Dataset\Segmented_MSTE\subject_4/PXL_20220922_162421385.jpg,9,9,8,2,0.7010471820831299,7,7,7,6,1,2,0,0,0
G:\Thesis\MonkSkinTone_Dataset\Segmented_MSTE\subject_4/PXL_20220922_162419201.jpg,9,9,8,2,0.676156759262085,7,7,7,6,1,2,0,0,0
G:\Thesis\MonkSkinTone_Dataset\Segmented_MSTE\subject_4/PXL_20220922_162417511.jpg,9,9,8,2,0.6813323497772217,7,7,7,6,1,2,0,0,0
G:\Thesis\MonkSkinTone_Dataset\Segmented_MSTE\subject_4/PXL_20220922_162409257.jpg,9,9,8,2,0.9777078032493591,10,10,10,9,2,1,0,1,1
G:\Thesis\MonkSkinTone_Dataset\Segmented_MSTE\subject_4/PXL_20220922_162407706.jpg,9,9,8,2,0.8631934523582458,9,9,9,8,2,0,1,1,1
G:\Thesis\MonkSkinTone_Dataset\Segmented_MSTE\subject_4/PXL_20220922_162406276.jpg,9,9,8,2,0.566598653793335,6,6,6,5,1,3,0,0,0
G:\Thesis\MonkSkinTone_Dataset\Segmented_MSTE\subject_4/PXL_20220922_162404766.jpg,9,9,8,2,0.7807924747467041,8,8,8,7,2,1,0,1,1
G:\Thesis\MonkSkinTone_Dataset\Segmented_MSTE\subject_4/PXL_20220922_162403198.jpg,9,9,8,2,0.442320853471756,5,5,5,4,1,4,0,0,0
G:\Thesis\MonkSkinTone_Dataset\Segmented_MSTE\subject_4/PXL_20220922_162401809.jpg,9,9,8,2,0.9684666395187378,10,10,10,9,2,1,0,1,1
G:\Thesis\MonkSkinTone_Dataset\Segmented_MSTE\subject_4/PXL_20220922_162359800.jpg,9,9,8,2,0.9487221837043762,10,10,10,9,2,1,0,1,1
G:\Thesis\MonkSkinTone_Dataset\Segmented_MSTE\subject_4/PXL_20220922_162358077.jpg,9,9,8,2,0.9939975738525391,10,10,10,9,2,1,0,1,1
G:\Thesis\MonkSkinTone_Dataset\Segmented_MSTE\subject_4/PXL_20220922_162356543.jpg,9,9,8,2,0.8786289691925049,9,9,9,8,2,0,1,1,1
G:\Thesis\MonkSkinTone_Dataset\Segmented_MSTE\subject_4/PXL_20220922_162354569.jpg,9,9,8,2,0.48751816153526306,5,5,5,4,1,4,0,0,0
G:\Thesis\MonkSkinTone_Dataset\Segmented_MSTE\subject_4/PXL_20220922_162353104.jpg,9,9,8,2,0.9863328337669373,10,10,10,9,2,1,0,1,1
G:\Thesis\MonkSkinTone_Dataset\Segmented_MSTE\subject_4/PXL_20220922_162310859.jpg,9,9,8,2,0.9082021117210388,9,9,9,8,2,0,1,1,1
G:\Thesis\MonkSkinTone_Dataset\Segmented_MSTE\subject_4/PXL_20220922_162308948.jpg,9,9,8,2,0.744747519493103,8,8,8,7,2,1,0,1,1
G:\Thesis\MonkSkinTone_Dataset\Segmented_MSTE\subject_4/PXL_20220922_162307441.jpg,9,9,8,2,0.7649206519126892,8,8,8,7,2,1,0,1,1
G:\Thesis\MonkSkinTone_Dataset\Segmented_MSTE\subject_4/PXL_20220922_162306073.jpg,9,9,8,2,0.9775410294532776,10,10,10,9,2,1,0,1,1
G:\Thesis\MonkSkinTone_Dataset\Segmented_MSTE\subject_4/PXL_20220922_162304847.jpg,9,9,8,2,0.9131643176078796,9,9,9,8,2,0,1,1,1
G:\Thesis\MonkSkinTone_Dataset\Segmented_MSTE\subject_4/PXL_20220922_162301039.jpg,9,9,8,2,0.8155879974365234,8,8,8,7,2,1,0,1,1
G:\Thesis\MonkSkinTone_Dataset\Segmented_MSTE\subject_4/PXL_20220922_162258202.jpg,9,9,8,2,0.5830744504928589,6,6,6,5,1,3,0,0,0
G:\Thesis\MonkSkinTone_Dataset\Segmented_MSTE\subject_4/PXL_20220922_162255438.jpg,9,9,8,2,0.6102707386016846,6,6,6,5,1,3,0,0,0
G:\Thesis\MonkSkinTone_Dataset\Segmented_MSTE\subject_4/PXL_20220922_162253802.jpg,9,9,8,2,0.9738755822181702,10,10,10,9,2,1,0,1,1
G:\Thesis\MonkSkinTone_Dataset\Segmented_MSTE\subject_4/PXL_20220922_162251832.jpg,9,9,8,2,0.8381901383399963,9,9,9,8,2,0,1,1,1
G:\Thesis\MonkSkinTone_Dataset\Segmented_MSTE\subject_4/PXL_20220922_162227851.jpg,9,9,8,2,0.6957090497016907,7,7,7,6,1,2,0,0,0
G:\Thesis\MonkSkinTone_Dataset\Segmented_MSTE\subject_4/PXL_20220922_162222156.jpg,9,9,8,2,0.9187071323394775,9,9,9,8,2,0,1,1,1
G:\Thesis\MonkSkinTone_Dataset\Segmented_MSTE\subject_4/PXL_20220922_162134005.jpg,9,9,8,2,0.0992986410856247,2,2,2,1,0,7,0,0,0
G:\Thesis\MonkSkinTone_Dataset\Segmented_MSTE\subject_4/PXL_20220922_162132188.jpg,9,9,8,2,0.21554026007652283,3,3,3,2,0,6,0,0,0
G:\Thesis\MonkSkinTone_Dataset\Segmented_MSTE\subject_4/PXL_20220922_162129053.jpg,9,9,8,2,0.22684833407402039,3,3,3,2,0,6,0,0,0
G:\Thesis\MonkSkinTone_Dataset\Segmented_MSTE\subject_4/PXL_20220922_162127092.jpg,9,9,8,2,0.29278644919395447,4,4,4,3,1,5,0,0,0
G:\Thesis\MonkSkinTone_Dataset\Segmented_MSTE\subject_4/PXL_20220922_162124839.jpg,9,9,8,2,0.3523010015487671,4,4,4,3,1,5,0,0,0
G:\Thesis\MonkSkinTone_Dataset\Segmented_MSTE\subject_4/PXL_20220922_162123739.jpg,9,9,8,2,0.08526861667633057,2,2,2,1,0,7,0,0,0
G:\Thesis\MonkSkinTone_Dataset\Segmented_MSTE\subject_4/PXL_20220922_162120829.jpg,9,9,8,2,0.3189390003681183,4,4,4,3,1,5,0,0,0
G:\Thesis\MonkSkinTone_Dataset\Segmented_MSTE\subject_4/PXL_20220922_162119421.jpg,9,9,8,2,0.16912280023097992,3,3,3,2,0,6,0,0,0
G:\Thesis\MonkSkinTone_Dataset\Segmented_MSTE\subject_4/PXL_20220922_162054939.jpg,9,9,8,2,0.863521933555603,9,9,9,8,2,0,1,1,1
G:\Thesis\MonkSkinTone_Dataset\Segmented_MSTE\subject_4/PXL_20220922_162052907.jpg,9,9,8,2,0.6818932890892029,7,7,7,6,1,2,0,0,0
G:\Thesis\MonkSkinTone_Dataset\Segmented_MSTE\subject_4/PXL_20220922_162051191.jpg,9,9,8,2,0.3763509690761566,4,4,4,3,1,5,0,0,0
G:\Thesis\MonkSkinTone_Dataset\Segmented_MSTE\subject_4/PXL_20220922_162049072.jpg,9,9,8,2,0.7581561803817749,8,8,8,7,2,1,0,1,1
G:\Thesis\MonkSkinTone_Dataset\Segmented_MSTE\subject_4/PXL_20220922_162046872.jpg,9,9,8,2,0.919877827167511,9,9,9,8,2,0,1,1,1
G:\Thesis\MonkSkinTone_Dataset\Segmented_MSTE\subject_4/PXL_20220922_162041822.jpg,9,9,8,2,0.29676881432533264,4,4,4,3,1,5,0,0,0
G:\Thesis\MonkSkinTone_Dataset\Segmented_MSTE\subject_4/PXL_20220922_162038772.jpg,9,9,8,2,0.2972274124622345,4,4,4,3,1,5,0,0,0
G:\Thesis\MonkSkinTone_Dataset\Segmented_MSTE\subject_4/PXL_20220922_162036806.jpg,9,9,8,2,0.6006121635437012,6,6,6,5,1,3,0,0,0
G:\Thesis\MonkSkinTone_Dataset\Segmented_MSTE\subject_4/PXL_20220922_162034926.jpg,9,9,8,2,0.834361732006073,9,9,9,8,2,0,1,1,1
G:\Thesis\MonkSkinTone_Dataset\Segmented_MSTE\subject_4/PXL_20220922_162033560.jpg,9,9,8,2,0.7583870887756348,8,8,8,7,2,1,0,1,1
G:\Thesis\MonkSkinTone_Dataset\Segmented_MSTE\subject_4/PXL_20220922_162021956.jpg,9,9,8,2,0.6478116512298584,7,7,7,6,1,2,0,0,0
G:\Thesis\MonkSkinTone_Dataset\Segmented_MSTE\subject_4/PXL_20220922_162020889.jpg,9,9,8,2,0.45396894216537476,5,5,5,4,1,4,0,0,0
G:\Thesis\MonkSkinTone_Dataset\Segmented_MSTE\subject_4/PXL_20220922_162019375.jpg,9,9,8,2,0.37016981840133667,4,4,4,3,1,5,0,0,0
G:\Thesis\MonkSkinTone_Dataset\Segmented_MSTE\subject_4/PXL_20220922_162017610.jpg,9,9,8,2,0.5232880711555481,6,6,6,5,1,3,0,0,0
G:\Thesis\MonkSkinTone_Dataset\Segmented_MSTE\subject_4/PXL_20220922_162015840.jpg,9,9,8,2,0.8225572109222412,8,8,8,7,2,1,0,1,1
G:\Thesis\MonkSkinTone_Dataset\Segmented_MSTE\subject_4/PXL_20220922_161939679.jpg,9,9,8,2,0.4790957272052765,5,5,5,4,1,4,0,0,0
G:\Thesis\MonkSkinTone_Dataset\Segmented_MSTE\subject_4/PXL_20220922_161938180.jpg,9,9,8,2,0.6858119368553162,7,7,7,6,1,2,0,0,0
G:\Thesis\MonkSkinTone_Dataset\Segmented_MSTE\subject_4/PXL_20220922_161934430.jpg,9,9,8,2,0.39086559414863586,5,5,5,4,1,4,0,0,0
G:\Thesis\MonkSkinTone_Dataset\Segmented_MSTE\subject_4/PXL_20220922_161932128.jpg,9,9,8,2,0.8786441087722778,9,9,9,8,2,0,1,1,1
G:\Thesis\MonkSkinTone_Dataset\Segmented_MSTE\subject_4/PXL_20220922_161929477.jpg,9,9,8,2,0.5614169836044312,6,6,6,5,1,3,0,0,0
G:\Thesis\MonkSkinTone_Dataset\Segmented_MSTE\subject_4/PXL_20220922_161927302.jpg,9,9,8,2,0.426856130361557,5,5,5,4,1,4,0,0,0
G:\Thesis\MonkSkinTone_Dataset\Segmented_MSTE\subject_4/PXL_20220922_161923233.jpg,9,9,8,2,0.5179134011268616,6,6,6,5,1,3,0,0,0
G:\Thesis\MonkSkinTone_Dataset\Segmented_MSTE\subject_4/PXL_20220922_161921427.jpg,9,9,8,2,0.9331093430519104,9,9,9,8,2,0,1,1,1
G:\Thesis\MonkSkinTone_Dataset\Segmented_MSTE\subject_4/PXL_20220922_161917826.jpg,9,9,8,2,0.32151147723197937,4,4,4,3,1,5,0,0,0
G:\Thesis\MonkSkinTone_Dataset\Segmented_MSTE\subject_4/PXL_20220922_161915600.jpg,9,9,8,2,0.598030686378479,6,6,6,5,1,3,0,0,0
G:\Thesis\MonkSkinTone_Dataset\Segmented_MSTE\subject_4/PXL_20220922_161910023.jpg,9,9,8,2,0.19362576305866241,3,3,3,2,0,6,0,0,0
G:\Thesis\MonkSkinTone_Dataset\Segmented_MSTE\subject_4/PXL_20220922_161908046.jpg,9,9,8,2,0.4105205535888672,5,5,5,4,1,4,0,0,0
G:\Thesis\MonkSkinTone_Dataset\Segmented_MSTE\subject_4/PXL_20220922_161905430.jpg,9,9,8,2,0.7014435529708862,7,7,7,6,1,2,0,0,0
G:\Thesis\MonkSkinTone_Dataset\Segmented_MSTE\subject_4/PXL_20220922_161903530.jpg,9,9,8,2,0.48751959204673767,5,5,5,4,1,4,0,0,0
G:\Thesis\MonkSkinTone_Dataset\Segmented_MSTE\subject_4/PXL_20220922_161859476.jpg,9,9,8,2,0.419685959815979,5,5,5,4,1,4,0,0,0
G:\Thesis\MonkSkinTone_Dataset\Segmented_MSTE\subject_4/PXL_20220922_161857653.jpg,9,9,8,2,0.9418017864227295,9,9,9,8,2,0,1,1,1
G:\Thesis\MonkSkinTone_Dataset\Segmented_MSTE\subject_3/PXL_20220922_192540568.jpg,6,6,5,1,0.5738352537155151,6,6,6,5,1,0,1,1,1
G:\Thesis\MonkSkinTone_Dataset\Segmented_MSTE\subject_3/PXL_20220922_193528310.jpg,6,6,5,1,0.7750582098960876,8,8,8,7,2,2,0,0,0
G:\Thesis\MonkSkinTone_Dataset\Segmented_MSTE\subject_3/PXL_20220922_193526844.jpg,6,6,5,1,0.530819833278656,6,6,6,5,1,0,1,1,1
G:\Thesis\MonkSkinTone_Dataset\Segmented_MSTE\subject_3/PXL_20220922_193525366.jpg,6,6,5,1,0.598194420337677,6,6,6,5,1,0,1,1,1
G:\Thesis\MonkSkinTone_Dataset\Segmented_MSTE\subject_3/PXL_20220922_193523837.jpg,6,6,5,1,0.6062239408493042,6,6,6,5,1,0,1,1,1
G:\Thesis\MonkSkinTone_Dataset\Segmented_MSTE\subject_3/PXL_20220922_193521063.jpg,6,6,5,1,0.6751895546913147,7,7,7,6,1,1,0,1,1
G:\Thesis\MonkSkinTone_Dataset\Segmented_MSTE\subject_3/PXL_20220922_193512595.jpg,6,6,5,1,0.5600829124450684,6,6,6,5,1,0,1,1,1
G:\Thesis\MonkSkinTone_Dataset\Segmented_MSTE\subject_3/PXL_20220922_193511119.jpg,6,6,5,1,0.22430109977722168,3,3,3,2,0,3,0,0,0
G:\Thesis\MonkSkinTone_Dataset\Segmented_MSTE\subject_3/PXL_20220922_193509768.jpg,6,6,5,1,0.38354068994522095,4,4,4,3,1,2,0,0,1
G:\Thesis\MonkSkinTone_Dataset\Segmented_MSTE\subject_3/PXL_20220922_193508077.jpg,6,6,5,1,0.6184512972831726,7,7,7,6,1,1,0,1,1
G:\Thesis\MonkSkinTone_Dataset\Segmented_MSTE\subject_3/PXL_20220922_193506209.jpg,6,6,5,1,0.5431252717971802,6,6,6,5,1,0,1,1,1
G:\Thesis\MonkSkinTone_Dataset\Segmented_MSTE\subject_3/PXL_20220922_193503938.jpg,6,6,5,1,0.6405355334281921,7,7,7,6,1,1,0,1,1
G:\Thesis\MonkSkinTone_Dataset\Segmented_MSTE\subject_3/PXL_20220922_193502239.jpg,6,6,5,1,0.6319035291671753,7,7,7,6,1,1,0,1,1
G:\Thesis\MonkSkinTone_Dataset\Segmented_MSTE\subject_3/PXL_20220922_193500570.jpg,6,6,5,1,0.31442180275917053,4,4,4,3,1,2,0,0,1
G:\Thesis\MonkSkinTone_Dataset\Segmented_MSTE\subject_3/PXL_20220922_193459099.jpg,6,6,5,1,0.5507806539535522,6,6,6,5,1,0,1,1,1
G:\Thesis\MonkSkinTone_Dataset\Segmented_MSTE\subject_3/PXL_20220922_193457393.jpg,6,6,5,1,0.5408117175102234,6,6,6,5,1,0,1,1,1
G:\Thesis\MonkSkinTone_Dataset\Segmented_MSTE\subject_3/PXL_20220922_193442749.jpg,6,6,5,1,0.6575586199760437,7,7,7,6,1,1,0,1,1
G:\Thesis\MonkSkinTone_Dataset\Segmented_MSTE\subject_3/PXL_20220922_193441419.jpg,6,6,5,1,0.5921963453292847,6,6,6,5,1,0,1,1,1
G:\Thesis\MonkSkinTone_Dataset\Segmented_MSTE\subject_3/PXL_20220922_193440026.jpg,6,6,5,1,0.17202438414096832,3,3,3,2,0,3,0,0,0
G:\Thesis\MonkSkinTone_Dataset\Segmented_MSTE\subject_3/PXL_20220922_193438687.jpg,6,6,5,1,0.4554428160190582,5,5,5,4,1,1,0,1,1
G:\Thesis\MonkSkinTone_Dataset\Segmented_MSTE\subject_3/PXL_20220922_193436546.jpg,6,6,5,1,0.707443118095398,7,7,7,6,1,1,0,1,1
G:\Thesis\MonkSkinTone_Dataset\Segmented_MSTE\subject_3/PXL_20220922_193434544.jpg,6,6,5,1,0.3721398711204529,4,4,4,3,1,2,0,0,1
G:\Thesis\MonkSkinTone_Dataset\Segmented_MSTE\subject_3/PXL_20220922_193258695.jpg,6,6,5,1,0.5982280373573303,6,6,6,5,1,0,1,1,1
G:\Thesis\MonkSkinTone_Dataset\Segmented_MSTE\subject_3/PXL_20220922_193257144.jpg,6,6,5,1,0.650886595249176,7,7,7,6,1,1,0,1,1
G:\Thesis\MonkSkinTone_Dataset\Segmented_MSTE\subject_3/PXL_20220922_193255095.jpg,6,6,5,1,0.5938258767127991,6,6,6,5,1,0,1,1,1
G:\Thesis\MonkSkinTone_Dataset\Segmented_MSTE\subject_3/PXL_20220922_193254088.jpg,6,6,5,1,0.4970404803752899,5,5,5,4,1,1,0,1,1
G:\Thesis\MonkSkinTone_Dataset\Segmented_MSTE\subject_3/PXL_20220922_193252671.jpg,6,6,5,1,0.45202410221099854,5,5,5,4,1,1,0,1,1
G:\Thesis\MonkSkinTone_Dataset\Segmented_MSTE\subject_3/PXL_20220922_193251973.jpg,6,6,5,1,0.46517619490623474,5,5,5,4,1,1,0,1,1
G:\Thesis\MonkSkinTone_Dataset\Segmented_MSTE\subject_3/PXL_20220922_193250362.jpg,6,6,5,1,0.7338911294937134,8,8,8,7,2,2,0,0,0
G:\Thesis\MonkSkinTone_Dataset\Segmented_MSTE\subject_3/PXL_20220922_193249113.jpg,6,6,5,1,0.7160346508026123,7,7,7,6,1,1,0,1,1
G:\Thesis\MonkSkinTone_Dataset\Segmented_MSTE\subject_3/PXL_20220922_193247851.jpg,6,6,5,1,0.6875292062759399,7,7,7,6,1,1,0,1,1
G:\Thesis\MonkSkinTone_Dataset\Segmented_MSTE\subject_3/PXL_20220922_193246375.jpg,6,6,5,1,0.6260011196136475,7,7,7,6,1,1,0,1,1
G:\Thesis\MonkSkinTone_Dataset\Segmented_MSTE\subject_3/PXL_20220922_193244973.jpg,6,6,5,1,0.7497375011444092,8,8,8,7,2,2,0,0,0
G:\Thesis\MonkSkinTone_Dataset\Segmented_MSTE\subject_3/PXL_20220922_193243211.jpg,6,6,5,1,0.5015670657157898,6,6,6,5,1,0,1,1,1
G:\Thesis\MonkSkinTone_Dataset\Segmented_MSTE\subject_3/PXL_20220922_193241850.jpg,6,6,5,1,0.5232705473899841,6,6,6,5,1,0,1,1,1
G:\Thesis\MonkSkinTone_Dataset\Segmented_MSTE\subject_3/PXL_20220922_193240640.jpg,6,6,5,1,0.751814067363739,8,8,8,7,2,2,0,0,0
G:\Thesis\MonkSkinTone_Dataset\Segmented_MSTE\subject_3/PXL_20220922_193239210.jpg,6,6,5,1,0.7793967127799988,8,8,8,7,2,2,0,0,0
G:\Thesis\MonkSkinTone_Dataset\Segmented_MSTE\subject_3/PXL_20220922_193146740.jpg,6,6,5,1,0.5441966652870178,6,6,6,5,1,0,1,1,1
G:\Thesis\MonkSkinTone_Dataset\Segmented_MSTE\subject_3/PXL_20220922_193145287.jpg,6,6,5,1,0.5764110684394836,6,6,6,5,1,0,1,1,1
G:\Thesis\MonkSkinTone_Dataset\Segmented_MSTE\subject_3/PXL_20220922_193143821.jpg,6,6,5,1,0.6638039946556091,7,7,7,6,1,1,0,1,1
G:\Thesis\MonkSkinTone_Dataset\Segmented_MSTE\subject_3/PXL_20220922_193142521.jpg,6,6,5,1,0.5575469136238098,6,6,6,5,1,0,1,1,1
G:\Thesis\MonkSkinTone_Dataset\Segmented_MSTE\subject_3/PXL_20220922_193140993.jpg,6,6,5,1,0.6135684251785278,7,7,7,6,1,1,0,1,1
G:\Thesis\MonkSkinTone_Dataset\Segmented_MSTE\subject_3/PXL_20220922_192839520.jpg,6,6,5,1,0.6472147107124329,7,7,7,6,1,1,0,1,1
G:\Thesis\MonkSkinTone_Dataset\Segmented_MSTE\subject_3/PXL_20220922_192838054.jpg,6,6,5,1,0.7029322385787964,7,7,7,6,1,1,0,1,1
G:\Thesis\MonkSkinTone_Dataset\Segmented_MSTE\subject_3/PXL_20220922_192836240.jpg,6,6,5,1,0.431124746799469,5,5,5,4,1,1,0,1,1
G:\Thesis\MonkSkinTone_Dataset\Segmented_MSTE\subject_3/PXL_20220922_192834158.jpg,6,6,5,1,0.6130657196044922,7,7,7,6,1,1,0,1,1
G:\Thesis\MonkSkinTone_Dataset\Segmented_MSTE\subject_3/PXL_20220922_192831992.jpg,6,6,5,1,0.5550615191459656,6,6,6,5,1,0,1,1,1
G:\Thesis\MonkSkinTone_Dataset\Segmented_MSTE\subject_3/PXL_20220922_192746438.jpg,6,6,5,1,0.47876858711242676,5,5,5,4,1,1,0,1,1
G:\Thesis\MonkSkinTone_Dataset\Segmented_MSTE\subject_3/PXL_20220922_192744156.jpg,6,6,5,1,0.49766114354133606,5,5,5,4,1,1,0,1,1
G:\Thesis\MonkSkinTone_Dataset\Segmented_MSTE\subject_3/PXL_20220922_192741691.jpg,6,6,5,1,0.3917542099952698,5,5,5,4,1,1,0,1,1
G:\Thesis\MonkSkinTone_Dataset\Segmented_MSTE\subject_3/PXL_20220922_192739767.jpg,6,6,5,1,0.5733484029769897,6,6,6,5,1,0,1,1,1
G:\Thesis\MonkSkinTone_Dataset\Segmented_MSTE\subject_3/PXL_20220922_192736985.jpg,6,6,5,1,0.5591956377029419,6,6,6,5,1,0,1,1,1
G:\Thesis\MonkSkinTone_Dataset\Segmented_MSTE\subject_3/PXL_20220922_192714792.jpg,6,6,5,1,0.5445590615272522,6,6,6,5,1,0,1,1,1
G:\Thesis\MonkSkinTone_Dataset\Segmented_MSTE\subject_3/PXL_20220922_192713113.jpg,6,6,5,1,0.29148155450820923,4,4,4,3,1,2,0,0,1
G:\Thesis\MonkSkinTone_Dataset\Segmented_MSTE\subject_3/PXL_20220922_192711496.jpg,6,6,5,1,0.26296427845954895,3,3,3,2,0,3,0,0,0
G:\Thesis\MonkSkinTone_Dataset\Segmented_MSTE\subject_3/PXL_20220922_192709617.jpg,6,6,5,1,0.49011945724487305,5,5,5,4,1,1,0,1,1
G:\Thesis\MonkSkinTone_Dataset\Segmented_MSTE\subject_3/PXL_20220922_192707666.jpg,6,6,5,1,0.34772753715515137,4,4,4,3,1,2,0,0,1
G:\Thesis\MonkSkinTone_Dataset\Segmented_MSTE\subject_3/PXL_20220922_192706771.jpg,6,6,5,1,0.3320050537586212,4,4,4,3,1,2,0,0,1
G:\Thesis\MonkSkinTone_Dataset\Segmented_MSTE\subject_3/PXL_20220922_192651355.jpg,6,6,5,1,0.41092827916145325,5,5,5,4,1,1,0,1,1
G:\Thesis\MonkSkinTone_Dataset\Segmented_MSTE\subject_3/PXL_20220922_192649338.jpg,6,6,5,1,0.3881163001060486,4,4,4,3,1,2,0,0,1
G:\Thesis\MonkSkinTone_Dataset\Segmented_MSTE\subject_3/PXL_20220922_192648272.jpg,6,6,5,1,0.4606020450592041,5,5,5,4,1,1,0,1,1
G:\Thesis\MonkSkinTone_Dataset\Segmented_MSTE\subject_3/PXL_20220922_192645891.jpg,6,6,5,1,0.27748963236808777,3,3,3,2,0,3,0,0,0
G:\Thesis\MonkSkinTone_Dataset\Segmented_MSTE\subject_3/PXL_20220922_192641993.jpg,6,6,5,1,0.24045529961585999,3,3,3,2,0,3,0,0,0
G:\Thesis\MonkSkinTone_Dataset\Segmented_MSTE\subject_3/PXL_20220922_192640227.jpg,6,6,5,1,0.22021019458770752,3,3,3,2,0,3,0,0,0
G:\Thesis\MonkSkinTone_Dataset\Segmented_MSTE\subject_3/PXL_20220922_192637943.jpg,6,6,5,1,0.18322519958019257,3,3,3,2,0,3,0,0,0
G:\Thesis\MonkSkinTone_Dataset\Segmented_MSTE\subject_3/PXL_20220922_192630530.jpg,6,6,5,1,0.18304388225078583,3,3,3,2,0,3,0,0,0
G:\Thesis\MonkSkinTone_Dataset\Segmented_MSTE\subject_3/PXL_20220922_192625680.jpg,6,6,5,1,0.4572124183177948,5,5,5,4,1,1,0,1,1
G:\Thesis\MonkSkinTone_Dataset\Segmented_MSTE\subject_3/PXL_20220922_192624406.jpg,6,6,5,1,0.12353599816560745,2,2,2,1,0,4,0,0,0
G:\Thesis\MonkSkinTone_Dataset\Segmented_MSTE\subject_3/PXL_20220922_192622568.jpg,6,6,5,1,0.19046223163604736,3,3,3,2,0,3,0,0,0
G:\Thesis\MonkSkinTone_Dataset\Segmented_MSTE\subject_3/PXL_20220922_192620412.jpg,6,6,5,1,0.3332963287830353,4,4,4,3,1,2,0,0,1
G:\Thesis\MonkSkinTone_Dataset\Segmented_MSTE\subject_3/PXL_20220922_192618611.jpg,6,6,5,1,0.2209732085466385,3,3,3,2,0,3,0,0,0
G:\Thesis\MonkSkinTone_Dataset\Segmented_MSTE\subject_3/PXL_20220922_192615914.jpg,6,6,5,1,0.5606655478477478,6,6,6,5,1,0,1,1,1
G:\Thesis\MonkSkinTone_Dataset\Segmented_MSTE\subject_3/PXL_20220922_192614146.jpg,6,6,5,1,0.2631869614124298,3,3,3,2,0,3,0,0,0
G:\Thesis\MonkSkinTone_Dataset\Segmented_MSTE\subject_3/PXL_20220922_192612301.jpg,6,6,5,1,0.1961953192949295,3,3,3,2,0,3,0,0,0
G:\Thesis\MonkSkinTone_Dataset\Segmented_MSTE\subject_3/PXL_20220922_192610554.jpg,6,6,5,1,0.59444260597229,6,6,6,5,1,0,1,1,1
G:\Thesis\MonkSkinTone_Dataset\Segmented_MSTE\subject_3/PXL_20220922_192608497.jpg,6,6,5,1,0.44744443893432617,5,5,5,4,1,1,0,1,1
G:\Thesis\MonkSkinTone_Dataset\Segmented_MSTE\subject_3/PXL_20220922_192558186.jpg,6,6,5,1,0.5000198483467102,6,6,6,5,1,0,1,1,1
G:\Thesis\MonkSkinTone_Dataset\Segmented_MSTE\subject_3/PXL_20220922_192552609.jpg,6,6,5,1,0.21263861656188965,3,3,3,2,0,3,0,0,0
G:\Thesis\MonkSkinTone_Dataset\Segmented_MSTE\subject_3/PXL_20220922_192550654.jpg,6,6,5,1,0.4270559251308441,5,5,5,4,1,1,0,1,1
G:\Thesis\MonkSkinTone_Dataset\Segmented_MSTE\subject_3/PXL_20220922_192548334.jpg,6,6,5,1,0.5266183018684387,6,6,6,5,1,0,1,1,1
G:\Thesis\MonkSkinTone_Dataset\Segmented_MSTE\subject_3/PXL_20220922_192545631.jpg,6,6,5,1,0.6682981252670288,7,7,7,6,1,1,0,1,1
G:\Thesis\MonkSkinTone_Dataset\Segmented_MSTE\subject_3/PXL_20220922_192543202.jpg,6,6,5,1,0.6657913327217102,7,7,7,6,1,1,0,1,1
G:\Thesis\MonkSkinTone_Dataset\Segmented_MSTE\subject_2/PXL_20220922_173936123.jpg,8,8,7,2,0.5422362685203552,6,6,6,5,1,2,0,0,0
G:\Thesis\MonkSkinTone_Dataset\Segmented_MSTE\subject_2/PXL_20220922_173932021.jpg,8,8,7,2,0.5750400424003601,6,6,6,5,1,2,0,0,0
G:\Thesis\MonkSkinTone_Dataset\Segmented_MSTE\subject_2/PXL_20220922_173929968.jpg,8,8,7,2,0.793553352355957,8,8,8,7,2,0,1,1,1
G:\Thesis\MonkSkinTone_Dataset\Segmented_MSTE\subject_2/PXL_20220922_173926742.jpg,8,8,7,2,0.7428046464920044,8,8,8,7,2,0,1,1,1
G:\Thesis\MonkSkinTone_Dataset\Segmented_MSTE\subject_2/PXL_20220922_173924672.jpg,8,8,7,2,0.6103719472885132,6,6,6,5,1,2,0,0,0
G:\Thesis\MonkSkinTone_Dataset\Segmented_MSTE\subject_2/PXL_20220922_173921134.jpg,8,8,7,2,0.7481008768081665,8,8,8,7,2,0,1,1,1
G:\Thesis\MonkSkinTone_Dataset\Segmented_MSTE\subject_2/PXL_20220922_173918548.jpg,8,8,7,2,0.61943519115448,7,7,7,6,1,1,0,1,0
G:\Thesis\MonkSkinTone_Dataset\Segmented_MSTE\subject_2/PXL_20220922_173916878.jpg,8,8,7,2,0.9376050233840942,9,9,9,8,2,1,0,1,1
G:\Thesis\MonkSkinTone_Dataset\Segmented_MSTE\subject_2/PXL_20220922_173914227.jpg,8,8,7,2,0.2931780219078064,4,4,4,3,1,4,0,0,0
G:\Thesis\MonkSkinTone_Dataset\Segmented_MSTE\subject_2/PXL_20220922_173912083.jpg,8,8,7,2,0.49265071749687195,5,5,5,4,1,3,0,0,0
G:\Thesis\MonkSkinTone_Dataset\Segmented_MSTE\subject_2/PXL_20220922_173910224.jpg,8,8,7,2,0.36509525775909424,4,4,4,3,1,4,0,0,0
G:\Thesis\MonkSkinTone_Dataset\Segmented_MSTE\subject_2/PXL_20220922_173759197.jpg,8,8,7,2,0.7814942002296448,8,8,8,7,2,0,1,1,1
G:\Thesis\MonkSkinTone_Dataset\Segmented_MSTE\subject_2/PXL_20220922_173757254.jpg,8,8,7,2,0.6083464026451111,6,6,6,5,1,2,0,0,0
G:\Thesis\MonkSkinTone_Dataset\Segmented_MSTE\subject_2/PXL_20220922_173755660.jpg,8,8,7,2,0.7849533557891846,8,8,8,7,2,0,1,1,1
G:\Thesis\MonkSkinTone_Dataset\Segmented_MSTE\subject_2/PXL_20220922_173754215.jpg,8,8,7,2,0.8484201431274414,9,9,9,8,2,1,0,1,1
G:\Thesis\MonkSkinTone_Dataset\Segmented_MSTE\subject_2/PXL_20220922_173751452.jpg,8,8,7,2,0.956462562084198,10,10,10,9,2,2,0,0,1
G:\Thesis\MonkSkinTone_Dataset\Segmented_MSTE\subject_2/PXL_20220922_173750073.jpg,8,8,7,2,0.9713326096534729,10,10,10,9,2,2,0,0,1
G:\Thesis\MonkSkinTone_Dataset\Segmented_MSTE\subject_2/PXL_20220922_173748586.jpg,8,8,7,2,0.740886926651001,8,8,8,7,2,0,1,1,1
G:\Thesis\MonkSkinTone_Dataset\Segmented_MSTE\subject_2/PXL_20220922_173747570.jpg,8,8,7,2,0.9749332070350647,10,10,10,9,2,2,0,0,1
G:\Thesis\MonkSkinTone_Dataset\Segmented_MSTE\subject_2/PXL_20220922_173744472.jpg,8,8,7,2,0.8762919902801514,9,9,9,8,2,1,0,1,1
G:\Thesis\MonkSkinTone_Dataset\Segmented_MSTE\subject_2/PXL_20220922_173736762.jpg,8,8,7,2,0.6590699553489685,7,7,7,6,1,1,0,1,0
G:\Thesis\MonkSkinTone_Dataset\Segmented_MSTE\subject_2/PXL_20220922_173734627.jpg,8,8,7,2,0.8631213903427124,9,9,9,8,2,1,0,1,1
G:\Thesis\MonkSkinTone_Dataset\Segmented_MSTE\subject_2/PXL_20220922_173732143.jpg,8,8,7,2,0.6794643998146057,7,7,7,6,1,1,0,1,0
G:\Thesis\MonkSkinTone_Dataset\Segmented_MSTE\subject_2/PXL_20220922_173719038.jpg,8,8,7,2,0.7025661468505859,7,7,7,6,1,1,0,1,0
G:\Thesis\MonkSkinTone_Dataset\Segmented_MSTE\subject_2/PXL_20220922_173717156.jpg,8,8,7,2,0.6994723081588745,7,7,7,6,1,1,0,1,0
G:\Thesis\MonkSkinTone_Dataset\Segmented_MSTE\subject_2/PXL_20220922_173611308.jpg,8,8,7,2,0.3700163960456848,4,4,4,3,1,4,0,0,0
G:\Thesis\MonkSkinTone_Dataset\Segmented_MSTE\subject_2/PXL_20220922_173606365.jpg,8,8,7,2,0.2977828085422516,4,4,4,3,1,4,0,0,0
G:\Thesis\MonkSkinTone_Dataset\Segmented_MSTE\subject_2/PXL_20220922_173604730.jpg,8,8,7,2,0.2303055226802826,3,3,3,2,0,5,0,0,0
G:\Thesis\MonkSkinTone_Dataset\Segmented_MSTE\subject_2/PXL_20220922_173601814.jpg,8,8,7,2,0.34376728534698486,4,4,4,3,1,4,0,0,0
G:\Thesis\MonkSkinTone_Dataset\Segmented_MSTE\subject_2/PXL_20220922_173556673.jpg,8,8,7,2,0.4395357370376587,5,5,5,4,1,3,0,0,0
G:\Thesis\MonkSkinTone_Dataset\Segmented_MSTE\subject_2/PXL_20220922_173553421.jpg,8,8,7,2,0.2833661437034607,4,4,4,3,1,4,0,0,0
G:\Thesis\MonkSkinTone_Dataset\Segmented_MSTE\subject_2/PXL_20220922_173549024.jpg,8,8,7,2,0.2268873006105423,3,3,3,2,0,5,0,0,0
G:\Thesis\MonkSkinTone_Dataset\Segmented_MSTE\subject_2/PXL_20220922_173547366.jpg,8,8,7,2,0.17694252729415894,3,3,3,2,0,5,0,0,0
G:\Thesis\MonkSkinTone_Dataset\Segmented_MSTE\subject_2/PXL_20220922_173522398.jpg,8,8,7,2,0.3493387997150421,4,4,4,3,1,4,0,0,0
G:\Thesis\MonkSkinTone_Dataset\Segmented_MSTE\subject_2/PXL_20220922_173520834.jpg,8,8,7,2,0.4054628908634186,5,5,5,4,1,3,0,0,0
G:\Thesis\MonkSkinTone_Dataset\Segmented_MSTE\subject_2/PXL_20220922_173518745.jpg,8,8,7,2,0.37686967849731445,4,4,4,3,1,4,0,0,0
G:\Thesis\MonkSkinTone_Dataset\Segmented_MSTE\subject_2/PXL_20220922_173517309.jpg,8,8,7,2,0.5574766993522644,6,6,6,5,1,2,0,0,0
G:\Thesis\MonkSkinTone_Dataset\Segmented_MSTE\subject_2/PXL_20220922_173515925.jpg,8,8,7,2,0.6025668382644653,6,6,6,5,1,2,0,0,0
G:\Thesis\MonkSkinTone_Dataset\Segmented_MSTE\subject_2/PXL_20220922_173513639.jpg,8,8,7,2,0.8024376630783081,8,8,8,7,2,0,1,1,1
G:\Thesis\MonkSkinTone_Dataset\Segmented_MSTE\subject_2/PXL_20220922_173512389.jpg,8,8,7,2,0.40217912197113037,5,5,5,4,1,3,0,0,0
G:\Thesis\MonkSkinTone_Dataset\Segmented_MSTE\subject_2/PXL_20220922_173510821.jpg,8,8,7,2,0.45377010107040405,5,5,5,4,1,3,0,0,0
G:\Thesis\MonkSkinTone_Dataset\Segmented_MSTE\subject_2/PXL_20220922_173509217.jpg,8,8,7,2,0.6495990753173828,7,7,7,6,1,1,0,1,0
G:\Thesis\MonkSkinTone_Dataset\Segmented_MSTE\subject_2/PXL_20220922_173507870.jpg,8,8,7,2,0.590183436870575,6,6,6,5,1,2,0,0,0
G:\Thesis\MonkSkinTone_Dataset\Segmented_MSTE\subject_2/PXL_20220922_173505354.jpg,8,8,7,2,0.7938390970230103,8,8,8,7,2,0,1,1,1
G:\Thesis\MonkSkinTone_Dataset\Segmented_MSTE\subject_2/PXL_20220922_173503845.jpg,8,8,7,2,0.7486292719841003,8,8,8,7,2,0,1,1,1
G:\Thesis\MonkSkinTone_Dataset\Segmented_MSTE\subject_2/PXL_20220922_173502282.jpg,8,8,7,2,0.4394727349281311,5,5,5,4,1,3,0,0,0
G:\Thesis\MonkSkinTone_Dataset\Segmented_MSTE\subject_2/PXL_20220922_173500725.jpg,8,8,7,2,0.6806614995002747,7,7,7,6,1,1,0,1,0
G:\Thesis\MonkSkinTone_Dataset\Segmented_MSTE\subject_2/PXL_20220922_173459363.jpg,8,8,7,2,0.46546468138694763,5,5,5,4,1,3,0,0,0
G:\Thesis\MonkSkinTone_Dataset\Segmented_MSTE\subject_2/PXL_20220922_173456436.jpg,8,8,7,2,0.8090880513191223,8,8,8,7,2,0,1,1,1
G:\Thesis\MonkSkinTone_Dataset\Segmented_MSTE\subject_2/PXL_20220922_173454727.jpg,8,8,7,2,0.5070306658744812,6,6,6,5,1,2,0,0,0
G:\Thesis\MonkSkinTone_Dataset\Segmented_MSTE\subject_2/PXL_20220922_173452401.jpg,8,8,7,2,0.5045085549354553,6,6,6,5,1,2,0,0,0
G:\Thesis\MonkSkinTone_Dataset\Segmented_MSTE\subject_2/PXL_20220922_173450800.jpg,8,8,7,2,0.5347207188606262,6,6,6,5,1,2,0,0,0
G:\Thesis\MonkSkinTone_Dataset\Segmented_MSTE\subject_2/PXL_20220922_173448953.jpg,8,8,7,2,0.5375128388404846,6,6,6,5,1,2,0,0,0
G:\Thesis\MonkSkinTone_Dataset\Segmented_MSTE\subject_2/PXL_20220922_173421045.jpg,8,8,7,2,0.5111324787139893,6,6,6,5,1,2,0,0,0
G:\Thesis\MonkSkinTone_Dataset\Segmented_MSTE\subject_2/PXL_20220922_173418250.jpg,8,8,7,2,0.4631182849407196,5,5,5,4,1,3,0,0,0
G:\Thesis\MonkSkinTone_Dataset\Segmented_MSTE\subject_2/PXL_20220922_173415758.jpg,8,8,7,2,0.49777525663375854,5,5,5,4,1,3,0,0,0
G:\Thesis\MonkSkinTone_Dataset\Segmented_MSTE\subject_2/PXL_20220922_173413565.jpg,8,8,7,2,0.9458383321762085,10,10,10,9,2,2,0,0,1
G:\Thesis\MonkSkinTone_Dataset\Segmented_MSTE\subject_2/PXL_20220922_173411408.jpg,8,8,7,2,0.5273844003677368,6,6,6,5,1,2,0,0,0
G:\Thesis\MonkSkinTone_Dataset\Segmented_MSTE\subject_2/PXL_20220922_173405212.jpg,8,8,7,2,0.5315687656402588,6,6,6,5,1,2,0,0,0
G:\Thesis\MonkSkinTone_Dataset\Segmented_MSTE\subject_2/PXL_20220922_173401146.jpg,8,8,7,2,0.7298175692558289,8,8,8,7,2,0,1,1,1
G:\Thesis\MonkSkinTone_Dataset\Segmented_MSTE\subject_2/PXL_20220922_173357738.jpg,8,8,7,2,0.6096874475479126,6,6,6,5,1,2,0,0,0
G:\Thesis\MonkSkinTone_Dataset\Segmented_MSTE\subject_2/PXL_20220922_173353508.jpg,8,8,7,2,0.4798668324947357,5,5,5,4,1,3,0,0,0
G:\Thesis\MonkSkinTone_Dataset\Segmented_MSTE\subject_2/PXL_20220922_173350162.jpg,8,8,7,2,0.547257125377655,6,6,6,5,1,2,0,0,0
G:\Thesis\MonkSkinTone_Dataset\Segmented_MSTE\subject_2/PXL_20220922_173337082.jpg,8,8,7,2,0.765765368938446,8,8,8,7,2,0,1,1,1
G:\Thesis\MonkSkinTone_Dataset\Segmented_MSTE\subject_2/PXL_20220922_173332744.jpg,8,8,7,2,0.47992971539497375,5,5,5,4,1,3,0,0,0
G:\Thesis\MonkSkinTone_Dataset\Segmented_MSTE\subject_2/PXL_20220922_173327539.jpg,8,8,7,2,0.7709852457046509,8,8,8,7,2,0,1,1,1
G:\Thesis\MonkSkinTone_Dataset\Segmented_MSTE\subject_2/PXL_20220922_173323265.jpg,8,8,7,2,0.5158445239067078,6,6,6,5,1,2,0,0,0
G:\Thesis\MonkSkinTone_Dataset\Segmented_MSTE\subject_2/PXL_20220922_173319356.jpg,8,8,7,2,0.7013658881187439,7,7,7,6,1,1,0,1,0
G:\Thesis\MonkSkinTone_Dataset\Segmented_MSTE\subject_2/PXL_20220922_173313145.jpg,8,8,7,2,0.5675381422042847,6,6,6,5,1,2,0,0,0
G:\Thesis\MonkSkinTone_Dataset\Segmented_MSTE\subject_2/PXL_20220922_173309332.jpg,8,8,7,2,0.4397883713245392,5,5,5,4,1,3,0,0,0
G:\Thesis\MonkSkinTone_Dataset\Segmented_MSTE\subject_2/PXL_20220922_173304772.jpg,8,8,7,2,0.39551836252212524,5,5,5,4,1,3,0,0,0
G:\Thesis\MonkSkinTone_Dataset\Segmented_MSTE\subject_2/PXL_20220922_173301206.jpg,8,8,7,2,0.44297757744789124,5,5,5,4,1,3,0,0,0
G:\Thesis\MonkSkinTone_Dataset\Segmented_MSTE\subject_2/PXL_20220922_173251686.jpg,8,8,7,2,0.5087699890136719,6,6,6,5,1,2,0,0,0
G:\Thesis\MonkSkinTone_Dataset\Segmented_MSTE\subject_1/PXL_20220922_174606457.jpg,2,2,1,0,0.529897153377533,6,6,6,5,1,4,0,0,0
G:\Thesis\MonkSkinTone_Dataset\Segmented_MSTE\subject_1/PXL_20220922_174552943.jpg,2,2,1,0,0.5046811103820801,6,6,6,5,1,4,0,0,0
G:\Thesis\MonkSkinTone_Dataset\Segmented_MSTE\subject_1/PXL_20220922_174551650.jpg,2,2,1,0,0.49750271439552307,5,5,5,4,1,3,0,0,0
G:\Thesis\MonkSkinTone_Dataset\Segmented_MSTE\subject_1/PXL_20220922_174550351.jpg,2,2,1,0,0.3033103346824646,4,4,4,3,1,2,0,0,0
G:\Thesis\MonkSkinTone_Dataset\Segmented_MSTE\subject_1/PXL_20220922_174547563.jpg,2,2,1,0,0.5173871517181396,6,6,6,5,1,4,0,0,0
G:\Thesis\MonkSkinTone_Dataset\Segmented_MSTE\subject_1/PXL_20220922_174540218.jpg,2,2,1,0,0.4829941689968109,5,5,5,4,1,3,0,0,0
G:\Thesis\MonkSkinTone_Dataset\Segmented_MSTE\subject_1/PXL_20220922_174538656.jpg,2,2,1,0,0.2882789373397827,4,4,4,3,1,2,0,0,0
G:\Thesis\MonkSkinTone_Dataset\Segmented_MSTE\subject_1/PXL_20220922_174537206.jpg,2,2,1,0,0.3843841850757599,4,4,4,3,1,2,0,0,0
G:\Thesis\MonkSkinTone_Dataset\Segmented_MSTE\subject_1/PXL_20220922_174535556.jpg,2,2,1,0,0.6319855451583862,7,7,7,6,1,5,0,0,0
G:\Thesis\MonkSkinTone_Dataset\Segmented_MSTE\subject_1/PXL_20220922_174523104.jpg,2,2,1,0,0.4745097756385803,5,5,5,4,1,3,0,0,0
G:\Thesis\MonkSkinTone_Dataset\Segmented_MSTE\subject_1/PXL_20220922_174521457.jpg,2,2,1,0,0.44147056341171265,5,5,5,4,1,3,0,0,0
G:\Thesis\MonkSkinTone_Dataset\Segmented_MSTE\subject_1/PXL_20220922_174519156.jpg,2,2,1,0,0.414823055267334,5,5,5,4,1,3,0,0,0
G:\Thesis\MonkSkinTone_Dataset\Segmented_MSTE\subject_1/PXL_20220922_174517683.jpg,2,2,1,0,0.33316415548324585,4,4,4,3,1,2,0,0,0
G:\Thesis\MonkSkinTone_Dataset\Segmented_MSTE\subject_1/PXL_20220922_174516272.jpg,2,2,1,0,0.47751927375793457,5,5,5,4,1,3,0,0,0
G:\Thesis\MonkSkinTone_Dataset\Segmented_MSTE\subject_1/PXL_20220922_174445779.jpg,2,2,1,0,0.43963974714279175,5,5,5,4,1,3,0,0,0
G:\Thesis\MonkSkinTone_Dataset\Segmented_MSTE\subject_1/PXL_20220922_174444745.jpg,2,2,1,0,0.39504799246788025,5,5,5,4,1,3,0,0,0
G:\Thesis\MonkSkinTone_Dataset\Segmented_MSTE\subject_1/PXL_20220922_174443563.jpg,2,2,1,0,0.2250039279460907,3,3,3,2,0,1,0,1,1
G:\Thesis\MonkSkinTone_Dataset\Segmented_MSTE\subject_1/PXL_20220922_174442428.jpg,2,2,1,0,0.3233886659145355,4,4,4,3,1,2,0,0,0
G:\Thesis\MonkSkinTone_Dataset\Segmented_MSTE\subject_1/PXL_20220922_174440762.jpg,2,2,1,0,0.4432753324508667,5,5,5,4,1,3,0,0,0
G:\Thesis\MonkSkinTone_Dataset\Segmented_MSTE\subject_1/PXL_20220922_174437829.jpg,2,2,1,0,0.4664621949195862,5,5,5,4,1,3,0,0,0
G:\Thesis\MonkSkinTone_Dataset\Segmented_MSTE\subject_1/PXL_20220922_174436310.jpg,2,2,1,0,0.35847342014312744,4,4,4,3,1,2,0,0,0
G:\Thesis\MonkSkinTone_Dataset\Segmented_MSTE\subject_1/PXL_20220922_174435060.jpg,2,2,1,0,0.2863355875015259,4,4,4,3,1,2,0,0,0
G:\Thesis\MonkSkinTone_Dataset\Segmented_MSTE\subject_1/PXL_20220922_174431750.jpg,2,2,1,0,0.40193724632263184,5,5,5,4,1,3,0,0,0
G:\Thesis\MonkSkinTone_Dataset\Segmented_MSTE\subject_1/PXL_20220922_174406287.jpg,2,2,1,0,0.4877469837665558,5,5,5,4,1,3,0,0,0
G:\Thesis\MonkSkinTone_Dataset\Segmented_MSTE\subject_1/PXL_20220922_174404885.jpg,2,2,1,0,0.3637610077857971,4,4,4,3,1,2,0,0,0
G:\Thesis\MonkSkinTone_Dataset\Segmented_MSTE\subject_1/PXL_20220922_174400298.jpg,2,2,1,0,0.40077120065689087,5,5,5,4,1,3,0,0,0
G:\Thesis\MonkSkinTone_Dataset\Segmented_MSTE\subject_1/PXL_20220922_174358684.jpg,2,2,1,0,0.4389749765396118,5,5,5,4,1,3,0,0,0
G:\Thesis\MonkSkinTone_Dataset\Segmented_MSTE\subject_1/PXL_20220922_174231078.jpg,2,2,1,0,0.6488599181175232,7,7,7,6,1,5,0,0,0
G:\Thesis\MonkSkinTone_Dataset\Segmented_MSTE\subject_1/PXL_20220922_174227786.jpg,2,2,1,0,0.3184441924095154,4,4,4,3,1,2,0,0,0
G:\Thesis\MonkSkinTone_Dataset\Segmented_MSTE\subject_1/PXL_20220922_174225452.jpg,2,2,1,0,0.1884133517742157,3,3,3,2,0,1,0,1,1
G:\Thesis\MonkSkinTone_Dataset\Segmented_MSTE\subject_1/PXL_20220922_174223425.jpg,2,2,1,0,0.2036256492137909,3,3,3,2,0,1,0,1,1
G:\Thesis\MonkSkinTone_Dataset\Segmented_MSTE\subject_1/PXL_20220922_174221777.jpg,2,2,1,0,0.4998493790626526,5,5,5,4,1,3,0,0,0
G:\Thesis\MonkSkinTone_Dataset\Segmented_MSTE\subject_1/PXL_20220922_174152791.jpg,2,2,1,0,0.39731231331825256,5,5,5,4,1,3,0,0,0
G:\Thesis\MonkSkinTone_Dataset\Segmented_MSTE\subject_1/PXL_20220922_174151131.jpg,2,2,1,0,0.5059354901313782,6,6,6,5,1,4,0,0,0
G:\Thesis\MonkSkinTone_Dataset\Segmented_MSTE\subject_1/PXL_20220922_174144689.jpg,2,2,1,0,0.43450647592544556,5,5,5,4,1,3,0,0,0
G:\Thesis\MonkSkinTone_Dataset\Segmented_MSTE\subject_1/PXL_20220922_174131827.jpg,2,2,1,0,0.4813239276409149,5,5,5,4,1,3,0,0,0
G:\Thesis\MonkSkinTone_Dataset\Segmented_MSTE\subject_1/PXL_20220922_174128782.jpg,2,2,1,0,0.803584098815918,8,8,8,7,2,6,0,0,0
G:\Thesis\MonkSkinTone_Dataset\Segmented_MSTE\subject_1/PXL_20220922_174126716.jpg,2,2,1,0,0.15793362259864807,2,2,2,1,0,0,1,1,1
G:\Thesis\MonkSkinTone_Dataset\Segmented_MSTE\subject_1/PXL_20220922_174124412.jpg,2,2,1,0,0.39545074105262756,5,5,5,4,1,3,0,0,0
G:\Thesis\MonkSkinTone_Dataset\Segmented_MSTE\subject_1/PXL_20220922_174122571.jpg,2,2,1,0,0.49715951085090637,5,5,5,4,1,3,0,0,0
G:\Thesis\MonkSkinTone_Dataset\Segmented_MSTE\subject_1/PXL_20220922_174114139.jpg,2,2,1,0,0.5402477383613586,6,6,6,5,1,4,0,0,0
G:\Thesis\MonkSkinTone_Dataset\Segmented_MSTE\subject_1/PXL_20220922_174111438.jpg,2,2,1,0,0.19293595850467682,3,3,3,2,0,1,0,1,1
G:\Thesis\MonkSkinTone_Dataset\Segmented_MSTE\subject_1/PXL_20220922_174108549.jpg,2,2,1,0,0.19274555146694183,3,3,3,2,0,1,0,1,1
G:\Thesis\MonkSkinTone_Dataset\Segmented_MSTE\subject_1/PXL_20220922_174105914.jpg,2,2,1,0,0.26410356163978577,3,3,3,2,0,1,0,1,1
G:\Thesis\MonkSkinTone_Dataset\Segmented_MSTE\subject_1/PXL_20220922_174104129.jpg,2,2,1,0,0.5033848285675049,6,6,6,5,1,4,0,0,0
G:\Thesis\MonkSkinTone_Dataset\Segmented_MSTE\subject_1/PXL_20220922_174035795.jpg,2,2,1,0,0.4878706634044647,5,5,5,4,1,3,0,0,0
G:\Thesis\MonkSkinTone_Dataset\Segmented_MSTE\subject_1/PXL_20220922_174034517.jpg,2,2,1,0,0.4808381497859955,5,5,5,4,1,3,0,0,0
G:\Thesis\MonkSkinTone_Dataset\Segmented_MSTE\subject_1/PXL_20220922_174033018.jpg,2,2,1,0,0.34846797585487366,4,4,4,3,1,2,0,0,0
G:\Thesis\MonkSkinTone_Dataset\Segmented_MSTE\subject_1/PXL_20220922_174031644.jpg,2,2,1,0,0.2008490264415741,3,3,3,2,0,1,0,1,1
G:\Thesis\MonkSkinTone_Dataset\Segmented_MSTE\subject_1/PXL_20220922_174030115.jpg,2,2,1,0,0.48889875411987305,5,5,5,4,1,3,0,0,0
G:\Thesis\MonkSkinTone_Dataset\Segmented_MSTE\subject_1/PXL_20220922_174018423.jpg,2,2,1,0,0.3960128128528595,5,5,5,4,1,3,0,0,0
G:\Thesis\MonkSkinTone_Dataset\Segmented_MSTE\subject_1/PXL_20220922_174017237.jpg,2,2,1,0,0.41853296756744385,5,5,5,4,1,3,0,0,0
G:\Thesis\MonkSkinTone_Dataset\Segmented_MSTE\subject_1/PXL_20220922_174015452.jpg,2,2,1,0,0.19025854766368866,3,3,3,2,0,1,0,1,1
G:\Thesis\MonkSkinTone_Dataset\Segmented_MSTE\subject_1/PXL_20220922_174011830.jpg,2,2,1,0,0.47902196645736694,5,5,5,4,1,3,0,0,0
G:\Thesis\MonkSkinTone_Dataset\Segmented_MSTE\subject_1/PXL_20220922_174009443.jpg,2,2,1,0,0.43054261803627014,5,5,5,4,1,3,0,0,0
G:\Thesis\MonkSkinTone_Dataset\Segmented_MSTE\subject_1/PXL_20220922_174007933.jpg,2,2,1,0,0.17540861666202545,3,3,3,2,0,1,0,1,1
G:\Thesis\MonkSkinTone_Dataset\Segmented_MSTE\subject_1/PXL_20220922_174005827.jpg,2,2,1,0,0.29475176334381104,4,4,4,3,1,2,0,0,0
G:\Thesis\MonkSkinTone_Dataset\Segmented_MSTE\subject_1/PXL_20220922_174003968.jpg,2,2,1,0,0.23770906031131744,3,3,3,2,0,1,0,1,1
G:\Thesis\MonkSkinTone_Dataset\Segmented_MSTE\subject_1/PXL_20220922_173952716.jpg,2,2,1,0,0.48071011900901794,5,5,5,4,1,3,0,0,0
G:\Thesis\MonkSkinTone_Dataset\Segmented_MSTE\subject_0/PXL_20220922_132845778.PORTRAIT.jpg,3,3,2,0,0.2531631588935852,3,3,3,2,0,0,1,1,1
G:\Thesis\MonkSkinTone_Dataset\Segmented_MSTE\subject_0/PXL_20220922_134350655.PORTRAIT.jpg,3,3,2,0,0.437516450881958,5,5,5,4,1,2,0,0,0
G:\Thesis\MonkSkinTone_Dataset\Segmented_MSTE\subject_0/PXL_20220922_134348505.PORTRAIT.jpg,3,3,2,0,0.10463758558034897,2,2,2,1,0,1,0,1,1
G:\Thesis\MonkSkinTone_Dataset\Segmented_MSTE\subject_0/PXL_20220922_134346135.PORTRAIT.jpg,3,3,2,0,0.10489895939826965,2,2,2,1,0,1,0,1,1
G:\Thesis\MonkSkinTone_Dataset\Segmented_MSTE\subject_0/PXL_20220922_134344367.PORTRAIT.jpg,3,3,2,0,0.08127976208925247,2,2,2,1,0,1,0,1,1
G:\Thesis\MonkSkinTone_Dataset\Segmented_MSTE\subject_0/PXL_20220922_134342333.PORTRAIT.jpg,3,3,2,0,0.15130294859409332,2,2,2,1,0,1,0,1,1
G:\Thesis\MonkSkinTone_Dataset\Segmented_MSTE\subject_0/PXL_20220922_134339364.PORTRAIT.jpg,3,3,2,0,0.44010624289512634,5,5,5,4,1,2,0,0,0
G:\Thesis\MonkSkinTone_Dataset\Segmented_MSTE\subject_0/PXL_20220922_134210937.jpg,3,3,2,0,0.5120024681091309,6,6,6,5,1,3,0,0,0
G:\Thesis\MonkSkinTone_Dataset\Segmented_MSTE\subject_0/PXL_20220922_134209190.jpg,3,3,2,0,0.42753589153289795,5,5,5,4,1,2,0,0,0
G:\Thesis\MonkSkinTone_Dataset\Segmented_MSTE\subject_0/PXL_20220922_134207466.jpg,3,3,2,0,0.21833638846874237,3,3,3,2,0,0,1,1,1
G:\Thesis\MonkSkinTone_Dataset\Segmented_MSTE\subject_0/PXL_20220922_134205505.jpg,3,3,2,0,0.43135973811149597,5,5,5,4,1,2,0,0,0
G:\Thesis\MonkSkinTone_Dataset\Segmented_MSTE\subject_0/PXL_20220922_134203230.jpg,3,3,2,0,0.4563068449497223,5,5,5,4,1,2,0,0,0
G:\Thesis\MonkSkinTone_Dataset\Segmented_MSTE\subject_0/PXL_20220922_134141731.jpg,3,3,2,0,0.5053054690361023,6,6,6,5,1,3,0,0,0
G:\Thesis\MonkSkinTone_Dataset\Segmented_MSTE\subject_0/PXL_20220922_134139865.jpg,3,3,2,0,0.39976564049720764,5,5,5,4,1,2,0,0,0
G:\Thesis\MonkSkinTone_Dataset\Segmented_MSTE\subject_0/PXL_20220922_134137827.jpg,3,3,2,0,0.26569870114326477,3,3,3,2,0,0,1,1,1
G:\Thesis\MonkSkinTone_Dataset\Segmented_MSTE\subject_0/PXL_20220922_134135978.jpg,3,3,2,0,0.41895338892936707,5,5,5,4,1,2,0,0,0
G:\Thesis\MonkSkinTone_Dataset\Segmented_MSTE\subject_0/PXL_20220922_134134361.jpg,3,3,2,0,0.4645135700702667,5,5,5,4,1,2,0,0,0
G:\Thesis\MonkSkinTone_Dataset\Segmented_MSTE\subject_0/PXL_20220922_134128867.jpg,3,3,2,0,0.5791026949882507,6,6,6,5,1,3,0,0,0
G:\Thesis\MonkSkinTone_Dataset\Segmented_MSTE\subject_0/PXL_20220922_134127250.jpg,3,3,2,0,0.44684678316116333,5,5,5,4,1,2,0,0,0
G:\Thesis\MonkSkinTone_Dataset\Segmented_MSTE\subject_0/PXL_20220922_134124746.jpg,3,3,2,0,0.27915048599243164,4,4,4,3,1,1,0,1,0
G:\Thesis\MonkSkinTone_Dataset\Segmented_MSTE\subject_0/PXL_20220922_134122294.jpg,3,3,2,0,0.3697645962238312,4,4,4,3,1,1,0,1,0
G:\Thesis\MonkSkinTone_Dataset\Segmented_MSTE\subject_0/PXL_20220922_134119737.jpg,3,3,2,0,0.51658034324646,6,6,6,5,1,3,0,0,0
G:\Thesis\MonkSkinTone_Dataset\Segmented_MSTE\subject_0/PXL_20220922_134115414.jpg,3,3,2,0,0.40901491045951843,5,5,5,4,1,2,0,0,0
G:\Thesis\MonkSkinTone_Dataset\Segmented_MSTE\subject_0/PXL_20220922_134034735.jpg,3,3,2,0,0.5458341836929321,6,6,6,5,1,3,0,0,0
G:\Thesis\MonkSkinTone_Dataset\Segmented_MSTE\subject_0/PXL_20220922_134031823.jpg,3,3,2,0,0.43276479840278625,5,5,5,4,1,2,0,0,0
G:\Thesis\MonkSkinTone_Dataset\Segmented_MSTE\subject_0/PXL_20220922_134028534.jpg,3,3,2,0,0.20797573029994965,3,3,3,2,0,0,1,1,1
G:\Thesis\MonkSkinTone_Dataset\Segmented_MSTE\subject_0/PXL_20220922_134026053.jpg,3,3,2,0,0.4003291726112366,5,5,5,4,1,2,0,0,0
G:\Thesis\MonkSkinTone_Dataset\Segmented_MSTE\subject_0/PXL_20220922_134022988.jpg,3,3,2,0,0.48493918776512146,5,5,5,4,1,2,0,0,0
G:\Thesis\MonkSkinTone_Dataset\Segmented_MSTE\subject_0/PXL_20220922_134006137.jpg,3,3,2,0,0.536780834197998,6,6,6,5,1,3,0,0,0
G:\Thesis\MonkSkinTone_Dataset\Segmented_MSTE\subject_0/PXL_20220922_133026236.PORTRAIT.jpg,3,3,2,0,0.4393261671066284,5,5,5,4,1,2,0,0,0
G:\Thesis\MonkSkinTone_Dataset\Segmented_MSTE\subject_0/PXL_20220922_133020422.PORTRAIT.jpg,3,3,2,0,0.2946265935897827,4,4,4,3,1,1,0,1,0
G:\Thesis\MonkSkinTone_Dataset\Segmented_MSTE\subject_0/PXL_20220922_133015215.PORTRAIT.jpg,3,3,2,0,0.4069087505340576,5,5,5,4,1,2,0,0,0
G:\Thesis\MonkSkinTone_Dataset\Segmented_MSTE\subject_0/PXL_20220922_133010927.PORTRAIT.jpg,3,3,2,0,0.11028642952442169,2,2,2,1,0,1,0,1,1
G:\Thesis\MonkSkinTone_Dataset\Segmented_MSTE\subject_0/PXL_20220922_132959831.PORTRAIT.jpg,3,3,2,0,0.3705032467842102,4,4,4,3,1,1,0,1,0
G:\Thesis\MonkSkinTone_Dataset\Segmented_MSTE\subject_0/PXL_20220922_132914899.PORTRAIT.jpg,3,3,2,0,0.3523041903972626,4,4,4,3,1,1,0,1,0
G:\Thesis\MonkSkinTone_Dataset\Segmented_MSTE\subject_0/PXL_20220922_132911049.PORTRAIT.jpg,3,3,2,0,0.17055857181549072,3,3,3,2,0,0,1,1,1
G:\Thesis\MonkSkinTone_Dataset\Segmented_MSTE\subject_0/PXL_20220922_132903030.PORTRAIT.jpg,3,3,2,0,0.09424665570259094,2,2,2,1,0,1,0,1,1
G:\Thesis\MonkSkinTone_Dataset\Segmented_MSTE\subject_0/PXL_20220922_132858876.PORTRAIT.jpg,3,3,2,0,0.0451410673558712,1,1,1,0,0,2,0,0,1
