image_path,true_label,true_mst,true_class,true_bin,pred_scalar,pred_mst_rounded,pred_label,pred_mst,pred_class,pred_bin,abs_error,match_exact,match_pm1,match_bin
G:\Thesis\FACET_Dataset\Segmented_FACET_0.2_fixed_label\sa_9697495.jpg,5,5,4,1,0.34166547656059265,4,4,4,3,1,1,0,1,1
G:\Thesis\FACET_Dataset\Segmented_FACET_0.2_fixed_label\sa_1932356.jpg,8,8,7,2,0.7089309096336365,7,7,7,6,1,1,0,1,0
G:\Thesis\FACET_Dataset\Segmented_FACET_0.2_fixed_label\sa_2886046.jpg,7,7,6,1,0.39033636450767517,5,5,5,4,1,2,0,0,1
G:\Thesis\FACET_Dataset\Segmented_FACET_0.2_fixed_label\sa_139877.jpg,6,6,5,1,0.41243651509284973,5,5,5,4,1,1,0,1,1
G:\Thesis\FACET_Dataset\Segmented_FACET_0.2_fixed_label\sa_2588919.jpg,1,1,0,0,0.4430820345878601,5,5,5,4,1,4,0,0,0
G:\Thesis\FACET_Dataset\Segmented_FACET_0.2_fixed_label\sa_1341163.jpg,2,2,1,0,0.39993682503700256,5,5,5,4,1,3,0,0,0
G:\Thesis\FACET_Dataset\Segmented_FACET_0.2_fixed_label\sa_10944498.jpg,3,3,2,0,0.6343522071838379,7,7,7,6,1,4,0,0,0
G:\Thesis\FACET_Dataset\Segmented_FACET_0.2_fixed_label\sa_6541816.jpg,2,2,1,0,0.10649578273296356,2,2,2,1,0,0,1,1,1
G:\Thesis\FACET_Dataset\Segmented_FACET_0.2_fixed_label\sa_9204091.jpg,3,3,2,0,0.3178728520870209,4,4,4,3,1,1,0,1,0
G:\Thesis\FACET_Dataset\Segmented_FACET_0.2_fixed_label\sa_1794471.jpg,6,6,5,1,0.5222595930099487,6,6,6,5,1,0,1,1,1
G:\Thesis\FACET_Dataset\Segmented_FACET_0.2_fixed_label\sa_1202642.jpg,2,2,1,0,0.2959634065628052,4,4,4,3,1,2,0,0,0
G:\Thesis\FACET_Dataset\Segmented_FACET_0.2_fixed_label\sa_6451924.jpg,4,4,3,1,0.3546862006187439,4,4,4,3,1,0,1,1,1
G:\Thesis\FACET_Dataset\Segmented_FACET_0.2_fixed_label\sa_925056.jpg,2,2,1,0,0.33034899830818176,4,4,4,3,1,2,0,0,0
G:\Thesis\FACET_Dataset\Segmented_FACET_0.2_fixed_label\sa_2902486.jpg,5,5,4,1,0.6969707608222961,7,7,7,6,1,2,0,0,1
G:\Thesis\FACET_Dataset\Segmented_FACET_0.2_fixed_label\sa_8240546.jpg,6,6,5,1,0.3951084017753601,5,5,5,4,1,1,0,1,1
G:\Thesis\FACET_Dataset\Segmented_FACET_0.2_fixed_label\sa_7532286.jpg,7,7,6,1,0.6948693990707397,7,7,7,6,1,0,1,1,1
G:\Thesis\FACET_Dataset\Segmented_FACET_0.2_fixed_label\sa_9040041.jpg,2,2,1,0,0.4825078845024109,5,5,5,4,1,3,0,0,0
G:\Thesis\FACET_Dataset\Segmented_FACET_0.2_fixed_label\sa_8353651.jpg,6,6,5,1,0.5161314606666565,6,6,6,5,1,0,1,1,1
G:\Thesis\FACET_Dataset\Segmented_FACET_0.2_fixed_label\sa_1485699.jpg,4,4,3,1,0.26532018184661865,3,3,3,2,0,1,0,1,0
G:\Thesis\FACET_Dataset\Segmented_FACET_0.2_fixed_label\sa_9001690.jpg,6,6,5,1,0.39964771270751953,5,5,5,4,1,1,0,1,1
G:\Thesis\FACET_Dataset\Segmented_FACET_0.2_fixed_label\sa_3731678.jpg,3,3,2,0,0.14637944102287292,2,2,2,1,0,1,0,1,1
G:\Thesis\FACET_Dataset\Segmented_FACET_0.2_fixed_label\sa_9831256.jpg,3,3,2,0,0.2626880705356598,3,3,3,2,0,0,1,1,1
G:\Thesis\FACET_Dataset\Segmented_FACET_0.2_fixed_label\sa_2113904.jpg,4,4,3,1,0.32919806241989136,4,4,4,3,1,0,1,1,1
G:\Thesis\FACET_Dataset\Segmented_FACET_0.2_fixed_label\sa_4231211.jpg,3,3,2,0,0.5259456038475037,6,6,6,5,1,3,0,0,0
G:\Thesis\FACET_Dataset\Segmented_FACET_0.2_fixed_label\sa_1042307.jpg,1,1,0,0,0.7920022010803223,8,8,8,7,2,7,0,0,0
G:\Thesis\FACET_Dataset\Segmented_FACET_0.2_fixed_label\sa_2413075.jpg,4,4,3,1,0.3386680483818054,4,4,4,3,1,0,1,1,1
G:\Thesis\FACET_Dataset\Segmented_FACET_0.2_fixed_label\sa_4360530.jpg,4,4,3,1,0.34811264276504517,4,4,4,3,1,0,1,1,1
G:\Thesis\FACET_Dataset\Segmented_FACET_0.2_fixed_label\sa_1962392.jpg,1,1,0,0,0.48312145471572876,5,5,5,4,1,4,0,0,0
G:\Thesis\FACET_Dataset\Segmented_FACET_0.2_fixed_label\sa_7298856.jpg,3,3,2,0,0.3194087743759155,4,4,4,3,1,1,0,1,0
G:\Thesis\FACET_Dataset\Segmented_FACET_0.2_fixed_label\sa_3961443.jpg,4,4,3,1,0.33622512221336365,4,4,4,3,1,0,1,1,1
G:\Thesis\FACET_Dataset\Segmented_FACET_0.2_fixed_label\sa_5627781.jpg,3,3,2,0,0.3004310131072998,4,4,4,3,1,1,0,1,0
G:\Thesis\FACET_Dataset\Segmented_FACET_0.2_fixed_label\sa_9703296.jpg,3,3,2,0,0.22983242571353912,3,3,3,2,0,0,1,1,1
G:\Thesis\FACET_Dataset\Segmented_FACET_0.2_fixed_label\sa_10229001.jpg,5,5,4,1,0.646417498588562,7,7,7,6,1,2,0,0,1
G:\Thesis\FACET_Dataset\Segmented_FACET_0.2_fixed_label\sa_977124.jpg,4,4,3,1,0.534353494644165,6,6,6,5,1,2,0,0,1
G:\Thesis\FACET_Dataset\Segmented_FACET_0.2_fixed_label\sa_1142603.jpg,1,1,0,0,0.11163954436779022,2,2,2,1,0,1,0,1,1
G:\Thesis\FACET_Dataset\Segmented_FACET_0.2_fixed_label\sa_9203310.jpg,5,5,4,1,0.3982934355735779,5,5,5,4,1,0,1,1,1
G:\Thesis\FACET_Dataset\Segmented_FACET_0.2_fixed_label\sa_10205156.jpg,2,2,1,0,0.4643319547176361,5,5,5,4,1,3,0,0,0
G:\Thesis\FACET_Dataset\Segmented_FACET_0.2_fixed_label\sa_6070288.jpg,2,2,1,0,0.7673887014389038,8,8,8,7,2,6,0,0,0
G:\Thesis\FACET_Dataset\Segmented_FACET_0.2_fixed_label\sa_1436790.jpg,5,5,4,1,0.1997693032026291,3,3,3,2,0,2,0,0,0
G:\Thesis\FACET_Dataset\Segmented_FACET_0.2_fixed_label\sa_7681701.jpg,8,8,7,2,0.6615456342697144,7,7,7,6,1,1,0,1,0
G:\Thesis\FACET_Dataset\Segmented_FACET_0.2_fixed_label\sa_1545952.jpg,5,5,4,1,0.3856382369995117,4,4,4,3,1,1,0,1,1
G:\Thesis\FACET_Dataset\Segmented_FACET_0.2_fixed_label\sa_1088001.jpg,4,4,3,1,0.40636250376701355,5,5,5,4,1,1,0,1,1
G:\Thesis\FACET_Dataset\Segmented_FACET_0.2_fixed_label\sa_10179814.jpg,3,3,2,0,0.4068126082420349,5,5,5,4,1,2,0,0,0
G:\Thesis\FACET_Dataset\Segmented_FACET_0.2_fixed_label\sa_1059464.jpg,3,3,2,0,0.308046817779541,4,4,4,3,1,1,0,1,0
G:\Thesis\FACET_Dataset\Segmented_FACET_0.2_fixed_label\sa_3488835.jpg,2,2,1,0,0.5963644981384277,6,6,6,5,1,4,0,0,0
G:\Thesis\FACET_Dataset\Segmented_FACET_0.2_fixed_label\sa_2602587.jpg,6,6,5,1,0.4142211675643921,5,5,5,4,1,1,0,1,1
G:\Thesis\FACET_Dataset\Segmented_FACET_0.2_fixed_label\sa_6573159.jpg,2,2,1,0,0.29285842180252075,4,4,4,3,1,2,0,0,0
G:\Thesis\FACET_Dataset\Segmented_FACET_0.2_fixed_label\sa_7603598.jpg,4,4,3,1,0.16022050380706787,2,2,2,1,0,2,0,0,0
G:\Thesis\FACET_Dataset\Segmented_FACET_0.2_fixed_label\sa_952833.jpg,5,5,4,1,0.5761802196502686,6,6,6,5,1,1,0,1,1
G:\Thesis\FACET_Dataset\Segmented_FACET_0.2_fixed_label\sa_3092028.jpg,7,7,6,1,0.6449400782585144,7,7,7,6,1,0,1,1,1
G:\Thesis\FACET_Dataset\Segmented_FACET_0.2_fixed_label\sa_7820095.jpg,3,3,2,0,0.23377561569213867,3,3,3,2,0,0,1,1,1
G:\Thesis\FACET_Dataset\Segmented_FACET_0.2_fixed_label\sa_3331505.jpg,4,4,3,1,0.23750899732112885,3,3,3,2,0,1,0,1,0
G:\Thesis\FACET_Dataset\Segmented_FACET_0.2_fixed_label\sa_1105627.jpg,3,3,2,0,0.213235542178154,3,3,3,2,0,0,1,1,1
G:\Thesis\FACET_Dataset\Segmented_FACET_0.2_fixed_label\sa_2052584.jpg,4,4,3,1,0.6217295527458191,7,7,7,6,1,3,0,0,1
G:\Thesis\FACET_Dataset\Segmented_FACET_0.2_fixed_label\sa_1794471.jpg,6,6,5,1,0.5222595930099487,6,6,6,5,1,0,1,1,1
G:\Thesis\FACET_Dataset\Segmented_FACET_0.2_fixed_label\sa_4372129.jpg,4,4,3,1,0.41788506507873535,5,5,5,4,1,1,0,1,1
G:\Thesis\FACET_Dataset\Segmented_FACET_0.2_fixed_label\sa_8445002.jpg,1,1,0,0,0.2634982466697693,3,3,3,2,0,2,0,0,1
G:\Thesis\FACET_Dataset\Segmented_FACET_0.2_fixed_label\sa_9972151.jpg,8,8,7,2,0.5024044513702393,6,6,6,5,1,2,0,0,0
G:\Thesis\FACET_Dataset\Segmented_FACET_0.2_fixed_label\sa_2387642.jpg,6,6,5,1,0.25959885120391846,3,3,3,2,0,3,0,0,0
G:\Thesis\FACET_Dataset\Segmented_FACET_0.2_fixed_label\sa_11119461.jpg,6,6,5,1,0.34922656416893005,4,4,4,3,1,2,0,0,1
G:\Thesis\FACET_Dataset\Segmented_FACET_0.2_fixed_label\sa_4399865.jpg,5,5,4,1,0.2471129298210144,3,3,3,2,0,2,0,0,0
G:\Thesis\FACET_Dataset\Segmented_FACET_0.2_fixed_label\sa_9306004.jpg,7,7,6,1,0.2364235371351242,3,3,3,2,0,4,0,0,0
G:\Thesis\FACET_Dataset\Segmented_FACET_0.2_fixed_label\sa_5004972.jpg,5,5,4,1,0.2998131513595581,4,4,4,3,1,1,0,1,1
G:\Thesis\FACET_Dataset\Segmented_FACET_0.2_fixed_label\sa_7084183.jpg,4,4,3,1,0.4408729672431946,5,5,5,4,1,1,0,1,1
G:\Thesis\FACET_Dataset\Segmented_FACET_0.2_fixed_label\sa_629152.jpg,2,2,1,0,0.2619571387767792,3,3,3,2,0,1,0,1,1
G:\Thesis\FACET_Dataset\Segmented_FACET_0.2_fixed_label\sa_3533680.jpg,5,5,4,1,0.4821997880935669,5,5,5,4,1,0,1,1,1
G:\Thesis\FACET_Dataset\Segmented_FACET_0.2_fixed_label\sa_9391484.jpg,2,2,1,0,0.35174795985221863,4,4,4,3,1,2,0,0,0
G:\Thesis\FACET_Dataset\Segmented_FACET_0.2_fixed_label\sa_10545112.jpg,4,4,3,1,0.3246491551399231,4,4,4,3,1,0,1,1,1
G:\Thesis\FACET_Dataset\Segmented_FACET_0.2_fixed_label\sa_8601645.jpg,4,4,3,1,0.46277645230293274,5,5,5,4,1,1,0,1,1
G:\Thesis\FACET_Dataset\Segmented_FACET_0.2_fixed_label\sa_656234.jpg,3,3,2,0,0.2799997329711914,4,4,4,3,1,1,0,1,0
G:\Thesis\FACET_Dataset\Segmented_FACET_0.2_fixed_label\sa_6799536.jpg,2,2,1,0,0.26068785786628723,3,3,3,2,0,1,0,1,1
G:\Thesis\FACET_Dataset\Segmented_FACET_0.2_fixed_label\sa_10322551.jpg,4,4,3,1,0.3592456579208374,4,4,4,3,1,0,1,1,1
G:\Thesis\FACET_Dataset\Segmented_FACET_0.2_fixed_label\sa_9063408.jpg,5,5,4,1,0.5361769795417786,6,6,6,5,1,1,0,1,1
G:\Thesis\FACET_Dataset\Segmented_FACET_0.2_fixed_label\sa_285338.jpg,3,3,2,0,0.31831884384155273,4,4,4,3,1,1,0,1,0
G:\Thesis\FACET_Dataset\Segmented_FACET_0.2_fixed_label\sa_7350370.jpg,4,4,3,1,0.27253609895706177,3,3,3,2,0,1,0,1,0
G:\Thesis\FACET_Dataset\Segmented_FACET_0.2_fixed_label\sa_7382036.jpg,6,6,5,1,0.4501073658466339,5,5,5,4,1,1,0,1,1
G:\Thesis\FACET_Dataset\Segmented_FACET_0.2_fixed_label\sa_7460164.jpg,8,8,7,2,0.6240073442459106,7,7,7,6,1,1,0,1,0
G:\Thesis\FACET_Dataset\Segmented_FACET_0.2_fixed_label\sa_3780148.jpg,2,2,1,0,0.2691911458969116,3,3,3,2,0,1,0,1,1
G:\Thesis\FACET_Dataset\Segmented_FACET_0.2_fixed_label\sa_1219405.jpg,1,1,0,0,0.23622918128967285,3,3,3,2,0,2,0,0,1
G:\Thesis\FACET_Dataset\Segmented_FACET_0.2_fixed_label\sa_9634095.jpg,6,6,5,1,0.53871750831604,6,6,6,5,1,0,1,1,1
G:\Thesis\FACET_Dataset\Segmented_FACET_0.2_fixed_label\sa_2526175.jpg,2,2,1,0,0.3423096835613251,4,4,4,3,1,2,0,0,0
G:\Thesis\FACET_Dataset\Segmented_FACET_0.2_fixed_label\sa_3801954.jpg,3,3,2,0,0.29181188344955444,4,4,4,3,1,1,0,1,0
G:\Thesis\FACET_Dataset\Segmented_FACET_0.2_fixed_label\sa_1316937.jpg,5,5,4,1,0.47626155614852905,5,5,5,4,1,0,1,1,1
G:\Thesis\FACET_Dataset\Segmented_FACET_0.2_fixed_label\sa_672871.jpg,5,5,4,1,0.34583982825279236,4,4,4,3,1,1,0,1,1
G:\Thesis\FACET_Dataset\Segmented_FACET_0.2_fixed_label\sa_3434362.jpg,4,4,3,1,0.3591759204864502,4,4,4,3,1,0,1,1,1
G:\Thesis\FACET_Dataset\Segmented_FACET_0.2_fixed_label\sa_1115411.jpg,2,2,1,0,0.2788839340209961,4,4,4,3,1,2,0,0,0
G:\Thesis\FACET_Dataset\Segmented_FACET_0.2_fixed_label\sa_5690114.jpg,4,4,3,1,0.41394922137260437,5,5,5,4,1,1,0,1,1
G:\Thesis\FACET_Dataset\Segmented_FACET_0.2_fixed_label\sa_4612919.jpg,4,4,3,1,0.32499849796295166,4,4,4,3,1,0,1,1,1
G:\Thesis\FACET_Dataset\Segmented_FACET_0.2_fixed_label\sa_8075696.jpg,1,1,0,0,0.35739216208457947,4,4,4,3,1,3,0,0,0
G:\Thesis\FACET_Dataset\Segmented_FACET_0.2_fixed_label\sa_5961197.jpg,4,4,3,1,0.43107613921165466,5,5,5,4,1,1,0,1,1
G:\Thesis\FACET_Dataset\Segmented_FACET_0.2_fixed_label\sa_6004743.jpg,3,3,2,0,0.28976696729660034,4,4,4,3,1,1,0,1,0
G:\Thesis\FACET_Dataset\Segmented_FACET_0.2_fixed_label\sa_5453598.jpg,4,4,3,1,0.2882745862007141,4,4,4,3,1,0,1,1,1
G:\Thesis\FACET_Dataset\Segmented_FACET_0.2_fixed_label\sa_1710488.jpg,2,2,1,0,0.3825238049030304,4,4,4,3,1,2,0,0,0
G:\Thesis\FACET_Dataset\Segmented_FACET_0.2_fixed_label\sa_5846110.jpg,3,3,2,0,0.2869962751865387,4,4,4,3,1,1,0,1,0
G:\Thesis\FACET_Dataset\Segmented_FACET_0.2_fixed_label\sa_9389226.jpg,3,3,2,0,0.5869207978248596,6,6,6,5,1,3,0,0,0
G:\Thesis\FACET_Dataset\Segmented_FACET_0.2_fixed_label\sa_9195129.jpg,3,3,2,0,0.4290461838245392,5,5,5,4,1,2,0,0,0
G:\Thesis\FACET_Dataset\Segmented_FACET_0.2_fixed_label\sa_10697571.jpg,5,5,4,1,0.44965100288391113,5,5,5,4,1,0,1,1,1
G:\Thesis\FACET_Dataset\Segmented_FACET_0.2_fixed_label\sa_804458.jpg,4,4,3,1,0.5744934678077698,6,6,6,5,1,2,0,0,1
G:\Thesis\FACET_Dataset\Segmented_FACET_0.2_fixed_label\sa_1535685.jpg,3,3,2,0,0.36776402592658997,4,4,4,3,1,1,0,1,0
G:\Thesis\FACET_Dataset\Segmented_FACET_0.2_fixed_label\sa_3257498.jpg,5,5,4,1,0.5922221541404724,6,6,6,5,1,1,0,1,1
G:\Thesis\FACET_Dataset\Segmented_FACET_0.2_fixed_label\sa_247280.jpg,4,4,3,1,0.3588530719280243,4,4,4,3,1,0,1,1,1
G:\Thesis\FACET_Dataset\Segmented_FACET_0.2_fixed_label\sa_2857909.jpg,3,3,2,0,0.31457045674324036,4,4,4,3,1,1,0,1,0
G:\Thesis\FACET_Dataset\Segmented_FACET_0.2_fixed_label\sa_9177167.jpg,3,3,2,0,0.48193439841270447,5,5,5,4,1,2,0,0,0
G:\Thesis\FACET_Dataset\Segmented_FACET_0.2_fixed_label\sa_5091001.jpg,4,4,3,1,0.3691423833370209,4,4,4,3,1,0,1,1,1
G:\Thesis\FACET_Dataset\Segmented_FACET_0.2_fixed_label\sa_1480212.jpg,6,6,5,1,0.46810781955718994,5,5,5,4,1,1,0,1,1
G:\Thesis\FACET_Dataset\Segmented_FACET_0.2_fixed_label\sa_978323.jpg,3,3,2,0,0.042314108461141586,1,1,1,0,0,2,0,0,1
G:\Thesis\FACET_Dataset\Segmented_FACET_0.2_fixed_label\sa_3918447.jpg,7,7,6,1,0.6781922578811646,7,7,7,6,1,0,1,1,1
G:\Thesis\FACET_Dataset\Segmented_FACET_0.2_fixed_label\sa_8855228.jpg,4,4,3,1,0.27702221274375916,3,3,3,2,0,1,0,1,0
G:\Thesis\FACET_Dataset\Segmented_FACET_0.2_fixed_label\sa_6685030.jpg,1,1,0,0,0.36114442348480225,4,4,4,3,1,3,0,0,0
G:\Thesis\FACET_Dataset\Segmented_FACET_0.2_fixed_label\sa_2110175.jpg,3,3,2,0,0.2682870626449585,3,3,3,2,0,0,1,1,1
G:\Thesis\FACET_Dataset\Segmented_FACET_0.2_fixed_label\sa_6189368.jpg,6,6,5,1,0.36029917001724243,4,4,4,3,1,2,0,0,1
G:\Thesis\FACET_Dataset\Segmented_FACET_0.2_fixed_label\sa_2052584.jpg,7,7,6,1,0.6217295527458191,7,7,7,6,1,0,1,1,1
G:\Thesis\FACET_Dataset\Segmented_FACET_0.2_fixed_label\sa_4582280.jpg,3,3,2,0,0.30374574661254883,4,4,4,3,1,1,0,1,0
G:\Thesis\FACET_Dataset\Segmented_FACET_0.2_fixed_label\sa_122128.jpg,2,2,1,0,0.23017515242099762,3,3,3,2,0,1,0,1,1
G:\Thesis\FACET_Dataset\Segmented_FACET_0.2_fixed_label\sa_8576130.jpg,6,6,5,1,0.49169737100601196,5,5,5,4,1,1,0,1,1
G:\Thesis\FACET_Dataset\Segmented_FACET_0.2_fixed_label\sa_7912660.jpg,5,5,4,1,0.35146403312683105,4,4,4,3,1,1,0,1,1
G:\Thesis\FACET_Dataset\Segmented_FACET_0.2_fixed_label\sa_4630686.jpg,5,5,4,1,0.412268728017807,5,5,5,4,1,0,1,1,1
G:\Thesis\FACET_Dataset\Segmented_FACET_0.2_fixed_label\sa_1978583.jpg,2,2,1,0,0.3960712254047394,5,5,5,4,1,3,0,0,0
G:\Thesis\FACET_Dataset\Segmented_FACET_0.2_fixed_label\sa_284097.jpg,3,3,2,0,0.42958441376686096,5,5,5,4,1,2,0,0,0
G:\Thesis\FACET_Dataset\Segmented_FACET_0.2_fixed_label\sa_11053641.jpg,6,6,5,1,0.47532230615615845,5,5,5,4,1,1,0,1,1
G:\Thesis\FACET_Dataset\Segmented_FACET_0.2_fixed_label\sa_4805863.jpg,4,4,3,1,0.19556866586208344,3,3,3,2,0,1,0,1,0
G:\Thesis\FACET_Dataset\Segmented_FACET_0.2_fixed_label\sa_113089.jpg,2,2,1,0,0.18182814121246338,3,3,3,2,0,1,0,1,1
G:\Thesis\FACET_Dataset\Segmented_FACET_0.2_fixed_label\sa_5100151.jpg,1,1,0,0,0.3260830044746399,4,4,4,3,1,3,0,0,0
G:\Thesis\FACET_Dataset\Segmented_FACET_0.2_fixed_label\sa_4107516.jpg,1,1,0,0,0.028776993975043297,1,1,1,0,0,0,1,1,1
G:\Thesis\FACET_Dataset\Segmented_FACET_0.2_fixed_label\sa_9382804.jpg,3,3,2,0,0.3756290376186371,4,4,4,3,1,1,0,1,0
G:\Thesis\FACET_Dataset\Segmented_FACET_0.2_fixed_label\sa_7484617.jpg,3,3,2,0,0.3220883905887604,4,4,4,3,1,1,0,1,0
G:\Thesis\FACET_Dataset\Segmented_FACET_0.2_fixed_label\sa_10915751.jpg,9,9,8,2,0.5750498175621033,6,6,6,5,1,3,0,0,0
G:\Thesis\FACET_Dataset\Segmented_FACET_0.2_fixed_label\sa_10582570.jpg,2,2,1,0,0.0968448594212532,2,2,2,1,0,0,1,1,1
G:\Thesis\FACET_Dataset\Segmented_FACET_0.2_fixed_label\sa_2799519.jpg,3,3,2,0,0.2189648449420929,3,3,3,2,0,0,1,1,1
G:\Thesis\FACET_Dataset\Segmented_FACET_0.2_fixed_label\sa_10173219.jpg,5,5,4,1,0.38701096177101135,4,4,4,3,1,1,0,1,1
G:\Thesis\FACET_Dataset\Segmented_FACET_0.2_fixed_label\sa_2233957.jpg,6,6,5,1,0.41672828793525696,5,5,5,4,1,1,0,1,1
G:\Thesis\FACET_Dataset\Segmented_FACET_0.2_fixed_label\sa_6753727.jpg,2,2,1,0,0.42233002185821533,5,5,5,4,1,3,0,0,0
G:\Thesis\FACET_Dataset\Segmented_FACET_0.2_fixed_label\sa_9744269.jpg,4,4,3,1,0.41176748275756836,5,5,5,4,1,1,0,1,1
G:\Thesis\FACET_Dataset\Segmented_FACET_0.2_fixed_label\sa_9822578.jpg,3,3,2,0,0.3484232425689697,4,4,4,3,1,1,0,1,0
G:\Thesis\FACET_Dataset\Segmented_FACET_0.2_fixed_label\sa_7969661.jpg,4,4,3,1,0.28544822335243225,4,4,4,3,1,0,1,1,1
G:\Thesis\FACET_Dataset\Segmented_FACET_0.2_fixed_label\sa_6240060.jpg,4,4,3,1,0.15578587353229523,2,2,2,1,0,2,0,0,0
G:\Thesis\FACET_Dataset\Segmented_FACET_0.2_fixed_label\sa_4674923.jpg,8,8,7,2,0.7130916714668274,7,7,7,6,1,1,0,1,0
G:\Thesis\FACET_Dataset\Segmented_FACET_0.2_fixed_label\sa_2212636.jpg,5,5,4,1,0.34387314319610596,4,4,4,3,1,1,0,1,1
G:\Thesis\FACET_Dataset\Segmented_FACET_0.2_fixed_label\sa_5695505.jpg,2,2,1,0,0.2246418446302414,3,3,3,2,0,1,0,1,1
G:\Thesis\FACET_Dataset\Segmented_FACET_0.2_fixed_label\sa_6926938.jpg,3,3,2,0,0.3787399232387543,4,4,4,3,1,1,0,1,0
G:\Thesis\FACET_Dataset\Segmented_FACET_0.2_fixed_label\sa_3856553.jpg,4,4,3,1,0.2843596339225769,4,4,4,3,1,0,1,1,1
G:\Thesis\FACET_Dataset\Segmented_FACET_0.2_fixed_label\sa_364774.jpg,5,5,4,1,0.41953611373901367,5,5,5,4,1,0,1,1,1
G:\Thesis\FACET_Dataset\Segmented_FACET_0.2_fixed_label\sa_10456335.jpg,6,6,5,1,0.435189425945282,5,5,5,4,1,1,0,1,1
G:\Thesis\FACET_Dataset\Segmented_FACET_0.2_fixed_label\sa_4811282.jpg,4,4,3,1,0.46525144577026367,5,5,5,4,1,1,0,1,1
G:\Thesis\FACET_Dataset\Segmented_FACET_0.2_fixed_label\sa_3411310.jpg,2,2,1,0,0.2740319073200226,3,3,3,2,0,1,0,1,1
G:\Thesis\FACET_Dataset\Segmented_FACET_0.2_fixed_label\sa_2288577.jpg,5,5,4,1,0.31768056750297546,4,4,4,3,1,1,0,1,1
G:\Thesis\FACET_Dataset\Segmented_FACET_0.2_fixed_label\sa_4086321.jpg,4,4,3,1,0.5297641158103943,6,6,6,5,1,2,0,0,1
G:\Thesis\FACET_Dataset\Segmented_FACET_0.2_fixed_label\sa_5733627.jpg,4,4,3,1,0.4475974440574646,5,5,5,4,1,1,0,1,1
G:\Thesis\FACET_Dataset\Segmented_FACET_0.2_fixed_label\sa_1987164.jpg,5,5,4,1,0.28656306862831116,4,4,4,3,1,1,0,1,1
G:\Thesis\FACET_Dataset\Segmented_FACET_0.2_fixed_label\sa_2649633.jpg,3,3,2,0,0.3927386999130249,5,5,5,4,1,2,0,0,0
G:\Thesis\FACET_Dataset\Segmented_FACET_0.2_fixed_label\sa_8683243.jpg,6,6,5,1,0.43780946731567383,5,5,5,4,1,1,0,1,1
G:\Thesis\FACET_Dataset\Segmented_FACET_0.2_fixed_label\sa_4878921.jpg,4,4,3,1,0.36110663414001465,4,4,4,3,1,0,1,1,1
G:\Thesis\FACET_Dataset\Segmented_FACET_0.2_fixed_label\sa_3554706.jpg,2,2,1,0,0.36891067028045654,4,4,4,3,1,2,0,0,0
G:\Thesis\FACET_Dataset\Segmented_FACET_0.2_fixed_label\sa_9755513.jpg,2,2,1,0,0.2821073532104492,4,4,4,3,1,2,0,0,0
G:\Thesis\FACET_Dataset\Segmented_FACET_0.2_fixed_label\sa_4388342.jpg,6,6,5,1,0.6794421672821045,7,7,7,6,1,1,0,1,1
G:\Thesis\FACET_Dataset\Segmented_FACET_0.2_fixed_label\sa_896542.jpg,6,6,5,1,0.4912206828594208,5,5,5,4,1,1,0,1,1
G:\Thesis\FACET_Dataset\Segmented_FACET_0.2_fixed_label\sa_4185185.jpg,3,3,2,0,0.32055944204330444,4,4,4,3,1,1,0,1,0
G:\Thesis\FACET_Dataset\Segmented_FACET_0.2_fixed_label\sa_2784473.jpg,3,3,2,0,0.28824982047080994,4,4,4,3,1,1,0,1,0
G:\Thesis\FACET_Dataset\Segmented_FACET_0.2_fixed_label\sa_753963.jpg,3,3,2,0,0.3613160252571106,4,4,4,3,1,1,0,1,0
G:\Thesis\FACET_Dataset\Segmented_FACET_0.2_fixed_label\sa_5553191.jpg,2,2,1,0,0.24199847877025604,3,3,3,2,0,1,0,1,1
G:\Thesis\FACET_Dataset\Segmented_FACET_0.2_fixed_label\sa_5976402.jpg,3,3,2,0,0.41920050978660583,5,5,5,4,1,2,0,0,0
G:\Thesis\FACET_Dataset\Segmented_FACET_0.2_fixed_label\sa_5159556.jpg,4,4,3,1,0.5602096319198608,6,6,6,5,1,2,0,0,1
G:\Thesis\FACET_Dataset\Segmented_FACET_0.2_fixed_label\sa_5067573.jpg,2,2,1,0,0.22888335585594177,3,3,3,2,0,1,0,1,1
G:\Thesis\FACET_Dataset\Segmented_FACET_0.2_fixed_label\sa_6788791.jpg,4,4,3,1,0.42774122953414917,5,5,5,4,1,1,0,1,1
G:\Thesis\FACET_Dataset\Segmented_FACET_0.2_fixed_label\sa_6071782.jpg,4,4,3,1,0.23381346464157104,3,3,3,2,0,1,0,1,0
G:\Thesis\FACET_Dataset\Segmented_FACET_0.2_fixed_label\sa_4455432.jpg,7,7,6,1,0.8282802104949951,8,8,8,7,2,1,0,1,0
G:\Thesis\FACET_Dataset\Segmented_FACET_0.2_fixed_label\sa_6761839.jpg,3,3,2,0,0.42996689677238464,5,5,5,4,1,2,0,0,0
G:\Thesis\FACET_Dataset\Segmented_FACET_0.2_fixed_label\sa_10695373.jpg,6,6,5,1,0.5157454013824463,6,6,6,5,1,0,1,1,1
G:\Thesis\FACET_Dataset\Segmented_FACET_0.2_fixed_label\sa_5564154.jpg,5,5,4,1,0.27372124791145325,3,3,3,2,0,2,0,0,0
G:\Thesis\FACET_Dataset\Segmented_FACET_0.2_fixed_label\sa_1144511.jpg,2,2,1,0,0.4257885813713074,5,5,5,4,1,3,0,0,0
G:\Thesis\FACET_Dataset\Segmented_FACET_0.2_fixed_label\sa_3281135.jpg,4,4,3,1,0.31279969215393066,4,4,4,3,1,0,1,1,1
G:\Thesis\FACET_Dataset\Segmented_FACET_0.2_fixed_label\sa_11061925.jpg,6,6,5,1,0.3881669342517853,4,4,4,3,1,2,0,0,1
G:\Thesis\FACET_Dataset\Segmented_FACET_0.2_fixed_label\sa_10384128.jpg,2,2,1,0,0.4995070695877075,5,5,5,4,1,3,0,0,0
G:\Thesis\FACET_Dataset\Segmented_FACET_0.2_fixed_label\sa_1297854.jpg,4,4,3,1,0.26424479484558105,3,3,3,2,0,1,0,1,0
G:\Thesis\FACET_Dataset\Segmented_FACET_0.2_fixed_label\sa_4199584.jpg,2,2,1,0,0.47477614879608154,5,5,5,4,1,3,0,0,0
G:\Thesis\FACET_Dataset\Segmented_FACET_0.2_fixed_label\sa_8179971.jpg,7,7,6,1,0.5399519205093384,6,6,6,5,1,1,0,1,1
G:\Thesis\FACET_Dataset\Segmented_FACET_0.2_fixed_label\sa_4068101.jpg,3,3,2,0,0.374490350484848,4,4,4,3,1,1,0,1,0
G:\Thesis\FACET_Dataset\Segmented_FACET_0.2_fixed_label\sa_2058617.jpg,3,3,2,0,0.22790582478046417,3,3,3,2,0,0,1,1,1
G:\Thesis\FACET_Dataset\Segmented_FACET_0.2_fixed_label\sa_155230.jpg,2,2,1,0,0.3595665991306305,4,4,4,3,1,2,0,0,0
G:\Thesis\FACET_Dataset\Segmented_FACET_0.2_fixed_label\sa_10181591.jpg,2,2,1,0,0.2695022523403168,3,3,3,2,0,1,0,1,1
G:\Thesis\FACET_Dataset\Segmented_FACET_0.2_fixed_label\sa_8677687.jpg,3,3,2,0,0.17282038927078247,3,3,3,2,0,0,1,1,1
G:\Thesis\FACET_Dataset\Segmented_FACET_0.2_fixed_label\sa_1950587.jpg,6,6,5,1,0.42712321877479553,5,5,5,4,1,1,0,1,1
G:\Thesis\FACET_Dataset\Segmented_FACET_0.2_fixed_label\sa_6286495.jpg,2,2,1,0,0.2030602991580963,3,3,3,2,0,1,0,1,1
G:\Thesis\FACET_Dataset\Segmented_FACET_0.2_fixed_label\sa_341686.jpg,4,4,3,1,0.27198514342308044,3,3,3,2,0,1,0,1,0
G:\Thesis\FACET_Dataset\Segmented_FACET_0.2_fixed_label\sa_1071665.jpg,3,3,2,0,0.27283403277397156,3,3,3,2,0,0,1,1,1
G:\Thesis\FACET_Dataset\Segmented_FACET_0.2_fixed_label\sa_4101522.jpg,6,6,5,1,0.4842497408390045,5,5,5,4,1,1,0,1,1
G:\Thesis\FACET_Dataset\Segmented_FACET_0.2_fixed_label\sa_1671319.jpg,3,3,2,0,0.16220292448997498,2,2,2,1,0,1,0,1,1
G:\Thesis\FACET_Dataset\Segmented_FACET_0.2_fixed_label\sa_3088315.jpg,4,4,3,1,0.37902703881263733,4,4,4,3,1,0,1,1,1
G:\Thesis\FACET_Dataset\Segmented_FACET_0.2_fixed_label\sa_2773879.jpg,3,3,2,0,0.32514575123786926,4,4,4,3,1,1,0,1,0
G:\Thesis\FACET_Dataset\Segmented_FACET_0.2_fixed_label\sa_125944.jpg,3,3,2,0,0.34596624970436096,4,4,4,3,1,1,0,1,0
G:\Thesis\FACET_Dataset\Segmented_FACET_0.2_fixed_label\sa_4209015.jpg,2,2,1,0,0.21430669724941254,3,3,3,2,0,1,0,1,1
G:\Thesis\FACET_Dataset\Segmented_FACET_0.2_fixed_label\sa_10375379.jpg,2,2,1,0,0.46691402792930603,5,5,5,4,1,3,0,0,0
G:\Thesis\FACET_Dataset\Segmented_FACET_0.2_fixed_label\sa_8915983.jpg,2,2,1,0,0.38640516996383667,4,4,4,3,1,2,0,0,0
G:\Thesis\FACET_Dataset\Segmented_FACET_0.2_fixed_label\sa_2219379.jpg,3,3,2,0,0.1957787126302719,3,3,3,2,0,0,1,1,1
G:\Thesis\FACET_Dataset\Segmented_FACET_0.2_fixed_label\sa_4596362.jpg,3,3,2,0,0.09678598493337631,2,2,2,1,0,1,0,1,1
G:\Thesis\FACET_Dataset\Segmented_FACET_0.2_fixed_label\sa_5922100.jpg,2,2,1,0,0.3369837999343872,4,4,4,3,1,2,0,0,0
G:\Thesis\FACET_Dataset\Segmented_FACET_0.2_fixed_label\sa_5603229.jpg,4,4,3,1,0.15570661425590515,2,2,2,1,0,2,0,0,0
G:\Thesis\FACET_Dataset\Segmented_FACET_0.2_fixed_label\sa_11092989.jpg,4,4,3,1,0.08520115911960602,2,2,2,1,0,2,0,0,0
G:\Thesis\FACET_Dataset\Segmented_FACET_0.2_fixed_label\sa_752592.jpg,3,3,2,0,0.24401065707206726,3,3,3,2,0,0,1,1,1
G:\Thesis\FACET_Dataset\Segmented_FACET_0.2_fixed_label\sa_5678360.jpg,2,2,1,0,0.19237302243709564,3,3,3,2,0,1,0,1,1
G:\Thesis\FACET_Dataset\Segmented_FACET_0.2_fixed_label\sa_10151811.jpg,3,3,2,0,0.22995463013648987,3,3,3,2,0,0,1,1,1
G:\Thesis\FACET_Dataset\Segmented_FACET_0.2_fixed_label\sa_2831967.jpg,3,3,2,0,0.6773683428764343,7,7,7,6,1,4,0,0,0
G:\Thesis\FACET_Dataset\Segmented_FACET_0.2_fixed_label\sa_6777949.jpg,4,4,3,1,0.327877014875412,4,4,4,3,1,0,1,1,1
G:\Thesis\FACET_Dataset\Segmented_FACET_0.2_fixed_label\sa_3097315.jpg,3,3,2,0,0.2203376144170761,3,3,3,2,0,0,1,1,1
G:\Thesis\FACET_Dataset\Segmented_FACET_0.2_fixed_label\sa_8492689.jpg,6,6,5,1,0.523489773273468,6,6,6,5,1,0,1,1,1
G:\Thesis\FACET_Dataset\Segmented_FACET_0.2_fixed_label\sa_7201095.jpg,2,2,1,0,0.1793173998594284,3,3,3,2,0,1,0,1,1
G:\Thesis\FACET_Dataset\Segmented_FACET_0.2_fixed_label\sa_1780912.jpg,6,6,5,1,0.3459734618663788,4,4,4,3,1,2,0,0,1
G:\Thesis\FACET_Dataset\Segmented_FACET_0.2_fixed_label\sa_7747475.jpg,2,2,1,0,0.06190836429595947,2,2,2,1,0,0,1,1,1
G:\Thesis\FACET_Dataset\Segmented_FACET_0.2_fixed_label\sa_4313887.jpg,5,5,4,1,0.5147279500961304,6,6,6,5,1,1,0,1,1
G:\Thesis\FACET_Dataset\Segmented_FACET_0.2_fixed_label\sa_10229266.jpg,4,4,3,1,0.35124722123146057,4,4,4,3,1,0,1,1,1
G:\Thesis\FACET_Dataset\Segmented_FACET_0.2_fixed_label\sa_2800960.jpg,3,3,2,0,0.1937093883752823,3,3,3,2,0,0,1,1,1
G:\Thesis\FACET_Dataset\Segmented_FACET_0.2_fixed_label\sa_6370604.jpg,2,2,1,0,0.18434172868728638,3,3,3,2,0,1,0,1,1
G:\Thesis\FACET_Dataset\Segmented_FACET_0.2_fixed_label\sa_1736638.jpg,3,3,2,0,0.33256685733795166,4,4,4,3,1,1,0,1,0
G:\Thesis\FACET_Dataset\Segmented_FACET_0.2_fixed_label\sa_8814832.jpg,5,5,4,1,0.5261765718460083,6,6,6,5,1,1,0,1,1
G:\Thesis\FACET_Dataset\Segmented_FACET_0.2_fixed_label\sa_5812567.jpg,2,2,1,0,0.3514631986618042,4,4,4,3,1,2,0,0,0
G:\Thesis\FACET_Dataset\Segmented_FACET_0.2_fixed_label\sa_8331923.jpg,3,3,2,0,0.319669634103775,4,4,4,3,1,1,0,1,0
G:\Thesis\FACET_Dataset\Segmented_FACET_0.2_fixed_label\sa_3789797.jpg,6,6,5,1,0.6551602482795715,7,7,7,6,1,1,0,1,1
G:\Thesis\FACET_Dataset\Segmented_FACET_0.2_fixed_label\sa_6741861.jpg,2,2,1,0,0.483593612909317,5,5,5,4,1,3,0,0,0
G:\Thesis\FACET_Dataset\Segmented_FACET_0.2_fixed_label\sa_7391705.jpg,1,1,0,0,0.2597384750843048,3,3,3,2,0,2,0,0,1
G:\Thesis\FACET_Dataset\Segmented_FACET_0.2_fixed_label\sa_2068797.jpg,2,2,1,0,0.21839100122451782,3,3,3,2,0,1,0,1,1
G:\Thesis\FACET_Dataset\Segmented_FACET_0.2_fixed_label\sa_6045725.jpg,6,6,5,1,0.5338123440742493,6,6,6,5,1,0,1,1,1
G:\Thesis\FACET_Dataset\Segmented_FACET_0.2_fixed_label\sa_8252861.jpg,3,3,2,0,0.28964442014694214,4,4,4,3,1,1,0,1,0
G:\Thesis\FACET_Dataset\Segmented_FACET_0.2_fixed_label\sa_8128966.jpg,2,2,1,0,0.14984819293022156,2,2,2,1,0,0,1,1,1
G:\Thesis\FACET_Dataset\Segmented_FACET_0.2_fixed_label\sa_9898095.jpg,3,3,2,0,0.19959400594234467,3,3,3,2,0,0,1,1,1
G:\Thesis\FACET_Dataset\Segmented_FACET_0.2_fixed_label\sa_359136.jpg,3,3,2,0,0.32250913977622986,4,4,4,3,1,1,0,1,0
G:\Thesis\FACET_Dataset\Segmented_FACET_0.2_fixed_label\sa_5963197.jpg,2,2,1,0,0.22245587408542633,3,3,3,2,0,1,0,1,1
G:\Thesis\FACET_Dataset\Segmented_FACET_0.2_fixed_label\sa_10900054.jpg,5,5,4,1,0.36870846152305603,4,4,4,3,1,1,0,1,1
G:\Thesis\FACET_Dataset\Segmented_FACET_0.2_fixed_label\sa_5085852.jpg,5,5,4,1,0.2520309388637543,3,3,3,2,0,2,0,0,0
G:\Thesis\FACET_Dataset\Segmented_FACET_0.2_fixed_label\sa_7244016.jpg,2,2,1,0,0.23865839838981628,3,3,3,2,0,1,0,1,1
G:\Thesis\FACET_Dataset\Segmented_FACET_0.2_fixed_label\sa_2215123.jpg,2,2,1,0,0.2729029357433319,3,3,3,2,0,1,0,1,1
G:\Thesis\FACET_Dataset\Segmented_FACET_0.2_fixed_label\sa_9062228.jpg,4,4,3,1,0.37806475162506104,4,4,4,3,1,0,1,1,1
G:\Thesis\FACET_Dataset\Segmented_FACET_0.2_fixed_label\sa_4871209.jpg,4,4,3,1,0.2952228784561157,4,4,4,3,1,0,1,1,1
G:\Thesis\FACET_Dataset\Segmented_FACET_0.2_fixed_label\sa_8140139.jpg,6,6,5,1,0.6013513207435608,6,6,6,5,1,0,1,1,1
G:\Thesis\FACET_Dataset\Segmented_FACET_0.2_fixed_label\sa_5651632.jpg,6,6,5,1,0.4589534103870392,5,5,5,4,1,1,0,1,1
G:\Thesis\FACET_Dataset\Segmented_FACET_0.2_fixed_label\sa_10189697.jpg,7,7,6,1,0.7747592926025391,8,8,8,7,2,1,0,1,0
G:\Thesis\FACET_Dataset\Segmented_FACET_0.2_fixed_label\sa_5633505.jpg,3,3,2,0,0.30601879954338074,4,4,4,3,1,1,0,1,0
G:\Thesis\FACET_Dataset\Segmented_FACET_0.2_fixed_label\sa_11074209.jpg,2,2,1,0,0.5165253281593323,6,6,6,5,1,4,0,0,0
G:\Thesis\FACET_Dataset\Segmented_FACET_0.2_fixed_label\sa_2583896.jpg,6,6,5,1,0.583620548248291,6,6,6,5,1,0,1,1,1
G:\Thesis\FACET_Dataset\Segmented_FACET_0.2_fixed_label\sa_5980863.jpg,3,3,2,0,0.22055596113204956,3,3,3,2,0,0,1,1,1
G:\Thesis\FACET_Dataset\Segmented_FACET_0.2_fixed_label\sa_6275110.jpg,9,9,8,2,0.485527366399765,5,5,5,4,1,4,0,0,0
G:\Thesis\FACET_Dataset\Segmented_FACET_0.2_fixed_label\sa_3099654.jpg,4,4,3,1,0.1600496768951416,2,2,2,1,0,2,0,0,0
G:\Thesis\FACET_Dataset\Segmented_FACET_0.2_fixed_label\sa_9336068.jpg,2,2,1,0,0.16174790263175964,2,2,2,1,0,0,1,1,1
G:\Thesis\FACET_Dataset\Segmented_FACET_0.2_fixed_label\sa_9014482.jpg,2,2,1,0,0.4555870592594147,5,5,5,4,1,3,0,0,0
G:\Thesis\FACET_Dataset\Segmented_FACET_0.2_fixed_label\sa_4931458.jpg,4,4,3,1,0.503212034702301,6,6,6,5,1,2,0,0,1
G:\Thesis\FACET_Dataset\Segmented_FACET_0.2_fixed_label\sa_4335825.jpg,8,8,7,2,0.6314931511878967,7,7,7,6,1,1,0,1,0
G:\Thesis\FACET_Dataset\Segmented_FACET_0.2_fixed_label\sa_9383976.jpg,5,5,4,1,0.41859763860702515,5,5,5,4,1,0,1,1,1
G:\Thesis\FACET_Dataset\Segmented_FACET_0.2_fixed_label\sa_9054737.jpg,9,9,8,2,0.5051243305206299,6,6,6,5,1,3,0,0,0
G:\Thesis\FACET_Dataset\Segmented_FACET_0.2_fixed_label\sa_5234389.jpg,3,3,2,0,0.2431620955467224,3,3,3,2,0,0,1,1,1
G:\Thesis\FACET_Dataset\Segmented_FACET_0.2_fixed_label\sa_8295728.jpg,3,3,2,0,0.22513380646705627,3,3,3,2,0,0,1,1,1
G:\Thesis\FACET_Dataset\Segmented_FACET_0.2_fixed_label\sa_465720.jpg,3,3,2,0,0.18902184069156647,3,3,3,2,0,0,1,1,1
G:\Thesis\FACET_Dataset\Segmented_FACET_0.2_fixed_label\sa_8686739.jpg,2,2,1,0,0.020032111555337906,1,1,1,0,0,1,0,1,1
G:\Thesis\FACET_Dataset\Segmented_FACET_0.2_fixed_label\sa_7592849.jpg,2,2,1,0,0.3204551041126251,4,4,4,3,1,2,0,0,0
G:\Thesis\FACET_Dataset\Segmented_FACET_0.2_fixed_label\sa_2843814.jpg,3,3,2,0,0.4596184194087982,5,5,5,4,1,2,0,0,0
G:\Thesis\FACET_Dataset\Segmented_FACET_0.2_fixed_label\sa_7831773.jpg,7,7,6,1,0.466341108083725,5,5,5,4,1,2,0,0,1
G:\Thesis\FACET_Dataset\Segmented_FACET_0.2_fixed_label\sa_6207771.jpg,2,2,1,0,0.09995634108781815,2,2,2,1,0,0,1,1,1
G:\Thesis\FACET_Dataset\Segmented_FACET_0.2_fixed_label\sa_10181054.jpg,8,8,7,2,0.7730369567871094,8,8,8,7,2,0,1,1,1
G:\Thesis\FACET_Dataset\Segmented_FACET_0.2_fixed_label\sa_9668155.jpg,2,2,1,0,0.7326575517654419,8,8,8,7,2,6,0,0,0
G:\Thesis\FACET_Dataset\Segmented_FACET_0.2_fixed_label\sa_7168838.jpg,4,4,3,1,0.3790675103664398,4,4,4,3,1,0,1,1,1
G:\Thesis\FACET_Dataset\Segmented_FACET_0.2_fixed_label\sa_8017438.jpg,3,3,2,0,0.2804432511329651,4,4,4,3,1,1,0,1,0
G:\Thesis\FACET_Dataset\Segmented_FACET_0.2_fixed_label\sa_6286621.jpg,4,4,3,1,0.43817242980003357,5,5,5,4,1,1,0,1,1
G:\Thesis\FACET_Dataset\Segmented_FACET_0.2_fixed_label\sa_853761.jpg,6,6,5,1,0.3725565969944,4,4,4,3,1,2,0,0,1
G:\Thesis\FACET_Dataset\Segmented_FACET_0.2_fixed_label\sa_10885813.jpg,2,2,1,0,0.46259719133377075,5,5,5,4,1,3,0,0,0
G:\Thesis\FACET_Dataset\Segmented_FACET_0.2_fixed_label\sa_4686189.jpg,4,4,3,1,0.4569537937641144,5,5,5,4,1,1,0,1,1
G:\Thesis\FACET_Dataset\Segmented_FACET_0.2_fixed_label\sa_4708099.jpg,2,2,1,0,0.30204764008522034,4,4,4,3,1,2,0,0,0
G:\Thesis\FACET_Dataset\Segmented_FACET_0.2_fixed_label\sa_3499675.jpg,3,3,2,0,0.3310886323451996,4,4,4,3,1,1,0,1,0
G:\Thesis\FACET_Dataset\Segmented_FACET_0.2_fixed_label\sa_7063556.jpg,4,4,3,1,0.5911309719085693,6,6,6,5,1,2,0,0,1
G:\Thesis\FACET_Dataset\Segmented_FACET_0.2_fixed_label\sa_6004743.jpg,7,7,6,1,0.28976696729660034,4,4,4,3,1,3,0,0,1
G:\Thesis\FACET_Dataset\Segmented_FACET_0.2_fixed_label\sa_1117468.jpg,9,9,8,2,0.3790756165981293,4,4,4,3,1,5,0,0,0
G:\Thesis\FACET_Dataset\Segmented_FACET_0.2_fixed_label\sa_10058268.jpg,2,2,1,0,0.28230172395706177,4,4,4,3,1,2,0,0,0
G:\Thesis\FACET_Dataset\Segmented_FACET_0.2_fixed_label\sa_3723351.jpg,4,4,3,1,0.3332798480987549,4,4,4,3,1,0,1,1,1
G:\Thesis\FACET_Dataset\Segmented_FACET_0.2_fixed_label\sa_2163692.jpg,2,2,1,0,0.16226044297218323,2,2,2,1,0,0,1,1,1
G:\Thesis\FACET_Dataset\Segmented_FACET_0.2_fixed_label\sa_10887048.jpg,5,5,4,1,0.47386860847473145,5,5,5,4,1,0,1,1,1
G:\Thesis\FACET_Dataset\Segmented_FACET_0.2_fixed_label\sa_10124048.jpg,5,5,4,1,0.22194579243659973,3,3,3,2,0,2,0,0,0
G:\Thesis\FACET_Dataset\Segmented_FACET_0.2_fixed_label\sa_57719.jpg,6,6,5,1,0.45860031247138977,5,5,5,4,1,1,0,1,1
G:\Thesis\FACET_Dataset\Segmented_FACET_0.2_fixed_label\sa_5941759.jpg,2,2,1,0,0.1433168351650238,2,2,2,1,0,0,1,1,1
G:\Thesis\FACET_Dataset\Segmented_FACET_0.2_fixed_label\sa_8178058.jpg,4,4,3,1,0.36342641711235046,4,4,4,3,1,0,1,1,1
G:\Thesis\FACET_Dataset\Segmented_FACET_0.2_fixed_label\sa_4568408.jpg,1,1,0,0,0.3053654134273529,4,4,4,3,1,3,0,0,0
G:\Thesis\FACET_Dataset\Segmented_FACET_0.2_fixed_label\sa_8759422.jpg,6,6,5,1,0.2075098752975464,3,3,3,2,0,3,0,0,0
G:\Thesis\FACET_Dataset\Segmented_FACET_0.2_fixed_label\sa_8576130.jpg,6,6,5,1,0.49169737100601196,5,5,5,4,1,1,0,1,1
G:\Thesis\FACET_Dataset\Segmented_FACET_0.2_fixed_label\sa_2751588.jpg,3,3,2,0,0.22515055537223816,3,3,3,2,0,0,1,1,1
G:\Thesis\FACET_Dataset\Segmented_FACET_0.2_fixed_label\sa_3463007.jpg,5,5,4,1,0.48557424545288086,5,5,5,4,1,0,1,1,1
G:\Thesis\FACET_Dataset\Segmented_FACET_0.2_fixed_label\sa_159399.jpg,1,1,0,0,0.2697094976902008,3,3,3,2,0,2,0,0,1
G:\Thesis\FACET_Dataset\Segmented_FACET_0.2_fixed_label\sa_9523370.jpg,6,6,5,1,0.5654057264328003,6,6,6,5,1,0,1,1,1
G:\Thesis\FACET_Dataset\Segmented_FACET_0.2_fixed_label\sa_8554933.jpg,4,4,3,1,0.3276873826980591,4,4,4,3,1,0,1,1,1
G:\Thesis\FACET_Dataset\Segmented_FACET_0.2_fixed_label\sa_4157147.jpg,3,3,2,0,0.7412728667259216,8,8,8,7,2,5,0,0,0
G:\Thesis\FACET_Dataset\Segmented_FACET_0.2_fixed_label\sa_9113704.jpg,7,7,6,1,0.5698084235191345,6,6,6,5,1,1,0,1,1
G:\Thesis\FACET_Dataset\Segmented_FACET_0.2_fixed_label\sa_573426.jpg,3,3,2,0,0.15402084589004517,2,2,2,1,0,1,0,1,1
G:\Thesis\FACET_Dataset\Segmented_FACET_0.2_fixed_label\sa_3776318.jpg,3,3,2,0,0.5105795860290527,6,6,6,5,1,3,0,0,0
G:\Thesis\FACET_Dataset\Segmented_FACET_0.2_fixed_label\sa_6286240.jpg,5,5,4,1,0.29043301939964294,4,4,4,3,1,1,0,1,1
G:\Thesis\FACET_Dataset\Segmented_FACET_0.2_fixed_label\sa_9588623.jpg,2,2,1,0,0.3356274962425232,4,4,4,3,1,2,0,0,0
G:\Thesis\FACET_Dataset\Segmented_FACET_0.2_fixed_label\sa_9327356.jpg,3,3,2,0,0.34478574991226196,4,4,4,3,1,1,0,1,0
G:\Thesis\FACET_Dataset\Segmented_FACET_0.2_fixed_label\sa_9501793.jpg,5,5,4,1,0.399478018283844,5,5,5,4,1,0,1,1,1
G:\Thesis\FACET_Dataset\Segmented_FACET_0.2_fixed_label\sa_5960784.jpg,3,3,2,0,0.3195863366127014,4,4,4,3,1,1,0,1,0
G:\Thesis\FACET_Dataset\Segmented_FACET_0.2_fixed_label\sa_2985350.jpg,3,3,2,0,0.5644777417182922,6,6,6,5,1,3,0,0,0
G:\Thesis\FACET_Dataset\Segmented_FACET_0.2_fixed_label\sa_2446740.jpg,6,6,5,1,0.45493847131729126,5,5,5,4,1,1,0,1,1
G:\Thesis\FACET_Dataset\Segmented_FACET_0.2_fixed_label\sa_5518827.jpg,4,4,3,1,0.6266123652458191,7,7,7,6,1,3,0,0,1
G:\Thesis\FACET_Dataset\Segmented_FACET_0.2_fixed_label\sa_9292471.jpg,9,9,8,2,0.45859476923942566,5,5,5,4,1,4,0,0,0
G:\Thesis\FACET_Dataset\Segmented_FACET_0.2_fixed_label\sa_3600328.jpg,3,3,2,0,0.2923634648323059,4,4,4,3,1,1,0,1,0
G:\Thesis\FACET_Dataset\Segmented_FACET_0.2_fixed_label\sa_1661550.jpg,5,5,4,1,0.30463355779647827,4,4,4,3,1,1,0,1,1
G:\Thesis\FACET_Dataset\Segmented_FACET_0.2_fixed_label\sa_5301054.jpg,5,5,4,1,0.41326847672462463,5,5,5,4,1,0,1,1,1
G:\Thesis\FACET_Dataset\Segmented_FACET_0.2_fixed_label\sa_6285910.jpg,3,3,2,0,0.27207720279693604,3,3,3,2,0,0,1,1,1
G:\Thesis\FACET_Dataset\Segmented_FACET_0.2_fixed_label\sa_9159113.jpg,1,1,0,0,0.31951022148132324,4,4,4,3,1,3,0,0,0
G:\Thesis\FACET_Dataset\Segmented_FACET_0.2_fixed_label\sa_10945785.jpg,4,4,3,1,0.36768943071365356,4,4,4,3,1,0,1,1,1
G:\Thesis\FACET_Dataset\Segmented_FACET_0.2_fixed_label\sa_3488835.jpg,4,4,3,1,0.5963644981384277,6,6,6,5,1,2,0,0,1
G:\Thesis\FACET_Dataset\Segmented_FACET_0.2_fixed_label\sa_719073.jpg,3,3,2,0,0.43603459000587463,5,5,5,4,1,2,0,0,0
G:\Thesis\FACET_Dataset\Segmented_FACET_0.2_fixed_label\sa_888831.jpg,1,1,0,0,0.18196648359298706,3,3,3,2,0,2,0,0,1
G:\Thesis\FACET_Dataset\Segmented_FACET_0.2_fixed_label\sa_4069391.jpg,6,6,5,1,0.5097389817237854,6,6,6,5,1,0,1,1,1
G:\Thesis\FACET_Dataset\Segmented_FACET_0.2_fixed_label\sa_9685500.jpg,4,4,3,1,0.28387749195098877,4,4,4,3,1,0,1,1,1
G:\Thesis\FACET_Dataset\Segmented_FACET_0.2_fixed_label\sa_4606917.jpg,2,2,1,0,0.3767656087875366,4,4,4,3,1,2,0,0,0
G:\Thesis\FACET_Dataset\Segmented_FACET_0.2_fixed_label\sa_10934428.jpg,4,4,3,1,0.2140817791223526,3,3,3,2,0,1,0,1,0
G:\Thesis\FACET_Dataset\Segmented_FACET_0.2_fixed_label\sa_6212263.jpg,8,8,7,2,0.752101719379425,8,8,8,7,2,0,1,1,1
G:\Thesis\FACET_Dataset\Segmented_FACET_0.2_fixed_label\sa_357215.jpg,4,4,3,1,0.24159930646419525,3,3,3,2,0,1,0,1,0
G:\Thesis\FACET_Dataset\Segmented_FACET_0.2_fixed_label\sa_6965046.jpg,2,2,1,0,0.1439356505870819,2,2,2,1,0,0,1,1,1
G:\Thesis\FACET_Dataset\Segmented_FACET_0.2_fixed_label\sa_3385159.jpg,6,6,5,1,0.5450126528739929,6,6,6,5,1,0,1,1,1
G:\Thesis\FACET_Dataset\Segmented_FACET_0.2_fixed_label\sa_8485093.jpg,2,2,1,0,0.569320797920227,6,6,6,5,1,4,0,0,0
G:\Thesis\FACET_Dataset\Segmented_FACET_0.2_fixed_label\sa_3236557.jpg,2,2,1,0,0.2677161693572998,3,3,3,2,0,1,0,1,1
G:\Thesis\FACET_Dataset\Segmented_FACET_0.2_fixed_label\sa_851188.jpg,3,3,2,0,0.292108416557312,4,4,4,3,1,1,0,1,0
G:\Thesis\FACET_Dataset\Segmented_FACET_0.2_fixed_label\sa_8391678.jpg,2,2,1,0,0.1674964278936386,3,3,3,2,0,1,0,1,1
G:\Thesis\FACET_Dataset\Segmented_FACET_0.2_fixed_label\sa_1313425.jpg,4,4,3,1,0.211746484041214,3,3,3,2,0,1,0,1,0
G:\Thesis\FACET_Dataset\Segmented_FACET_0.2_fixed_label\sa_2589434.jpg,2,2,1,0,0.2917337417602539,4,4,4,3,1,2,0,0,0
G:\Thesis\FACET_Dataset\Segmented_FACET_0.2_fixed_label\sa_9831256.jpg,2,2,1,0,0.2626880705356598,3,3,3,2,0,1,0,1,1
G:\Thesis\FACET_Dataset\Segmented_FACET_0.2_fixed_label\sa_1571272.jpg,5,5,4,1,0.5061943531036377,6,6,6,5,1,1,0,1,1
G:\Thesis\FACET_Dataset\Segmented_FACET_0.2_fixed_label\sa_1417633.jpg,4,4,3,1,0.3169427812099457,4,4,4,3,1,0,1,1,1
G:\Thesis\FACET_Dataset\Segmented_FACET_0.2_fixed_label\sa_5932520.jpg,6,6,5,1,0.5869020223617554,6,6,6,5,1,0,1,1,1
G:\Thesis\FACET_Dataset\Segmented_FACET_0.2_fixed_label\sa_8650743.jpg,4,4,3,1,0.28627049922943115,4,4,4,3,1,0,1,1,1
G:\Thesis\FACET_Dataset\Segmented_FACET_0.2_fixed_label\sa_9336068.jpg,2,2,1,0,0.16174790263175964,2,2,2,1,0,0,1,1,1
G:\Thesis\FACET_Dataset\Segmented_FACET_0.2_fixed_label\sa_10626431.jpg,4,4,3,1,0.27862775325775146,4,4,4,3,1,0,1,1,1
G:\Thesis\FACET_Dataset\Segmented_FACET_0.2_fixed_label\sa_651791.jpg,2,2,1,0,0.36111539602279663,4,4,4,3,1,2,0,0,0
G:\Thesis\FACET_Dataset\Segmented_FACET_0.2_fixed_label\sa_4497947.jpg,2,2,1,0,0.181648388504982,3,3,3,2,0,1,0,1,1
G:\Thesis\FACET_Dataset\Segmented_FACET_0.2_fixed_label\sa_2939623.jpg,6,6,5,1,0.5763253569602966,6,6,6,5,1,0,1,1,1
G:\Thesis\FACET_Dataset\Segmented_FACET_0.2_fixed_label\sa_7663575.jpg,2,2,1,0,0.12800566852092743,2,2,2,1,0,0,1,1,1
G:\Thesis\FACET_Dataset\Segmented_FACET_0.2_fixed_label\sa_6098534.jpg,4,4,3,1,0.6327117085456848,7,7,7,6,1,3,0,0,1
G:\Thesis\FACET_Dataset\Segmented_FACET_0.2_fixed_label\sa_7512346.jpg,3,3,2,0,0.28541573882102966,4,4,4,3,1,1,0,1,0
G:\Thesis\FACET_Dataset\Segmented_FACET_0.2_fixed_label\sa_3665560.jpg,4,4,3,1,0.5153358578681946,6,6,6,5,1,2,0,0,1
G:\Thesis\FACET_Dataset\Segmented_FACET_0.2_fixed_label\sa_6957516.jpg,3,3,2,0,0.36604204773902893,4,4,4,3,1,1,0,1,0
G:\Thesis\FACET_Dataset\Segmented_FACET_0.2_fixed_label\sa_2730841.jpg,4,4,3,1,0.30252113938331604,4,4,4,3,1,0,1,1,1
G:\Thesis\FACET_Dataset\Segmented_FACET_0.2_fixed_label\sa_8671362.jpg,2,2,1,0,0.28741908073425293,4,4,4,3,1,2,0,0,0
G:\Thesis\FACET_Dataset\Segmented_FACET_0.2_fixed_label\sa_5217983.jpg,6,6,5,1,0.5112605094909668,6,6,6,5,1,0,1,1,1
G:\Thesis\FACET_Dataset\Segmented_FACET_0.2_fixed_label\sa_897931.jpg,6,6,5,1,0.5294080972671509,6,6,6,5,1,0,1,1,1
G:\Thesis\FACET_Dataset\Segmented_FACET_0.2_fixed_label\sa_1377794.jpg,5,5,4,1,0.36032581329345703,4,4,4,3,1,1,0,1,1
G:\Thesis\FACET_Dataset\Segmented_FACET_0.2_fixed_label\sa_3385159.jpg,4,4,3,1,0.5450126528739929,6,6,6,5,1,2,0,0,1
G:\Thesis\FACET_Dataset\Segmented_FACET_0.2_fixed_label\sa_8293466.jpg,3,3,2,0,0.63995760679245,7,7,7,6,1,4,0,0,0
G:\Thesis\FACET_Dataset\Segmented_FACET_0.2_fixed_label\sa_7374791.jpg,2,2,1,0,0.36654025316238403,4,4,4,3,1,2,0,0,0
G:\Thesis\FACET_Dataset\Segmented_FACET_0.2_fixed_label\sa_8576130.jpg,6,6,5,1,0.49169737100601196,5,5,5,4,1,1,0,1,1
G:\Thesis\FACET_Dataset\Segmented_FACET_0.2_fixed_label\sa_3406079.jpg,2,2,1,0,0.3454829454421997,4,4,4,3,1,2,0,0,0
G:\Thesis\FACET_Dataset\Segmented_FACET_0.2_fixed_label\sa_10049145.jpg,5,5,4,1,0.3382270932197571,4,4,4,3,1,1,0,1,1
G:\Thesis\FACET_Dataset\Segmented_FACET_0.2_fixed_label\sa_4092765.jpg,5,5,4,1,0.5989900827407837,6,6,6,5,1,1,0,1,1
G:\Thesis\FACET_Dataset\Segmented_FACET_0.2_fixed_label\sa_4208980.jpg,4,4,3,1,0.26832377910614014,3,3,3,2,0,1,0,1,0
G:\Thesis\FACET_Dataset\Segmented_FACET_0.2_fixed_label\sa_7587282.jpg,1,1,0,0,0.34569811820983887,4,4,4,3,1,3,0,0,0
G:\Thesis\FACET_Dataset\Segmented_FACET_0.2_fixed_label\sa_1195022.jpg,7,7,6,1,0.5222213864326477,6,6,6,5,1,1,0,1,1
G:\Thesis\FACET_Dataset\Segmented_FACET_0.2_fixed_label\sa_10040081.jpg,5,5,4,1,0.599632740020752,6,6,6,5,1,1,0,1,1
G:\Thesis\FACET_Dataset\Segmented_FACET_0.2_fixed_label\sa_5525740.jpg,2,2,1,0,0.4765018820762634,5,5,5,4,1,3,0,0,0
G:\Thesis\FACET_Dataset\Segmented_FACET_0.2_fixed_label\sa_8006874.jpg,5,5,4,1,0.4212626516819,5,5,5,4,1,0,1,1,1
G:\Thesis\FACET_Dataset\Segmented_FACET_0.2_fixed_label\sa_2382829.jpg,6,6,5,1,0.3935798704624176,5,5,5,4,1,1,0,1,1
G:\Thesis\FACET_Dataset\Segmented_FACET_0.2_fixed_label\sa_2520161.jpg,3,3,2,0,0.4050992727279663,5,5,5,4,1,2,0,0,0
G:\Thesis\FACET_Dataset\Segmented_FACET_0.2_fixed_label\sa_1594528.jpg,2,2,1,0,0.170951709151268,3,3,3,2,0,1,0,1,1
G:\Thesis\FACET_Dataset\Segmented_FACET_0.2_fixed_label\sa_5983742.jpg,2,2,1,0,0.31120237708091736,4,4,4,3,1,2,0,0,0
G:\Thesis\FACET_Dataset\Segmented_FACET_0.2_fixed_label\sa_1000194.jpg,3,3,2,0,0.15091103315353394,2,2,2,1,0,1,0,1,1
G:\Thesis\FACET_Dataset\Segmented_FACET_0.2_fixed_label\sa_3836687.jpg,7,7,6,1,0.7109782695770264,7,7,7,6,1,0,1,1,1
G:\Thesis\FACET_Dataset\Segmented_FACET_0.2_fixed_label\sa_1489113.jpg,5,5,4,1,0.39116328954696655,5,5,5,4,1,0,1,1,1
G:\Thesis\FACET_Dataset\Segmented_FACET_0.2_fixed_label\sa_10369497.jpg,6,6,5,1,0.6342192888259888,7,7,7,6,1,1,0,1,1
G:\Thesis\FACET_Dataset\Segmented_FACET_0.2_fixed_label\sa_4708740.jpg,4,4,3,1,0.41005054116249084,5,5,5,4,1,1,0,1,1
G:\Thesis\FACET_Dataset\Segmented_FACET_0.2_fixed_label\sa_9458625.jpg,2,2,1,0,0.2672039866447449,3,3,3,2,0,1,0,1,1
G:\Thesis\FACET_Dataset\Segmented_FACET_0.2_fixed_label\sa_793856.jpg,3,3,2,0,0.19070972502231598,3,3,3,2,0,0,1,1,1
G:\Thesis\FACET_Dataset\Segmented_FACET_0.2_fixed_label\sa_10405346.jpg,2,2,1,0,0.24336442351341248,3,3,3,2,0,1,0,1,1
G:\Thesis\FACET_Dataset\Segmented_FACET_0.2_fixed_label\sa_2021746.jpg,7,7,6,1,0.5556543469429016,6,6,6,5,1,1,0,1,1
G:\Thesis\FACET_Dataset\Segmented_FACET_0.2_fixed_label\sa_6327176.jpg,4,4,3,1,0.3764641582965851,4,4,4,3,1,0,1,1,1
G:\Thesis\FACET_Dataset\Segmented_FACET_0.2_fixed_label\sa_9327356.jpg,5,5,4,1,0.34478574991226196,4,4,4,3,1,1,0,1,1
G:\Thesis\FACET_Dataset\Segmented_FACET_0.2_fixed_label\sa_3359718.jpg,6,6,5,1,0.3578053414821625,4,4,4,3,1,2,0,0,1
G:\Thesis\FACET_Dataset\Segmented_FACET_0.2_fixed_label\sa_1754024.jpg,2,2,1,0,0.21000614762306213,3,3,3,2,0,1,0,1,1
G:\Thesis\FACET_Dataset\Segmented_FACET_0.2_fixed_label\sa_3077697.jpg,2,2,1,0,0.3287227153778076,4,4,4,3,1,2,0,0,0
G:\Thesis\FACET_Dataset\Segmented_FACET_0.2_fixed_label\sa_9193959.jpg,4,4,3,1,0.5611230731010437,6,6,6,5,1,2,0,0,1
G:\Thesis\FACET_Dataset\Segmented_FACET_0.2_fixed_label\sa_873102.jpg,7,7,6,1,0.5561860799789429,6,6,6,5,1,1,0,1,1
G:\Thesis\FACET_Dataset\Segmented_FACET_0.2_fixed_label\sa_7014620.jpg,4,4,3,1,0.30057254433631897,4,4,4,3,1,0,1,1,1
G:\Thesis\FACET_Dataset\Segmented_FACET_0.2_fixed_label\sa_6554992.jpg,5,5,4,1,0.5541394948959351,6,6,6,5,1,1,0,1,1
G:\Thesis\FACET_Dataset\Segmented_FACET_0.2_fixed_label\sa_10907435.jpg,7,7,6,1,0.3415949046611786,4,4,4,3,1,3,0,0,1
G:\Thesis\FACET_Dataset\Segmented_FACET_0.2_fixed_label\sa_6865579.jpg,5,5,4,1,0.39996135234832764,5,5,5,4,1,0,1,1,1
G:\Thesis\FACET_Dataset\Segmented_FACET_0.2_fixed_label\sa_6090348.jpg,5,5,4,1,0.581106424331665,6,6,6,5,1,1,0,1,1
G:\Thesis\FACET_Dataset\Segmented_FACET_0.2_fixed_label\sa_3467319.jpg,4,4,3,1,0.24845540523529053,3,3,3,2,0,1,0,1,0
G:\Thesis\FACET_Dataset\Segmented_FACET_0.2_fixed_label\sa_4322243.jpg,2,2,1,0,0.37015047669410706,4,4,4,3,1,2,0,0,0
G:\Thesis\FACET_Dataset\Segmented_FACET_0.2_fixed_label\sa_85220.jpg,6,6,5,1,0.42816102504730225,5,5,5,4,1,1,0,1,1
G:\Thesis\FACET_Dataset\Segmented_FACET_0.2_fixed_label\sa_1249979.jpg,4,4,3,1,0.3311934173107147,4,4,4,3,1,0,1,1,1
G:\Thesis\FACET_Dataset\Segmented_FACET_0.2_fixed_label\sa_10277350.jpg,5,5,4,1,0.34348249435424805,4,4,4,3,1,1,0,1,1
G:\Thesis\FACET_Dataset\Segmented_FACET_0.2_fixed_label\sa_421883.jpg,2,2,1,0,0.4201046824455261,5,5,5,4,1,3,0,0,0
G:\Thesis\FACET_Dataset\Segmented_FACET_0.2_fixed_label\sa_8685437.jpg,8,8,7,2,0.4667380452156067,5,5,5,4,1,3,0,0,0
G:\Thesis\FACET_Dataset\Segmented_FACET_0.2_fixed_label\sa_175344.jpg,3,3,2,0,0.28070807456970215,4,4,4,3,1,1,0,1,0
G:\Thesis\FACET_Dataset\Segmented_FACET_0.2_fixed_label\sa_860266.jpg,2,2,1,0,0.18524858355522156,3,3,3,2,0,1,0,1,1
G:\Thesis\FACET_Dataset\Segmented_FACET_0.2_fixed_label\sa_7383904.jpg,3,3,2,0,0.33971983194351196,4,4,4,3,1,1,0,1,0
G:\Thesis\FACET_Dataset\Segmented_FACET_0.2_fixed_label\sa_4029134.jpg,5,5,4,1,0.09572295099496841,2,2,2,1,0,3,0,0,0
G:\Thesis\FACET_Dataset\Segmented_FACET_0.2_fixed_label\sa_9756684.jpg,6,6,5,1,0.5354924201965332,6,6,6,5,1,0,1,1,1
G:\Thesis\FACET_Dataset\Segmented_FACET_0.2_fixed_label\sa_6643714.jpg,3,3,2,0,0.43407994508743286,5,5,5,4,1,2,0,0,0
G:\Thesis\FACET_Dataset\Segmented_FACET_0.2_fixed_label\sa_583162.jpg,4,4,3,1,0.3500902056694031,4,4,4,3,1,0,1,1,1
G:\Thesis\FACET_Dataset\Segmented_FACET_0.2_fixed_label\sa_8105562.jpg,2,2,1,0,0.496817409992218,5,5,5,4,1,3,0,0,0
G:\Thesis\FACET_Dataset\Segmented_FACET_0.2_fixed_label\sa_2762098.jpg,4,4,3,1,0.3912413716316223,5,5,5,4,1,1,0,1,1
G:\Thesis\FACET_Dataset\Segmented_FACET_0.2_fixed_label\sa_4808180.jpg,2,2,1,0,0.3224276900291443,4,4,4,3,1,2,0,0,0
G:\Thesis\FACET_Dataset\Segmented_FACET_0.2_fixed_label\sa_5987697.jpg,4,4,3,1,0.5025271773338318,6,6,6,5,1,2,0,0,1
G:\Thesis\FACET_Dataset\Segmented_FACET_0.2_fixed_label\sa_2135545.jpg,10,10,9,2,0.3082931935787201,4,4,4,3,1,6,0,0,0
G:\Thesis\FACET_Dataset\Segmented_FACET_0.2_fixed_label\sa_7217967.jpg,6,6,5,1,0.4470144212245941,5,5,5,4,1,1,0,1,1
G:\Thesis\FACET_Dataset\Segmented_FACET_0.2_fixed_label\sa_11065743.jpg,3,3,2,0,0.7102802991867065,7,7,7,6,1,4,0,0,0
G:\Thesis\FACET_Dataset\Segmented_FACET_0.2_fixed_label\sa_4154127.jpg,7,7,6,1,0.6098729372024536,6,6,6,5,1,1,0,1,1
G:\Thesis\FACET_Dataset\Segmented_FACET_0.2_fixed_label\sa_8853368.jpg,2,2,1,0,0.2194034904241562,3,3,3,2,0,1,0,1,1
G:\Thesis\FACET_Dataset\Segmented_FACET_0.2_fixed_label\sa_4781314.jpg,2,2,1,0,0.19150246679782867,3,3,3,2,0,1,0,1,1
G:\Thesis\FACET_Dataset\Segmented_FACET_0.2_fixed_label\sa_8481601.jpg,1,1,0,0,0.21694627404212952,3,3,3,2,0,2,0,0,1
G:\Thesis\FACET_Dataset\Segmented_FACET_0.2_fixed_label\sa_5431500.jpg,3,3,2,0,0.3985939025878906,5,5,5,4,1,2,0,0,0
G:\Thesis\FACET_Dataset\Segmented_FACET_0.2_fixed_label\sa_2872342.jpg,6,6,5,1,0.6101799011230469,6,6,6,5,1,0,1,1,1
G:\Thesis\FACET_Dataset\Segmented_FACET_0.2_fixed_label\sa_7126067.jpg,6,6,5,1,0.5955512523651123,6,6,6,5,1,0,1,1,1
G:\Thesis\FACET_Dataset\Segmented_FACET_0.2_fixed_label\sa_1608469.jpg,4,4,3,1,0.22176633775234222,3,3,3,2,0,1,0,1,0
G:\Thesis\FACET_Dataset\Segmented_FACET_0.2_fixed_label\sa_8728427.jpg,8,8,7,2,0.705861508846283,7,7,7,6,1,1,0,1,0
G:\Thesis\FACET_Dataset\Segmented_FACET_0.2_fixed_label\sa_1206887.jpg,6,6,5,1,0.5977518558502197,6,6,6,5,1,0,1,1,1
G:\Thesis\FACET_Dataset\Segmented_FACET_0.2_fixed_label\sa_10576207.jpg,5,5,4,1,0.3326728343963623,4,4,4,3,1,1,0,1,1
G:\Thesis\FACET_Dataset\Segmented_FACET_0.2_fixed_label\sa_1621492.jpg,5,5,4,1,0.4005579650402069,5,5,5,4,1,0,1,1,1
G:\Thesis\FACET_Dataset\Segmented_FACET_0.2_fixed_label\sa_5254711.jpg,3,3,2,0,0.46700623631477356,5,5,5,4,1,2,0,0,0
G:\Thesis\FACET_Dataset\Segmented_FACET_0.2_fixed_label\sa_5088783.jpg,3,3,2,0,0.29181164503097534,4,4,4,3,1,1,0,1,0
G:\Thesis\FACET_Dataset\Segmented_FACET_0.2_fixed_label\sa_5792230.jpg,2,2,1,0,0.20805777609348297,3,3,3,2,0,1,0,1,1
G:\Thesis\FACET_Dataset\Segmented_FACET_0.2_fixed_label\sa_4792156.jpg,2,2,1,0,0.28874754905700684,4,4,4,3,1,2,0,0,0
G:\Thesis\FACET_Dataset\Segmented_FACET_0.2_fixed_label\sa_9651310.jpg,3,3,2,0,0.3290935158729553,4,4,4,3,1,1,0,1,0
G:\Thesis\FACET_Dataset\Segmented_FACET_0.2_fixed_label\sa_2051488.jpg,3,3,2,0,0.28656843304634094,4,4,4,3,1,1,0,1,0
G:\Thesis\FACET_Dataset\Segmented_FACET_0.2_fixed_label\sa_3592745.jpg,4,4,3,1,0.6964370012283325,7,7,7,6,1,3,0,0,1
G:\Thesis\FACET_Dataset\Segmented_FACET_0.2_fixed_label\sa_2196879.jpg,2,2,1,0,0.2556599974632263,3,3,3,2,0,1,0,1,1
G:\Thesis\FACET_Dataset\Segmented_FACET_0.2_fixed_label\sa_7855721.jpg,3,3,2,0,0.3067781329154968,4,4,4,3,1,1,0,1,0
G:\Thesis\FACET_Dataset\Segmented_FACET_0.2_fixed_label\sa_9412606.jpg,6,6,5,1,0.3388044834136963,4,4,4,3,1,2,0,0,1
G:\Thesis\FACET_Dataset\Segmented_FACET_0.2_fixed_label\sa_2086913.jpg,2,2,1,0,0.25713983178138733,3,3,3,2,0,1,0,1,1
G:\Thesis\FACET_Dataset\Segmented_FACET_0.2_fixed_label\sa_2765932.jpg,4,4,3,1,0.4310409128665924,5,5,5,4,1,1,0,1,1
G:\Thesis\FACET_Dataset\Segmented_FACET_0.2_fixed_label\sa_7246914.jpg,5,5,4,1,0.5236813426017761,6,6,6,5,1,1,0,1,1
G:\Thesis\FACET_Dataset\Segmented_FACET_0.2_fixed_label\sa_9543143.jpg,2,2,1,0,0.3788718581199646,4,4,4,3,1,2,0,0,0
G:\Thesis\FACET_Dataset\Segmented_FACET_0.2_fixed_label\sa_10576207.jpg,4,4,3,1,0.3326728343963623,4,4,4,3,1,0,1,1,1
G:\Thesis\FACET_Dataset\Segmented_FACET_0.2_fixed_label\sa_7048524.jpg,2,2,1,0,0.20723630487918854,3,3,3,2,0,1,0,1,1
G:\Thesis\FACET_Dataset\Segmented_FACET_0.2_fixed_label\sa_5587067.jpg,3,3,2,0,0.37618041038513184,4,4,4,3,1,1,0,1,0
G:\Thesis\FACET_Dataset\Segmented_FACET_0.2_fixed_label\sa_10456335.jpg,7,7,6,1,0.435189425945282,5,5,5,4,1,2,0,0,1
G:\Thesis\FACET_Dataset\Segmented_FACET_0.2_fixed_label\sa_7841103.jpg,10,10,9,2,0.7397177219390869,8,8,8,7,2,2,0,0,1
G:\Thesis\FACET_Dataset\Segmented_FACET_0.2_fixed_label\sa_728560.jpg,2,2,1,0,0.2956107258796692,4,4,4,3,1,2,0,0,0
G:\Thesis\FACET_Dataset\Segmented_FACET_0.2_fixed_label\sa_957680.jpg,5,5,4,1,0.3898564875125885,5,5,5,4,1,0,1,1,1
G:\Thesis\FACET_Dataset\Segmented_FACET_0.2_fixed_label\sa_4017070.jpg,2,2,1,0,0.5876865386962891,6,6,6,5,1,4,0,0,0
G:\Thesis\FACET_Dataset\Segmented_FACET_0.2_fixed_label\sa_302409.jpg,2,2,1,0,0.33649942278862,4,4,4,3,1,2,0,0,0
G:\Thesis\FACET_Dataset\Segmented_FACET_0.2_fixed_label\sa_9100667.jpg,3,3,2,0,0.522692084312439,6,6,6,5,1,3,0,0,0
G:\Thesis\FACET_Dataset\Segmented_FACET_0.2_fixed_label\sa_379520.jpg,3,3,2,0,0.2449396550655365,3,3,3,2,0,0,1,1,1
G:\Thesis\FACET_Dataset\Segmented_FACET_0.2_fixed_label\sa_8655801.jpg,8,8,7,2,0.7312664985656738,8,8,8,7,2,0,1,1,1
G:\Thesis\FACET_Dataset\Segmented_FACET_0.2_fixed_label\sa_8066897.jpg,3,3,2,0,0.29713863134384155,4,4,4,3,1,1,0,1,0
G:\Thesis\FACET_Dataset\Segmented_FACET_0.2_fixed_label\sa_4321306.jpg,3,3,2,0,0.5411373376846313,6,6,6,5,1,3,0,0,0
G:\Thesis\FACET_Dataset\Segmented_FACET_0.2_fixed_label\sa_2038959.jpg,6,6,5,1,0.4529687464237213,5,5,5,4,1,1,0,1,1
G:\Thesis\FACET_Dataset\Segmented_FACET_0.2_fixed_label\sa_10166336.jpg,3,3,2,0,0.26972049474716187,3,3,3,2,0,0,1,1,1
G:\Thesis\FACET_Dataset\Segmented_FACET_0.2_fixed_label\sa_9694710.jpg,5,5,4,1,0.30290618538856506,4,4,4,3,1,1,0,1,1
G:\Thesis\FACET_Dataset\Segmented_FACET_0.2_fixed_label\sa_6598653.jpg,3,3,2,0,0.3643326759338379,4,4,4,3,1,1,0,1,0
G:\Thesis\FACET_Dataset\Segmented_FACET_0.2_fixed_label\sa_6761319.jpg,8,8,7,2,0.3562122583389282,4,4,4,3,1,4,0,0,0
G:\Thesis\FACET_Dataset\Segmented_FACET_0.2_fixed_label\sa_7115295.jpg,6,6,5,1,0.5771887898445129,6,6,6,5,1,0,1,1,1
G:\Thesis\FACET_Dataset\Segmented_FACET_0.2_fixed_label\sa_6084308.jpg,2,2,1,0,0.40050461888313293,5,5,5,4,1,3,0,0,0
G:\Thesis\FACET_Dataset\Segmented_FACET_0.2_fixed_label\sa_10770169.jpg,3,3,2,0,0.1979500949382782,3,3,3,2,0,0,1,1,1
G:\Thesis\FACET_Dataset\Segmented_FACET_0.2_fixed_label\sa_10622761.jpg,6,6,5,1,0.32531267404556274,4,4,4,3,1,2,0,0,1
G:\Thesis\FACET_Dataset\Segmented_FACET_0.2_fixed_label\sa_1671385.jpg,3,3,2,0,0.47491031885147095,5,5,5,4,1,2,0,0,0
G:\Thesis\FACET_Dataset\Segmented_FACET_0.2_fixed_label\sa_4179516.jpg,8,8,7,2,0.4396425187587738,5,5,5,4,1,3,0,0,0
G:\Thesis\FACET_Dataset\Segmented_FACET_0.2_fixed_label\sa_5965769.jpg,2,2,1,0,0.5111129283905029,6,6,6,5,1,4,0,0,0
G:\Thesis\FACET_Dataset\Segmented_FACET_0.2_fixed_label\sa_9666634.jpg,4,4,3,1,0.5082508325576782,6,6,6,5,1,2,0,0,1
G:\Thesis\FACET_Dataset\Segmented_FACET_0.2_fixed_label\sa_3738839.jpg,4,4,3,1,0.1379614770412445,2,2,2,1,0,2,0,0,0
G:\Thesis\FACET_Dataset\Segmented_FACET_0.2_fixed_label\sa_3064041.jpg,8,8,7,2,0.5831306576728821,6,6,6,5,1,2,0,0,0
G:\Thesis\FACET_Dataset\Segmented_FACET_0.2_fixed_label\sa_214704.jpg,8,8,7,2,0.6540030241012573,7,7,7,6,1,1,0,1,0
G:\Thesis\FACET_Dataset\Segmented_FACET_0.2_fixed_label\sa_5520569.jpg,2,2,1,0,0.6470431685447693,7,7,7,6,1,5,0,0,0
G:\Thesis\FACET_Dataset\Segmented_FACET_0.2_fixed_label\sa_6229908.jpg,2,2,1,0,0.21282446384429932,3,3,3,2,0,1,0,1,1
G:\Thesis\FACET_Dataset\Segmented_FACET_0.2_fixed_label\sa_9733985.jpg,7,7,6,1,0.4867802858352661,5,5,5,4,1,2,0,0,1
G:\Thesis\FACET_Dataset\Segmented_FACET_0.2_fixed_label\sa_8449552.jpg,5,5,4,1,0.4889189898967743,5,5,5,4,1,0,1,1,1
G:\Thesis\FACET_Dataset\Segmented_FACET_0.2_fixed_label\sa_7795286.jpg,6,6,5,1,0.5625340342521667,6,6,6,5,1,0,1,1,1
G:\Thesis\FACET_Dataset\Segmented_FACET_0.2_fixed_label\sa_9650867.jpg,6,6,5,1,0.5814591646194458,6,6,6,5,1,0,1,1,1
G:\Thesis\FACET_Dataset\Segmented_FACET_0.2_fixed_label\sa_10000407.jpg,4,4,3,1,0.3396919071674347,4,4,4,3,1,0,1,1,1
G:\Thesis\FACET_Dataset\Segmented_FACET_0.2_fixed_label\sa_9243786.jpg,4,4,3,1,0.21623177826404572,3,3,3,2,0,1,0,1,0
G:\Thesis\FACET_Dataset\Segmented_FACET_0.2_fixed_label\sa_2078338.jpg,6,6,5,1,0.5258962512016296,6,6,6,5,1,0,1,1,1
G:\Thesis\FACET_Dataset\Segmented_FACET_0.2_fixed_label\sa_7334714.jpg,2,2,1,0,0.08490581810474396,2,2,2,1,0,0,1,1,1
G:\Thesis\FACET_Dataset\Segmented_FACET_0.2_fixed_label\sa_1519799.jpg,6,6,5,1,0.4068286120891571,5,5,5,4,1,1,0,1,1
G:\Thesis\FACET_Dataset\Segmented_FACET_0.2_fixed_label\sa_3094971.jpg,3,3,2,0,0.292807400226593,4,4,4,3,1,1,0,1,0
G:\Thesis\FACET_Dataset\Segmented_FACET_0.2_fixed_label\sa_10331493.jpg,3,3,2,0,0.1949438750743866,3,3,3,2,0,0,1,1,1
G:\Thesis\FACET_Dataset\Segmented_FACET_0.2_fixed_label\sa_6428975.jpg,2,2,1,0,0.5190603733062744,6,6,6,5,1,4,0,0,0
G:\Thesis\FACET_Dataset\Segmented_FACET_0.2_fixed_label\sa_9051874.jpg,3,3,2,0,0.4046232998371124,5,5,5,4,1,2,0,0,0
G:\Thesis\FACET_Dataset\Segmented_FACET_0.2_fixed_label\sa_8307874.jpg,2,2,1,0,0.4303015470504761,5,5,5,4,1,3,0,0,0
G:\Thesis\FACET_Dataset\Segmented_FACET_0.2_fixed_label\sa_4140639.jpg,7,7,6,1,0.40732067823410034,5,5,5,4,1,2,0,0,1
G:\Thesis\FACET_Dataset\Segmented_FACET_0.2_fixed_label\sa_10268129.jpg,2,2,1,0,0.27621421217918396,3,3,3,2,0,1,0,1,1
G:\Thesis\FACET_Dataset\Segmented_FACET_0.2_fixed_label\sa_3913210.jpg,3,3,2,0,0.4109481871128082,5,5,5,4,1,2,0,0,0
G:\Thesis\FACET_Dataset\Segmented_FACET_0.2_fixed_label\sa_3126013.jpg,2,2,1,0,0.303832083940506,4,4,4,3,1,2,0,0,0
G:\Thesis\FACET_Dataset\Segmented_FACET_0.2_fixed_label\sa_8864399.jpg,1,1,0,0,0.2320740818977356,3,3,3,2,0,2,0,0,1
G:\Thesis\FACET_Dataset\Segmented_FACET_0.2_fixed_label\sa_5265842.jpg,2,2,1,0,0.15582405030727386,2,2,2,1,0,0,1,1,1
G:\Thesis\FACET_Dataset\Segmented_FACET_0.2_fixed_label\sa_4565983.jpg,2,2,1,0,0.3246869146823883,4,4,4,3,1,2,0,0,0
G:\Thesis\FACET_Dataset\Segmented_FACET_0.2_fixed_label\sa_9588623.jpg,4,4,3,1,0.3356274962425232,4,4,4,3,1,0,1,1,1
G:\Thesis\FACET_Dataset\Segmented_FACET_0.2_fixed_label\sa_4024535.jpg,5,5,4,1,0.5520002841949463,6,6,6,5,1,1,0,1,1
G:\Thesis\FACET_Dataset\Segmented_FACET_0.2_fixed_label\sa_121431.jpg,5,5,4,1,0.39875102043151855,5,5,5,4,1,0,1,1,1
G:\Thesis\FACET_Dataset\Segmented_FACET_0.2_fixed_label\sa_6481738.jpg,2,2,1,0,0.18884243071079254,3,3,3,2,0,1,0,1,1
G:\Thesis\FACET_Dataset\Segmented_FACET_0.2_fixed_label\sa_4742474.jpg,3,3,2,0,0.3815203011035919,4,4,4,3,1,1,0,1,0
G:\Thesis\FACET_Dataset\Segmented_FACET_0.2_fixed_label\sa_172698.jpg,3,3,2,0,0.35189369320869446,4,4,4,3,1,1,0,1,0
G:\Thesis\FACET_Dataset\Segmented_FACET_0.2_fixed_label\sa_4333102.jpg,5,5,4,1,0.5672917366027832,6,6,6,5,1,1,0,1,1
G:\Thesis\FACET_Dataset\Segmented_FACET_0.2_fixed_label\sa_3602053.jpg,3,3,2,0,0.31241753697395325,4,4,4,3,1,1,0,1,0
G:\Thesis\FACET_Dataset\Segmented_FACET_0.2_fixed_label\sa_6843583.jpg,2,2,1,0,0.26454490423202515,3,3,3,2,0,1,0,1,1
G:\Thesis\FACET_Dataset\Segmented_FACET_0.2_fixed_label\sa_9128462.jpg,5,5,4,1,0.29841020703315735,4,4,4,3,1,1,0,1,1
G:\Thesis\FACET_Dataset\Segmented_FACET_0.2_fixed_label\sa_9754337.jpg,6,6,5,1,0.41461995244026184,5,5,5,4,1,1,0,1,1
G:\Thesis\FACET_Dataset\Segmented_FACET_0.2_fixed_label\sa_4258410.jpg,6,6,5,1,0.5118930339813232,6,6,6,5,1,0,1,1,1
G:\Thesis\FACET_Dataset\Segmented_FACET_0.2_fixed_label\sa_3151123.jpg,2,2,1,0,0.2801319658756256,4,4,4,3,1,2,0,0,0
G:\Thesis\FACET_Dataset\Segmented_FACET_0.2_fixed_label\sa_6556219.jpg,3,3,2,0,0.41349896788597107,5,5,5,4,1,2,0,0,0
G:\Thesis\FACET_Dataset\Segmented_FACET_0.2_fixed_label\sa_3896509.jpg,5,5,4,1,0.3060477375984192,4,4,4,3,1,1,0,1,1
G:\Thesis\FACET_Dataset\Segmented_FACET_0.2_fixed_label\sa_5782460.jpg,5,5,4,1,0.29944905638694763,4,4,4,3,1,1,0,1,1
G:\Thesis\FACET_Dataset\Segmented_FACET_0.2_fixed_label\sa_8053671.jpg,4,4,3,1,0.3866898715496063,4,4,4,3,1,0,1,1,1
G:\Thesis\FACET_Dataset\Segmented_FACET_0.2_fixed_label\sa_9437029.jpg,2,2,1,0,0.3571200370788574,4,4,4,3,1,2,0,0,0
G:\Thesis\FACET_Dataset\Segmented_FACET_0.2_fixed_label\sa_6964543.jpg,3,3,2,0,0.2678890824317932,3,3,3,2,0,0,1,1,1
G:\Thesis\FACET_Dataset\Segmented_FACET_0.2_fixed_label\sa_1350539.jpg,3,3,2,0,0.15461765229701996,2,2,2,1,0,1,0,1,1
G:\Thesis\FACET_Dataset\Segmented_FACET_0.2_fixed_label\sa_1103583.jpg,3,3,2,0,0.2020549327135086,3,3,3,2,0,0,1,1,1
G:\Thesis\FACET_Dataset\Segmented_FACET_0.2_fixed_label\sa_8915219.jpg,2,2,1,0,0.4965032935142517,5,5,5,4,1,3,0,0,0
G:\Thesis\FACET_Dataset\Segmented_FACET_0.2_fixed_label\sa_5590994.jpg,5,5,4,1,0.39077234268188477,5,5,5,4,1,0,1,1,1
G:\Thesis\FACET_Dataset\Segmented_FACET_0.2_fixed_label\sa_6045725.jpg,5,5,4,1,0.5338123440742493,6,6,6,5,1,1,0,1,1
G:\Thesis\FACET_Dataset\Segmented_FACET_0.2_fixed_label\sa_9529408.jpg,3,3,2,0,0.5082555413246155,6,6,6,5,1,3,0,0,0
G:\Thesis\FACET_Dataset\Segmented_FACET_0.2_fixed_label\sa_11039142.jpg,5,5,4,1,0.39649146795272827,5,5,5,4,1,0,1,1,1
G:\Thesis\FACET_Dataset\Segmented_FACET_0.2_fixed_label\sa_6685030.jpg,3,3,2,0,0.36114442348480225,4,4,4,3,1,1,0,1,0
G:\Thesis\FACET_Dataset\Segmented_FACET_0.2_fixed_label\sa_2271095.jpg,6,6,5,1,0.34561020135879517,4,4,4,3,1,2,0,0,1
G:\Thesis\FACET_Dataset\Segmented_FACET_0.2_fixed_label\sa_4805863.jpg,3,3,2,0,0.19556866586208344,3,3,3,2,0,0,1,1,1
G:\Thesis\FACET_Dataset\Segmented_FACET_0.2_fixed_label\sa_5011257.jpg,6,6,5,1,0.5023046135902405,6,6,6,5,1,0,1,1,1
G:\Thesis\FACET_Dataset\Segmented_FACET_0.2_fixed_label\sa_499574.jpg,4,4,3,1,0.46526527404785156,5,5,5,4,1,1,0,1,1
G:\Thesis\FACET_Dataset\Segmented_FACET_0.2_fixed_label\sa_8293466.jpg,5,5,4,1,0.63995760679245,7,7,7,6,1,2,0,0,1
G:\Thesis\FACET_Dataset\Segmented_FACET_0.2_fixed_label\sa_1578036.jpg,2,2,1,0,0.4076661467552185,5,5,5,4,1,3,0,0,0
G:\Thesis\FACET_Dataset\Segmented_FACET_0.2_fixed_label\sa_5486273.jpg,5,5,4,1,0.34410572052001953,4,4,4,3,1,1,0,1,1
G:\Thesis\FACET_Dataset\Segmented_FACET_0.2_fixed_label\sa_1387081.jpg,6,6,5,1,0.664344847202301,7,7,7,6,1,1,0,1,1
G:\Thesis\FACET_Dataset\Segmented_FACET_0.2_fixed_label\sa_1964897.jpg,3,3,2,0,0.29380789399147034,4,4,4,3,1,1,0,1,0
G:\Thesis\FACET_Dataset\Segmented_FACET_0.2_fixed_label\sa_4078602.jpg,5,5,4,1,0.3978084623813629,5,5,5,4,1,0,1,1,1
G:\Thesis\FACET_Dataset\Segmented_FACET_0.2_fixed_label\sa_2739735.jpg,3,3,2,0,0.26870524883270264,3,3,3,2,0,0,1,1,1
G:\Thesis\FACET_Dataset\Segmented_FACET_0.2_fixed_label\sa_6221656.jpg,5,5,4,1,0.16922993957996368,3,3,3,2,0,2,0,0,0
G:\Thesis\FACET_Dataset\Segmented_FACET_0.2_fixed_label\sa_4275220.jpg,2,2,1,0,0.3016453981399536,4,4,4,3,1,2,0,0,0
G:\Thesis\FACET_Dataset\Segmented_FACET_0.2_fixed_label\sa_2243691.jpg,2,2,1,0,0.4280778169631958,5,5,5,4,1,3,0,0,0
G:\Thesis\FACET_Dataset\Segmented_FACET_0.2_fixed_label\sa_2525298.jpg,4,4,3,1,0.34188053011894226,4,4,4,3,1,0,1,1,1
G:\Thesis\FACET_Dataset\Segmented_FACET_0.2_fixed_label\sa_10690469.jpg,6,6,5,1,0.28626489639282227,4,4,4,3,1,2,0,0,1
G:\Thesis\FACET_Dataset\Segmented_FACET_0.2_fixed_label\sa_9059930.jpg,3,3,2,0,0.2190568745136261,3,3,3,2,0,0,1,1,1
G:\Thesis\FACET_Dataset\Segmented_FACET_0.2_fixed_label\sa_4248881.jpg,4,4,3,1,0.3161073625087738,4,4,4,3,1,0,1,1,1
G:\Thesis\FACET_Dataset\Segmented_FACET_0.2_fixed_label\sa_2949112.jpg,3,3,2,0,0.2513505518436432,3,3,3,2,0,0,1,1,1
G:\Thesis\FACET_Dataset\Segmented_FACET_0.2_fixed_label\sa_4655396.jpg,3,3,2,0,0.3299349844455719,4,4,4,3,1,1,0,1,0
G:\Thesis\FACET_Dataset\Segmented_FACET_0.2_fixed_label\sa_7378755.jpg,6,6,5,1,0.3575630486011505,4,4,4,3,1,2,0,0,1
G:\Thesis\FACET_Dataset\Segmented_FACET_0.2_fixed_label\sa_2863417.jpg,4,4,3,1,0.6113221645355225,7,7,7,6,1,3,0,0,1
G:\Thesis\FACET_Dataset\Segmented_FACET_0.2_fixed_label\sa_1005917.jpg,4,4,3,1,0.5088396668434143,6,6,6,5,1,2,0,0,1
G:\Thesis\FACET_Dataset\Segmented_FACET_0.2_fixed_label\sa_10641461.jpg,5,5,4,1,0.38229259848594666,4,4,4,3,1,1,0,1,1
G:\Thesis\FACET_Dataset\Segmented_FACET_0.2_fixed_label\sa_6267865.jpg,6,6,5,1,0.42915716767311096,5,5,5,4,1,1,0,1,1
G:\Thesis\FACET_Dataset\Segmented_FACET_0.2_fixed_label\sa_4601728.jpg,6,6,5,1,0.28151625394821167,4,4,4,3,1,2,0,0,1
G:\Thesis\FACET_Dataset\Segmented_FACET_0.2_fixed_label\sa_2892263.jpg,2,2,1,0,0.47858208417892456,5,5,5,4,1,3,0,0,0
G:\Thesis\FACET_Dataset\Segmented_FACET_0.2_fixed_label\sa_8521269.jpg,3,3,2,0,0.3908039331436157,5,5,5,4,1,2,0,0,0
G:\Thesis\FACET_Dataset\Segmented_FACET_0.2_fixed_label\sa_3322289.jpg,4,4,3,1,0.39656057953834534,5,5,5,4,1,1,0,1,1
G:\Thesis\FACET_Dataset\Segmented_FACET_0.2_fixed_label\sa_1417633.jpg,4,4,3,1,0.3169427812099457,4,4,4,3,1,0,1,1,1
G:\Thesis\FACET_Dataset\Segmented_FACET_0.2_fixed_label\sa_5807865.jpg,6,6,5,1,0.6298254728317261,7,7,7,6,1,1,0,1,1
G:\Thesis\FACET_Dataset\Segmented_FACET_0.2_fixed_label\sa_2010303.jpg,4,4,3,1,0.32014426589012146,4,4,4,3,1,0,1,1,1
G:\Thesis\FACET_Dataset\Segmented_FACET_0.2_fixed_label\sa_3383320.jpg,3,3,2,0,0.5237118601799011,6,6,6,5,1,3,0,0,0
G:\Thesis\FACET_Dataset\Segmented_FACET_0.2_fixed_label\sa_1809016.jpg,2,2,1,0,0.44347962737083435,5,5,5,4,1,3,0,0,0
G:\Thesis\FACET_Dataset\Segmented_FACET_0.2_fixed_label\sa_7459634.jpg,3,3,2,0,0.40317022800445557,5,5,5,4,1,2,0,0,0
G:\Thesis\FACET_Dataset\Segmented_FACET_0.2_fixed_label\sa_10729003.jpg,2,2,1,0,0.22174666821956635,3,3,3,2,0,1,0,1,1
G:\Thesis\FACET_Dataset\Segmented_FACET_0.2_fixed_label\sa_8316301.jpg,4,4,3,1,0.27801433205604553,4,4,4,3,1,0,1,1,1
G:\Thesis\FACET_Dataset\Segmented_FACET_0.2_fixed_label\sa_2750557.jpg,1,1,0,0,0.1763824224472046,3,3,3,2,0,2,0,0,1
G:\Thesis\FACET_Dataset\Segmented_FACET_0.2_fixed_label\sa_3703361.jpg,3,3,2,0,0.3111954629421234,4,4,4,3,1,1,0,1,0
G:\Thesis\FACET_Dataset\Segmented_FACET_0.2_fixed_label\sa_3594622.jpg,1,1,0,0,0.21944357454776764,3,3,3,2,0,2,0,0,1
G:\Thesis\FACET_Dataset\Segmented_FACET_0.2_fixed_label\sa_5987697.jpg,2,2,1,0,0.5025271773338318,6,6,6,5,1,4,0,0,0
G:\Thesis\FACET_Dataset\Segmented_FACET_0.2_fixed_label\sa_8457220.jpg,3,3,2,0,0.2612108588218689,3,3,3,2,0,0,1,1,1
G:\Thesis\FACET_Dataset\Segmented_FACET_0.2_fixed_label\sa_1429866.jpg,4,4,3,1,0.4344727098941803,5,5,5,4,1,1,0,1,1
G:\Thesis\FACET_Dataset\Segmented_FACET_0.2_fixed_label\sa_4924842.jpg,3,3,2,0,0.3102571368217468,4,4,4,3,1,1,0,1,0
G:\Thesis\FACET_Dataset\Segmented_FACET_0.2_fixed_label\sa_2371782.jpg,4,4,3,1,0.43500128388404846,5,5,5,4,1,1,0,1,1
G:\Thesis\FACET_Dataset\Segmented_FACET_0.2_fixed_label\sa_6562153.jpg,2,2,1,0,0.1201072558760643,2,2,2,1,0,0,1,1,1
G:\Thesis\FACET_Dataset\Segmented_FACET_0.2_fixed_label\sa_7714795.jpg,5,5,4,1,0.46872618794441223,5,5,5,4,1,0,1,1,1
G:\Thesis\FACET_Dataset\Segmented_FACET_0.2_fixed_label\sa_675003.jpg,3,3,2,0,0.23962517082691193,3,3,3,2,0,0,1,1,1
G:\Thesis\FACET_Dataset\Segmented_FACET_0.2_fixed_label\sa_5458185.jpg,3,3,2,0,0.5766880512237549,6,6,6,5,1,3,0,0,0
G:\Thesis\FACET_Dataset\Segmented_FACET_0.2_fixed_label\sa_1852190.jpg,3,3,2,0,0.19323024153709412,3,3,3,2,0,0,1,1,1
G:\Thesis\FACET_Dataset\Segmented_FACET_0.2_fixed_label\sa_8091457.jpg,2,2,1,0,0.13765406608581543,2,2,2,1,0,0,1,1,1
G:\Thesis\FACET_Dataset\Segmented_FACET_0.2_fixed_label\sa_10342190.jpg,4,4,3,1,0.33508357405662537,4,4,4,3,1,0,1,1,1
G:\Thesis\FACET_Dataset\Segmented_FACET_0.2_fixed_label\sa_8308802.jpg,1,1,0,0,0.11794549226760864,2,2,2,1,0,1,0,1,1
G:\Thesis\FACET_Dataset\Segmented_FACET_0.2_fixed_label\sa_6245105.jpg,6,6,5,1,0.5937832593917847,6,6,6,5,1,0,1,1,1
G:\Thesis\FACET_Dataset\Segmented_FACET_0.2_fixed_label\sa_697137.jpg,4,4,3,1,0.24625153839588165,3,3,3,2,0,1,0,1,0
G:\Thesis\FACET_Dataset\Segmented_FACET_0.2_fixed_label\sa_8907368.jpg,2,2,1,0,0.47684958577156067,5,5,5,4,1,3,0,0,0
G:\Thesis\FACET_Dataset\Segmented_FACET_0.2_fixed_label\sa_1182365.jpg,3,3,2,0,0.2634327709674835,3,3,3,2,0,0,1,1,1
G:\Thesis\FACET_Dataset\Segmented_FACET_0.2_fixed_label\sa_7963403.jpg,6,6,5,1,0.5947338938713074,6,6,6,5,1,0,1,1,1
G:\Thesis\FACET_Dataset\Segmented_FACET_0.2_fixed_label\sa_9766431.jpg,3,3,2,0,0.39253783226013184,5,5,5,4,1,2,0,0,0
G:\Thesis\FACET_Dataset\Segmented_FACET_0.2_fixed_label\sa_10413840.jpg,4,4,3,1,0.2797733545303345,4,4,4,3,1,0,1,1,1
G:\Thesis\FACET_Dataset\Segmented_FACET_0.2_fixed_label\sa_10002783.jpg,4,4,3,1,0.3340449035167694,4,4,4,3,1,0,1,1,1
G:\Thesis\FACET_Dataset\Segmented_FACET_0.2_fixed_label\sa_1519627.jpg,3,3,2,0,0.36218971014022827,4,4,4,3,1,1,0,1,0
G:\Thesis\FACET_Dataset\Segmented_FACET_0.2_fixed_label\sa_7261983.jpg,4,4,3,1,0.36106136441230774,4,4,4,3,1,0,1,1,1
G:\Thesis\FACET_Dataset\Segmented_FACET_0.2_fixed_label\sa_4390893.jpg,5,5,4,1,0.49132558703422546,5,5,5,4,1,0,1,1,1
G:\Thesis\FACET_Dataset\Segmented_FACET_0.2_fixed_label\sa_8012943.jpg,3,3,2,0,0.5259019732475281,6,6,6,5,1,3,0,0,0
G:\Thesis\FACET_Dataset\Segmented_FACET_0.2_fixed_label\sa_5732009.jpg,7,7,6,1,0.7048002481460571,7,7,7,6,1,0,1,1,1
G:\Thesis\FACET_Dataset\Segmented_FACET_0.2_fixed_label\sa_2444031.jpg,6,6,5,1,0.3469593822956085,4,4,4,3,1,2,0,0,1
G:\Thesis\FACET_Dataset\Segmented_FACET_0.2_fixed_label\sa_9715141.jpg,2,2,1,0,0.5081548094749451,6,6,6,5,1,4,0,0,0
G:\Thesis\FACET_Dataset\Segmented_FACET_0.2_fixed_label\sa_4647211.jpg,2,2,1,0,0.3726125955581665,4,4,4,3,1,2,0,0,0
G:\Thesis\FACET_Dataset\Segmented_FACET_0.2_fixed_label\sa_2779372.jpg,6,6,5,1,0.30168819427490234,4,4,4,3,1,2,0,0,1
G:\Thesis\FACET_Dataset\Segmented_FACET_0.2_fixed_label\sa_9824033.jpg,3,3,2,0,0.1560877114534378,2,2,2,1,0,1,0,1,1
G:\Thesis\FACET_Dataset\Segmented_FACET_0.2_fixed_label\sa_3069658.jpg,7,7,6,1,0.6892779469490051,7,7,7,6,1,0,1,1,1
G:\Thesis\FACET_Dataset\Segmented_FACET_0.2_fixed_label\sa_9738258.jpg,4,4,3,1,0.3594852387905121,4,4,4,3,1,0,1,1,1
G:\Thesis\FACET_Dataset\Segmented_FACET_0.2_fixed_label\sa_9187531.jpg,3,3,2,0,0.4414597749710083,5,5,5,4,1,2,0,0,0
G:\Thesis\FACET_Dataset\Segmented_FACET_0.2_fixed_label\sa_3409064.jpg,4,4,3,1,0.1666729599237442,3,3,3,2,0,1,0,1,0
G:\Thesis\FACET_Dataset\Segmented_FACET_0.2_fixed_label\sa_9097188.jpg,5,5,4,1,0.5087941884994507,6,6,6,5,1,1,0,1,1
G:\Thesis\FACET_Dataset\Segmented_FACET_0.2_fixed_label\sa_2393989.jpg,3,3,2,0,0.21532900631427765,3,3,3,2,0,0,1,1,1
G:\Thesis\FACET_Dataset\Segmented_FACET_0.2_fixed_label\sa_5051216.jpg,3,3,2,0,0.17584213614463806,3,3,3,2,0,0,1,1,1
G:\Thesis\FACET_Dataset\Segmented_FACET_0.2_fixed_label\sa_3841968.jpg,3,3,2,0,0.41287559270858765,5,5,5,4,1,2,0,0,0
G:\Thesis\FACET_Dataset\Segmented_FACET_0.2_fixed_label\sa_2051488.jpg,2,2,1,0,0.28656843304634094,4,4,4,3,1,2,0,0,0
G:\Thesis\FACET_Dataset\Segmented_FACET_0.2_fixed_label\sa_1492570.jpg,6,6,5,1,0.40680432319641113,5,5,5,4,1,1,0,1,1
G:\Thesis\FACET_Dataset\Segmented_FACET_0.2_fixed_label\sa_7869421.jpg,3,3,2,0,0.4323832094669342,5,5,5,4,1,2,0,0,0
G:\Thesis\FACET_Dataset\Segmented_FACET_0.2_fixed_label\sa_1764818.jpg,5,5,4,1,0.5438812375068665,6,6,6,5,1,1,0,1,1
G:\Thesis\FACET_Dataset\Segmented_FACET_0.2_fixed_label\sa_4685439.jpg,2,2,1,0,0.21732468903064728,3,3,3,2,0,1,0,1,1
G:\Thesis\FACET_Dataset\Segmented_FACET_0.2_fixed_label\sa_10821539.jpg,5,5,4,1,0.3737676739692688,4,4,4,3,1,1,0,1,1
G:\Thesis\FACET_Dataset\Segmented_FACET_0.2_fixed_label\sa_10644164.jpg,5,5,4,1,0.354089617729187,4,4,4,3,1,1,0,1,1
G:\Thesis\FACET_Dataset\Segmented_FACET_0.2_fixed_label\sa_10267437.jpg,4,4,3,1,0.4579598307609558,5,5,5,4,1,1,0,1,1
G:\Thesis\FACET_Dataset\Segmented_FACET_0.2_fixed_label\sa_3003103.jpg,3,3,2,0,0.1508215069770813,2,2,2,1,0,1,0,1,1
G:\Thesis\FACET_Dataset\Segmented_FACET_0.2_fixed_label\sa_4062423.jpg,3,3,2,0,0.3686259388923645,4,4,4,3,1,1,0,1,0
G:\Thesis\FACET_Dataset\Segmented_FACET_0.2_fixed_label\sa_8638154.jpg,5,5,4,1,0.4915941655635834,5,5,5,4,1,0,1,1,1
G:\Thesis\FACET_Dataset\Segmented_FACET_0.2_fixed_label\sa_7483270.jpg,5,5,4,1,0.3202170431613922,4,4,4,3,1,1,0,1,1
G:\Thesis\FACET_Dataset\Segmented_FACET_0.2_fixed_label\sa_9632291.jpg,2,2,1,0,0.21678078174591064,3,3,3,2,0,1,0,1,1
G:\Thesis\FACET_Dataset\Segmented_FACET_0.2_fixed_label\sa_9572029.jpg,6,6,5,1,0.5737181901931763,6,6,6,5,1,0,1,1,1
G:\Thesis\FACET_Dataset\Segmented_FACET_0.2_fixed_label\sa_1329626.jpg,2,2,1,0,0.2533814609050751,3,3,3,2,0,1,0,1,1
G:\Thesis\FACET_Dataset\Segmented_FACET_0.2_fixed_label\sa_5754708.jpg,4,4,3,1,0.30858510732650757,4,4,4,3,1,0,1,1,1
G:\Thesis\FACET_Dataset\Segmented_FACET_0.2_fixed_label\sa_8773397.jpg,4,4,3,1,0.42105337977409363,5,5,5,4,1,1,0,1,1
G:\Thesis\FACET_Dataset\Segmented_FACET_0.2_fixed_label\sa_7043291.jpg,5,5,4,1,0.39253395795822144,5,5,5,4,1,0,1,1,1
G:\Thesis\FACET_Dataset\Segmented_FACET_0.2_fixed_label\sa_5453598.jpg,5,5,4,1,0.2882745862007141,4,4,4,3,1,1,0,1,1
G:\Thesis\FACET_Dataset\Segmented_FACET_0.2_fixed_label\sa_6110157.jpg,3,3,2,0,0.4691714942455292,5,5,5,4,1,2,0,0,0
G:\Thesis\FACET_Dataset\Segmented_FACET_0.2_fixed_label\sa_10902763.jpg,6,6,5,1,0.43337512016296387,5,5,5,4,1,1,0,1,1
G:\Thesis\FACET_Dataset\Segmented_FACET_0.2_fixed_label\sa_2503251.jpg,2,2,1,0,0.49354031682014465,5,5,5,4,1,3,0,0,0
G:\Thesis\FACET_Dataset\Segmented_FACET_0.2_fixed_label\sa_8609421.jpg,4,4,3,1,0.36133652925491333,4,4,4,3,1,0,1,1,1
G:\Thesis\FACET_Dataset\Segmented_FACET_0.2_fixed_label\sa_7208455.jpg,8,8,7,2,0.4001010060310364,5,5,5,4,1,3,0,0,0
G:\Thesis\FACET_Dataset\Segmented_FACET_0.2_fixed_label\sa_9831256.jpg,2,2,1,0,0.2626880705356598,3,3,3,2,0,1,0,1,1
G:\Thesis\FACET_Dataset\Segmented_FACET_0.2_fixed_label\sa_3602718.jpg,5,5,4,1,0.5386624336242676,6,6,6,5,1,1,0,1,1
G:\Thesis\FACET_Dataset\Segmented_FACET_0.2_fixed_label\sa_8226706.jpg,7,7,6,1,0.7432070970535278,8,8,8,7,2,1,0,1,0
G:\Thesis\FACET_Dataset\Segmented_FACET_0.2_fixed_label\sa_6603732.jpg,8,8,7,2,0.4791298806667328,5,5,5,4,1,3,0,0,0
G:\Thesis\FACET_Dataset\Segmented_FACET_0.2_fixed_label\sa_1174968.jpg,2,2,1,0,0.29340696334838867,4,4,4,3,1,2,0,0,0
G:\Thesis\FACET_Dataset\Segmented_FACET_0.2_fixed_label\sa_423768.jpg,7,7,6,1,0.7520089745521545,8,8,8,7,2,1,0,1,0
G:\Thesis\FACET_Dataset\Segmented_FACET_0.2_fixed_label\sa_10742813.jpg,2,2,1,0,0.2860909402370453,4,4,4,3,1,2,0,0,0
G:\Thesis\FACET_Dataset\Segmented_FACET_0.2_fixed_label\sa_5382719.jpg,3,3,2,0,0.1156865581870079,2,2,2,1,0,1,0,1,1
G:\Thesis\FACET_Dataset\Segmented_FACET_0.2_fixed_label\sa_4740572.jpg,5,5,4,1,0.43922337889671326,5,5,5,4,1,0,1,1,1
G:\Thesis\FACET_Dataset\Segmented_FACET_0.2_fixed_label\sa_5963319.jpg,2,2,1,0,0.5224621295928955,6,6,6,5,1,4,0,0,0
G:\Thesis\FACET_Dataset\Segmented_FACET_0.2_fixed_label\sa_3546228.jpg,2,2,1,0,0.09734553098678589,2,2,2,1,0,0,1,1,1
G:\Thesis\FACET_Dataset\Segmented_FACET_0.2_fixed_label\sa_3120751.jpg,4,4,3,1,0.23188021779060364,3,3,3,2,0,1,0,1,0
G:\Thesis\FACET_Dataset\Segmented_FACET_0.2_fixed_label\sa_3467319.jpg,4,4,3,1,0.24845540523529053,3,3,3,2,0,1,0,1,0
G:\Thesis\FACET_Dataset\Segmented_FACET_0.2_fixed_label\sa_5044830.jpg,6,6,5,1,0.563660740852356,6,6,6,5,1,0,1,1,1
G:\Thesis\FACET_Dataset\Segmented_FACET_0.2_fixed_label\sa_3636151.jpg,3,3,2,0,0.2703472971916199,3,3,3,2,0,0,1,1,1
G:\Thesis\FACET_Dataset\Segmented_FACET_0.2_fixed_label\sa_8775739.jpg,2,2,1,0,0.17207175493240356,3,3,3,2,0,1,0,1,1
G:\Thesis\FACET_Dataset\Segmented_FACET_0.2_fixed_label\sa_4953176.jpg,4,4,3,1,0.4128473401069641,5,5,5,4,1,1,0,1,1
G:\Thesis\FACET_Dataset\Segmented_FACET_0.2_fixed_label\sa_7029681.jpg,4,4,3,1,0.4659162163734436,5,5,5,4,1,1,0,1,1
G:\Thesis\FACET_Dataset\Segmented_FACET_0.2_fixed_label\sa_7330766.jpg,5,5,4,1,0.28878846764564514,4,4,4,3,1,1,0,1,1
G:\Thesis\FACET_Dataset\Segmented_FACET_0.2_fixed_label\sa_6193592.jpg,4,4,3,1,0.3662332594394684,4,4,4,3,1,0,1,1,1
G:\Thesis\FACET_Dataset\Segmented_FACET_0.2_fixed_label\sa_789737.jpg,3,3,2,0,0.3562324047088623,4,4,4,3,1,1,0,1,0
G:\Thesis\FACET_Dataset\Segmented_FACET_0.2_fixed_label\sa_3806685.jpg,2,2,1,0,0.5132923126220703,6,6,6,5,1,4,0,0,0
G:\Thesis\FACET_Dataset\Segmented_FACET_0.2_fixed_label\sa_4838675.jpg,7,7,6,1,0.6433891654014587,7,7,7,6,1,0,1,1,1
G:\Thesis\FACET_Dataset\Segmented_FACET_0.2_fixed_label\sa_8786690.jpg,6,6,5,1,0.510307252407074,6,6,6,5,1,0,1,1,1
G:\Thesis\FACET_Dataset\Segmented_FACET_0.2_fixed_label\sa_1429317.jpg,4,4,3,1,0.31461843848228455,4,4,4,3,1,0,1,1,1
G:\Thesis\FACET_Dataset\Segmented_FACET_0.2_fixed_label\sa_9825476.jpg,8,8,7,2,0.6364269256591797,7,7,7,6,1,1,0,1,0
G:\Thesis\FACET_Dataset\Segmented_FACET_0.2_fixed_label\sa_3305920.jpg,2,2,1,0,0.23693853616714478,3,3,3,2,0,1,0,1,1
G:\Thesis\FACET_Dataset\Segmented_FACET_0.2_fixed_label\sa_3143426.jpg,4,4,3,1,0.1793811321258545,3,3,3,2,0,1,0,1,0
G:\Thesis\FACET_Dataset\Segmented_FACET_0.2_fixed_label\sa_4662661.jpg,2,2,1,0,0.40676528215408325,5,5,5,4,1,3,0,0,0
G:\Thesis\FACET_Dataset\Segmented_FACET_0.2_fixed_label\sa_6222029.jpg,9,9,8,2,0.7879003286361694,8,8,8,7,2,1,0,1,1
G:\Thesis\FACET_Dataset\Segmented_FACET_0.2_fixed_label\sa_11083026.jpg,2,2,1,0,0.19751055538654327,3,3,3,2,0,1,0,1,1
G:\Thesis\FACET_Dataset\Segmented_FACET_0.2_fixed_label\sa_2474983.jpg,6,6,5,1,0.3631654679775238,4,4,4,3,1,2,0,0,1
G:\Thesis\FACET_Dataset\Segmented_FACET_0.2_fixed_label\sa_2060636.jpg,6,6,5,1,0.5447084903717041,6,6,6,5,1,0,1,1,1
G:\Thesis\FACET_Dataset\Segmented_FACET_0.2_fixed_label\sa_4433491.jpg,8,8,7,2,0.44249850511550903,5,5,5,4,1,3,0,0,0
G:\Thesis\FACET_Dataset\Segmented_FACET_0.2_fixed_label\sa_9194880.jpg,4,4,3,1,0.183206245303154,3,3,3,2,0,1,0,1,0
G:\Thesis\FACET_Dataset\Segmented_FACET_0.2_fixed_label\sa_10486231.jpg,2,2,1,0,0.25084248185157776,3,3,3,2,0,1,0,1,1
G:\Thesis\FACET_Dataset\Segmented_FACET_0.2_fixed_label\sa_440710.jpg,2,2,1,0,0.5203003287315369,6,6,6,5,1,4,0,0,0
G:\Thesis\FACET_Dataset\Segmented_FACET_0.2_fixed_label\sa_4326242.jpg,2,2,1,0,0.15924778580665588,2,2,2,1,0,0,1,1,1
G:\Thesis\FACET_Dataset\Segmented_FACET_0.2_fixed_label\sa_2866617.jpg,5,5,4,1,0.17098091542720795,3,3,3,2,0,2,0,0,0
G:\Thesis\FACET_Dataset\Segmented_FACET_0.2_fixed_label\sa_8067007.jpg,3,3,2,0,0.24817220866680145,3,3,3,2,0,0,1,1,1
G:\Thesis\FACET_Dataset\Segmented_FACET_0.2_fixed_label\sa_1710488.jpg,5,5,4,1,0.3825238049030304,4,4,4,3,1,1,0,1,1
G:\Thesis\FACET_Dataset\Segmented_FACET_0.2_fixed_label\sa_5647694.jpg,3,3,2,0,0.27936995029449463,4,4,4,3,1,1,0,1,0
G:\Thesis\FACET_Dataset\Segmented_FACET_0.2_fixed_label\sa_200443.jpg,6,6,5,1,0.6747505068778992,7,7,7,6,1,1,0,1,1
G:\Thesis\FACET_Dataset\Segmented_FACET_0.2_fixed_label\sa_5790678.jpg,6,6,5,1,0.30489277839660645,4,4,4,3,1,2,0,0,1
G:\Thesis\FACET_Dataset\Segmented_FACET_0.2_fixed_label\sa_8033758.jpg,9,9,8,2,0.5078334808349609,6,6,6,5,1,3,0,0,0
G:\Thesis\FACET_Dataset\Segmented_FACET_0.2_fixed_label\sa_180993.jpg,4,4,3,1,0.2029307335615158,3,3,3,2,0,1,0,1,0
G:\Thesis\FACET_Dataset\Segmented_FACET_0.2_fixed_label\sa_1736343.jpg,2,2,1,0,0.21916016936302185,3,3,3,2,0,1,0,1,1
G:\Thesis\FACET_Dataset\Segmented_FACET_0.2_fixed_label\sa_9715141.jpg,2,2,1,0,0.5081548094749451,6,6,6,5,1,4,0,0,0
G:\Thesis\FACET_Dataset\Segmented_FACET_0.2_fixed_label\sa_9361089.jpg,4,4,3,1,0.45290496945381165,5,5,5,4,1,1,0,1,1
G:\Thesis\FACET_Dataset\Segmented_FACET_0.2_fixed_label\sa_2756309.jpg,2,2,1,0,0.4146946668624878,5,5,5,4,1,3,0,0,0
G:\Thesis\FACET_Dataset\Segmented_FACET_0.2_fixed_label\sa_1972608.jpg,2,2,1,0,0.3561760187149048,4,4,4,3,1,2,0,0,0
G:\Thesis\FACET_Dataset\Segmented_FACET_0.2_fixed_label\sa_9150781.jpg,2,2,1,0,0.22739329934120178,3,3,3,2,0,1,0,1,1
G:\Thesis\FACET_Dataset\Segmented_FACET_0.2_fixed_label\sa_5815343.jpg,7,7,6,1,0.7140411138534546,7,7,7,6,1,0,1,1,1
G:\Thesis\FACET_Dataset\Segmented_FACET_0.2_fixed_label\sa_7169229.jpg,7,7,6,1,0.6592123508453369,7,7,7,6,1,0,1,1,1
G:\Thesis\FACET_Dataset\Segmented_FACET_0.2_fixed_label\sa_2113904.jpg,7,7,6,1,0.32919806241989136,4,4,4,3,1,3,0,0,1
G:\Thesis\FACET_Dataset\Segmented_FACET_0.2_fixed_label\sa_7156233.jpg,2,2,1,0,0.16747251152992249,3,3,3,2,0,1,0,1,1
G:\Thesis\FACET_Dataset\Segmented_FACET_0.2_fixed_label\sa_7429624.jpg,5,5,4,1,0.4648536145687103,5,5,5,4,1,0,1,1,1
G:\Thesis\FACET_Dataset\Segmented_FACET_0.2_fixed_label\sa_5616531.jpg,2,2,1,0,0.14225105941295624,2,2,2,1,0,0,1,1,1
G:\Thesis\FACET_Dataset\Segmented_FACET_0.2_fixed_label\sa_1801279.jpg,5,5,4,1,0.34639617800712585,4,4,4,3,1,1,0,1,1
G:\Thesis\FACET_Dataset\Segmented_FACET_0.2_fixed_label\sa_395983.jpg,2,2,1,0,0.10825186222791672,2,2,2,1,0,0,1,1,1
G:\Thesis\FACET_Dataset\Segmented_FACET_0.2_fixed_label\sa_8421772.jpg,3,3,2,0,0.4414771497249603,5,5,5,4,1,2,0,0,0
G:\Thesis\FACET_Dataset\Segmented_FACET_0.2_fixed_label\sa_7342124.jpg,6,6,5,1,0.3709927797317505,4,4,4,3,1,2,0,0,1
G:\Thesis\FACET_Dataset\Segmented_FACET_0.2_fixed_label\sa_9395843.jpg,3,3,2,0,0.3963024318218231,5,5,5,4,1,2,0,0,0
G:\Thesis\FACET_Dataset\Segmented_FACET_0.2_fixed_label\sa_691673.jpg,5,5,4,1,0.5129637718200684,6,6,6,5,1,1,0,1,1
G:\Thesis\FACET_Dataset\Segmented_FACET_0.2_fixed_label\sa_2772191.jpg,3,3,2,0,0.37837088108062744,4,4,4,3,1,1,0,1,0
G:\Thesis\FACET_Dataset\Segmented_FACET_0.2_fixed_label\sa_1822211.jpg,4,4,3,1,0.28801897168159485,4,4,4,3,1,0,1,1,1
G:\Thesis\FACET_Dataset\Segmented_FACET_0.2_fixed_label\sa_8179339.jpg,4,4,3,1,0.2516276240348816,3,3,3,2,0,1,0,1,0
G:\Thesis\FACET_Dataset\Segmented_FACET_0.2_fixed_label\sa_5941759.jpg,2,2,1,0,0.1433168351650238,2,2,2,1,0,0,1,1,1
G:\Thesis\FACET_Dataset\Segmented_FACET_0.2_fixed_label\sa_4388194.jpg,6,6,5,1,0.4103258550167084,5,5,5,4,1,1,0,1,1
G:\Thesis\FACET_Dataset\Segmented_FACET_0.2_fixed_label\sa_4558161.jpg,6,6,5,1,0.3489936888217926,4,4,4,3,1,2,0,0,1
G:\Thesis\FACET_Dataset\Segmented_FACET_0.2_fixed_label\sa_9551744.jpg,8,8,7,2,0.40948235988616943,5,5,5,4,1,3,0,0,0
G:\Thesis\FACET_Dataset\Segmented_FACET_0.2_fixed_label\sa_10545112.jpg,2,2,1,0,0.3246491551399231,4,4,4,3,1,2,0,0,0
G:\Thesis\FACET_Dataset\Segmented_FACET_0.2_fixed_label\sa_9040041.jpg,2,2,1,0,0.4825078845024109,5,5,5,4,1,3,0,0,0
G:\Thesis\FACET_Dataset\Segmented_FACET_0.2_fixed_label\sa_1752858.jpg,6,6,5,1,0.3267548680305481,4,4,4,3,1,2,0,0,1
G:\Thesis\FACET_Dataset\Segmented_FACET_0.2_fixed_label\sa_1759645.jpg,3,3,2,0,0.3795205354690552,4,4,4,3,1,1,0,1,0
G:\Thesis\FACET_Dataset\Segmented_FACET_0.2_fixed_label\sa_8006279.jpg,2,2,1,0,0.5825495719909668,6,6,6,5,1,4,0,0,0
G:\Thesis\FACET_Dataset\Segmented_FACET_0.2_fixed_label\sa_7091043.jpg,5,5,4,1,0.5086861848831177,6,6,6,5,1,1,0,1,1
G:\Thesis\FACET_Dataset\Segmented_FACET_0.2_fixed_label\sa_8265943.jpg,2,2,1,0,0.3177959620952606,4,4,4,3,1,2,0,0,0
G:\Thesis\FACET_Dataset\Segmented_FACET_0.2_fixed_label\sa_1873155.jpg,2,2,1,0,0.411256343126297,5,5,5,4,1,3,0,0,0
G:\Thesis\FACET_Dataset\Segmented_FACET_0.2_fixed_label\sa_7907390.jpg,4,4,3,1,0.31304463744163513,4,4,4,3,1,0,1,1,1
G:\Thesis\FACET_Dataset\Segmented_FACET_0.2_fixed_label\sa_9646378.jpg,3,3,2,0,0.3836561441421509,4,4,4,3,1,1,0,1,0
G:\Thesis\FACET_Dataset\Segmented_FACET_0.2_fixed_label\sa_6946472.jpg,3,3,2,0,0.22711023688316345,3,3,3,2,0,0,1,1,1
G:\Thesis\FACET_Dataset\Segmented_FACET_0.2_fixed_label\sa_1440548.jpg,6,6,5,1,0.6372479200363159,7,7,7,6,1,1,0,1,1
G:\Thesis\FACET_Dataset\Segmented_FACET_0.2_fixed_label\sa_10408922.jpg,6,6,5,1,0.40027377009391785,5,5,5,4,1,1,0,1,1
G:\Thesis\FACET_Dataset\Segmented_FACET_0.2_fixed_label\sa_10928582.jpg,4,4,3,1,0.1927209049463272,3,3,3,2,0,1,0,1,0
G:\Thesis\FACET_Dataset\Segmented_FACET_0.2_fixed_label\sa_7744991.jpg,5,5,4,1,0.19795507192611694,3,3,3,2,0,2,0,0,0
G:\Thesis\FACET_Dataset\Segmented_FACET_0.2_fixed_label\sa_5915212.jpg,8,8,7,2,0.7168279886245728,7,7,7,6,1,1,0,1,0
G:\Thesis\FACET_Dataset\Segmented_FACET_0.2_fixed_label\sa_8793135.jpg,3,3,2,0,0.2708493769168854,3,3,3,2,0,0,1,1,1
G:\Thesis\FACET_Dataset\Segmented_FACET_0.2_fixed_label\sa_3103297.jpg,5,5,4,1,0.3363964855670929,4,4,4,3,1,1,0,1,1
G:\Thesis\FACET_Dataset\Segmented_FACET_0.2_fixed_label\sa_4832952.jpg,4,4,3,1,0.40842732787132263,5,5,5,4,1,1,0,1,1
G:\Thesis\FACET_Dataset\Segmented_FACET_0.2_fixed_label\sa_7046113.jpg,5,5,4,1,0.4716930389404297,5,5,5,4,1,0,1,1,1
G:\Thesis\FACET_Dataset\Segmented_FACET_0.2_fixed_label\sa_7852192.jpg,3,3,2,0,0.5528777837753296,6,6,6,5,1,3,0,0,0
G:\Thesis\FACET_Dataset\Segmented_FACET_0.2_fixed_label\sa_606078.jpg,2,2,1,0,0.43202799558639526,5,5,5,4,1,3,0,0,0
G:\Thesis\FACET_Dataset\Segmented_FACET_0.2_fixed_label\sa_1635631.jpg,1,1,0,0,0.2028178870677948,3,3,3,2,0,2,0,0,1
G:\Thesis\FACET_Dataset\Segmented_FACET_0.2_fixed_label\sa_3991746.jpg,2,2,1,0,0.16974548995494843,3,3,3,2,0,1,0,1,1
G:\Thesis\FACET_Dataset\Segmented_FACET_0.2_fixed_label\sa_7424580.jpg,7,7,6,1,0.5594205260276794,6,6,6,5,1,1,0,1,1
G:\Thesis\FACET_Dataset\Segmented_FACET_0.2_fixed_label\sa_754926.jpg,7,7,6,1,0.7534385323524475,8,8,8,7,2,1,0,1,0
G:\Thesis\FACET_Dataset\Segmented_FACET_0.2_fixed_label\sa_10942581.jpg,5,5,4,1,0.34803181886672974,4,4,4,3,1,1,0,1,1
G:\Thesis\FACET_Dataset\Segmented_FACET_0.2_fixed_label\sa_11044385.jpg,2,2,1,0,0.07336681336164474,2,2,2,1,0,0,1,1,1
G:\Thesis\FACET_Dataset\Segmented_FACET_0.2_fixed_label\sa_4201272.jpg,4,4,3,1,0.3708522319793701,4,4,4,3,1,0,1,1,1
G:\Thesis\FACET_Dataset\Segmented_FACET_0.2_fixed_label\sa_3629885.jpg,3,3,2,0,0.2001344859600067,3,3,3,2,0,0,1,1,1
G:\Thesis\FACET_Dataset\Segmented_FACET_0.2_fixed_label\sa_10001648.jpg,6,6,5,1,0.4501408040523529,5,5,5,4,1,1,0,1,1
G:\Thesis\FACET_Dataset\Segmented_FACET_0.2_fixed_label\sa_3386657.jpg,3,3,2,0,0.29972559213638306,4,4,4,3,1,1,0,1,0
G:\Thesis\FACET_Dataset\Segmented_FACET_0.2_fixed_label\sa_6300862.jpg,8,8,7,2,0.3330657184123993,4,4,4,3,1,4,0,0,0
G:\Thesis\FACET_Dataset\Segmented_FACET_0.2_fixed_label\sa_957680.jpg,5,5,4,1,0.3898564875125885,5,5,5,4,1,0,1,1,1
G:\Thesis\FACET_Dataset\Segmented_FACET_0.2_fixed_label\sa_5569974.jpg,10,10,9,2,0.8644855618476868,9,9,9,8,2,1,0,1,1
G:\Thesis\FACET_Dataset\Segmented_FACET_0.2_fixed_label\sa_6659824.jpg,3,3,2,0,0.3315295875072479,4,4,4,3,1,1,0,1,0
G:\Thesis\FACET_Dataset\Segmented_FACET_0.2_fixed_label\sa_9722807.jpg,3,3,2,0,0.4452924132347107,5,5,5,4,1,2,0,0,0
G:\Thesis\FACET_Dataset\Segmented_FACET_0.2_fixed_label\sa_10089288.jpg,2,2,1,0,0.38337790966033936,4,4,4,3,1,2,0,0,0
G:\Thesis\FACET_Dataset\Segmented_FACET_0.2_fixed_label\sa_4179445.jpg,2,2,1,0,0.39043331146240234,5,5,5,4,1,3,0,0,0
G:\Thesis\FACET_Dataset\Segmented_FACET_0.2_fixed_label\sa_10837279.jpg,6,6,5,1,0.4338589906692505,5,5,5,4,1,1,0,1,1
G:\Thesis\FACET_Dataset\Segmented_FACET_0.2_fixed_label\sa_4938852.jpg,3,3,2,0,0.7190631031990051,7,7,7,6,1,4,0,0,0
G:\Thesis\FACET_Dataset\Segmented_FACET_0.2_fixed_label\sa_2525298.jpg,3,3,2,0,0.34188053011894226,4,4,4,3,1,1,0,1,0
G:\Thesis\FACET_Dataset\Segmented_FACET_0.2_fixed_label\sa_3856553.jpg,4,4,3,1,0.2843596339225769,4,4,4,3,1,0,1,1,1
G:\Thesis\FACET_Dataset\Segmented_FACET_0.2_fixed_label\sa_2265185.jpg,4,4,3,1,0.6442611217498779,7,7,7,6,1,3,0,0,1
G:\Thesis\FACET_Dataset\Segmented_FACET_0.2_fixed_label\sa_3612157.jpg,3,3,2,0,0.3286064863204956,4,4,4,3,1,1,0,1,0
G:\Thesis\FACET_Dataset\Segmented_FACET_0.2_fixed_label\sa_4237910.jpg,3,3,2,0,0.06581590324640274,2,2,2,1,0,1,0,1,1
G:\Thesis\FACET_Dataset\Segmented_FACET_0.2_fixed_label\sa_6846608.jpg,6,6,5,1,0.4452425241470337,5,5,5,4,1,1,0,1,1
G:\Thesis\FACET_Dataset\Segmented_FACET_0.2_fixed_label\sa_5068397.jpg,4,4,3,1,0.4126337170600891,5,5,5,4,1,1,0,1,1
G:\Thesis\FACET_Dataset\Segmented_FACET_0.2_fixed_label\sa_3680583.jpg,4,4,3,1,0.3305681347846985,4,4,4,3,1,0,1,1,1
G:\Thesis\FACET_Dataset\Segmented_FACET_0.2_fixed_label\sa_5633666.jpg,5,5,4,1,0.28824031352996826,4,4,4,3,1,1,0,1,1
G:\Thesis\FACET_Dataset\Segmented_FACET_0.2_fixed_label\sa_5153838.jpg,3,3,2,0,0.15983480215072632,2,2,2,1,0,1,0,1,1
G:\Thesis\FACET_Dataset\Segmented_FACET_0.2_fixed_label\sa_7145981.jpg,6,6,5,1,0.4928617775440216,5,5,5,4,1,1,0,1,1
G:\Thesis\FACET_Dataset\Segmented_FACET_0.2_fixed_label\sa_10987539.jpg,4,4,3,1,0.29040616750717163,4,4,4,3,1,0,1,1,1
G:\Thesis\FACET_Dataset\Segmented_FACET_0.2_fixed_label\sa_6479500.jpg,3,3,2,0,0.5143987536430359,6,6,6,5,1,3,0,0,0
G:\Thesis\FACET_Dataset\Segmented_FACET_0.2_fixed_label\sa_1367724.jpg,2,2,1,0,0.41150006651878357,5,5,5,4,1,3,0,0,0
G:\Thesis\FACET_Dataset\Segmented_FACET_0.2_fixed_label\sa_780544.jpg,2,2,1,0,0.39308962225914,5,5,5,4,1,3,0,0,0
G:\Thesis\FACET_Dataset\Segmented_FACET_0.2_fixed_label\sa_6987576.jpg,6,6,5,1,0.5148610472679138,6,6,6,5,1,0,1,1,1
G:\Thesis\FACET_Dataset\Segmented_FACET_0.2_fixed_label\sa_6333629.jpg,3,3,2,0,0.41155779361724854,5,5,5,4,1,2,0,0,0
G:\Thesis\FACET_Dataset\Segmented_FACET_0.2_fixed_label\sa_6542756.jpg,4,4,3,1,0.3294362425804138,4,4,4,3,1,0,1,1,1
G:\Thesis\FACET_Dataset\Segmented_FACET_0.2_fixed_label\sa_4596086.jpg,3,3,2,0,0.49348336458206177,5,5,5,4,1,2,0,0,0
G:\Thesis\FACET_Dataset\Segmented_FACET_0.2_fixed_label\sa_5436532.jpg,5,5,4,1,0.2739482522010803,3,3,3,2,0,2,0,0,0
G:\Thesis\FACET_Dataset\Segmented_FACET_0.2_fixed_label\sa_10123527.jpg,2,2,1,0,0.2505205273628235,3,3,3,2,0,1,0,1,1
G:\Thesis\FACET_Dataset\Segmented_FACET_0.2_fixed_label\sa_2370129.jpg,4,4,3,1,0.259048730134964,3,3,3,2,0,1,0,1,0
G:\Thesis\FACET_Dataset\Segmented_FACET_0.2_fixed_label\sa_875233.jpg,2,2,1,0,0.3361148238182068,4,4,4,3,1,2,0,0,0
G:\Thesis\FACET_Dataset\Segmented_FACET_0.2_fixed_label\sa_2325891.jpg,5,5,4,1,0.24919691681861877,3,3,3,2,0,2,0,0,0
G:\Thesis\FACET_Dataset\Segmented_FACET_0.2_fixed_label\sa_9575365.jpg,4,4,3,1,0.19565492868423462,3,3,3,2,0,1,0,1,0
G:\Thesis\FACET_Dataset\Segmented_FACET_0.2_fixed_label\sa_271879.jpg,4,4,3,1,0.2894764244556427,4,4,4,3,1,0,1,1,1
G:\Thesis\FACET_Dataset\Segmented_FACET_0.2_fixed_label\sa_10130929.jpg,3,3,2,0,0.34526073932647705,4,4,4,3,1,1,0,1,0
G:\Thesis\FACET_Dataset\Segmented_FACET_0.2_fixed_label\sa_587246.jpg,7,7,6,1,0.6786257028579712,7,7,7,6,1,0,1,1,1
G:\Thesis\FACET_Dataset\Segmented_FACET_0.2_fixed_label\sa_7907390.jpg,4,4,3,1,0.31304463744163513,4,4,4,3,1,0,1,1,1
G:\Thesis\FACET_Dataset\Segmented_FACET_0.2_fixed_label\sa_10034633.jpg,2,2,1,0,0.23628675937652588,3,3,3,2,0,1,0,1,1
G:\Thesis\FACET_Dataset\Segmented_FACET_0.2_fixed_label\sa_1059464.jpg,1,1,0,0,0.308046817779541,4,4,4,3,1,3,0,0,0
G:\Thesis\FACET_Dataset\Segmented_FACET_0.2_fixed_label\sa_5374592.jpg,2,2,1,0,0.24316774308681488,3,3,3,2,0,1,0,1,1
G:\Thesis\FACET_Dataset\Segmented_FACET_0.2_fixed_label\sa_9545144.jpg,8,8,7,2,0.3436755836009979,4,4,4,3,1,4,0,0,0
G:\Thesis\FACET_Dataset\Segmented_FACET_0.2_fixed_label\sa_8253748.jpg,3,3,2,0,0.1082610934972763,2,2,2,1,0,1,0,1,1
G:\Thesis\FACET_Dataset\Segmented_FACET_0.2_fixed_label\sa_2674845.jpg,4,4,3,1,0.3250121474266052,4,4,4,3,1,0,1,1,1
G:\Thesis\FACET_Dataset\Segmented_FACET_0.2_fixed_label\sa_7674108.jpg,3,3,2,0,0.2257409542798996,3,3,3,2,0,0,1,1,1
G:\Thesis\FACET_Dataset\Segmented_FACET_0.2_fixed_label\sa_4953176.jpg,6,6,5,1,0.4128473401069641,5,5,5,4,1,1,0,1,1
G:\Thesis\FACET_Dataset\Segmented_FACET_0.2_fixed_label\sa_10861772.jpg,6,6,5,1,0.4939328730106354,5,5,5,4,1,1,0,1,1
G:\Thesis\FACET_Dataset\Segmented_FACET_0.2_fixed_label\sa_4009050.jpg,3,3,2,0,0.1575687676668167,2,2,2,1,0,1,0,1,1
G:\Thesis\FACET_Dataset\Segmented_FACET_0.2_fixed_label\sa_4786068.jpg,6,6,5,1,0.5508713722229004,6,6,6,5,1,0,1,1,1
G:\Thesis\FACET_Dataset\Segmented_FACET_0.2_fixed_label\sa_8786690.jpg,6,6,5,1,0.510307252407074,6,6,6,5,1,0,1,1,1
G:\Thesis\FACET_Dataset\Segmented_FACET_0.2_fixed_label\sa_5453598.jpg,2,2,1,0,0.2882745862007141,4,4,4,3,1,2,0,0,0
G:\Thesis\FACET_Dataset\Segmented_FACET_0.2_fixed_label\sa_8343708.jpg,4,4,3,1,0.5673516392707825,6,6,6,5,1,2,0,0,1
G:\Thesis\FACET_Dataset\Segmented_FACET_0.2_fixed_label\sa_4185296.jpg,8,8,7,2,0.18905222415924072,3,3,3,2,0,5,0,0,0
G:\Thesis\FACET_Dataset\Segmented_FACET_0.2_fixed_label\sa_3920545.jpg,6,6,5,1,0.6384221911430359,7,7,7,6,1,1,0,1,1
G:\Thesis\FACET_Dataset\Segmented_FACET_0.2_fixed_label\sa_8836754.jpg,3,3,2,0,0.39259806275367737,5,5,5,4,1,2,0,0,0
G:\Thesis\FACET_Dataset\Segmented_FACET_0.2_fixed_label\sa_8447730.jpg,6,6,5,1,0.6809273362159729,7,7,7,6,1,1,0,1,1
G:\Thesis\FACET_Dataset\Segmented_FACET_0.2_fixed_label\sa_4667204.jpg,3,3,2,0,0.46585044264793396,5,5,5,4,1,2,0,0,0
G:\Thesis\FACET_Dataset\Segmented_FACET_0.2_fixed_label\sa_7162201.jpg,2,2,1,0,0.17364270985126495,3,3,3,2,0,1,0,1,1
G:\Thesis\FACET_Dataset\Segmented_FACET_0.2_fixed_label\sa_6731934.jpg,3,3,2,0,0.34704771637916565,4,4,4,3,1,1,0,1,0
G:\Thesis\FACET_Dataset\Segmented_FACET_0.2_fixed_label\sa_236627.jpg,2,2,1,0,0.6445493698120117,7,7,7,6,1,5,0,0,0
G:\Thesis\FACET_Dataset\Segmented_FACET_0.2_fixed_label\sa_4370648.jpg,9,9,8,2,0.7613199353218079,8,8,8,7,2,1,0,1,1
G:\Thesis\FACET_Dataset\Segmented_FACET_0.2_fixed_label\sa_6189368.jpg,4,4,3,1,0.36029917001724243,4,4,4,3,1,0,1,1,1
G:\Thesis\FACET_Dataset\Segmented_FACET_0.2_fixed_label\sa_9904439.jpg,7,7,6,1,0.4123181700706482,5,5,5,4,1,2,0,0,1
G:\Thesis\FACET_Dataset\Segmented_FACET_0.2_fixed_label\sa_3787193.jpg,5,5,4,1,0.5394515991210938,6,6,6,5,1,1,0,1,1
G:\Thesis\FACET_Dataset\Segmented_FACET_0.2_fixed_label\sa_619947.jpg,7,7,6,1,0.735427737236023,8,8,8,7,2,1,0,1,0
G:\Thesis\FACET_Dataset\Segmented_FACET_0.2_fixed_label\sa_286716.jpg,3,3,2,0,0.4797421991825104,5,5,5,4,1,2,0,0,0
G:\Thesis\FACET_Dataset\Segmented_FACET_0.2_fixed_label\sa_8137950.jpg,3,3,2,0,0.20768097043037415,3,3,3,2,0,0,1,1,1
G:\Thesis\FACET_Dataset\Segmented_FACET_0.2_fixed_label\sa_10277350.jpg,5,5,4,1,0.34348249435424805,4,4,4,3,1,1,0,1,1
G:\Thesis\FACET_Dataset\Segmented_FACET_0.2_fixed_label\sa_2949780.jpg,5,5,4,1,0.3870232403278351,4,4,4,3,1,1,0,1,1
G:\Thesis\FACET_Dataset\Segmented_FACET_0.2_fixed_label\sa_4416975.jpg,9,9,8,2,0.7733092904090881,8,8,8,7,2,1,0,1,1
G:\Thesis\FACET_Dataset\Segmented_FACET_0.2_fixed_label\sa_6333458.jpg,6,6,5,1,0.5226132869720459,6,6,6,5,1,0,1,1,1
G:\Thesis\FACET_Dataset\Segmented_FACET_0.2_fixed_label\sa_5400620.jpg,6,6,5,1,0.3913175165653229,5,5,5,4,1,1,0,1,1
G:\Thesis\FACET_Dataset\Segmented_FACET_0.2_fixed_label\sa_2149703.jpg,4,4,3,1,0.4273315966129303,5,5,5,4,1,1,0,1,1
G:\Thesis\FACET_Dataset\Segmented_FACET_0.2_fixed_label\sa_4515275.jpg,7,7,6,1,0.44280800223350525,5,5,5,4,1,2,0,0,1
G:\Thesis\FACET_Dataset\Segmented_FACET_0.2_fixed_label\sa_4430152.jpg,2,2,1,0,0.343426376581192,4,4,4,3,1,2,0,0,0
G:\Thesis\FACET_Dataset\Segmented_FACET_0.2_fixed_label\sa_10068268.jpg,3,3,2,0,0.28739210963249207,4,4,4,3,1,1,0,1,0
G:\Thesis\FACET_Dataset\Segmented_FACET_0.2_fixed_label\sa_8970413.jpg,8,8,7,2,0.4595721960067749,5,5,5,4,1,3,0,0,0
G:\Thesis\FACET_Dataset\Segmented_FACET_0.2_fixed_label\sa_8293466.jpg,7,7,6,1,0.63995760679245,7,7,7,6,1,0,1,1,1
G:\Thesis\FACET_Dataset\Segmented_FACET_0.2_fixed_label\sa_3190414.jpg,3,3,2,0,0.4318879544734955,5,5,5,4,1,2,0,0,0
G:\Thesis\FACET_Dataset\Segmented_FACET_0.2_fixed_label\sa_1929122.jpg,5,5,4,1,0.5120286345481873,6,6,6,5,1,1,0,1,1
G:\Thesis\FACET_Dataset\Segmented_FACET_0.2_fixed_label\sa_7217967.jpg,5,5,4,1,0.4470144212245941,5,5,5,4,1,0,1,1,1
G:\Thesis\FACET_Dataset\Segmented_FACET_0.2_fixed_label\sa_9458625.jpg,3,3,2,0,0.2672039866447449,3,3,3,2,0,0,1,1,1
G:\Thesis\FACET_Dataset\Segmented_FACET_0.2_fixed_label\sa_8812021.jpg,4,4,3,1,0.3819374442100525,4,4,4,3,1,0,1,1,1
G:\Thesis\FACET_Dataset\Segmented_FACET_0.2_fixed_label\sa_870796.jpg,4,4,3,1,0.27908560633659363,4,4,4,3,1,0,1,1,1
G:\Thesis\FACET_Dataset\Segmented_FACET_0.2_fixed_label\sa_3012918.jpg,5,5,4,1,0.20612046122550964,3,3,3,2,0,2,0,0,0
G:\Thesis\FACET_Dataset\Segmented_FACET_0.2_fixed_label\sa_2196161.jpg,3,3,2,0,0.3424793481826782,4,4,4,3,1,1,0,1,0
G:\Thesis\FACET_Dataset\Segmented_FACET_0.2_fixed_label\sa_2499281.jpg,1,1,0,0,0.46398496627807617,5,5,5,4,1,4,0,0,0
G:\Thesis\FACET_Dataset\Segmented_FACET_0.2_fixed_label\sa_4313887.jpg,5,5,4,1,0.5147279500961304,6,6,6,5,1,1,0,1,1
G:\Thesis\FACET_Dataset\Segmented_FACET_0.2_fixed_label\sa_4068101.jpg,3,3,2,0,0.374490350484848,4,4,4,3,1,1,0,1,0
G:\Thesis\FACET_Dataset\Segmented_FACET_0.2_fixed_label\sa_4199584.jpg,4,4,3,1,0.47477614879608154,5,5,5,4,1,1,0,1,1
G:\Thesis\FACET_Dataset\Segmented_FACET_0.2_fixed_label\sa_8531277.jpg,3,3,2,0,0.47800537943840027,5,5,5,4,1,2,0,0,0
G:\Thesis\FACET_Dataset\Segmented_FACET_0.2_fixed_label\sa_1442214.jpg,2,2,1,0,0.3150002658367157,4,4,4,3,1,2,0,0,0
G:\Thesis\FACET_Dataset\Segmented_FACET_0.2_fixed_label\sa_4079700.jpg,5,5,4,1,0.5661092400550842,6,6,6,5,1,1,0,1,1
G:\Thesis\FACET_Dataset\Segmented_FACET_0.2_fixed_label\sa_5677264.jpg,4,4,3,1,0.47744637727737427,5,5,5,4,1,1,0,1,1
G:\Thesis\FACET_Dataset\Segmented_FACET_0.2_fixed_label\sa_5465335.jpg,3,3,2,0,0.2514997124671936,3,3,3,2,0,0,1,1,1
G:\Thesis\FACET_Dataset\Segmented_FACET_0.2_fixed_label\sa_1462121.jpg,4,4,3,1,0.4325728416442871,5,5,5,4,1,1,0,1,1
G:\Thesis\FACET_Dataset\Segmented_FACET_0.2_fixed_label\sa_5976402.jpg,2,2,1,0,0.41920050978660583,5,5,5,4,1,3,0,0,0
G:\Thesis\FACET_Dataset\Segmented_FACET_0.2_fixed_label\sa_1441403.jpg,3,3,2,0,0.09376171976327896,2,2,2,1,0,1,0,1,1
G:\Thesis\FACET_Dataset\Segmented_FACET_0.2_fixed_label\sa_1793094.jpg,2,2,1,0,0.32510316371917725,4,4,4,3,1,2,0,0,0
G:\Thesis\FACET_Dataset\Segmented_FACET_0.2_fixed_label\sa_8539185.jpg,2,2,1,0,0.3720695972442627,4,4,4,3,1,2,0,0,0
G:\Thesis\FACET_Dataset\Segmented_FACET_0.2_fixed_label\sa_7072705.jpg,5,5,4,1,0.2751457691192627,3,3,3,2,0,2,0,0,0
G:\Thesis\FACET_Dataset\Segmented_FACET_0.2_fixed_label\sa_350152.jpg,3,3,2,0,0.27009260654449463,3,3,3,2,0,0,1,1,1
G:\Thesis\FACET_Dataset\Segmented_FACET_0.2_fixed_label\sa_4563150.jpg,2,2,1,0,0.20852477848529816,3,3,3,2,0,1,0,1,1
G:\Thesis\FACET_Dataset\Segmented_FACET_0.2_fixed_label\sa_975478.jpg,5,5,4,1,0.23246045410633087,3,3,3,2,0,2,0,0,0
G:\Thesis\FACET_Dataset\Segmented_FACET_0.2_fixed_label\sa_2746131.jpg,5,5,4,1,0.4325297474861145,5,5,5,4,1,0,1,1,1
G:\Thesis\FACET_Dataset\Segmented_FACET_0.2_fixed_label\sa_6844966.jpg,4,4,3,1,0.28274431824684143,4,4,4,3,1,0,1,1,1
G:\Thesis\FACET_Dataset\Segmented_FACET_0.2_fixed_label\sa_7005202.jpg,3,3,2,0,0.27338317036628723,3,3,3,2,0,0,1,1,1
G:\Thesis\FACET_Dataset\Segmented_FACET_0.2_fixed_label\sa_7330766.jpg,3,3,2,0,0.28878846764564514,4,4,4,3,1,1,0,1,0
G:\Thesis\FACET_Dataset\Segmented_FACET_0.2_fixed_label\sa_3436418.jpg,6,6,5,1,0.27830633521080017,4,4,4,3,1,2,0,0,1
G:\Thesis\FACET_Dataset\Segmented_FACET_0.2_fixed_label\sa_11053641.jpg,4,4,3,1,0.47532230615615845,5,5,5,4,1,1,0,1,1
G:\Thesis\FACET_Dataset\Segmented_FACET_0.2_fixed_label\sa_8381515.jpg,4,4,3,1,0.4861828088760376,5,5,5,4,1,1,0,1,1
G:\Thesis\FACET_Dataset\Segmented_FACET_0.2_fixed_label\sa_1984040.jpg,6,6,5,1,0.4607260227203369,5,5,5,4,1,1,0,1,1
G:\Thesis\FACET_Dataset\Segmented_FACET_0.2_fixed_label\sa_8489176.jpg,9,9,8,2,0.6621193289756775,7,7,7,6,1,2,0,0,0
G:\Thesis\FACET_Dataset\Segmented_FACET_0.2_fixed_label\sa_1435095.jpg,4,4,3,1,0.2558578550815582,3,3,3,2,0,1,0,1,0
G:\Thesis\FACET_Dataset\Segmented_FACET_0.2_fixed_label\sa_10340266.jpg,4,4,3,1,0.28664350509643555,4,4,4,3,1,0,1,1,1
G:\Thesis\FACET_Dataset\Segmented_FACET_0.2_fixed_label\sa_15807.jpg,3,3,2,0,0.26479679346084595,3,3,3,2,0,0,1,1,1
G:\Thesis\FACET_Dataset\Segmented_FACET_0.2_fixed_label\sa_10887048.jpg,4,4,3,1,0.47386860847473145,5,5,5,4,1,1,0,1,1
G:\Thesis\FACET_Dataset\Segmented_FACET_0.2_fixed_label\sa_7113737.jpg,2,2,1,0,0.424063116312027,5,5,5,4,1,3,0,0,0
G:\Thesis\FACET_Dataset\Segmented_FACET_0.2_fixed_label\sa_7344264.jpg,3,3,2,0,0.3389104902744293,4,4,4,3,1,1,0,1,0
G:\Thesis\FACET_Dataset\Segmented_FACET_0.2_fixed_label\sa_6390701.jpg,4,4,3,1,0.4022166430950165,5,5,5,4,1,1,0,1,1
G:\Thesis\FACET_Dataset\Segmented_FACET_0.2_fixed_label\sa_4450995.jpg,2,2,1,0,0.08446775376796722,2,2,2,1,0,0,1,1,1
G:\Thesis\FACET_Dataset\Segmented_FACET_0.2_fixed_label\sa_1195619.jpg,5,5,4,1,0.48329848051071167,5,5,5,4,1,0,1,1,1
G:\Thesis\FACET_Dataset\Segmented_FACET_0.2_fixed_label\sa_11054725.jpg,5,5,4,1,0.4601592421531677,5,5,5,4,1,0,1,1,1
G:\Thesis\FACET_Dataset\Segmented_FACET_0.2_fixed_label\sa_2255583.jpg,2,2,1,0,0.2537021338939667,3,3,3,2,0,1,0,1,1
G:\Thesis\FACET_Dataset\Segmented_FACET_0.2_fixed_label\sa_8743424.jpg,3,3,2,0,0.35431814193725586,4,4,4,3,1,1,0,1,0
G:\Thesis\FACET_Dataset\Segmented_FACET_0.2_fixed_label\sa_11034656.jpg,6,6,5,1,0.47170186042785645,5,5,5,4,1,1,0,1,1
G:\Thesis\FACET_Dataset\Segmented_FACET_0.2_fixed_label\sa_6110157.jpg,4,4,3,1,0.4691714942455292,5,5,5,4,1,1,0,1,1
G:\Thesis\FACET_Dataset\Segmented_FACET_0.2_fixed_label\sa_2559933.jpg,5,5,4,1,0.24746546149253845,3,3,3,2,0,2,0,0,0
G:\Thesis\FACET_Dataset\Segmented_FACET_0.2_fixed_label\sa_1404960.jpg,3,3,2,0,0.3805673122406006,4,4,4,3,1,1,0,1,0
G:\Thesis\FACET_Dataset\Segmented_FACET_0.2_fixed_label\sa_3437748.jpg,7,7,6,1,0.6808935403823853,7,7,7,6,1,0,1,1,1
G:\Thesis\FACET_Dataset\Segmented_FACET_0.2_fixed_label\sa_6166993.jpg,3,3,2,0,0.4518014192581177,5,5,5,4,1,2,0,0,0
G:\Thesis\FACET_Dataset\Segmented_FACET_0.2_fixed_label\sa_8438635.jpg,4,4,3,1,0.1814471036195755,3,3,3,2,0,1,0,1,0
G:\Thesis\FACET_Dataset\Segmented_FACET_0.2_fixed_label\sa_2937365.jpg,2,2,1,0,0.3500021994113922,4,4,4,3,1,2,0,0,0
G:\Thesis\FACET_Dataset\Segmented_FACET_0.2_fixed_label\sa_10202700.jpg,8,8,7,2,0.6763713955879211,7,7,7,6,1,1,0,1,0
G:\Thesis\FACET_Dataset\Segmented_FACET_0.2_fixed_label\sa_3513021.jpg,3,3,2,0,0.25698843598365784,3,3,3,2,0,0,1,1,1
G:\Thesis\FACET_Dataset\Segmented_FACET_0.2_fixed_label\sa_3878735.jpg,6,6,5,1,0.4204317033290863,5,5,5,4,1,1,0,1,1
G:\Thesis\FACET_Dataset\Segmented_FACET_0.2_fixed_label\sa_7971175.jpg,3,3,2,0,0.49556609988212585,5,5,5,4,1,2,0,0,0
G:\Thesis\FACET_Dataset\Segmented_FACET_0.2_fixed_label\sa_8022355.jpg,6,6,5,1,0.5428766012191772,6,6,6,5,1,0,1,1,1
G:\Thesis\FACET_Dataset\Segmented_FACET_0.2_fixed_label\sa_5712543.jpg,2,2,1,0,0.3392426669597626,4,4,4,3,1,2,0,0,0
G:\Thesis\FACET_Dataset\Segmented_FACET_0.2_fixed_label\sa_7943968.jpg,2,2,1,0,0.2868058979511261,4,4,4,3,1,2,0,0,0
G:\Thesis\FACET_Dataset\Segmented_FACET_0.2_fixed_label\sa_10217841.jpg,2,2,1,0,0.2398020625114441,3,3,3,2,0,1,0,1,1
G:\Thesis\FACET_Dataset\Segmented_FACET_0.2_fixed_label\sa_7213451.jpg,3,3,2,0,0.2066187709569931,3,3,3,2,0,0,1,1,1
G:\Thesis\FACET_Dataset\Segmented_FACET_0.2_fixed_label\sa_9604483.jpg,3,3,2,0,0.23699626326560974,3,3,3,2,0,0,1,1,1
G:\Thesis\FACET_Dataset\Segmented_FACET_0.2_fixed_label\sa_10498237.jpg,2,2,1,0,0.5089597105979919,6,6,6,5,1,4,0,0,0
G:\Thesis\FACET_Dataset\Segmented_FACET_0.2_fixed_label\sa_10459138.jpg,3,3,2,0,0.10518874228000641,2,2,2,1,0,1,0,1,1
G:\Thesis\FACET_Dataset\Segmented_FACET_0.2_fixed_label\sa_8539185.jpg,2,2,1,0,0.3720695972442627,4,4,4,3,1,2,0,0,0
G:\Thesis\FACET_Dataset\Segmented_FACET_0.2_fixed_label\sa_5093441.jpg,2,2,1,0,0.22891543805599213,3,3,3,2,0,1,0,1,1
G:\Thesis\FACET_Dataset\Segmented_FACET_0.2_fixed_label\sa_3665560.jpg,5,5,4,1,0.5153358578681946,6,6,6,5,1,1,0,1,1
G:\Thesis\FACET_Dataset\Segmented_FACET_0.2_fixed_label\sa_1229148.jpg,5,5,4,1,0.4078942537307739,5,5,5,4,1,0,1,1,1
G:\Thesis\FACET_Dataset\Segmented_FACET_0.2_fixed_label\sa_7373385.jpg,4,4,3,1,0.17214089632034302,3,3,3,2,0,1,0,1,0
G:\Thesis\FACET_Dataset\Segmented_FACET_0.2_fixed_label\sa_4231211.jpg,5,5,4,1,0.5259456038475037,6,6,6,5,1,1,0,1,1
G:\Thesis\FACET_Dataset\Segmented_FACET_0.2_fixed_label\sa_3490225.jpg,9,9,8,2,0.6763266324996948,7,7,7,6,1,2,0,0,0
G:\Thesis\FACET_Dataset\Segmented_FACET_0.2_fixed_label\sa_4231211.jpg,2,2,1,0,0.5259456038475037,6,6,6,5,1,4,0,0,0
G:\Thesis\FACET_Dataset\Segmented_FACET_0.2_fixed_label\sa_1012178.jpg,5,5,4,1,0.16156123578548431,2,2,2,1,0,3,0,0,0
G:\Thesis\FACET_Dataset\Segmented_FACET_0.2_fixed_label\sa_5322173.jpg,3,3,2,0,0.43119627237319946,5,5,5,4,1,2,0,0,0
G:\Thesis\FACET_Dataset\Segmented_FACET_0.2_fixed_label\sa_10109543.jpg,5,5,4,1,0.2930774390697479,4,4,4,3,1,1,0,1,1
G:\Thesis\FACET_Dataset\Segmented_FACET_0.2_fixed_label\sa_2564768.jpg,3,3,2,0,0.2907823920249939,4,4,4,3,1,1,0,1,0
G:\Thesis\FACET_Dataset\Segmented_FACET_0.2_fixed_label\sa_7789823.jpg,7,7,6,1,0.6139511466026306,7,7,7,6,1,0,1,1,1
G:\Thesis\FACET_Dataset\Segmented_FACET_0.2_fixed_label\sa_5333185.jpg,5,5,4,1,0.532932460308075,6,6,6,5,1,1,0,1,1
G:\Thesis\FACET_Dataset\Segmented_FACET_0.2_fixed_label\sa_8748950.jpg,6,6,5,1,0.5348237752914429,6,6,6,5,1,0,1,1,1
G:\Thesis\FACET_Dataset\Segmented_FACET_0.2_fixed_label\sa_10957218.jpg,8,8,7,2,0.5093288421630859,6,6,6,5,1,2,0,0,0
G:\Thesis\FACET_Dataset\Segmented_FACET_0.2_fixed_label\sa_1013900.jpg,2,2,1,0,0.4203321039676666,5,5,5,4,1,3,0,0,0
G:\Thesis\FACET_Dataset\Segmented_FACET_0.2_fixed_label\sa_6482255.jpg,2,2,1,0,0.24835748970508575,3,3,3,2,0,1,0,1,1
G:\Thesis\FACET_Dataset\Segmented_FACET_0.2_fixed_label\sa_7779201.jpg,4,4,3,1,0.3767738938331604,4,4,4,3,1,0,1,1,1
G:\Thesis\FACET_Dataset\Segmented_FACET_0.2_fixed_label\sa_9288427.jpg,4,4,3,1,0.294452965259552,4,4,4,3,1,0,1,1,1
G:\Thesis\FACET_Dataset\Segmented_FACET_0.2_fixed_label\sa_3526045.jpg,1,1,0,0,0.2625954747200012,3,3,3,2,0,2,0,0,1
G:\Thesis\FACET_Dataset\Segmented_FACET_0.2_fixed_label\sa_3024384.jpg,6,6,5,1,0.4060786962509155,5,5,5,4,1,1,0,1,1
G:\Thesis\FACET_Dataset\Segmented_FACET_0.2_fixed_label\sa_5476556.jpg,3,3,2,0,0.22022168338298798,3,3,3,2,0,0,1,1,1
G:\Thesis\FACET_Dataset\Segmented_FACET_0.2_fixed_label\sa_10720806.jpg,2,2,1,0,0.13539867103099823,2,2,2,1,0,0,1,1,1
G:\Thesis\FACET_Dataset\Segmented_FACET_0.2_fixed_label\sa_1442214.jpg,2,2,1,0,0.3150002658367157,4,4,4,3,1,2,0,0,0
G:\Thesis\FACET_Dataset\Segmented_FACET_0.2_fixed_label\sa_7453249.jpg,6,6,5,1,0.4350859820842743,5,5,5,4,1,1,0,1,1
G:\Thesis\FACET_Dataset\Segmented_FACET_0.2_fixed_label\sa_8880378.jpg,1,1,0,0,0.2908760607242584,4,4,4,3,1,3,0,0,0
G:\Thesis\FACET_Dataset\Segmented_FACET_0.2_fixed_label\sa_591356.jpg,4,4,3,1,0.4861210584640503,5,5,5,4,1,1,0,1,1
G:\Thesis\FACET_Dataset\Segmented_FACET_0.2_fixed_label\sa_8614714.jpg,4,4,3,1,0.2927412688732147,4,4,4,3,1,0,1,1,1
G:\Thesis\FACET_Dataset\Segmented_FACET_0.2_fixed_label\sa_3924441.jpg,3,3,2,0,0.5241631865501404,6,6,6,5,1,3,0,0,0
G:\Thesis\FACET_Dataset\Segmented_FACET_0.2_fixed_label\sa_9454089.jpg,5,5,4,1,0.5187569856643677,6,6,6,5,1,1,0,1,1
G:\Thesis\FACET_Dataset\Segmented_FACET_0.2_fixed_label\sa_8273213.jpg,1,1,0,0,0.4248536229133606,5,5,5,4,1,4,0,0,0
G:\Thesis\FACET_Dataset\Segmented_FACET_0.2_fixed_label\sa_3069634.jpg,5,5,4,1,0.5159076452255249,6,6,6,5,1,1,0,1,1
G:\Thesis\FACET_Dataset\Segmented_FACET_0.2_fixed_label\sa_6418033.jpg,6,6,5,1,0.5113837718963623,6,6,6,5,1,0,1,1,1
G:\Thesis\FACET_Dataset\Segmented_FACET_0.2_fixed_label\sa_8970413.jpg,7,7,6,1,0.4595721960067749,5,5,5,4,1,2,0,0,1
G:\Thesis\FACET_Dataset\Segmented_FACET_0.2_fixed_label\sa_1049914.jpg,4,4,3,1,0.38564547896385193,4,4,4,3,1,0,1,1,1
G:\Thesis\FACET_Dataset\Segmented_FACET_0.2_fixed_label\sa_9197419.jpg,6,6,5,1,0.5242195129394531,6,6,6,5,1,0,1,1,1
G:\Thesis\FACET_Dataset\Segmented_FACET_0.2_fixed_label\sa_5284808.jpg,2,2,1,0,0.2001742720603943,3,3,3,2,0,1,0,1,1
G:\Thesis\FACET_Dataset\Segmented_FACET_0.2_fixed_label\sa_5633666.jpg,5,5,4,1,0.28824031352996826,4,4,4,3,1,1,0,1,1
G:\Thesis\FACET_Dataset\Segmented_FACET_0.2_fixed_label\sa_9573144.jpg,2,2,1,0,0.3163502514362335,4,4,4,3,1,2,0,0,0
G:\Thesis\FACET_Dataset\Segmented_FACET_0.2_fixed_label\sa_7593135.jpg,2,2,1,0,0.3228430449962616,4,4,4,3,1,2,0,0,0
G:\Thesis\FACET_Dataset\Segmented_FACET_0.2_fixed_label\sa_10705237.jpg,4,4,3,1,0.2682250440120697,3,3,3,2,0,1,0,1,0
G:\Thesis\FACET_Dataset\Segmented_FACET_0.2_fixed_label\sa_5526742.jpg,5,5,4,1,0.3534816801548004,4,4,4,3,1,1,0,1,1
G:\Thesis\FACET_Dataset\Segmented_FACET_0.2_fixed_label\sa_10189559.jpg,1,1,0,0,0.17762194573879242,3,3,3,2,0,2,0,0,1
G:\Thesis\FACET_Dataset\Segmented_FACET_0.2_fixed_label\sa_10206504.jpg,6,6,5,1,0.605729877948761,6,6,6,5,1,0,1,1,1
G:\Thesis\FACET_Dataset\Segmented_FACET_0.2_fixed_label\sa_4808180.jpg,3,3,2,0,0.3224276900291443,4,4,4,3,1,1,0,1,0
G:\Thesis\FACET_Dataset\Segmented_FACET_0.2_fixed_label\sa_1468527.jpg,5,5,4,1,0.444341242313385,5,5,5,4,1,0,1,1,1
G:\Thesis\FACET_Dataset\Segmented_FACET_0.2_fixed_label\sa_1229148.jpg,2,2,1,0,0.4078942537307739,5,5,5,4,1,3,0,0,0
G:\Thesis\FACET_Dataset\Segmented_FACET_0.2_fixed_label\sa_3409064.jpg,3,3,2,0,0.1666729599237442,3,3,3,2,0,0,1,1,1
G:\Thesis\FACET_Dataset\Segmented_FACET_0.2_fixed_label\sa_5515644.jpg,3,3,2,0,0.15413297712802887,2,2,2,1,0,1,0,1,1
G:\Thesis\FACET_Dataset\Segmented_FACET_0.2_fixed_label\sa_1741181.jpg,4,4,3,1,0.22670546174049377,3,3,3,2,0,1,0,1,0
G:\Thesis\FACET_Dataset\Segmented_FACET_0.2_fixed_label\sa_2813753.jpg,4,4,3,1,0.2859175503253937,4,4,4,3,1,0,1,1,1
G:\Thesis\FACET_Dataset\Segmented_FACET_0.2_fixed_label\sa_4455432.jpg,8,8,7,2,0.8282802104949951,8,8,8,7,2,0,1,1,1
G:\Thesis\FACET_Dataset\Segmented_FACET_0.2_fixed_label\sa_1282407.jpg,2,2,1,0,0.2739412486553192,3,3,3,2,0,1,0,1,1
G:\Thesis\FACET_Dataset\Segmented_FACET_0.2_fixed_label\sa_3087418.jpg,6,6,5,1,0.5069510340690613,6,6,6,5,1,0,1,1,1
G:\Thesis\FACET_Dataset\Segmented_FACET_0.2_fixed_label\sa_9467051.jpg,5,5,4,1,0.4247020483016968,5,5,5,4,1,0,1,1,1
G:\Thesis\FACET_Dataset\Segmented_FACET_0.2_fixed_label\sa_33770.jpg,3,3,2,0,0.36892813444137573,4,4,4,3,1,1,0,1,0
G:\Thesis\FACET_Dataset\Segmented_FACET_0.2_fixed_label\sa_5359669.jpg,9,9,8,2,0.797488808631897,8,8,8,7,2,1,0,1,1
G:\Thesis\FACET_Dataset\Segmented_FACET_0.2_fixed_label\sa_5950493.jpg,4,4,3,1,0.4475767910480499,5,5,5,4,1,1,0,1,1
G:\Thesis\FACET_Dataset\Segmented_FACET_0.2_fixed_label\sa_10523359.jpg,4,4,3,1,0.500917911529541,6,6,6,5,1,2,0,0,1
G:\Thesis\FACET_Dataset\Segmented_FACET_0.2_fixed_label\sa_1073347.jpg,3,3,2,0,0.473837673664093,5,5,5,4,1,2,0,0,0
G:\Thesis\FACET_Dataset\Segmented_FACET_0.2_fixed_label\sa_7067411.jpg,3,3,2,0,0.26731276512145996,3,3,3,2,0,0,1,1,1
G:\Thesis\FACET_Dataset\Segmented_FACET_0.2_fixed_label\sa_4331908.jpg,3,3,2,0,0.35415759682655334,4,4,4,3,1,1,0,1,0
G:\Thesis\FACET_Dataset\Segmented_FACET_0.2_fixed_label\sa_7336637.jpg,3,3,2,0,0.5728384852409363,6,6,6,5,1,3,0,0,0
G:\Thesis\FACET_Dataset\Segmented_FACET_0.2_fixed_label\sa_11183987.jpg,5,5,4,1,0.42845070362091064,5,5,5,4,1,0,1,1,1
G:\Thesis\FACET_Dataset\Segmented_FACET_0.2_fixed_label\sa_4644720.jpg,4,4,3,1,0.5982320308685303,6,6,6,5,1,2,0,0,1
G:\Thesis\FACET_Dataset\Segmented_FACET_0.2_fixed_label\sa_7021900.jpg,3,3,2,0,0.3656264841556549,4,4,4,3,1,1,0,1,0
G:\Thesis\FACET_Dataset\Segmented_FACET_0.2_fixed_label\sa_8754701.jpg,2,2,1,0,0.4350951313972473,5,5,5,4,1,3,0,0,0
G:\Thesis\FACET_Dataset\Segmented_FACET_0.2_fixed_label\sa_6274456.jpg,4,4,3,1,0.3821927011013031,4,4,4,3,1,0,1,1,1
G:\Thesis\FACET_Dataset\Segmented_FACET_0.2_fixed_label\sa_3314883.jpg,2,2,1,0,0.38345643877983093,4,4,4,3,1,2,0,0,0
G:\Thesis\FACET_Dataset\Segmented_FACET_0.2_fixed_label\sa_6712641.jpg,7,7,6,1,0.5034066438674927,6,6,6,5,1,1,0,1,1
G:\Thesis\FACET_Dataset\Segmented_FACET_0.2_fixed_label\sa_9494962.jpg,9,9,8,2,0.5743101835250854,6,6,6,5,1,3,0,0,0
G:\Thesis\FACET_Dataset\Segmented_FACET_0.2_fixed_label\sa_3362329.jpg,8,8,7,2,0.5757988095283508,6,6,6,5,1,2,0,0,0
G:\Thesis\FACET_Dataset\Segmented_FACET_0.2_fixed_label\sa_8201612.jpg,7,7,6,1,0.3523077964782715,4,4,4,3,1,3,0,0,1
G:\Thesis\FACET_Dataset\Segmented_FACET_0.2_fixed_label\sa_7963944.jpg,3,3,2,0,0.33649998903274536,4,4,4,3,1,1,0,1,0
G:\Thesis\FACET_Dataset\Segmented_FACET_0.2_fixed_label\sa_7440898.jpg,2,2,1,0,0.2657715976238251,3,3,3,2,0,1,0,1,1
G:\Thesis\FACET_Dataset\Segmented_FACET_0.2_fixed_label\sa_9993648.jpg,3,3,2,0,0.16138984262943268,2,2,2,1,0,1,0,1,1
G:\Thesis\FACET_Dataset\Segmented_FACET_0.2_fixed_label\sa_6663509.jpg,6,6,5,1,0.7067647576332092,7,7,7,6,1,1,0,1,1
G:\Thesis\FACET_Dataset\Segmented_FACET_0.2_fixed_label\sa_9584356.jpg,3,3,2,0,0.07925443351268768,2,2,2,1,0,1,0,1,1
G:\Thesis\FACET_Dataset\Segmented_FACET_0.2_fixed_label\sa_974197.jpg,3,3,2,0,0.2989446818828583,4,4,4,3,1,1,0,1,0
G:\Thesis\FACET_Dataset\Segmented_FACET_0.2_fixed_label\sa_607894.jpg,3,3,2,0,0.3046974241733551,4,4,4,3,1,1,0,1,0
G:\Thesis\FACET_Dataset\Segmented_FACET_0.2_fixed_label\sa_443340.jpg,2,2,1,0,0.2594105303287506,3,3,3,2,0,1,0,1,1
G:\Thesis\FACET_Dataset\Segmented_FACET_0.2_fixed_label\sa_6934043.jpg,4,4,3,1,0.33793163299560547,4,4,4,3,1,0,1,1,1
G:\Thesis\FACET_Dataset\Segmented_FACET_0.2_fixed_label\sa_4211530.jpg,1,1,0,0,0.31802982091903687,4,4,4,3,1,3,0,0,0
G:\Thesis\FACET_Dataset\Segmented_FACET_0.2_fixed_label\sa_8119206.jpg,5,5,4,1,0.4347468912601471,5,5,5,4,1,0,1,1,1
G:\Thesis\FACET_Dataset\Segmented_FACET_0.2_fixed_label\sa_2225060.jpg,4,4,3,1,0.22900719940662384,3,3,3,2,0,1,0,1,0
G:\Thesis\FACET_Dataset\Segmented_FACET_0.2_fixed_label\sa_416153.jpg,1,1,0,0,0.7024281024932861,7,7,7,6,1,6,0,0,0
G:\Thesis\FACET_Dataset\Segmented_FACET_0.2_fixed_label\sa_2204614.jpg,5,5,4,1,0.5069521069526672,6,6,6,5,1,1,0,1,1
G:\Thesis\FACET_Dataset\Segmented_FACET_0.2_fixed_label\sa_312129.jpg,3,3,2,0,0.21337075531482697,3,3,3,2,0,0,1,1,1
G:\Thesis\FACET_Dataset\Segmented_FACET_0.2_fixed_label\sa_7723303.jpg,4,4,3,1,0.4965578615665436,5,5,5,4,1,1,0,1,1
G:\Thesis\FACET_Dataset\Segmented_FACET_0.2_fixed_label\sa_7256930.jpg,5,5,4,1,0.4397641718387604,5,5,5,4,1,0,1,1,1
G:\Thesis\FACET_Dataset\Segmented_FACET_0.2_fixed_label\sa_4570059.jpg,4,4,3,1,0.35195860266685486,4,4,4,3,1,0,1,1,1
G:\Thesis\FACET_Dataset\Segmented_FACET_0.2_fixed_label\sa_8531277.jpg,5,5,4,1,0.47800537943840027,5,5,5,4,1,0,1,1,1
G:\Thesis\FACET_Dataset\Segmented_FACET_0.2_fixed_label\sa_5574212.jpg,2,2,1,0,0.31287041306495667,4,4,4,3,1,2,0,0,0
G:\Thesis\FACET_Dataset\Segmented_FACET_0.2_fixed_label\sa_2215123.jpg,3,3,2,0,0.2729029357433319,3,3,3,2,0,0,1,1,1
G:\Thesis\FACET_Dataset\Segmented_FACET_0.2_fixed_label\sa_6977491.jpg,2,2,1,0,0.3051939606666565,4,4,4,3,1,2,0,0,0
G:\Thesis\FACET_Dataset\Segmented_FACET_0.2_fixed_label\sa_10553447.jpg,2,2,1,0,0.606050968170166,6,6,6,5,1,4,0,0,0
G:\Thesis\FACET_Dataset\Segmented_FACET_0.2_fixed_label\sa_592062.jpg,7,7,6,1,0.497732013463974,5,5,5,4,1,2,0,0,1
G:\Thesis\FACET_Dataset\Segmented_FACET_0.2_fixed_label\sa_817940.jpg,4,4,3,1,0.49908217787742615,5,5,5,4,1,1,0,1,1
G:\Thesis\FACET_Dataset\Segmented_FACET_0.2_fixed_label\sa_1005786.jpg,6,6,5,1,0.12831833958625793,2,2,2,1,0,4,0,0,0
G:\Thesis\FACET_Dataset\Segmented_FACET_0.2_fixed_label\sa_8700852.jpg,3,3,2,0,0.33476561307907104,4,4,4,3,1,1,0,1,0
G:\Thesis\FACET_Dataset\Segmented_FACET_0.2_fixed_label\sa_6411745.jpg,9,9,8,2,0.5935076475143433,6,6,6,5,1,3,0,0,0
G:\Thesis\FACET_Dataset\Segmented_FACET_0.2_fixed_label\sa_8815397.jpg,4,4,3,1,0.4565434455871582,5,5,5,4,1,1,0,1,1
G:\Thesis\FACET_Dataset\Segmented_FACET_0.2_fixed_label\sa_9040041.jpg,3,3,2,0,0.4825078845024109,5,5,5,4,1,2,0,0,0
G:\Thesis\FACET_Dataset\Segmented_FACET_0.2_fixed_label\sa_6481829.jpg,3,3,2,0,0.2321782112121582,3,3,3,2,0,0,1,1,1
G:\Thesis\FACET_Dataset\Segmented_FACET_0.2_fixed_label\sa_1611695.jpg,4,4,3,1,0.20697520673274994,3,3,3,2,0,1,0,1,0
G:\Thesis\FACET_Dataset\Segmented_FACET_0.2_fixed_label\sa_6440016.jpg,6,6,5,1,0.3634849488735199,4,4,4,3,1,2,0,0,1
G:\Thesis\FACET_Dataset\Segmented_FACET_0.2_fixed_label\sa_10040081.jpg,2,2,1,0,0.599632740020752,6,6,6,5,1,4,0,0,0
G:\Thesis\FACET_Dataset\Segmented_FACET_0.2_fixed_label\sa_6195714.jpg,3,3,2,0,0.2578456401824951,3,3,3,2,0,0,1,1,1
G:\Thesis\FACET_Dataset\Segmented_FACET_0.2_fixed_label\sa_9360131.jpg,3,3,2,0,0.1545858383178711,2,2,2,1,0,1,0,1,1
G:\Thesis\FACET_Dataset\Segmented_FACET_0.2_fixed_label\sa_4273169.jpg,5,5,4,1,0.3279275596141815,4,4,4,3,1,1,0,1,1
G:\Thesis\FACET_Dataset\Segmented_FACET_0.2_fixed_label\sa_6969128.jpg,6,6,5,1,0.7224080562591553,8,8,8,7,2,2,0,0,0
G:\Thesis\FACET_Dataset\Segmented_FACET_0.2_fixed_label\sa_4489155.jpg,2,2,1,0,0.3440064489841461,4,4,4,3,1,2,0,0,0
G:\Thesis\FACET_Dataset\Segmented_FACET_0.2_fixed_label\sa_3306006.jpg,5,5,4,1,0.3313969373703003,4,4,4,3,1,1,0,1,1
G:\Thesis\FACET_Dataset\Segmented_FACET_0.2_fixed_label\sa_5341256.jpg,4,4,3,1,0.26540321111679077,3,3,3,2,0,1,0,1,0
G:\Thesis\FACET_Dataset\Segmented_FACET_0.2_fixed_label\sa_4326242.jpg,2,2,1,0,0.15924778580665588,2,2,2,1,0,0,1,1,1
G:\Thesis\FACET_Dataset\Segmented_FACET_0.2_fixed_label\sa_322016.jpg,7,7,6,1,0.7013123035430908,7,7,7,6,1,0,1,1,1
G:\Thesis\FACET_Dataset\Segmented_FACET_0.2_fixed_label\sa_9013849.jpg,2,2,1,0,0.23398742079734802,3,3,3,2,0,1,0,1,1
G:\Thesis\FACET_Dataset\Segmented_FACET_0.2_fixed_label\sa_9195790.jpg,3,3,2,0,0.3818661570549011,4,4,4,3,1,1,0,1,0
G:\Thesis\FACET_Dataset\Segmented_FACET_0.2_fixed_label\sa_4218870.jpg,2,2,1,0,0.37275996804237366,4,4,4,3,1,2,0,0,0
G:\Thesis\FACET_Dataset\Segmented_FACET_0.2_fixed_label\sa_2718141.jpg,3,3,2,0,0.1267797201871872,2,2,2,1,0,1,0,1,1
G:\Thesis\FACET_Dataset\Segmented_FACET_0.2_fixed_label\sa_8427682.jpg,5,5,4,1,0.4891761541366577,5,5,5,4,1,0,1,1,1
G:\Thesis\FACET_Dataset\Segmented_FACET_0.2_fixed_label\sa_10168183.jpg,6,6,5,1,0.5202865600585938,6,6,6,5,1,0,1,1,1
G:\Thesis\FACET_Dataset\Segmented_FACET_0.2_fixed_label\sa_4974213.jpg,2,2,1,0,0.2183562070131302,3,3,3,2,0,1,0,1,1
G:\Thesis\FACET_Dataset\Segmented_FACET_0.2_fixed_label\sa_2773879.jpg,6,6,5,1,0.32514575123786926,4,4,4,3,1,2,0,0,1
G:\Thesis\FACET_Dataset\Segmented_FACET_0.2_fixed_label\sa_8620905.jpg,6,6,5,1,0.3914065659046173,5,5,5,4,1,1,0,1,1
G:\Thesis\FACET_Dataset\Segmented_FACET_0.2_fixed_label\sa_8889050.jpg,8,8,7,2,0.799492597579956,8,8,8,7,2,0,1,1,1
G:\Thesis\FACET_Dataset\Segmented_FACET_0.2_fixed_label\sa_4935104.jpg,2,2,1,0,0.1655174344778061,2,2,2,1,0,0,1,1,1
G:\Thesis\FACET_Dataset\Segmented_FACET_0.2_fixed_label\sa_180358.jpg,4,4,3,1,0.5674917101860046,6,6,6,5,1,2,0,0,1
G:\Thesis\FACET_Dataset\Segmented_FACET_0.2_fixed_label\sa_4006046.jpg,3,3,2,0,0.2905310094356537,4,4,4,3,1,1,0,1,0
G:\Thesis\FACET_Dataset\Segmented_FACET_0.2_fixed_label\sa_7814016.jpg,2,2,1,0,0.29764628410339355,4,4,4,3,1,2,0,0,0
G:\Thesis\FACET_Dataset\Segmented_FACET_0.2_fixed_label\sa_6210762.jpg,4,4,3,1,0.2005515992641449,3,3,3,2,0,1,0,1,0
G:\Thesis\FACET_Dataset\Segmented_FACET_0.2_fixed_label\sa_10590855.jpg,6,6,5,1,0.5431151390075684,6,6,6,5,1,0,1,1,1
G:\Thesis\FACET_Dataset\Segmented_FACET_0.2_fixed_label\sa_3014967.jpg,3,3,2,0,0.42930686473846436,5,5,5,4,1,2,0,0,0
G:\Thesis\FACET_Dataset\Segmented_FACET_0.2_fixed_label\sa_7825044.jpg,6,6,5,1,0.48017817735671997,5,5,5,4,1,1,0,1,1
G:\Thesis\FACET_Dataset\Segmented_FACET_0.2_fixed_label\sa_7792076.jpg,2,2,1,0,0.15263640880584717,2,2,2,1,0,0,1,1,1
G:\Thesis\FACET_Dataset\Segmented_FACET_0.2_fixed_label\sa_8956098.jpg,3,3,2,0,0.2656225562095642,3,3,3,2,0,0,1,1,1
G:\Thesis\FACET_Dataset\Segmented_FACET_0.2_fixed_label\sa_10890435.jpg,4,4,3,1,0.3132983446121216,4,4,4,3,1,0,1,1,1
G:\Thesis\FACET_Dataset\Segmented_FACET_0.2_fixed_label\sa_10928966.jpg,5,5,4,1,0.35006704926490784,4,4,4,3,1,1,0,1,1
G:\Thesis\FACET_Dataset\Segmented_FACET_0.2_fixed_label\sa_7066244.jpg,3,3,2,0,0.40556609630584717,5,5,5,4,1,2,0,0,0
G:\Thesis\FACET_Dataset\Segmented_FACET_0.2_fixed_label\sa_346685.jpg,6,6,5,1,0.6707936525344849,7,7,7,6,1,1,0,1,1
G:\Thesis\FACET_Dataset\Segmented_FACET_0.2_fixed_label\sa_9616279.jpg,2,2,1,0,0.33298519253730774,4,4,4,3,1,2,0,0,0
G:\Thesis\FACET_Dataset\Segmented_FACET_0.2_fixed_label\sa_9249127.jpg,2,2,1,0,0.6227954030036926,7,7,7,6,1,5,0,0,0
G:\Thesis\FACET_Dataset\Segmented_FACET_0.2_fixed_label\sa_6166560.jpg,2,2,1,0,0.4304729700088501,5,5,5,4,1,3,0,0,0
G:\Thesis\FACET_Dataset\Segmented_FACET_0.2_fixed_label\sa_8822638.jpg,7,7,6,1,0.6355802416801453,7,7,7,6,1,0,1,1,1
G:\Thesis\FACET_Dataset\Segmented_FACET_0.2_fixed_label\sa_8813324.jpg,1,1,0,0,0.3709346354007721,4,4,4,3,1,3,0,0,0
G:\Thesis\FACET_Dataset\Segmented_FACET_0.2_fixed_label\sa_10125607.jpg,3,3,2,0,0.25111111998558044,3,3,3,2,0,0,1,1,1
G:\Thesis\FACET_Dataset\Segmented_FACET_0.2_fixed_label\sa_6937540.jpg,3,3,2,0,0.31090047955513,4,4,4,3,1,1,0,1,0
G:\Thesis\FACET_Dataset\Segmented_FACET_0.2_fixed_label\sa_9766431.jpg,2,2,1,0,0.39253783226013184,5,5,5,4,1,3,0,0,0
G:\Thesis\FACET_Dataset\Segmented_FACET_0.2_fixed_label\sa_8104440.jpg,3,3,2,0,0.19433799386024475,3,3,3,2,0,0,1,1,1
G:\Thesis\FACET_Dataset\Segmented_FACET_0.2_fixed_label\sa_10901854.jpg,2,2,1,0,0.3921574056148529,5,5,5,4,1,3,0,0,0
G:\Thesis\FACET_Dataset\Segmented_FACET_0.2_fixed_label\sa_5677264.jpg,3,3,2,0,0.47744637727737427,5,5,5,4,1,2,0,0,0
G:\Thesis\FACET_Dataset\Segmented_FACET_0.2_fixed_label\sa_5342310.jpg,5,5,4,1,0.5703197717666626,6,6,6,5,1,1,0,1,1
G:\Thesis\FACET_Dataset\Segmented_FACET_0.2_fixed_label\sa_4954786.jpg,2,2,1,0,0.3573184609413147,4,4,4,3,1,2,0,0,0
G:\Thesis\FACET_Dataset\Segmented_FACET_0.2_fixed_label\sa_4758726.jpg,3,3,2,0,0.18866220116615295,3,3,3,2,0,0,1,1,1
G:\Thesis\FACET_Dataset\Segmented_FACET_0.2_fixed_label\sa_8881929.jpg,4,4,3,1,0.49052372574806213,5,5,5,4,1,1,0,1,1
G:\Thesis\FACET_Dataset\Segmented_FACET_0.2_fixed_label\sa_8313216.jpg,2,2,1,0,0.32523807883262634,4,4,4,3,1,2,0,0,0
G:\Thesis\FACET_Dataset\Segmented_FACET_0.2_fixed_label\sa_4150646.jpg,3,3,2,0,0.2357582300901413,3,3,3,2,0,0,1,1,1
G:\Thesis\FACET_Dataset\Segmented_FACET_0.2_fixed_label\sa_3051150.jpg,3,3,2,0,0.18102224171161652,3,3,3,2,0,0,1,1,1
G:\Thesis\FACET_Dataset\Segmented_FACET_0.2_fixed_label\sa_9253251.jpg,2,2,1,0,0.38208064436912537,4,4,4,3,1,2,0,0,0
G:\Thesis\FACET_Dataset\Segmented_FACET_0.2_fixed_label\sa_5817690.jpg,2,2,1,0,0.25973883271217346,3,3,3,2,0,1,0,1,1
G:\Thesis\FACET_Dataset\Segmented_FACET_0.2_fixed_label\sa_1246609.jpg,3,3,2,0,0.3033451437950134,4,4,4,3,1,1,0,1,0
G:\Thesis\FACET_Dataset\Segmented_FACET_0.2_fixed_label\sa_1819429.jpg,4,4,3,1,0.3810504972934723,4,4,4,3,1,0,1,1,1
G:\Thesis\FACET_Dataset\Segmented_FACET_0.2_fixed_label\sa_6862644.jpg,3,3,2,0,0.34716537594795227,4,4,4,3,1,1,0,1,0
G:\Thesis\FACET_Dataset\Segmented_FACET_0.2_fixed_label\sa_10765692.jpg,2,2,1,0,0.3075425326824188,4,4,4,3,1,2,0,0,0
G:\Thesis\FACET_Dataset\Segmented_FACET_0.2_fixed_label\sa_4736682.jpg,3,3,2,0,0.16133639216423035,2,2,2,1,0,1,0,1,1
G:\Thesis\FACET_Dataset\Segmented_FACET_0.2_fixed_label\sa_6944635.jpg,7,7,6,1,0.2045462280511856,3,3,3,2,0,4,0,0,0
G:\Thesis\FACET_Dataset\Segmented_FACET_0.2_fixed_label\sa_6756150.jpg,4,4,3,1,0.4559237062931061,5,5,5,4,1,1,0,1,1
G:\Thesis\FACET_Dataset\Segmented_FACET_0.2_fixed_label\sa_2340787.jpg,6,6,5,1,0.5063517093658447,6,6,6,5,1,0,1,1,1
G:\Thesis\FACET_Dataset\Segmented_FACET_0.2_fixed_label\sa_196464.jpg,7,7,6,1,0.7435566186904907,8,8,8,7,2,1,0,1,0
G:\Thesis\FACET_Dataset\Segmented_FACET_0.2_fixed_label\sa_2665347.jpg,3,3,2,0,0.26394596695899963,3,3,3,2,0,0,1,1,1
G:\Thesis\FACET_Dataset\Segmented_FACET_0.2_fixed_label\sa_3437748.jpg,6,6,5,1,0.6808935403823853,7,7,7,6,1,1,0,1,1
G:\Thesis\FACET_Dataset\Segmented_FACET_0.2_fixed_label\sa_860266.jpg,2,2,1,0,0.18524858355522156,3,3,3,2,0,1,0,1,1
G:\Thesis\FACET_Dataset\Segmented_FACET_0.2_fixed_label\sa_70359.jpg,1,1,0,0,0.28921210765838623,4,4,4,3,1,3,0,0,0
G:\Thesis\FACET_Dataset\Segmented_FACET_0.2_fixed_label\sa_10756664.jpg,6,6,5,1,0.5970169901847839,6,6,6,5,1,0,1,1,1
G:\Thesis\FACET_Dataset\Segmented_FACET_0.2_fixed_label\sa_10621826.jpg,4,4,3,1,0.4892595112323761,5,5,5,4,1,1,0,1,1
G:\Thesis\FACET_Dataset\Segmented_FACET_0.2_fixed_label\sa_4457851.jpg,2,2,1,0,0.5000668168067932,6,6,6,5,1,4,0,0,0
G:\Thesis\FACET_Dataset\Segmented_FACET_0.2_fixed_label\sa_2481180.jpg,3,3,2,0,0.3445456027984619,4,4,4,3,1,1,0,1,0
G:\Thesis\FACET_Dataset\Segmented_FACET_0.2_fixed_label\sa_10423635.jpg,5,5,4,1,0.6319881081581116,7,7,7,6,1,2,0,0,1
G:\Thesis\FACET_Dataset\Segmented_FACET_0.2_fixed_label\sa_10842310.jpg,3,3,2,0,0.3823064863681793,4,4,4,3,1,1,0,1,0
G:\Thesis\FACET_Dataset\Segmented_FACET_0.2_fixed_label\sa_5084013.jpg,3,3,2,0,0.3009486794471741,4,4,4,3,1,1,0,1,0
G:\Thesis\FACET_Dataset\Segmented_FACET_0.2_fixed_label\sa_6693933.jpg,2,2,1,0,0.2976129651069641,4,4,4,3,1,2,0,0,0
G:\Thesis\FACET_Dataset\Segmented_FACET_0.2_fixed_label\sa_10675512.jpg,3,3,2,0,0.2788814306259155,4,4,4,3,1,1,0,1,0
G:\Thesis\FACET_Dataset\Segmented_FACET_0.2_fixed_label\sa_9181726.jpg,3,3,2,0,0.18291011452674866,3,3,3,2,0,0,1,1,1
G:\Thesis\FACET_Dataset\Segmented_FACET_0.2_fixed_label\sa_2832344.jpg,5,5,4,1,0.33646687865257263,4,4,4,3,1,1,0,1,1
G:\Thesis\FACET_Dataset\Segmented_FACET_0.2_fixed_label\sa_6489778.jpg,4,4,3,1,0.3598938286304474,4,4,4,3,1,0,1,1,1
G:\Thesis\FACET_Dataset\Segmented_FACET_0.2_fixed_label\sa_5601677.jpg,5,5,4,1,0.4465270936489105,5,5,5,4,1,0,1,1,1
G:\Thesis\FACET_Dataset\Segmented_FACET_0.2_fixed_label\sa_133421.jpg,3,3,2,0,0.19960591197013855,3,3,3,2,0,0,1,1,1
G:\Thesis\FACET_Dataset\Segmented_FACET_0.2_fixed_label\sa_1886626.jpg,5,5,4,1,0.1400645673274994,2,2,2,1,0,3,0,0,0
G:\Thesis\FACET_Dataset\Segmented_FACET_0.2_fixed_label\sa_3393431.jpg,3,3,2,0,0.2534139156341553,3,3,3,2,0,0,1,1,1
G:\Thesis\FACET_Dataset\Segmented_FACET_0.2_fixed_label\sa_1761705.jpg,4,4,3,1,0.28889748454093933,4,4,4,3,1,0,1,1,1
G:\Thesis\FACET_Dataset\Segmented_FACET_0.2_fixed_label\sa_9294885.jpg,2,2,1,0,0.36368274688720703,4,4,4,3,1,2,0,0,0
G:\Thesis\FACET_Dataset\Segmented_FACET_0.2_fixed_label\sa_367976.jpg,4,4,3,1,0.3563544452190399,4,4,4,3,1,0,1,1,1
G:\Thesis\FACET_Dataset\Segmented_FACET_0.2_fixed_label\sa_6706811.jpg,4,4,3,1,0.3522079885005951,4,4,4,3,1,0,1,1,1
G:\Thesis\FACET_Dataset\Segmented_FACET_0.2_fixed_label\sa_8384730.jpg,6,6,5,1,0.5830826163291931,6,6,6,5,1,0,1,1,1
G:\Thesis\FACET_Dataset\Segmented_FACET_0.2_fixed_label\sa_7669781.jpg,2,2,1,0,0.2302130162715912,3,3,3,2,0,1,0,1,1
G:\Thesis\FACET_Dataset\Segmented_FACET_0.2_fixed_label\sa_9861488.jpg,2,2,1,0,0.1406184732913971,2,2,2,1,0,0,1,1,1
G:\Thesis\FACET_Dataset\Segmented_FACET_0.2_fixed_label\sa_1795411.jpg,3,3,2,0,0.2422706037759781,3,3,3,2,0,0,1,1,1
G:\Thesis\FACET_Dataset\Segmented_FACET_0.2_fixed_label\sa_3600328.jpg,3,3,2,0,0.2923634648323059,4,4,4,3,1,1,0,1,0
G:\Thesis\FACET_Dataset\Segmented_FACET_0.2_fixed_label\sa_6169865.jpg,4,4,3,1,0.34894096851348877,4,4,4,3,1,0,1,1,1
G:\Thesis\FACET_Dataset\Segmented_FACET_0.2_fixed_label\sa_8424797.jpg,2,2,1,0,0.2039271742105484,3,3,3,2,0,1,0,1,1
G:\Thesis\FACET_Dataset\Segmented_FACET_0.2_fixed_label\sa_4141927.jpg,4,4,3,1,0.5699190497398376,6,6,6,5,1,2,0,0,1
G:\Thesis\FACET_Dataset\Segmented_FACET_0.2_fixed_label\sa_9690755.jpg,3,3,2,0,0.16405941545963287,2,2,2,1,0,1,0,1,1
G:\Thesis\FACET_Dataset\Segmented_FACET_0.2_fixed_label\sa_4188837.jpg,3,3,2,0,0.2888919413089752,4,4,4,3,1,1,0,1,0
G:\Thesis\FACET_Dataset\Segmented_FACET_0.2_fixed_label\sa_10295580.jpg,5,5,4,1,0.21847353875637054,3,3,3,2,0,2,0,0,0
G:\Thesis\FACET_Dataset\Segmented_FACET_0.2_fixed_label\sa_3285469.jpg,3,3,2,0,0.3600018322467804,4,4,4,3,1,1,0,1,0
G:\Thesis\FACET_Dataset\Segmented_FACET_0.2_fixed_label\sa_3490866.jpg,5,5,4,1,0.7809884548187256,8,8,8,7,2,3,0,0,0
G:\Thesis\FACET_Dataset\Segmented_FACET_0.2_fixed_label\sa_8896258.jpg,5,5,4,1,0.37645086646080017,4,4,4,3,1,1,0,1,1
G:\Thesis\FACET_Dataset\Segmented_FACET_0.2_fixed_label\sa_8903195.jpg,5,5,4,1,0.4893196225166321,5,5,5,4,1,0,1,1,1
G:\Thesis\FACET_Dataset\Segmented_FACET_0.2_fixed_label\sa_3245363.jpg,6,6,5,1,0.7262576222419739,8,8,8,7,2,2,0,0,0
G:\Thesis\FACET_Dataset\Segmented_FACET_0.2_fixed_label\sa_1436638.jpg,4,4,3,1,0.4254590570926666,5,5,5,4,1,1,0,1,1
G:\Thesis\FACET_Dataset\Segmented_FACET_0.2_fixed_label\sa_646706.jpg,5,5,4,1,0.44532403349876404,5,5,5,4,1,0,1,1,1
G:\Thesis\FACET_Dataset\Segmented_FACET_0.2_fixed_label\sa_2656002.jpg,5,5,4,1,0.3049924373626709,4,4,4,3,1,1,0,1,1
G:\Thesis\FACET_Dataset\Segmented_FACET_0.2_fixed_label\sa_4663245.jpg,6,6,5,1,0.6042018532752991,6,6,6,5,1,0,1,1,1
G:\Thesis\FACET_Dataset\Segmented_FACET_0.2_fixed_label\sa_1087621.jpg,4,4,3,1,0.2805647850036621,4,4,4,3,1,0,1,1,1
G:\Thesis\FACET_Dataset\Segmented_FACET_0.2_fixed_label\sa_1445501.jpg,3,3,2,0,0.24885401129722595,3,3,3,2,0,0,1,1,1
G:\Thesis\FACET_Dataset\Segmented_FACET_0.2_fixed_label\sa_2173036.jpg,3,3,2,0,0.11632609367370605,2,2,2,1,0,1,0,1,1
G:\Thesis\FACET_Dataset\Segmented_FACET_0.2_fixed_label\sa_3178044.jpg,4,4,3,1,0.2732790410518646,3,3,3,2,0,1,0,1,0
G:\Thesis\FACET_Dataset\Segmented_FACET_0.2_fixed_label\sa_1069784.jpg,2,2,1,0,0.3041864037513733,4,4,4,3,1,2,0,0,0
G:\Thesis\FACET_Dataset\Segmented_FACET_0.2_fixed_label\sa_3709150.jpg,5,5,4,1,0.5149872899055481,6,6,6,5,1,1,0,1,1
G:\Thesis\FACET_Dataset\Segmented_FACET_0.2_fixed_label\sa_986171.jpg,4,4,3,1,0.22590839862823486,3,3,3,2,0,1,0,1,0
G:\Thesis\FACET_Dataset\Segmented_FACET_0.2_fixed_label\sa_579010.jpg,3,3,2,0,0.6374338865280151,7,7,7,6,1,4,0,0,0
G:\Thesis\FACET_Dataset\Segmented_FACET_0.2_fixed_label\sa_928557.jpg,4,4,3,1,0.10997773706912994,2,2,2,1,0,2,0,0,0
G:\Thesis\FACET_Dataset\Segmented_FACET_0.2_fixed_label\sa_9486927.jpg,2,2,1,0,0.31729528307914734,4,4,4,3,1,2,0,0,0
G:\Thesis\FACET_Dataset\Segmented_FACET_0.2_fixed_label\sa_2018170.jpg,3,3,2,0,0.33313316106796265,4,4,4,3,1,1,0,1,0
G:\Thesis\FACET_Dataset\Segmented_FACET_0.2_fixed_label\sa_10644164.jpg,5,5,4,1,0.354089617729187,4,4,4,3,1,1,0,1,1
G:\Thesis\FACET_Dataset\Segmented_FACET_0.2_fixed_label\sa_7466289.jpg,4,4,3,1,0.5705311298370361,6,6,6,5,1,2,0,0,1
G:\Thesis\FACET_Dataset\Segmented_FACET_0.2_fixed_label\sa_10312140.jpg,4,4,3,1,0.35237979888916016,4,4,4,3,1,0,1,1,1
G:\Thesis\FACET_Dataset\Segmented_FACET_0.2_fixed_label\sa_9940745.jpg,5,5,4,1,0.29698339104652405,4,4,4,3,1,1,0,1,1
G:\Thesis\FACET_Dataset\Segmented_FACET_0.2_fixed_label\sa_7036896.jpg,3,3,2,0,0.4408283829689026,5,5,5,4,1,2,0,0,0
G:\Thesis\FACET_Dataset\Segmented_FACET_0.2_fixed_label\sa_2408956.jpg,2,2,1,0,0.16096988320350647,2,2,2,1,0,0,1,1,1
G:\Thesis\FACET_Dataset\Segmented_FACET_0.2_fixed_label\sa_2805819.jpg,3,3,2,0,0.18970195949077606,3,3,3,2,0,0,1,1,1
G:\Thesis\FACET_Dataset\Segmented_FACET_0.2_fixed_label\sa_4175080.jpg,2,2,1,0,0.1377336084842682,2,2,2,1,0,0,1,1,1
G:\Thesis\FACET_Dataset\Segmented_FACET_0.2_fixed_label\sa_3748533.jpg,2,2,1,0,0.3460395038127899,4,4,4,3,1,2,0,0,0
G:\Thesis\FACET_Dataset\Segmented_FACET_0.2_fixed_label\sa_6274049.jpg,6,6,5,1,0.4384106993675232,5,5,5,4,1,1,0,1,1
G:\Thesis\FACET_Dataset\Segmented_FACET_0.2_fixed_label\sa_2113904.jpg,10,10,9,2,0.32919806241989136,4,4,4,3,1,6,0,0,0
G:\Thesis\FACET_Dataset\Segmented_FACET_0.2_fixed_label\sa_1403304.jpg,3,3,2,0,0.294536828994751,4,4,4,3,1,1,0,1,0
G:\Thesis\FACET_Dataset\Segmented_FACET_0.2_fixed_label\sa_2893796.jpg,3,3,2,0,0.27917149662971497,4,4,4,3,1,1,0,1,0
G:\Thesis\FACET_Dataset\Segmented_FACET_0.2_fixed_label\sa_10039119.jpg,3,3,2,0,0.35059061646461487,4,4,4,3,1,1,0,1,0
G:\Thesis\FACET_Dataset\Segmented_FACET_0.2_fixed_label\sa_9210819.jpg,3,3,2,0,0.40686148405075073,5,5,5,4,1,2,0,0,0
G:\Thesis\FACET_Dataset\Segmented_FACET_0.2_fixed_label\sa_5474049.jpg,3,3,2,0,0.3138774335384369,4,4,4,3,1,1,0,1,0
G:\Thesis\FACET_Dataset\Segmented_FACET_0.2_fixed_label\sa_5880143.jpg,2,2,1,0,0.5219906568527222,6,6,6,5,1,4,0,0,0
G:\Thesis\FACET_Dataset\Segmented_FACET_0.2_fixed_label\sa_1404960.jpg,4,4,3,1,0.3805673122406006,4,4,4,3,1,0,1,1,1
G:\Thesis\FACET_Dataset\Segmented_FACET_0.2_fixed_label\sa_5975343.jpg,4,4,3,1,0.2749859690666199,3,3,3,2,0,1,0,1,0
G:\Thesis\FACET_Dataset\Segmented_FACET_0.2_fixed_label\sa_10225129.jpg,3,3,2,0,0.43525904417037964,5,5,5,4,1,2,0,0,0
G:\Thesis\FACET_Dataset\Segmented_FACET_0.2_fixed_label\sa_282221.jpg,3,3,2,0,0.2832946479320526,4,4,4,3,1,1,0,1,0
G:\Thesis\FACET_Dataset\Segmented_FACET_0.2_fixed_label\sa_7083078.jpg,5,5,4,1,0.37348589301109314,4,4,4,3,1,1,0,1,1
G:\Thesis\FACET_Dataset\Segmented_FACET_0.2_fixed_label\sa_8563211.jpg,6,6,5,1,0.37737032771110535,4,4,4,3,1,2,0,0,1
G:\Thesis\FACET_Dataset\Segmented_FACET_0.2_fixed_label\sa_9590050.jpg,3,3,2,0,0.25770848989486694,3,3,3,2,0,0,1,1,1
G:\Thesis\FACET_Dataset\Segmented_FACET_0.2_fixed_label\sa_10552214.jpg,5,5,4,1,0.48096662759780884,5,5,5,4,1,0,1,1,1
G:\Thesis\FACET_Dataset\Segmented_FACET_0.2_fixed_label\sa_4022916.jpg,1,1,0,0,0.46714168787002563,5,5,5,4,1,4,0,0,0
G:\Thesis\FACET_Dataset\Segmented_FACET_0.2_fixed_label\sa_4692534.jpg,2,2,1,0,0.2877195477485657,4,4,4,3,1,2,0,0,0
G:\Thesis\FACET_Dataset\Segmented_FACET_0.2_fixed_label\sa_10322370.jpg,2,2,1,0,0.5128511786460876,6,6,6,5,1,4,0,0,0
G:\Thesis\FACET_Dataset\Segmented_FACET_0.2_fixed_label\sa_3775087.jpg,3,3,2,0,0.28350168466567993,4,4,4,3,1,1,0,1,0
G:\Thesis\FACET_Dataset\Segmented_FACET_0.2_fixed_label\sa_2199069.jpg,4,4,3,1,0.5504603981971741,6,6,6,5,1,2,0,0,1
G:\Thesis\FACET_Dataset\Segmented_FACET_0.2_fixed_label\sa_1178518.jpg,3,3,2,0,0.4658578932285309,5,5,5,4,1,2,0,0,0
G:\Thesis\FACET_Dataset\Segmented_FACET_0.2_fixed_label\sa_6055755.jpg,3,3,2,0,0.16434845328330994,2,2,2,1,0,1,0,1,1
G:\Thesis\FACET_Dataset\Segmented_FACET_0.2_fixed_label\sa_9769051.jpg,5,5,4,1,0.4917590022087097,5,5,5,4,1,0,1,1,1
G:\Thesis\FACET_Dataset\Segmented_FACET_0.2_fixed_label\sa_2674845.jpg,4,4,3,1,0.3250121474266052,4,4,4,3,1,0,1,1,1
G:\Thesis\FACET_Dataset\Segmented_FACET_0.2_fixed_label\sa_6854701.jpg,3,3,2,0,0.41106754541397095,5,5,5,4,1,2,0,0,0
G:\Thesis\FACET_Dataset\Segmented_FACET_0.2_fixed_label\sa_189673.jpg,5,5,4,1,0.4602493643760681,5,5,5,4,1,0,1,1,1
G:\Thesis\FACET_Dataset\Segmented_FACET_0.2_fixed_label\sa_1387081.jpg,2,2,1,0,0.664344847202301,7,7,7,6,1,5,0,0,0
G:\Thesis\FACET_Dataset\Segmented_FACET_0.2_fixed_label\sa_1754250.jpg,2,2,1,0,0.2894018888473511,4,4,4,3,1,2,0,0,0
G:\Thesis\FACET_Dataset\Segmented_FACET_0.2_fixed_label\sa_3085192.jpg,5,5,4,1,0.4605630934238434,5,5,5,4,1,0,1,1,1
G:\Thesis\FACET_Dataset\Segmented_FACET_0.2_fixed_label\sa_8956098.jpg,4,4,3,1,0.2656225562095642,3,3,3,2,0,1,0,1,0
G:\Thesis\FACET_Dataset\Segmented_FACET_0.2_fixed_label\sa_4601728.jpg,5,5,4,1,0.28151625394821167,4,4,4,3,1,1,0,1,1
G:\Thesis\FACET_Dataset\Segmented_FACET_0.2_fixed_label\sa_166968.jpg,5,5,4,1,0.283946692943573,4,4,4,3,1,1,0,1,1
G:\Thesis\FACET_Dataset\Segmented_FACET_0.2_fixed_label\sa_2419552.jpg,5,5,4,1,0.3977314829826355,5,5,5,4,1,0,1,1,1
G:\Thesis\FACET_Dataset\Segmented_FACET_0.2_fixed_label\sa_6884512.jpg,4,4,3,1,0.3657286465167999,4,4,4,3,1,0,1,1,1
G:\Thesis\FACET_Dataset\Segmented_FACET_0.2_fixed_label\sa_9302571.jpg,9,9,8,2,0.7621421813964844,8,8,8,7,2,1,0,1,1
G:\Thesis\FACET_Dataset\Segmented_FACET_0.2_fixed_label\sa_10955369.jpg,4,4,3,1,0.44328710436820984,5,5,5,4,1,1,0,1,1
G:\Thesis\FACET_Dataset\Segmented_FACET_0.2_fixed_label\sa_10568659.jpg,2,2,1,0,0.26302698254585266,3,3,3,2,0,1,0,1,1
G:\Thesis\FACET_Dataset\Segmented_FACET_0.2_fixed_label\sa_3636991.jpg,2,2,1,0,0.25389623641967773,3,3,3,2,0,1,0,1,1
G:\Thesis\FACET_Dataset\Segmented_FACET_0.2_fixed_label\sa_3597267.jpg,4,4,3,1,0.3533014953136444,4,4,4,3,1,0,1,1,1
G:\Thesis\FACET_Dataset\Segmented_FACET_0.2_fixed_label\sa_10267437.jpg,5,5,4,1,0.4579598307609558,5,5,5,4,1,0,1,1,1
G:\Thesis\FACET_Dataset\Segmented_FACET_0.2_fixed_label\sa_5618149.jpg,3,3,2,0,0.196061372756958,3,3,3,2,0,0,1,1,1
G:\Thesis\FACET_Dataset\Segmented_FACET_0.2_fixed_label\sa_7777229.jpg,3,3,2,0,0.2108754813671112,3,3,3,2,0,0,1,1,1
G:\Thesis\FACET_Dataset\Segmented_FACET_0.2_fixed_label\sa_4914631.jpg,5,5,4,1,0.19092713296413422,3,3,3,2,0,2,0,0,0
G:\Thesis\FACET_Dataset\Segmented_FACET_0.2_fixed_label\sa_8477411.jpg,4,4,3,1,0.25849100947380066,3,3,3,2,0,1,0,1,0
G:\Thesis\FACET_Dataset\Segmented_FACET_0.2_fixed_label\sa_3007670.jpg,2,2,1,0,0.13471028208732605,2,2,2,1,0,0,1,1,1
G:\Thesis\FACET_Dataset\Segmented_FACET_0.2_fixed_label\sa_5927825.jpg,2,2,1,0,0.4309990108013153,5,5,5,4,1,3,0,0,0
G:\Thesis\FACET_Dataset\Segmented_FACET_0.2_fixed_label\sa_125835.jpg,3,3,2,0,0.26052406430244446,3,3,3,2,0,0,1,1,1
G:\Thesis\FACET_Dataset\Segmented_FACET_0.2_fixed_label\sa_4259202.jpg,3,3,2,0,0.36666226387023926,4,4,4,3,1,1,0,1,0
G:\Thesis\FACET_Dataset\Segmented_FACET_0.2_fixed_label\sa_5747966.jpg,2,2,1,0,0.3099007308483124,4,4,4,3,1,2,0,0,0
G:\Thesis\FACET_Dataset\Segmented_FACET_0.2_fixed_label\sa_1907768.jpg,5,5,4,1,0.41927435994148254,5,5,5,4,1,0,1,1,1
G:\Thesis\FACET_Dataset\Segmented_FACET_0.2_fixed_label\sa_8027624.jpg,3,3,2,0,0.3859584629535675,4,4,4,3,1,1,0,1,0
G:\Thesis\FACET_Dataset\Segmented_FACET_0.2_fixed_label\sa_4931458.jpg,4,4,3,1,0.503212034702301,6,6,6,5,1,2,0,0,1
G:\Thesis\FACET_Dataset\Segmented_FACET_0.2_fixed_label\sa_9052032.jpg,1,1,0,0,0.29726386070251465,4,4,4,3,1,3,0,0,0
G:\Thesis\FACET_Dataset\Segmented_FACET_0.2_fixed_label\sa_3879774.jpg,5,5,4,1,0.7420329451560974,8,8,8,7,2,3,0,0,0
G:\Thesis\FACET_Dataset\Segmented_FACET_0.2_fixed_label\sa_1005917.jpg,4,4,3,1,0.5088396668434143,6,6,6,5,1,2,0,0,1
G:\Thesis\FACET_Dataset\Segmented_FACET_0.2_fixed_label\sa_7019100.jpg,3,3,2,0,0.3347671329975128,4,4,4,3,1,1,0,1,0
G:\Thesis\FACET_Dataset\Segmented_FACET_0.2_fixed_label\sa_10318561.jpg,2,2,1,0,0.4841398596763611,5,5,5,4,1,3,0,0,0
G:\Thesis\FACET_Dataset\Segmented_FACET_0.2_fixed_label\sa_2906647.jpg,4,4,3,1,0.18720358610153198,3,3,3,2,0,1,0,1,0
G:\Thesis\FACET_Dataset\Segmented_FACET_0.2_fixed_label\sa_6072401.jpg,5,5,4,1,0.45988965034484863,5,5,5,4,1,0,1,1,1
G:\Thesis\FACET_Dataset\Segmented_FACET_0.2_fixed_label\sa_10262407.jpg,5,5,4,1,0.455621600151062,5,5,5,4,1,0,1,1,1
G:\Thesis\FACET_Dataset\Segmented_FACET_0.2_fixed_label\sa_8307196.jpg,3,3,2,0,0.4256442189216614,5,5,5,4,1,2,0,0,0
G:\Thesis\FACET_Dataset\Segmented_FACET_0.2_fixed_label\sa_5215943.jpg,6,6,5,1,0.5007142424583435,6,6,6,5,1,0,1,1,1
G:\Thesis\FACET_Dataset\Segmented_FACET_0.2_fixed_label\sa_8386852.jpg,3,3,2,0,0.2683381736278534,3,3,3,2,0,0,1,1,1
G:\Thesis\FACET_Dataset\Segmented_FACET_0.2_fixed_label\sa_303365.jpg,3,3,2,0,0.3709404766559601,4,4,4,3,1,1,0,1,0
G:\Thesis\FACET_Dataset\Segmented_FACET_0.2_fixed_label\sa_4001138.jpg,3,3,2,0,0.23792356252670288,3,3,3,2,0,0,1,1,1
G:\Thesis\FACET_Dataset\Segmented_FACET_0.2_fixed_label\sa_7190417.jpg,4,4,3,1,0.3211714029312134,4,4,4,3,1,0,1,1,1
G:\Thesis\FACET_Dataset\Segmented_FACET_0.2_fixed_label\sa_7720349.jpg,5,5,4,1,0.15494346618652344,2,2,2,1,0,3,0,0,0
G:\Thesis\FACET_Dataset\Segmented_FACET_0.2_fixed_label\sa_3879774.jpg,6,6,5,1,0.7420329451560974,8,8,8,7,2,2,0,0,0
G:\Thesis\FACET_Dataset\Segmented_FACET_0.2_fixed_label\sa_8319806.jpg,3,3,2,0,0.6675985455513,7,7,7,6,1,4,0,0,0
G:\Thesis\FACET_Dataset\Segmented_FACET_0.2_fixed_label\sa_4035619.jpg,2,2,1,0,0.5977163314819336,6,6,6,5,1,4,0,0,0
G:\Thesis\FACET_Dataset\Segmented_FACET_0.2_fixed_label\sa_9695755.jpg,5,5,4,1,0.3276258707046509,4,4,4,3,1,1,0,1,1
G:\Thesis\FACET_Dataset\Segmented_FACET_0.2_fixed_label\sa_9502279.jpg,9,9,8,2,0.8926147818565369,9,9,9,8,2,0,1,1,1
G:\Thesis\FACET_Dataset\Segmented_FACET_0.2_fixed_label\sa_7516404.jpg,7,7,6,1,0.6294631361961365,7,7,7,6,1,0,1,1,1
G:\Thesis\FACET_Dataset\Segmented_FACET_0.2_fixed_label\sa_3680583.jpg,2,2,1,0,0.3305681347846985,4,4,4,3,1,2,0,0,0
G:\Thesis\FACET_Dataset\Segmented_FACET_0.2_fixed_label\sa_10167927.jpg,2,2,1,0,0.35100188851356506,4,4,4,3,1,2,0,0,0
G:\Thesis\FACET_Dataset\Segmented_FACET_0.2_fixed_label\sa_3739910.jpg,7,7,6,1,0.3804749548435211,4,4,4,3,1,3,0,0,1
G:\Thesis\FACET_Dataset\Segmented_FACET_0.2_fixed_label\sa_7841103.jpg,6,6,5,1,0.7397177219390869,8,8,8,7,2,2,0,0,0
G:\Thesis\FACET_Dataset\Segmented_FACET_0.2_fixed_label\sa_10124711.jpg,5,5,4,1,0.2847787141799927,4,4,4,3,1,1,0,1,1
G:\Thesis\FACET_Dataset\Segmented_FACET_0.2_fixed_label\sa_10044001.jpg,4,4,3,1,0.13799045979976654,2,2,2,1,0,2,0,0,0
G:\Thesis\FACET_Dataset\Segmented_FACET_0.2_fixed_label\sa_10351700.jpg,3,3,2,0,0.0788939818739891,2,2,2,1,0,1,0,1,1
G:\Thesis\FACET_Dataset\Segmented_FACET_0.2_fixed_label\sa_2066255.jpg,8,8,7,2,0.6382493376731873,7,7,7,6,1,1,0,1,0
G:\Thesis\FACET_Dataset\Segmented_FACET_0.2_fixed_label\sa_3349120.jpg,1,1,0,0,0.10438991338014603,2,2,2,1,0,1,0,1,1
G:\Thesis\FACET_Dataset\Segmented_FACET_0.2_fixed_label\sa_8063102.jpg,6,6,5,1,0.5875135660171509,6,6,6,5,1,0,1,1,1
G:\Thesis\FACET_Dataset\Segmented_FACET_0.2_fixed_label\sa_1205984.jpg,5,5,4,1,0.32218971848487854,4,4,4,3,1,1,0,1,1
G:\Thesis\FACET_Dataset\Segmented_FACET_0.2_fixed_label\sa_454914.jpg,3,3,2,0,0.4786500930786133,5,5,5,4,1,2,0,0,0
G:\Thesis\FACET_Dataset\Segmented_FACET_0.2_fixed_label\sa_8490725.jpg,6,6,5,1,0.737483024597168,8,8,8,7,2,2,0,0,0
G:\Thesis\FACET_Dataset\Segmented_FACET_0.2_fixed_label\sa_8878628.jpg,1,1,0,0,0.3361583352088928,4,4,4,3,1,3,0,0,0
G:\Thesis\FACET_Dataset\Segmented_FACET_0.2_fixed_label\sa_4285468.jpg,4,4,3,1,0.6912126541137695,7,7,7,6,1,3,0,0,1
G:\Thesis\FACET_Dataset\Segmented_FACET_0.2_fixed_label\sa_9892402.jpg,3,3,2,0,0.2100689560174942,3,3,3,2,0,0,1,1,1
G:\Thesis\FACET_Dataset\Segmented_FACET_0.2_fixed_label\sa_9646794.jpg,2,2,1,0,0.2575396001338959,3,3,3,2,0,1,0,1,1
G:\Thesis\FACET_Dataset\Segmented_FACET_0.2_fixed_label\sa_9159113.jpg,5,5,4,1,0.31951022148132324,4,4,4,3,1,1,0,1,1
G:\Thesis\FACET_Dataset\Segmented_FACET_0.2_fixed_label\sa_6187423.jpg,1,1,0,0,0.2962419390678406,4,4,4,3,1,3,0,0,0
G:\Thesis\FACET_Dataset\Segmented_FACET_0.2_fixed_label\sa_438532.jpg,2,2,1,0,0.15736965835094452,2,2,2,1,0,0,1,1,1
G:\Thesis\FACET_Dataset\Segmented_FACET_0.2_fixed_label\sa_196464.jpg,8,8,7,2,0.7435566186904907,8,8,8,7,2,0,1,1,1
G:\Thesis\FACET_Dataset\Segmented_FACET_0.2_fixed_label\sa_8647083.jpg,4,4,3,1,0.5116221904754639,6,6,6,5,1,2,0,0,1
G:\Thesis\FACET_Dataset\Segmented_FACET_0.2_fixed_label\sa_4365060.jpg,3,3,2,0,0.4152261018753052,5,5,5,4,1,2,0,0,0
G:\Thesis\FACET_Dataset\Segmented_FACET_0.2_fixed_label\sa_7043291.jpg,5,5,4,1,0.39253395795822144,5,5,5,4,1,0,1,1,1
G:\Thesis\FACET_Dataset\Segmented_FACET_0.2_fixed_label\sa_10938917.jpg,3,3,2,0,0.33875763416290283,4,4,4,3,1,1,0,1,0
G:\Thesis\FACET_Dataset\Segmented_FACET_0.2_fixed_label\sa_7480499.jpg,2,2,1,0,0.17428648471832275,3,3,3,2,0,1,0,1,1
G:\Thesis\FACET_Dataset\Segmented_FACET_0.2_fixed_label\sa_6723644.jpg,5,5,4,1,0.5480551719665527,6,6,6,5,1,1,0,1,1
G:\Thesis\FACET_Dataset\Segmented_FACET_0.2_fixed_label\sa_3673622.jpg,2,2,1,0,0.18633632361888885,3,3,3,2,0,1,0,1,1
G:\Thesis\FACET_Dataset\Segmented_FACET_0.2_fixed_label\sa_4689629.jpg,4,4,3,1,0.5728603005409241,6,6,6,5,1,2,0,0,1
G:\Thesis\FACET_Dataset\Segmented_FACET_0.2_fixed_label\sa_4495151.jpg,4,4,3,1,0.2346130907535553,3,3,3,2,0,1,0,1,0
G:\Thesis\FACET_Dataset\Segmented_FACET_0.2_fixed_label\sa_4924937.jpg,3,3,2,0,0.6657776236534119,7,7,7,6,1,4,0,0,0
G:\Thesis\FACET_Dataset\Segmented_FACET_0.2_fixed_label\sa_11123518.jpg,6,6,5,1,0.4412800371646881,5,5,5,4,1,1,0,1,1
G:\Thesis\FACET_Dataset\Segmented_FACET_0.2_fixed_label\sa_944036.jpg,2,2,1,0,0.2370631843805313,3,3,3,2,0,1,0,1,1
G:\Thesis\FACET_Dataset\Segmented_FACET_0.2_fixed_label\sa_5574212.jpg,3,3,2,0,0.31287041306495667,4,4,4,3,1,1,0,1,0
G:\Thesis\FACET_Dataset\Segmented_FACET_0.2_fixed_label\sa_9700758.jpg,7,7,6,1,0.695763111114502,7,7,7,6,1,0,1,1,1
G:\Thesis\FACET_Dataset\Segmented_FACET_0.2_fixed_label\sa_7256930.jpg,4,4,3,1,0.4397641718387604,5,5,5,4,1,1,0,1,1
G:\Thesis\FACET_Dataset\Segmented_FACET_0.2_fixed_label\sa_9916033.jpg,2,2,1,0,0.1774628907442093,3,3,3,2,0,1,0,1,1
G:\Thesis\FACET_Dataset\Segmented_FACET_0.2_fixed_label\sa_8001189.jpg,2,2,1,0,0.05867885425686836,2,2,2,1,0,0,1,1,1
G:\Thesis\FACET_Dataset\Segmented_FACET_0.2_fixed_label\sa_3699842.jpg,2,2,1,0,0.2542557120323181,3,3,3,2,0,1,0,1,1
G:\Thesis\FACET_Dataset\Segmented_FACET_0.2_fixed_label\sa_2567560.jpg,8,8,7,2,0.7454618811607361,8,8,8,7,2,0,1,1,1
G:\Thesis\FACET_Dataset\Segmented_FACET_0.2_fixed_label\sa_3121234.jpg,4,4,3,1,0.3047749400138855,4,4,4,3,1,0,1,1,1
G:\Thesis\FACET_Dataset\Segmented_FACET_0.2_fixed_label\sa_2133120.jpg,8,8,7,2,0.8231005668640137,8,8,8,7,2,0,1,1,1
G:\Thesis\FACET_Dataset\Segmented_FACET_0.2_fixed_label\sa_7180503.jpg,2,2,1,0,0.3566584885120392,4,4,4,3,1,2,0,0,0
G:\Thesis\FACET_Dataset\Segmented_FACET_0.2_fixed_label\sa_8756523.jpg,3,3,2,0,0.41561159491539,5,5,5,4,1,2,0,0,0
G:\Thesis\FACET_Dataset\Segmented_FACET_0.2_fixed_label\sa_10364117.jpg,3,3,2,0,0.29125508666038513,4,4,4,3,1,1,0,1,0
G:\Thesis\FACET_Dataset\Segmented_FACET_0.2_fixed_label\sa_2503775.jpg,6,6,5,1,0.39605948328971863,5,5,5,4,1,1,0,1,1
G:\Thesis\FACET_Dataset\Segmented_FACET_0.2_fixed_label\sa_6722082.jpg,3,3,2,0,0.3868003785610199,4,4,4,3,1,1,0,1,0
G:\Thesis\FACET_Dataset\Segmented_FACET_0.2_fixed_label\sa_5521853.jpg,4,4,3,1,0.26611942052841187,3,3,3,2,0,1,0,1,0
G:\Thesis\FACET_Dataset\Segmented_FACET_0.2_fixed_label\sa_7325273.jpg,3,3,2,0,0.39956727623939514,5,5,5,4,1,2,0,0,0
G:\Thesis\FACET_Dataset\Segmented_FACET_0.2_fixed_label\sa_9612009.jpg,3,3,2,0,0.24663637578487396,3,3,3,2,0,0,1,1,1
G:\Thesis\FACET_Dataset\Segmented_FACET_0.2_fixed_label\sa_7943016.jpg,5,5,4,1,0.3525007367134094,4,4,4,3,1,1,0,1,1
G:\Thesis\FACET_Dataset\Segmented_FACET_0.2_fixed_label\sa_8698719.jpg,2,2,1,0,0.24624188244342804,3,3,3,2,0,1,0,1,1
G:\Thesis\FACET_Dataset\Segmented_FACET_0.2_fixed_label\sa_3009110.jpg,2,2,1,0,0.2629006505012512,3,3,3,2,0,1,0,1,1
G:\Thesis\FACET_Dataset\Segmented_FACET_0.2_fixed_label\sa_5088783.jpg,3,3,2,0,0.29181164503097534,4,4,4,3,1,1,0,1,0
G:\Thesis\FACET_Dataset\Segmented_FACET_0.2_fixed_label\sa_6470159.jpg,3,3,2,0,0.32033148407936096,4,4,4,3,1,1,0,1,0
G:\Thesis\FACET_Dataset\Segmented_FACET_0.2_fixed_label\sa_8962403.jpg,2,2,1,0,0.24205031991004944,3,3,3,2,0,1,0,1,1
G:\Thesis\FACET_Dataset\Segmented_FACET_0.2_fixed_label\sa_9100667.jpg,3,3,2,0,0.522692084312439,6,6,6,5,1,3,0,0,0
G:\Thesis\FACET_Dataset\Segmented_FACET_0.2_fixed_label\sa_2150532.jpg,3,3,2,0,0.4475115239620209,5,5,5,4,1,2,0,0,0
G:\Thesis\FACET_Dataset\Segmented_FACET_0.2_fixed_label\sa_5889453.jpg,9,9,8,2,0.8050071597099304,8,8,8,7,2,1,0,1,1
G:\Thesis\FACET_Dataset\Segmented_FACET_0.2_fixed_label\sa_2595451.jpg,3,3,2,0,0.4840560555458069,5,5,5,4,1,2,0,0,0
G:\Thesis\FACET_Dataset\Segmented_FACET_0.2_fixed_label\sa_4709046.jpg,5,5,4,1,0.4085547626018524,5,5,5,4,1,0,1,1,1
G:\Thesis\FACET_Dataset\Segmented_FACET_0.2_fixed_label\sa_10000407.jpg,5,5,4,1,0.3396919071674347,4,4,4,3,1,1,0,1,1
G:\Thesis\FACET_Dataset\Segmented_FACET_0.2_fixed_label\sa_721088.jpg,3,3,2,0,0.1263788640499115,2,2,2,1,0,1,0,1,1
G:\Thesis\FACET_Dataset\Segmented_FACET_0.2_fixed_label\sa_4087214.jpg,3,3,2,0,0.13489045202732086,2,2,2,1,0,1,0,1,1
G:\Thesis\FACET_Dataset\Segmented_FACET_0.2_fixed_label\sa_10632779.jpg,3,3,2,0,0.512009859085083,6,6,6,5,1,3,0,0,0
G:\Thesis\FACET_Dataset\Segmented_FACET_0.2_fixed_label\sa_766499.jpg,2,2,1,0,0.16710104048252106,3,3,3,2,0,1,0,1,1
G:\Thesis\FACET_Dataset\Segmented_FACET_0.2_fixed_label\sa_7637228.jpg,3,3,2,0,0.2371954768896103,3,3,3,2,0,0,1,1,1
G:\Thesis\FACET_Dataset\Segmented_FACET_0.2_fixed_label\sa_7103469.jpg,4,4,3,1,0.4375123381614685,5,5,5,4,1,1,0,1,1
G:\Thesis\FACET_Dataset\Segmented_FACET_0.2_fixed_label\sa_2964152.jpg,3,3,2,0,0.33070218563079834,4,4,4,3,1,1,0,1,0
G:\Thesis\FACET_Dataset\Segmented_FACET_0.2_fixed_label\sa_10911336.jpg,4,4,3,1,0.5429101586341858,6,6,6,5,1,2,0,0,1
G:\Thesis\FACET_Dataset\Segmented_FACET_0.2_fixed_label\sa_9446091.jpg,7,7,6,1,0.6214826107025146,7,7,7,6,1,0,1,1,1
G:\Thesis\FACET_Dataset\Segmented_FACET_0.2_fixed_label\sa_8112990.jpg,6,6,5,1,0.3880804777145386,4,4,4,3,1,2,0,0,1
G:\Thesis\FACET_Dataset\Segmented_FACET_0.2_fixed_label\sa_10742813.jpg,2,2,1,0,0.2860909402370453,4,4,4,3,1,2,0,0,0
G:\Thesis\FACET_Dataset\Segmented_FACET_0.2_fixed_label\sa_10765692.jpg,1,1,0,0,0.3075425326824188,4,4,4,3,1,3,0,0,0
G:\Thesis\FACET_Dataset\Segmented_FACET_0.2_fixed_label\sa_4105752.jpg,3,3,2,0,0.1878255307674408,3,3,3,2,0,0,1,1,1
G:\Thesis\FACET_Dataset\Segmented_FACET_0.2_fixed_label\sa_6708494.jpg,6,6,5,1,0.4551934003829956,5,5,5,4,1,1,0,1,1
G:\Thesis\FACET_Dataset\Segmented_FACET_0.2_fixed_label\sa_9340958.jpg,4,4,3,1,0.3019915819168091,4,4,4,3,1,0,1,1,1
G:\Thesis\FACET_Dataset\Segmented_FACET_0.2_fixed_label\sa_6980143.jpg,10,10,9,2,0.799614429473877,8,8,8,7,2,2,0,0,1
G:\Thesis\FACET_Dataset\Segmented_FACET_0.2_fixed_label\sa_9301222.jpg,3,3,2,0,0.33906814455986023,4,4,4,3,1,1,0,1,0
G:\Thesis\FACET_Dataset\Segmented_FACET_0.2_fixed_label\sa_10603059.jpg,2,2,1,0,0.38196998834609985,4,4,4,3,1,2,0,0,0
G:\Thesis\FACET_Dataset\Segmented_FACET_0.2_fixed_label\sa_9590050.jpg,4,4,3,1,0.25770848989486694,3,3,3,2,0,1,0,1,0
G:\Thesis\FACET_Dataset\Segmented_FACET_0.2_fixed_label\sa_5207581.jpg,3,3,2,0,0.29439353942871094,4,4,4,3,1,1,0,1,0
G:\Thesis\FACET_Dataset\Segmented_FACET_0.2_fixed_label\sa_7742071.jpg,2,2,1,0,0.3708969056606293,4,4,4,3,1,2,0,0,0
G:\Thesis\FACET_Dataset\Segmented_FACET_0.2_fixed_label\sa_8750154.jpg,5,5,4,1,0.23003774881362915,3,3,3,2,0,2,0,0,0
G:\Thesis\FACET_Dataset\Segmented_FACET_0.2_fixed_label\sa_633733.jpg,4,4,3,1,0.5238140225410461,6,6,6,5,1,2,0,0,1
G:\Thesis\FACET_Dataset\Segmented_FACET_0.2_fixed_label\sa_9979863.jpg,4,4,3,1,0.6424776315689087,7,7,7,6,1,3,0,0,1
G:\Thesis\FACET_Dataset\Segmented_FACET_0.2_fixed_label\sa_8053671.jpg,4,4,3,1,0.3866898715496063,4,4,4,3,1,0,1,1,1
G:\Thesis\FACET_Dataset\Segmented_FACET_0.2_fixed_label\sa_1215483.jpg,2,2,1,0,0.5568879246711731,6,6,6,5,1,4,0,0,0
G:\Thesis\FACET_Dataset\Segmented_FACET_0.2_fixed_label\sa_717932.jpg,3,3,2,0,0.45925214886665344,5,5,5,4,1,2,0,0,0
G:\Thesis\FACET_Dataset\Segmented_FACET_0.2_fixed_label\sa_8133298.jpg,4,4,3,1,0.1810704916715622,3,3,3,2,0,1,0,1,0
G:\Thesis\FACET_Dataset\Segmented_FACET_0.2_fixed_label\sa_1324440.jpg,4,4,3,1,0.5143106579780579,6,6,6,5,1,2,0,0,1
G:\Thesis\FACET_Dataset\Segmented_FACET_0.2_fixed_label\sa_6762221.jpg,3,3,2,0,0.436936616897583,5,5,5,4,1,2,0,0,0
G:\Thesis\FACET_Dataset\Segmented_FACET_0.2_fixed_label\sa_5583056.jpg,1,1,0,0,0.4796777367591858,5,5,5,4,1,4,0,0,0
G:\Thesis\FACET_Dataset\Segmented_FACET_0.2_fixed_label\sa_516303.jpg,3,3,2,0,0.3277776539325714,4,4,4,3,1,1,0,1,0
G:\Thesis\FACET_Dataset\Segmented_FACET_0.2_fixed_label\sa_4682469.jpg,2,2,1,0,0.20942336320877075,3,3,3,2,0,1,0,1,1
G:\Thesis\FACET_Dataset\Segmented_FACET_0.2_fixed_label\sa_10958268.jpg,2,2,1,0,0.5235179662704468,6,6,6,5,1,4,0,0,0
G:\Thesis\FACET_Dataset\Segmented_FACET_0.2_fixed_label\sa_5231153.jpg,6,6,5,1,0.4880138039588928,5,5,5,4,1,1,0,1,1
G:\Thesis\FACET_Dataset\Segmented_FACET_0.2_fixed_label\sa_9383976.jpg,3,3,2,0,0.41859763860702515,5,5,5,4,1,2,0,0,0
G:\Thesis\FACET_Dataset\Segmented_FACET_0.2_fixed_label\sa_1996974.jpg,2,2,1,0,0.2336544543504715,3,3,3,2,0,1,0,1,1
G:\Thesis\FACET_Dataset\Segmented_FACET_0.2_fixed_label\sa_10706499.jpg,6,6,5,1,0.4569200575351715,5,5,5,4,1,1,0,1,1
G:\Thesis\FACET_Dataset\Segmented_FACET_0.2_fixed_label\sa_8566455.jpg,2,2,1,0,0.23801153898239136,3,3,3,2,0,1,0,1,1
G:\Thesis\FACET_Dataset\Segmented_FACET_0.2_fixed_label\sa_4953176.jpg,6,6,5,1,0.4128473401069641,5,5,5,4,1,1,0,1,1
G:\Thesis\FACET_Dataset\Segmented_FACET_0.2_fixed_label\sa_7452368.jpg,2,2,1,0,0.10520512610673904,2,2,2,1,0,0,1,1,1
G:\Thesis\FACET_Dataset\Segmented_FACET_0.2_fixed_label\sa_6606232.jpg,3,3,2,0,0.23546963930130005,3,3,3,2,0,0,1,1,1
G:\Thesis\FACET_Dataset\Segmented_FACET_0.2_fixed_label\sa_3614031.jpg,4,4,3,1,0.45335739850997925,5,5,5,4,1,1,0,1,1
G:\Thesis\FACET_Dataset\Segmented_FACET_0.2_fixed_label\sa_633733.jpg,5,5,4,1,0.5238140225410461,6,6,6,5,1,1,0,1,1
G:\Thesis\FACET_Dataset\Segmented_FACET_0.2_fixed_label\sa_4717530.jpg,6,6,5,1,0.2932436764240265,4,4,4,3,1,2,0,0,1
G:\Thesis\FACET_Dataset\Segmented_FACET_0.2_fixed_label\sa_7841103.jpg,5,5,4,1,0.7397177219390869,8,8,8,7,2,3,0,0,0
G:\Thesis\FACET_Dataset\Segmented_FACET_0.2_fixed_label\sa_1369172.jpg,5,5,4,1,0.3688255548477173,4,4,4,3,1,1,0,1,1
G:\Thesis\FACET_Dataset\Segmented_FACET_0.2_fixed_label\sa_800792.jpg,4,4,3,1,0.2780107259750366,4,4,4,3,1,0,1,1,1
G:\Thesis\FACET_Dataset\Segmented_FACET_0.2_fixed_label\sa_357215.jpg,2,2,1,0,0.24159930646419525,3,3,3,2,0,1,0,1,1
G:\Thesis\FACET_Dataset\Segmented_FACET_0.2_fixed_label\sa_6954166.jpg,2,2,1,0,0.3747297525405884,4,4,4,3,1,2,0,0,0
G:\Thesis\FACET_Dataset\Segmented_FACET_0.2_fixed_label\sa_6847085.jpg,2,2,1,0,0.3285791575908661,4,4,4,3,1,2,0,0,0
G:\Thesis\FACET_Dataset\Segmented_FACET_0.2_fixed_label\sa_8502381.jpg,3,3,2,0,0.27307504415512085,3,3,3,2,0,0,1,1,1
G:\Thesis\FACET_Dataset\Segmented_FACET_0.2_fixed_label\sa_829174.jpg,2,2,1,0,0.4327950179576874,5,5,5,4,1,3,0,0,0
G:\Thesis\FACET_Dataset\Segmented_FACET_0.2_fixed_label\sa_3995832.jpg,5,5,4,1,0.5831740498542786,6,6,6,5,1,1,0,1,1
G:\Thesis\FACET_Dataset\Segmented_FACET_0.2_fixed_label\sa_6741428.jpg,5,5,4,1,0.5428053140640259,6,6,6,5,1,1,0,1,1
G:\Thesis\FACET_Dataset\Segmented_FACET_0.2_fixed_label\sa_1313718.jpg,2,2,1,0,0.08957280963659286,2,2,2,1,0,0,1,1,1
G:\Thesis\FACET_Dataset\Segmented_FACET_0.2_fixed_label\sa_8956098.jpg,6,6,5,1,0.2656225562095642,3,3,3,2,0,3,0,0,0
G:\Thesis\FACET_Dataset\Segmented_FACET_0.2_fixed_label\sa_7166475.jpg,2,2,1,0,0.1635231077671051,2,2,2,1,0,0,1,1,1
G:\Thesis\FACET_Dataset\Segmented_FACET_0.2_fixed_label\sa_10068983.jpg,3,3,2,0,0.3616374731063843,4,4,4,3,1,1,0,1,0
G:\Thesis\FACET_Dataset\Segmented_FACET_0.2_fixed_label\sa_1813167.jpg,4,4,3,1,0.22602160274982452,3,3,3,2,0,1,0,1,0
G:\Thesis\FACET_Dataset\Segmented_FACET_0.2_fixed_label\sa_10915751.jpg,8,8,7,2,0.5750498175621033,6,6,6,5,1,2,0,0,0
G:\Thesis\FACET_Dataset\Segmented_FACET_0.2_fixed_label\sa_5589099.jpg,3,3,2,0,0.1093204915523529,2,2,2,1,0,1,0,1,1
G:\Thesis\FACET_Dataset\Segmented_FACET_0.2_fixed_label\sa_7908743.jpg,3,3,2,0,0.45349976420402527,5,5,5,4,1,2,0,0,0
G:\Thesis\FACET_Dataset\Segmented_FACET_0.2_fixed_label\sa_2558271.jpg,3,3,2,0,0.35134872794151306,4,4,4,3,1,1,0,1,0
G:\Thesis\FACET_Dataset\Segmented_FACET_0.2_fixed_label\sa_3231147.jpg,2,2,1,0,0.19369374215602875,3,3,3,2,0,1,0,1,1
G:\Thesis\FACET_Dataset\Segmented_FACET_0.2_fixed_label\sa_4499468.jpg,4,4,3,1,0.23347416520118713,3,3,3,2,0,1,0,1,0
G:\Thesis\FACET_Dataset\Segmented_FACET_0.2_fixed_label\sa_83475.jpg,4,4,3,1,0.3007250130176544,4,4,4,3,1,0,1,1,1
G:\Thesis\FACET_Dataset\Segmented_FACET_0.2_fixed_label\sa_4629036.jpg,4,4,3,1,0.4243755340576172,5,5,5,4,1,1,0,1,1
G:\Thesis\FACET_Dataset\Segmented_FACET_0.2_fixed_label\sa_9040041.jpg,2,2,1,0,0.4825078845024109,5,5,5,4,1,3,0,0,0
G:\Thesis\FACET_Dataset\Segmented_FACET_0.2_fixed_label\sa_5804157.jpg,4,4,3,1,0.36385470628738403,4,4,4,3,1,0,1,1,1
G:\Thesis\FACET_Dataset\Segmented_FACET_0.2_fixed_label\sa_6677336.jpg,4,4,3,1,0.36361756920814514,4,4,4,3,1,0,1,1,1
G:\Thesis\FACET_Dataset\Segmented_FACET_0.2_fixed_label\sa_6573159.jpg,3,3,2,0,0.29285842180252075,4,4,4,3,1,1,0,1,0
G:\Thesis\FACET_Dataset\Segmented_FACET_0.2_fixed_label\sa_1237899.jpg,4,4,3,1,0.45474743843078613,5,5,5,4,1,1,0,1,1
G:\Thesis\FACET_Dataset\Segmented_FACET_0.2_fixed_label\sa_671770.jpg,4,4,3,1,0.34230998158454895,4,4,4,3,1,0,1,1,1
G:\Thesis\FACET_Dataset\Segmented_FACET_0.2_fixed_label\sa_2836781.jpg,5,5,4,1,0.119077667593956,2,2,2,1,0,3,0,0,0
G:\Thesis\FACET_Dataset\Segmented_FACET_0.2_fixed_label\sa_7402139.jpg,8,8,7,2,0.8546475172042847,9,9,9,8,2,1,0,1,1
G:\Thesis\FACET_Dataset\Segmented_FACET_0.2_fixed_label\sa_4786449.jpg,2,2,1,0,0.1292113959789276,2,2,2,1,0,0,1,1,1
G:\Thesis\FACET_Dataset\Segmented_FACET_0.2_fixed_label\sa_1105627.jpg,3,3,2,0,0.213235542178154,3,3,3,2,0,0,1,1,1
G:\Thesis\FACET_Dataset\Segmented_FACET_0.2_fixed_label\sa_6478910.jpg,2,2,1,0,0.42093464732170105,5,5,5,4,1,3,0,0,0
G:\Thesis\FACET_Dataset\Segmented_FACET_0.2_fixed_label\sa_6940862.jpg,2,2,1,0,0.1958501636981964,3,3,3,2,0,1,0,1,1
G:\Thesis\FACET_Dataset\Segmented_FACET_0.2_fixed_label\sa_10789209.jpg,4,4,3,1,0.4704231321811676,5,5,5,4,1,1,0,1,1
G:\Thesis\FACET_Dataset\Segmented_FACET_0.2_fixed_label\sa_9277115.jpg,6,6,5,1,0.5451784133911133,6,6,6,5,1,0,1,1,1
G:\Thesis\FACET_Dataset\Segmented_FACET_0.2_fixed_label\sa_9979863.jpg,5,5,4,1,0.6424776315689087,7,7,7,6,1,2,0,0,1
G:\Thesis\FACET_Dataset\Segmented_FACET_0.2_fixed_label\sa_4423695.jpg,5,5,4,1,0.40486881136894226,5,5,5,4,1,0,1,1,1
G:\Thesis\FACET_Dataset\Segmented_FACET_0.2_fixed_label\sa_6290308.jpg,2,2,1,0,0.3707592785358429,4,4,4,3,1,2,0,0,0
G:\Thesis\FACET_Dataset\Segmented_FACET_0.2_fixed_label\sa_2545541.jpg,7,7,6,1,0.6215030550956726,7,7,7,6,1,0,1,1,1
G:\Thesis\FACET_Dataset\Segmented_FACET_0.2_fixed_label\sa_5536666.jpg,3,3,2,0,0.43354353308677673,5,5,5,4,1,2,0,0,0
G:\Thesis\FACET_Dataset\Segmented_FACET_0.2_fixed_label\sa_6064034.jpg,3,3,2,0,0.6218037605285645,7,7,7,6,1,4,0,0,0
G:\Thesis\FACET_Dataset\Segmented_FACET_0.2_fixed_label\sa_1469498.jpg,3,3,2,0,0.2850147485733032,4,4,4,3,1,1,0,1,0
G:\Thesis\FACET_Dataset\Segmented_FACET_0.2_fixed_label\sa_7374791.jpg,2,2,1,0,0.36654025316238403,4,4,4,3,1,2,0,0,0
G:\Thesis\FACET_Dataset\Segmented_FACET_0.2_fixed_label\sa_1620585.jpg,5,5,4,1,0.4501475691795349,5,5,5,4,1,0,1,1,1
G:\Thesis\FACET_Dataset\Segmented_FACET_0.2_fixed_label\sa_4199584.jpg,2,2,1,0,0.47477614879608154,5,5,5,4,1,3,0,0,0
G:\Thesis\FACET_Dataset\Segmented_FACET_0.2_fixed_label\sa_525211.jpg,6,6,5,1,0.4670349955558777,5,5,5,4,1,1,0,1,1
G:\Thesis\FACET_Dataset\Segmented_FACET_0.2_fixed_label\sa_1730409.jpg,3,3,2,0,0.33586516976356506,4,4,4,3,1,1,0,1,0
G:\Thesis\FACET_Dataset\Segmented_FACET_0.2_fixed_label\sa_7121746.jpg,1,1,0,0,0.2557269334793091,3,3,3,2,0,2,0,0,1
G:\Thesis\FACET_Dataset\Segmented_FACET_0.2_fixed_label\sa_5606499.jpg,4,4,3,1,0.24422352015972137,3,3,3,2,0,1,0,1,0
G:\Thesis\FACET_Dataset\Segmented_FACET_0.2_fixed_label\sa_9722508.jpg,3,3,2,0,0.2624560594558716,3,3,3,2,0,0,1,1,1
G:\Thesis\FACET_Dataset\Segmented_FACET_0.2_fixed_label\sa_3067051.jpg,2,2,1,0,0.471458375453949,5,5,5,4,1,3,0,0,0
G:\Thesis\FACET_Dataset\Segmented_FACET_0.2_fixed_label\sa_6897183.jpg,2,2,1,0,0.19173729419708252,3,3,3,2,0,1,0,1,1
G:\Thesis\FACET_Dataset\Segmented_FACET_0.2_fixed_label\sa_5647848.jpg,4,4,3,1,0.24736391007900238,3,3,3,2,0,1,0,1,0
G:\Thesis\FACET_Dataset\Segmented_FACET_0.2_fixed_label\sa_5131767.jpg,4,4,3,1,0.2089475691318512,3,3,3,2,0,1,0,1,0
G:\Thesis\FACET_Dataset\Segmented_FACET_0.2_fixed_label\sa_7334714.jpg,3,3,2,0,0.08490581810474396,2,2,2,1,0,1,0,1,1
G:\Thesis\FACET_Dataset\Segmented_FACET_0.2_fixed_label\sa_7479107.jpg,5,5,4,1,0.57517409324646,6,6,6,5,1,1,0,1,1
G:\Thesis\FACET_Dataset\Segmented_FACET_0.2_fixed_label\sa_6326783.jpg,2,2,1,0,0.6003703474998474,6,6,6,5,1,4,0,0,0
G:\Thesis\FACET_Dataset\Segmented_FACET_0.2_fixed_label\sa_2095290.jpg,5,5,4,1,0.35196587443351746,4,4,4,3,1,1,0,1,1
G:\Thesis\FACET_Dataset\Segmented_FACET_0.2_fixed_label\sa_3594905.jpg,2,2,1,0,0.22771823406219482,3,3,3,2,0,1,0,1,1
G:\Thesis\FACET_Dataset\Segmented_FACET_0.2_fixed_label\sa_8110946.jpg,5,5,4,1,0.516385555267334,6,6,6,5,1,1,0,1,1
G:\Thesis\FACET_Dataset\Segmented_FACET_0.2_fixed_label\sa_2212636.jpg,7,7,6,1,0.34387314319610596,4,4,4,3,1,3,0,0,1
G:\Thesis\FACET_Dataset\Segmented_FACET_0.2_fixed_label\sa_1206887.jpg,4,4,3,1,0.5977518558502197,6,6,6,5,1,2,0,0,1
G:\Thesis\FACET_Dataset\Segmented_FACET_0.2_fixed_label\sa_6170694.jpg,2,2,1,0,0.6143248677253723,7,7,7,6,1,5,0,0,0
G:\Thesis\FACET_Dataset\Segmented_FACET_0.2_fixed_label\sa_6193592.jpg,3,3,2,0,0.3662332594394684,4,4,4,3,1,1,0,1,0
G:\Thesis\FACET_Dataset\Segmented_FACET_0.2_fixed_label\sa_11017864.jpg,4,4,3,1,0.38012558221817017,4,4,4,3,1,0,1,1,1
G:\Thesis\FACET_Dataset\Segmented_FACET_0.2_fixed_label\sa_710222.jpg,2,2,1,0,0.0903250053524971,2,2,2,1,0,0,1,1,1
G:\Thesis\FACET_Dataset\Segmented_FACET_0.2_fixed_label\sa_1127212.jpg,4,4,3,1,0.13216476142406464,2,2,2,1,0,2,0,0,0
G:\Thesis\FACET_Dataset\Segmented_FACET_0.2_fixed_label\sa_3006340.jpg,2,2,1,0,0.26462793350219727,3,3,3,2,0,1,0,1,1
G:\Thesis\FACET_Dataset\Segmented_FACET_0.2_fixed_label\sa_7908835.jpg,2,2,1,0,0.33814433217048645,4,4,4,3,1,2,0,0,0
G:\Thesis\FACET_Dataset\Segmented_FACET_0.2_fixed_label\sa_904406.jpg,1,1,0,0,0.14589239656925201,2,2,2,1,0,1,0,1,1
G:\Thesis\FACET_Dataset\Segmented_FACET_0.2_fixed_label\sa_6262791.jpg,5,5,4,1,0.38889968395233154,5,5,5,4,1,0,1,1,1
G:\Thesis\FACET_Dataset\Segmented_FACET_0.2_fixed_label\sa_3023489.jpg,6,6,5,1,0.29164770245552063,4,4,4,3,1,2,0,0,1
G:\Thesis\FACET_Dataset\Segmented_FACET_0.2_fixed_label\sa_6193592.jpg,4,4,3,1,0.3662332594394684,4,4,4,3,1,0,1,1,1
G:\Thesis\FACET_Dataset\Segmented_FACET_0.2_fixed_label\sa_6585974.jpg,7,7,6,1,0.5705952644348145,6,6,6,5,1,1,0,1,1
G:\Thesis\FACET_Dataset\Segmented_FACET_0.2_fixed_label\sa_4141927.jpg,5,5,4,1,0.5699190497398376,6,6,6,5,1,1,0,1,1
G:\Thesis\FACET_Dataset\Segmented_FACET_0.2_fixed_label\sa_2950759.jpg,5,5,4,1,0.4118421971797943,5,5,5,4,1,0,1,1,1
G:\Thesis\FACET_Dataset\Segmented_FACET_0.2_fixed_label\sa_5858945.jpg,6,6,5,1,0.4232292175292969,5,5,5,4,1,1,0,1,1
G:\Thesis\FACET_Dataset\Segmented_FACET_0.2_fixed_label\sa_658464.jpg,4,4,3,1,0.28818821907043457,4,4,4,3,1,0,1,1,1
G:\Thesis\FACET_Dataset\Segmented_FACET_0.2_fixed_label\sa_6474325.jpg,6,6,5,1,0.44493430852890015,5,5,5,4,1,1,0,1,1
G:\Thesis\FACET_Dataset\Segmented_FACET_0.2_fixed_label\sa_7946914.jpg,3,3,2,0,0.23817799985408783,3,3,3,2,0,0,1,1,1
G:\Thesis\FACET_Dataset\Segmented_FACET_0.2_fixed_label\sa_10012746.jpg,2,2,1,0,0.18179938197135925,3,3,3,2,0,1,0,1,1
G:\Thesis\FACET_Dataset\Segmented_FACET_0.2_fixed_label\sa_6044627.jpg,3,3,2,0,0.37382882833480835,4,4,4,3,1,1,0,1,0
G:\Thesis\FACET_Dataset\Segmented_FACET_0.2_fixed_label\sa_1299490.jpg,4,4,3,1,0.2078818827867508,3,3,3,2,0,1,0,1,0
G:\Thesis\FACET_Dataset\Segmented_FACET_0.2_fixed_label\sa_9973377.jpg,4,4,3,1,0.35446295142173767,4,4,4,3,1,0,1,1,1
G:\Thesis\FACET_Dataset\Segmented_FACET_0.2_fixed_label\sa_6665287.jpg,2,2,1,0,0.29697999358177185,4,4,4,3,1,2,0,0,0
G:\Thesis\FACET_Dataset\Segmented_FACET_0.2_fixed_label\sa_3995832.jpg,3,3,2,0,0.5831740498542786,6,6,6,5,1,3,0,0,0
G:\Thesis\FACET_Dataset\Segmented_FACET_0.2_fixed_label\sa_637625.jpg,3,3,2,0,0.271406888961792,3,3,3,2,0,0,1,1,1
G:\Thesis\FACET_Dataset\Segmented_FACET_0.2_fixed_label\sa_5966913.jpg,7,7,6,1,0.5578658580780029,6,6,6,5,1,1,0,1,1
G:\Thesis\FACET_Dataset\Segmented_FACET_0.2_fixed_label\sa_4678099.jpg,5,5,4,1,0.6423512101173401,7,7,7,6,1,2,0,0,1
G:\Thesis\FACET_Dataset\Segmented_FACET_0.2_fixed_label\sa_8979198.jpg,2,2,1,0,0.2527974247932434,3,3,3,2,0,1,0,1,1
G:\Thesis\FACET_Dataset\Segmented_FACET_0.2_fixed_label\sa_9296641.jpg,2,2,1,0,0.13322344422340393,2,2,2,1,0,0,1,1,1
G:\Thesis\FACET_Dataset\Segmented_FACET_0.2_fixed_label\sa_2618454.jpg,4,4,3,1,0.22167538106441498,3,3,3,2,0,1,0,1,0
G:\Thesis\FACET_Dataset\Segmented_FACET_0.2_fixed_label\sa_7498680.jpg,6,6,5,1,0.4451492428779602,5,5,5,4,1,1,0,1,1
G:\Thesis\FACET_Dataset\Segmented_FACET_0.2_fixed_label\sa_7162201.jpg,3,3,2,0,0.17364270985126495,3,3,3,2,0,0,1,1,1
G:\Thesis\FACET_Dataset\Segmented_FACET_0.2_fixed_label\sa_9913515.jpg,3,3,2,0,0.23651835322380066,3,3,3,2,0,0,1,1,1
G:\Thesis\FACET_Dataset\Segmented_FACET_0.2_fixed_label\sa_545594.jpg,3,3,2,0,0.1573307067155838,2,2,2,1,0,1,0,1,1
G:\Thesis\FACET_Dataset\Segmented_FACET_0.2_fixed_label\sa_974197.jpg,3,3,2,0,0.2989446818828583,4,4,4,3,1,1,0,1,0
G:\Thesis\FACET_Dataset\Segmented_FACET_0.2_fixed_label\sa_1863172.jpg,3,3,2,0,0.3661307990550995,4,4,4,3,1,1,0,1,0
G:\Thesis\FACET_Dataset\Segmented_FACET_0.2_fixed_label\sa_6146563.jpg,4,4,3,1,0.33771422505378723,4,4,4,3,1,0,1,1,1
G:\Thesis\FACET_Dataset\Segmented_FACET_0.2_fixed_label\sa_9435674.jpg,3,3,2,0,0.16199731826782227,2,2,2,1,0,1,0,1,1
G:\Thesis\FACET_Dataset\Segmented_FACET_0.2_fixed_label\sa_2634488.jpg,4,4,3,1,0.4553658664226532,5,5,5,4,1,1,0,1,1
G:\Thesis\FACET_Dataset\Segmented_FACET_0.2_fixed_label\sa_10425489.jpg,8,8,7,2,0.29734817147254944,4,4,4,3,1,4,0,0,0
G:\Thesis\FACET_Dataset\Segmented_FACET_0.2_fixed_label\sa_629579.jpg,4,4,3,1,0.39862674474716187,5,5,5,4,1,1,0,1,1
G:\Thesis\FACET_Dataset\Segmented_FACET_0.2_fixed_label\sa_3579260.jpg,4,4,3,1,0.3848649859428406,4,4,4,3,1,0,1,1,1
G:\Thesis\FACET_Dataset\Segmented_FACET_0.2_fixed_label\sa_9588623.jpg,2,2,1,0,0.3356274962425232,4,4,4,3,1,2,0,0,0
G:\Thesis\FACET_Dataset\Segmented_FACET_0.2_fixed_label\sa_10235089.jpg,3,3,2,0,0.5657346248626709,6,6,6,5,1,3,0,0,0
G:\Thesis\FACET_Dataset\Segmented_FACET_0.2_fixed_label\sa_6857312.jpg,6,6,5,1,0.36629819869995117,4,4,4,3,1,2,0,0,1
G:\Thesis\FACET_Dataset\Segmented_FACET_0.2_fixed_label\sa_10789209.jpg,6,6,5,1,0.4704231321811676,5,5,5,4,1,1,0,1,1
G:\Thesis\FACET_Dataset\Segmented_FACET_0.2_fixed_label\sa_8293466.jpg,5,5,4,1,0.63995760679245,7,7,7,6,1,2,0,0,1
G:\Thesis\FACET_Dataset\Segmented_FACET_0.2_fixed_label\sa_1174613.jpg,4,4,3,1,0.31177014112472534,4,4,4,3,1,0,1,1,1
G:\Thesis\FACET_Dataset\Segmented_FACET_0.2_fixed_label\sa_6909647.jpg,4,4,3,1,0.17264306545257568,3,3,3,2,0,1,0,1,0
G:\Thesis\FACET_Dataset\Segmented_FACET_0.2_fixed_label\sa_11084494.jpg,3,3,2,0,0.3710075318813324,4,4,4,3,1,1,0,1,0
G:\Thesis\FACET_Dataset\Segmented_FACET_0.2_fixed_label\sa_9215947.jpg,3,3,2,0,0.4036485552787781,5,5,5,4,1,2,0,0,0
G:\Thesis\FACET_Dataset\Segmented_FACET_0.2_fixed_label\sa_7616093.jpg,3,3,2,0,0.3474864661693573,4,4,4,3,1,1,0,1,0
G:\Thesis\FACET_Dataset\Segmented_FACET_0.2_fixed_label\sa_2051647.jpg,3,3,2,0,0.14074884355068207,2,2,2,1,0,1,0,1,1
G:\Thesis\FACET_Dataset\Segmented_FACET_0.2_fixed_label\sa_3006854.jpg,3,3,2,0,0.3193565905094147,4,4,4,3,1,1,0,1,0
G:\Thesis\FACET_Dataset\Segmented_FACET_0.2_fixed_label\sa_9938142.jpg,3,3,2,0,0.4395815134048462,5,5,5,4,1,2,0,0,0
G:\Thesis\FACET_Dataset\Segmented_FACET_0.2_fixed_label\sa_4455432.jpg,6,6,5,1,0.8282802104949951,8,8,8,7,2,2,0,0,0
G:\Thesis\FACET_Dataset\Segmented_FACET_0.2_fixed_label\sa_10190599.jpg,3,3,2,0,0.3265674114227295,4,4,4,3,1,1,0,1,0
G:\Thesis\FACET_Dataset\Segmented_FACET_0.2_fixed_label\sa_899284.jpg,4,4,3,1,0.27907171845436096,4,4,4,3,1,0,1,1,1
G:\Thesis\FACET_Dataset\Segmented_FACET_0.2_fixed_label\sa_10277350.jpg,6,6,5,1,0.34348249435424805,4,4,4,3,1,2,0,0,1
G:\Thesis\FACET_Dataset\Segmented_FACET_0.2_fixed_label\sa_210624.jpg,3,3,2,0,0.22738011181354523,3,3,3,2,0,0,1,1,1
G:\Thesis\FACET_Dataset\Segmented_FACET_0.2_fixed_label\sa_1282877.jpg,2,2,1,0,0.32847732305526733,4,4,4,3,1,2,0,0,0
G:\Thesis\FACET_Dataset\Segmented_FACET_0.2_fixed_label\sa_11135578.jpg,4,4,3,1,0.42791464924812317,5,5,5,4,1,1,0,1,1
G:\Thesis\FACET_Dataset\Segmented_FACET_0.2_fixed_label\sa_6075783.jpg,2,2,1,0,0.36884722113609314,4,4,4,3,1,2,0,0,0
G:\Thesis\FACET_Dataset\Segmented_FACET_0.2_fixed_label\sa_6620736.jpg,1,1,0,0,0.27594155073165894,3,3,3,2,0,2,0,0,1
G:\Thesis\FACET_Dataset\Segmented_FACET_0.2_fixed_label\sa_9799688.jpg,2,2,1,0,0.13577800989151,2,2,2,1,0,0,1,1,1
G:\Thesis\FACET_Dataset\Segmented_FACET_0.2_fixed_label\sa_9580997.jpg,5,5,4,1,0.6610059142112732,7,7,7,6,1,2,0,0,1
G:\Thesis\FACET_Dataset\Segmented_FACET_0.2_fixed_label\sa_8420496.jpg,4,4,3,1,0.5105476379394531,6,6,6,5,1,2,0,0,1
G:\Thesis\FACET_Dataset\Segmented_FACET_0.2_fixed_label\sa_8744555.jpg,2,2,1,0,0.5377871990203857,6,6,6,5,1,4,0,0,0
G:\Thesis\FACET_Dataset\Segmented_FACET_0.2_fixed_label\sa_4091201.jpg,2,2,1,0,0.2309322953224182,3,3,3,2,0,1,0,1,1
G:\Thesis\FACET_Dataset\Segmented_FACET_0.2_fixed_label\sa_350837.jpg,3,3,2,0,0.4360361397266388,5,5,5,4,1,2,0,0,0
G:\Thesis\FACET_Dataset\Segmented_FACET_0.2_fixed_label\sa_5328957.jpg,6,6,5,1,0.6431214213371277,7,7,7,6,1,1,0,1,1
G:\Thesis\FACET_Dataset\Segmented_FACET_0.2_fixed_label\sa_4577723.jpg,5,5,4,1,0.3105253279209137,4,4,4,3,1,1,0,1,1
G:\Thesis\FACET_Dataset\Segmented_FACET_0.2_fixed_label\sa_1235335.jpg,6,6,5,1,0.5744584202766418,6,6,6,5,1,0,1,1,1
G:\Thesis\FACET_Dataset\Segmented_FACET_0.2_fixed_label\sa_6069199.jpg,6,6,5,1,0.5091511011123657,6,6,6,5,1,0,1,1,1
G:\Thesis\FACET_Dataset\Segmented_FACET_0.2_fixed_label\sa_944036.jpg,3,3,2,0,0.2370631843805313,3,3,3,2,0,0,1,1,1
G:\Thesis\FACET_Dataset\Segmented_FACET_0.2_fixed_label\sa_4272216.jpg,2,2,1,0,0.26616573333740234,3,3,3,2,0,1,0,1,1
G:\Thesis\FACET_Dataset\Segmented_FACET_0.2_fixed_label\sa_870796.jpg,3,3,2,0,0.27908560633659363,4,4,4,3,1,1,0,1,0
G:\Thesis\FACET_Dataset\Segmented_FACET_0.2_fixed_label\sa_11070013.jpg,3,3,2,0,0.23757855594158173,3,3,3,2,0,0,1,1,1
G:\Thesis\FACET_Dataset\Segmented_FACET_0.2_fixed_label\sa_9889742.jpg,5,5,4,1,0.43521595001220703,5,5,5,4,1,0,1,1,1
G:\Thesis\FACET_Dataset\Segmented_FACET_0.2_fixed_label\sa_6230343.jpg,4,4,3,1,0.3191160559654236,4,4,4,3,1,0,1,1,1
G:\Thesis\FACET_Dataset\Segmented_FACET_0.2_fixed_label\sa_4244420.jpg,6,6,5,1,0.47823429107666016,5,5,5,4,1,1,0,1,1
G:\Thesis\FACET_Dataset\Segmented_FACET_0.2_fixed_label\sa_5092276.jpg,4,4,3,1,0.2516484558582306,3,3,3,2,0,1,0,1,0
G:\Thesis\FACET_Dataset\Segmented_FACET_0.2_fixed_label\sa_2507958.jpg,3,3,2,0,0.460688978433609,5,5,5,4,1,2,0,0,0
G:\Thesis\FACET_Dataset\Segmented_FACET_0.2_fixed_label\sa_10665143.jpg,9,9,8,2,0.7419177889823914,8,8,8,7,2,1,0,1,1
G:\Thesis\FACET_Dataset\Segmented_FACET_0.2_fixed_label\sa_2281927.jpg,4,4,3,1,0.4678613543510437,5,5,5,4,1,1,0,1,1
G:\Thesis\FACET_Dataset\Segmented_FACET_0.2_fixed_label\sa_651791.jpg,2,2,1,0,0.36111539602279663,4,4,4,3,1,2,0,0,0
G:\Thesis\FACET_Dataset\Segmented_FACET_0.2_fixed_label\sa_5300110.jpg,7,7,6,1,0.639754593372345,7,7,7,6,1,0,1,1,1
G:\Thesis\FACET_Dataset\Segmented_FACET_0.2_fixed_label\sa_2372177.jpg,7,7,6,1,0.6050180792808533,6,6,6,5,1,1,0,1,1
G:\Thesis\FACET_Dataset\Segmented_FACET_0.2_fixed_label\sa_9131252.jpg,2,2,1,0,0.37209922075271606,4,4,4,3,1,2,0,0,0
G:\Thesis\FACET_Dataset\Segmented_FACET_0.2_fixed_label\sa_6440016.jpg,5,5,4,1,0.3634849488735199,4,4,4,3,1,1,0,1,1
G:\Thesis\FACET_Dataset\Segmented_FACET_0.2_fixed_label\sa_8269547.jpg,2,2,1,0,0.2742215096950531,3,3,3,2,0,1,0,1,1
G:\Thesis\FACET_Dataset\Segmented_FACET_0.2_fixed_label\sa_4322243.jpg,2,2,1,0,0.37015047669410706,4,4,4,3,1,2,0,0,0
G:\Thesis\FACET_Dataset\Segmented_FACET_0.2_fixed_label\sa_2710563.jpg,3,3,2,0,0.3296903669834137,4,4,4,3,1,1,0,1,0
G:\Thesis\FACET_Dataset\Segmented_FACET_0.2_fixed_label\sa_3488589.jpg,6,6,5,1,0.39731431007385254,5,5,5,4,1,1,0,1,1
G:\Thesis\FACET_Dataset\Segmented_FACET_0.2_fixed_label\sa_8396142.jpg,7,7,6,1,0.5901474952697754,6,6,6,5,1,1,0,1,1
G:\Thesis\FACET_Dataset\Segmented_FACET_0.2_fixed_label\sa_3787423.jpg,7,7,6,1,0.6815970540046692,7,7,7,6,1,0,1,1,1
G:\Thesis\FACET_Dataset\Segmented_FACET_0.2_fixed_label\sa_2922016.jpg,3,3,2,0,0.5277920961380005,6,6,6,5,1,3,0,0,0
G:\Thesis\FACET_Dataset\Segmented_FACET_0.2_fixed_label\sa_1545952.jpg,3,3,2,0,0.3856382369995117,4,4,4,3,1,1,0,1,0
G:\Thesis\FACET_Dataset\Segmented_FACET_0.2_fixed_label\sa_3496750.jpg,2,2,1,0,0.03994141146540642,1,1,1,0,0,1,0,1,1
G:\Thesis\FACET_Dataset\Segmented_FACET_0.2_fixed_label\sa_7664651.jpg,3,3,2,0,0.1594288945198059,2,2,2,1,0,1,0,1,1
G:\Thesis\FACET_Dataset\Segmented_FACET_0.2_fixed_label\sa_1816074.jpg,2,2,1,0,0.7352219820022583,8,8,8,7,2,6,0,0,0
G:\Thesis\FACET_Dataset\Segmented_FACET_0.2_fixed_label\sa_1909023.jpg,3,3,2,0,0.22693316638469696,3,3,3,2,0,0,1,1,1
G:\Thesis\FACET_Dataset\Segmented_FACET_0.2_fixed_label\sa_4194517.jpg,3,3,2,0,0.13179928064346313,2,2,2,1,0,1,0,1,1
G:\Thesis\FACET_Dataset\Segmented_FACET_0.2_fixed_label\sa_7382036.jpg,6,6,5,1,0.4501073658466339,5,5,5,4,1,1,0,1,1
G:\Thesis\FACET_Dataset\Segmented_FACET_0.2_fixed_label\sa_4808180.jpg,2,2,1,0,0.3224276900291443,4,4,4,3,1,2,0,0,0
G:\Thesis\FACET_Dataset\Segmented_FACET_0.2_fixed_label\sa_9527858.jpg,4,4,3,1,0.6528775095939636,7,7,7,6,1,3,0,0,1
G:\Thesis\FACET_Dataset\Segmented_FACET_0.2_fixed_label\sa_1608469.jpg,2,2,1,0,0.22176633775234222,3,3,3,2,0,1,0,1,1
G:\Thesis\FACET_Dataset\Segmented_FACET_0.2_fixed_label\sa_7480499.jpg,3,3,2,0,0.17428648471832275,3,3,3,2,0,0,1,1,1
G:\Thesis\FACET_Dataset\Segmented_FACET_0.2_fixed_label\sa_10377021.jpg,5,5,4,1,0.3484109342098236,4,4,4,3,1,1,0,1,1
G:\Thesis\FACET_Dataset\Segmented_FACET_0.2_fixed_label\sa_6414457.jpg,2,2,1,0,0.3084615170955658,4,4,4,3,1,2,0,0,0
G:\Thesis\FACET_Dataset\Segmented_FACET_0.2_fixed_label\sa_3436418.jpg,3,3,2,0,0.27830633521080017,4,4,4,3,1,1,0,1,0
G:\Thesis\FACET_Dataset\Segmented_FACET_0.2_fixed_label\sa_9729048.jpg,3,3,2,0,0.3381628394126892,4,4,4,3,1,1,0,1,0
G:\Thesis\FACET_Dataset\Segmented_FACET_0.2_fixed_label\sa_1809016.jpg,3,3,2,0,0.44347962737083435,5,5,5,4,1,2,0,0,0
G:\Thesis\FACET_Dataset\Segmented_FACET_0.2_fixed_label\sa_5825910.jpg,3,3,2,0,0.17069154977798462,3,3,3,2,0,0,1,1,1
G:\Thesis\FACET_Dataset\Segmented_FACET_0.2_fixed_label\sa_9100667.jpg,3,3,2,0,0.522692084312439,6,6,6,5,1,3,0,0,0
G:\Thesis\FACET_Dataset\Segmented_FACET_0.2_fixed_label\sa_9597696.jpg,3,3,2,0,0.1429291069507599,2,2,2,1,0,1,0,1,1
G:\Thesis\FACET_Dataset\Segmented_FACET_0.2_fixed_label\sa_7493288.jpg,2,2,1,0,0.2668227255344391,3,3,3,2,0,1,0,1,1
G:\Thesis\FACET_Dataset\Segmented_FACET_0.2_fixed_label\sa_3963132.jpg,3,3,2,0,0.36668190360069275,4,4,4,3,1,1,0,1,0
G:\Thesis\FACET_Dataset\Segmented_FACET_0.2_fixed_label\sa_5936767.jpg,2,2,1,0,0.3366469740867615,4,4,4,3,1,2,0,0,0
G:\Thesis\FACET_Dataset\Segmented_FACET_0.2_fixed_label\sa_6049073.jpg,3,3,2,0,0.03947659581899643,1,1,1,0,0,2,0,0,1
G:\Thesis\FACET_Dataset\Segmented_FACET_0.2_fixed_label\sa_4792156.jpg,3,3,2,0,0.28874754905700684,4,4,4,3,1,1,0,1,0
G:\Thesis\FACET_Dataset\Segmented_FACET_0.2_fixed_label\sa_10071874.jpg,2,2,1,0,0.16063553094863892,2,2,2,1,0,0,1,1,1
G:\Thesis\FACET_Dataset\Segmented_FACET_0.2_fixed_label\sa_4128503.jpg,3,3,2,0,0.32831481099128723,4,4,4,3,1,1,0,1,0
G:\Thesis\FACET_Dataset\Segmented_FACET_0.2_fixed_label\sa_2727106.jpg,3,3,2,0,0.45813608169555664,5,5,5,4,1,2,0,0,0
G:\Thesis\FACET_Dataset\Segmented_FACET_0.2_fixed_label\sa_619947.jpg,8,8,7,2,0.735427737236023,8,8,8,7,2,0,1,1,1
G:\Thesis\FACET_Dataset\Segmented_FACET_0.2_fixed_label\sa_4294278.jpg,3,3,2,0,0.32301005721092224,4,4,4,3,1,1,0,1,0
G:\Thesis\FACET_Dataset\Segmented_FACET_0.2_fixed_label\sa_5546260.jpg,5,5,4,1,0.3588922917842865,4,4,4,3,1,1,0,1,1
G:\Thesis\FACET_Dataset\Segmented_FACET_0.2_fixed_label\sa_5922023.jpg,3,3,2,0,0.2659274637699127,3,3,3,2,0,0,1,1,1
G:\Thesis\FACET_Dataset\Segmented_FACET_0.2_fixed_label\sa_3802557.jpg,2,2,1,0,0.11288541555404663,2,2,2,1,0,0,1,1,1
G:\Thesis\FACET_Dataset\Segmented_FACET_0.2_fixed_label\sa_3285842.jpg,7,7,6,1,0.4071469008922577,5,5,5,4,1,2,0,0,1
G:\Thesis\FACET_Dataset\Segmented_FACET_0.2_fixed_label\sa_6606232.jpg,2,2,1,0,0.23546963930130005,3,3,3,2,0,1,0,1,1
G:\Thesis\FACET_Dataset\Segmented_FACET_0.2_fixed_label\sa_5407149.jpg,2,2,1,0,0.5206999778747559,6,6,6,5,1,4,0,0,0
G:\Thesis\FACET_Dataset\Segmented_FACET_0.2_fixed_label\sa_10240335.jpg,3,3,2,0,0.057127695530653,2,2,2,1,0,1,0,1,1
G:\Thesis\FACET_Dataset\Segmented_FACET_0.2_fixed_label\sa_1281876.jpg,2,2,1,0,0.3384692370891571,4,4,4,3,1,2,0,0,0
G:\Thesis\FACET_Dataset\Segmented_FACET_0.2_fixed_label\sa_10376905.jpg,3,3,2,0,0.39616072177886963,5,5,5,4,1,2,0,0,0
G:\Thesis\FACET_Dataset\Segmented_FACET_0.2_fixed_label\sa_9309029.jpg,9,9,8,2,0.23440901935100555,3,3,3,2,0,6,0,0,0
G:\Thesis\FACET_Dataset\Segmented_FACET_0.2_fixed_label\sa_6069498.jpg,6,6,5,1,0.5532571077346802,6,6,6,5,1,0,1,1,1
G:\Thesis\FACET_Dataset\Segmented_FACET_0.2_fixed_label\sa_4843615.jpg,3,3,2,0,0.26394179463386536,3,3,3,2,0,0,1,1,1
G:\Thesis\FACET_Dataset\Segmented_FACET_0.2_fixed_label\sa_10944498.jpg,3,3,2,0,0.6343522071838379,7,7,7,6,1,4,0,0,0
G:\Thesis\FACET_Dataset\Segmented_FACET_0.2_fixed_label\sa_839106.jpg,1,1,0,0,0.18024104833602905,3,3,3,2,0,2,0,0,1
G:\Thesis\FACET_Dataset\Segmented_FACET_0.2_fixed_label\sa_10243045.jpg,5,5,4,1,0.46127849817276,5,5,5,4,1,0,1,1,1
G:\Thesis\FACET_Dataset\Segmented_FACET_0.2_fixed_label\sa_1276128.jpg,3,3,2,0,0.5973093509674072,6,6,6,5,1,3,0,0,0
G:\Thesis\FACET_Dataset\Segmented_FACET_0.2_fixed_label\sa_3769342.jpg,3,3,2,0,0.21322986483573914,3,3,3,2,0,0,1,1,1
G:\Thesis\FACET_Dataset\Segmented_FACET_0.2_fixed_label\sa_11047388.jpg,2,2,1,0,0.16674336791038513,3,3,3,2,0,1,0,1,1
G:\Thesis\FACET_Dataset\Segmented_FACET_0.2_fixed_label\sa_3612157.jpg,3,3,2,0,0.3286064863204956,4,4,4,3,1,1,0,1,0
G:\Thesis\FACET_Dataset\Segmented_FACET_0.2_fixed_label\sa_1320082.jpg,5,5,4,1,0.4164116382598877,5,5,5,4,1,0,1,1,1
G:\Thesis\FACET_Dataset\Segmented_FACET_0.2_fixed_label\sa_4408822.jpg,2,2,1,0,0.14257946610450745,2,2,2,1,0,0,1,1,1
G:\Thesis\FACET_Dataset\Segmented_FACET_0.2_fixed_label\sa_6857312.jpg,6,6,5,1,0.36629819869995117,4,4,4,3,1,2,0,0,1
G:\Thesis\FACET_Dataset\Segmented_FACET_0.2_fixed_label\sa_7145981.jpg,5,5,4,1,0.4928617775440216,5,5,5,4,1,0,1,1,1
G:\Thesis\FACET_Dataset\Segmented_FACET_0.2_fixed_label\sa_1756709.jpg,4,4,3,1,0.4319359064102173,5,5,5,4,1,1,0,1,1
G:\Thesis\FACET_Dataset\Segmented_FACET_0.2_fixed_label\sa_6418033.jpg,4,4,3,1,0.5113837718963623,6,6,6,5,1,2,0,0,1
G:\Thesis\FACET_Dataset\Segmented_FACET_0.2_fixed_label\sa_8552803.jpg,3,3,2,0,0.4714421033859253,5,5,5,4,1,2,0,0,0
G:\Thesis\FACET_Dataset\Segmented_FACET_0.2_fixed_label\sa_10022161.jpg,4,4,3,1,0.12305618077516556,2,2,2,1,0,2,0,0,0
G:\Thesis\FACET_Dataset\Segmented_FACET_0.2_fixed_label\sa_25380.jpg,3,3,2,0,0.27386730909347534,3,3,3,2,0,0,1,1,1
G:\Thesis\FACET_Dataset\Segmented_FACET_0.2_fixed_label\sa_5031926.jpg,4,4,3,1,0.466460645198822,5,5,5,4,1,1,0,1,1
G:\Thesis\FACET_Dataset\Segmented_FACET_0.2_fixed_label\sa_7823353.jpg,8,8,7,2,0.577227771282196,6,6,6,5,1,2,0,0,0
G:\Thesis\FACET_Dataset\Segmented_FACET_0.2_fixed_label\sa_438352.jpg,4,4,3,1,0.3152564764022827,4,4,4,3,1,0,1,1,1
G:\Thesis\FACET_Dataset\Segmented_FACET_0.2_fixed_label\sa_10168183.jpg,6,6,5,1,0.5202865600585938,6,6,6,5,1,0,1,1,1
G:\Thesis\FACET_Dataset\Segmented_FACET_0.2_fixed_label\sa_9765418.jpg,3,3,2,0,0.49719154834747314,5,5,5,4,1,2,0,0,0
G:\Thesis\FACET_Dataset\Segmented_FACET_0.2_fixed_label\sa_6280313.jpg,2,2,1,0,0.32529380917549133,4,4,4,3,1,2,0,0,0
G:\Thesis\FACET_Dataset\Segmented_FACET_0.2_fixed_label\sa_7653623.jpg,2,2,1,0,0.16797490417957306,3,3,3,2,0,1,0,1,1
G:\Thesis\FACET_Dataset\Segmented_FACET_0.2_fixed_label\sa_6876737.jpg,4,4,3,1,0.3565760850906372,4,4,4,3,1,0,1,1,1
G:\Thesis\FACET_Dataset\Segmented_FACET_0.2_fixed_label\sa_411527.jpg,6,6,5,1,0.7215138673782349,7,7,7,6,1,1,0,1,1
G:\Thesis\FACET_Dataset\Segmented_FACET_0.2_fixed_label\sa_4912915.jpg,3,3,2,0,0.29838356375694275,4,4,4,3,1,1,0,1,0
G:\Thesis\FACET_Dataset\Segmented_FACET_0.2_fixed_label\sa_2942190.jpg,3,3,2,0,0.2948194146156311,4,4,4,3,1,1,0,1,0
G:\Thesis\FACET_Dataset\Segmented_FACET_0.2_fixed_label\sa_4445927.jpg,5,5,4,1,0.4813312292098999,5,5,5,4,1,0,1,1,1
G:\Thesis\FACET_Dataset\Segmented_FACET_0.2_fixed_label\sa_4979838.jpg,5,5,4,1,0.18965181708335876,3,3,3,2,0,2,0,0,0
G:\Thesis\FACET_Dataset\Segmented_FACET_0.2_fixed_label\sa_7266316.jpg,3,3,2,0,0.3171287775039673,4,4,4,3,1,1,0,1,0
G:\Thesis\FACET_Dataset\Segmented_FACET_0.2_fixed_label\sa_670066.jpg,5,5,4,1,0.3986973464488983,5,5,5,4,1,0,1,1,1
G:\Thesis\FACET_Dataset\Segmented_FACET_0.2_fixed_label\sa_8313751.jpg,2,2,1,0,0.13575784862041473,2,2,2,1,0,0,1,1,1
G:\Thesis\FACET_Dataset\Segmented_FACET_0.2_fixed_label\sa_9354133.jpg,3,3,2,0,0.4149000346660614,5,5,5,4,1,2,0,0,0
G:\Thesis\FACET_Dataset\Segmented_FACET_0.2_fixed_label\sa_5678381.jpg,6,6,5,1,0.5089341402053833,6,6,6,5,1,0,1,1,1
G:\Thesis\FACET_Dataset\Segmented_FACET_0.2_fixed_label\sa_1625191.jpg,2,2,1,0,0.2716509997844696,3,3,3,2,0,1,0,1,1
G:\Thesis\FACET_Dataset\Segmented_FACET_0.2_fixed_label\sa_5484129.jpg,4,4,3,1,0.430799663066864,5,5,5,4,1,1,0,1,1
G:\Thesis\FACET_Dataset\Segmented_FACET_0.2_fixed_label\sa_10369497.jpg,9,9,8,2,0.6342192888259888,7,7,7,6,1,2,0,0,0
G:\Thesis\FACET_Dataset\Segmented_FACET_0.2_fixed_label\sa_6707836.jpg,4,4,3,1,0.2820240259170532,4,4,4,3,1,0,1,1,1
G:\Thesis\FACET_Dataset\Segmented_FACET_0.2_fixed_label\sa_579010.jpg,4,4,3,1,0.6374338865280151,7,7,7,6,1,3,0,0,1
G:\Thesis\FACET_Dataset\Segmented_FACET_0.2_fixed_label\sa_2503775.jpg,8,8,7,2,0.39605948328971863,5,5,5,4,1,3,0,0,0
G:\Thesis\FACET_Dataset\Segmented_FACET_0.2_fixed_label\sa_3513876.jpg,3,3,2,0,0.22912244498729706,3,3,3,2,0,0,1,1,1
G:\Thesis\FACET_Dataset\Segmented_FACET_0.2_fixed_label\sa_11039006.jpg,6,6,5,1,0.6483303308486938,7,7,7,6,1,1,0,1,1
G:\Thesis\FACET_Dataset\Segmented_FACET_0.2_fixed_label\sa_10418756.jpg,3,3,2,0,0.2085438072681427,3,3,3,2,0,0,1,1,1
G:\Thesis\FACET_Dataset\Segmented_FACET_0.2_fixed_label\sa_1436047.jpg,5,5,4,1,0.3425928056240082,4,4,4,3,1,1,0,1,1
G:\Thesis\FACET_Dataset\Segmented_FACET_0.2_fixed_label\sa_5765006.jpg,1,1,0,0,0.40337997674942017,5,5,5,4,1,4,0,0,0
G:\Thesis\FACET_Dataset\Segmented_FACET_0.2_fixed_label\sa_1879225.jpg,2,2,1,0,0.4060784876346588,5,5,5,4,1,3,0,0,0
G:\Thesis\FACET_Dataset\Segmented_FACET_0.2_fixed_label\sa_9144359.jpg,2,2,1,0,0.2238743156194687,3,3,3,2,0,1,0,1,1
G:\Thesis\FACET_Dataset\Segmented_FACET_0.2_fixed_label\sa_4113099.jpg,4,4,3,1,0.2895583212375641,4,4,4,3,1,0,1,1,1
G:\Thesis\FACET_Dataset\Segmented_FACET_0.2_fixed_label\sa_921085.jpg,5,5,4,1,0.3357604742050171,4,4,4,3,1,1,0,1,1
G:\Thesis\FACET_Dataset\Segmented_FACET_0.2_fixed_label\sa_3276906.jpg,2,2,1,0,0.2505253255367279,3,3,3,2,0,1,0,1,1
G:\Thesis\FACET_Dataset\Segmented_FACET_0.2_fixed_label\sa_7474900.jpg,3,3,2,0,0.306812584400177,4,4,4,3,1,1,0,1,0
G:\Thesis\FACET_Dataset\Segmented_FACET_0.2_fixed_label\sa_2864579.jpg,4,4,3,1,0.37980738282203674,4,4,4,3,1,0,1,1,1
G:\Thesis\FACET_Dataset\Segmented_FACET_0.2_fixed_label\sa_2444031.jpg,4,4,3,1,0.3469593822956085,4,4,4,3,1,0,1,1,1
G:\Thesis\FACET_Dataset\Segmented_FACET_0.2_fixed_label\sa_707545.jpg,2,2,1,0,0.19799457490444183,3,3,3,2,0,1,0,1,1
G:\Thesis\FACET_Dataset\Segmented_FACET_0.2_fixed_label\sa_4901735.jpg,6,6,5,1,0.49158090353012085,5,5,5,4,1,1,0,1,1
G:\Thesis\FACET_Dataset\Segmented_FACET_0.2_fixed_label\sa_6380782.jpg,2,2,1,0,0.30142220854759216,4,4,4,3,1,2,0,0,0
G:\Thesis\FACET_Dataset\Segmented_FACET_0.2_fixed_label\sa_5485846.jpg,3,3,2,0,0.2890987694263458,4,4,4,3,1,1,0,1,0
G:\Thesis\FACET_Dataset\Segmented_FACET_0.2_fixed_label\sa_2041818.jpg,2,2,1,0,0.48812761902809143,5,5,5,4,1,3,0,0,0
G:\Thesis\FACET_Dataset\Segmented_FACET_0.2_fixed_label\sa_733589.jpg,5,5,4,1,0.48582780361175537,5,5,5,4,1,0,1,1,1
G:\Thesis\FACET_Dataset\Segmented_FACET_0.2_fixed_label\sa_10890103.jpg,4,4,3,1,0.29584991931915283,4,4,4,3,1,0,1,1,1
G:\Thesis\FACET_Dataset\Segmented_FACET_0.2_fixed_label\sa_9131252.jpg,3,3,2,0,0.37209922075271606,4,4,4,3,1,1,0,1,0
G:\Thesis\FACET_Dataset\Segmented_FACET_0.2_fixed_label\sa_3995832.jpg,3,3,2,0,0.5831740498542786,6,6,6,5,1,3,0,0,0
G:\Thesis\FACET_Dataset\Segmented_FACET_0.2_fixed_label\sa_6267865.jpg,6,6,5,1,0.42915716767311096,5,5,5,4,1,1,0,1,1
G:\Thesis\FACET_Dataset\Segmented_FACET_0.2_fixed_label\sa_354339.jpg,6,6,5,1,0.5228123068809509,6,6,6,5,1,0,1,1,1
G:\Thesis\FACET_Dataset\Segmented_FACET_0.2_fixed_label\sa_8484678.jpg,2,2,1,0,0.38566330075263977,4,4,4,3,1,2,0,0,0
G:\Thesis\FACET_Dataset\Segmented_FACET_0.2_fixed_label\sa_2731103.jpg,3,3,2,0,0.23591731488704681,3,3,3,2,0,0,1,1,1
G:\Thesis\FACET_Dataset\Segmented_FACET_0.2_fixed_label\sa_5534419.jpg,3,3,2,0,0.5423968434333801,6,6,6,5,1,3,0,0,0
G:\Thesis\FACET_Dataset\Segmented_FACET_0.2_fixed_label\sa_617592.jpg,6,6,5,1,0.3691144287586212,4,4,4,3,1,2,0,0,1
G:\Thesis\FACET_Dataset\Segmented_FACET_0.2_fixed_label\sa_4092765.jpg,6,6,5,1,0.5989900827407837,6,6,6,5,1,0,1,1,1
G:\Thesis\FACET_Dataset\Segmented_FACET_0.2_fixed_label\sa_411527.jpg,6,6,5,1,0.7215138673782349,7,7,7,6,1,1,0,1,1
G:\Thesis\FACET_Dataset\Segmented_FACET_0.2_fixed_label\sa_6718093.jpg,3,3,2,0,0.2987818121910095,4,4,4,3,1,1,0,1,0
G:\Thesis\FACET_Dataset\Segmented_FACET_0.2_fixed_label\sa_3874742.jpg,4,4,3,1,0.5311015248298645,6,6,6,5,1,2,0,0,1
G:\Thesis\FACET_Dataset\Segmented_FACET_0.2_fixed_label\sa_2162147.jpg,3,3,2,0,0.44893956184387207,5,5,5,4,1,2,0,0,0
G:\Thesis\FACET_Dataset\Segmented_FACET_0.2_fixed_label\sa_1130155.jpg,4,4,3,1,0.34516850113868713,4,4,4,3,1,0,1,1,1
G:\Thesis\FACET_Dataset\Segmented_FACET_0.2_fixed_label\sa_6847085.jpg,4,4,3,1,0.3285791575908661,4,4,4,3,1,0,1,1,1
G:\Thesis\FACET_Dataset\Segmented_FACET_0.2_fixed_label\sa_6969565.jpg,3,3,2,0,0.34036383032798767,4,4,4,3,1,1,0,1,0
G:\Thesis\FACET_Dataset\Segmented_FACET_0.2_fixed_label\sa_4149259.jpg,3,3,2,0,0.4897022843360901,5,5,5,4,1,2,0,0,0
G:\Thesis\FACET_Dataset\Segmented_FACET_0.2_fixed_label\sa_5512247.jpg,3,3,2,0,0.49641939997673035,5,5,5,4,1,2,0,0,0
G:\Thesis\FACET_Dataset\Segmented_FACET_0.2_fixed_label\sa_9138612.jpg,5,5,4,1,0.2682068943977356,3,3,3,2,0,2,0,0,0
G:\Thesis\FACET_Dataset\Segmented_FACET_0.2_fixed_label\sa_7519721.jpg,2,2,1,0,0.35538673400878906,4,4,4,3,1,2,0,0,0
G:\Thesis\FACET_Dataset\Segmented_FACET_0.2_fixed_label\sa_8314909.jpg,2,2,1,0,0.357709676027298,4,4,4,3,1,2,0,0,0
G:\Thesis\FACET_Dataset\Segmented_FACET_0.2_fixed_label\sa_3826712.jpg,2,2,1,0,0.25020453333854675,3,3,3,2,0,1,0,1,1
G:\Thesis\FACET_Dataset\Segmented_FACET_0.2_fixed_label\sa_1920087.jpg,7,7,6,1,0.5697777271270752,6,6,6,5,1,1,0,1,1
G:\Thesis\FACET_Dataset\Segmented_FACET_0.2_fixed_label\sa_165670.jpg,4,4,3,1,0.5204127430915833,6,6,6,5,1,2,0,0,1
G:\Thesis\FACET_Dataset\Segmented_FACET_0.2_fixed_label\sa_5504254.jpg,2,2,1,0,0.22890140116214752,3,3,3,2,0,1,0,1,1
G:\Thesis\FACET_Dataset\Segmented_FACET_0.2_fixed_label\sa_9657164.jpg,6,6,5,1,0.3256719410419464,4,4,4,3,1,2,0,0,1
G:\Thesis\FACET_Dataset\Segmented_FACET_0.2_fixed_label\sa_3544259.jpg,4,4,3,1,0.3739127218723297,4,4,4,3,1,0,1,1,1
G:\Thesis\FACET_Dataset\Segmented_FACET_0.2_fixed_label\sa_6405551.jpg,4,4,3,1,0.6490229964256287,7,7,7,6,1,3,0,0,1
G:\Thesis\FACET_Dataset\Segmented_FACET_0.2_fixed_label\sa_10295763.jpg,2,2,1,0,0.16071487963199615,2,2,2,1,0,0,1,1,1
G:\Thesis\FACET_Dataset\Segmented_FACET_0.2_fixed_label\sa_4636248.jpg,3,3,2,0,0.24633756279945374,3,3,3,2,0,0,1,1,1
G:\Thesis\FACET_Dataset\Segmented_FACET_0.2_fixed_label\sa_10457029.jpg,2,2,1,0,0.2556215226650238,3,3,3,2,0,1,0,1,1
G:\Thesis\FACET_Dataset\Segmented_FACET_0.2_fixed_label\sa_7106501.jpg,3,3,2,0,0.18329963088035583,3,3,3,2,0,0,1,1,1
G:\Thesis\FACET_Dataset\Segmented_FACET_0.2_fixed_label\sa_3775087.jpg,5,5,4,1,0.28350168466567993,4,4,4,3,1,1,0,1,1
G:\Thesis\FACET_Dataset\Segmented_FACET_0.2_fixed_label\sa_4110462.jpg,7,7,6,1,0.6621273756027222,7,7,7,6,1,0,1,1,1
G:\Thesis\FACET_Dataset\Segmented_FACET_0.2_fixed_label\sa_7925399.jpg,6,6,5,1,0.5673899054527283,6,6,6,5,1,0,1,1,1
G:\Thesis\FACET_Dataset\Segmented_FACET_0.2_fixed_label\sa_4781192.jpg,2,2,1,0,0.2812986969947815,4,4,4,3,1,2,0,0,0
G:\Thesis\FACET_Dataset\Segmented_FACET_0.2_fixed_label\sa_3605845.jpg,2,2,1,0,0.25204455852508545,3,3,3,2,0,1,0,1,1
G:\Thesis\FACET_Dataset\Segmented_FACET_0.2_fixed_label\sa_7818314.jpg,3,3,2,0,0.5398993492126465,6,6,6,5,1,3,0,0,0
G:\Thesis\FACET_Dataset\Segmented_FACET_0.2_fixed_label\sa_2843945.jpg,6,6,5,1,0.4641599655151367,5,5,5,4,1,1,0,1,1
G:\Thesis\FACET_Dataset\Segmented_FACET_0.2_fixed_label\sa_2382829.jpg,6,6,5,1,0.3935798704624176,5,5,5,4,1,1,0,1,1
G:\Thesis\FACET_Dataset\Segmented_FACET_0.2_fixed_label\sa_1625191.jpg,2,2,1,0,0.2716509997844696,3,3,3,2,0,1,0,1,1
G:\Thesis\FACET_Dataset\Segmented_FACET_0.2_fixed_label\sa_10721835.jpg,2,2,1,0,0.288472980260849,4,4,4,3,1,2,0,0,0
G:\Thesis\FACET_Dataset\Segmented_FACET_0.2_fixed_label\sa_10602863.jpg,2,2,1,0,0.14314544200897217,2,2,2,1,0,0,1,1,1
G:\Thesis\FACET_Dataset\Segmented_FACET_0.2_fixed_label\sa_10044214.jpg,6,6,5,1,0.49491631984710693,5,5,5,4,1,1,0,1,1
G:\Thesis\FACET_Dataset\Segmented_FACET_0.2_fixed_label\sa_7164258.jpg,4,4,3,1,0.30754026770591736,4,4,4,3,1,0,1,1,1
G:\Thesis\FACET_Dataset\Segmented_FACET_0.2_fixed_label\sa_10040081.jpg,2,2,1,0,0.599632740020752,6,6,6,5,1,4,0,0,0
G:\Thesis\FACET_Dataset\Segmented_FACET_0.2_fixed_label\sa_4984009.jpg,4,4,3,1,0.37174126505851746,4,4,4,3,1,0,1,1,1
G:\Thesis\FACET_Dataset\Segmented_FACET_0.2_fixed_label\sa_9922073.jpg,2,2,1,0,0.17311787605285645,3,3,3,2,0,1,0,1,1
G:\Thesis\FACET_Dataset\Segmented_FACET_0.2_fixed_label\sa_77543.jpg,6,6,5,1,0.3733108937740326,4,4,4,3,1,2,0,0,1
G:\Thesis\FACET_Dataset\Segmented_FACET_0.2_fixed_label\sa_3835234.jpg,3,3,2,0,0.3125646710395813,4,4,4,3,1,1,0,1,0
G:\Thesis\FACET_Dataset\Segmented_FACET_0.2_fixed_label\sa_2272291.jpg,5,5,4,1,0.4337254762649536,5,5,5,4,1,0,1,1,1
G:\Thesis\FACET_Dataset\Segmented_FACET_0.2_fixed_label\sa_3956060.jpg,3,3,2,0,0.37701863050460815,4,4,4,3,1,1,0,1,0
G:\Thesis\FACET_Dataset\Segmented_FACET_0.2_fixed_label\sa_11004967.jpg,3,3,2,0,0.43009287118911743,5,5,5,4,1,2,0,0,0
G:\Thesis\FACET_Dataset\Segmented_FACET_0.2_fixed_label\sa_5754708.jpg,4,4,3,1,0.30858510732650757,4,4,4,3,1,0,1,1,1
G:\Thesis\FACET_Dataset\Segmented_FACET_0.2_fixed_label\sa_10490584.jpg,5,5,4,1,0.6694433093070984,7,7,7,6,1,2,0,0,1
G:\Thesis\FACET_Dataset\Segmented_FACET_0.2_fixed_label\sa_1733255.jpg,2,2,1,0,0.18043145537376404,3,3,3,2,0,1,0,1,1
G:\Thesis\FACET_Dataset\Segmented_FACET_0.2_fixed_label\sa_9490418.jpg,5,5,4,1,0.2771449685096741,3,3,3,2,0,2,0,0,0
G:\Thesis\FACET_Dataset\Segmented_FACET_0.2_fixed_label\sa_4185296.jpg,3,3,2,0,0.18905222415924072,3,3,3,2,0,0,1,1,1
G:\Thesis\FACET_Dataset\Segmented_FACET_0.2_fixed_label\sa_5037130.jpg,3,3,2,0,0.27971941232681274,4,4,4,3,1,1,0,1,0
G:\Thesis\FACET_Dataset\Segmented_FACET_0.2_fixed_label\sa_926092.jpg,4,4,3,1,0.24344651401042938,3,3,3,2,0,1,0,1,0
G:\Thesis\FACET_Dataset\Segmented_FACET_0.2_fixed_label\sa_6249000.jpg,4,4,3,1,0.35321512818336487,4,4,4,3,1,0,1,1,1
G:\Thesis\FACET_Dataset\Segmented_FACET_0.2_fixed_label\sa_3225381.jpg,4,4,3,1,0.38616180419921875,4,4,4,3,1,0,1,1,1
G:\Thesis\FACET_Dataset\Segmented_FACET_0.2_fixed_label\sa_6440016.jpg,7,7,6,1,0.3634849488735199,4,4,4,3,1,3,0,0,1
G:\Thesis\FACET_Dataset\Segmented_FACET_0.2_fixed_label\sa_8036003.jpg,2,2,1,0,0.19229471683502197,3,3,3,2,0,1,0,1,1
G:\Thesis\FACET_Dataset\Segmented_FACET_0.2_fixed_label\sa_8284164.jpg,7,7,6,1,0.38201773166656494,4,4,4,3,1,3,0,0,1
G:\Thesis\FACET_Dataset\Segmented_FACET_0.2_fixed_label\sa_179530.jpg,2,2,1,0,0.3438126742839813,4,4,4,3,1,2,0,0,0
G:\Thesis\FACET_Dataset\Segmented_FACET_0.2_fixed_label\sa_2691838.jpg,2,2,1,0,0.30700165033340454,4,4,4,3,1,2,0,0,0
G:\Thesis\FACET_Dataset\Segmented_FACET_0.2_fixed_label\sa_5053918.jpg,4,4,3,1,0.17743004858493805,3,3,3,2,0,1,0,1,0
G:\Thesis\FACET_Dataset\Segmented_FACET_0.2_fixed_label\sa_8999830.jpg,5,5,4,1,0.6092745065689087,6,6,6,5,1,1,0,1,1
G:\Thesis\FACET_Dataset\Segmented_FACET_0.2_fixed_label\sa_8696432.jpg,2,2,1,0,0.49572664499282837,5,5,5,4,1,3,0,0,0
G:\Thesis\FACET_Dataset\Segmented_FACET_0.2_fixed_label\sa_6964543.jpg,2,2,1,0,0.2678890824317932,3,3,3,2,0,1,0,1,1
G:\Thesis\FACET_Dataset\Segmented_FACET_0.2_fixed_label\sa_4938313.jpg,3,3,2,0,0.29714179039001465,4,4,4,3,1,1,0,1,0
G:\Thesis\FACET_Dataset\Segmented_FACET_0.2_fixed_label\sa_8765513.jpg,6,6,5,1,0.3889152407646179,5,5,5,4,1,1,0,1,1
G:\Thesis\FACET_Dataset\Segmented_FACET_0.2_fixed_label\sa_797339.jpg,5,5,4,1,0.5474492907524109,6,6,6,5,1,1,0,1,1
G:\Thesis\FACET_Dataset\Segmented_FACET_0.2_fixed_label\sa_298962.jpg,4,4,3,1,0.31246528029441833,4,4,4,3,1,0,1,1,1
G:\Thesis\FACET_Dataset\Segmented_FACET_0.2_fixed_label\sa_6101600.jpg,5,5,4,1,0.2851189374923706,4,4,4,3,1,1,0,1,1
G:\Thesis\FACET_Dataset\Segmented_FACET_0.2_fixed_label\sa_6712604.jpg,4,4,3,1,0.1990346759557724,3,3,3,2,0,1,0,1,0
G:\Thesis\FACET_Dataset\Segmented_FACET_0.2_fixed_label\sa_7142513.jpg,5,5,4,1,0.4555725157260895,5,5,5,4,1,0,1,1,1
G:\Thesis\FACET_Dataset\Segmented_FACET_0.2_fixed_label\sa_8421772.jpg,5,5,4,1,0.4414771497249603,5,5,5,4,1,0,1,1,1
G:\Thesis\FACET_Dataset\Segmented_FACET_0.2_fixed_label\sa_8073534.jpg,3,3,2,0,0.14252638816833496,2,2,2,1,0,1,0,1,1
G:\Thesis\FACET_Dataset\Segmented_FACET_0.2_fixed_label\sa_204903.jpg,3,3,2,0,0.3366484045982361,4,4,4,3,1,1,0,1,0
G:\Thesis\FACET_Dataset\Segmented_FACET_0.2_fixed_label\sa_3151123.jpg,6,6,5,1,0.2801319658756256,4,4,4,3,1,2,0,0,1
G:\Thesis\FACET_Dataset\Segmented_FACET_0.2_fixed_label\sa_1429736.jpg,1,1,0,0,0.36581531167030334,4,4,4,3,1,3,0,0,0
G:\Thesis\FACET_Dataset\Segmented_FACET_0.2_fixed_label\sa_175148.jpg,3,3,2,0,0.44600939750671387,5,5,5,4,1,2,0,0,0
G:\Thesis\FACET_Dataset\Segmented_FACET_0.2_fixed_label\sa_5299693.jpg,3,3,2,0,0.49634337425231934,5,5,5,4,1,2,0,0,0
G:\Thesis\FACET_Dataset\Segmented_FACET_0.2_fixed_label\sa_6600088.jpg,4,4,3,1,0.38698670268058777,4,4,4,3,1,0,1,1,1
G:\Thesis\FACET_Dataset\Segmented_FACET_0.2_fixed_label\sa_617687.jpg,7,7,6,1,0.5713385343551636,6,6,6,5,1,1,0,1,1
G:\Thesis\FACET_Dataset\Segmented_FACET_0.2_fixed_label\sa_3665560.jpg,6,6,5,1,0.5153358578681946,6,6,6,5,1,0,1,1,1
G:\Thesis\FACET_Dataset\Segmented_FACET_0.2_fixed_label\sa_8119387.jpg,2,2,1,0,0.32818084955215454,4,4,4,3,1,2,0,0,0
G:\Thesis\FACET_Dataset\Segmented_FACET_0.2_fixed_label\sa_2752467.jpg,4,4,3,1,0.3699536621570587,4,4,4,3,1,0,1,1,1
G:\Thesis\FACET_Dataset\Segmented_FACET_0.2_fixed_label\sa_3843100.jpg,3,3,2,0,0.2580886781215668,3,3,3,2,0,0,1,1,1
G:\Thesis\FACET_Dataset\Segmented_FACET_0.2_fixed_label\sa_4937435.jpg,5,5,4,1,0.7081702351570129,7,7,7,6,1,2,0,0,1
G:\Thesis\FACET_Dataset\Segmented_FACET_0.2_fixed_label\sa_1990478.jpg,8,8,7,2,0.5693243145942688,6,6,6,5,1,2,0,0,0
G:\Thesis\FACET_Dataset\Segmented_FACET_0.2_fixed_label\sa_536276.jpg,3,3,2,0,0.19311971962451935,3,3,3,2,0,0,1,1,1
G:\Thesis\FACET_Dataset\Segmented_FACET_0.2_fixed_label\sa_1690805.jpg,3,3,2,0,0.22948510944843292,3,3,3,2,0,0,1,1,1
G:\Thesis\FACET_Dataset\Segmented_FACET_0.2_fixed_label\sa_42437.jpg,3,3,2,0,0.21633949875831604,3,3,3,2,0,0,1,1,1
G:\Thesis\FACET_Dataset\Segmented_FACET_0.2_fixed_label\sa_8046386.jpg,2,2,1,0,0.22652223706245422,3,3,3,2,0,1,0,1,1
G:\Thesis\FACET_Dataset\Segmented_FACET_0.2_fixed_label\sa_6322744.jpg,3,3,2,0,0.4058317244052887,5,5,5,4,1,2,0,0,0
G:\Thesis\FACET_Dataset\Segmented_FACET_0.2_fixed_label\sa_8738419.jpg,3,3,2,0,0.23546361923217773,3,3,3,2,0,0,1,1,1
G:\Thesis\FACET_Dataset\Segmented_FACET_0.2_fixed_label\sa_10229001.jpg,7,7,6,1,0.646417498588562,7,7,7,6,1,0,1,1,1
G:\Thesis\FACET_Dataset\Segmented_FACET_0.2_fixed_label\sa_395192.jpg,2,2,1,0,0.17682704329490662,3,3,3,2,0,1,0,1,1
G:\Thesis\FACET_Dataset\Segmented_FACET_0.2_fixed_label\sa_1249979.jpg,6,6,5,1,0.3311934173107147,4,4,4,3,1,2,0,0,1
G:\Thesis\FACET_Dataset\Segmented_FACET_0.2_fixed_label\sa_10055917.jpg,1,1,0,0,0.26262009143829346,3,3,3,2,0,2,0,0,1
G:\Thesis\FACET_Dataset\Segmented_FACET_0.2_fixed_label\sa_108383.jpg,2,2,1,0,0.2420206516981125,3,3,3,2,0,1,0,1,1
G:\Thesis\FACET_Dataset\Segmented_FACET_0.2_fixed_label\sa_9243786.jpg,4,4,3,1,0.21623177826404572,3,3,3,2,0,1,0,1,0
G:\Thesis\FACET_Dataset\Segmented_FACET_0.2_fixed_label\sa_6737529.jpg,2,2,1,0,0.16194480657577515,2,2,2,1,0,0,1,1,1
G:\Thesis\FACET_Dataset\Segmented_FACET_0.2_fixed_label\sa_7527991.jpg,5,5,4,1,0.5460744500160217,6,6,6,5,1,1,0,1,1
G:\Thesis\FACET_Dataset\Segmented_FACET_0.2_fixed_label\sa_10926586.jpg,3,3,2,0,0.6056393384933472,6,6,6,5,1,3,0,0,0
G:\Thesis\FACET_Dataset\Segmented_FACET_0.2_fixed_label\sa_2874722.jpg,3,3,2,0,0.40811777114868164,5,5,5,4,1,2,0,0,0
G:\Thesis\FACET_Dataset\Segmented_FACET_0.2_fixed_label\sa_9437029.jpg,4,4,3,1,0.3571200370788574,4,4,4,3,1,0,1,1,1
G:\Thesis\FACET_Dataset\Segmented_FACET_0.2_fixed_label\sa_6794572.jpg,3,3,2,0,0.1625068634748459,2,2,2,1,0,1,0,1,1
G:\Thesis\FACET_Dataset\Segmented_FACET_0.2_fixed_label\sa_3665560.jpg,4,4,3,1,0.5153358578681946,6,6,6,5,1,2,0,0,1
G:\Thesis\FACET_Dataset\Segmented_FACET_0.2_fixed_label\sa_6724609.jpg,1,1,0,0,0.16952557861804962,3,3,3,2,0,2,0,0,1
G:\Thesis\FACET_Dataset\Segmented_FACET_0.2_fixed_label\sa_9824941.jpg,3,3,2,0,0.36416202783584595,4,4,4,3,1,1,0,1,0
G:\Thesis\FACET_Dataset\Segmented_FACET_0.2_fixed_label\sa_7994318.jpg,7,7,6,1,0.5570382475852966,6,6,6,5,1,1,0,1,1
G:\Thesis\FACET_Dataset\Segmented_FACET_0.2_fixed_label\sa_6649824.jpg,6,6,5,1,0.43310919404029846,5,5,5,4,1,1,0,1,1
G:\Thesis\FACET_Dataset\Segmented_FACET_0.2_fixed_label\sa_10982798.jpg,5,5,4,1,0.22359280288219452,3,3,3,2,0,2,0,0,0
G:\Thesis\FACET_Dataset\Segmented_FACET_0.2_fixed_label\sa_3194133.jpg,1,1,0,0,0.20293116569519043,3,3,3,2,0,2,0,0,1
G:\Thesis\FACET_Dataset\Segmented_FACET_0.2_fixed_label\sa_9276847.jpg,3,3,2,0,0.2945270836353302,4,4,4,3,1,1,0,1,0
G:\Thesis\FACET_Dataset\Segmented_FACET_0.2_fixed_label\sa_2649633.jpg,3,3,2,0,0.3927386999130249,5,5,5,4,1,2,0,0,0
G:\Thesis\FACET_Dataset\Segmented_FACET_0.2_fixed_label\sa_5073589.jpg,2,2,1,0,0.4804535210132599,5,5,5,4,1,3,0,0,0
G:\Thesis\FACET_Dataset\Segmented_FACET_0.2_fixed_label\sa_11029989.jpg,6,6,5,1,0.4503916800022125,5,5,5,4,1,1,0,1,1
G:\Thesis\FACET_Dataset\Segmented_FACET_0.2_fixed_label\sa_10089288.jpg,4,4,3,1,0.38337790966033936,4,4,4,3,1,0,1,1,1
G:\Thesis\FACET_Dataset\Segmented_FACET_0.2_fixed_label\sa_9252349.jpg,2,2,1,0,0.10663940757513046,2,2,2,1,0,0,1,1,1
G:\Thesis\FACET_Dataset\Segmented_FACET_0.2_fixed_label\sa_3386067.jpg,4,4,3,1,0.3996974229812622,5,5,5,4,1,1,0,1,1
G:\Thesis\FACET_Dataset\Segmented_FACET_0.2_fixed_label\sa_9518416.jpg,3,3,2,0,0.31291940808296204,4,4,4,3,1,1,0,1,0
G:\Thesis\FACET_Dataset\Segmented_FACET_0.2_fixed_label\sa_6558338.jpg,3,3,2,0,0.2708483934402466,3,3,3,2,0,0,1,1,1
G:\Thesis\FACET_Dataset\Segmented_FACET_0.2_fixed_label\sa_9143722.jpg,3,3,2,0,0.2595708966255188,3,3,3,2,0,0,1,1,1
G:\Thesis\FACET_Dataset\Segmented_FACET_0.2_fixed_label\sa_5383621.jpg,6,6,5,1,0.49189892411231995,5,5,5,4,1,1,0,1,1
G:\Thesis\FACET_Dataset\Segmented_FACET_0.2_fixed_label\sa_10444801.jpg,3,3,2,0,0.5077184438705444,6,6,6,5,1,3,0,0,0
G:\Thesis\FACET_Dataset\Segmented_FACET_0.2_fixed_label\sa_4002326.jpg,5,5,4,1,0.685267984867096,7,7,7,6,1,2,0,0,1
G:\Thesis\FACET_Dataset\Segmented_FACET_0.2_fixed_label\sa_221451.jpg,3,3,2,0,0.23394572734832764,3,3,3,2,0,0,1,1,1
G:\Thesis\FACET_Dataset\Segmented_FACET_0.2_fixed_label\sa_10789209.jpg,4,4,3,1,0.4704231321811676,5,5,5,4,1,1,0,1,1
G:\Thesis\FACET_Dataset\Segmented_FACET_0.2_fixed_label\sa_2835904.jpg,4,4,3,1,0.4113273322582245,5,5,5,4,1,1,0,1,1
G:\Thesis\FACET_Dataset\Segmented_FACET_0.2_fixed_label\sa_159399.jpg,2,2,1,0,0.2697094976902008,3,3,3,2,0,1,0,1,1
G:\Thesis\FACET_Dataset\Segmented_FACET_0.2_fixed_label\sa_4542137.jpg,2,2,1,0,0.1845417618751526,3,3,3,2,0,1,0,1,1
G:\Thesis\FACET_Dataset\Segmented_FACET_0.2_fixed_label\sa_4806371.jpg,2,2,1,0,0.2747119665145874,3,3,3,2,0,1,0,1,1
G:\Thesis\FACET_Dataset\Segmented_FACET_0.2_fixed_label\sa_2683194.jpg,9,9,8,2,0.565883457660675,6,6,6,5,1,3,0,0,0
G:\Thesis\FACET_Dataset\Segmented_FACET_0.2_fixed_label\sa_9041127.jpg,2,2,1,0,0.2160487323999405,3,3,3,2,0,1,0,1,1
G:\Thesis\FACET_Dataset\Segmented_FACET_0.2_fixed_label\sa_350837.jpg,5,5,4,1,0.4360361397266388,5,5,5,4,1,0,1,1,1
G:\Thesis\FACET_Dataset\Segmented_FACET_0.2_fixed_label\sa_583162.jpg,2,2,1,0,0.3500902056694031,4,4,4,3,1,2,0,0,0
G:\Thesis\FACET_Dataset\Segmented_FACET_0.2_fixed_label\sa_4988179.jpg,3,3,2,0,0.28024715185165405,4,4,4,3,1,1,0,1,0
G:\Thesis\FACET_Dataset\Segmented_FACET_0.2_fixed_label\sa_6069199.jpg,7,7,6,1,0.5091511011123657,6,6,6,5,1,1,0,1,1
G:\Thesis\FACET_Dataset\Segmented_FACET_0.2_fixed_label\sa_1003746.jpg,4,4,3,1,0.2896689176559448,4,4,4,3,1,0,1,1,1
G:\Thesis\FACET_Dataset\Segmented_FACET_0.2_fixed_label\sa_3497590.jpg,5,5,4,1,0.35727640986442566,4,4,4,3,1,1,0,1,1
G:\Thesis\FACET_Dataset\Segmented_FACET_0.2_fixed_label\sa_3416936.jpg,3,3,2,0,0.1558745950460434,2,2,2,1,0,1,0,1,1
G:\Thesis\FACET_Dataset\Segmented_FACET_0.2_fixed_label\sa_833968.jpg,3,3,2,0,0.3716468811035156,4,4,4,3,1,1,0,1,0
G:\Thesis\FACET_Dataset\Segmented_FACET_0.2_fixed_label\sa_10253712.jpg,2,2,1,0,0.23604971170425415,3,3,3,2,0,1,0,1,1
G:\Thesis\FACET_Dataset\Segmented_FACET_0.2_fixed_label\sa_3994290.jpg,5,5,4,1,0.47688382863998413,5,5,5,4,1,0,1,1,1
G:\Thesis\FACET_Dataset\Segmented_FACET_0.2_fixed_label\sa_1273560.jpg,2,2,1,0,0.23355302214622498,3,3,3,2,0,1,0,1,1
G:\Thesis\FACET_Dataset\Segmented_FACET_0.2_fixed_label\sa_11151514.jpg,3,3,2,0,0.5207832455635071,6,6,6,5,1,3,0,0,0
G:\Thesis\FACET_Dataset\Segmented_FACET_0.2_fixed_label\sa_10928464.jpg,1,1,0,0,0.273184210062027,3,3,3,2,0,2,0,0,1
G:\Thesis\FACET_Dataset\Segmented_FACET_0.2_fixed_label\sa_8319806.jpg,5,5,4,1,0.6675985455513,7,7,7,6,1,2,0,0,1
G:\Thesis\FACET_Dataset\Segmented_FACET_0.2_fixed_label\sa_10722596.jpg,2,2,1,0,0.2817275822162628,4,4,4,3,1,2,0,0,0
G:\Thesis\FACET_Dataset\Segmented_FACET_0.2_fixed_label\sa_8241890.jpg,2,2,1,0,0.2207823395729065,3,3,3,2,0,1,0,1,1
G:\Thesis\FACET_Dataset\Segmented_FACET_0.2_fixed_label\sa_1613358.jpg,3,3,2,0,0.17253415286540985,3,3,3,2,0,0,1,1,1
G:\Thesis\FACET_Dataset\Segmented_FACET_0.2_fixed_label\sa_7831773.jpg,5,5,4,1,0.466341108083725,5,5,5,4,1,0,1,1,1
G:\Thesis\FACET_Dataset\Segmented_FACET_0.2_fixed_label\sa_7602333.jpg,4,4,3,1,0.26357215642929077,3,3,3,2,0,1,0,1,0
G:\Thesis\FACET_Dataset\Segmented_FACET_0.2_fixed_label\sa_10216089.jpg,3,3,2,0,0.21878598630428314,3,3,3,2,0,0,1,1,1
G:\Thesis\FACET_Dataset\Segmented_FACET_0.2_fixed_label\sa_5422200.jpg,6,6,5,1,0.35780975222587585,4,4,4,3,1,2,0,0,1
G:\Thesis\FACET_Dataset\Segmented_FACET_0.2_fixed_label\sa_2616356.jpg,4,4,3,1,0.6728407740592957,7,7,7,6,1,3,0,0,1
G:\Thesis\FACET_Dataset\Segmented_FACET_0.2_fixed_label\sa_1416348.jpg,4,4,3,1,0.273159921169281,3,3,3,2,0,1,0,1,0
G:\Thesis\FACET_Dataset\Segmented_FACET_0.2_fixed_label\sa_737577.jpg,3,3,2,0,0.2665618062019348,3,3,3,2,0,0,1,1,1
G:\Thesis\FACET_Dataset\Segmented_FACET_0.2_fixed_label\sa_10622761.jpg,6,6,5,1,0.32531267404556274,4,4,4,3,1,2,0,0,1
G:\Thesis\FACET_Dataset\Segmented_FACET_0.2_fixed_label\sa_3897225.jpg,5,5,4,1,0.17571516335010529,3,3,3,2,0,2,0,0,0
G:\Thesis\FACET_Dataset\Segmented_FACET_0.2_fixed_label\sa_2157433.jpg,2,2,1,0,0.17240117490291595,3,3,3,2,0,1,0,1,1
G:\Thesis\FACET_Dataset\Segmented_FACET_0.2_fixed_label\sa_1990815.jpg,4,4,3,1,0.32818228006362915,4,4,4,3,1,0,1,1,1
G:\Thesis\FACET_Dataset\Segmented_FACET_0.2_fixed_label\sa_2706289.jpg,2,2,1,0,0.0884898379445076,2,2,2,1,0,0,1,1,1
G:\Thesis\FACET_Dataset\Segmented_FACET_0.2_fixed_label\sa_448028.jpg,5,5,4,1,0.12989650666713715,2,2,2,1,0,3,0,0,0
G:\Thesis\FACET_Dataset\Segmented_FACET_0.2_fixed_label\sa_6907056.jpg,2,2,1,0,0.3510341942310333,4,4,4,3,1,2,0,0,0
G:\Thesis\FACET_Dataset\Segmented_FACET_0.2_fixed_label\sa_1635631.jpg,3,3,2,0,0.2028178870677948,3,3,3,2,0,0,1,1,1
G:\Thesis\FACET_Dataset\Segmented_FACET_0.2_fixed_label\sa_1178518.jpg,4,4,3,1,0.4658578932285309,5,5,5,4,1,1,0,1,1
G:\Thesis\FACET_Dataset\Segmented_FACET_0.2_fixed_label\sa_9575873.jpg,3,3,2,0,0.22970867156982422,3,3,3,2,0,0,1,1,1
G:\Thesis\FACET_Dataset\Segmented_FACET_0.2_fixed_label\sa_4714974.jpg,6,6,5,1,0.21133582293987274,3,3,3,2,0,3,0,0,0
G:\Thesis\FACET_Dataset\Segmented_FACET_0.2_fixed_label\sa_232128.jpg,2,2,1,0,0.2816770374774933,4,4,4,3,1,2,0,0,0
G:\Thesis\FACET_Dataset\Segmented_FACET_0.2_fixed_label\sa_5786493.jpg,3,3,2,0,0.24063411355018616,3,3,3,2,0,0,1,1,1
G:\Thesis\FACET_Dataset\Segmented_FACET_0.2_fixed_label\sa_11063942.jpg,4,4,3,1,0.4714568555355072,5,5,5,4,1,1,0,1,1
G:\Thesis\FACET_Dataset\Segmented_FACET_0.2_fixed_label\sa_1899095.jpg,3,3,2,0,0.34478288888931274,4,4,4,3,1,1,0,1,0
G:\Thesis\FACET_Dataset\Segmented_FACET_0.2_fixed_label\sa_5536666.jpg,6,6,5,1,0.43354353308677673,5,5,5,4,1,1,0,1,1
G:\Thesis\FACET_Dataset\Segmented_FACET_0.2_fixed_label\sa_7453249.jpg,3,3,2,0,0.4350859820842743,5,5,5,4,1,2,0,0,0
G:\Thesis\FACET_Dataset\Segmented_FACET_0.2_fixed_label\sa_1250469.jpg,5,5,4,1,0.4125917851924896,5,5,5,4,1,0,1,1,1
G:\Thesis\FACET_Dataset\Segmented_FACET_0.2_fixed_label\sa_8959752.jpg,4,4,3,1,0.31598374247550964,4,4,4,3,1,0,1,1,1
G:\Thesis\FACET_Dataset\Segmented_FACET_0.2_fixed_label\sa_3578835.jpg,5,5,4,1,0.4138806462287903,5,5,5,4,1,0,1,1,1
G:\Thesis\FACET_Dataset\Segmented_FACET_0.2_fixed_label\sa_10950755.jpg,4,4,3,1,0.14586201310157776,2,2,2,1,0,2,0,0,0
G:\Thesis\FACET_Dataset\Segmented_FACET_0.2_fixed_label\sa_6685030.jpg,3,3,2,0,0.36114442348480225,4,4,4,3,1,1,0,1,0
G:\Thesis\FACET_Dataset\Segmented_FACET_0.2_fixed_label\sa_9035855.jpg,2,2,1,0,0.27053403854370117,3,3,3,2,0,1,0,1,1
G:\Thesis\FACET_Dataset\Segmented_FACET_0.2_fixed_label\sa_4854635.jpg,4,4,3,1,0.7131856083869934,7,7,7,6,1,3,0,0,1
G:\Thesis\FACET_Dataset\Segmented_FACET_0.2_fixed_label\sa_7192067.jpg,3,3,2,0,0.6314032077789307,7,7,7,6,1,4,0,0,0
G:\Thesis\FACET_Dataset\Segmented_FACET_0.2_fixed_label\sa_6969565.jpg,2,2,1,0,0.34036383032798767,4,4,4,3,1,2,0,0,0
G:\Thesis\FACET_Dataset\Segmented_FACET_0.2_fixed_label\sa_6053919.jpg,5,5,4,1,0.5892883539199829,6,6,6,5,1,1,0,1,1
G:\Thesis\FACET_Dataset\Segmented_FACET_0.2_fixed_label\sa_3083767.jpg,3,3,2,0,0.3538385033607483,4,4,4,3,1,1,0,1,0
G:\Thesis\FACET_Dataset\Segmented_FACET_0.2_fixed_label\sa_1754250.jpg,2,2,1,0,0.2894018888473511,4,4,4,3,1,2,0,0,0
G:\Thesis\FACET_Dataset\Segmented_FACET_0.2_fixed_label\sa_10053259.jpg,5,5,4,1,0.46458396315574646,5,5,5,4,1,0,1,1,1
G:\Thesis\FACET_Dataset\Segmented_FACET_0.2_fixed_label\sa_3553059.jpg,3,3,2,0,0.3542819321155548,4,4,4,3,1,1,0,1,0
G:\Thesis\FACET_Dataset\Segmented_FACET_0.2_fixed_label\sa_7429624.jpg,5,5,4,1,0.4648536145687103,5,5,5,4,1,0,1,1,1
G:\Thesis\FACET_Dataset\Segmented_FACET_0.2_fixed_label\sa_6643714.jpg,2,2,1,0,0.43407994508743286,5,5,5,4,1,3,0,0,0
G:\Thesis\FACET_Dataset\Segmented_FACET_0.2_fixed_label\sa_9417441.jpg,3,3,2,0,0.26680150628089905,3,3,3,2,0,0,1,1,1
G:\Thesis\FACET_Dataset\Segmented_FACET_0.2_fixed_label\sa_4435088.jpg,4,4,3,1,0.5298934578895569,6,6,6,5,1,2,0,0,1
G:\Thesis\FACET_Dataset\Segmented_FACET_0.2_fixed_label\sa_3841968.jpg,5,5,4,1,0.41287559270858765,5,5,5,4,1,0,1,1,1
G:\Thesis\FACET_Dataset\Segmented_FACET_0.2_fixed_label\sa_3577491.jpg,8,8,7,2,0.7998307347297668,8,8,8,7,2,0,1,1,1
G:\Thesis\FACET_Dataset\Segmented_FACET_0.2_fixed_label\sa_10740689.jpg,3,3,2,0,0.10478083789348602,2,2,2,1,0,1,0,1,1
G:\Thesis\FACET_Dataset\Segmented_FACET_0.2_fixed_label\sa_9069702.jpg,2,2,1,0,0.3486013114452362,4,4,4,3,1,2,0,0,0
G:\Thesis\FACET_Dataset\Segmented_FACET_0.2_fixed_label\sa_5715395.jpg,3,3,2,0,0.5080026984214783,6,6,6,5,1,3,0,0,0
G:\Thesis\FACET_Dataset\Segmented_FACET_0.2_fixed_label\sa_1231724.jpg,3,3,2,0,0.4995308816432953,5,5,5,4,1,2,0,0,0
G:\Thesis\FACET_Dataset\Segmented_FACET_0.2_fixed_label\sa_3953417.jpg,6,6,5,1,0.406431645154953,5,5,5,4,1,1,0,1,1
G:\Thesis\FACET_Dataset\Segmented_FACET_0.2_fixed_label\sa_9339826.jpg,3,3,2,0,0.3114060163497925,4,4,4,3,1,1,0,1,0
G:\Thesis\FACET_Dataset\Segmented_FACET_0.2_fixed_label\sa_2512529.jpg,2,2,1,0,0.15344278514385223,2,2,2,1,0,0,1,1,1
G:\Thesis\FACET_Dataset\Segmented_FACET_0.2_fixed_label\sa_10490161.jpg,4,4,3,1,0.5578838586807251,6,6,6,5,1,2,0,0,1
G:\Thesis\FACET_Dataset\Segmented_FACET_0.2_fixed_label\sa_7180503.jpg,4,4,3,1,0.3566584885120392,4,4,4,3,1,0,1,1,1
G:\Thesis\FACET_Dataset\Segmented_FACET_0.2_fixed_label\sa_8314298.jpg,2,2,1,0,0.30959823727607727,4,4,4,3,1,2,0,0,0
G:\Thesis\FACET_Dataset\Segmented_FACET_0.2_fixed_label\sa_6127661.jpg,7,7,6,1,0.5218738317489624,6,6,6,5,1,1,0,1,1
G:\Thesis\FACET_Dataset\Segmented_FACET_0.2_fixed_label\sa_4116994.jpg,2,2,1,0,0.2788178026676178,4,4,4,3,1,2,0,0,0
G:\Thesis\FACET_Dataset\Segmented_FACET_0.2_fixed_label\sa_8346057.jpg,4,4,3,1,0.33796611428260803,4,4,4,3,1,0,1,1,1
G:\Thesis\FACET_Dataset\Segmented_FACET_0.2_fixed_label\sa_7929832.jpg,2,2,1,0,0.2739375829696655,3,3,3,2,0,1,0,1,1
G:\Thesis\FACET_Dataset\Segmented_FACET_0.2_fixed_label\sa_6958200.jpg,6,6,5,1,0.3977237641811371,5,5,5,4,1,1,0,1,1
G:\Thesis\FACET_Dataset\Segmented_FACET_0.2_fixed_label\sa_7571461.jpg,5,5,4,1,0.5432594418525696,6,6,6,5,1,1,0,1,1
G:\Thesis\FACET_Dataset\Segmented_FACET_0.2_fixed_label\sa_6004743.jpg,3,3,2,0,0.28976696729660034,4,4,4,3,1,1,0,1,0
G:\Thesis\FACET_Dataset\Segmented_FACET_0.2_fixed_label\sa_8958355.jpg,3,3,2,0,0.3746955394744873,4,4,4,3,1,1,0,1,0
G:\Thesis\FACET_Dataset\Segmented_FACET_0.2_fixed_label\sa_9477941.jpg,5,5,4,1,0.5793769359588623,6,6,6,5,1,1,0,1,1
G:\Thesis\FACET_Dataset\Segmented_FACET_0.2_fixed_label\sa_8307231.jpg,6,6,5,1,0.6478275060653687,7,7,7,6,1,1,0,1,1
G:\Thesis\FACET_Dataset\Segmented_FACET_0.2_fixed_label\sa_3920752.jpg,3,3,2,0,0.3786134719848633,4,4,4,3,1,1,0,1,0
G:\Thesis\FACET_Dataset\Segmented_FACET_0.2_fixed_label\sa_1502766.jpg,3,3,2,0,0.31931930780410767,4,4,4,3,1,1,0,1,0
G:\Thesis\FACET_Dataset\Segmented_FACET_0.2_fixed_label\sa_6886908.jpg,4,4,3,1,0.18250831961631775,3,3,3,2,0,1,0,1,0
G:\Thesis\FACET_Dataset\Segmented_FACET_0.2_fixed_label\sa_9997224.jpg,2,2,1,0,0.07380491495132446,2,2,2,1,0,0,1,1,1
G:\Thesis\FACET_Dataset\Segmented_FACET_0.2_fixed_label\sa_730538.jpg,1,1,0,0,0.5315827131271362,6,6,6,5,1,5,0,0,0
G:\Thesis\FACET_Dataset\Segmented_FACET_0.2_fixed_label\sa_11142011.jpg,3,3,2,0,0.4186486303806305,5,5,5,4,1,2,0,0,0
G:\Thesis\FACET_Dataset\Segmented_FACET_0.2_fixed_label\sa_8043444.jpg,5,5,4,1,0.31890246272087097,4,4,4,3,1,1,0,1,1
G:\Thesis\FACET_Dataset\Segmented_FACET_0.2_fixed_label\sa_3236557.jpg,2,2,1,0,0.2677161693572998,3,3,3,2,0,1,0,1,1
G:\Thesis\FACET_Dataset\Segmented_FACET_0.2_fixed_label\sa_10489419.jpg,9,9,8,2,0.34898871183395386,4,4,4,3,1,5,0,0,0
G:\Thesis\FACET_Dataset\Segmented_FACET_0.2_fixed_label\sa_4662661.jpg,2,2,1,0,0.40676528215408325,5,5,5,4,1,3,0,0,0
G:\Thesis\FACET_Dataset\Segmented_FACET_0.2_fixed_label\sa_4390344.jpg,7,7,6,1,0.32268351316452026,4,4,4,3,1,3,0,0,1
G:\Thesis\FACET_Dataset\Segmented_FACET_0.2_fixed_label\sa_357215.jpg,3,3,2,0,0.24159930646419525,3,3,3,2,0,0,1,1,1
G:\Thesis\FACET_Dataset\Segmented_FACET_0.2_fixed_label\sa_1661605.jpg,3,3,2,0,0.13318601250648499,2,2,2,1,0,1,0,1,1
G:\Thesis\FACET_Dataset\Segmented_FACET_0.2_fixed_label\sa_7761847.jpg,8,8,7,2,0.47516587376594543,5,5,5,4,1,3,0,0,0
G:\Thesis\FACET_Dataset\Segmented_FACET_0.2_fixed_label\sa_3663255.jpg,5,5,4,1,0.2751689553260803,3,3,3,2,0,2,0,0,0
G:\Thesis\FACET_Dataset\Segmented_FACET_0.2_fixed_label\sa_3285842.jpg,6,6,5,1,0.4071469008922577,5,5,5,4,1,1,0,1,1
G:\Thesis\FACET_Dataset\Segmented_FACET_0.2_fixed_label\sa_6526854.jpg,5,5,4,1,0.45545142889022827,5,5,5,4,1,0,1,1,1
G:\Thesis\FACET_Dataset\Segmented_FACET_0.2_fixed_label\sa_4774424.jpg,2,2,1,0,0.26555395126342773,3,3,3,2,0,1,0,1,1
G:\Thesis\FACET_Dataset\Segmented_FACET_0.2_fixed_label\sa_6989042.jpg,4,4,3,1,0.294430673122406,4,4,4,3,1,0,1,1,1
G:\Thesis\FACET_Dataset\Segmented_FACET_0.2_fixed_label\sa_3181099.jpg,3,3,2,0,0.36192965507507324,4,4,4,3,1,1,0,1,0
G:\Thesis\FACET_Dataset\Segmented_FACET_0.2_fixed_label\sa_4686144.jpg,5,5,4,1,0.2460820972919464,3,3,3,2,0,2,0,0,0
G:\Thesis\FACET_Dataset\Segmented_FACET_0.2_fixed_label\sa_7145981.jpg,9,9,8,2,0.4928617775440216,5,5,5,4,1,4,0,0,0
G:\Thesis\FACET_Dataset\Segmented_FACET_0.2_fixed_label\sa_7049617.jpg,4,4,3,1,0.30257368087768555,4,4,4,3,1,0,1,1,1
G:\Thesis\FACET_Dataset\Segmented_FACET_0.2_fixed_label\sa_4294663.jpg,4,4,3,1,0.1795128434896469,3,3,3,2,0,1,0,1,0
G:\Thesis\FACET_Dataset\Segmented_FACET_0.2_fixed_label\sa_3736363.jpg,7,7,6,1,0.5009056329727173,6,6,6,5,1,1,0,1,1
G:\Thesis\FACET_Dataset\Segmented_FACET_0.2_fixed_label\sa_634291.jpg,3,3,2,0,0.1578095406293869,2,2,2,1,0,1,0,1,1
G:\Thesis\FACET_Dataset\Segmented_FACET_0.2_fixed_label\sa_5068060.jpg,8,8,7,2,0.5261699557304382,6,6,6,5,1,2,0,0,0
G:\Thesis\FACET_Dataset\Segmented_FACET_0.2_fixed_label\sa_1572919.jpg,6,6,5,1,0.3124258518218994,4,4,4,3,1,2,0,0,1
G:\Thesis\FACET_Dataset\Segmented_FACET_0.2_fixed_label\sa_3666693.jpg,3,3,2,0,0.38098740577697754,4,4,4,3,1,1,0,1,0
G:\Thesis\FACET_Dataset\Segmented_FACET_0.2_fixed_label\sa_1830445.jpg,5,5,4,1,0.2466926872730255,3,3,3,2,0,2,0,0,0
G:\Thesis\FACET_Dataset\Segmented_FACET_0.2_fixed_label\sa_8013957.jpg,2,2,1,0,0.0989747941493988,2,2,2,1,0,0,1,1,1
G:\Thesis\FACET_Dataset\Segmented_FACET_0.2_fixed_label\sa_2789167.jpg,5,5,4,1,0.39465320110321045,5,5,5,4,1,0,1,1,1
G:\Thesis\FACET_Dataset\Segmented_FACET_0.2_fixed_label\sa_7349182.jpg,3,3,2,0,0.39163342118263245,5,5,5,4,1,2,0,0,0
G:\Thesis\FACET_Dataset\Segmented_FACET_0.2_fixed_label\sa_5581495.jpg,4,4,3,1,0.3916929066181183,5,5,5,4,1,1,0,1,1
G:\Thesis\FACET_Dataset\Segmented_FACET_0.2_fixed_label\sa_2964374.jpg,7,7,6,1,0.7193237543106079,7,7,7,6,1,0,1,1,1
G:\Thesis\FACET_Dataset\Segmented_FACET_0.2_fixed_label\sa_1145342.jpg,3,3,2,0,0.6217014789581299,7,7,7,6,1,4,0,0,0
G:\Thesis\FACET_Dataset\Segmented_FACET_0.2_fixed_label\sa_2907796.jpg,2,2,1,0,0.29319053888320923,4,4,4,3,1,2,0,0,0
G:\Thesis\FACET_Dataset\Segmented_FACET_0.2_fixed_label\sa_7215736.jpg,2,2,1,0,0.19546931982040405,3,3,3,2,0,1,0,1,1
G:\Thesis\FACET_Dataset\Segmented_FACET_0.2_fixed_label\sa_1821746.jpg,5,5,4,1,0.4665709435939789,5,5,5,4,1,0,1,1,1
G:\Thesis\FACET_Dataset\Segmented_FACET_0.2_fixed_label\sa_3841968.jpg,4,4,3,1,0.41287559270858765,5,5,5,4,1,1,0,1,1
G:\Thesis\FACET_Dataset\Segmented_FACET_0.2_fixed_label\sa_3540315.jpg,5,5,4,1,0.3925221562385559,5,5,5,4,1,0,1,1,1
G:\Thesis\FACET_Dataset\Segmented_FACET_0.2_fixed_label\sa_5880398.jpg,3,3,2,0,0.55461186170578,6,6,6,5,1,3,0,0,0
G:\Thesis\FACET_Dataset\Segmented_FACET_0.2_fixed_label\sa_3478678.jpg,7,7,6,1,0.6244680285453796,7,7,7,6,1,0,1,1,1
G:\Thesis\FACET_Dataset\Segmented_FACET_0.2_fixed_label\sa_5427674.jpg,1,1,0,0,0.38774898648262024,4,4,4,3,1,3,0,0,0
G:\Thesis\FACET_Dataset\Segmented_FACET_0.2_fixed_label\sa_5646608.jpg,6,6,5,1,0.4766013026237488,5,5,5,4,1,1,0,1,1
G:\Thesis\FACET_Dataset\Segmented_FACET_0.2_fixed_label\sa_9572029.jpg,7,7,6,1,0.5737181901931763,6,6,6,5,1,1,0,1,1
G:\Thesis\FACET_Dataset\Segmented_FACET_0.2_fixed_label\sa_3543183.jpg,4,4,3,1,0.4008360803127289,5,5,5,4,1,1,0,1,1
G:\Thesis\FACET_Dataset\Segmented_FACET_0.2_fixed_label\sa_10125607.jpg,5,5,4,1,0.25111111998558044,3,3,3,2,0,2,0,0,0
G:\Thesis\FACET_Dataset\Segmented_FACET_0.2_fixed_label\sa_4869053.jpg,5,5,4,1,0.6898378729820251,7,7,7,6,1,2,0,0,1
G:\Thesis\FACET_Dataset\Segmented_FACET_0.2_fixed_label\sa_9685500.jpg,2,2,1,0,0.28387749195098877,4,4,4,3,1,2,0,0,0
G:\Thesis\FACET_Dataset\Segmented_FACET_0.2_fixed_label\sa_11016722.jpg,3,3,2,0,0.44176366925239563,5,5,5,4,1,2,0,0,0
G:\Thesis\FACET_Dataset\Segmented_FACET_0.2_fixed_label\sa_9247039.jpg,4,4,3,1,0.28121888637542725,4,4,4,3,1,0,1,1,1
G:\Thesis\FACET_Dataset\Segmented_FACET_0.2_fixed_label\sa_10366030.jpg,4,4,3,1,0.1851751059293747,3,3,3,2,0,1,0,1,0
G:\Thesis\FACET_Dataset\Segmented_FACET_0.2_fixed_label\sa_6630941.jpg,3,3,2,0,0.30500102043151855,4,4,4,3,1,1,0,1,0
G:\Thesis\FACET_Dataset\Segmented_FACET_0.2_fixed_label\sa_669056.jpg,8,8,7,2,0.6199918985366821,7,7,7,6,1,1,0,1,0
G:\Thesis\FACET_Dataset\Segmented_FACET_0.2_fixed_label\sa_7846393.jpg,5,5,4,1,0.18124213814735413,3,3,3,2,0,2,0,0,0
G:\Thesis\FACET_Dataset\Segmented_FACET_0.2_fixed_label\sa_4023638.jpg,6,6,5,1,0.4062751233577728,5,5,5,4,1,1,0,1,1
G:\Thesis\FACET_Dataset\Segmented_FACET_0.2_fixed_label\sa_8293927.jpg,7,7,6,1,0.6646841764450073,7,7,7,6,1,0,1,1,1
G:\Thesis\FACET_Dataset\Segmented_FACET_0.2_fixed_label\sa_2368954.jpg,2,2,1,0,0.4108456075191498,5,5,5,4,1,3,0,0,0
G:\Thesis\FACET_Dataset\Segmented_FACET_0.2_fixed_label\sa_6231023.jpg,3,3,2,0,0.44236671924591064,5,5,5,4,1,2,0,0,0
G:\Thesis\FACET_Dataset\Segmented_FACET_0.2_fixed_label\sa_9941665.jpg,3,3,2,0,0.2716923654079437,3,3,3,2,0,0,1,1,1
G:\Thesis\FACET_Dataset\Segmented_FACET_0.2_fixed_label\sa_2869228.jpg,6,6,5,1,0.5681919455528259,6,6,6,5,1,0,1,1,1
G:\Thesis\FACET_Dataset\Segmented_FACET_0.2_fixed_label\sa_2142207.jpg,5,5,4,1,0.3910859525203705,5,5,5,4,1,0,1,1,1
G:\Thesis\FACET_Dataset\Segmented_FACET_0.2_fixed_label\sa_8042026.jpg,3,3,2,0,0.3709205090999603,4,4,4,3,1,1,0,1,0
G:\Thesis\FACET_Dataset\Segmented_FACET_0.2_fixed_label\sa_5603229.jpg,4,4,3,1,0.15570661425590515,2,2,2,1,0,2,0,0,0
G:\Thesis\FACET_Dataset\Segmented_FACET_0.2_fixed_label\sa_2190089.jpg,2,2,1,0,0.233226478099823,3,3,3,2,0,1,0,1,1
G:\Thesis\FACET_Dataset\Segmented_FACET_0.2_fixed_label\sa_10318561.jpg,2,2,1,0,0.4841398596763611,5,5,5,4,1,3,0,0,0
G:\Thesis\FACET_Dataset\Segmented_FACET_0.2_fixed_label\sa_9917877.jpg,6,6,5,1,0.448566198348999,5,5,5,4,1,1,0,1,1
G:\Thesis\FACET_Dataset\Segmented_FACET_0.2_fixed_label\sa_8320636.jpg,2,2,1,0,0.29309535026550293,4,4,4,3,1,2,0,0,0
G:\Thesis\FACET_Dataset\Segmented_FACET_0.2_fixed_label\sa_3841968.jpg,3,3,2,0,0.41287559270858765,5,5,5,4,1,2,0,0,0
G:\Thesis\FACET_Dataset\Segmented_FACET_0.2_fixed_label\sa_6204252.jpg,2,2,1,0,0.1726839393377304,3,3,3,2,0,1,0,1,1
G:\Thesis\FACET_Dataset\Segmented_FACET_0.2_fixed_label\sa_10885813.jpg,4,4,3,1,0.46259719133377075,5,5,5,4,1,1,0,1,1
G:\Thesis\FACET_Dataset\Segmented_FACET_0.2_fixed_label\sa_3268067.jpg,3,3,2,0,0.4542580842971802,5,5,5,4,1,2,0,0,0
G:\Thesis\FACET_Dataset\Segmented_FACET_0.2_fixed_label\sa_10100996.jpg,2,2,1,0,0.3834855258464813,4,4,4,3,1,2,0,0,0
G:\Thesis\FACET_Dataset\Segmented_FACET_0.2_fixed_label\sa_10988208.jpg,2,2,1,0,0.4296688139438629,5,5,5,4,1,3,0,0,0
G:\Thesis\FACET_Dataset\Segmented_FACET_0.2_fixed_label\sa_6857312.jpg,6,6,5,1,0.36629819869995117,4,4,4,3,1,2,0,0,1
G:\Thesis\FACET_Dataset\Segmented_FACET_0.2_fixed_label\sa_10740561.jpg,3,3,2,0,0.383152037858963,4,4,4,3,1,1,0,1,0
G:\Thesis\FACET_Dataset\Segmented_FACET_0.2_fixed_label\sa_8260580.jpg,4,4,3,1,0.4368191659450531,5,5,5,4,1,1,0,1,1
G:\Thesis\FACET_Dataset\Segmented_FACET_0.2_fixed_label\sa_3396473.jpg,4,4,3,1,0.27407771348953247,3,3,3,2,0,1,0,1,0
G:\Thesis\FACET_Dataset\Segmented_FACET_0.2_fixed_label\sa_1728502.jpg,6,6,5,1,0.5167169570922852,6,6,6,5,1,0,1,1,1
G:\Thesis\FACET_Dataset\Segmented_FACET_0.2_fixed_label\sa_8849260.jpg,2,2,1,0,0.23995192348957062,3,3,3,2,0,1,0,1,1
G:\Thesis\FACET_Dataset\Segmented_FACET_0.2_fixed_label\sa_1629995.jpg,4,4,3,1,0.7686764597892761,8,8,8,7,2,4,0,0,0
G:\Thesis\FACET_Dataset\Segmented_FACET_0.2_fixed_label\sa_6905699.jpg,3,3,2,0,0.2585199177265167,3,3,3,2,0,0,1,1,1
G:\Thesis\FACET_Dataset\Segmented_FACET_0.2_fixed_label\sa_8460336.jpg,2,2,1,0,0.43169254064559937,5,5,5,4,1,3,0,0,0
G:\Thesis\FACET_Dataset\Segmented_FACET_0.2_fixed_label\sa_5058554.jpg,3,3,2,0,0.38327017426490784,4,4,4,3,1,1,0,1,0
G:\Thesis\FACET_Dataset\Segmented_FACET_0.2_fixed_label\sa_6529342.jpg,3,3,2,0,0.4126024842262268,5,5,5,4,1,2,0,0,0
G:\Thesis\FACET_Dataset\Segmented_FACET_0.2_fixed_label\sa_6697876.jpg,3,3,2,0,0.27348607778549194,3,3,3,2,0,0,1,1,1
G:\Thesis\FACET_Dataset\Segmented_FACET_0.2_fixed_label\sa_7459329.jpg,7,7,6,1,0.6600837707519531,7,7,7,6,1,0,1,1,1
G:\Thesis\FACET_Dataset\Segmented_FACET_0.2_fixed_label\sa_1617546.jpg,2,2,1,0,0.272475928068161,3,3,3,2,0,1,0,1,1
G:\Thesis\FACET_Dataset\Segmented_FACET_0.2_fixed_label\sa_872518.jpg,3,3,2,0,0.12670539319515228,2,2,2,1,0,1,0,1,1
G:\Thesis\FACET_Dataset\Segmented_FACET_0.2_fixed_label\sa_539238.jpg,2,2,1,0,0.17945526540279388,3,3,3,2,0,1,0,1,1
G:\Thesis\FACET_Dataset\Segmented_FACET_0.2_fixed_label\sa_6317020.jpg,2,2,1,0,0.5374530553817749,6,6,6,5,1,4,0,0,0
G:\Thesis\FACET_Dataset\Segmented_FACET_0.2_fixed_label\sa_3023613.jpg,6,6,5,1,0.3771892189979553,4,4,4,3,1,2,0,0,1
G:\Thesis\FACET_Dataset\Segmented_FACET_0.2_fixed_label\sa_2550540.jpg,4,4,3,1,0.41552647948265076,5,5,5,4,1,1,0,1,1
G:\Thesis\FACET_Dataset\Segmented_FACET_0.2_fixed_label\sa_9301300.jpg,4,4,3,1,0.2955266833305359,4,4,4,3,1,0,1,1,1
G:\Thesis\FACET_Dataset\Segmented_FACET_0.2_fixed_label\sa_10474444.jpg,2,2,1,0,0.29404500126838684,4,4,4,3,1,2,0,0,0
G:\Thesis\FACET_Dataset\Segmented_FACET_0.2_fixed_label\sa_3125094.jpg,4,4,3,1,0.5036047101020813,6,6,6,5,1,2,0,0,1
G:\Thesis\FACET_Dataset\Segmented_FACET_0.2_fixed_label\sa_6018608.jpg,5,5,4,1,0.2382710874080658,3,3,3,2,0,2,0,0,0
G:\Thesis\FACET_Dataset\Segmented_FACET_0.2_fixed_label\sa_2271095.jpg,4,4,3,1,0.34561020135879517,4,4,4,3,1,0,1,1,1
G:\Thesis\FACET_Dataset\Segmented_FACET_0.2_fixed_label\sa_3957675.jpg,4,4,3,1,0.4649413824081421,5,5,5,4,1,1,0,1,1
G:\Thesis\FACET_Dataset\Segmented_FACET_0.2_fixed_label\sa_9044717.jpg,2,2,1,0,0.3425586521625519,4,4,4,3,1,2,0,0,0
G:\Thesis\FACET_Dataset\Segmented_FACET_0.2_fixed_label\sa_3339255.jpg,3,3,2,0,0.4317226707935333,5,5,5,4,1,2,0,0,0
G:\Thesis\FACET_Dataset\Segmented_FACET_0.2_fixed_label\sa_268278.jpg,7,7,6,1,0.724261462688446,8,8,8,7,2,1,0,1,0
G:\Thesis\FACET_Dataset\Segmented_FACET_0.2_fixed_label\sa_2639664.jpg,3,3,2,0,0.3264031708240509,4,4,4,3,1,1,0,1,0
G:\Thesis\FACET_Dataset\Segmented_FACET_0.2_fixed_label\sa_10707244.jpg,3,3,2,0,0.5245836973190308,6,6,6,5,1,3,0,0,0
G:\Thesis\FACET_Dataset\Segmented_FACET_0.2_fixed_label\sa_8655801.jpg,6,6,5,1,0.7312664985656738,8,8,8,7,2,2,0,0,0
G:\Thesis\FACET_Dataset\Segmented_FACET_0.2_fixed_label\sa_6049073.jpg,1,1,0,0,0.03947659581899643,1,1,1,0,0,0,1,1,1
G:\Thesis\FACET_Dataset\Segmented_FACET_0.2_fixed_label\sa_1984040.jpg,5,5,4,1,0.4607260227203369,5,5,5,4,1,0,1,1,1
G:\Thesis\FACET_Dataset\Segmented_FACET_0.2_fixed_label\sa_4953176.jpg,6,6,5,1,0.4128473401069641,5,5,5,4,1,1,0,1,1
G:\Thesis\FACET_Dataset\Segmented_FACET_0.2_fixed_label\sa_6333629.jpg,3,3,2,0,0.41155779361724854,5,5,5,4,1,2,0,0,0
G:\Thesis\FACET_Dataset\Segmented_FACET_0.2_fixed_label\sa_4892742.jpg,3,3,2,0,0.23187293112277985,3,3,3,2,0,0,1,1,1
G:\Thesis\FACET_Dataset\Segmented_FACET_0.2_fixed_label\sa_1008095.jpg,1,1,0,0,0.39293113350868225,5,5,5,4,1,4,0,0,0
G:\Thesis\FACET_Dataset\Segmented_FACET_0.2_fixed_label\sa_1911252.jpg,1,1,0,0,0.3499668836593628,4,4,4,3,1,3,0,0,0
G:\Thesis\FACET_Dataset\Segmented_FACET_0.2_fixed_label\sa_3437748.jpg,7,7,6,1,0.6808935403823853,7,7,7,6,1,0,1,1,1
G:\Thesis\FACET_Dataset\Segmented_FACET_0.2_fixed_label\sa_2855400.jpg,2,2,1,0,0.3613952398300171,4,4,4,3,1,2,0,0,0
G:\Thesis\FACET_Dataset\Segmented_FACET_0.2_fixed_label\sa_2316676.jpg,2,2,1,0,0.07654879242181778,2,2,2,1,0,0,1,1,1
G:\Thesis\FACET_Dataset\Segmented_FACET_0.2_fixed_label\sa_10695373.jpg,6,6,5,1,0.5157454013824463,6,6,6,5,1,0,1,1,1
G:\Thesis\FACET_Dataset\Segmented_FACET_0.2_fixed_label\sa_9785569.jpg,7,7,6,1,0.6241898536682129,7,7,7,6,1,0,1,1,1
G:\Thesis\FACET_Dataset\Segmented_FACET_0.2_fixed_label\sa_5884169.jpg,2,2,1,0,0.26479822397232056,3,3,3,2,0,1,0,1,1
G:\Thesis\FACET_Dataset\Segmented_FACET_0.2_fixed_label\sa_5058554.jpg,3,3,2,0,0.38327017426490784,4,4,4,3,1,1,0,1,0
G:\Thesis\FACET_Dataset\Segmented_FACET_0.2_fixed_label\sa_3988002.jpg,5,5,4,1,0.30375397205352783,4,4,4,3,1,1,0,1,1
G:\Thesis\FACET_Dataset\Segmented_FACET_0.2_fixed_label\sa_2766659.jpg,2,2,1,0,0.12510018050670624,2,2,2,1,0,0,1,1,1
G:\Thesis\FACET_Dataset\Segmented_FACET_0.2_fixed_label\sa_8826762.jpg,6,6,5,1,0.5801256895065308,6,6,6,5,1,0,1,1,1
G:\Thesis\FACET_Dataset\Segmented_FACET_0.2_fixed_label\sa_3314883.jpg,2,2,1,0,0.38345643877983093,4,4,4,3,1,2,0,0,0
G:\Thesis\FACET_Dataset\Segmented_FACET_0.2_fixed_label\sa_7671203.jpg,3,3,2,0,0.4333685338497162,5,5,5,4,1,2,0,0,0
G:\Thesis\FACET_Dataset\Segmented_FACET_0.2_fixed_label\sa_6695301.jpg,3,3,2,0,0.2351032942533493,3,3,3,2,0,0,1,1,1
G:\Thesis\FACET_Dataset\Segmented_FACET_0.2_fixed_label\sa_4973888.jpg,6,6,5,1,0.5258245468139648,6,6,6,5,1,0,1,1,1
G:\Thesis\FACET_Dataset\Segmented_FACET_0.2_fixed_label\sa_1040080.jpg,2,2,1,0,0.0994337946176529,2,2,2,1,0,0,1,1,1
G:\Thesis\FACET_Dataset\Segmented_FACET_0.2_fixed_label\sa_4790230.jpg,2,2,1,0,0.15490588545799255,2,2,2,1,0,0,1,1,1
G:\Thesis\FACET_Dataset\Segmented_FACET_0.2_fixed_label\sa_10454269.jpg,2,2,1,0,0.3170270323753357,4,4,4,3,1,2,0,0,0
G:\Thesis\FACET_Dataset\Segmented_FACET_0.2_fixed_label\sa_5556161.jpg,5,5,4,1,0.25667843222618103,3,3,3,2,0,2,0,0,0
G:\Thesis\FACET_Dataset\Segmented_FACET_0.2_fixed_label\sa_6926143.jpg,2,2,1,0,0.09503410756587982,2,2,2,1,0,0,1,1,1
G:\Thesis\FACET_Dataset\Segmented_FACET_0.2_fixed_label\sa_951035.jpg,3,3,2,0,0.41388237476348877,5,5,5,4,1,2,0,0,0
G:\Thesis\FACET_Dataset\Segmented_FACET_0.2_fixed_label\sa_5114131.jpg,6,6,5,1,0.7023423314094543,7,7,7,6,1,1,0,1,1
G:\Thesis\FACET_Dataset\Segmented_FACET_0.2_fixed_label\sa_2813753.jpg,5,5,4,1,0.2859175503253937,4,4,4,3,1,1,0,1,1
G:\Thesis\FACET_Dataset\Segmented_FACET_0.2_fixed_label\sa_836717.jpg,3,3,2,0,0.2975831925868988,4,4,4,3,1,1,0,1,0
G:\Thesis\FACET_Dataset\Segmented_FACET_0.2_fixed_label\sa_5884169.jpg,2,2,1,0,0.26479822397232056,3,3,3,2,0,1,0,1,1
G:\Thesis\FACET_Dataset\Segmented_FACET_0.2_fixed_label\sa_4528781.jpg,2,2,1,0,0.0566251240670681,2,2,2,1,0,0,1,1,1
G:\Thesis\FACET_Dataset\Segmented_FACET_0.2_fixed_label\sa_9168495.jpg,3,3,2,0,0.427094429731369,5,5,5,4,1,2,0,0,0
G:\Thesis\FACET_Dataset\Segmented_FACET_0.2_fixed_label\sa_1215620.jpg,5,5,4,1,0.3491840958595276,4,4,4,3,1,1,0,1,1
G:\Thesis\FACET_Dataset\Segmented_FACET_0.2_fixed_label\sa_7711635.jpg,2,2,1,0,0.28937196731567383,4,4,4,3,1,2,0,0,0
G:\Thesis\FACET_Dataset\Segmented_FACET_0.2_fixed_label\sa_4714974.jpg,6,6,5,1,0.21133582293987274,3,3,3,2,0,3,0,0,0
G:\Thesis\FACET_Dataset\Segmented_FACET_0.2_fixed_label\sa_7900209.jpg,4,4,3,1,0.41125309467315674,5,5,5,4,1,1,0,1,1
G:\Thesis\FACET_Dataset\Segmented_FACET_0.2_fixed_label\sa_9181726.jpg,3,3,2,0,0.18291011452674866,3,3,3,2,0,0,1,1,1
G:\Thesis\FACET_Dataset\Segmented_FACET_0.2_fixed_label\sa_10620705.jpg,6,6,5,1,0.3184298276901245,4,4,4,3,1,2,0,0,1
G:\Thesis\FACET_Dataset\Segmented_FACET_0.2_fixed_label\sa_8935203.jpg,8,8,7,2,0.5647689700126648,6,6,6,5,1,2,0,0,0
G:\Thesis\FACET_Dataset\Segmented_FACET_0.2_fixed_label\sa_9458625.jpg,3,3,2,0,0.2672039866447449,3,3,3,2,0,0,1,1,1
G:\Thesis\FACET_Dataset\Segmented_FACET_0.2_fixed_label\sa_5318109.jpg,2,2,1,0,0.02175728976726532,1,1,1,0,0,1,0,1,1
G:\Thesis\FACET_Dataset\Segmented_FACET_0.2_fixed_label\sa_2231078.jpg,1,1,0,0,0.511339545249939,6,6,6,5,1,5,0,0,0
G:\Thesis\FACET_Dataset\Segmented_FACET_0.2_fixed_label\sa_5905339.jpg,5,5,4,1,0.5048478245735168,6,6,6,5,1,1,0,1,1
G:\Thesis\FACET_Dataset\Segmented_FACET_0.2_fixed_label\sa_7317173.jpg,3,3,2,0,0.20329494774341583,3,3,3,2,0,0,1,1,1
G:\Thesis\FACET_Dataset\Segmented_FACET_0.2_fixed_label\sa_2613318.jpg,2,2,1,0,0.26360324025154114,3,3,3,2,0,1,0,1,1
G:\Thesis\FACET_Dataset\Segmented_FACET_0.2_fixed_label\sa_2859420.jpg,6,6,5,1,0.27695587277412415,3,3,3,2,0,3,0,0,0
G:\Thesis\FACET_Dataset\Segmented_FACET_0.2_fixed_label\sa_1284858.jpg,6,6,5,1,0.40374210476875305,5,5,5,4,1,1,0,1,1
G:\Thesis\FACET_Dataset\Segmented_FACET_0.2_fixed_label\sa_2069389.jpg,4,4,3,1,0.2391175478696823,3,3,3,2,0,1,0,1,0
G:\Thesis\FACET_Dataset\Segmented_FACET_0.2_fixed_label\sa_5575349.jpg,3,3,2,0,0.21091328561306,3,3,3,2,0,0,1,1,1
G:\Thesis\FACET_Dataset\Segmented_FACET_0.2_fixed_label\sa_10417989.jpg,7,7,6,1,0.5619522333145142,6,6,6,5,1,1,0,1,1
G:\Thesis\FACET_Dataset\Segmented_FACET_0.2_fixed_label\sa_1504821.jpg,4,4,3,1,0.2444433718919754,3,3,3,2,0,1,0,1,0
G:\Thesis\FACET_Dataset\Segmented_FACET_0.2_fixed_label\sa_9128433.jpg,4,4,3,1,0.30860692262649536,4,4,4,3,1,0,1,1,1
G:\Thesis\FACET_Dataset\Segmented_FACET_0.2_fixed_label\sa_9052809.jpg,2,2,1,0,0.06893651932477951,2,2,2,1,0,0,1,1,1
G:\Thesis\FACET_Dataset\Segmented_FACET_0.2_fixed_label\sa_6934043.jpg,2,2,1,0,0.33793163299560547,4,4,4,3,1,2,0,0,0
G:\Thesis\FACET_Dataset\Segmented_FACET_0.2_fixed_label\sa_793635.jpg,2,2,1,0,0.23025470972061157,3,3,3,2,0,1,0,1,1
G:\Thesis\FACET_Dataset\Segmented_FACET_0.2_fixed_label\sa_2442521.jpg,5,5,4,1,0.25511106848716736,3,3,3,2,0,2,0,0,0
G:\Thesis\FACET_Dataset\Segmented_FACET_0.2_fixed_label\sa_4810027.jpg,5,5,4,1,0.4355596899986267,5,5,5,4,1,0,1,1,1
G:\Thesis\FACET_Dataset\Segmented_FACET_0.2_fixed_label\sa_4978955.jpg,4,4,3,1,0.18632972240447998,3,3,3,2,0,1,0,1,0
G:\Thesis\FACET_Dataset\Segmented_FACET_0.2_fixed_label\sa_3957809.jpg,6,6,5,1,0.42345133423805237,5,5,5,4,1,1,0,1,1
G:\Thesis\FACET_Dataset\Segmented_FACET_0.2_fixed_label\sa_1233528.jpg,3,3,2,0,0.16911619901657104,3,3,3,2,0,0,1,1,1
G:\Thesis\FACET_Dataset\Segmented_FACET_0.2_fixed_label\sa_7907390.jpg,3,3,2,0,0.31304463744163513,4,4,4,3,1,1,0,1,0
G:\Thesis\FACET_Dataset\Segmented_FACET_0.2_fixed_label\sa_6049073.jpg,5,5,4,1,0.03947659581899643,1,1,1,0,0,4,0,0,0
G:\Thesis\FACET_Dataset\Segmented_FACET_0.2_fixed_label\sa_1852190.jpg,4,4,3,1,0.19323024153709412,3,3,3,2,0,1,0,1,0
G:\Thesis\FACET_Dataset\Segmented_FACET_0.2_fixed_label\sa_4179516.jpg,7,7,6,1,0.4396425187587738,5,5,5,4,1,2,0,0,1
G:\Thesis\FACET_Dataset\Segmented_FACET_0.2_fixed_label\sa_3663255.jpg,3,3,2,0,0.2751689553260803,3,3,3,2,0,0,1,1,1
G:\Thesis\FACET_Dataset\Segmented_FACET_0.2_fixed_label\sa_1071665.jpg,4,4,3,1,0.27283403277397156,3,3,3,2,0,1,0,1,0
G:\Thesis\FACET_Dataset\Segmented_FACET_0.2_fixed_label\sa_4674583.jpg,3,3,2,0,0.37721002101898193,4,4,4,3,1,1,0,1,0
G:\Thesis\FACET_Dataset\Segmented_FACET_0.2_fixed_label\sa_4489817.jpg,1,1,0,0,0.1894485205411911,3,3,3,2,0,2,0,0,1
G:\Thesis\FACET_Dataset\Segmented_FACET_0.2_fixed_label\sa_5625107.jpg,3,3,2,0,0.2182869166135788,3,3,3,2,0,0,1,1,1
G:\Thesis\FACET_Dataset\Segmented_FACET_0.2_fixed_label\sa_4409716.jpg,4,4,3,1,0.25105464458465576,3,3,3,2,0,1,0,1,0
G:\Thesis\FACET_Dataset\Segmented_FACET_0.2_fixed_label\sa_2299962.jpg,5,5,4,1,0.40026411414146423,5,5,5,4,1,0,1,1,1
G:\Thesis\FACET_Dataset\Segmented_FACET_0.2_fixed_label\sa_2498335.jpg,3,3,2,0,0.20008783042430878,3,3,3,2,0,0,1,1,1
G:\Thesis\FACET_Dataset\Segmented_FACET_0.2_fixed_label\sa_5487112.jpg,4,4,3,1,0.24071815609931946,3,3,3,2,0,1,0,1,0
G:\Thesis\FACET_Dataset\Segmented_FACET_0.2_fixed_label\sa_4338157.jpg,3,3,2,0,0.397392213344574,5,5,5,4,1,2,0,0,0
G:\Thesis\FACET_Dataset\Segmented_FACET_0.2_fixed_label\sa_11153685.jpg,3,3,2,0,0.36550408601760864,4,4,4,3,1,1,0,1,0
G:\Thesis\FACET_Dataset\Segmented_FACET_0.2_fixed_label\sa_2578941.jpg,4,4,3,1,0.2597316801548004,3,3,3,2,0,1,0,1,0
G:\Thesis\FACET_Dataset\Segmented_FACET_0.2_fixed_label\sa_5285394.jpg,3,3,2,0,0.3665129244327545,4,4,4,3,1,1,0,1,0
G:\Thesis\FACET_Dataset\Segmented_FACET_0.2_fixed_label\sa_5114131.jpg,4,4,3,1,0.7023423314094543,7,7,7,6,1,3,0,0,1
G:\Thesis\FACET_Dataset\Segmented_FACET_0.2_fixed_label\sa_7926787.jpg,4,4,3,1,0.229710191488266,3,3,3,2,0,1,0,1,0
G:\Thesis\FACET_Dataset\Segmented_FACET_0.2_fixed_label\sa_9044717.jpg,5,5,4,1,0.3425586521625519,4,4,4,3,1,1,0,1,1
G:\Thesis\FACET_Dataset\Segmented_FACET_0.2_fixed_label\sa_5459786.jpg,4,4,3,1,0.3710792362689972,4,4,4,3,1,0,1,1,1
G:\Thesis\FACET_Dataset\Segmented_FACET_0.2_fixed_label\sa_1196986.jpg,6,6,5,1,0.239385724067688,3,3,3,2,0,3,0,0,0
G:\Thesis\FACET_Dataset\Segmented_FACET_0.2_fixed_label\sa_4284332.jpg,4,4,3,1,0.38090118765830994,4,4,4,3,1,0,1,1,1
G:\Thesis\FACET_Dataset\Segmented_FACET_0.2_fixed_label\sa_9711760.jpg,6,6,5,1,0.6231271624565125,7,7,7,6,1,1,0,1,1
G:\Thesis\FACET_Dataset\Segmented_FACET_0.2_fixed_label\sa_3577491.jpg,8,8,7,2,0.7998307347297668,8,8,8,7,2,0,1,1,1
G:\Thesis\FACET_Dataset\Segmented_FACET_0.2_fixed_label\sa_8605216.jpg,2,2,1,0,0.4478902518749237,5,5,5,4,1,3,0,0,0
G:\Thesis\FACET_Dataset\Segmented_FACET_0.2_fixed_label\sa_7772297.jpg,5,5,4,1,0.45885369181632996,5,5,5,4,1,0,1,1,1
G:\Thesis\FACET_Dataset\Segmented_FACET_0.2_fixed_label\sa_1735173.jpg,2,2,1,0,0.16878806054592133,3,3,3,2,0,1,0,1,1
G:\Thesis\FACET_Dataset\Segmented_FACET_0.2_fixed_label\sa_4786068.jpg,3,3,2,0,0.5508713722229004,6,6,6,5,1,3,0,0,0
G:\Thesis\FACET_Dataset\Segmented_FACET_0.2_fixed_label\sa_2300182.jpg,4,4,3,1,0.40342962741851807,5,5,5,4,1,1,0,1,1
G:\Thesis\FACET_Dataset\Segmented_FACET_0.2_fixed_label\sa_10408922.jpg,6,6,5,1,0.40027377009391785,5,5,5,4,1,1,0,1,1
G:\Thesis\FACET_Dataset\Segmented_FACET_0.2_fixed_label\sa_5429541.jpg,3,3,2,0,0.3965551257133484,5,5,5,4,1,2,0,0,0
G:\Thesis\FACET_Dataset\Segmented_FACET_0.2_fixed_label\sa_8262003.jpg,5,5,4,1,0.40037816762924194,5,5,5,4,1,0,1,1,1
G:\Thesis\FACET_Dataset\Segmented_FACET_0.2_fixed_label\sa_3478678.jpg,9,9,8,2,0.6244680285453796,7,7,7,6,1,2,0,0,0
G:\Thesis\FACET_Dataset\Segmented_FACET_0.2_fixed_label\sa_3826401.jpg,4,4,3,1,0.3356655240058899,4,4,4,3,1,0,1,1,1
G:\Thesis\FACET_Dataset\Segmented_FACET_0.2_fixed_label\sa_3626094.jpg,2,2,1,0,0.38309016823768616,4,4,4,3,1,2,0,0,0
G:\Thesis\FACET_Dataset\Segmented_FACET_0.2_fixed_label\sa_159399.jpg,4,4,3,1,0.2697094976902008,3,3,3,2,0,1,0,1,0
G:\Thesis\FACET_Dataset\Segmented_FACET_0.2_fixed_label\sa_4790230.jpg,4,4,3,1,0.15490588545799255,2,2,2,1,0,2,0,0,0
G:\Thesis\FACET_Dataset\Segmented_FACET_0.2_fixed_label\sa_10408760.jpg,2,2,1,0,0.34679266810417175,4,4,4,3,1,2,0,0,0
G:\Thesis\FACET_Dataset\Segmented_FACET_0.2_fixed_label\sa_8560460.jpg,3,3,2,0,0.2776574194431305,3,3,3,2,0,0,1,1,1
G:\Thesis\FACET_Dataset\Segmented_FACET_0.2_fixed_label\sa_761497.jpg,3,3,2,0,0.3149276077747345,4,4,4,3,1,1,0,1,0
G:\Thesis\FACET_Dataset\Segmented_FACET_0.2_fixed_label\sa_5235024.jpg,3,3,2,0,0.2005603164434433,3,3,3,2,0,0,1,1,1
G:\Thesis\FACET_Dataset\Segmented_FACET_0.2_fixed_label\sa_5833346.jpg,7,7,6,1,0.7567410469055176,8,8,8,7,2,1,0,1,0
G:\Thesis\FACET_Dataset\Segmented_FACET_0.2_fixed_label\sa_6515832.jpg,4,4,3,1,0.43651697039604187,5,5,5,4,1,1,0,1,1
G:\Thesis\FACET_Dataset\Segmented_FACET_0.2_fixed_label\sa_10481434.jpg,5,5,4,1,0.46651017665863037,5,5,5,4,1,0,1,1,1
G:\Thesis\FACET_Dataset\Segmented_FACET_0.2_fixed_label\sa_5885714.jpg,5,5,4,1,0.4615630805492401,5,5,5,4,1,0,1,1,1
G:\Thesis\FACET_Dataset\Segmented_FACET_0.2_fixed_label\sa_393546.jpg,3,3,2,0,0.4184003472328186,5,5,5,4,1,2,0,0,0
G:\Thesis\FACET_Dataset\Segmented_FACET_0.2_fixed_label\sa_6477036.jpg,6,6,5,1,0.2751566171646118,3,3,3,2,0,3,0,0,0
G:\Thesis\FACET_Dataset\Segmented_FACET_0.2_fixed_label\sa_2849467.jpg,3,3,2,0,0.3819182813167572,4,4,4,3,1,1,0,1,0
G:\Thesis\FACET_Dataset\Segmented_FACET_0.2_fixed_label\sa_5222679.jpg,2,2,1,0,0.19058386981487274,3,3,3,2,0,1,0,1,1
G:\Thesis\FACET_Dataset\Segmented_FACET_0.2_fixed_label\sa_1161064.jpg,6,6,5,1,0.5109726786613464,6,6,6,5,1,0,1,1,1
G:\Thesis\FACET_Dataset\Segmented_FACET_0.2_fixed_label\sa_65743.jpg,9,9,8,2,0.8340538144111633,9,9,9,8,2,0,1,1,1
G:\Thesis\FACET_Dataset\Segmented_FACET_0.2_fixed_label\sa_2111165.jpg,6,6,5,1,0.43697312474250793,5,5,5,4,1,1,0,1,1
G:\Thesis\FACET_Dataset\Segmented_FACET_0.2_fixed_label\sa_4068101.jpg,6,6,5,1,0.374490350484848,4,4,4,3,1,2,0,0,1
G:\Thesis\FACET_Dataset\Segmented_FACET_0.2_fixed_label\sa_6763195.jpg,3,3,2,0,0.3547064960002899,4,4,4,3,1,1,0,1,0
G:\Thesis\FACET_Dataset\Segmented_FACET_0.2_fixed_label\sa_8183514.jpg,7,7,6,1,0.3944198191165924,5,5,5,4,1,2,0,0,1
G:\Thesis\FACET_Dataset\Segmented_FACET_0.2_fixed_label\sa_3782304.jpg,9,9,8,2,0.7992193102836609,8,8,8,7,2,1,0,1,1
G:\Thesis\FACET_Dataset\Segmented_FACET_0.2_fixed_label\sa_1706581.jpg,9,9,8,2,0.7241085767745972,8,8,8,7,2,1,0,1,1
G:\Thesis\FACET_Dataset\Segmented_FACET_0.2_fixed_label\sa_1571272.jpg,5,5,4,1,0.5061943531036377,6,6,6,5,1,1,0,1,1
G:\Thesis\FACET_Dataset\Segmented_FACET_0.2_fixed_label\sa_10109543.jpg,3,3,2,0,0.2930774390697479,4,4,4,3,1,1,0,1,0
G:\Thesis\FACET_Dataset\Segmented_FACET_0.2_fixed_label\sa_2089512.jpg,3,3,2,0,0.24635344743728638,3,3,3,2,0,0,1,1,1
G:\Thesis\FACET_Dataset\Segmented_FACET_0.2_fixed_label\sa_3603389.jpg,7,7,6,1,0.5552220344543457,6,6,6,5,1,1,0,1,1
G:\Thesis\FACET_Dataset\Segmented_FACET_0.2_fixed_label\sa_10498237.jpg,2,2,1,0,0.5089597105979919,6,6,6,5,1,4,0,0,0
G:\Thesis\FACET_Dataset\Segmented_FACET_0.2_fixed_label\sa_3306596.jpg,3,3,2,0,0.23454608023166656,3,3,3,2,0,0,1,1,1
G:\Thesis\FACET_Dataset\Segmented_FACET_0.2_fixed_label\sa_1809016.jpg,4,4,3,1,0.44347962737083435,5,5,5,4,1,1,0,1,1
G:\Thesis\FACET_Dataset\Segmented_FACET_0.2_fixed_label\sa_883786.jpg,3,3,2,0,0.6562454700469971,7,7,7,6,1,4,0,0,0
G:\Thesis\FACET_Dataset\Segmented_FACET_0.2_fixed_label\sa_6206180.jpg,6,6,5,1,0.36552515625953674,4,4,4,3,1,2,0,0,1
G:\Thesis\FACET_Dataset\Segmented_FACET_0.2_fixed_label\sa_9603108.jpg,7,7,6,1,0.6278795003890991,7,7,7,6,1,0,1,1,1
G:\Thesis\FACET_Dataset\Segmented_FACET_0.2_fixed_label\sa_7736075.jpg,3,3,2,0,0.2178621143102646,3,3,3,2,0,0,1,1,1
G:\Thesis\FACET_Dataset\Segmented_FACET_0.2_fixed_label\sa_2407728.jpg,4,4,3,1,0.4652009606361389,5,5,5,4,1,1,0,1,1
G:\Thesis\FACET_Dataset\Segmented_FACET_0.2_fixed_label\sa_9798002.jpg,5,5,4,1,0.6309381723403931,7,7,7,6,1,2,0,0,1
G:\Thesis\FACET_Dataset\Segmented_FACET_0.2_fixed_label\sa_2511562.jpg,9,9,8,2,0.8570865988731384,9,9,9,8,2,0,1,1,1
G:\Thesis\FACET_Dataset\Segmented_FACET_0.2_fixed_label\sa_4790913.jpg,5,5,4,1,0.32506638765335083,4,4,4,3,1,1,0,1,1
G:\Thesis\FACET_Dataset\Segmented_FACET_0.2_fixed_label\sa_6218726.jpg,2,2,1,0,0.3028932213783264,4,4,4,3,1,2,0,0,0
G:\Thesis\FACET_Dataset\Segmented_FACET_0.2_fixed_label\sa_10498237.jpg,2,2,1,0,0.5089597105979919,6,6,6,5,1,4,0,0,0
G:\Thesis\FACET_Dataset\Segmented_FACET_0.2_fixed_label\sa_5110954.jpg,2,2,1,0,0.32318198680877686,4,4,4,3,1,2,0,0,0
G:\Thesis\FACET_Dataset\Segmented_FACET_0.2_fixed_label\sa_4490073.jpg,3,3,2,0,0.19705437123775482,3,3,3,2,0,0,1,1,1
G:\Thesis\FACET_Dataset\Segmented_FACET_0.2_fixed_label\sa_10695373.jpg,6,6,5,1,0.5157454013824463,6,6,6,5,1,0,1,1,1
G:\Thesis\FACET_Dataset\Segmented_FACET_0.2_fixed_label\sa_8942635.jpg,7,7,6,1,0.5691750049591064,6,6,6,5,1,1,0,1,1
G:\Thesis\FACET_Dataset\Segmented_FACET_0.2_fixed_label\sa_476231.jpg,4,4,3,1,0.24329279363155365,3,3,3,2,0,1,0,1,0
G:\Thesis\FACET_Dataset\Segmented_FACET_0.2_fixed_label\sa_4379022.jpg,7,7,6,1,0.5007591843605042,6,6,6,5,1,1,0,1,1
G:\Thesis\FACET_Dataset\Segmented_FACET_0.2_fixed_label\sa_755916.jpg,7,7,6,1,0.6433622241020203,7,7,7,6,1,0,1,1,1
G:\Thesis\FACET_Dataset\Segmented_FACET_0.2_fixed_label\sa_3096740.jpg,2,2,1,0,0.40857425332069397,5,5,5,4,1,3,0,0,0
G:\Thesis\FACET_Dataset\Segmented_FACET_0.2_fixed_label\sa_4353992.jpg,4,4,3,1,0.14749784767627716,2,2,2,1,0,2,0,0,0
G:\Thesis\FACET_Dataset\Segmented_FACET_0.2_fixed_label\sa_7470218.jpg,8,8,7,2,0.8378946781158447,9,9,9,8,2,1,0,1,1
G:\Thesis\FACET_Dataset\Segmented_FACET_0.2_fixed_label\sa_4786068.jpg,3,3,2,0,0.5508713722229004,6,6,6,5,1,3,0,0,0
G:\Thesis\FACET_Dataset\Segmented_FACET_0.2_fixed_label\sa_1403304.jpg,5,5,4,1,0.294536828994751,4,4,4,3,1,1,0,1,1
G:\Thesis\FACET_Dataset\Segmented_FACET_0.2_fixed_label\sa_1715410.jpg,2,2,1,0,0.2013949751853943,3,3,3,2,0,1,0,1,1
G:\Thesis\FACET_Dataset\Segmented_FACET_0.2_fixed_label\sa_8314298.jpg,2,2,1,0,0.30959823727607727,4,4,4,3,1,2,0,0,0
G:\Thesis\FACET_Dataset\Segmented_FACET_0.2_fixed_label\sa_10394555.jpg,1,1,0,0,0.2241169512271881,3,3,3,2,0,2,0,0,1
G:\Thesis\FACET_Dataset\Segmented_FACET_0.2_fixed_label\sa_7147347.jpg,9,9,8,2,0.7837050557136536,8,8,8,7,2,1,0,1,1
G:\Thesis\FACET_Dataset\Segmented_FACET_0.2_fixed_label\sa_4592552.jpg,2,2,1,0,0.20294299721717834,3,3,3,2,0,1,0,1,1
G:\Thesis\FACET_Dataset\Segmented_FACET_0.2_fixed_label\sa_7795504.jpg,5,5,4,1,0.3264924883842468,4,4,4,3,1,1,0,1,1
G:\Thesis\FACET_Dataset\Segmented_FACET_0.2_fixed_label\sa_5116259.jpg,3,3,2,0,0.248714417219162,3,3,3,2,0,0,1,1,1
G:\Thesis\FACET_Dataset\Segmented_FACET_0.2_fixed_label\sa_2165146.jpg,5,5,4,1,0.6248130202293396,7,7,7,6,1,2,0,0,1
G:\Thesis\FACET_Dataset\Segmented_FACET_0.2_fixed_label\sa_7624010.jpg,6,6,5,1,0.5689703226089478,6,6,6,5,1,0,1,1,1
G:\Thesis\FACET_Dataset\Segmented_FACET_0.2_fixed_label\sa_4839035.jpg,4,4,3,1,0.3751281201839447,4,4,4,3,1,0,1,1,1
G:\Thesis\FACET_Dataset\Segmented_FACET_0.2_fixed_label\sa_573605.jpg,5,5,4,1,0.40261974930763245,5,5,5,4,1,0,1,1,1
G:\Thesis\FACET_Dataset\Segmented_FACET_0.2_fixed_label\sa_2574228.jpg,5,5,4,1,0.5234761238098145,6,6,6,5,1,1,0,1,1
G:\Thesis\FACET_Dataset\Segmented_FACET_0.2_fixed_label\sa_9156613.jpg,8,8,7,2,0.7598538398742676,8,8,8,7,2,0,1,1,1
G:\Thesis\FACET_Dataset\Segmented_FACET_0.2_fixed_label\sa_7585283.jpg,3,3,2,0,0.4565769135951996,5,5,5,4,1,2,0,0,0
G:\Thesis\FACET_Dataset\Segmented_FACET_0.2_fixed_label\sa_7222394.jpg,2,2,1,0,0.3804377317428589,4,4,4,3,1,2,0,0,0
G:\Thesis\FACET_Dataset\Segmented_FACET_0.2_fixed_label\sa_4859292.jpg,3,3,2,0,0.4129098057746887,5,5,5,4,1,2,0,0,0
G:\Thesis\FACET_Dataset\Segmented_FACET_0.2_fixed_label\sa_10201472.jpg,3,3,2,0,0.18723784387111664,3,3,3,2,0,0,1,1,1
G:\Thesis\FACET_Dataset\Segmented_FACET_0.2_fixed_label\sa_2279901.jpg,2,2,1,0,0.27879035472869873,4,4,4,3,1,2,0,0,0
G:\Thesis\FACET_Dataset\Segmented_FACET_0.2_fixed_label\sa_5934891.jpg,4,4,3,1,0.3425040543079376,4,4,4,3,1,0,1,1,1
G:\Thesis\FACET_Dataset\Segmented_FACET_0.2_fixed_label\sa_4024535.jpg,6,6,5,1,0.5520002841949463,6,6,6,5,1,0,1,1,1
G:\Thesis\FACET_Dataset\Segmented_FACET_0.2_fixed_label\sa_3660018.jpg,6,6,5,1,0.3223864436149597,4,4,4,3,1,2,0,0,1
G:\Thesis\FACET_Dataset\Segmented_FACET_0.2_fixed_label\sa_1429056.jpg,3,3,2,0,0.2611887753009796,3,3,3,2,0,0,1,1,1
G:\Thesis\FACET_Dataset\Segmented_FACET_0.2_fixed_label\sa_8189414.jpg,2,2,1,0,0.17804312705993652,3,3,3,2,0,1,0,1,1
G:\Thesis\FACET_Dataset\Segmented_FACET_0.2_fixed_label\sa_6273532.jpg,5,5,4,1,0.18091167509555817,3,3,3,2,0,2,0,0,0
G:\Thesis\FACET_Dataset\Segmented_FACET_0.2_fixed_label\sa_4686189.jpg,5,5,4,1,0.4569537937641144,5,5,5,4,1,0,1,1,1
G:\Thesis\FACET_Dataset\Segmented_FACET_0.2_fixed_label\sa_9748851.jpg,5,5,4,1,0.5085613131523132,6,6,6,5,1,1,0,1,1
G:\Thesis\FACET_Dataset\Segmented_FACET_0.2_fixed_label\sa_7613589.jpg,8,8,7,2,0.6657325029373169,7,7,7,6,1,1,0,1,0
G:\Thesis\FACET_Dataset\Segmented_FACET_0.2_fixed_label\sa_10564607.jpg,4,4,3,1,0.33621272444725037,4,4,4,3,1,0,1,1,1
G:\Thesis\FACET_Dataset\Segmented_FACET_0.2_fixed_label\sa_8324816.jpg,3,3,2,0,0.4276048243045807,5,5,5,4,1,2,0,0,0
G:\Thesis\FACET_Dataset\Segmented_FACET_0.2_fixed_label\sa_7940722.jpg,8,8,7,2,0.7067157626152039,7,7,7,6,1,1,0,1,0
G:\Thesis\FACET_Dataset\Segmented_FACET_0.2_fixed_label\sa_10301399.jpg,2,2,1,0,0.36087390780448914,4,4,4,3,1,2,0,0,0
G:\Thesis\FACET_Dataset\Segmented_FACET_0.2_fixed_label\sa_2135545.jpg,7,7,6,1,0.3082931935787201,4,4,4,3,1,3,0,0,1
G:\Thesis\FACET_Dataset\Segmented_FACET_0.2_fixed_label\sa_3264118.jpg,3,3,2,0,0.3228853642940521,4,4,4,3,1,1,0,1,0
G:\Thesis\FACET_Dataset\Segmented_FACET_0.2_fixed_label\sa_9122623.jpg,2,2,1,0,0.44548532366752625,5,5,5,4,1,3,0,0,0
G:\Thesis\FACET_Dataset\Segmented_FACET_0.2_fixed_label\sa_6297102.jpg,4,4,3,1,0.19819849729537964,3,3,3,2,0,1,0,1,0
G:\Thesis\FACET_Dataset\Segmented_FACET_0.2_fixed_label\sa_6664500.jpg,3,3,2,0,0.19566036760807037,3,3,3,2,0,0,1,1,1
G:\Thesis\FACET_Dataset\Segmented_FACET_0.2_fixed_label\sa_9547256.jpg,4,4,3,1,0.30312052369117737,4,4,4,3,1,0,1,1,1
G:\Thesis\FACET_Dataset\Segmented_FACET_0.2_fixed_label\sa_3775087.jpg,3,3,2,0,0.28350168466567993,4,4,4,3,1,1,0,1,0
G:\Thesis\FACET_Dataset\Segmented_FACET_0.2_fixed_label\sa_6045725.jpg,6,6,5,1,0.5338123440742493,6,6,6,5,1,0,1,1,1
G:\Thesis\FACET_Dataset\Segmented_FACET_0.2_fixed_label\sa_8891072.jpg,7,7,6,1,0.4229412376880646,5,5,5,4,1,2,0,0,1
G:\Thesis\FACET_Dataset\Segmented_FACET_0.2_fixed_label\sa_8930122.jpg,4,4,3,1,0.3548243045806885,4,4,4,3,1,0,1,1,1
G:\Thesis\FACET_Dataset\Segmented_FACET_0.2_fixed_label\sa_6274049.jpg,3,3,2,0,0.4384106993675232,5,5,5,4,1,2,0,0,0
G:\Thesis\FACET_Dataset\Segmented_FACET_0.2_fixed_label\sa_5812781.jpg,3,3,2,0,0.3386141061782837,4,4,4,3,1,1,0,1,0
G:\Thesis\FACET_Dataset\Segmented_FACET_0.2_fixed_label\sa_1390223.jpg,4,4,3,1,0.22898142039775848,3,3,3,2,0,1,0,1,0
G:\Thesis\FACET_Dataset\Segmented_FACET_0.2_fixed_label\sa_4878664.jpg,3,3,2,0,0.32379740476608276,4,4,4,3,1,1,0,1,0
G:\Thesis\FACET_Dataset\Segmented_FACET_0.2_fixed_label\sa_10890218.jpg,4,4,3,1,0.31536367535591125,4,4,4,3,1,0,1,1,1
G:\Thesis\FACET_Dataset\Segmented_FACET_0.2_fixed_label\sa_1502766.jpg,3,3,2,0,0.31931930780410767,4,4,4,3,1,1,0,1,0
G:\Thesis\FACET_Dataset\Segmented_FACET_0.2_fixed_label\sa_2077818.jpg,5,5,4,1,0.38384443521499634,4,4,4,3,1,1,0,1,1
G:\Thesis\FACET_Dataset\Segmented_FACET_0.2_fixed_label\sa_5359669.jpg,9,9,8,2,0.797488808631897,8,8,8,7,2,1,0,1,1
G:\Thesis\FACET_Dataset\Segmented_FACET_0.2_fixed_label\sa_4577723.jpg,4,4,3,1,0.3105253279209137,4,4,4,3,1,0,1,1,1
G:\Thesis\FACET_Dataset\Segmented_FACET_0.2_fixed_label\sa_8017136.jpg,6,6,5,1,0.2773456871509552,3,3,3,2,0,3,0,0,0
G:\Thesis\FACET_Dataset\Segmented_FACET_0.2_fixed_label\sa_1723739.jpg,2,2,1,0,0.4470747411251068,5,5,5,4,1,3,0,0,0
G:\Thesis\FACET_Dataset\Segmented_FACET_0.2_fixed_label\sa_9486856.jpg,7,7,6,1,0.6600942015647888,7,7,7,6,1,0,1,1,1
G:\Thesis\FACET_Dataset\Segmented_FACET_0.2_fixed_label\sa_10657950.jpg,3,3,2,0,0.3181156814098358,4,4,4,3,1,1,0,1,0
G:\Thesis\FACET_Dataset\Segmented_FACET_0.2_fixed_label\sa_9461045.jpg,4,4,3,1,0.27606287598609924,3,3,3,2,0,1,0,1,0
G:\Thesis\FACET_Dataset\Segmented_FACET_0.2_fixed_label\sa_9686118.jpg,3,3,2,0,0.6927767992019653,7,7,7,6,1,4,0,0,0
G:\Thesis\FACET_Dataset\Segmented_FACET_0.2_fixed_label\sa_7102163.jpg,3,3,2,0,0.20840884745121002,3,3,3,2,0,0,1,1,1
G:\Thesis\FACET_Dataset\Segmented_FACET_0.2_fixed_label\sa_2413075.jpg,4,4,3,1,0.3386680483818054,4,4,4,3,1,0,1,1,1
G:\Thesis\FACET_Dataset\Segmented_FACET_0.2_fixed_label\sa_9377080.jpg,7,7,6,1,0.7680843472480774,8,8,8,7,2,1,0,1,0
G:\Thesis\FACET_Dataset\Segmented_FACET_0.2_fixed_label\sa_2299962.jpg,5,5,4,1,0.40026411414146423,5,5,5,4,1,0,1,1,1
G:\Thesis\FACET_Dataset\Segmented_FACET_0.2_fixed_label\sa_5705790.jpg,5,5,4,1,0.5723975896835327,6,6,6,5,1,1,0,1,1
G:\Thesis\FACET_Dataset\Segmented_FACET_0.2_fixed_label\sa_5735457.jpg,3,3,2,0,0.3505678176879883,4,4,4,3,1,1,0,1,0
G:\Thesis\FACET_Dataset\Segmented_FACET_0.2_fixed_label\sa_3411077.jpg,3,3,2,0,0.22126609086990356,3,3,3,2,0,0,1,1,1
G:\Thesis\FACET_Dataset\Segmented_FACET_0.2_fixed_label\sa_224638.jpg,2,2,1,0,0.5389983654022217,6,6,6,5,1,4,0,0,0
G:\Thesis\FACET_Dataset\Segmented_FACET_0.2_fixed_label\sa_233244.jpg,2,2,1,0,0.1238647997379303,2,2,2,1,0,0,1,1,1
G:\Thesis\FACET_Dataset\Segmented_FACET_0.2_fixed_label\sa_2851336.jpg,4,4,3,1,0.2962647080421448,4,4,4,3,1,0,1,1,1
G:\Thesis\FACET_Dataset\Segmented_FACET_0.2_fixed_label\sa_2066148.jpg,5,5,4,1,0.3778659701347351,4,4,4,3,1,1,0,1,1
G:\Thesis\FACET_Dataset\Segmented_FACET_0.2_fixed_label\sa_295473.jpg,3,3,2,0,0.34224313497543335,4,4,4,3,1,1,0,1,0
G:\Thesis\FACET_Dataset\Segmented_FACET_0.2_fixed_label\sa_1270708.jpg,5,5,4,1,0.276060551404953,3,3,3,2,0,2,0,0,0
G:\Thesis\FACET_Dataset\Segmented_FACET_0.2_fixed_label\sa_5715395.jpg,2,2,1,0,0.5080026984214783,6,6,6,5,1,4,0,0,0
G:\Thesis\FACET_Dataset\Segmented_FACET_0.2_fixed_label\sa_1126554.jpg,4,4,3,1,0.3253026604652405,4,4,4,3,1,0,1,1,1
G:\Thesis\FACET_Dataset\Segmented_FACET_0.2_fixed_label\sa_8252861.jpg,2,2,1,0,0.28964442014694214,4,4,4,3,1,2,0,0,0
G:\Thesis\FACET_Dataset\Segmented_FACET_0.2_fixed_label\sa_2221792.jpg,3,3,2,0,0.29126572608947754,4,4,4,3,1,1,0,1,0
G:\Thesis\FACET_Dataset\Segmented_FACET_0.2_fixed_label\sa_4971657.jpg,2,2,1,0,0.2652376890182495,3,3,3,2,0,1,0,1,1
G:\Thesis\FACET_Dataset\Segmented_FACET_0.2_fixed_label\sa_5574212.jpg,3,3,2,0,0.31287041306495667,4,4,4,3,1,1,0,1,0
G:\Thesis\FACET_Dataset\Segmented_FACET_0.2_fixed_label\sa_5819093.jpg,1,1,0,0,0.4138503670692444,5,5,5,4,1,4,0,0,0
G:\Thesis\FACET_Dataset\Segmented_FACET_0.2_fixed_label\sa_4252975.jpg,4,4,3,1,0.36643823981285095,4,4,4,3,1,0,1,1,1
G:\Thesis\FACET_Dataset\Segmented_FACET_0.2_fixed_label\sa_10683802.jpg,8,8,7,2,0.5433003306388855,6,6,6,5,1,2,0,0,0
G:\Thesis\FACET_Dataset\Segmented_FACET_0.2_fixed_label\sa_9668155.jpg,9,9,8,2,0.7326575517654419,8,8,8,7,2,1,0,1,1
G:\Thesis\FACET_Dataset\Segmented_FACET_0.2_fixed_label\sa_3443777.jpg,2,2,1,0,0.3085342347621918,4,4,4,3,1,2,0,0,0
G:\Thesis\FACET_Dataset\Segmented_FACET_0.2_fixed_label\sa_7108201.jpg,4,4,3,1,0.4255765676498413,5,5,5,4,1,1,0,1,1
G:\Thesis\FACET_Dataset\Segmented_FACET_0.2_fixed_label\sa_10448300.jpg,4,4,3,1,0.5336928963661194,6,6,6,5,1,2,0,0,1
G:\Thesis\FACET_Dataset\Segmented_FACET_0.2_fixed_label\sa_416878.jpg,6,6,5,1,0.5982906222343445,6,6,6,5,1,0,1,1,1
G:\Thesis\FACET_Dataset\Segmented_FACET_0.2_fixed_label\sa_9043875.jpg,3,3,2,0,0.2739980220794678,3,3,3,2,0,0,1,1,1
G:\Thesis\FACET_Dataset\Segmented_FACET_0.2_fixed_label\sa_9697643.jpg,9,9,8,2,0.7962183952331543,8,8,8,7,2,1,0,1,1
G:\Thesis\FACET_Dataset\Segmented_FACET_0.2_fixed_label\sa_9989289.jpg,3,3,2,0,0.4061582088470459,5,5,5,4,1,2,0,0,0
G:\Thesis\FACET_Dataset\Segmented_FACET_0.2_fixed_label\sa_10637831.jpg,5,5,4,1,0.2925674021244049,4,4,4,3,1,1,0,1,1
G:\Thesis\FACET_Dataset\Segmented_FACET_0.2_fixed_label\sa_10664435.jpg,4,4,3,1,0.3836497664451599,4,4,4,3,1,0,1,1,1
G:\Thesis\FACET_Dataset\Segmented_FACET_0.2_fixed_label\sa_10277350.jpg,6,6,5,1,0.34348249435424805,4,4,4,3,1,2,0,0,1
G:\Thesis\FACET_Dataset\Segmented_FACET_0.2_fixed_label\sa_9470464.jpg,4,4,3,1,0.12486346065998077,2,2,2,1,0,2,0,0,0
G:\Thesis\FACET_Dataset\Segmented_FACET_0.2_fixed_label\sa_3993091.jpg,4,4,3,1,0.35454532504081726,4,4,4,3,1,0,1,1,1
G:\Thesis\FACET_Dataset\Segmented_FACET_0.2_fixed_label\sa_1161064.jpg,6,6,5,1,0.5109726786613464,6,6,6,5,1,0,1,1,1
G:\Thesis\FACET_Dataset\Segmented_FACET_0.2_fixed_label\sa_4367271.jpg,5,5,4,1,0.15216591954231262,2,2,2,1,0,3,0,0,0
G:\Thesis\FACET_Dataset\Segmented_FACET_0.2_fixed_label\sa_766499.jpg,2,2,1,0,0.16710104048252106,3,3,3,2,0,1,0,1,1
G:\Thesis\FACET_Dataset\Segmented_FACET_0.2_fixed_label\sa_1040898.jpg,5,5,4,1,0.4003511965274811,5,5,5,4,1,0,1,1,1
G:\Thesis\FACET_Dataset\Segmented_FACET_0.2_fixed_label\sa_10650923.jpg,3,3,2,0,0.43406248092651367,5,5,5,4,1,2,0,0,0
G:\Thesis\FACET_Dataset\Segmented_FACET_0.2_fixed_label\sa_2526175.jpg,3,3,2,0,0.3423096835613251,4,4,4,3,1,1,0,1,0
G:\Thesis\FACET_Dataset\Segmented_FACET_0.2_fixed_label\sa_4984727.jpg,5,5,4,1,0.22685053944587708,3,3,3,2,0,2,0,0,0
G:\Thesis\FACET_Dataset\Segmented_FACET_0.2_fixed_label\sa_4244804.jpg,4,4,3,1,0.4100460410118103,5,5,5,4,1,1,0,1,1
G:\Thesis\FACET_Dataset\Segmented_FACET_0.2_fixed_label\sa_7993739.jpg,3,3,2,0,0.3225550055503845,4,4,4,3,1,1,0,1,0
G:\Thesis\FACET_Dataset\Segmented_FACET_0.2_fixed_label\sa_2949129.jpg,4,4,3,1,0.21726644039154053,3,3,3,2,0,1,0,1,0
G:\Thesis\FACET_Dataset\Segmented_FACET_0.2_fixed_label\sa_1722555.jpg,6,6,5,1,0.5028259754180908,6,6,6,5,1,0,1,1,1
G:\Thesis\FACET_Dataset\Segmented_FACET_0.2_fixed_label\sa_5572435.jpg,3,3,2,0,0.3090455234050751,4,4,4,3,1,1,0,1,0
G:\Thesis\FACET_Dataset\Segmented_FACET_0.2_fixed_label\sa_4270095.jpg,4,4,3,1,0.3395547568798065,4,4,4,3,1,0,1,1,1
G:\Thesis\FACET_Dataset\Segmented_FACET_0.2_fixed_label\sa_4588306.jpg,2,2,1,0,0.5454495549201965,6,6,6,5,1,4,0,0,0
G:\Thesis\FACET_Dataset\Segmented_FACET_0.2_fixed_label\sa_10221582.jpg,2,2,1,0,0.31783488392829895,4,4,4,3,1,2,0,0,0
G:\Thesis\FACET_Dataset\Segmented_FACET_0.2_fixed_label\sa_7618611.jpg,2,2,1,0,0.41000619530677795,5,5,5,4,1,3,0,0,0
G:\Thesis\FACET_Dataset\Segmented_FACET_0.2_fixed_label\sa_1990478.jpg,6,6,5,1,0.5693243145942688,6,6,6,5,1,0,1,1,1
G:\Thesis\FACET_Dataset\Segmented_FACET_0.2_fixed_label\sa_735276.jpg,2,2,1,0,0.5300472974777222,6,6,6,5,1,4,0,0,0
G:\Thesis\FACET_Dataset\Segmented_FACET_0.2_fixed_label\sa_4594483.jpg,6,6,5,1,0.5471192002296448,6,6,6,5,1,0,1,1,1
G:\Thesis\FACET_Dataset\Segmented_FACET_0.2_fixed_label\sa_4809082.jpg,4,4,3,1,0.22244027256965637,3,3,3,2,0,1,0,1,0
G:\Thesis\FACET_Dataset\Segmented_FACET_0.2_fixed_label\sa_6822219.jpg,3,3,2,0,0.21875256299972534,3,3,3,2,0,0,1,1,1
G:\Thesis\FACET_Dataset\Segmented_FACET_0.2_fixed_label\sa_2087610.jpg,2,2,1,0,0.15907160937786102,2,2,2,1,0,0,1,1,1
G:\Thesis\FACET_Dataset\Segmented_FACET_0.2_fixed_label\sa_11174704.jpg,1,1,0,0,0.22288820147514343,3,3,3,2,0,2,0,0,1
G:\Thesis\FACET_Dataset\Segmented_FACET_0.2_fixed_label\sa_5638070.jpg,4,4,3,1,0.6551300883293152,7,7,7,6,1,3,0,0,1
G:\Thesis\FACET_Dataset\Segmented_FACET_0.2_fixed_label\sa_411527.jpg,8,8,7,2,0.7215138673782349,7,7,7,6,1,1,0,1,0
G:\Thesis\FACET_Dataset\Segmented_FACET_0.2_fixed_label\sa_6696049.jpg,6,6,5,1,0.5714108943939209,6,6,6,5,1,0,1,1,1
G:\Thesis\FACET_Dataset\Segmented_FACET_0.2_fixed_label\sa_4792156.jpg,2,2,1,0,0.28874754905700684,4,4,4,3,1,2,0,0,0
G:\Thesis\FACET_Dataset\Segmented_FACET_0.2_fixed_label\sa_3775087.jpg,1,1,0,0,0.28350168466567993,4,4,4,3,1,3,0,0,0
G:\Thesis\FACET_Dataset\Segmented_FACET_0.2_fixed_label\sa_7765443.jpg,3,3,2,0,0.31922292709350586,4,4,4,3,1,1,0,1,0
G:\Thesis\FACET_Dataset\Segmented_FACET_0.2_fixed_label\sa_4313183.jpg,2,2,1,0,0.4116656482219696,5,5,5,4,1,3,0,0,0
G:\Thesis\FACET_Dataset\Segmented_FACET_0.2_fixed_label\sa_2324234.jpg,5,5,4,1,0.2649296224117279,3,3,3,2,0,2,0,0,0
G:\Thesis\FACET_Dataset\Segmented_FACET_0.2_fixed_label\sa_10720806.jpg,2,2,1,0,0.13539867103099823,2,2,2,1,0,0,1,1,1
G:\Thesis\FACET_Dataset\Segmented_FACET_0.2_fixed_label\sa_8896258.jpg,5,5,4,1,0.37645086646080017,4,4,4,3,1,1,0,1,1
G:\Thesis\FACET_Dataset\Segmented_FACET_0.2_fixed_label\sa_8063728.jpg,5,5,4,1,0.38856518268585205,4,4,4,3,1,1,0,1,1
G:\Thesis\FACET_Dataset\Segmented_FACET_0.2_fixed_label\sa_10456335.jpg,6,6,5,1,0.435189425945282,5,5,5,4,1,1,0,1,1
G:\Thesis\FACET_Dataset\Segmented_FACET_0.2_fixed_label\sa_9987804.jpg,2,2,1,0,0.3380507826805115,4,4,4,3,1,2,0,0,0
G:\Thesis\FACET_Dataset\Segmented_FACET_0.2_fixed_label\sa_5045589.jpg,6,6,5,1,0.29853278398513794,4,4,4,3,1,2,0,0,1
G:\Thesis\FACET_Dataset\Segmented_FACET_0.2_fixed_label\sa_1206887.jpg,7,7,6,1,0.5977518558502197,6,6,6,5,1,1,0,1,1
G:\Thesis\FACET_Dataset\Segmented_FACET_0.2_fixed_label\sa_619947.jpg,7,7,6,1,0.735427737236023,8,8,8,7,2,1,0,1,0
G:\Thesis\FACET_Dataset\Segmented_FACET_0.2_fixed_label\sa_9454089.jpg,6,6,5,1,0.5187569856643677,6,6,6,5,1,0,1,1,1
G:\Thesis\FACET_Dataset\Segmented_FACET_0.2_fixed_label\sa_2393989.jpg,3,3,2,0,0.21532900631427765,3,3,3,2,0,0,1,1,1
G:\Thesis\FACET_Dataset\Segmented_FACET_0.2_fixed_label\sa_8437405.jpg,5,5,4,1,0.2899007201194763,4,4,4,3,1,1,0,1,1
G:\Thesis\FACET_Dataset\Segmented_FACET_0.2_fixed_label\sa_9218280.jpg,2,2,1,0,0.18427638709545135,3,3,3,2,0,1,0,1,1
G:\Thesis\FACET_Dataset\Segmented_FACET_0.2_fixed_label\sa_208837.jpg,4,4,3,1,0.42243126034736633,5,5,5,4,1,1,0,1,1
G:\Thesis\FACET_Dataset\Segmented_FACET_0.2_fixed_label\sa_7689007.jpg,1,1,0,0,0.37874671816825867,4,4,4,3,1,3,0,0,0
G:\Thesis\FACET_Dataset\Segmented_FACET_0.2_fixed_label\sa_10267437.jpg,3,3,2,0,0.4579598307609558,5,5,5,4,1,2,0,0,0
G:\Thesis\FACET_Dataset\Segmented_FACET_0.2_fixed_label\sa_3083931.jpg,4,4,3,1,0.26368582248687744,3,3,3,2,0,1,0,1,0
G:\Thesis\FACET_Dataset\Segmented_FACET_0.2_fixed_label\sa_8554933.jpg,5,5,4,1,0.3276873826980591,4,4,4,3,1,1,0,1,1
G:\Thesis\FACET_Dataset\Segmented_FACET_0.2_fixed_label\sa_704393.jpg,3,3,2,0,0.33803898096084595,4,4,4,3,1,1,0,1,0
G:\Thesis\FACET_Dataset\Segmented_FACET_0.2_fixed_label\sa_2590827.jpg,5,5,4,1,0.4872656762599945,5,5,5,4,1,0,1,1,1
G:\Thesis\FACET_Dataset\Segmented_FACET_0.2_fixed_label\sa_3385159.jpg,4,4,3,1,0.5450126528739929,6,6,6,5,1,2,0,0,1
G:\Thesis\FACET_Dataset\Segmented_FACET_0.2_fixed_label\sa_9546707.jpg,3,3,2,0,0.1873345524072647,3,3,3,2,0,0,1,1,1
G:\Thesis\FACET_Dataset\Segmented_FACET_0.2_fixed_label\sa_9343855.jpg,5,5,4,1,0.330039381980896,4,4,4,3,1,1,0,1,1
G:\Thesis\FACET_Dataset\Segmented_FACET_0.2_fixed_label\sa_6695624.jpg,4,4,3,1,0.2189103364944458,3,3,3,2,0,1,0,1,0
G:\Thesis\FACET_Dataset\Segmented_FACET_0.2_fixed_label\sa_4544085.jpg,4,4,3,1,0.1874883472919464,3,3,3,2,0,1,0,1,0
G:\Thesis\FACET_Dataset\Segmented_FACET_0.2_fixed_label\sa_8293466.jpg,6,6,5,1,0.63995760679245,7,7,7,6,1,1,0,1,1
G:\Thesis\FACET_Dataset\Segmented_FACET_0.2_fixed_label\sa_1202392.jpg,5,5,4,1,0.5505561232566833,6,6,6,5,1,1,0,1,1
G:\Thesis\FACET_Dataset\Segmented_FACET_0.2_fixed_label\sa_1648600.jpg,3,3,2,0,0.49380260705947876,5,5,5,4,1,2,0,0,0
G:\Thesis\FACET_Dataset\Segmented_FACET_0.2_fixed_label\sa_8904381.jpg,4,4,3,1,0.503630518913269,6,6,6,5,1,2,0,0,1
G:\Thesis\FACET_Dataset\Segmented_FACET_0.2_fixed_label\sa_7882255.jpg,2,2,1,0,0.31831467151641846,4,4,4,3,1,2,0,0,0
G:\Thesis\FACET_Dataset\Segmented_FACET_0.2_fixed_label\sa_3173210.jpg,3,3,2,0,0.2982236444950104,4,4,4,3,1,1,0,1,0
G:\Thesis\FACET_Dataset\Segmented_FACET_0.2_fixed_label\sa_3268349.jpg,3,3,2,0,0.3454592823982239,4,4,4,3,1,1,0,1,0
G:\Thesis\FACET_Dataset\Segmented_FACET_0.2_fixed_label\sa_2152898.jpg,3,3,2,0,0.2532064616680145,3,3,3,2,0,0,1,1,1
G:\Thesis\FACET_Dataset\Segmented_FACET_0.2_fixed_label\sa_2968574.jpg,3,3,2,0,0.07943335175514221,2,2,2,1,0,1,0,1,1
G:\Thesis\FACET_Dataset\Segmented_FACET_0.2_fixed_label\sa_10988208.jpg,2,2,1,0,0.4296688139438629,5,5,5,4,1,3,0,0,0
G:\Thesis\FACET_Dataset\Segmented_FACET_0.2_fixed_label\sa_11163732.jpg,5,5,4,1,0.3205510973930359,4,4,4,3,1,1,0,1,1
G:\Thesis\FACET_Dataset\Segmented_FACET_0.2_fixed_label\sa_2558271.jpg,6,6,5,1,0.35134872794151306,4,4,4,3,1,2,0,0,1
G:\Thesis\FACET_Dataset\Segmented_FACET_0.2_fixed_label\sa_4781667.jpg,5,5,4,1,0.4102904498577118,5,5,5,4,1,0,1,1,1
G:\Thesis\FACET_Dataset\Segmented_FACET_0.2_fixed_label\sa_10884287.jpg,2,2,1,0,0.3444235622882843,4,4,4,3,1,2,0,0,0
G:\Thesis\FACET_Dataset\Segmented_FACET_0.2_fixed_label\sa_5688024.jpg,3,3,2,0,0.13714274764060974,2,2,2,1,0,1,0,1,1
G:\Thesis\FACET_Dataset\Segmented_FACET_0.2_fixed_label\sa_7410480.jpg,2,2,1,0,0.12446185946464539,2,2,2,1,0,0,1,1,1
G:\Thesis\FACET_Dataset\Segmented_FACET_0.2_fixed_label\sa_2577444.jpg,3,3,2,0,0.25551673769950867,3,3,3,2,0,0,1,1,1
G:\Thesis\FACET_Dataset\Segmented_FACET_0.2_fixed_label\sa_3432349.jpg,1,1,0,0,0.09241043776273727,2,2,2,1,0,1,0,1,1
G:\Thesis\FACET_Dataset\Segmented_FACET_0.2_fixed_label\sa_7122408.jpg,4,4,3,1,0.3416075110435486,4,4,4,3,1,0,1,1,1
G:\Thesis\FACET_Dataset\Segmented_FACET_0.2_fixed_label\sa_10724087.jpg,8,8,7,2,0.7611870765686035,8,8,8,7,2,0,1,1,1
G:\Thesis\FACET_Dataset\Segmented_FACET_0.2_fixed_label\sa_4360530.jpg,2,2,1,0,0.34811264276504517,4,4,4,3,1,2,0,0,0
G:\Thesis\FACET_Dataset\Segmented_FACET_0.2_fixed_label\sa_6231023.jpg,3,3,2,0,0.44236671924591064,5,5,5,4,1,2,0,0,0
G:\Thesis\FACET_Dataset\Segmented_FACET_0.2_fixed_label\sa_5260864.jpg,3,3,2,0,0.48493054509162903,5,5,5,4,1,2,0,0,0
G:\Thesis\FACET_Dataset\Segmented_FACET_0.2_fixed_label\sa_9384747.jpg,4,4,3,1,0.3232095241546631,4,4,4,3,1,0,1,1,1
G:\Thesis\FACET_Dataset\Segmented_FACET_0.2_fixed_label\sa_11084494.jpg,2,2,1,0,0.3710075318813324,4,4,4,3,1,2,0,0,0
G:\Thesis\FACET_Dataset\Segmented_FACET_0.2_fixed_label\sa_3875043.jpg,5,5,4,1,0.3712334632873535,4,4,4,3,1,1,0,1,1
G:\Thesis\FACET_Dataset\Segmented_FACET_0.2_fixed_label\sa_4808180.jpg,3,3,2,0,0.3224276900291443,4,4,4,3,1,1,0,1,0
G:\Thesis\FACET_Dataset\Segmented_FACET_0.2_fixed_label\sa_164655.jpg,3,3,2,0,0.40063202381134033,5,5,5,4,1,2,0,0,0
G:\Thesis\FACET_Dataset\Segmented_FACET_0.2_fixed_label\sa_6837217.jpg,3,3,2,0,0.3266458511352539,4,4,4,3,1,1,0,1,0
G:\Thesis\FACET_Dataset\Segmented_FACET_0.2_fixed_label\sa_5282613.jpg,8,8,7,2,0.8511500358581543,9,9,9,8,2,1,0,1,1
G:\Thesis\FACET_Dataset\Segmented_FACET_0.2_fixed_label\sa_6229908.jpg,3,3,2,0,0.21282446384429932,3,3,3,2,0,0,1,1,1
G:\Thesis\FACET_Dataset\Segmented_FACET_0.2_fixed_label\sa_6350051.jpg,2,2,1,0,0.5185625553131104,6,6,6,5,1,4,0,0,0
G:\Thesis\FACET_Dataset\Segmented_FACET_0.2_fixed_label\sa_8197673.jpg,3,3,2,0,0.40755489468574524,5,5,5,4,1,2,0,0,0
G:\Thesis\FACET_Dataset\Segmented_FACET_0.2_fixed_label\sa_5459786.jpg,2,2,1,0,0.3710792362689972,4,4,4,3,1,2,0,0,0
G:\Thesis\FACET_Dataset\Segmented_FACET_0.2_fixed_label\sa_3468583.jpg,6,6,5,1,0.5671591758728027,6,6,6,5,1,0,1,1,1
G:\Thesis\FACET_Dataset\Segmented_FACET_0.2_fixed_label\sa_6801416.jpg,6,6,5,1,0.5796640515327454,6,6,6,5,1,0,1,1,1
G:\Thesis\FACET_Dataset\Segmented_FACET_0.2_fixed_label\sa_10639296.jpg,7,7,6,1,0.47915375232696533,5,5,5,4,1,2,0,0,1
G:\Thesis\FACET_Dataset\Segmented_FACET_0.2_fixed_label\sa_700587.jpg,7,7,6,1,0.5953824520111084,6,6,6,5,1,1,0,1,1
G:\Thesis\FACET_Dataset\Segmented_FACET_0.2_fixed_label\sa_9159113.jpg,4,4,3,1,0.31951022148132324,4,4,4,3,1,0,1,1,1
G:\Thesis\FACET_Dataset\Segmented_FACET_0.2_fixed_label\sa_4518361.jpg,7,7,6,1,0.6614050269126892,7,7,7,6,1,0,1,1,1
G:\Thesis\FACET_Dataset\Segmented_FACET_0.2_fixed_label\sa_9940945.jpg,5,5,4,1,0.4590425491333008,5,5,5,4,1,0,1,1,1
G:\Thesis\FACET_Dataset\Segmented_FACET_0.2_fixed_label\sa_3498011.jpg,5,5,4,1,0.721774697303772,7,7,7,6,1,2,0,0,1
G:\Thesis\FACET_Dataset\Segmented_FACET_0.2_fixed_label\sa_3063578.jpg,2,2,1,0,0.12020475417375565,2,2,2,1,0,0,1,1,1
G:\Thesis\FACET_Dataset\Segmented_FACET_0.2_fixed_label\sa_1085632.jpg,3,3,2,0,0.08894410729408264,2,2,2,1,0,1,0,1,1
G:\Thesis\FACET_Dataset\Segmented_FACET_0.2_fixed_label\sa_1649830.jpg,6,6,5,1,0.6549298763275146,7,7,7,6,1,1,0,1,1
G:\Thesis\FACET_Dataset\Segmented_FACET_0.2_fixed_label\sa_7841522.jpg,6,6,5,1,0.37909135222435,4,4,4,3,1,2,0,0,1
G:\Thesis\FACET_Dataset\Segmented_FACET_0.2_fixed_label\sa_2257401.jpg,4,4,3,1,0.25896206498146057,3,3,3,2,0,1,0,1,0
G:\Thesis\FACET_Dataset\Segmented_FACET_0.2_fixed_label\sa_3488835.jpg,3,3,2,0,0.5963644981384277,6,6,6,5,1,3,0,0,0
G:\Thesis\FACET_Dataset\Segmented_FACET_0.2_fixed_label\sa_6181577.jpg,7,7,6,1,0.4542115032672882,5,5,5,4,1,2,0,0,1
G:\Thesis\FACET_Dataset\Segmented_FACET_0.2_fixed_label\sa_7910640.jpg,9,9,8,2,0.6415866613388062,7,7,7,6,1,2,0,0,0
G:\Thesis\FACET_Dataset\Segmented_FACET_0.2_fixed_label\sa_285591.jpg,2,2,1,0,0.06603968888521194,2,2,2,1,0,0,1,1,1
G:\Thesis\FACET_Dataset\Segmented_FACET_0.2_fixed_label\sa_7080856.jpg,3,3,2,0,0.40624645352363586,5,5,5,4,1,2,0,0,0
G:\Thesis\FACET_Dataset\Segmented_FACET_0.2_fixed_label\sa_4931458.jpg,4,4,3,1,0.503212034702301,6,6,6,5,1,2,0,0,1
G:\Thesis\FACET_Dataset\Segmented_FACET_0.2_fixed_label\sa_9336068.jpg,2,2,1,0,0.16174790263175964,2,2,2,1,0,0,1,1,1
G:\Thesis\FACET_Dataset\Segmented_FACET_0.2_fixed_label\sa_3130679.jpg,7,7,6,1,0.3585602939128876,4,4,4,3,1,3,0,0,1
G:\Thesis\FACET_Dataset\Segmented_FACET_0.2_fixed_label\sa_4596018.jpg,3,3,2,0,0.17202846705913544,3,3,3,2,0,0,1,1,1
G:\Thesis\FACET_Dataset\Segmented_FACET_0.2_fixed_label\sa_116856.jpg,2,2,1,0,0.2955563962459564,4,4,4,3,1,2,0,0,0
G:\Thesis\FACET_Dataset\Segmented_FACET_0.2_fixed_label\sa_10174018.jpg,5,5,4,1,0.5055342316627502,6,6,6,5,1,1,0,1,1
G:\Thesis\FACET_Dataset\Segmented_FACET_0.2_fixed_label\sa_7425073.jpg,3,3,2,0,0.17803485691547394,3,3,3,2,0,0,1,1,1
G:\Thesis\FACET_Dataset\Segmented_FACET_0.2_fixed_label\sa_2854264.jpg,1,1,0,0,0.3203331530094147,4,4,4,3,1,3,0,0,0
G:\Thesis\FACET_Dataset\Segmented_FACET_0.2_fixed_label\sa_3342345.jpg,3,3,2,0,0.24752472341060638,3,3,3,2,0,0,1,1,1
G:\Thesis\FACET_Dataset\Segmented_FACET_0.2_fixed_label\sa_6496164.jpg,2,2,1,0,0.2735536992549896,3,3,3,2,0,1,0,1,1
G:\Thesis\FACET_Dataset\Segmented_FACET_0.2_fixed_label\sa_1019131.jpg,5,5,4,1,0.30542197823524475,4,4,4,3,1,1,0,1,1
G:\Thesis\FACET_Dataset\Segmented_FACET_0.2_fixed_label\sa_9463288.jpg,6,6,5,1,0.5284567475318909,6,6,6,5,1,0,1,1,1
G:\Thesis\FACET_Dataset\Segmented_FACET_0.2_fixed_label\sa_8493050.jpg,3,3,2,0,0.32992151379585266,4,4,4,3,1,1,0,1,0
G:\Thesis\FACET_Dataset\Segmented_FACET_0.2_fixed_label\sa_3462857.jpg,3,3,2,0,0.27312007546424866,3,3,3,2,0,0,1,1,1
G:\Thesis\FACET_Dataset\Segmented_FACET_0.2_fixed_label\sa_10174351.jpg,5,5,4,1,0.33938151597976685,4,4,4,3,1,1,0,1,1
G:\Thesis\FACET_Dataset\Segmented_FACET_0.2_fixed_label\sa_395957.jpg,4,4,3,1,0.2847646176815033,4,4,4,3,1,0,1,1,1
G:\Thesis\FACET_Dataset\Segmented_FACET_0.2_fixed_label\sa_3349120.jpg,2,2,1,0,0.10438991338014603,2,2,2,1,0,0,1,1,1
G:\Thesis\FACET_Dataset\Segmented_FACET_0.2_fixed_label\sa_4883278.jpg,3,3,2,0,0.2835874557495117,4,4,4,3,1,1,0,1,0
G:\Thesis\FACET_Dataset\Segmented_FACET_0.2_fixed_label\sa_1754250.jpg,3,3,2,0,0.2894018888473511,4,4,4,3,1,1,0,1,0
G:\Thesis\FACET_Dataset\Segmented_FACET_0.2_fixed_label\sa_9623538.jpg,5,5,4,1,0.3101368248462677,4,4,4,3,1,1,0,1,1
G:\Thesis\FACET_Dataset\Segmented_FACET_0.2_fixed_label\sa_6864676.jpg,5,5,4,1,0.32461363077163696,4,4,4,3,1,1,0,1,1
G:\Thesis\FACET_Dataset\Segmented_FACET_0.2_fixed_label\sa_3528102.jpg,7,7,6,1,0.5859053730964661,6,6,6,5,1,1,0,1,1
G:\Thesis\FACET_Dataset\Segmented_FACET_0.2_fixed_label\sa_3427390.jpg,5,5,4,1,0.5273985266685486,6,6,6,5,1,1,0,1,1
G:\Thesis\FACET_Dataset\Segmented_FACET_0.2_fixed_label\sa_5720992.jpg,5,5,4,1,0.4655454158782959,5,5,5,4,1,0,1,1,1
G:\Thesis\FACET_Dataset\Segmented_FACET_0.2_fixed_label\sa_5898213.jpg,3,3,2,0,0.2629534602165222,3,3,3,2,0,0,1,1,1
G:\Thesis\FACET_Dataset\Segmented_FACET_0.2_fixed_label\sa_8427177.jpg,3,3,2,0,0.408005952835083,5,5,5,4,1,2,0,0,0
G:\Thesis\FACET_Dataset\Segmented_FACET_0.2_fixed_label\sa_2441429.jpg,2,2,1,0,0.2804557681083679,4,4,4,3,1,2,0,0,0
G:\Thesis\FACET_Dataset\Segmented_FACET_0.2_fixed_label\sa_1083087.jpg,6,6,5,1,0.6680357456207275,7,7,7,6,1,1,0,1,1
G:\Thesis\FACET_Dataset\Segmented_FACET_0.2_fixed_label\sa_3841968.jpg,2,2,1,0,0.41287559270858765,5,5,5,4,1,3,0,0,0
G:\Thesis\FACET_Dataset\Segmented_FACET_0.2_fixed_label\sa_5493425.jpg,6,6,5,1,0.6276911497116089,7,7,7,6,1,1,0,1,1
G:\Thesis\FACET_Dataset\Segmented_FACET_0.2_fixed_label\sa_7635564.jpg,3,3,2,0,0.20057906210422516,3,3,3,2,0,0,1,1,1
G:\Thesis\FACET_Dataset\Segmented_FACET_0.2_fixed_label\sa_8142394.jpg,3,3,2,0,0.29279759526252747,4,4,4,3,1,1,0,1,0
G:\Thesis\FACET_Dataset\Segmented_FACET_0.2_fixed_label\sa_4169142.jpg,7,7,6,1,0.5027292966842651,6,6,6,5,1,1,0,1,1
G:\Thesis\FACET_Dataset\Segmented_FACET_0.2_fixed_label\sa_5735246.jpg,3,3,2,0,0.3271743059158325,4,4,4,3,1,1,0,1,0
G:\Thesis\FACET_Dataset\Segmented_FACET_0.2_fixed_label\sa_11038125.jpg,2,2,1,0,0.26004520058631897,3,3,3,2,0,1,0,1,1
G:\Thesis\FACET_Dataset\Segmented_FACET_0.2_fixed_label\sa_4069391.jpg,6,6,5,1,0.5097389817237854,6,6,6,5,1,0,1,1,1
G:\Thesis\FACET_Dataset\Segmented_FACET_0.2_fixed_label\sa_5075984.jpg,7,7,6,1,0.525974690914154,6,6,6,5,1,1,0,1,1
G:\Thesis\FACET_Dataset\Segmented_FACET_0.2_fixed_label\sa_4678099.jpg,6,6,5,1,0.6423512101173401,7,7,7,6,1,1,0,1,1
G:\Thesis\FACET_Dataset\Segmented_FACET_0.2_fixed_label\sa_3478678.jpg,8,8,7,2,0.6244680285453796,7,7,7,6,1,1,0,1,0
G:\Thesis\FACET_Dataset\Segmented_FACET_0.2_fixed_label\sa_3130679.jpg,5,5,4,1,0.3585602939128876,4,4,4,3,1,1,0,1,1
G:\Thesis\FACET_Dataset\Segmented_FACET_0.2_fixed_label\sa_10811834.jpg,3,3,2,0,0.1672171801328659,3,3,3,2,0,0,1,1,1
G:\Thesis\FACET_Dataset\Segmented_FACET_0.2_fixed_label\sa_139877.jpg,6,6,5,1,0.41243651509284973,5,5,5,4,1,1,0,1,1
G:\Thesis\FACET_Dataset\Segmented_FACET_0.2_fixed_label\sa_5176932.jpg,1,1,0,0,0.5085472464561462,6,6,6,5,1,5,0,0,0
G:\Thesis\FACET_Dataset\Segmented_FACET_0.2_fixed_label\sa_8344021.jpg,2,2,1,0,0.2634183168411255,3,3,3,2,0,1,0,1,1
G:\Thesis\FACET_Dataset\Segmented_FACET_0.2_fixed_label\sa_9110194.jpg,4,4,3,1,0.3125559985637665,4,4,4,3,1,0,1,1,1
G:\Thesis\FACET_Dataset\Segmented_FACET_0.2_fixed_label\sa_4012126.jpg,4,4,3,1,0.28460291028022766,4,4,4,3,1,0,1,1,1
G:\Thesis\FACET_Dataset\Segmented_FACET_0.2_fixed_label\sa_144272.jpg,5,5,4,1,0.30432191491127014,4,4,4,3,1,1,0,1,1
G:\Thesis\FACET_Dataset\Segmented_FACET_0.2_fixed_label\sa_8836682.jpg,9,9,8,2,0.28450673818588257,4,4,4,3,1,5,0,0,0
G:\Thesis\FACET_Dataset\Segmented_FACET_0.2_fixed_label\sa_5966367.jpg,2,2,1,0,0.19995281100273132,3,3,3,2,0,1,0,1,1
G:\Thesis\FACET_Dataset\Segmented_FACET_0.2_fixed_label\sa_7474623.jpg,5,5,4,1,0.257490336894989,3,3,3,2,0,2,0,0,0
G:\Thesis\FACET_Dataset\Segmented_FACET_0.2_fixed_label\sa_10417254.jpg,4,4,3,1,0.3369568884372711,4,4,4,3,1,0,1,1,1
G:\Thesis\FACET_Dataset\Segmented_FACET_0.2_fixed_label\sa_975478.jpg,3,3,2,0,0.23246045410633087,3,3,3,2,0,0,1,1,1
G:\Thesis\FACET_Dataset\Segmented_FACET_0.2_fixed_label\sa_8408637.jpg,3,3,2,0,0.3187011480331421,4,4,4,3,1,1,0,1,0
G:\Thesis\FACET_Dataset\Segmented_FACET_0.2_fixed_label\sa_43021.jpg,2,2,1,0,0.5017540454864502,6,6,6,5,1,4,0,0,0
G:\Thesis\FACET_Dataset\Segmented_FACET_0.2_fixed_label\sa_756675.jpg,4,4,3,1,0.3941827714443207,5,5,5,4,1,1,0,1,1
G:\Thesis\FACET_Dataset\Segmented_FACET_0.2_fixed_label\sa_8514320.jpg,4,4,3,1,0.3928835988044739,5,5,5,4,1,1,0,1,1
G:\Thesis\FACET_Dataset\Segmented_FACET_0.2_fixed_label\sa_684150.jpg,3,3,2,0,0.2697460949420929,3,3,3,2,0,0,1,1,1
G:\Thesis\FACET_Dataset\Segmented_FACET_0.2_fixed_label\sa_8759833.jpg,2,2,1,0,0.6049167513847351,6,6,6,5,1,4,0,0,0
G:\Thesis\FACET_Dataset\Segmented_FACET_0.2_fixed_label\sa_2952491.jpg,6,6,5,1,0.2795765697956085,4,4,4,3,1,2,0,0,1
G:\Thesis\FACET_Dataset\Segmented_FACET_0.2_fixed_label\sa_3743004.jpg,5,5,4,1,0.24718591570854187,3,3,3,2,0,2,0,0,0
G:\Thesis\FACET_Dataset\Segmented_FACET_0.2_fixed_label\sa_8671362.jpg,3,3,2,0,0.28741908073425293,4,4,4,3,1,1,0,1,0
G:\Thesis\FACET_Dataset\Segmented_FACET_0.2_fixed_label\sa_4512725.jpg,4,4,3,1,0.3804912269115448,4,4,4,3,1,0,1,1,1
G:\Thesis\FACET_Dataset\Segmented_FACET_0.2_fixed_label\sa_10881675.jpg,7,7,6,1,0.6797024011611938,7,7,7,6,1,0,1,1,1
G:\Thesis\FACET_Dataset\Segmented_FACET_0.2_fixed_label\sa_10480752.jpg,3,3,2,0,0.45154839754104614,5,5,5,4,1,2,0,0,0
G:\Thesis\FACET_Dataset\Segmented_FACET_0.2_fixed_label\sa_7975682.jpg,3,3,2,0,0.3447166383266449,4,4,4,3,1,1,0,1,0
G:\Thesis\FACET_Dataset\Segmented_FACET_0.2_fixed_label\sa_6101481.jpg,4,4,3,1,0.27191945910453796,3,3,3,2,0,1,0,1,0
G:\Thesis\FACET_Dataset\Segmented_FACET_0.2_fixed_label\sa_7405457.jpg,2,2,1,0,0.20334492623806,3,3,3,2,0,1,0,1,1
G:\Thesis\FACET_Dataset\Segmented_FACET_0.2_fixed_label\sa_6761319.jpg,7,7,6,1,0.3562122583389282,4,4,4,3,1,3,0,0,1
G:\Thesis\FACET_Dataset\Segmented_FACET_0.2_fixed_label\sa_11041036.jpg,2,2,1,0,0.2757231891155243,3,3,3,2,0,1,0,1,1
G:\Thesis\FACET_Dataset\Segmented_FACET_0.2_fixed_label\sa_721088.jpg,2,2,1,0,0.1263788640499115,2,2,2,1,0,0,1,1,1
G:\Thesis\FACET_Dataset\Segmented_FACET_0.2_fixed_label\sa_10621873.jpg,3,3,2,0,0.28940415382385254,4,4,4,3,1,1,0,1,0
G:\Thesis\FACET_Dataset\Segmented_FACET_0.2_fixed_label\sa_2485477.jpg,5,5,4,1,0.3886691927909851,4,4,4,3,1,1,0,1,1
G:\Thesis\FACET_Dataset\Segmented_FACET_0.2_fixed_label\sa_4352310.jpg,3,3,2,0,0.5413081049919128,6,6,6,5,1,3,0,0,0
G:\Thesis\FACET_Dataset\Segmented_FACET_0.2_fixed_label\sa_6458048.jpg,3,3,2,0,0.28283756971359253,4,4,4,3,1,1,0,1,0
G:\Thesis\FACET_Dataset\Segmented_FACET_0.2_fixed_label\sa_10802327.jpg,2,2,1,0,0.08775927126407623,2,2,2,1,0,0,1,1,1
G:\Thesis\FACET_Dataset\Segmented_FACET_0.2_fixed_label\sa_1229254.jpg,3,3,2,0,0.21798734366893768,3,3,3,2,0,0,1,1,1
G:\Thesis\FACET_Dataset\Segmented_FACET_0.2_fixed_label\sa_3176102.jpg,3,3,2,0,0.13744956254959106,2,2,2,1,0,1,0,1,1
G:\Thesis\FACET_Dataset\Segmented_FACET_0.2_fixed_label\sa_6069199.jpg,7,7,6,1,0.5091511011123657,6,6,6,5,1,1,0,1,1
G:\Thesis\FACET_Dataset\Segmented_FACET_0.2_fixed_label\sa_3625603.jpg,3,3,2,0,0.20929226279258728,3,3,3,2,0,0,1,1,1
G:\Thesis\FACET_Dataset\Segmented_FACET_0.2_fixed_label\sa_832972.jpg,3,3,2,0,0.08332093060016632,2,2,2,1,0,1,0,1,1
G:\Thesis\FACET_Dataset\Segmented_FACET_0.2_fixed_label\sa_10498237.jpg,2,2,1,0,0.5089597105979919,6,6,6,5,1,4,0,0,0
G:\Thesis\FACET_Dataset\Segmented_FACET_0.2_fixed_label\sa_8748882.jpg,5,5,4,1,0.31512001156806946,4,4,4,3,1,1,0,1,1
G:\Thesis\FACET_Dataset\Segmented_FACET_0.2_fixed_label\sa_5717218.jpg,4,4,3,1,0.44717997312545776,5,5,5,4,1,1,0,1,1
G:\Thesis\FACET_Dataset\Segmented_FACET_0.2_fixed_label\sa_10003058.jpg,5,5,4,1,0.4096439778804779,5,5,5,4,1,0,1,1,1
G:\Thesis\FACET_Dataset\Segmented_FACET_0.2_fixed_label\sa_1541786.jpg,5,5,4,1,0.485442578792572,5,5,5,4,1,0,1,1,1
G:\Thesis\FACET_Dataset\Segmented_FACET_0.2_fixed_label\sa_10899468.jpg,3,3,2,0,0.2377786934375763,3,3,3,2,0,0,1,1,1
G:\Thesis\FACET_Dataset\Segmented_FACET_0.2_fixed_label\sa_4185296.jpg,4,4,3,1,0.18905222415924072,3,3,3,2,0,1,0,1,0
G:\Thesis\FACET_Dataset\Segmented_FACET_0.2_fixed_label\sa_8313980.jpg,4,4,3,1,0.27782323956489563,4,4,4,3,1,0,1,1,1
G:\Thesis\FACET_Dataset\Segmented_FACET_0.2_fixed_label\sa_6578720.jpg,2,2,1,0,0.13949938118457794,2,2,2,1,0,0,1,1,1
G:\Thesis\FACET_Dataset\Segmented_FACET_0.2_fixed_label\sa_7853872.jpg,3,3,2,0,0.1956033706665039,3,3,3,2,0,0,1,1,1
G:\Thesis\FACET_Dataset\Segmented_FACET_0.2_fixed_label\sa_3177886.jpg,4,4,3,1,0.43946564197540283,5,5,5,4,1,1,0,1,1
G:\Thesis\FACET_Dataset\Segmented_FACET_0.2_fixed_label\sa_7828662.jpg,4,4,3,1,0.34772828221321106,4,4,4,3,1,0,1,1,1
G:\Thesis\FACET_Dataset\Segmented_FACET_0.2_fixed_label\sa_10329456.jpg,2,2,1,0,0.2145792841911316,3,3,3,2,0,1,0,1,1
G:\Thesis\FACET_Dataset\Segmented_FACET_0.2_fixed_label\sa_3699842.jpg,3,3,2,0,0.2542557120323181,3,3,3,2,0,0,1,1,1
G:\Thesis\FACET_Dataset\Segmented_FACET_0.2_fixed_label\sa_2377855.jpg,8,8,7,2,0.7221747636795044,7,7,7,6,1,1,0,1,0
G:\Thesis\FACET_Dataset\Segmented_FACET_0.2_fixed_label\sa_8690131.jpg,5,5,4,1,0.38512691855430603,4,4,4,3,1,1,0,1,1
G:\Thesis\FACET_Dataset\Segmented_FACET_0.2_fixed_label\sa_3921809.jpg,5,5,4,1,0.44351035356521606,5,5,5,4,1,0,1,1,1
G:\Thesis\FACET_Dataset\Segmented_FACET_0.2_fixed_label\sa_2684937.jpg,2,2,1,0,0.5131166577339172,6,6,6,5,1,4,0,0,0
G:\Thesis\FACET_Dataset\Segmented_FACET_0.2_fixed_label\sa_9354391.jpg,3,3,2,0,0.3590853810310364,4,4,4,3,1,1,0,1,0
G:\Thesis\FACET_Dataset\Segmented_FACET_0.2_fixed_label\sa_9564189.jpg,2,2,1,0,0.26230165362358093,3,3,3,2,0,1,0,1,1
G:\Thesis\FACET_Dataset\Segmented_FACET_0.2_fixed_label\sa_8250972.jpg,6,6,5,1,0.2808869779109955,4,4,4,3,1,2,0,0,1
G:\Thesis\FACET_Dataset\Segmented_FACET_0.2_fixed_label\sa_585794.jpg,4,4,3,1,0.5436029434204102,6,6,6,5,1,2,0,0,1
G:\Thesis\FACET_Dataset\Segmented_FACET_0.2_fixed_label\sa_3152909.jpg,3,3,2,0,0.27491703629493713,3,3,3,2,0,0,1,1,1
G:\Thesis\FACET_Dataset\Segmented_FACET_0.2_fixed_label\sa_3135328.jpg,5,5,4,1,0.5212002396583557,6,6,6,5,1,1,0,1,1
G:\Thesis\FACET_Dataset\Segmented_FACET_0.2_fixed_label\sa_4588306.jpg,2,2,1,0,0.5454495549201965,6,6,6,5,1,4,0,0,0
G:\Thesis\FACET_Dataset\Segmented_FACET_0.2_fixed_label\sa_1996974.jpg,5,5,4,1,0.2336544543504715,3,3,3,2,0,2,0,0,0
G:\Thesis\FACET_Dataset\Segmented_FACET_0.2_fixed_label\sa_2889760.jpg,6,6,5,1,0.42933762073516846,5,5,5,4,1,1,0,1,1
G:\Thesis\FACET_Dataset\Segmented_FACET_0.2_fixed_label\sa_1978583.jpg,5,5,4,1,0.3960712254047394,5,5,5,4,1,0,1,1,1
G:\Thesis\FACET_Dataset\Segmented_FACET_0.2_fixed_label\sa_10002712.jpg,4,4,3,1,0.3575308918952942,4,4,4,3,1,0,1,1,1
G:\Thesis\FACET_Dataset\Segmented_FACET_0.2_fixed_label\sa_5999444.jpg,6,6,5,1,0.49890580773353577,5,5,5,4,1,1,0,1,1
G:\Thesis\FACET_Dataset\Segmented_FACET_0.2_fixed_label\sa_5858945.jpg,4,4,3,1,0.4232292175292969,5,5,5,4,1,1,0,1,1
G:\Thesis\FACET_Dataset\Segmented_FACET_0.2_fixed_label\sa_3627160.jpg,3,3,2,0,0.6144896149635315,7,7,7,6,1,4,0,0,0
G:\Thesis\FACET_Dataset\Segmented_FACET_0.2_fixed_label\sa_6812175.jpg,3,3,2,0,0.27526649832725525,3,3,3,2,0,0,1,1,1
G:\Thesis\FACET_Dataset\Segmented_FACET_0.2_fixed_label\sa_9563959.jpg,3,3,2,0,0.37090805172920227,4,4,4,3,1,1,0,1,0
G:\Thesis\FACET_Dataset\Segmented_FACET_0.2_fixed_label\sa_4521162.jpg,3,3,2,0,0.3272932767868042,4,4,4,3,1,1,0,1,0
G:\Thesis\FACET_Dataset\Segmented_FACET_0.2_fixed_label\sa_10001648.jpg,6,6,5,1,0.4501408040523529,5,5,5,4,1,1,0,1,1
G:\Thesis\FACET_Dataset\Segmented_FACET_0.2_fixed_label\sa_801379.jpg,4,4,3,1,0.45598551630973816,5,5,5,4,1,1,0,1,1
G:\Thesis\FACET_Dataset\Segmented_FACET_0.2_fixed_label\sa_6546235.jpg,6,6,5,1,0.5415788888931274,6,6,6,5,1,0,1,1,1
G:\Thesis\FACET_Dataset\Segmented_FACET_0.2_fixed_label\sa_2411349.jpg,4,4,3,1,0.39210060238838196,5,5,5,4,1,1,0,1,1
G:\Thesis\FACET_Dataset\Segmented_FACET_0.2_fixed_label\sa_10821561.jpg,3,3,2,0,0.31706860661506653,4,4,4,3,1,1,0,1,0
G:\Thesis\FACET_Dataset\Segmented_FACET_0.2_fixed_label\sa_1041700.jpg,2,2,1,0,0.47237536311149597,5,5,5,4,1,3,0,0,0
G:\Thesis\FACET_Dataset\Segmented_FACET_0.2_fixed_label\sa_10964667.jpg,3,3,2,0,0.4442487955093384,5,5,5,4,1,2,0,0,0
G:\Thesis\FACET_Dataset\Segmented_FACET_0.2_fixed_label\sa_3275694.jpg,6,6,5,1,0.40440014004707336,5,5,5,4,1,1,0,1,1
G:\Thesis\FACET_Dataset\Segmented_FACET_0.2_fixed_label\sa_5982826.jpg,8,8,7,2,0.7468702793121338,8,8,8,7,2,0,1,1,1
G:\Thesis\FACET_Dataset\Segmented_FACET_0.2_fixed_label\sa_4407036.jpg,1,1,0,0,0.20362377166748047,3,3,3,2,0,2,0,0,1
G:\Thesis\FACET_Dataset\Segmented_FACET_0.2_fixed_label\sa_10189697.jpg,7,7,6,1,0.7747592926025391,8,8,8,7,2,1,0,1,0
G:\Thesis\FACET_Dataset\Segmented_FACET_0.2_fixed_label\sa_8011527.jpg,2,2,1,0,0.38558512926101685,4,4,4,3,1,2,0,0,0
G:\Thesis\FACET_Dataset\Segmented_FACET_0.2_fixed_label\sa_273420.jpg,4,4,3,1,0.1623520851135254,2,2,2,1,0,2,0,0,0
G:\Thesis\FACET_Dataset\Segmented_FACET_0.2_fixed_label\sa_1809016.jpg,4,4,3,1,0.44347962737083435,5,5,5,4,1,1,0,1,1
G:\Thesis\FACET_Dataset\Segmented_FACET_0.2_fixed_label\sa_8448924.jpg,7,7,6,1,0.5818958878517151,6,6,6,5,1,1,0,1,1
G:\Thesis\FACET_Dataset\Segmented_FACET_0.2_fixed_label\sa_4781192.jpg,2,2,1,0,0.2812986969947815,4,4,4,3,1,2,0,0,0
G:\Thesis\FACET_Dataset\Segmented_FACET_0.2_fixed_label\sa_2278640.jpg,2,2,1,0,0.28811195492744446,4,4,4,3,1,2,0,0,0
G:\Thesis\FACET_Dataset\Segmented_FACET_0.2_fixed_label\sa_7429624.jpg,6,6,5,1,0.4648536145687103,5,5,5,4,1,1,0,1,1
G:\Thesis\FACET_Dataset\Segmented_FACET_0.2_fixed_label\sa_3973611.jpg,4,4,3,1,0.8003398776054382,8,8,8,7,2,4,0,0,0
G:\Thesis\FACET_Dataset\Segmented_FACET_0.2_fixed_label\sa_4586335.jpg,3,3,2,0,0.2513465881347656,3,3,3,2,0,0,1,1,1
G:\Thesis\FACET_Dataset\Segmented_FACET_0.2_fixed_label\sa_7237800.jpg,7,7,6,1,0.4935987591743469,5,5,5,4,1,2,0,0,1
G:\Thesis\FACET_Dataset\Segmented_FACET_0.2_fixed_label\sa_2965847.jpg,5,5,4,1,0.26313939690589905,3,3,3,2,0,2,0,0,0
G:\Thesis\FACET_Dataset\Segmented_FACET_0.2_fixed_label\sa_10267437.jpg,4,4,3,1,0.4579598307609558,5,5,5,4,1,1,0,1,1
G:\Thesis\FACET_Dataset\Segmented_FACET_0.2_fixed_label\sa_1874625.jpg,4,4,3,1,0.4285051226615906,5,5,5,4,1,1,0,1,1
G:\Thesis\FACET_Dataset\Segmented_FACET_0.2_fixed_label\sa_10782000.jpg,7,7,6,1,0.5797579884529114,6,6,6,5,1,1,0,1,1
G:\Thesis\FACET_Dataset\Segmented_FACET_0.2_fixed_label\sa_3681103.jpg,3,3,2,0,0.3752109706401825,4,4,4,3,1,1,0,1,0
G:\Thesis\FACET_Dataset\Segmented_FACET_0.2_fixed_label\sa_7491961.jpg,4,4,3,1,0.521406352519989,6,6,6,5,1,2,0,0,1
G:\Thesis\FACET_Dataset\Segmented_FACET_0.2_fixed_label\sa_3841968.jpg,5,5,4,1,0.41287559270858765,5,5,5,4,1,0,1,1,1
G:\Thesis\FACET_Dataset\Segmented_FACET_0.2_fixed_label\sa_5158655.jpg,7,7,6,1,0.7676669955253601,8,8,8,7,2,1,0,1,0
G:\Thesis\FACET_Dataset\Segmented_FACET_0.2_fixed_label\sa_1249342.jpg,4,4,3,1,0.44575035572052,5,5,5,4,1,1,0,1,1
G:\Thesis\FACET_Dataset\Segmented_FACET_0.2_fixed_label\sa_1105627.jpg,3,3,2,0,0.213235542178154,3,3,3,2,0,0,1,1,1
G:\Thesis\FACET_Dataset\Segmented_FACET_0.2_fixed_label\sa_2785970.jpg,3,3,2,0,0.47343242168426514,5,5,5,4,1,2,0,0,0
G:\Thesis\FACET_Dataset\Segmented_FACET_0.2_fixed_label\sa_1170848.jpg,3,3,2,0,0.4253775179386139,5,5,5,4,1,2,0,0,0
G:\Thesis\FACET_Dataset\Segmented_FACET_0.2_fixed_label\sa_196464.jpg,8,8,7,2,0.7435566186904907,8,8,8,7,2,0,1,1,1
G:\Thesis\FACET_Dataset\Segmented_FACET_0.2_fixed_label\sa_6229908.jpg,2,2,1,0,0.21282446384429932,3,3,3,2,0,1,0,1,1
G:\Thesis\FACET_Dataset\Segmented_FACET_0.2_fixed_label\sa_6353199.jpg,2,2,1,0,0.23798678815364838,3,3,3,2,0,1,0,1,1
G:\Thesis\FACET_Dataset\Segmented_FACET_0.2_fixed_label\sa_9249401.jpg,3,3,2,0,0.4361068606376648,5,5,5,4,1,2,0,0,0
G:\Thesis\FACET_Dataset\Segmented_FACET_0.2_fixed_label\sa_639715.jpg,5,5,4,1,0.23995697498321533,3,3,3,2,0,2,0,0,0
G:\Thesis\FACET_Dataset\Segmented_FACET_0.2_fixed_label\sa_4528508.jpg,5,5,4,1,0.5818262696266174,6,6,6,5,1,1,0,1,1
G:\Thesis\FACET_Dataset\Segmented_FACET_0.2_fixed_label\sa_10022161.jpg,2,2,1,0,0.12305618077516556,2,2,2,1,0,0,1,1,1
G:\Thesis\FACET_Dataset\Segmented_FACET_0.2_fixed_label\sa_7060267.jpg,2,2,1,0,0.519453227519989,6,6,6,5,1,4,0,0,0
G:\Thesis\FACET_Dataset\Segmented_FACET_0.2_fixed_label\sa_7771062.jpg,3,3,2,0,0.3821738064289093,4,4,4,3,1,1,0,1,0
G:\Thesis\FACET_Dataset\Segmented_FACET_0.2_fixed_label\sa_1886950.jpg,8,8,7,2,0.7167463302612305,7,7,7,6,1,1,0,1,0
G:\Thesis\FACET_Dataset\Segmented_FACET_0.2_fixed_label\sa_3065809.jpg,5,5,4,1,0.40251773595809937,5,5,5,4,1,0,1,1,1
G:\Thesis\FACET_Dataset\Segmented_FACET_0.2_fixed_label\sa_6533539.jpg,6,6,5,1,0.5655307173728943,6,6,6,5,1,0,1,1,1
G:\Thesis\FACET_Dataset\Segmented_FACET_0.2_fixed_label\sa_8867275.jpg,2,2,1,0,0.4070432484149933,5,5,5,4,1,3,0,0,0
G:\Thesis\FACET_Dataset\Segmented_FACET_0.2_fixed_label\sa_6418033.jpg,4,4,3,1,0.5113837718963623,6,6,6,5,1,2,0,0,1
G:\Thesis\FACET_Dataset\Segmented_FACET_0.2_fixed_label\sa_7680187.jpg,2,2,1,0,0.38205432891845703,4,4,4,3,1,2,0,0,0
G:\Thesis\FACET_Dataset\Segmented_FACET_0.2_fixed_label\sa_9665972.jpg,2,2,1,0,0.3890761435031891,5,5,5,4,1,3,0,0,0
G:\Thesis\FACET_Dataset\Segmented_FACET_0.2_fixed_label\sa_2320381.jpg,3,3,2,0,0.21469829976558685,3,3,3,2,0,0,1,1,1
G:\Thesis\FACET_Dataset\Segmented_FACET_0.2_fixed_label\sa_9152044.jpg,4,4,3,1,0.4075270891189575,5,5,5,4,1,1,0,1,1
G:\Thesis\FACET_Dataset\Segmented_FACET_0.2_fixed_label\sa_6106860.jpg,2,2,1,0,0.3186368942260742,4,4,4,3,1,2,0,0,0
G:\Thesis\FACET_Dataset\Segmented_FACET_0.2_fixed_label\sa_4835154.jpg,5,5,4,1,0.6089726686477661,6,6,6,5,1,1,0,1,1
G:\Thesis\FACET_Dataset\Segmented_FACET_0.2_fixed_label\sa_5589099.jpg,3,3,2,0,0.1093204915523529,2,2,2,1,0,1,0,1,1
G:\Thesis\FACET_Dataset\Segmented_FACET_0.2_fixed_label\sa_9174572.jpg,2,2,1,0,0.34930306673049927,4,4,4,3,1,2,0,0,0
G:\Thesis\FACET_Dataset\Segmented_FACET_0.2_fixed_label\sa_9464221.jpg,3,3,2,0,0.2894226014614105,4,4,4,3,1,1,0,1,0
G:\Thesis\FACET_Dataset\Segmented_FACET_0.2_fixed_label\sa_4101104.jpg,4,4,3,1,0.35362306237220764,4,4,4,3,1,0,1,1,1
G:\Thesis\FACET_Dataset\Segmented_FACET_0.2_fixed_label\sa_3900050.jpg,5,5,4,1,0.4387625455856323,5,5,5,4,1,0,1,1,1
G:\Thesis\FACET_Dataset\Segmented_FACET_0.2_fixed_label\sa_2782825.jpg,4,4,3,1,0.2702209949493408,3,3,3,2,0,1,0,1,0
G:\Thesis\FACET_Dataset\Segmented_FACET_0.2_fixed_label\sa_4462916.jpg,4,4,3,1,0.19896700978279114,3,3,3,2,0,1,0,1,0
G:\Thesis\FACET_Dataset\Segmented_FACET_0.2_fixed_label\sa_4490676.jpg,6,6,5,1,0.48395836353302,5,5,5,4,1,1,0,1,1
G:\Thesis\FACET_Dataset\Segmented_FACET_0.2_fixed_label\sa_7841522.jpg,6,6,5,1,0.37909135222435,4,4,4,3,1,2,0,0,1
G:\Thesis\FACET_Dataset\Segmented_FACET_0.2_fixed_label\sa_7930860.jpg,5,5,4,1,0.22117535769939423,3,3,3,2,0,2,0,0,0
G:\Thesis\FACET_Dataset\Segmented_FACET_0.2_fixed_label\sa_1163698.jpg,4,4,3,1,0.4960404932498932,5,5,5,4,1,1,0,1,1
G:\Thesis\FACET_Dataset\Segmented_FACET_0.2_fixed_label\sa_11027219.jpg,3,3,2,0,0.2627861797809601,3,3,3,2,0,0,1,1,1
G:\Thesis\FACET_Dataset\Segmented_FACET_0.2_fixed_label\sa_10531868.jpg,3,3,2,0,0.28678616881370544,4,4,4,3,1,1,0,1,0
G:\Thesis\FACET_Dataset\Segmented_FACET_0.2_fixed_label\sa_10235089.jpg,8,8,7,2,0.5657346248626709,6,6,6,5,1,2,0,0,0
G:\Thesis\FACET_Dataset\Segmented_FACET_0.2_fixed_label\sa_5889695.jpg,6,6,5,1,0.3054051995277405,4,4,4,3,1,2,0,0,1
G:\Thesis\FACET_Dataset\Segmented_FACET_0.2_fixed_label\sa_5504254.jpg,2,2,1,0,0.22890140116214752,3,3,3,2,0,1,0,1,1
G:\Thesis\FACET_Dataset\Segmented_FACET_0.2_fixed_label\sa_4138210.jpg,2,2,1,0,0.369630366563797,4,4,4,3,1,2,0,0,0
G:\Thesis\FACET_Dataset\Segmented_FACET_0.2_fixed_label\sa_1428763.jpg,5,5,4,1,0.5284428596496582,6,6,6,5,1,1,0,1,1
G:\Thesis\FACET_Dataset\Segmented_FACET_0.2_fixed_label\sa_7377444.jpg,2,2,1,0,0.22906750440597534,3,3,3,2,0,1,0,1,1
G:\Thesis\FACET_Dataset\Segmented_FACET_0.2_fixed_label\sa_3110162.jpg,4,4,3,1,0.295234352350235,4,4,4,3,1,0,1,1,1
G:\Thesis\FACET_Dataset\Segmented_FACET_0.2_fixed_label\sa_7447224.jpg,4,4,3,1,0.36858877539634705,4,4,4,3,1,0,1,1,1
G:\Thesis\FACET_Dataset\Segmented_FACET_0.2_fixed_label\sa_11027874.jpg,2,2,1,0,0.3162727952003479,4,4,4,3,1,2,0,0,0
G:\Thesis\FACET_Dataset\Segmented_FACET_0.2_fixed_label\sa_4501234.jpg,6,6,5,1,0.7053278684616089,7,7,7,6,1,1,0,1,1
G:\Thesis\FACET_Dataset\Segmented_FACET_0.2_fixed_label\sa_2343576.jpg,3,3,2,0,0.29025864601135254,4,4,4,3,1,1,0,1,0
G:\Thesis\FACET_Dataset\Segmented_FACET_0.2_fixed_label\sa_665782.jpg,2,2,1,0,0.30017998814582825,4,4,4,3,1,2,0,0,0
G:\Thesis\FACET_Dataset\Segmented_FACET_0.2_fixed_label\sa_8553302.jpg,9,9,8,2,0.6074215173721313,6,6,6,5,1,3,0,0,0
G:\Thesis\FACET_Dataset\Segmented_FACET_0.2_fixed_label\sa_10618926.jpg,4,4,3,1,0.17435726523399353,3,3,3,2,0,1,0,1,0
G:\Thesis\FACET_Dataset\Segmented_FACET_0.2_fixed_label\sa_10408760.jpg,4,4,3,1,0.34679266810417175,4,4,4,3,1,0,1,1,1
G:\Thesis\FACET_Dataset\Segmented_FACET_0.2_fixed_label\sa_8743424.jpg,2,2,1,0,0.35431814193725586,4,4,4,3,1,2,0,0,0
G:\Thesis\FACET_Dataset\Segmented_FACET_0.2_fixed_label\sa_5633666.jpg,4,4,3,1,0.28824031352996826,4,4,4,3,1,0,1,1,1
G:\Thesis\FACET_Dataset\Segmented_FACET_0.2_fixed_label\sa_5187236.jpg,3,3,2,0,0.2189093977212906,3,3,3,2,0,0,1,1,1
G:\Thesis\FACET_Dataset\Segmented_FACET_0.2_fixed_label\sa_10786063.jpg,3,3,2,0,0.6968227028846741,7,7,7,6,1,4,0,0,0
G:\Thesis\FACET_Dataset\Segmented_FACET_0.2_fixed_label\sa_2257401.jpg,4,4,3,1,0.25896206498146057,3,3,3,2,0,1,0,1,0
G:\Thesis\FACET_Dataset\Segmented_FACET_0.2_fixed_label\sa_7593135.jpg,3,3,2,0,0.3228430449962616,4,4,4,3,1,1,0,1,0
G:\Thesis\FACET_Dataset\Segmented_FACET_0.2_fixed_label\sa_5460606.jpg,2,2,1,0,0.15682239830493927,2,2,2,1,0,0,1,1,1
G:\Thesis\FACET_Dataset\Segmented_FACET_0.2_fixed_label\sa_9198606.jpg,4,4,3,1,0.46509283781051636,5,5,5,4,1,1,0,1,1
G:\Thesis\FACET_Dataset\Segmented_FACET_0.2_fixed_label\sa_5514513.jpg,2,2,1,0,0.23343099653720856,3,3,3,2,0,1,0,1,1
G:\Thesis\FACET_Dataset\Segmented_FACET_0.2_fixed_label\sa_5574212.jpg,3,3,2,0,0.31287041306495667,4,4,4,3,1,1,0,1,0
G:\Thesis\FACET_Dataset\Segmented_FACET_0.2_fixed_label\sa_9476713.jpg,6,6,5,1,0.12625612318515778,2,2,2,1,0,4,0,0,0
G:\Thesis\FACET_Dataset\Segmented_FACET_0.2_fixed_label\sa_896542.jpg,5,5,4,1,0.4912206828594208,5,5,5,4,1,0,1,1,1
G:\Thesis\FACET_Dataset\Segmented_FACET_0.2_fixed_label\sa_5834056.jpg,4,4,3,1,0.5615084171295166,6,6,6,5,1,2,0,0,1
G:\Thesis\FACET_Dataset\Segmented_FACET_0.2_fixed_label\sa_10242779.jpg,9,9,8,2,0.5857947468757629,6,6,6,5,1,3,0,0,0
G:\Thesis\FACET_Dataset\Segmented_FACET_0.2_fixed_label\sa_6269457.jpg,2,2,1,0,0.18824435770511627,3,3,3,2,0,1,0,1,1
G:\Thesis\FACET_Dataset\Segmented_FACET_0.2_fixed_label\sa_4596018.jpg,2,2,1,0,0.17202846705913544,3,3,3,2,0,1,0,1,1
G:\Thesis\FACET_Dataset\Segmented_FACET_0.2_fixed_label\sa_867907.jpg,4,4,3,1,0.3524397611618042,4,4,4,3,1,0,1,1,1
G:\Thesis\FACET_Dataset\Segmented_FACET_0.2_fixed_label\sa_4512725.jpg,3,3,2,0,0.3804912269115448,4,4,4,3,1,1,0,1,0
G:\Thesis\FACET_Dataset\Segmented_FACET_0.2_fixed_label\sa_7178590.jpg,3,3,2,0,0.041614096611738205,1,1,1,0,0,2,0,0,1
G:\Thesis\FACET_Dataset\Segmented_FACET_0.2_fixed_label\sa_8079735.jpg,6,6,5,1,0.576667308807373,6,6,6,5,1,0,1,1,1
G:\Thesis\FACET_Dataset\Segmented_FACET_0.2_fixed_label\sa_8845214.jpg,3,3,2,0,0.2818319499492645,4,4,4,3,1,1,0,1,0
G:\Thesis\FACET_Dataset\Segmented_FACET_0.2_fixed_label\sa_5716175.jpg,2,2,1,0,0.2512843608856201,3,3,3,2,0,1,0,1,1
G:\Thesis\FACET_Dataset\Segmented_FACET_0.2_fixed_label\sa_6174904.jpg,2,2,1,0,0.10777441412210464,2,2,2,1,0,0,1,1,1
G:\Thesis\FACET_Dataset\Segmented_FACET_0.2_fixed_label\sa_4040599.jpg,5,5,4,1,0.4526170492172241,5,5,5,4,1,0,1,1,1
G:\Thesis\FACET_Dataset\Segmented_FACET_0.2_fixed_label\sa_9266267.jpg,5,5,4,1,0.462955117225647,5,5,5,4,1,0,1,1,1
G:\Thesis\FACET_Dataset\Segmented_FACET_0.2_fixed_label\sa_6174904.jpg,1,1,0,0,0.10777441412210464,2,2,2,1,0,1,0,1,1
G:\Thesis\FACET_Dataset\Segmented_FACET_0.2_fixed_label\sa_3586298.jpg,4,4,3,1,0.3143029808998108,4,4,4,3,1,0,1,1,1
G:\Thesis\FACET_Dataset\Segmented_FACET_0.2_fixed_label\sa_4302069.jpg,3,3,2,0,0.3579452335834503,4,4,4,3,1,1,0,1,0
G:\Thesis\FACET_Dataset\Segmented_FACET_0.2_fixed_label\sa_2382091.jpg,2,2,1,0,0.20962214469909668,3,3,3,2,0,1,0,1,1
G:\Thesis\FACET_Dataset\Segmented_FACET_0.2_fixed_label\sa_7086028.jpg,7,7,6,1,0.39371955394744873,5,5,5,4,1,2,0,0,1
G:\Thesis\FACET_Dataset\Segmented_FACET_0.2_fixed_label\sa_6826297.jpg,6,6,5,1,0.34664908051490784,4,4,4,3,1,2,0,0,1
G:\Thesis\FACET_Dataset\Segmented_FACET_0.2_fixed_label\sa_6988881.jpg,2,2,1,0,0.309841126203537,4,4,4,3,1,2,0,0,0
G:\Thesis\FACET_Dataset\Segmented_FACET_0.2_fixed_label\sa_10177472.jpg,4,4,3,1,0.32782670855522156,4,4,4,3,1,0,1,1,1
G:\Thesis\FACET_Dataset\Segmented_FACET_0.2_fixed_label\sa_4686189.jpg,3,3,2,0,0.4569537937641144,5,5,5,4,1,2,0,0,0
G:\Thesis\FACET_Dataset\Segmented_FACET_0.2_fixed_label\sa_9588623.jpg,2,2,1,0,0.3356274962425232,4,4,4,3,1,2,0,0,0
G:\Thesis\FACET_Dataset\Segmented_FACET_0.2_fixed_label\sa_6846608.jpg,4,4,3,1,0.4452425241470337,5,5,5,4,1,1,0,1,1
G:\Thesis\FACET_Dataset\Segmented_FACET_0.2_fixed_label\sa_1890196.jpg,2,2,1,0,0.19611075520515442,3,3,3,2,0,1,0,1,1
G:\Thesis\FACET_Dataset\Segmented_FACET_0.2_fixed_label\sa_285338.jpg,2,2,1,0,0.31831884384155273,4,4,4,3,1,2,0,0,0
G:\Thesis\FACET_Dataset\Segmented_FACET_0.2_fixed_label\sa_9042095.jpg,5,5,4,1,0.5939382314682007,6,6,6,5,1,1,0,1,1
G:\Thesis\FACET_Dataset\Segmented_FACET_0.2_fixed_label\sa_5181105.jpg,5,5,4,1,0.3690953254699707,4,4,4,3,1,1,0,1,1
G:\Thesis\FACET_Dataset\Segmented_FACET_0.2_fixed_label\sa_5420237.jpg,4,4,3,1,0.40504318475723267,5,5,5,4,1,1,0,1,1
G:\Thesis\FACET_Dataset\Segmented_FACET_0.2_fixed_label\sa_10644487.jpg,2,2,1,0,0.32364293932914734,4,4,4,3,1,2,0,0,0
G:\Thesis\FACET_Dataset\Segmented_FACET_0.2_fixed_label\sa_5391008.jpg,4,4,3,1,0.2576867938041687,3,3,3,2,0,1,0,1,0
G:\Thesis\FACET_Dataset\Segmented_FACET_0.2_fixed_label\sa_1615446.jpg,6,6,5,1,0.6882050633430481,7,7,7,6,1,1,0,1,1
G:\Thesis\FACET_Dataset\Segmented_FACET_0.2_fixed_label\sa_5390566.jpg,4,4,3,1,0.5321020483970642,6,6,6,5,1,2,0,0,1
G:\Thesis\FACET_Dataset\Segmented_FACET_0.2_fixed_label\sa_8839215.jpg,3,3,2,0,0.10495247691869736,2,2,2,1,0,1,0,1,1
G:\Thesis\FACET_Dataset\Segmented_FACET_0.2_fixed_label\sa_544772.jpg,3,3,2,0,0.46327686309814453,5,5,5,4,1,2,0,0,0
G:\Thesis\FACET_Dataset\Segmented_FACET_0.2_fixed_label\sa_4231575.jpg,3,3,2,0,0.6342665553092957,7,7,7,6,1,4,0,0,0
G:\Thesis\FACET_Dataset\Segmented_FACET_0.2_fixed_label\sa_6212263.jpg,8,8,7,2,0.752101719379425,8,8,8,7,2,0,1,1,1
G:\Thesis\FACET_Dataset\Segmented_FACET_0.2_fixed_label\sa_5324181.jpg,4,4,3,1,0.17920348048210144,3,3,3,2,0,1,0,1,0
G:\Thesis\FACET_Dataset\Segmented_FACET_0.2_fixed_label\sa_10715525.jpg,5,5,4,1,0.08997616171836853,2,2,2,1,0,3,0,0,0
G:\Thesis\FACET_Dataset\Segmented_FACET_0.2_fixed_label\sa_6494341.jpg,5,5,4,1,0.22800081968307495,3,3,3,2,0,2,0,0,0
G:\Thesis\FACET_Dataset\Segmented_FACET_0.2_fixed_label\sa_4196530.jpg,6,6,5,1,0.37282583117485046,4,4,4,3,1,2,0,0,1
G:\Thesis\FACET_Dataset\Segmented_FACET_0.2_fixed_label\sa_5299322.jpg,6,6,5,1,0.5789842009544373,6,6,6,5,1,0,1,1,1
G:\Thesis\FACET_Dataset\Segmented_FACET_0.2_fixed_label\sa_9867555.jpg,4,4,3,1,0.28048208355903625,4,4,4,3,1,0,1,1,1
G:\Thesis\FACET_Dataset\Segmented_FACET_0.2_fixed_label\sa_4518361.jpg,7,7,6,1,0.6614050269126892,7,7,7,6,1,0,1,1,1
G:\Thesis\FACET_Dataset\Segmented_FACET_0.2_fixed_label\sa_5677264.jpg,6,6,5,1,0.47744637727737427,5,5,5,4,1,1,0,1,1
G:\Thesis\FACET_Dataset\Segmented_FACET_0.2_fixed_label\sa_883786.jpg,3,3,2,0,0.6562454700469971,7,7,7,6,1,4,0,0,0
G:\Thesis\FACET_Dataset\Segmented_FACET_0.2_fixed_label\sa_692778.jpg,3,3,2,0,0.5087128281593323,6,6,6,5,1,3,0,0,0
G:\Thesis\FACET_Dataset\Segmented_FACET_0.2_fixed_label\sa_10800321.jpg,2,2,1,0,0.2057161182165146,3,3,3,2,0,1,0,1,1
G:\Thesis\FACET_Dataset\Segmented_FACET_0.2_fixed_label\sa_10456065.jpg,2,2,1,0,0.6091940999031067,6,6,6,5,1,4,0,0,0
G:\Thesis\FACET_Dataset\Segmented_FACET_0.2_fixed_label\sa_3709150.jpg,5,5,4,1,0.5149872899055481,6,6,6,5,1,1,0,1,1
G:\Thesis\FACET_Dataset\Segmented_FACET_0.2_fixed_label\sa_9572300.jpg,2,2,1,0,0.09317915141582489,2,2,2,1,0,0,1,1,1
G:\Thesis\FACET_Dataset\Segmented_FACET_0.2_fixed_label\sa_5088783.jpg,4,4,3,1,0.29181164503097534,4,4,4,3,1,0,1,1,1
G:\Thesis\FACET_Dataset\Segmented_FACET_0.2_fixed_label\sa_8130237.jpg,4,4,3,1,0.5035778284072876,6,6,6,5,1,2,0,0,1
G:\Thesis\FACET_Dataset\Segmented_FACET_0.2_fixed_label\sa_6526854.jpg,2,2,1,0,0.45545142889022827,5,5,5,4,1,3,0,0,0
G:\Thesis\FACET_Dataset\Segmented_FACET_0.2_fixed_label\sa_2816086.jpg,2,2,1,0,0.2559845745563507,3,3,3,2,0,1,0,1,1
G:\Thesis\FACET_Dataset\Segmented_FACET_0.2_fixed_label\sa_3529342.jpg,5,5,4,1,0.25198793411254883,3,3,3,2,0,2,0,0,0
G:\Thesis\FACET_Dataset\Segmented_FACET_0.2_fixed_label\sa_883711.jpg,8,8,7,2,0.2729811668395996,3,3,3,2,0,5,0,0,0
G:\Thesis\FACET_Dataset\Segmented_FACET_0.2_fixed_label\sa_3586006.jpg,6,6,5,1,0.43360987305641174,5,5,5,4,1,1,0,1,1
G:\Thesis\FACET_Dataset\Segmented_FACET_0.2_fixed_label\sa_155230.jpg,4,4,3,1,0.3595665991306305,4,4,4,3,1,0,1,1,1
G:\Thesis\FACET_Dataset\Segmented_FACET_0.2_fixed_label\sa_6761839.jpg,3,3,2,0,0.42996689677238464,5,5,5,4,1,2,0,0,0
G:\Thesis\FACET_Dataset\Segmented_FACET_0.2_fixed_label\sa_1431341.jpg,4,4,3,1,0.3994910418987274,5,5,5,4,1,1,0,1,1
G:\Thesis\FACET_Dataset\Segmented_FACET_0.2_fixed_label\sa_9496645.jpg,6,6,5,1,0.546508252620697,6,6,6,5,1,0,1,1,1
G:\Thesis\FACET_Dataset\Segmented_FACET_0.2_fixed_label\sa_5359669.jpg,2,2,1,0,0.797488808631897,8,8,8,7,2,6,0,0,0
G:\Thesis\FACET_Dataset\Segmented_FACET_0.2_fixed_label\sa_8265943.jpg,2,2,1,0,0.3177959620952606,4,4,4,3,1,2,0,0,0
G:\Thesis\FACET_Dataset\Segmented_FACET_0.2_fixed_label\sa_7121746.jpg,2,2,1,0,0.2557269334793091,3,3,3,2,0,1,0,1,1
G:\Thesis\FACET_Dataset\Segmented_FACET_0.2_fixed_label\sa_4442143.jpg,2,2,1,0,0.4168211817741394,5,5,5,4,1,3,0,0,0
G:\Thesis\FACET_Dataset\Segmented_FACET_0.2_fixed_label\sa_919437.jpg,8,8,7,2,0.7147268652915955,7,7,7,6,1,1,0,1,0
G:\Thesis\FACET_Dataset\Segmented_FACET_0.2_fixed_label\sa_2725465.jpg,2,2,1,0,0.16814662516117096,3,3,3,2,0,1,0,1,1
G:\Thesis\FACET_Dataset\Segmented_FACET_0.2_fixed_label\sa_1117468.jpg,3,3,2,0,0.3790756165981293,4,4,4,3,1,1,0,1,0
G:\Thesis\FACET_Dataset\Segmented_FACET_0.2_fixed_label\sa_7390064.jpg,3,3,2,0,0.39409205317497253,5,5,5,4,1,2,0,0,0
G:\Thesis\FACET_Dataset\Segmented_FACET_0.2_fixed_label\sa_10242779.jpg,8,8,7,2,0.5857947468757629,6,6,6,5,1,2,0,0,0
G:\Thesis\FACET_Dataset\Segmented_FACET_0.2_fixed_label\sa_6308480.jpg,2,2,1,0,0.3546207845211029,4,4,4,3,1,2,0,0,0
G:\Thesis\FACET_Dataset\Segmented_FACET_0.2_fixed_label\sa_3874742.jpg,2,2,1,0,0.5311015248298645,6,6,6,5,1,4,0,0,0
G:\Thesis\FACET_Dataset\Segmented_FACET_0.2_fixed_label\sa_116856.jpg,3,3,2,0,0.2955563962459564,4,4,4,3,1,1,0,1,0
G:\Thesis\FACET_Dataset\Segmented_FACET_0.2_fixed_label\sa_8552386.jpg,4,4,3,1,0.27841466665267944,4,4,4,3,1,0,1,1,1
G:\Thesis\FACET_Dataset\Segmented_FACET_0.2_fixed_label\sa_5471884.jpg,6,6,5,1,0.39130544662475586,5,5,5,4,1,1,0,1,1
G:\Thesis\FACET_Dataset\Segmented_FACET_0.2_fixed_label\sa_9657168.jpg,2,2,1,0,0.14706678688526154,2,2,2,1,0,0,1,1,1
G:\Thesis\FACET_Dataset\Segmented_FACET_0.2_fixed_label\sa_660174.jpg,4,4,3,1,0.5302982926368713,6,6,6,5,1,2,0,0,1
G:\Thesis\FACET_Dataset\Segmented_FACET_0.2_fixed_label\sa_2718141.jpg,3,3,2,0,0.1267797201871872,2,2,2,1,0,1,0,1,1
G:\Thesis\FACET_Dataset\Segmented_FACET_0.2_fixed_label\sa_609124.jpg,6,6,5,1,0.3830413818359375,4,4,4,3,1,2,0,0,1
G:\Thesis\FACET_Dataset\Segmented_FACET_0.2_fixed_label\sa_1042307.jpg,9,9,8,2,0.7920022010803223,8,8,8,7,2,1,0,1,1
G:\Thesis\FACET_Dataset\Segmented_FACET_0.2_fixed_label\sa_9588623.jpg,3,3,2,0,0.3356274962425232,4,4,4,3,1,1,0,1,0
G:\Thesis\FACET_Dataset\Segmented_FACET_0.2_fixed_label\sa_5123803.jpg,2,2,1,0,0.28336527943611145,4,4,4,3,1,2,0,0,0
G:\Thesis\FACET_Dataset\Segmented_FACET_0.2_fixed_label\sa_5848620.jpg,3,3,2,0,0.4588674008846283,5,5,5,4,1,2,0,0,0
G:\Thesis\FACET_Dataset\Segmented_FACET_0.2_fixed_label\sa_2595451.jpg,6,6,5,1,0.4840560555458069,5,5,5,4,1,1,0,1,1
G:\Thesis\FACET_Dataset\Segmented_FACET_0.2_fixed_label\sa_8243113.jpg,3,3,2,0,0.24816551804542542,3,3,3,2,0,0,1,1,1
G:\Thesis\FACET_Dataset\Segmented_FACET_0.2_fixed_label\sa_4852075.jpg,5,5,4,1,0.6469675302505493,7,7,7,6,1,2,0,0,1
G:\Thesis\FACET_Dataset\Segmented_FACET_0.2_fixed_label\sa_4399865.jpg,6,6,5,1,0.2471129298210144,3,3,3,2,0,3,0,0,0
G:\Thesis\FACET_Dataset\Segmented_FACET_0.2_fixed_label\sa_7098997.jpg,6,6,5,1,0.4215264916419983,5,5,5,4,1,1,0,1,1
G:\Thesis\FACET_Dataset\Segmented_FACET_0.2_fixed_label\sa_5078819.jpg,3,3,2,0,0.3335936665534973,4,4,4,3,1,1,0,1,0
G:\Thesis\FACET_Dataset\Segmented_FACET_0.2_fixed_label\sa_4128629.jpg,3,3,2,0,0.3074438273906708,4,4,4,3,1,1,0,1,0
G:\Thesis\FACET_Dataset\Segmented_FACET_0.2_fixed_label\sa_2552471.jpg,4,4,3,1,0.2433438003063202,3,3,3,2,0,1,0,1,0
G:\Thesis\FACET_Dataset\Segmented_FACET_0.2_fixed_label\sa_9249762.jpg,4,4,3,1,0.384120374917984,4,4,4,3,1,0,1,1,1
G:\Thesis\FACET_Dataset\Segmented_FACET_0.2_fixed_label\sa_2996879.jpg,4,4,3,1,0.41398632526397705,5,5,5,4,1,1,0,1,1
G:\Thesis\FACET_Dataset\Segmented_FACET_0.2_fixed_label\sa_2324883.jpg,5,5,4,1,0.5228445529937744,6,6,6,5,1,1,0,1,1
G:\Thesis\FACET_Dataset\Segmented_FACET_0.2_fixed_label\sa_10374862.jpg,7,7,6,1,0.787812352180481,8,8,8,7,2,1,0,1,0
G:\Thesis\FACET_Dataset\Segmented_FACET_0.2_fixed_label\sa_2728703.jpg,4,4,3,1,0.1448066681623459,2,2,2,1,0,2,0,0,0
G:\Thesis\FACET_Dataset\Segmented_FACET_0.2_fixed_label\sa_8980592.jpg,4,4,3,1,0.5144131183624268,6,6,6,5,1,2,0,0,1
G:\Thesis\FACET_Dataset\Segmented_FACET_0.2_fixed_label\sa_2201669.jpg,5,5,4,1,0.49616628885269165,5,5,5,4,1,0,1,1,1
G:\Thesis\FACET_Dataset\Segmented_FACET_0.2_fixed_label\sa_3688585.jpg,3,3,2,0,0.3020734488964081,4,4,4,3,1,1,0,1,0
G:\Thesis\FACET_Dataset\Segmented_FACET_0.2_fixed_label\sa_10043362.jpg,6,6,5,1,0.48724913597106934,5,5,5,4,1,1,0,1,1
G:\Thesis\FACET_Dataset\Segmented_FACET_0.2_fixed_label\sa_2517837.jpg,5,5,4,1,0.3924449384212494,5,5,5,4,1,0,1,1,1
G:\Thesis\FACET_Dataset\Segmented_FACET_0.2_fixed_label\sa_10545112.jpg,4,4,3,1,0.3246491551399231,4,4,4,3,1,0,1,1,1
G:\Thesis\FACET_Dataset\Segmented_FACET_0.2_fixed_label\sa_7707491.jpg,3,3,2,0,0.23883295059204102,3,3,3,2,0,0,1,1,1
G:\Thesis\FACET_Dataset\Segmented_FACET_0.2_fixed_label\sa_8700475.jpg,4,4,3,1,0.3468508720397949,4,4,4,3,1,0,1,1,1
G:\Thesis\FACET_Dataset\Segmented_FACET_0.2_fixed_label\sa_6505555.jpg,5,5,4,1,0.3028146028518677,4,4,4,3,1,1,0,1,1
G:\Thesis\FACET_Dataset\Segmented_FACET_0.2_fixed_label\sa_902427.jpg,2,2,1,0,0.054682888090610504,1,1,1,0,0,1,0,1,1
G:\Thesis\FACET_Dataset\Segmented_FACET_0.2_fixed_label\sa_3464544.jpg,3,3,2,0,0.4447649121284485,5,5,5,4,1,2,0,0,0
G:\Thesis\FACET_Dataset\Segmented_FACET_0.2_fixed_label\sa_1219621.jpg,6,6,5,1,0.6430153846740723,7,7,7,6,1,1,0,1,1
G:\Thesis\FACET_Dataset\Segmented_FACET_0.2_fixed_label\sa_5685445.jpg,3,3,2,0,0.24259421229362488,3,3,3,2,0,0,1,1,1
G:\Thesis\FACET_Dataset\Segmented_FACET_0.2_fixed_label\sa_3663255.jpg,4,4,3,1,0.2751689553260803,3,3,3,2,0,1,0,1,0
G:\Thesis\FACET_Dataset\Segmented_FACET_0.2_fixed_label\sa_3406079.jpg,3,3,2,0,0.3454829454421997,4,4,4,3,1,1,0,1,0
G:\Thesis\FACET_Dataset\Segmented_FACET_0.2_fixed_label\sa_6427632.jpg,4,4,3,1,0.5815814733505249,6,6,6,5,1,2,0,0,1
G:\Thesis\FACET_Dataset\Segmented_FACET_0.2_fixed_label\sa_9330307.jpg,3,3,2,0,0.5149675607681274,6,6,6,5,1,3,0,0,0
G:\Thesis\FACET_Dataset\Segmented_FACET_0.2_fixed_label\sa_860266.jpg,3,3,2,0,0.18524858355522156,3,3,3,2,0,0,1,1,1
G:\Thesis\FACET_Dataset\Segmented_FACET_0.2_fixed_label\sa_2471877.jpg,3,3,2,0,0.41275733709335327,5,5,5,4,1,2,0,0,0
G:\Thesis\FACET_Dataset\Segmented_FACET_0.2_fixed_label\sa_2421354.jpg,2,2,1,0,0.15009337663650513,2,2,2,1,0,0,1,1,1
G:\Thesis\FACET_Dataset\Segmented_FACET_0.2_fixed_label\sa_9793931.jpg,2,2,1,0,0.05141317471861839,1,1,1,0,0,1,0,1,1
G:\Thesis\FACET_Dataset\Segmented_FACET_0.2_fixed_label\sa_9744269.jpg,4,4,3,1,0.41176748275756836,5,5,5,4,1,1,0,1,1
G:\Thesis\FACET_Dataset\Segmented_FACET_0.2_fixed_label\sa_2191447.jpg,5,5,4,1,0.3575088083744049,4,4,4,3,1,1,0,1,1
G:\Thesis\FACET_Dataset\Segmented_FACET_0.2_fixed_label\sa_7777646.jpg,1,1,0,0,0.49025601148605347,5,5,5,4,1,4,0,0,0
G:\Thesis\FACET_Dataset\Segmented_FACET_0.2_fixed_label\sa_6732745.jpg,3,3,2,0,0.4612956941127777,5,5,5,4,1,2,0,0,0
G:\Thesis\FACET_Dataset\Segmented_FACET_0.2_fixed_label\sa_8732684.jpg,3,3,2,0,0.4276275038719177,5,5,5,4,1,2,0,0,0
G:\Thesis\FACET_Dataset\Segmented_FACET_0.2_fixed_label\sa_4423551.jpg,3,3,2,0,0.1452036052942276,2,2,2,1,0,1,0,1,1
G:\Thesis\FACET_Dataset\Segmented_FACET_0.2_fixed_label\sa_6924719.jpg,3,3,2,0,0.048711005598306656,1,1,1,0,0,2,0,0,1
G:\Thesis\FACET_Dataset\Segmented_FACET_0.2_fixed_label\sa_7086028.jpg,3,3,2,0,0.39371955394744873,5,5,5,4,1,2,0,0,0
G:\Thesis\FACET_Dataset\Segmented_FACET_0.2_fixed_label\sa_6263407.jpg,2,2,1,0,0.30001407861709595,4,4,4,3,1,2,0,0,0
G:\Thesis\FACET_Dataset\Segmented_FACET_0.2_fixed_label\sa_663266.jpg,7,7,6,1,0.5294635891914368,6,6,6,5,1,1,0,1,1
G:\Thesis\FACET_Dataset\Segmented_FACET_0.2_fixed_label\sa_5314391.jpg,2,2,1,0,0.28135550022125244,4,4,4,3,1,2,0,0,0
G:\Thesis\FACET_Dataset\Segmented_FACET_0.2_fixed_label\sa_1105037.jpg,6,6,5,1,0.4422757923603058,5,5,5,4,1,1,0,1,1
G:\Thesis\FACET_Dataset\Segmented_FACET_0.2_fixed_label\sa_9307505.jpg,6,6,5,1,0.4857652485370636,5,5,5,4,1,1,0,1,1
G:\Thesis\FACET_Dataset\Segmented_FACET_0.2_fixed_label\sa_5899097.jpg,6,6,5,1,0.43512555956840515,5,5,5,4,1,1,0,1,1
G:\Thesis\FACET_Dataset\Segmented_FACET_0.2_fixed_label\sa_9752129.jpg,4,4,3,1,0.5513461828231812,6,6,6,5,1,2,0,0,1
G:\Thesis\FACET_Dataset\Segmented_FACET_0.2_fixed_label\sa_3565059.jpg,3,3,2,0,0.17048510909080505,3,3,3,2,0,0,1,1,1
G:\Thesis\FACET_Dataset\Segmented_FACET_0.2_fixed_label\sa_7409466.jpg,2,2,1,0,0.2261030524969101,3,3,3,2,0,1,0,1,1
G:\Thesis\FACET_Dataset\Segmented_FACET_0.2_fixed_label\sa_10701431.jpg,5,5,4,1,0.6849948167800903,7,7,7,6,1,2,0,0,1
G:\Thesis\FACET_Dataset\Segmented_FACET_0.2_fixed_label\sa_7860472.jpg,3,3,2,0,0.32314378023147583,4,4,4,3,1,1,0,1,0
G:\Thesis\FACET_Dataset\Segmented_FACET_0.2_fixed_label\sa_160791.jpg,9,9,8,2,0.5082136988639832,6,6,6,5,1,3,0,0,0
G:\Thesis\FACET_Dataset\Segmented_FACET_0.2_fixed_label\sa_9273948.jpg,5,5,4,1,0.5299160480499268,6,6,6,5,1,1,0,1,1
G:\Thesis\FACET_Dataset\Segmented_FACET_0.2_fixed_label\sa_7835470.jpg,7,7,6,1,0.23160037398338318,3,3,3,2,0,4,0,0,0
G:\Thesis\FACET_Dataset\Segmented_FACET_0.2_fixed_label\sa_9978837.jpg,2,2,1,0,0.21058064699172974,3,3,3,2,0,1,0,1,1
G:\Thesis\FACET_Dataset\Segmented_FACET_0.2_fixed_label\sa_9857028.jpg,6,6,5,1,0.6494367122650146,7,7,7,6,1,1,0,1,1
G:\Thesis\FACET_Dataset\Segmented_FACET_0.2_fixed_label\sa_8584101.jpg,5,5,4,1,0.45114606618881226,5,5,5,4,1,0,1,1,1
G:\Thesis\FACET_Dataset\Segmented_FACET_0.2_fixed_label\sa_3497590.jpg,5,5,4,1,0.35727640986442566,4,4,4,3,1,1,0,1,1
G:\Thesis\FACET_Dataset\Segmented_FACET_0.2_fixed_label\sa_9584844.jpg,4,4,3,1,0.3972560167312622,5,5,5,4,1,1,0,1,1
G:\Thesis\FACET_Dataset\Segmented_FACET_0.2_fixed_label\sa_2389185.jpg,3,3,2,0,0.18258018791675568,3,3,3,2,0,0,1,1,1
G:\Thesis\FACET_Dataset\Segmented_FACET_0.2_fixed_label\sa_1416348.jpg,4,4,3,1,0.273159921169281,3,3,3,2,0,1,0,1,0
G:\Thesis\FACET_Dataset\Segmented_FACET_0.2_fixed_label\sa_1196986.jpg,4,4,3,1,0.239385724067688,3,3,3,2,0,1,0,1,0
G:\Thesis\FACET_Dataset\Segmented_FACET_0.2_fixed_label\sa_11157701.jpg,3,3,2,0,0.38285720348358154,4,4,4,3,1,1,0,1,0
G:\Thesis\FACET_Dataset\Segmented_FACET_0.2_fixed_label\sa_7857810.jpg,3,3,2,0,0.2701021432876587,3,3,3,2,0,0,1,1,1
G:\Thesis\FACET_Dataset\Segmented_FACET_0.2_fixed_label\sa_2003237.jpg,3,3,2,0,0.4426667392253876,5,5,5,4,1,2,0,0,0
G:\Thesis\FACET_Dataset\Segmented_FACET_0.2_fixed_label\sa_4671141.jpg,4,4,3,1,0.331267386674881,4,4,4,3,1,0,1,1,1
G:\Thesis\FACET_Dataset\Segmented_FACET_0.2_fixed_label\sa_7163178.jpg,9,9,8,2,0.674078643321991,7,7,7,6,1,2,0,0,0
G:\Thesis\FACET_Dataset\Segmented_FACET_0.2_fixed_label\sa_8565795.jpg,9,9,8,2,0.7918739914894104,8,8,8,7,2,1,0,1,1
G:\Thesis\FACET_Dataset\Segmented_FACET_0.2_fixed_label\sa_10068666.jpg,4,4,3,1,0.36929863691329956,4,4,4,3,1,0,1,1,1
G:\Thesis\FACET_Dataset\Segmented_FACET_0.2_fixed_label\sa_716764.jpg,2,2,1,0,0.35320860147476196,4,4,4,3,1,2,0,0,0
G:\Thesis\FACET_Dataset\Segmented_FACET_0.2_fixed_label\sa_10624860.jpg,4,4,3,1,0.21152180433273315,3,3,3,2,0,1,0,1,0
G:\Thesis\FACET_Dataset\Segmented_FACET_0.2_fixed_label\sa_4938852.jpg,6,6,5,1,0.7190631031990051,7,7,7,6,1,1,0,1,1
G:\Thesis\FACET_Dataset\Segmented_FACET_0.2_fixed_label\sa_4086368.jpg,4,4,3,1,0.32668283581733704,4,4,4,3,1,0,1,1,1
G:\Thesis\FACET_Dataset\Segmented_FACET_0.2_fixed_label\sa_5939518.jpg,3,3,2,0,0.4934464991092682,5,5,5,4,1,2,0,0,0
G:\Thesis\FACET_Dataset\Segmented_FACET_0.2_fixed_label\sa_8489998.jpg,3,3,2,0,0.5559840202331543,6,6,6,5,1,3,0,0,0
G:\Thesis\FACET_Dataset\Segmented_FACET_0.2_fixed_label\sa_10423635.jpg,6,6,5,1,0.6319881081581116,7,7,7,6,1,1,0,1,1
G:\Thesis\FACET_Dataset\Segmented_FACET_0.2_fixed_label\sa_6045725.jpg,2,2,1,0,0.5338123440742493,6,6,6,5,1,4,0,0,0
G:\Thesis\FACET_Dataset\Segmented_FACET_0.2_fixed_label\sa_9333221.jpg,3,3,2,0,0.43631628155708313,5,5,5,4,1,2,0,0,0
G:\Thesis\FACET_Dataset\Segmented_FACET_0.2_fixed_label\sa_1229254.jpg,2,2,1,0,0.21798734366893768,3,3,3,2,0,1,0,1,1
G:\Thesis\FACET_Dataset\Segmented_FACET_0.2_fixed_label\sa_4050216.jpg,1,1,0,0,0.12628452479839325,2,2,2,1,0,1,0,1,1
G:\Thesis\FACET_Dataset\Segmented_FACET_0.2_fixed_label\sa_1237661.jpg,7,7,6,1,0.6670680046081543,7,7,7,6,1,0,1,1,1
G:\Thesis\FACET_Dataset\Segmented_FACET_0.2_fixed_label\sa_2985552.jpg,4,4,3,1,0.3154699206352234,4,4,4,3,1,0,1,1,1
G:\Thesis\FACET_Dataset\Segmented_FACET_0.2_fixed_label\sa_3236184.jpg,5,5,4,1,0.2521088421344757,3,3,3,2,0,2,0,0,0
G:\Thesis\FACET_Dataset\Segmented_FACET_0.2_fixed_label\sa_6166560.jpg,5,5,4,1,0.4304729700088501,5,5,5,4,1,0,1,1,1
G:\Thesis\FACET_Dataset\Segmented_FACET_0.2_fixed_label\sa_6840188.jpg,8,8,7,2,0.523939311504364,6,6,6,5,1,2,0,0,0
G:\Thesis\FACET_Dataset\Segmented_FACET_0.2_fixed_label\sa_349049.jpg,4,4,3,1,0.40999943017959595,5,5,5,4,1,1,0,1,1
G:\Thesis\FACET_Dataset\Segmented_FACET_0.2_fixed_label\sa_3087418.jpg,7,7,6,1,0.5069510340690613,6,6,6,5,1,1,0,1,1
G:\Thesis\FACET_Dataset\Segmented_FACET_0.2_fixed_label\sa_11175543.jpg,2,2,1,0,0.29812881350517273,4,4,4,3,1,2,0,0,0
G:\Thesis\FACET_Dataset\Segmented_FACET_0.2_fixed_label\sa_7929832.jpg,4,4,3,1,0.2739375829696655,3,3,3,2,0,1,0,1,0
G:\Thesis\FACET_Dataset\Segmented_FACET_0.2_fixed_label\sa_8601713.jpg,2,2,1,0,0.4896196126937866,5,5,5,4,1,3,0,0,0
G:\Thesis\FACET_Dataset\Segmented_FACET_0.2_fixed_label\sa_5089105.jpg,3,3,2,0,0.24220311641693115,3,3,3,2,0,0,1,1,1
G:\Thesis\FACET_Dataset\Segmented_FACET_0.2_fixed_label\sa_5748585.jpg,3,3,2,0,0.23379141092300415,3,3,3,2,0,0,1,1,1
G:\Thesis\FACET_Dataset\Segmented_FACET_0.2_fixed_label\sa_2790434.jpg,4,4,3,1,0.7981122136116028,8,8,8,7,2,4,0,0,0
G:\Thesis\FACET_Dataset\Segmented_FACET_0.2_fixed_label\sa_8974323.jpg,3,3,2,0,0.468910276889801,5,5,5,4,1,2,0,0,0
G:\Thesis\FACET_Dataset\Segmented_FACET_0.2_fixed_label\sa_10523774.jpg,5,5,4,1,0.3754817545413971,4,4,4,3,1,1,0,1,1
G:\Thesis\FACET_Dataset\Segmented_FACET_0.2_fixed_label\sa_6561618.jpg,3,3,2,0,0.47196149826049805,5,5,5,4,1,2,0,0,0
G:\Thesis\FACET_Dataset\Segmented_FACET_0.2_fixed_label\sa_3315917.jpg,5,5,4,1,0.4494114816188812,5,5,5,4,1,0,1,1,1
G:\Thesis\FACET_Dataset\Segmented_FACET_0.2_fixed_label\sa_4547800.jpg,2,2,1,0,0.5225310921669006,6,6,6,5,1,4,0,0,0
G:\Thesis\FACET_Dataset\Segmented_FACET_0.2_fixed_label\sa_5495152.jpg,5,5,4,1,0.5009871125221252,6,6,6,5,1,1,0,1,1
G:\Thesis\FACET_Dataset\Segmented_FACET_0.2_fixed_label\sa_2396218.jpg,4,4,3,1,0.43825870752334595,5,5,5,4,1,1,0,1,1
G:\Thesis\FACET_Dataset\Segmented_FACET_0.2_fixed_label\sa_9393101.jpg,3,3,2,0,0.2692703604698181,3,3,3,2,0,0,1,1,1
G:\Thesis\FACET_Dataset\Segmented_FACET_0.2_fixed_label\sa_9174572.jpg,3,3,2,0,0.34930306673049927,4,4,4,3,1,1,0,1,0
G:\Thesis\FACET_Dataset\Segmented_FACET_0.2_fixed_label\sa_8343708.jpg,2,2,1,0,0.5673516392707825,6,6,6,5,1,4,0,0,0
G:\Thesis\FACET_Dataset\Segmented_FACET_0.2_fixed_label\sa_591356.jpg,3,3,2,0,0.4861210584640503,5,5,5,4,1,2,0,0,0
G:\Thesis\FACET_Dataset\Segmented_FACET_0.2_fixed_label\sa_1523925.jpg,7,7,6,1,0.5145165324211121,6,6,6,5,1,1,0,1,1
G:\Thesis\FACET_Dataset\Segmented_FACET_0.2_fixed_label\sa_2477538.jpg,5,5,4,1,0.38467761874198914,4,4,4,3,1,1,0,1,1
G:\Thesis\FACET_Dataset\Segmented_FACET_0.2_fixed_label\sa_3288169.jpg,3,3,2,0,0.1938946694135666,3,3,3,2,0,0,1,1,1
G:\Thesis\FACET_Dataset\Segmented_FACET_0.2_fixed_label\sa_9666302.jpg,4,4,3,1,0.36352819204330444,4,4,4,3,1,0,1,1,1
G:\Thesis\FACET_Dataset\Segmented_FACET_0.2_fixed_label\sa_3632150.jpg,9,9,8,2,0.525528073310852,6,6,6,5,1,3,0,0,0
G:\Thesis\FACET_Dataset\Segmented_FACET_0.2_fixed_label\sa_9106399.jpg,3,3,2,0,0.21039220690727234,3,3,3,2,0,0,1,1,1
G:\Thesis\FACET_Dataset\Segmented_FACET_0.2_fixed_label\sa_6611518.jpg,2,2,1,0,0.36270377039909363,4,4,4,3,1,2,0,0,0
G:\Thesis\FACET_Dataset\Segmented_FACET_0.2_fixed_label\sa_7670598.jpg,3,3,2,0,0.36255231499671936,4,4,4,3,1,1,0,1,0
G:\Thesis\FACET_Dataset\Segmented_FACET_0.2_fixed_label\sa_4128629.jpg,4,4,3,1,0.3074438273906708,4,4,4,3,1,0,1,1,1
G:\Thesis\FACET_Dataset\Segmented_FACET_0.2_fixed_label\sa_8413619.jpg,4,4,3,1,0.6184691190719604,7,7,7,6,1,3,0,0,1
G:\Thesis\FACET_Dataset\Segmented_FACET_0.2_fixed_label\sa_3248952.jpg,3,3,2,0,0.18930046260356903,3,3,3,2,0,0,1,1,1
G:\Thesis\FACET_Dataset\Segmented_FACET_0.2_fixed_label\sa_1040211.jpg,1,1,0,0,0.11261823773384094,2,2,2,1,0,1,0,1,1
G:\Thesis\FACET_Dataset\Segmented_FACET_0.2_fixed_label\sa_4950210.jpg,4,4,3,1,0.4041381776332855,5,5,5,4,1,1,0,1,1
G:\Thesis\FACET_Dataset\Segmented_FACET_0.2_fixed_label\sa_2172153.jpg,3,3,2,0,0.4047641456127167,5,5,5,4,1,2,0,0,0
G:\Thesis\FACET_Dataset\Segmented_FACET_0.2_fixed_label\sa_5963197.jpg,4,4,3,1,0.22245587408542633,3,3,3,2,0,1,0,1,0
G:\Thesis\FACET_Dataset\Segmented_FACET_0.2_fixed_label\sa_4742474.jpg,2,2,1,0,0.3815203011035919,4,4,4,3,1,2,0,0,0
G:\Thesis\FACET_Dataset\Segmented_FACET_0.2_fixed_label\sa_939348.jpg,3,3,2,0,0.3242586851119995,4,4,4,3,1,1,0,1,0
G:\Thesis\FACET_Dataset\Segmented_FACET_0.2_fixed_label\sa_8715653.jpg,4,4,3,1,0.36130252480506897,4,4,4,3,1,0,1,1,1
G:\Thesis\FACET_Dataset\Segmented_FACET_0.2_fixed_label\sa_7858116.jpg,2,2,1,0,0.2907329797744751,4,4,4,3,1,2,0,0,0
G:\Thesis\FACET_Dataset\Segmented_FACET_0.2_fixed_label\sa_7083475.jpg,1,1,0,0,0.3148776590824127,4,4,4,3,1,3,0,0,0
G:\Thesis\FACET_Dataset\Segmented_FACET_0.2_fixed_label\sa_9016742.jpg,3,3,2,0,0.21722549200057983,3,3,3,2,0,0,1,1,1
G:\Thesis\FACET_Dataset\Segmented_FACET_0.2_fixed_label\sa_161276.jpg,3,3,2,0,0.7085927128791809,7,7,7,6,1,4,0,0,0
G:\Thesis\FACET_Dataset\Segmented_FACET_0.2_fixed_label\sa_9274637.jpg,3,3,2,0,0.33827531337738037,4,4,4,3,1,1,0,1,0
G:\Thesis\FACET_Dataset\Segmented_FACET_0.2_fixed_label\sa_11180829.jpg,4,4,3,1,0.4180229902267456,5,5,5,4,1,1,0,1,1
G:\Thesis\FACET_Dataset\Segmented_FACET_0.2_fixed_label\sa_4676559.jpg,3,3,2,0,0.4283677041530609,5,5,5,4,1,2,0,0,0
G:\Thesis\FACET_Dataset\Segmented_FACET_0.2_fixed_label\sa_5927098.jpg,3,3,2,0,0.2927955687046051,4,4,4,3,1,1,0,1,0
G:\Thesis\FACET_Dataset\Segmented_FACET_0.2_fixed_label\sa_5536666.jpg,5,5,4,1,0.43354353308677673,5,5,5,4,1,0,1,1,1
G:\Thesis\FACET_Dataset\Segmented_FACET_0.2_fixed_label\sa_2483799.jpg,4,4,3,1,0.3770873248577118,4,4,4,3,1,0,1,1,1
G:\Thesis\FACET_Dataset\Segmented_FACET_0.2_fixed_label\sa_4692534.jpg,2,2,1,0,0.2877195477485657,4,4,4,3,1,2,0,0,0
G:\Thesis\FACET_Dataset\Segmented_FACET_0.2_fixed_label\sa_10022161.jpg,5,5,4,1,0.12305618077516556,2,2,2,1,0,3,0,0,0
G:\Thesis\FACET_Dataset\Segmented_FACET_0.2_fixed_label\sa_9595924.jpg,2,2,1,0,0.2909594774246216,4,4,4,3,1,2,0,0,0
G:\Thesis\FACET_Dataset\Segmented_FACET_0.2_fixed_label\sa_4776817.jpg,7,7,6,1,0.7602985501289368,8,8,8,7,2,1,0,1,0
G:\Thesis\FACET_Dataset\Segmented_FACET_0.2_fixed_label\sa_9462330.jpg,5,5,4,1,0.5468347072601318,6,6,6,5,1,1,0,1,1
G:\Thesis\FACET_Dataset\Segmented_FACET_0.2_fixed_label\sa_9782484.jpg,3,3,2,0,0.2879379391670227,4,4,4,3,1,1,0,1,0
G:\Thesis\FACET_Dataset\Segmented_FACET_0.2_fixed_label\sa_3735818.jpg,2,2,1,0,0.36272647976875305,4,4,4,3,1,2,0,0,0
G:\Thesis\FACET_Dataset\Segmented_FACET_0.2_fixed_label\sa_8092047.jpg,8,8,7,2,0.7424300909042358,8,8,8,7,2,0,1,1,1
G:\Thesis\FACET_Dataset\Segmented_FACET_0.2_fixed_label\sa_9203956.jpg,4,4,3,1,0.5840232372283936,6,6,6,5,1,2,0,0,1
G:\Thesis\FACET_Dataset\Segmented_FACET_0.2_fixed_label\sa_5267764.jpg,3,3,2,0,0.3588608205318451,4,4,4,3,1,1,0,1,0
G:\Thesis\FACET_Dataset\Segmented_FACET_0.2_fixed_label\sa_3379562.jpg,3,3,2,0,0.33985084295272827,4,4,4,3,1,1,0,1,0
G:\Thesis\FACET_Dataset\Segmented_FACET_0.2_fixed_label\sa_733589.jpg,4,4,3,1,0.48582780361175537,5,5,5,4,1,1,0,1,1
G:\Thesis\FACET_Dataset\Segmented_FACET_0.2_fixed_label\sa_10975486.jpg,3,3,2,0,0.3633888065814972,4,4,4,3,1,1,0,1,0
G:\Thesis\FACET_Dataset\Segmented_FACET_0.2_fixed_label\sa_4792156.jpg,2,2,1,0,0.28874754905700684,4,4,4,3,1,2,0,0,0
G:\Thesis\FACET_Dataset\Segmented_FACET_0.2_fixed_label\sa_22547.jpg,3,3,2,0,0.11994994431734085,2,2,2,1,0,1,0,1,1
G:\Thesis\FACET_Dataset\Segmented_FACET_0.2_fixed_label\sa_3810302.jpg,4,4,3,1,0.4700116515159607,5,5,5,4,1,1,0,1,1
G:\Thesis\FACET_Dataset\Segmented_FACET_0.2_fixed_label\sa_9646598.jpg,2,2,1,0,0.13219867646694183,2,2,2,1,0,0,1,1,1
G:\Thesis\FACET_Dataset\Segmented_FACET_0.2_fixed_label\sa_9389226.jpg,3,3,2,0,0.5869207978248596,6,6,6,5,1,3,0,0,0
G:\Thesis\FACET_Dataset\Segmented_FACET_0.2_fixed_label\sa_1229254.jpg,3,3,2,0,0.21798734366893768,3,3,3,2,0,0,1,1,1
G:\Thesis\FACET_Dataset\Segmented_FACET_0.2_fixed_label\sa_1239725.jpg,7,7,6,1,0.6958780884742737,7,7,7,6,1,0,1,1,1
G:\Thesis\FACET_Dataset\Segmented_FACET_0.2_fixed_label\sa_8480488.jpg,3,3,2,0,0.3601626753807068,4,4,4,3,1,1,0,1,0
G:\Thesis\FACET_Dataset\Segmented_FACET_0.2_fixed_label\sa_4331908.jpg,3,3,2,0,0.35415759682655334,4,4,4,3,1,1,0,1,0
G:\Thesis\FACET_Dataset\Segmented_FACET_0.2_fixed_label\sa_2836781.jpg,2,2,1,0,0.119077667593956,2,2,2,1,0,0,1,1,1
G:\Thesis\FACET_Dataset\Segmented_FACET_0.2_fixed_label\sa_7251813.jpg,3,3,2,0,0.2801561653614044,4,4,4,3,1,1,0,1,0
G:\Thesis\FACET_Dataset\Segmented_FACET_0.2_fixed_label\sa_8307874.jpg,4,4,3,1,0.4303015470504761,5,5,5,4,1,1,0,1,1
G:\Thesis\FACET_Dataset\Segmented_FACET_0.2_fixed_label\sa_9608704.jpg,4,4,3,1,0.23380810022354126,3,3,3,2,0,1,0,1,0
G:\Thesis\FACET_Dataset\Segmented_FACET_0.2_fixed_label\sa_3103553.jpg,2,2,1,0,0.3888213634490967,4,4,4,3,1,2,0,0,0
G:\Thesis\FACET_Dataset\Segmented_FACET_0.2_fixed_label\sa_9913515.jpg,2,2,1,0,0.23651835322380066,3,3,3,2,0,1,0,1,1
G:\Thesis\FACET_Dataset\Segmented_FACET_0.2_fixed_label\sa_8206267.jpg,6,6,5,1,0.37217798829078674,4,4,4,3,1,2,0,0,1
G:\Thesis\FACET_Dataset\Segmented_FACET_0.2_fixed_label\sa_6599988.jpg,3,3,2,0,0.3435710668563843,4,4,4,3,1,1,0,1,0
G:\Thesis\FACET_Dataset\Segmented_FACET_0.2_fixed_label\sa_9956268.jpg,2,2,1,0,0.2944280207157135,4,4,4,3,1,2,0,0,0
G:\Thesis\FACET_Dataset\Segmented_FACET_0.2_fixed_label\sa_347421.jpg,3,3,2,0,0.2131991982460022,3,3,3,2,0,0,1,1,1
G:\Thesis\FACET_Dataset\Segmented_FACET_0.2_fixed_label\sa_1661550.jpg,3,3,2,0,0.30463355779647827,4,4,4,3,1,1,0,1,0
G:\Thesis\FACET_Dataset\Segmented_FACET_0.2_fixed_label\sa_2993072.jpg,3,3,2,0,0.38858145475387573,4,4,4,3,1,1,0,1,0
G:\Thesis\FACET_Dataset\Segmented_FACET_0.2_fixed_label\sa_8076889.jpg,3,3,2,0,0.5271978974342346,6,6,6,5,1,3,0,0,0
G:\Thesis\FACET_Dataset\Segmented_FACET_0.2_fixed_label\sa_10662711.jpg,4,4,3,1,0.21145808696746826,3,3,3,2,0,1,0,1,0
G:\Thesis\FACET_Dataset\Segmented_FACET_0.2_fixed_label\sa_3401144.jpg,4,4,3,1,0.47195470333099365,5,5,5,4,1,1,0,1,1
G:\Thesis\FACET_Dataset\Segmented_FACET_0.2_fixed_label\sa_8470765.jpg,7,7,6,1,0.7602421641349792,8,8,8,7,2,1,0,1,0
G:\Thesis\FACET_Dataset\Segmented_FACET_0.2_fixed_label\sa_5526742.jpg,6,6,5,1,0.3534816801548004,4,4,4,3,1,2,0,0,1
G:\Thesis\FACET_Dataset\Segmented_FACET_0.2_fixed_label\sa_937545.jpg,5,5,4,1,0.3420300781726837,4,4,4,3,1,1,0,1,1
G:\Thesis\FACET_Dataset\Segmented_FACET_0.2_fixed_label\sa_2100985.jpg,3,3,2,0,0.3847973644733429,4,4,4,3,1,1,0,1,0
G:\Thesis\FACET_Dataset\Segmented_FACET_0.2_fixed_label\sa_8028499.jpg,4,4,3,1,0.5396846532821655,6,6,6,5,1,2,0,0,1
G:\Thesis\FACET_Dataset\Segmented_FACET_0.2_fixed_label\sa_1005917.jpg,3,3,2,0,0.5088396668434143,6,6,6,5,1,3,0,0,0
G:\Thesis\FACET_Dataset\Segmented_FACET_0.2_fixed_label\sa_9654190.jpg,3,3,2,0,0.141353040933609,2,2,2,1,0,1,0,1,1
G:\Thesis\FACET_Dataset\Segmented_FACET_0.2_fixed_label\sa_766081.jpg,4,4,3,1,0.3058524429798126,4,4,4,3,1,0,1,1,1
G:\Thesis\FACET_Dataset\Segmented_FACET_0.2_fixed_label\sa_1181162.jpg,3,3,2,0,0.4416205883026123,5,5,5,4,1,2,0,0,0
