image_path,true_label,true_mst,true_class,true_bin,pred_scalar,pred_mst_rounded,pred_label,pred_mst,pred_class,pred_bin,abs_error,match_exact,match_pm1,match_bin
G:\Thesis\FACET_Dataset\Segmented_FACET_0.2_fixed_label\sa_9697495.jpg,5,5,4,1,0.5814542174339294,6,6,6,5,1,1,0,1,1
G:\Thesis\FACET_Dataset\Segmented_FACET_0.2_fixed_label\sa_1932356.jpg,8,8,7,2,0.31397169828414917,4,4,4,3,1,4,0,0,0
G:\Thesis\FACET_Dataset\Segmented_FACET_0.2_fixed_label\sa_2886046.jpg,7,7,6,1,0.43203243613243103,5,5,5,4,1,2,0,0,1
G:\Thesis\FACET_Dataset\Segmented_FACET_0.2_fixed_label\sa_139877.jpg,6,6,5,1,0.3034503757953644,4,4,4,3,1,2,0,0,1
G:\Thesis\FACET_Dataset\Segmented_FACET_0.2_fixed_label\sa_2588919.jpg,1,1,0,0,0.4606303870677948,5,5,5,4,1,4,0,0,0
G:\Thesis\FACET_Dataset\Segmented_FACET_0.2_fixed_label\sa_1341163.jpg,2,2,1,0,0.2335566133260727,3,3,3,2,0,1,0,1,1
G:\Thesis\FACET_Dataset\Segmented_FACET_0.2_fixed_label\sa_10944498.jpg,3,3,2,0,0.5706247091293335,6,6,6,5,1,3,0,0,0
G:\Thesis\FACET_Dataset\Segmented_FACET_0.2_fixed_label\sa_6541816.jpg,2,2,1,0,0.15081533789634705,2,2,2,1,0,0,1,1,1
G:\Thesis\FACET_Dataset\Segmented_FACET_0.2_fixed_label\sa_9204091.jpg,3,3,2,0,0.19387014210224152,3,3,3,2,0,0,1,1,1
G:\Thesis\FACET_Dataset\Segmented_FACET_0.2_fixed_label\sa_1794471.jpg,6,6,5,1,0.4700450301170349,5,5,5,4,1,1,0,1,1
G:\Thesis\FACET_Dataset\Segmented_FACET_0.2_fixed_label\sa_1202642.jpg,2,2,1,0,0.19882985949516296,3,3,3,2,0,1,0,1,1
G:\Thesis\FACET_Dataset\Segmented_FACET_0.2_fixed_label\sa_6451924.jpg,4,4,3,1,0.3535362482070923,4,4,4,3,1,0,1,1,1
G:\Thesis\FACET_Dataset\Segmented_FACET_0.2_fixed_label\sa_925056.jpg,2,2,1,0,0.5237842798233032,6,6,6,5,1,4,0,0,0
G:\Thesis\FACET_Dataset\Segmented_FACET_0.2_fixed_label\sa_2902486.jpg,5,5,4,1,0.48598867654800415,5,5,5,4,1,0,1,1,1
G:\Thesis\FACET_Dataset\Segmented_FACET_0.2_fixed_label\sa_8240546.jpg,6,6,5,1,0.3354533910751343,4,4,4,3,1,2,0,0,1
G:\Thesis\FACET_Dataset\Segmented_FACET_0.2_fixed_label\sa_7532286.jpg,7,7,6,1,0.3134327232837677,4,4,4,3,1,3,0,0,1
G:\Thesis\FACET_Dataset\Segmented_FACET_0.2_fixed_label\sa_9040041.jpg,2,2,1,0,0.046057477593421936,1,1,1,0,0,1,0,1,1
G:\Thesis\FACET_Dataset\Segmented_FACET_0.2_fixed_label\sa_8353651.jpg,6,6,5,1,0.30719324946403503,4,4,4,3,1,2,0,0,1
G:\Thesis\FACET_Dataset\Segmented_FACET_0.2_fixed_label\sa_1485699.jpg,4,4,3,1,0.34471359848976135,4,4,4,3,1,0,1,1,1
G:\Thesis\FACET_Dataset\Segmented_FACET_0.2_fixed_label\sa_9001690.jpg,6,6,5,1,0.5979888439178467,6,6,6,5,1,0,1,1,1
G:\Thesis\FACET_Dataset\Segmented_FACET_0.2_fixed_label\sa_3731678.jpg,3,3,2,0,0.12651406228542328,2,2,2,1,0,1,0,1,1
G:\Thesis\FACET_Dataset\Segmented_FACET_0.2_fixed_label\sa_9831256.jpg,3,3,2,0,0.1222124919295311,2,2,2,1,0,1,0,1,1
G:\Thesis\FACET_Dataset\Segmented_FACET_0.2_fixed_label\sa_2113904.jpg,4,4,3,1,0.563832700252533,6,6,6,5,1,2,0,0,1
G:\Thesis\FACET_Dataset\Segmented_FACET_0.2_fixed_label\sa_4231211.jpg,3,3,2,0,0.8335554003715515,9,9,9,8,2,6,0,0,0
G:\Thesis\FACET_Dataset\Segmented_FACET_0.2_fixed_label\sa_1042307.jpg,1,1,0,0,0.46307438611984253,5,5,5,4,1,4,0,0,0
G:\Thesis\FACET_Dataset\Segmented_FACET_0.2_fixed_label\sa_2413075.jpg,4,4,3,1,0.2986554205417633,4,4,4,3,1,0,1,1,1
G:\Thesis\FACET_Dataset\Segmented_FACET_0.2_fixed_label\sa_4360530.jpg,4,4,3,1,0.21778137981891632,3,3,3,2,0,1,0,1,0
G:\Thesis\FACET_Dataset\Segmented_FACET_0.2_fixed_label\sa_1962392.jpg,1,1,0,0,0.2291354387998581,3,3,3,2,0,2,0,0,1
G:\Thesis\FACET_Dataset\Segmented_FACET_0.2_fixed_label\sa_7298856.jpg,3,3,2,0,0.10179047286510468,2,2,2,1,0,1,0,1,1
G:\Thesis\FACET_Dataset\Segmented_FACET_0.2_fixed_label\sa_3961443.jpg,4,4,3,1,0.22871427237987518,3,3,3,2,0,1,0,1,0
G:\Thesis\FACET_Dataset\Segmented_FACET_0.2_fixed_label\sa_5627781.jpg,3,3,2,0,0.25549134612083435,3,3,3,2,0,0,1,1,1
G:\Thesis\FACET_Dataset\Segmented_FACET_0.2_fixed_label\sa_9703296.jpg,3,3,2,0,0.241943359375,3,3,3,2,0,0,1,1,1
G:\Thesis\FACET_Dataset\Segmented_FACET_0.2_fixed_label\sa_10229001.jpg,5,5,4,1,0.5943764448165894,6,6,6,5,1,1,0,1,1
G:\Thesis\FACET_Dataset\Segmented_FACET_0.2_fixed_label\sa_977124.jpg,4,4,3,1,0.36292973160743713,4,4,4,3,1,0,1,1,1
G:\Thesis\FACET_Dataset\Segmented_FACET_0.2_fixed_label\sa_1142603.jpg,1,1,0,0,0.04755546525120735,1,1,1,0,0,0,1,1,1
G:\Thesis\FACET_Dataset\Segmented_FACET_0.2_fixed_label\sa_9203310.jpg,5,5,4,1,0.20107164978981018,3,3,3,2,0,2,0,0,0
G:\Thesis\FACET_Dataset\Segmented_FACET_0.2_fixed_label\sa_10205156.jpg,2,2,1,0,0.2780936360359192,4,4,4,3,1,2,0,0,0
G:\Thesis\FACET_Dataset\Segmented_FACET_0.2_fixed_label\sa_6070288.jpg,2,2,1,0,0.5939297676086426,6,6,6,5,1,4,0,0,0
G:\Thesis\FACET_Dataset\Segmented_FACET_0.2_fixed_label\sa_1436790.jpg,5,5,4,1,0.11797752976417542,2,2,2,1,0,3,0,0,0
G:\Thesis\FACET_Dataset\Segmented_FACET_0.2_fixed_label\sa_7681701.jpg,8,8,7,2,0.4987025558948517,5,5,5,4,1,3,0,0,0
G:\Thesis\FACET_Dataset\Segmented_FACET_0.2_fixed_label\sa_1545952.jpg,5,5,4,1,0.2656392753124237,3,3,3,2,0,2,0,0,0
G:\Thesis\FACET_Dataset\Segmented_FACET_0.2_fixed_label\sa_1088001.jpg,4,4,3,1,0.21750180423259735,3,3,3,2,0,1,0,1,0
G:\Thesis\FACET_Dataset\Segmented_FACET_0.2_fixed_label\sa_10179814.jpg,3,3,2,0,0.19278430938720703,3,3,3,2,0,0,1,1,1
G:\Thesis\FACET_Dataset\Segmented_FACET_0.2_fixed_label\sa_1059464.jpg,3,3,2,0,0.5839505195617676,6,6,6,5,1,3,0,0,0
G:\Thesis\FACET_Dataset\Segmented_FACET_0.2_fixed_label\sa_3488835.jpg,2,2,1,0,0.4527437388896942,5,5,5,4,1,3,0,0,0
G:\Thesis\FACET_Dataset\Segmented_FACET_0.2_fixed_label\sa_2602587.jpg,6,6,5,1,0.40582075715065,5,5,5,4,1,1,0,1,1
G:\Thesis\FACET_Dataset\Segmented_FACET_0.2_fixed_label\sa_6573159.jpg,2,2,1,0,0.3806934058666229,4,4,4,3,1,2,0,0,0
G:\Thesis\FACET_Dataset\Segmented_FACET_0.2_fixed_label\sa_7603598.jpg,4,4,3,1,0.4213218092918396,5,5,5,4,1,1,0,1,1
G:\Thesis\FACET_Dataset\Segmented_FACET_0.2_fixed_label\sa_952833.jpg,5,5,4,1,0.7095068693161011,7,7,7,6,1,2,0,0,1
G:\Thesis\FACET_Dataset\Segmented_FACET_0.2_fixed_label\sa_3092028.jpg,7,7,6,1,0.44956567883491516,5,5,5,4,1,2,0,0,1
G:\Thesis\FACET_Dataset\Segmented_FACET_0.2_fixed_label\sa_7820095.jpg,3,3,2,0,0.6781824827194214,7,7,7,6,1,4,0,0,0
G:\Thesis\FACET_Dataset\Segmented_FACET_0.2_fixed_label\sa_3331505.jpg,4,4,3,1,0.22600384056568146,3,3,3,2,0,1,0,1,0
G:\Thesis\FACET_Dataset\Segmented_FACET_0.2_fixed_label\sa_1105627.jpg,3,3,2,0,0.0890263095498085,2,2,2,1,0,1,0,1,1
G:\Thesis\FACET_Dataset\Segmented_FACET_0.2_fixed_label\sa_2052584.jpg,4,4,3,1,0.5146581530570984,6,6,6,5,1,2,0,0,1
G:\Thesis\FACET_Dataset\Segmented_FACET_0.2_fixed_label\sa_1794471.jpg,6,6,5,1,0.4700450301170349,5,5,5,4,1,1,0,1,1
G:\Thesis\FACET_Dataset\Segmented_FACET_0.2_fixed_label\sa_4372129.jpg,4,4,3,1,0.532616138458252,6,6,6,5,1,2,0,0,1
G:\Thesis\FACET_Dataset\Segmented_FACET_0.2_fixed_label\sa_8445002.jpg,1,1,0,0,0.146484375,2,2,2,1,0,1,0,1,1
G:\Thesis\FACET_Dataset\Segmented_FACET_0.2_fixed_label\sa_9972151.jpg,8,8,7,2,0.5892525911331177,6,6,6,5,1,2,0,0,0
G:\Thesis\FACET_Dataset\Segmented_FACET_0.2_fixed_label\sa_2387642.jpg,6,6,5,1,0.2984050512313843,4,4,4,3,1,2,0,0,1
G:\Thesis\FACET_Dataset\Segmented_FACET_0.2_fixed_label\sa_11119461.jpg,6,6,5,1,0.8074685335159302,8,8,8,7,2,2,0,0,0
G:\Thesis\FACET_Dataset\Segmented_FACET_0.2_fixed_label\sa_4399865.jpg,5,5,4,1,0.02172723598778248,1,1,1,0,0,4,0,0,0
G:\Thesis\FACET_Dataset\Segmented_FACET_0.2_fixed_label\sa_9306004.jpg,7,7,6,1,0.0893436148762703,2,2,2,1,0,5,0,0,0
G:\Thesis\FACET_Dataset\Segmented_FACET_0.2_fixed_label\sa_5004972.jpg,5,5,4,1,0.5404564142227173,6,6,6,5,1,1,0,1,1
G:\Thesis\FACET_Dataset\Segmented_FACET_0.2_fixed_label\sa_7084183.jpg,4,4,3,1,0.4095909595489502,5,5,5,4,1,1,0,1,1
G:\Thesis\FACET_Dataset\Segmented_FACET_0.2_fixed_label\sa_629152.jpg,2,2,1,0,0.5935068726539612,6,6,6,5,1,4,0,0,0
G:\Thesis\FACET_Dataset\Segmented_FACET_0.2_fixed_label\sa_3533680.jpg,5,5,4,1,0.42817702889442444,5,5,5,4,1,0,1,1,1
G:\Thesis\FACET_Dataset\Segmented_FACET_0.2_fixed_label\sa_9391484.jpg,2,2,1,0,0.5922069549560547,6,6,6,5,1,4,0,0,0
G:\Thesis\FACET_Dataset\Segmented_FACET_0.2_fixed_label\sa_10545112.jpg,4,4,3,1,0.32916051149368286,4,4,4,3,1,0,1,1,1
G:\Thesis\FACET_Dataset\Segmented_FACET_0.2_fixed_label\sa_8601645.jpg,4,4,3,1,0.20084324479103088,3,3,3,2,0,1,0,1,0
G:\Thesis\FACET_Dataset\Segmented_FACET_0.2_fixed_label\sa_656234.jpg,3,3,2,0,0.15972182154655457,2,2,2,1,0,1,0,1,1
G:\Thesis\FACET_Dataset\Segmented_FACET_0.2_fixed_label\sa_6799536.jpg,2,2,1,0,0.1313904970884323,2,2,2,1,0,0,1,1,1
G:\Thesis\FACET_Dataset\Segmented_FACET_0.2_fixed_label\sa_10322551.jpg,4,4,3,1,0.1813022494316101,3,3,3,2,0,1,0,1,0
G:\Thesis\FACET_Dataset\Segmented_FACET_0.2_fixed_label\sa_9063408.jpg,5,5,4,1,0.47662511467933655,5,5,5,4,1,0,1,1,1
G:\Thesis\FACET_Dataset\Segmented_FACET_0.2_fixed_label\sa_285338.jpg,3,3,2,0,0.2913491427898407,4,4,4,3,1,1,0,1,0
G:\Thesis\FACET_Dataset\Segmented_FACET_0.2_fixed_label\sa_7350370.jpg,4,4,3,1,0.4947698414325714,5,5,5,4,1,1,0,1,1
G:\Thesis\FACET_Dataset\Segmented_FACET_0.2_fixed_label\sa_7382036.jpg,6,6,5,1,0.2641317546367645,3,3,3,2,0,3,0,0,0
G:\Thesis\FACET_Dataset\Segmented_FACET_0.2_fixed_label\sa_7460164.jpg,8,8,7,2,0.7977142333984375,8,8,8,7,2,0,1,1,1
G:\Thesis\FACET_Dataset\Segmented_FACET_0.2_fixed_label\sa_3780148.jpg,2,2,1,0,0.30315113067626953,4,4,4,3,1,2,0,0,0
G:\Thesis\FACET_Dataset\Segmented_FACET_0.2_fixed_label\sa_1219405.jpg,1,1,0,0,0.3403041660785675,4,4,4,3,1,3,0,0,0
G:\Thesis\FACET_Dataset\Segmented_FACET_0.2_fixed_label\sa_9634095.jpg,6,6,5,1,0.6563955545425415,7,7,7,6,1,1,0,1,1
G:\Thesis\FACET_Dataset\Segmented_FACET_0.2_fixed_label\sa_2526175.jpg,2,2,1,0,0.3850679397583008,4,4,4,3,1,2,0,0,0
G:\Thesis\FACET_Dataset\Segmented_FACET_0.2_fixed_label\sa_3801954.jpg,3,3,2,0,0.09204768389463425,2,2,2,1,0,1,0,1,1
G:\Thesis\FACET_Dataset\Segmented_FACET_0.2_fixed_label\sa_1316937.jpg,5,5,4,1,0.5922656059265137,6,6,6,5,1,1,0,1,1
G:\Thesis\FACET_Dataset\Segmented_FACET_0.2_fixed_label\sa_672871.jpg,5,5,4,1,0.48625800013542175,5,5,5,4,1,0,1,1,1
G:\Thesis\FACET_Dataset\Segmented_FACET_0.2_fixed_label\sa_3434362.jpg,4,4,3,1,0.3185037076473236,4,4,4,3,1,0,1,1,1
G:\Thesis\FACET_Dataset\Segmented_FACET_0.2_fixed_label\sa_1115411.jpg,2,2,1,0,0.014750896953046322,1,1,1,0,0,1,0,1,1
G:\Thesis\FACET_Dataset\Segmented_FACET_0.2_fixed_label\sa_5690114.jpg,4,4,3,1,0.10841090977191925,2,2,2,1,0,2,0,0,0
G:\Thesis\FACET_Dataset\Segmented_FACET_0.2_fixed_label\sa_4612919.jpg,4,4,3,1,0.5130228996276855,6,6,6,5,1,2,0,0,1
G:\Thesis\FACET_Dataset\Segmented_FACET_0.2_fixed_label\sa_8075696.jpg,1,1,0,0,0.24175713956356049,3,3,3,2,0,2,0,0,1
G:\Thesis\FACET_Dataset\Segmented_FACET_0.2_fixed_label\sa_5961197.jpg,4,4,3,1,0.26611047983169556,3,3,3,2,0,1,0,1,0
G:\Thesis\FACET_Dataset\Segmented_FACET_0.2_fixed_label\sa_6004743.jpg,3,3,2,0,0.2916761338710785,4,4,4,3,1,1,0,1,0
G:\Thesis\FACET_Dataset\Segmented_FACET_0.2_fixed_label\sa_5453598.jpg,4,4,3,1,0.34507280588150024,4,4,4,3,1,0,1,1,1
G:\Thesis\FACET_Dataset\Segmented_FACET_0.2_fixed_label\sa_1710488.jpg,2,2,1,0,0.2985714077949524,4,4,4,3,1,2,0,0,0
G:\Thesis\FACET_Dataset\Segmented_FACET_0.2_fixed_label\sa_5846110.jpg,3,3,2,0,0.3018677532672882,4,4,4,3,1,1,0,1,0
G:\Thesis\FACET_Dataset\Segmented_FACET_0.2_fixed_label\sa_9389226.jpg,3,3,2,0,0.4373314380645752,5,5,5,4,1,2,0,0,0
G:\Thesis\FACET_Dataset\Segmented_FACET_0.2_fixed_label\sa_9195129.jpg,3,3,2,0,0.6609976887702942,7,7,7,6,1,4,0,0,0
G:\Thesis\FACET_Dataset\Segmented_FACET_0.2_fixed_label\sa_10697571.jpg,5,5,4,1,0.21339796483516693,3,3,3,2,0,2,0,0,0
G:\Thesis\FACET_Dataset\Segmented_FACET_0.2_fixed_label\sa_804458.jpg,4,4,3,1,0.4817894697189331,5,5,5,4,1,1,0,1,1
G:\Thesis\FACET_Dataset\Segmented_FACET_0.2_fixed_label\sa_1535685.jpg,3,3,2,0,0.416289746761322,5,5,5,4,1,2,0,0,0
G:\Thesis\FACET_Dataset\Segmented_FACET_0.2_fixed_label\sa_3257498.jpg,5,5,4,1,0.5445162653923035,6,6,6,5,1,1,0,1,1
G:\Thesis\FACET_Dataset\Segmented_FACET_0.2_fixed_label\sa_247280.jpg,4,4,3,1,0.28253334760665894,4,4,4,3,1,0,1,1,1
G:\Thesis\FACET_Dataset\Segmented_FACET_0.2_fixed_label\sa_2857909.jpg,3,3,2,0,0.27002689242362976,3,3,3,2,0,0,1,1,1
G:\Thesis\FACET_Dataset\Segmented_FACET_0.2_fixed_label\sa_9177167.jpg,3,3,2,0,0.058943651616573334,2,2,2,1,0,1,0,1,1
G:\Thesis\FACET_Dataset\Segmented_FACET_0.2_fixed_label\sa_5091001.jpg,4,4,3,1,0.28267666697502136,4,4,4,3,1,0,1,1,1
G:\Thesis\FACET_Dataset\Segmented_FACET_0.2_fixed_label\sa_1480212.jpg,6,6,5,1,0.604343593120575,6,6,6,5,1,0,1,1,1
G:\Thesis\FACET_Dataset\Segmented_FACET_0.2_fixed_label\sa_978323.jpg,3,3,2,0,0.16236335039138794,2,2,2,1,0,1,0,1,1
G:\Thesis\FACET_Dataset\Segmented_FACET_0.2_fixed_label\sa_3918447.jpg,7,7,6,1,0.6671082973480225,7,7,7,6,1,0,1,1,1
G:\Thesis\FACET_Dataset\Segmented_FACET_0.2_fixed_label\sa_8855228.jpg,4,4,3,1,0.4447619915008545,5,5,5,4,1,1,0,1,1
G:\Thesis\FACET_Dataset\Segmented_FACET_0.2_fixed_label\sa_6685030.jpg,1,1,0,0,0.3409345746040344,4,4,4,3,1,3,0,0,0
G:\Thesis\FACET_Dataset\Segmented_FACET_0.2_fixed_label\sa_2110175.jpg,3,3,2,0,0.3200455904006958,4,4,4,3,1,1,0,1,0
G:\Thesis\FACET_Dataset\Segmented_FACET_0.2_fixed_label\sa_6189368.jpg,6,6,5,1,0.4576789140701294,5,5,5,4,1,1,0,1,1
G:\Thesis\FACET_Dataset\Segmented_FACET_0.2_fixed_label\sa_2052584.jpg,7,7,6,1,0.5146581530570984,6,6,6,5,1,1,0,1,1
G:\Thesis\FACET_Dataset\Segmented_FACET_0.2_fixed_label\sa_4582280.jpg,3,3,2,0,0.41375982761383057,5,5,5,4,1,2,0,0,0
G:\Thesis\FACET_Dataset\Segmented_FACET_0.2_fixed_label\sa_122128.jpg,2,2,1,0,0.3017467260360718,4,4,4,3,1,2,0,0,0
G:\Thesis\FACET_Dataset\Segmented_FACET_0.2_fixed_label\sa_8576130.jpg,6,6,5,1,0.5482254028320312,6,6,6,5,1,0,1,1,1
G:\Thesis\FACET_Dataset\Segmented_FACET_0.2_fixed_label\sa_7912660.jpg,5,5,4,1,0.27594611048698425,3,3,3,2,0,2,0,0,0
G:\Thesis\FACET_Dataset\Segmented_FACET_0.2_fixed_label\sa_4630686.jpg,5,5,4,1,0.8405647873878479,9,9,9,8,2,4,0,0,0
G:\Thesis\FACET_Dataset\Segmented_FACET_0.2_fixed_label\sa_1978583.jpg,2,2,1,0,0.26128724217414856,3,3,3,2,0,1,0,1,1
G:\Thesis\FACET_Dataset\Segmented_FACET_0.2_fixed_label\sa_284097.jpg,3,3,2,0,0.4101158380508423,5,5,5,4,1,2,0,0,0
G:\Thesis\FACET_Dataset\Segmented_FACET_0.2_fixed_label\sa_11053641.jpg,6,6,5,1,0.36658912897109985,4,4,4,3,1,2,0,0,1
G:\Thesis\FACET_Dataset\Segmented_FACET_0.2_fixed_label\sa_4805863.jpg,4,4,3,1,0.19259965419769287,3,3,3,2,0,1,0,1,0
G:\Thesis\FACET_Dataset\Segmented_FACET_0.2_fixed_label\sa_113089.jpg,2,2,1,0,0.2952246069908142,4,4,4,3,1,2,0,0,0
G:\Thesis\FACET_Dataset\Segmented_FACET_0.2_fixed_label\sa_5100151.jpg,1,1,0,0,0.2506321668624878,3,3,3,2,0,2,0,0,1
G:\Thesis\FACET_Dataset\Segmented_FACET_0.2_fixed_label\sa_4107516.jpg,1,1,0,0,0.14950864017009735,2,2,2,1,0,1,0,1,1
G:\Thesis\FACET_Dataset\Segmented_FACET_0.2_fixed_label\sa_9382804.jpg,3,3,2,0,0.28038379549980164,4,4,4,3,1,1,0,1,0
G:\Thesis\FACET_Dataset\Segmented_FACET_0.2_fixed_label\sa_7484617.jpg,3,3,2,0,0.19495829939842224,3,3,3,2,0,0,1,1,1
G:\Thesis\FACET_Dataset\Segmented_FACET_0.2_fixed_label\sa_10915751.jpg,9,9,8,2,0.40709468722343445,5,5,5,4,1,4,0,0,0
G:\Thesis\FACET_Dataset\Segmented_FACET_0.2_fixed_label\sa_10582570.jpg,2,2,1,0,0.04898328706622124,1,1,1,0,0,1,0,1,1
G:\Thesis\FACET_Dataset\Segmented_FACET_0.2_fixed_label\sa_2799519.jpg,3,3,2,0,0.2085874229669571,3,3,3,2,0,0,1,1,1
G:\Thesis\FACET_Dataset\Segmented_FACET_0.2_fixed_label\sa_10173219.jpg,5,5,4,1,0.11861469596624374,2,2,2,1,0,3,0,0,0
G:\Thesis\FACET_Dataset\Segmented_FACET_0.2_fixed_label\sa_2233957.jpg,6,6,5,1,0.39513567090034485,5,5,5,4,1,1,0,1,1
G:\Thesis\FACET_Dataset\Segmented_FACET_0.2_fixed_label\sa_6753727.jpg,2,2,1,0,0.34865546226501465,4,4,4,3,1,2,0,0,0
G:\Thesis\FACET_Dataset\Segmented_FACET_0.2_fixed_label\sa_9744269.jpg,4,4,3,1,0.49992161989212036,5,5,5,4,1,1,0,1,1
G:\Thesis\FACET_Dataset\Segmented_FACET_0.2_fixed_label\sa_9822578.jpg,3,3,2,0,0.05694761127233505,2,2,2,1,0,1,0,1,1
G:\Thesis\FACET_Dataset\Segmented_FACET_0.2_fixed_label\sa_7969661.jpg,4,4,3,1,0.4021715223789215,5,5,5,4,1,1,0,1,1
G:\Thesis\FACET_Dataset\Segmented_FACET_0.2_fixed_label\sa_6240060.jpg,4,4,3,1,0.4866383671760559,5,5,5,4,1,1,0,1,1
G:\Thesis\FACET_Dataset\Segmented_FACET_0.2_fixed_label\sa_4674923.jpg,8,8,7,2,0.502646803855896,6,6,6,5,1,2,0,0,0
G:\Thesis\FACET_Dataset\Segmented_FACET_0.2_fixed_label\sa_2212636.jpg,5,5,4,1,0.20878997445106506,3,3,3,2,0,2,0,0,0
G:\Thesis\FACET_Dataset\Segmented_FACET_0.2_fixed_label\sa_5695505.jpg,2,2,1,0,0.0807805135846138,2,2,2,1,0,0,1,1,1
G:\Thesis\FACET_Dataset\Segmented_FACET_0.2_fixed_label\sa_6926938.jpg,3,3,2,0,0.34228020906448364,4,4,4,3,1,1,0,1,0
G:\Thesis\FACET_Dataset\Segmented_FACET_0.2_fixed_label\sa_3856553.jpg,4,4,3,1,0.36885079741477966,4,4,4,3,1,0,1,1,1
G:\Thesis\FACET_Dataset\Segmented_FACET_0.2_fixed_label\sa_364774.jpg,5,5,4,1,0.3924763798713684,5,5,5,4,1,0,1,1,1
G:\Thesis\FACET_Dataset\Segmented_FACET_0.2_fixed_label\sa_10456335.jpg,6,6,5,1,0.6924028992652893,7,7,7,6,1,1,0,1,1
G:\Thesis\FACET_Dataset\Segmented_FACET_0.2_fixed_label\sa_4811282.jpg,4,4,3,1,0.2708560824394226,3,3,3,2,0,1,0,1,0
G:\Thesis\FACET_Dataset\Segmented_FACET_0.2_fixed_label\sa_3411310.jpg,2,2,1,0,0.2312489151954651,3,3,3,2,0,1,0,1,1
G:\Thesis\FACET_Dataset\Segmented_FACET_0.2_fixed_label\sa_2288577.jpg,5,5,4,1,0.2700987160205841,3,3,3,2,0,2,0,0,0
G:\Thesis\FACET_Dataset\Segmented_FACET_0.2_fixed_label\sa_4086321.jpg,4,4,3,1,0.34998106956481934,4,4,4,3,1,0,1,1,1
G:\Thesis\FACET_Dataset\Segmented_FACET_0.2_fixed_label\sa_5733627.jpg,4,4,3,1,0.5458617806434631,6,6,6,5,1,2,0,0,1
G:\Thesis\FACET_Dataset\Segmented_FACET_0.2_fixed_label\sa_1987164.jpg,5,5,4,1,0.30017632246017456,4,4,4,3,1,1,0,1,1
G:\Thesis\FACET_Dataset\Segmented_FACET_0.2_fixed_label\sa_2649633.jpg,3,3,2,0,0.5752117037773132,6,6,6,5,1,3,0,0,0
G:\Thesis\FACET_Dataset\Segmented_FACET_0.2_fixed_label\sa_8683243.jpg,6,6,5,1,0.5570119619369507,6,6,6,5,1,0,1,1,1
G:\Thesis\FACET_Dataset\Segmented_FACET_0.2_fixed_label\sa_4878921.jpg,4,4,3,1,0.1411924660205841,2,2,2,1,0,2,0,0,0
G:\Thesis\FACET_Dataset\Segmented_FACET_0.2_fixed_label\sa_3554706.jpg,2,2,1,0,0.14855778217315674,2,2,2,1,0,0,1,1,1
G:\Thesis\FACET_Dataset\Segmented_FACET_0.2_fixed_label\sa_9755513.jpg,2,2,1,0,0.4945005774497986,5,5,5,4,1,3,0,0,0
G:\Thesis\FACET_Dataset\Segmented_FACET_0.2_fixed_label\sa_4388342.jpg,6,6,5,1,0.49574199318885803,5,5,5,4,1,1,0,1,1
G:\Thesis\FACET_Dataset\Segmented_FACET_0.2_fixed_label\sa_896542.jpg,6,6,5,1,0.5646823644638062,6,6,6,5,1,0,1,1,1
G:\Thesis\FACET_Dataset\Segmented_FACET_0.2_fixed_label\sa_4185185.jpg,3,3,2,0,0.20524662733078003,3,3,3,2,0,0,1,1,1
G:\Thesis\FACET_Dataset\Segmented_FACET_0.2_fixed_label\sa_2784473.jpg,3,3,2,0,0.35073408484458923,4,4,4,3,1,1,0,1,0
G:\Thesis\FACET_Dataset\Segmented_FACET_0.2_fixed_label\sa_753963.jpg,3,3,2,0,0.2034384310245514,3,3,3,2,0,0,1,1,1
G:\Thesis\FACET_Dataset\Segmented_FACET_0.2_fixed_label\sa_5553191.jpg,2,2,1,0,0.04021241143345833,1,1,1,0,0,1,0,1,1
G:\Thesis\FACET_Dataset\Segmented_FACET_0.2_fixed_label\sa_5976402.jpg,3,3,2,0,0.36230579018592834,4,4,4,3,1,1,0,1,0
G:\Thesis\FACET_Dataset\Segmented_FACET_0.2_fixed_label\sa_5159556.jpg,4,4,3,1,0.46832096576690674,5,5,5,4,1,1,0,1,1
G:\Thesis\FACET_Dataset\Segmented_FACET_0.2_fixed_label\sa_5067573.jpg,2,2,1,0,0.320937842130661,4,4,4,3,1,2,0,0,0
G:\Thesis\FACET_Dataset\Segmented_FACET_0.2_fixed_label\sa_6788791.jpg,4,4,3,1,0.606421947479248,6,6,6,5,1,2,0,0,1
G:\Thesis\FACET_Dataset\Segmented_FACET_0.2_fixed_label\sa_6071782.jpg,4,4,3,1,0.49732401967048645,5,5,5,4,1,1,0,1,1
G:\Thesis\FACET_Dataset\Segmented_FACET_0.2_fixed_label\sa_4455432.jpg,7,7,6,1,0.7877631783485413,8,8,8,7,2,1,0,1,0
G:\Thesis\FACET_Dataset\Segmented_FACET_0.2_fixed_label\sa_6761839.jpg,3,3,2,0,0.5341770052909851,6,6,6,5,1,3,0,0,0
G:\Thesis\FACET_Dataset\Segmented_FACET_0.2_fixed_label\sa_10695373.jpg,6,6,5,1,0.37229984998703003,4,4,4,3,1,2,0,0,1
G:\Thesis\FACET_Dataset\Segmented_FACET_0.2_fixed_label\sa_5564154.jpg,5,5,4,1,0.4422339200973511,5,5,5,4,1,0,1,1,1
G:\Thesis\FACET_Dataset\Segmented_FACET_0.2_fixed_label\sa_1144511.jpg,2,2,1,0,0.3950590491294861,5,5,5,4,1,3,0,0,0
G:\Thesis\FACET_Dataset\Segmented_FACET_0.2_fixed_label\sa_3281135.jpg,4,4,3,1,0.522136926651001,6,6,6,5,1,2,0,0,1
G:\Thesis\FACET_Dataset\Segmented_FACET_0.2_fixed_label\sa_11061925.jpg,6,6,5,1,0.45262622833251953,5,5,5,4,1,1,0,1,1
G:\Thesis\FACET_Dataset\Segmented_FACET_0.2_fixed_label\sa_10384128.jpg,2,2,1,0,0.5807713270187378,6,6,6,5,1,4,0,0,0
G:\Thesis\FACET_Dataset\Segmented_FACET_0.2_fixed_label\sa_1297854.jpg,4,4,3,1,0.4058478772640228,5,5,5,4,1,1,0,1,1
G:\Thesis\FACET_Dataset\Segmented_FACET_0.2_fixed_label\sa_4199584.jpg,2,2,1,0,0.30726563930511475,4,4,4,3,1,2,0,0,0
G:\Thesis\FACET_Dataset\Segmented_FACET_0.2_fixed_label\sa_8179971.jpg,7,7,6,1,0.478167325258255,5,5,5,4,1,2,0,0,1
G:\Thesis\FACET_Dataset\Segmented_FACET_0.2_fixed_label\sa_4068101.jpg,3,3,2,0,0.15620309114456177,2,2,2,1,0,1,0,1,1
G:\Thesis\FACET_Dataset\Segmented_FACET_0.2_fixed_label\sa_2058617.jpg,3,3,2,0,0.15187329053878784,2,2,2,1,0,1,0,1,1
G:\Thesis\FACET_Dataset\Segmented_FACET_0.2_fixed_label\sa_155230.jpg,2,2,1,0,0.44002553820610046,5,5,5,4,1,3,0,0,0
G:\Thesis\FACET_Dataset\Segmented_FACET_0.2_fixed_label\sa_10181591.jpg,2,2,1,0,0.05606008693575859,2,2,2,1,0,0,1,1,1
G:\Thesis\FACET_Dataset\Segmented_FACET_0.2_fixed_label\sa_8677687.jpg,3,3,2,0,0.06770632416009903,2,2,2,1,0,1,0,1,1
G:\Thesis\FACET_Dataset\Segmented_FACET_0.2_fixed_label\sa_1950587.jpg,6,6,5,1,0.6163432598114014,7,7,7,6,1,1,0,1,1
G:\Thesis\FACET_Dataset\Segmented_FACET_0.2_fixed_label\sa_6286495.jpg,2,2,1,0,0.09727922827005386,2,2,2,1,0,0,1,1,1
G:\Thesis\FACET_Dataset\Segmented_FACET_0.2_fixed_label\sa_341686.jpg,4,4,3,1,0.2780476212501526,4,4,4,3,1,0,1,1,1
G:\Thesis\FACET_Dataset\Segmented_FACET_0.2_fixed_label\sa_1071665.jpg,3,3,2,0,0.4325276017189026,5,5,5,4,1,2,0,0,0
G:\Thesis\FACET_Dataset\Segmented_FACET_0.2_fixed_label\sa_4101522.jpg,6,6,5,1,0.48741415143013,5,5,5,4,1,1,0,1,1
G:\Thesis\FACET_Dataset\Segmented_FACET_0.2_fixed_label\sa_1671319.jpg,3,3,2,0,0.017620913684368134,1,1,1,0,0,2,0,0,1
G:\Thesis\FACET_Dataset\Segmented_FACET_0.2_fixed_label\sa_3088315.jpg,4,4,3,1,0.3424821197986603,4,4,4,3,1,0,1,1,1
G:\Thesis\FACET_Dataset\Segmented_FACET_0.2_fixed_label\sa_2773879.jpg,3,3,2,0,0.4333396553993225,5,5,5,4,1,2,0,0,0
G:\Thesis\FACET_Dataset\Segmented_FACET_0.2_fixed_label\sa_125944.jpg,3,3,2,0,0.21266292035579681,3,3,3,2,0,0,1,1,1
G:\Thesis\FACET_Dataset\Segmented_FACET_0.2_fixed_label\sa_4209015.jpg,2,2,1,0,0.19100791215896606,3,3,3,2,0,1,0,1,1
G:\Thesis\FACET_Dataset\Segmented_FACET_0.2_fixed_label\sa_10375379.jpg,2,2,1,0,0.4553132653236389,5,5,5,4,1,3,0,0,0
G:\Thesis\FACET_Dataset\Segmented_FACET_0.2_fixed_label\sa_8915983.jpg,2,2,1,0,0.08094946295022964,2,2,2,1,0,0,1,1,1
G:\Thesis\FACET_Dataset\Segmented_FACET_0.2_fixed_label\sa_2219379.jpg,3,3,2,0,0.23200275003910065,3,3,3,2,0,0,1,1,1
G:\Thesis\FACET_Dataset\Segmented_FACET_0.2_fixed_label\sa_4596362.jpg,3,3,2,0,0.1642085611820221,2,2,2,1,0,1,0,1,1
G:\Thesis\FACET_Dataset\Segmented_FACET_0.2_fixed_label\sa_5922100.jpg,2,2,1,0,0.41871222853660583,5,5,5,4,1,3,0,0,0
G:\Thesis\FACET_Dataset\Segmented_FACET_0.2_fixed_label\sa_5603229.jpg,4,4,3,1,0.042915403842926025,1,1,1,0,0,3,0,0,0
G:\Thesis\FACET_Dataset\Segmented_FACET_0.2_fixed_label\sa_11092989.jpg,4,4,3,1,0.25414150953292847,3,3,3,2,0,1,0,1,0
G:\Thesis\FACET_Dataset\Segmented_FACET_0.2_fixed_label\sa_752592.jpg,3,3,2,0,0.4455641508102417,5,5,5,4,1,2,0,0,0
G:\Thesis\FACET_Dataset\Segmented_FACET_0.2_fixed_label\sa_5678360.jpg,2,2,1,0,0.3731904625892639,4,4,4,3,1,2,0,0,0
G:\Thesis\FACET_Dataset\Segmented_FACET_0.2_fixed_label\sa_10151811.jpg,3,3,2,0,0.1573861539363861,2,2,2,1,0,1,0,1,1
G:\Thesis\FACET_Dataset\Segmented_FACET_0.2_fixed_label\sa_2831967.jpg,3,3,2,0,0.17119388282299042,3,3,3,2,0,0,1,1,1
G:\Thesis\FACET_Dataset\Segmented_FACET_0.2_fixed_label\sa_6777949.jpg,4,4,3,1,0.3660309910774231,4,4,4,3,1,0,1,1,1
G:\Thesis\FACET_Dataset\Segmented_FACET_0.2_fixed_label\sa_3097315.jpg,3,3,2,0,0.3770520091056824,4,4,4,3,1,1,0,1,0
G:\Thesis\FACET_Dataset\Segmented_FACET_0.2_fixed_label\sa_8492689.jpg,6,6,5,1,0.5340800285339355,6,6,6,5,1,0,1,1,1
G:\Thesis\FACET_Dataset\Segmented_FACET_0.2_fixed_label\sa_7201095.jpg,2,2,1,0,0.7450808882713318,8,8,8,7,2,6,0,0,0
G:\Thesis\FACET_Dataset\Segmented_FACET_0.2_fixed_label\sa_1780912.jpg,6,6,5,1,0.5863810777664185,6,6,6,5,1,0,1,1,1
G:\Thesis\FACET_Dataset\Segmented_FACET_0.2_fixed_label\sa_7747475.jpg,2,2,1,0,0.03521818295121193,1,1,1,0,0,1,0,1,1
G:\Thesis\FACET_Dataset\Segmented_FACET_0.2_fixed_label\sa_4313887.jpg,5,5,4,1,0.6356245279312134,7,7,7,6,1,2,0,0,1
G:\Thesis\FACET_Dataset\Segmented_FACET_0.2_fixed_label\sa_10229266.jpg,4,4,3,1,0.34273388981819153,4,4,4,3,1,0,1,1,1
G:\Thesis\FACET_Dataset\Segmented_FACET_0.2_fixed_label\sa_2800960.jpg,3,3,2,0,0.4157012403011322,5,5,5,4,1,2,0,0,0
G:\Thesis\FACET_Dataset\Segmented_FACET_0.2_fixed_label\sa_6370604.jpg,2,2,1,0,0.07627171277999878,2,2,2,1,0,0,1,1,1
G:\Thesis\FACET_Dataset\Segmented_FACET_0.2_fixed_label\sa_1736638.jpg,3,3,2,0,0.1091744527220726,2,2,2,1,0,1,0,1,1
G:\Thesis\FACET_Dataset\Segmented_FACET_0.2_fixed_label\sa_8814832.jpg,5,5,4,1,0.5068002343177795,6,6,6,5,1,1,0,1,1
G:\Thesis\FACET_Dataset\Segmented_FACET_0.2_fixed_label\sa_5812567.jpg,2,2,1,0,0.1303544044494629,2,2,2,1,0,0,1,1,1
G:\Thesis\FACET_Dataset\Segmented_FACET_0.2_fixed_label\sa_8331923.jpg,3,3,2,0,0.4869353771209717,5,5,5,4,1,2,0,0,0
G:\Thesis\FACET_Dataset\Segmented_FACET_0.2_fixed_label\sa_3789797.jpg,6,6,5,1,0.5115212798118591,6,6,6,5,1,0,1,1,1
G:\Thesis\FACET_Dataset\Segmented_FACET_0.2_fixed_label\sa_6741861.jpg,2,2,1,0,0.08640331029891968,2,2,2,1,0,0,1,1,1
G:\Thesis\FACET_Dataset\Segmented_FACET_0.2_fixed_label\sa_7391705.jpg,1,1,0,0,0.0958363264799118,2,2,2,1,0,1,0,1,1
G:\Thesis\FACET_Dataset\Segmented_FACET_0.2_fixed_label\sa_2068797.jpg,2,2,1,0,0.2218157798051834,3,3,3,2,0,1,0,1,1
G:\Thesis\FACET_Dataset\Segmented_FACET_0.2_fixed_label\sa_6045725.jpg,6,6,5,1,0.7794573307037354,8,8,8,7,2,2,0,0,0
G:\Thesis\FACET_Dataset\Segmented_FACET_0.2_fixed_label\sa_8252861.jpg,3,3,2,0,0.3491014242172241,4,4,4,3,1,1,0,1,0
G:\Thesis\FACET_Dataset\Segmented_FACET_0.2_fixed_label\sa_8128966.jpg,2,2,1,0,0.12256549298763275,2,2,2,1,0,0,1,1,1
G:\Thesis\FACET_Dataset\Segmented_FACET_0.2_fixed_label\sa_9898095.jpg,3,3,2,0,0.5023136138916016,6,6,6,5,1,3,0,0,0
G:\Thesis\FACET_Dataset\Segmented_FACET_0.2_fixed_label\sa_359136.jpg,3,3,2,0,0.5029850006103516,6,6,6,5,1,3,0,0,0
G:\Thesis\FACET_Dataset\Segmented_FACET_0.2_fixed_label\sa_5963197.jpg,2,2,1,0,0.3889375329017639,5,5,5,4,1,3,0,0,0
G:\Thesis\FACET_Dataset\Segmented_FACET_0.2_fixed_label\sa_10900054.jpg,5,5,4,1,0.25820794701576233,3,3,3,2,0,2,0,0,0
G:\Thesis\FACET_Dataset\Segmented_FACET_0.2_fixed_label\sa_5085852.jpg,5,5,4,1,0.4310080409049988,5,5,5,4,1,0,1,1,1
G:\Thesis\FACET_Dataset\Segmented_FACET_0.2_fixed_label\sa_7244016.jpg,2,2,1,0,0.09670847654342651,2,2,2,1,0,0,1,1,1
G:\Thesis\FACET_Dataset\Segmented_FACET_0.2_fixed_label\sa_2215123.jpg,2,2,1,0,0.41126877069473267,5,5,5,4,1,3,0,0,0
G:\Thesis\FACET_Dataset\Segmented_FACET_0.2_fixed_label\sa_9062228.jpg,4,4,3,1,0.6018077731132507,6,6,6,5,1,2,0,0,1
G:\Thesis\FACET_Dataset\Segmented_FACET_0.2_fixed_label\sa_4871209.jpg,4,4,3,1,0.20908726751804352,3,3,3,2,0,1,0,1,0
G:\Thesis\FACET_Dataset\Segmented_FACET_0.2_fixed_label\sa_8140139.jpg,6,6,5,1,0.4558789134025574,5,5,5,4,1,1,0,1,1
G:\Thesis\FACET_Dataset\Segmented_FACET_0.2_fixed_label\sa_5651632.jpg,6,6,5,1,0.2370053231716156,3,3,3,2,0,3,0,0,0
G:\Thesis\FACET_Dataset\Segmented_FACET_0.2_fixed_label\sa_10189697.jpg,7,7,6,1,0.6176744103431702,7,7,7,6,1,0,1,1,1
G:\Thesis\FACET_Dataset\Segmented_FACET_0.2_fixed_label\sa_5633505.jpg,3,3,2,0,0.44898146390914917,5,5,5,4,1,2,0,0,0
G:\Thesis\FACET_Dataset\Segmented_FACET_0.2_fixed_label\sa_11074209.jpg,2,2,1,0,0.36573413014411926,4,4,4,3,1,2,0,0,0
G:\Thesis\FACET_Dataset\Segmented_FACET_0.2_fixed_label\sa_2583896.jpg,6,6,5,1,0.5039463639259338,6,6,6,5,1,0,1,1,1
G:\Thesis\FACET_Dataset\Segmented_FACET_0.2_fixed_label\sa_5980863.jpg,3,3,2,0,0.14749164879322052,2,2,2,1,0,1,0,1,1
G:\Thesis\FACET_Dataset\Segmented_FACET_0.2_fixed_label\sa_6275110.jpg,9,9,8,2,0.4629465341567993,5,5,5,4,1,4,0,0,0
G:\Thesis\FACET_Dataset\Segmented_FACET_0.2_fixed_label\sa_3099654.jpg,4,4,3,1,0.6597414016723633,7,7,7,6,1,3,0,0,1
G:\Thesis\FACET_Dataset\Segmented_FACET_0.2_fixed_label\sa_9336068.jpg,2,2,1,0,0.282086044549942,4,4,4,3,1,2,0,0,0
G:\Thesis\FACET_Dataset\Segmented_FACET_0.2_fixed_label\sa_9014482.jpg,2,2,1,0,0.601656973361969,6,6,6,5,1,4,0,0,0
G:\Thesis\FACET_Dataset\Segmented_FACET_0.2_fixed_label\sa_4931458.jpg,4,4,3,1,0.3412022590637207,4,4,4,3,1,0,1,1,1
G:\Thesis\FACET_Dataset\Segmented_FACET_0.2_fixed_label\sa_4335825.jpg,8,8,7,2,0.4383908808231354,5,5,5,4,1,3,0,0,0
G:\Thesis\FACET_Dataset\Segmented_FACET_0.2_fixed_label\sa_9383976.jpg,5,5,4,1,0.06960083544254303,2,2,2,1,0,3,0,0,0
G:\Thesis\FACET_Dataset\Segmented_FACET_0.2_fixed_label\sa_9054737.jpg,9,9,8,2,0.34717121720314026,4,4,4,3,1,5,0,0,0
G:\Thesis\FACET_Dataset\Segmented_FACET_0.2_fixed_label\sa_5234389.jpg,3,3,2,0,0.046654146164655685,1,1,1,0,0,2,0,0,1
G:\Thesis\FACET_Dataset\Segmented_FACET_0.2_fixed_label\sa_8295728.jpg,3,3,2,0,0.2727542817592621,3,3,3,2,0,0,1,1,1
G:\Thesis\FACET_Dataset\Segmented_FACET_0.2_fixed_label\sa_465720.jpg,3,3,2,0,0.12221456319093704,2,2,2,1,0,1,0,1,1
G:\Thesis\FACET_Dataset\Segmented_FACET_0.2_fixed_label\sa_8686739.jpg,2,2,1,0,0.13878294825553894,2,2,2,1,0,0,1,1,1
G:\Thesis\FACET_Dataset\Segmented_FACET_0.2_fixed_label\sa_7592849.jpg,2,2,1,0,0.023680688813328743,1,1,1,0,0,1,0,1,1
G:\Thesis\FACET_Dataset\Segmented_FACET_0.2_fixed_label\sa_2843814.jpg,3,3,2,0,0.14253845810890198,2,2,2,1,0,1,0,1,1
G:\Thesis\FACET_Dataset\Segmented_FACET_0.2_fixed_label\sa_7831773.jpg,7,7,6,1,0.6937928795814514,7,7,7,6,1,0,1,1,1
G:\Thesis\FACET_Dataset\Segmented_FACET_0.2_fixed_label\sa_6207771.jpg,2,2,1,0,0.3625575602054596,4,4,4,3,1,2,0,0,0
G:\Thesis\FACET_Dataset\Segmented_FACET_0.2_fixed_label\sa_10181054.jpg,8,8,7,2,0.4633113741874695,5,5,5,4,1,3,0,0,0
G:\Thesis\FACET_Dataset\Segmented_FACET_0.2_fixed_label\sa_9668155.jpg,2,2,1,0,0.6856079697608948,7,7,7,6,1,5,0,0,0
G:\Thesis\FACET_Dataset\Segmented_FACET_0.2_fixed_label\sa_7168838.jpg,4,4,3,1,0.41889408230781555,5,5,5,4,1,1,0,1,1
G:\Thesis\FACET_Dataset\Segmented_FACET_0.2_fixed_label\sa_8017438.jpg,3,3,2,0,0.09784255921840668,2,2,2,1,0,1,0,1,1
G:\Thesis\FACET_Dataset\Segmented_FACET_0.2_fixed_label\sa_6286621.jpg,4,4,3,1,0.356946736574173,4,4,4,3,1,0,1,1,1
G:\Thesis\FACET_Dataset\Segmented_FACET_0.2_fixed_label\sa_853761.jpg,6,6,5,1,0.4814189672470093,5,5,5,4,1,1,0,1,1
G:\Thesis\FACET_Dataset\Segmented_FACET_0.2_fixed_label\sa_10885813.jpg,2,2,1,0,0.6492337584495544,7,7,7,6,1,5,0,0,0
G:\Thesis\FACET_Dataset\Segmented_FACET_0.2_fixed_label\sa_4686189.jpg,4,4,3,1,0.4320720434188843,5,5,5,4,1,1,0,1,1
G:\Thesis\FACET_Dataset\Segmented_FACET_0.2_fixed_label\sa_4708099.jpg,2,2,1,0,0.2965414822101593,4,4,4,3,1,2,0,0,0
G:\Thesis\FACET_Dataset\Segmented_FACET_0.2_fixed_label\sa_3499675.jpg,3,3,2,0,0.23743809759616852,3,3,3,2,0,0,1,1,1
G:\Thesis\FACET_Dataset\Segmented_FACET_0.2_fixed_label\sa_7063556.jpg,4,4,3,1,0.43537795543670654,5,5,5,4,1,1,0,1,1
G:\Thesis\FACET_Dataset\Segmented_FACET_0.2_fixed_label\sa_6004743.jpg,7,7,6,1,0.2916761338710785,4,4,4,3,1,3,0,0,1
G:\Thesis\FACET_Dataset\Segmented_FACET_0.2_fixed_label\sa_1117468.jpg,9,9,8,2,0.16154688596725464,2,2,2,1,0,7,0,0,0
G:\Thesis\FACET_Dataset\Segmented_FACET_0.2_fixed_label\sa_10058268.jpg,2,2,1,0,0.16023868322372437,2,2,2,1,0,0,1,1,1
G:\Thesis\FACET_Dataset\Segmented_FACET_0.2_fixed_label\sa_3723351.jpg,4,4,3,1,0.3694046139717102,4,4,4,3,1,0,1,1,1
G:\Thesis\FACET_Dataset\Segmented_FACET_0.2_fixed_label\sa_2163692.jpg,2,2,1,0,0.05723850056529045,2,2,2,1,0,0,1,1,1
G:\Thesis\FACET_Dataset\Segmented_FACET_0.2_fixed_label\sa_10887048.jpg,5,5,4,1,0.47659727931022644,5,5,5,4,1,0,1,1,1
G:\Thesis\FACET_Dataset\Segmented_FACET_0.2_fixed_label\sa_10124048.jpg,5,5,4,1,0.11907936632633209,2,2,2,1,0,3,0,0,0
G:\Thesis\FACET_Dataset\Segmented_FACET_0.2_fixed_label\sa_57719.jpg,6,6,5,1,0.7276840209960938,8,8,8,7,2,2,0,0,0
G:\Thesis\FACET_Dataset\Segmented_FACET_0.2_fixed_label\sa_5941759.jpg,2,2,1,0,0.26820477843284607,3,3,3,2,0,1,0,1,1
G:\Thesis\FACET_Dataset\Segmented_FACET_0.2_fixed_label\sa_8178058.jpg,4,4,3,1,0.4696093797683716,5,5,5,4,1,1,0,1,1
G:\Thesis\FACET_Dataset\Segmented_FACET_0.2_fixed_label\sa_4568408.jpg,1,1,0,0,0.05668603628873825,2,2,2,1,0,1,0,1,1
G:\Thesis\FACET_Dataset\Segmented_FACET_0.2_fixed_label\sa_8759422.jpg,6,6,5,1,0.12897054851055145,2,2,2,1,0,4,0,0,0
G:\Thesis\FACET_Dataset\Segmented_FACET_0.2_fixed_label\sa_8576130.jpg,6,6,5,1,0.5482254028320312,6,6,6,5,1,0,1,1,1
G:\Thesis\FACET_Dataset\Segmented_FACET_0.2_fixed_label\sa_2751588.jpg,3,3,2,0,0.6319150328636169,7,7,7,6,1,4,0,0,0
G:\Thesis\FACET_Dataset\Segmented_FACET_0.2_fixed_label\sa_3463007.jpg,5,5,4,1,0.6213340759277344,7,7,7,6,1,2,0,0,1
G:\Thesis\FACET_Dataset\Segmented_FACET_0.2_fixed_label\sa_159399.jpg,1,1,0,0,0.03148729354143143,1,1,1,0,0,0,1,1,1
G:\Thesis\FACET_Dataset\Segmented_FACET_0.2_fixed_label\sa_9523370.jpg,6,6,5,1,0.427189439535141,5,5,5,4,1,1,0,1,1
G:\Thesis\FACET_Dataset\Segmented_FACET_0.2_fixed_label\sa_8554933.jpg,4,4,3,1,0.06561845541000366,2,2,2,1,0,2,0,0,0
G:\Thesis\FACET_Dataset\Segmented_FACET_0.2_fixed_label\sa_4157147.jpg,3,3,2,0,0.6148757338523865,7,7,7,6,1,4,0,0,0
G:\Thesis\FACET_Dataset\Segmented_FACET_0.2_fixed_label\sa_9113704.jpg,7,7,6,1,0.4146568179130554,5,5,5,4,1,2,0,0,1
G:\Thesis\FACET_Dataset\Segmented_FACET_0.2_fixed_label\sa_573426.jpg,3,3,2,0,0.022217320278286934,1,1,1,0,0,2,0,0,1
G:\Thesis\FACET_Dataset\Segmented_FACET_0.2_fixed_label\sa_3776318.jpg,3,3,2,0,0.5091724991798401,6,6,6,5,1,3,0,0,0
G:\Thesis\FACET_Dataset\Segmented_FACET_0.2_fixed_label\sa_6286240.jpg,5,5,4,1,0.36584538221359253,4,4,4,3,1,1,0,1,1
G:\Thesis\FACET_Dataset\Segmented_FACET_0.2_fixed_label\sa_9588623.jpg,2,2,1,0,0.1268359124660492,2,2,2,1,0,0,1,1,1
G:\Thesis\FACET_Dataset\Segmented_FACET_0.2_fixed_label\sa_9327356.jpg,3,3,2,0,0.25614121556282043,3,3,3,2,0,0,1,1,1
G:\Thesis\FACET_Dataset\Segmented_FACET_0.2_fixed_label\sa_9501793.jpg,5,5,4,1,0.2536894679069519,3,3,3,2,0,2,0,0,0
G:\Thesis\FACET_Dataset\Segmented_FACET_0.2_fixed_label\sa_5960784.jpg,3,3,2,0,0.1473342627286911,2,2,2,1,0,1,0,1,1
G:\Thesis\FACET_Dataset\Segmented_FACET_0.2_fixed_label\sa_2985350.jpg,3,3,2,0,0.3506464660167694,4,4,4,3,1,1,0,1,0
G:\Thesis\FACET_Dataset\Segmented_FACET_0.2_fixed_label\sa_2446740.jpg,6,6,5,1,0.4414980709552765,5,5,5,4,1,1,0,1,1
G:\Thesis\FACET_Dataset\Segmented_FACET_0.2_fixed_label\sa_5518827.jpg,4,4,3,1,0.6099302172660828,6,6,6,5,1,2,0,0,1
G:\Thesis\FACET_Dataset\Segmented_FACET_0.2_fixed_label\sa_9292471.jpg,9,9,8,2,0.7379286885261536,8,8,8,7,2,1,0,1,1
G:\Thesis\FACET_Dataset\Segmented_FACET_0.2_fixed_label\sa_3600328.jpg,3,3,2,0,0.40921732783317566,5,5,5,4,1,2,0,0,0
G:\Thesis\FACET_Dataset\Segmented_FACET_0.2_fixed_label\sa_1661550.jpg,5,5,4,1,0.4590894877910614,5,5,5,4,1,0,1,1,1
G:\Thesis\FACET_Dataset\Segmented_FACET_0.2_fixed_label\sa_5301054.jpg,5,5,4,1,0.5010977387428284,6,6,6,5,1,1,0,1,1
G:\Thesis\FACET_Dataset\Segmented_FACET_0.2_fixed_label\sa_6285910.jpg,3,3,2,0,0.2968839704990387,4,4,4,3,1,1,0,1,0
G:\Thesis\FACET_Dataset\Segmented_FACET_0.2_fixed_label\sa_9159113.jpg,1,1,0,0,0.11493773013353348,2,2,2,1,0,1,0,1,1
G:\Thesis\FACET_Dataset\Segmented_FACET_0.2_fixed_label\sa_10945785.jpg,4,4,3,1,0.2621653079986572,3,3,3,2,0,1,0,1,0
G:\Thesis\FACET_Dataset\Segmented_FACET_0.2_fixed_label\sa_3488835.jpg,4,4,3,1,0.4527437388896942,5,5,5,4,1,1,0,1,1
G:\Thesis\FACET_Dataset\Segmented_FACET_0.2_fixed_label\sa_719073.jpg,3,3,2,0,0.48895546793937683,5,5,5,4,1,2,0,0,0
G:\Thesis\FACET_Dataset\Segmented_FACET_0.2_fixed_label\sa_888831.jpg,1,1,0,0,0.3820147216320038,4,4,4,3,1,3,0,0,0
G:\Thesis\FACET_Dataset\Segmented_FACET_0.2_fixed_label\sa_4069391.jpg,6,6,5,1,0.4996177554130554,5,5,5,4,1,1,0,1,1
G:\Thesis\FACET_Dataset\Segmented_FACET_0.2_fixed_label\sa_9685500.jpg,4,4,3,1,0.0728791207075119,2,2,2,1,0,2,0,0,0
G:\Thesis\FACET_Dataset\Segmented_FACET_0.2_fixed_label\sa_4606917.jpg,2,2,1,0,0.538668692111969,6,6,6,5,1,4,0,0,0
G:\Thesis\FACET_Dataset\Segmented_FACET_0.2_fixed_label\sa_10934428.jpg,4,4,3,1,0.3210512697696686,4,4,4,3,1,0,1,1,1
G:\Thesis\FACET_Dataset\Segmented_FACET_0.2_fixed_label\sa_6212263.jpg,8,8,7,2,0.6388118863105774,7,7,7,6,1,1,0,1,0
G:\Thesis\FACET_Dataset\Segmented_FACET_0.2_fixed_label\sa_357215.jpg,4,4,3,1,0.46136513352394104,5,5,5,4,1,1,0,1,1
G:\Thesis\FACET_Dataset\Segmented_FACET_0.2_fixed_label\sa_6965046.jpg,2,2,1,0,0.6530794501304626,7,7,7,6,1,5,0,0,0
G:\Thesis\FACET_Dataset\Segmented_FACET_0.2_fixed_label\sa_3385159.jpg,6,6,5,1,0.44619324803352356,5,5,5,4,1,1,0,1,1
G:\Thesis\FACET_Dataset\Segmented_FACET_0.2_fixed_label\sa_8485093.jpg,2,2,1,0,0.18213695287704468,3,3,3,2,0,1,0,1,1
G:\Thesis\FACET_Dataset\Segmented_FACET_0.2_fixed_label\sa_3236557.jpg,2,2,1,0,0.15315815806388855,2,2,2,1,0,0,1,1,1
G:\Thesis\FACET_Dataset\Segmented_FACET_0.2_fixed_label\sa_851188.jpg,3,3,2,0,0.27261438965797424,3,3,3,2,0,0,1,1,1
G:\Thesis\FACET_Dataset\Segmented_FACET_0.2_fixed_label\sa_8391678.jpg,2,2,1,0,0.06214820221066475,2,2,2,1,0,0,1,1,1
G:\Thesis\FACET_Dataset\Segmented_FACET_0.2_fixed_label\sa_1313425.jpg,4,4,3,1,0.44427505135536194,5,5,5,4,1,1,0,1,1
G:\Thesis\FACET_Dataset\Segmented_FACET_0.2_fixed_label\sa_2589434.jpg,2,2,1,0,0.418442964553833,5,5,5,4,1,3,0,0,0
G:\Thesis\FACET_Dataset\Segmented_FACET_0.2_fixed_label\sa_9831256.jpg,2,2,1,0,0.1222124919295311,2,2,2,1,0,0,1,1,1
G:\Thesis\FACET_Dataset\Segmented_FACET_0.2_fixed_label\sa_1571272.jpg,5,5,4,1,0.2964921295642853,4,4,4,3,1,1,0,1,1
G:\Thesis\FACET_Dataset\Segmented_FACET_0.2_fixed_label\sa_1417633.jpg,4,4,3,1,0.2654797434806824,3,3,3,2,0,1,0,1,0
G:\Thesis\FACET_Dataset\Segmented_FACET_0.2_fixed_label\sa_5932520.jpg,6,6,5,1,0.5360116958618164,6,6,6,5,1,0,1,1,1
G:\Thesis\FACET_Dataset\Segmented_FACET_0.2_fixed_label\sa_8650743.jpg,4,4,3,1,0.4148947596549988,5,5,5,4,1,1,0,1,1
G:\Thesis\FACET_Dataset\Segmented_FACET_0.2_fixed_label\sa_9336068.jpg,2,2,1,0,0.282086044549942,4,4,4,3,1,2,0,0,0
G:\Thesis\FACET_Dataset\Segmented_FACET_0.2_fixed_label\sa_10626431.jpg,4,4,3,1,0.03863518685102463,1,1,1,0,0,3,0,0,0
G:\Thesis\FACET_Dataset\Segmented_FACET_0.2_fixed_label\sa_651791.jpg,2,2,1,0,0.3867380619049072,4,4,4,3,1,2,0,0,0
G:\Thesis\FACET_Dataset\Segmented_FACET_0.2_fixed_label\sa_4497947.jpg,2,2,1,0,0.18513277173042297,3,3,3,2,0,1,0,1,1
G:\Thesis\FACET_Dataset\Segmented_FACET_0.2_fixed_label\sa_2939623.jpg,6,6,5,1,0.6156997680664062,7,7,7,6,1,1,0,1,1
G:\Thesis\FACET_Dataset\Segmented_FACET_0.2_fixed_label\sa_7663575.jpg,2,2,1,0,0.2391810119152069,3,3,3,2,0,1,0,1,1
G:\Thesis\FACET_Dataset\Segmented_FACET_0.2_fixed_label\sa_6098534.jpg,4,4,3,1,0.2806555926799774,4,4,4,3,1,0,1,1,1
G:\Thesis\FACET_Dataset\Segmented_FACET_0.2_fixed_label\sa_7512346.jpg,3,3,2,0,0.09886626154184341,2,2,2,1,0,1,0,1,1
G:\Thesis\FACET_Dataset\Segmented_FACET_0.2_fixed_label\sa_3665560.jpg,4,4,3,1,0.3361213803291321,4,4,4,3,1,0,1,1,1
G:\Thesis\FACET_Dataset\Segmented_FACET_0.2_fixed_label\sa_6957516.jpg,3,3,2,0,0.3186207115650177,4,4,4,3,1,1,0,1,0
G:\Thesis\FACET_Dataset\Segmented_FACET_0.2_fixed_label\sa_2730841.jpg,4,4,3,1,0.27311834692955017,3,3,3,2,0,1,0,1,0
G:\Thesis\FACET_Dataset\Segmented_FACET_0.2_fixed_label\sa_8671362.jpg,2,2,1,0,0.5476855039596558,6,6,6,5,1,4,0,0,0
G:\Thesis\FACET_Dataset\Segmented_FACET_0.2_fixed_label\sa_5217983.jpg,6,6,5,1,0.4298614263534546,5,5,5,4,1,1,0,1,1
G:\Thesis\FACET_Dataset\Segmented_FACET_0.2_fixed_label\sa_897931.jpg,6,6,5,1,0.2989720404148102,4,4,4,3,1,2,0,0,1
G:\Thesis\FACET_Dataset\Segmented_FACET_0.2_fixed_label\sa_1377794.jpg,5,5,4,1,0.30425697565078735,4,4,4,3,1,1,0,1,1
G:\Thesis\FACET_Dataset\Segmented_FACET_0.2_fixed_label\sa_3385159.jpg,4,4,3,1,0.44619324803352356,5,5,5,4,1,1,0,1,1
G:\Thesis\FACET_Dataset\Segmented_FACET_0.2_fixed_label\sa_8293466.jpg,3,3,2,0,0.5033943057060242,6,6,6,5,1,3,0,0,0
G:\Thesis\FACET_Dataset\Segmented_FACET_0.2_fixed_label\sa_7374791.jpg,2,2,1,0,0.153696209192276,2,2,2,1,0,0,1,1,1
G:\Thesis\FACET_Dataset\Segmented_FACET_0.2_fixed_label\sa_8576130.jpg,6,6,5,1,0.5482254028320312,6,6,6,5,1,0,1,1,1
G:\Thesis\FACET_Dataset\Segmented_FACET_0.2_fixed_label\sa_3406079.jpg,2,2,1,0,0.35991883277893066,4,4,4,3,1,2,0,0,0
G:\Thesis\FACET_Dataset\Segmented_FACET_0.2_fixed_label\sa_10049145.jpg,5,5,4,1,0.5519052743911743,6,6,6,5,1,1,0,1,1
G:\Thesis\FACET_Dataset\Segmented_FACET_0.2_fixed_label\sa_4092765.jpg,5,5,4,1,0.14564630389213562,2,2,2,1,0,3,0,0,0
G:\Thesis\FACET_Dataset\Segmented_FACET_0.2_fixed_label\sa_4208980.jpg,4,4,3,1,0.26506510376930237,3,3,3,2,0,1,0,1,0
G:\Thesis\FACET_Dataset\Segmented_FACET_0.2_fixed_label\sa_7587282.jpg,1,1,0,0,0.6854478716850281,7,7,7,6,1,6,0,0,0
G:\Thesis\FACET_Dataset\Segmented_FACET_0.2_fixed_label\sa_1195022.jpg,7,7,6,1,0.4868524968624115,5,5,5,4,1,2,0,0,1
G:\Thesis\FACET_Dataset\Segmented_FACET_0.2_fixed_label\sa_10040081.jpg,5,5,4,1,0.5156553387641907,6,6,6,5,1,1,0,1,1
G:\Thesis\FACET_Dataset\Segmented_FACET_0.2_fixed_label\sa_5525740.jpg,2,2,1,0,0.27517831325531006,3,3,3,2,0,1,0,1,1
G:\Thesis\FACET_Dataset\Segmented_FACET_0.2_fixed_label\sa_8006874.jpg,5,5,4,1,0.31765156984329224,4,4,4,3,1,1,0,1,1
G:\Thesis\FACET_Dataset\Segmented_FACET_0.2_fixed_label\sa_2382829.jpg,6,6,5,1,0.3022909462451935,4,4,4,3,1,2,0,0,1
G:\Thesis\FACET_Dataset\Segmented_FACET_0.2_fixed_label\sa_2520161.jpg,3,3,2,0,0.10929219424724579,2,2,2,1,0,1,0,1,1
G:\Thesis\FACET_Dataset\Segmented_FACET_0.2_fixed_label\sa_1594528.jpg,2,2,1,0,0.2971864640712738,4,4,4,3,1,2,0,0,0
G:\Thesis\FACET_Dataset\Segmented_FACET_0.2_fixed_label\sa_5983742.jpg,2,2,1,0,0.4429343640804291,5,5,5,4,1,3,0,0,0
G:\Thesis\FACET_Dataset\Segmented_FACET_0.2_fixed_label\sa_1000194.jpg,3,3,2,0,0.16593225300312042,2,2,2,1,0,1,0,1,1
G:\Thesis\FACET_Dataset\Segmented_FACET_0.2_fixed_label\sa_3836687.jpg,7,7,6,1,0.3618275225162506,4,4,4,3,1,3,0,0,1
G:\Thesis\FACET_Dataset\Segmented_FACET_0.2_fixed_label\sa_1489113.jpg,5,5,4,1,0.5762364864349365,6,6,6,5,1,1,0,1,1
G:\Thesis\FACET_Dataset\Segmented_FACET_0.2_fixed_label\sa_10369497.jpg,6,6,5,1,0.6539563536643982,7,7,7,6,1,1,0,1,1
G:\Thesis\FACET_Dataset\Segmented_FACET_0.2_fixed_label\sa_4708740.jpg,4,4,3,1,0.25871142745018005,3,3,3,2,0,1,0,1,0
G:\Thesis\FACET_Dataset\Segmented_FACET_0.2_fixed_label\sa_9458625.jpg,2,2,1,0,0.36750534176826477,4,4,4,3,1,2,0,0,0
G:\Thesis\FACET_Dataset\Segmented_FACET_0.2_fixed_label\sa_793856.jpg,3,3,2,0,0.6325857043266296,7,7,7,6,1,4,0,0,0
G:\Thesis\FACET_Dataset\Segmented_FACET_0.2_fixed_label\sa_10405346.jpg,2,2,1,0,0.2376141995191574,3,3,3,2,0,1,0,1,1
G:\Thesis\FACET_Dataset\Segmented_FACET_0.2_fixed_label\sa_2021746.jpg,7,7,6,1,0.5877578854560852,6,6,6,5,1,1,0,1,1
G:\Thesis\FACET_Dataset\Segmented_FACET_0.2_fixed_label\sa_6327176.jpg,4,4,3,1,0.4014755189418793,5,5,5,4,1,1,0,1,1
G:\Thesis\FACET_Dataset\Segmented_FACET_0.2_fixed_label\sa_9327356.jpg,5,5,4,1,0.25614121556282043,3,3,3,2,0,2,0,0,0
G:\Thesis\FACET_Dataset\Segmented_FACET_0.2_fixed_label\sa_3359718.jpg,6,6,5,1,0.5944226384162903,6,6,6,5,1,0,1,1,1
G:\Thesis\FACET_Dataset\Segmented_FACET_0.2_fixed_label\sa_1754024.jpg,2,2,1,0,0.043646764010190964,1,1,1,0,0,1,0,1,1
G:\Thesis\FACET_Dataset\Segmented_FACET_0.2_fixed_label\sa_3077697.jpg,2,2,1,0,0.08926606178283691,2,2,2,1,0,0,1,1,1
G:\Thesis\FACET_Dataset\Segmented_FACET_0.2_fixed_label\sa_9193959.jpg,4,4,3,1,0.4589960277080536,5,5,5,4,1,1,0,1,1
G:\Thesis\FACET_Dataset\Segmented_FACET_0.2_fixed_label\sa_873102.jpg,7,7,6,1,0.5478808879852295,6,6,6,5,1,1,0,1,1
G:\Thesis\FACET_Dataset\Segmented_FACET_0.2_fixed_label\sa_7014620.jpg,4,4,3,1,0.3641871511936188,4,4,4,3,1,0,1,1,1
G:\Thesis\FACET_Dataset\Segmented_FACET_0.2_fixed_label\sa_6554992.jpg,5,5,4,1,0.5934950709342957,6,6,6,5,1,1,0,1,1
G:\Thesis\FACET_Dataset\Segmented_FACET_0.2_fixed_label\sa_10907435.jpg,7,7,6,1,0.22878532111644745,3,3,3,2,0,4,0,0,0
G:\Thesis\FACET_Dataset\Segmented_FACET_0.2_fixed_label\sa_6865579.jpg,5,5,4,1,0.7490007281303406,8,8,8,7,2,3,0,0,0
G:\Thesis\FACET_Dataset\Segmented_FACET_0.2_fixed_label\sa_6090348.jpg,5,5,4,1,0.7274060249328613,8,8,8,7,2,3,0,0,0
G:\Thesis\FACET_Dataset\Segmented_FACET_0.2_fixed_label\sa_3467319.jpg,4,4,3,1,0.2607019245624542,3,3,3,2,0,1,0,1,0
G:\Thesis\FACET_Dataset\Segmented_FACET_0.2_fixed_label\sa_4322243.jpg,2,2,1,0,0.3690102696418762,4,4,4,3,1,2,0,0,0
G:\Thesis\FACET_Dataset\Segmented_FACET_0.2_fixed_label\sa_85220.jpg,6,6,5,1,0.4167459011077881,5,5,5,4,1,1,0,1,1
G:\Thesis\FACET_Dataset\Segmented_FACET_0.2_fixed_label\sa_1249979.jpg,4,4,3,1,0.8872279524803162,9,9,9,8,2,5,0,0,0
G:\Thesis\FACET_Dataset\Segmented_FACET_0.2_fixed_label\sa_10277350.jpg,5,5,4,1,0.13358792662620544,2,2,2,1,0,3,0,0,0
G:\Thesis\FACET_Dataset\Segmented_FACET_0.2_fixed_label\sa_421883.jpg,2,2,1,0,0.3614838123321533,4,4,4,3,1,2,0,0,0
G:\Thesis\FACET_Dataset\Segmented_FACET_0.2_fixed_label\sa_8685437.jpg,8,8,7,2,0.4362545609474182,5,5,5,4,1,3,0,0,0
G:\Thesis\FACET_Dataset\Segmented_FACET_0.2_fixed_label\sa_175344.jpg,3,3,2,0,0.4054890275001526,5,5,5,4,1,2,0,0,0
G:\Thesis\FACET_Dataset\Segmented_FACET_0.2_fixed_label\sa_860266.jpg,2,2,1,0,0.2473999559879303,3,3,3,2,0,1,0,1,1
G:\Thesis\FACET_Dataset\Segmented_FACET_0.2_fixed_label\sa_7383904.jpg,3,3,2,0,0.32242050766944885,4,4,4,3,1,1,0,1,0
G:\Thesis\FACET_Dataset\Segmented_FACET_0.2_fixed_label\sa_4029134.jpg,5,5,4,1,0.050507597625255585,1,1,1,0,0,4,0,0,0
G:\Thesis\FACET_Dataset\Segmented_FACET_0.2_fixed_label\sa_9756684.jpg,6,6,5,1,0.49951082468032837,5,5,5,4,1,1,0,1,1
G:\Thesis\FACET_Dataset\Segmented_FACET_0.2_fixed_label\sa_6643714.jpg,3,3,2,0,0.6435295343399048,7,7,7,6,1,4,0,0,0
G:\Thesis\FACET_Dataset\Segmented_FACET_0.2_fixed_label\sa_583162.jpg,4,4,3,1,0.6824924945831299,7,7,7,6,1,3,0,0,1
G:\Thesis\FACET_Dataset\Segmented_FACET_0.2_fixed_label\sa_8105562.jpg,2,2,1,0,0.24918222427368164,3,3,3,2,0,1,0,1,1
G:\Thesis\FACET_Dataset\Segmented_FACET_0.2_fixed_label\sa_2762098.jpg,4,4,3,1,0.47738122940063477,5,5,5,4,1,1,0,1,1
G:\Thesis\FACET_Dataset\Segmented_FACET_0.2_fixed_label\sa_4808180.jpg,2,2,1,0,0.3668869137763977,4,4,4,3,1,2,0,0,0
G:\Thesis\FACET_Dataset\Segmented_FACET_0.2_fixed_label\sa_5987697.jpg,4,4,3,1,0.12978069484233856,2,2,2,1,0,2,0,0,0
G:\Thesis\FACET_Dataset\Segmented_FACET_0.2_fixed_label\sa_2135545.jpg,10,10,9,2,0.22975024580955505,3,3,3,2,0,7,0,0,0
G:\Thesis\FACET_Dataset\Segmented_FACET_0.2_fixed_label\sa_7217967.jpg,6,6,5,1,0.47837406396865845,5,5,5,4,1,1,0,1,1
G:\Thesis\FACET_Dataset\Segmented_FACET_0.2_fixed_label\sa_11065743.jpg,3,3,2,0,0.5427881479263306,6,6,6,5,1,3,0,0,0
G:\Thesis\FACET_Dataset\Segmented_FACET_0.2_fixed_label\sa_4154127.jpg,7,7,6,1,0.545182466506958,6,6,6,5,1,1,0,1,1
G:\Thesis\FACET_Dataset\Segmented_FACET_0.2_fixed_label\sa_8853368.jpg,2,2,1,0,0.4465479254722595,5,5,5,4,1,3,0,0,0
G:\Thesis\FACET_Dataset\Segmented_FACET_0.2_fixed_label\sa_4781314.jpg,2,2,1,0,0.30116936564445496,4,4,4,3,1,2,0,0,0
G:\Thesis\FACET_Dataset\Segmented_FACET_0.2_fixed_label\sa_8481601.jpg,1,1,0,0,0.014076579362154007,1,1,1,0,0,0,1,1,1
G:\Thesis\FACET_Dataset\Segmented_FACET_0.2_fixed_label\sa_5431500.jpg,3,3,2,0,0.147933229804039,2,2,2,1,0,1,0,1,1
G:\Thesis\FACET_Dataset\Segmented_FACET_0.2_fixed_label\sa_2872342.jpg,6,6,5,1,0.4851556420326233,5,5,5,4,1,1,0,1,1
G:\Thesis\FACET_Dataset\Segmented_FACET_0.2_fixed_label\sa_7126067.jpg,6,6,5,1,0.7095729112625122,7,7,7,6,1,1,0,1,1
G:\Thesis\FACET_Dataset\Segmented_FACET_0.2_fixed_label\sa_1608469.jpg,4,4,3,1,0.18645483255386353,3,3,3,2,0,1,0,1,0
G:\Thesis\FACET_Dataset\Segmented_FACET_0.2_fixed_label\sa_8728427.jpg,8,8,7,2,0.5624120235443115,6,6,6,5,1,2,0,0,0
G:\Thesis\FACET_Dataset\Segmented_FACET_0.2_fixed_label\sa_1206887.jpg,6,6,5,1,0.5676412582397461,6,6,6,5,1,0,1,1,1
G:\Thesis\FACET_Dataset\Segmented_FACET_0.2_fixed_label\sa_10576207.jpg,5,5,4,1,0.46371129155158997,5,5,5,4,1,0,1,1,1
G:\Thesis\FACET_Dataset\Segmented_FACET_0.2_fixed_label\sa_1621492.jpg,5,5,4,1,0.32469695806503296,4,4,4,3,1,1,0,1,1
G:\Thesis\FACET_Dataset\Segmented_FACET_0.2_fixed_label\sa_5254711.jpg,3,3,2,0,0.5371557474136353,6,6,6,5,1,3,0,0,0
G:\Thesis\FACET_Dataset\Segmented_FACET_0.2_fixed_label\sa_5088783.jpg,3,3,2,0,0.21861228346824646,3,3,3,2,0,0,1,1,1
G:\Thesis\FACET_Dataset\Segmented_FACET_0.2_fixed_label\sa_5792230.jpg,2,2,1,0,0.130902498960495,2,2,2,1,0,0,1,1,1
G:\Thesis\FACET_Dataset\Segmented_FACET_0.2_fixed_label\sa_4792156.jpg,2,2,1,0,0.09062641859054565,2,2,2,1,0,0,1,1,1
G:\Thesis\FACET_Dataset\Segmented_FACET_0.2_fixed_label\sa_9651310.jpg,3,3,2,0,0.248190775513649,3,3,3,2,0,0,1,1,1
G:\Thesis\FACET_Dataset\Segmented_FACET_0.2_fixed_label\sa_2051488.jpg,3,3,2,0,0.1410524547100067,2,2,2,1,0,1,0,1,1
G:\Thesis\FACET_Dataset\Segmented_FACET_0.2_fixed_label\sa_3592745.jpg,4,4,3,1,0.5025306344032288,6,6,6,5,1,2,0,0,1
G:\Thesis\FACET_Dataset\Segmented_FACET_0.2_fixed_label\sa_2196879.jpg,2,2,1,0,0.2529051899909973,3,3,3,2,0,1,0,1,1
G:\Thesis\FACET_Dataset\Segmented_FACET_0.2_fixed_label\sa_7855721.jpg,3,3,2,0,0.2586178779602051,3,3,3,2,0,0,1,1,1
G:\Thesis\FACET_Dataset\Segmented_FACET_0.2_fixed_label\sa_9412606.jpg,6,6,5,1,0.28484517335891724,4,4,4,3,1,2,0,0,1
G:\Thesis\FACET_Dataset\Segmented_FACET_0.2_fixed_label\sa_2086913.jpg,2,2,1,0,0.5505771040916443,6,6,6,5,1,4,0,0,0
G:\Thesis\FACET_Dataset\Segmented_FACET_0.2_fixed_label\sa_2765932.jpg,4,4,3,1,0.7425214648246765,8,8,8,7,2,4,0,0,0
G:\Thesis\FACET_Dataset\Segmented_FACET_0.2_fixed_label\sa_7246914.jpg,5,5,4,1,0.48124000430107117,5,5,5,4,1,0,1,1,1
G:\Thesis\FACET_Dataset\Segmented_FACET_0.2_fixed_label\sa_9543143.jpg,2,2,1,0,0.03502216562628746,1,1,1,0,0,1,0,1,1
G:\Thesis\FACET_Dataset\Segmented_FACET_0.2_fixed_label\sa_10576207.jpg,4,4,3,1,0.46371129155158997,5,5,5,4,1,1,0,1,1
G:\Thesis\FACET_Dataset\Segmented_FACET_0.2_fixed_label\sa_7048524.jpg,2,2,1,0,0.26317912340164185,3,3,3,2,0,1,0,1,1
G:\Thesis\FACET_Dataset\Segmented_FACET_0.2_fixed_label\sa_5587067.jpg,3,3,2,0,0.07817045599222183,2,2,2,1,0,1,0,1,1
G:\Thesis\FACET_Dataset\Segmented_FACET_0.2_fixed_label\sa_10456335.jpg,7,7,6,1,0.6924028992652893,7,7,7,6,1,0,1,1,1
G:\Thesis\FACET_Dataset\Segmented_FACET_0.2_fixed_label\sa_7841103.jpg,10,10,9,2,0.6825873851776123,7,7,7,6,1,3,0,0,0
G:\Thesis\FACET_Dataset\Segmented_FACET_0.2_fixed_label\sa_728560.jpg,2,2,1,0,0.1694299280643463,3,3,3,2,0,1,0,1,1
G:\Thesis\FACET_Dataset\Segmented_FACET_0.2_fixed_label\sa_957680.jpg,5,5,4,1,0.19596949219703674,3,3,3,2,0,2,0,0,0
G:\Thesis\FACET_Dataset\Segmented_FACET_0.2_fixed_label\sa_4017070.jpg,2,2,1,0,0.7872667908668518,8,8,8,7,2,6,0,0,0
G:\Thesis\FACET_Dataset\Segmented_FACET_0.2_fixed_label\sa_302409.jpg,2,2,1,0,0.02691865898668766,1,1,1,0,0,1,0,1,1
G:\Thesis\FACET_Dataset\Segmented_FACET_0.2_fixed_label\sa_9100667.jpg,3,3,2,0,0.46019604802131653,5,5,5,4,1,2,0,0,0
G:\Thesis\FACET_Dataset\Segmented_FACET_0.2_fixed_label\sa_379520.jpg,3,3,2,0,0.05220312625169754,1,1,1,0,0,2,0,0,1
G:\Thesis\FACET_Dataset\Segmented_FACET_0.2_fixed_label\sa_8655801.jpg,8,8,7,2,0.6091723442077637,6,6,6,5,1,2,0,0,0
G:\Thesis\FACET_Dataset\Segmented_FACET_0.2_fixed_label\sa_8066897.jpg,3,3,2,0,0.31842583417892456,4,4,4,3,1,1,0,1,0
G:\Thesis\FACET_Dataset\Segmented_FACET_0.2_fixed_label\sa_4321306.jpg,3,3,2,0,0.22551709413528442,3,3,3,2,0,0,1,1,1
G:\Thesis\FACET_Dataset\Segmented_FACET_0.2_fixed_label\sa_2038959.jpg,6,6,5,1,0.6013052463531494,6,6,6,5,1,0,1,1,1
G:\Thesis\FACET_Dataset\Segmented_FACET_0.2_fixed_label\sa_10166336.jpg,3,3,2,0,0.2461322396993637,3,3,3,2,0,0,1,1,1
G:\Thesis\FACET_Dataset\Segmented_FACET_0.2_fixed_label\sa_9694710.jpg,5,5,4,1,0.4019971191883087,5,5,5,4,1,0,1,1,1
G:\Thesis\FACET_Dataset\Segmented_FACET_0.2_fixed_label\sa_6598653.jpg,3,3,2,0,0.46572431921958923,5,5,5,4,1,2,0,0,0
G:\Thesis\FACET_Dataset\Segmented_FACET_0.2_fixed_label\sa_6761319.jpg,8,8,7,2,0.6275189518928528,7,7,7,6,1,1,0,1,0
G:\Thesis\FACET_Dataset\Segmented_FACET_0.2_fixed_label\sa_7115295.jpg,6,6,5,1,0.6252378225326538,7,7,7,6,1,1,0,1,1
G:\Thesis\FACET_Dataset\Segmented_FACET_0.2_fixed_label\sa_6084308.jpg,2,2,1,0,0.35180819034576416,4,4,4,3,1,2,0,0,0
G:\Thesis\FACET_Dataset\Segmented_FACET_0.2_fixed_label\sa_10770169.jpg,3,3,2,0,0.2609235942363739,3,3,3,2,0,0,1,1,1
G:\Thesis\FACET_Dataset\Segmented_FACET_0.2_fixed_label\sa_10622761.jpg,6,6,5,1,0.5006849765777588,6,6,6,5,1,0,1,1,1
G:\Thesis\FACET_Dataset\Segmented_FACET_0.2_fixed_label\sa_1671385.jpg,3,3,2,0,0.20238907635211945,3,3,3,2,0,0,1,1,1
G:\Thesis\FACET_Dataset\Segmented_FACET_0.2_fixed_label\sa_4179516.jpg,8,8,7,2,0.448504239320755,5,5,5,4,1,3,0,0,0
G:\Thesis\FACET_Dataset\Segmented_FACET_0.2_fixed_label\sa_5965769.jpg,2,2,1,0,0.5091830492019653,6,6,6,5,1,4,0,0,0
G:\Thesis\FACET_Dataset\Segmented_FACET_0.2_fixed_label\sa_9666634.jpg,4,4,3,1,0.5579414367675781,6,6,6,5,1,2,0,0,1
G:\Thesis\FACET_Dataset\Segmented_FACET_0.2_fixed_label\sa_3738839.jpg,4,4,3,1,0.43015605211257935,5,5,5,4,1,1,0,1,1
G:\Thesis\FACET_Dataset\Segmented_FACET_0.2_fixed_label\sa_3064041.jpg,8,8,7,2,0.9190731644630432,9,9,9,8,2,1,0,1,1
G:\Thesis\FACET_Dataset\Segmented_FACET_0.2_fixed_label\sa_214704.jpg,8,8,7,2,0.3867160975933075,4,4,4,3,1,4,0,0,0
G:\Thesis\FACET_Dataset\Segmented_FACET_0.2_fixed_label\sa_5520569.jpg,2,2,1,0,0.5405668616294861,6,6,6,5,1,4,0,0,0
G:\Thesis\FACET_Dataset\Segmented_FACET_0.2_fixed_label\sa_6229908.jpg,2,2,1,0,0.05923941358923912,2,2,2,1,0,0,1,1,1
G:\Thesis\FACET_Dataset\Segmented_FACET_0.2_fixed_label\sa_9733985.jpg,7,7,6,1,0.9607753157615662,10,10,10,9,2,3,0,0,0
G:\Thesis\FACET_Dataset\Segmented_FACET_0.2_fixed_label\sa_8449552.jpg,5,5,4,1,0.9184694886207581,9,9,9,8,2,4,0,0,0
G:\Thesis\FACET_Dataset\Segmented_FACET_0.2_fixed_label\sa_7795286.jpg,6,6,5,1,0.2950409948825836,4,4,4,3,1,2,0,0,1
G:\Thesis\FACET_Dataset\Segmented_FACET_0.2_fixed_label\sa_9650867.jpg,6,6,5,1,0.4690849781036377,5,5,5,4,1,1,0,1,1
G:\Thesis\FACET_Dataset\Segmented_FACET_0.2_fixed_label\sa_10000407.jpg,4,4,3,1,0.5552915334701538,6,6,6,5,1,2,0,0,1
G:\Thesis\FACET_Dataset\Segmented_FACET_0.2_fixed_label\sa_9243786.jpg,4,4,3,1,0.09770426154136658,2,2,2,1,0,2,0,0,0
G:\Thesis\FACET_Dataset\Segmented_FACET_0.2_fixed_label\sa_2078338.jpg,6,6,5,1,0.5816476941108704,6,6,6,5,1,0,1,1,1
G:\Thesis\FACET_Dataset\Segmented_FACET_0.2_fixed_label\sa_7334714.jpg,2,2,1,0,0.44314542412757874,5,5,5,4,1,3,0,0,0
G:\Thesis\FACET_Dataset\Segmented_FACET_0.2_fixed_label\sa_1519799.jpg,6,6,5,1,0.28116822242736816,4,4,4,3,1,2,0,0,1
G:\Thesis\FACET_Dataset\Segmented_FACET_0.2_fixed_label\sa_3094971.jpg,3,3,2,0,0.613532543182373,7,7,7,6,1,4,0,0,0
G:\Thesis\FACET_Dataset\Segmented_FACET_0.2_fixed_label\sa_10331493.jpg,3,3,2,0,0.2943401336669922,4,4,4,3,1,1,0,1,0
G:\Thesis\FACET_Dataset\Segmented_FACET_0.2_fixed_label\sa_6428975.jpg,2,2,1,0,0.41630983352661133,5,5,5,4,1,3,0,0,0
G:\Thesis\FACET_Dataset\Segmented_FACET_0.2_fixed_label\sa_9051874.jpg,3,3,2,0,0.2744443118572235,3,3,3,2,0,0,1,1,1
G:\Thesis\FACET_Dataset\Segmented_FACET_0.2_fixed_label\sa_8307874.jpg,2,2,1,0,0.25056198239326477,3,3,3,2,0,1,0,1,1
G:\Thesis\FACET_Dataset\Segmented_FACET_0.2_fixed_label\sa_4140639.jpg,7,7,6,1,0.5764980912208557,6,6,6,5,1,1,0,1,1
G:\Thesis\FACET_Dataset\Segmented_FACET_0.2_fixed_label\sa_10268129.jpg,2,2,1,0,0.011693069711327553,1,1,1,0,0,1,0,1,1
G:\Thesis\FACET_Dataset\Segmented_FACET_0.2_fixed_label\sa_3913210.jpg,3,3,2,0,0.27602511644363403,3,3,3,2,0,0,1,1,1
G:\Thesis\FACET_Dataset\Segmented_FACET_0.2_fixed_label\sa_3126013.jpg,2,2,1,0,0.2907426655292511,4,4,4,3,1,2,0,0,0
G:\Thesis\FACET_Dataset\Segmented_FACET_0.2_fixed_label\sa_8864399.jpg,1,1,0,0,0.2872110903263092,4,4,4,3,1,3,0,0,0
G:\Thesis\FACET_Dataset\Segmented_FACET_0.2_fixed_label\sa_5265842.jpg,2,2,1,0,0.2929587662220001,4,4,4,3,1,2,0,0,0
G:\Thesis\FACET_Dataset\Segmented_FACET_0.2_fixed_label\sa_4565983.jpg,2,2,1,0,0.21222509443759918,3,3,3,2,0,1,0,1,1
G:\Thesis\FACET_Dataset\Segmented_FACET_0.2_fixed_label\sa_9588623.jpg,4,4,3,1,0.1268359124660492,2,2,2,1,0,2,0,0,0
G:\Thesis\FACET_Dataset\Segmented_FACET_0.2_fixed_label\sa_4024535.jpg,5,5,4,1,0.4323267936706543,5,5,5,4,1,0,1,1,1
G:\Thesis\FACET_Dataset\Segmented_FACET_0.2_fixed_label\sa_121431.jpg,5,5,4,1,0.31226539611816406,4,4,4,3,1,1,0,1,1
G:\Thesis\FACET_Dataset\Segmented_FACET_0.2_fixed_label\sa_6481738.jpg,2,2,1,0,0.2457209974527359,3,3,3,2,0,1,0,1,1
G:\Thesis\FACET_Dataset\Segmented_FACET_0.2_fixed_label\sa_4742474.jpg,3,3,2,0,0.12031390517950058,2,2,2,1,0,1,0,1,1
G:\Thesis\FACET_Dataset\Segmented_FACET_0.2_fixed_label\sa_172698.jpg,3,3,2,0,0.17431539297103882,3,3,3,2,0,0,1,1,1
G:\Thesis\FACET_Dataset\Segmented_FACET_0.2_fixed_label\sa_4333102.jpg,5,5,4,1,0.5092476606369019,6,6,6,5,1,1,0,1,1
G:\Thesis\FACET_Dataset\Segmented_FACET_0.2_fixed_label\sa_3602053.jpg,3,3,2,0,0.2578842341899872,3,3,3,2,0,0,1,1,1
G:\Thesis\FACET_Dataset\Segmented_FACET_0.2_fixed_label\sa_6843583.jpg,2,2,1,0,0.16242589056491852,2,2,2,1,0,0,1,1,1
G:\Thesis\FACET_Dataset\Segmented_FACET_0.2_fixed_label\sa_9128462.jpg,5,5,4,1,0.4539016783237457,5,5,5,4,1,0,1,1,1
G:\Thesis\FACET_Dataset\Segmented_FACET_0.2_fixed_label\sa_9754337.jpg,6,6,5,1,0.1821933537721634,3,3,3,2,0,3,0,0,0
G:\Thesis\FACET_Dataset\Segmented_FACET_0.2_fixed_label\sa_4258410.jpg,6,6,5,1,0.5421371459960938,6,6,6,5,1,0,1,1,1
G:\Thesis\FACET_Dataset\Segmented_FACET_0.2_fixed_label\sa_3151123.jpg,2,2,1,0,0.4038057029247284,5,5,5,4,1,3,0,0,0
G:\Thesis\FACET_Dataset\Segmented_FACET_0.2_fixed_label\sa_6556219.jpg,3,3,2,0,0.3049045503139496,4,4,4,3,1,1,0,1,0
G:\Thesis\FACET_Dataset\Segmented_FACET_0.2_fixed_label\sa_3896509.jpg,5,5,4,1,0.37231603264808655,4,4,4,3,1,1,0,1,1
G:\Thesis\FACET_Dataset\Segmented_FACET_0.2_fixed_label\sa_5782460.jpg,5,5,4,1,0.5350346565246582,6,6,6,5,1,1,0,1,1
G:\Thesis\FACET_Dataset\Segmented_FACET_0.2_fixed_label\sa_8053671.jpg,4,4,3,1,0.5227622389793396,6,6,6,5,1,2,0,0,1
G:\Thesis\FACET_Dataset\Segmented_FACET_0.2_fixed_label\sa_9437029.jpg,2,2,1,0,0.05440039560198784,1,1,1,0,0,1,0,1,1
G:\Thesis\FACET_Dataset\Segmented_FACET_0.2_fixed_label\sa_6964543.jpg,3,3,2,0,0.4434182643890381,5,5,5,4,1,2,0,0,0
G:\Thesis\FACET_Dataset\Segmented_FACET_0.2_fixed_label\sa_1350539.jpg,3,3,2,0,0.02099589630961418,1,1,1,0,0,2,0,0,1
G:\Thesis\FACET_Dataset\Segmented_FACET_0.2_fixed_label\sa_1103583.jpg,3,3,2,0,0.26990851759910583,3,3,3,2,0,0,1,1,1
G:\Thesis\FACET_Dataset\Segmented_FACET_0.2_fixed_label\sa_8915219.jpg,2,2,1,0,0.42322075366973877,5,5,5,4,1,3,0,0,0
G:\Thesis\FACET_Dataset\Segmented_FACET_0.2_fixed_label\sa_5590994.jpg,5,5,4,1,0.2655068635940552,3,3,3,2,0,2,0,0,0
G:\Thesis\FACET_Dataset\Segmented_FACET_0.2_fixed_label\sa_6045725.jpg,5,5,4,1,0.7794573307037354,8,8,8,7,2,3,0,0,0
G:\Thesis\FACET_Dataset\Segmented_FACET_0.2_fixed_label\sa_9529408.jpg,3,3,2,0,0.5911397933959961,6,6,6,5,1,3,0,0,0
G:\Thesis\FACET_Dataset\Segmented_FACET_0.2_fixed_label\sa_11039142.jpg,5,5,4,1,0.4654000699520111,5,5,5,4,1,0,1,1,1
G:\Thesis\FACET_Dataset\Segmented_FACET_0.2_fixed_label\sa_6685030.jpg,3,3,2,0,0.3409345746040344,4,4,4,3,1,1,0,1,0
G:\Thesis\FACET_Dataset\Segmented_FACET_0.2_fixed_label\sa_2271095.jpg,6,6,5,1,0.6130123138427734,7,7,7,6,1,1,0,1,1
G:\Thesis\FACET_Dataset\Segmented_FACET_0.2_fixed_label\sa_4805863.jpg,3,3,2,0,0.19259965419769287,3,3,3,2,0,0,1,1,1
G:\Thesis\FACET_Dataset\Segmented_FACET_0.2_fixed_label\sa_5011257.jpg,6,6,5,1,0.23413945734500885,3,3,3,2,0,3,0,0,0
G:\Thesis\FACET_Dataset\Segmented_FACET_0.2_fixed_label\sa_499574.jpg,4,4,3,1,0.3060707449913025,4,4,4,3,1,0,1,1,1
G:\Thesis\FACET_Dataset\Segmented_FACET_0.2_fixed_label\sa_8293466.jpg,5,5,4,1,0.5033943057060242,6,6,6,5,1,1,0,1,1
G:\Thesis\FACET_Dataset\Segmented_FACET_0.2_fixed_label\sa_1578036.jpg,2,2,1,0,0.06082650646567345,2,2,2,1,0,0,1,1,1
G:\Thesis\FACET_Dataset\Segmented_FACET_0.2_fixed_label\sa_5486273.jpg,5,5,4,1,0.16123691201210022,2,2,2,1,0,3,0,0,0
G:\Thesis\FACET_Dataset\Segmented_FACET_0.2_fixed_label\sa_1387081.jpg,6,6,5,1,0.6077485084533691,6,6,6,5,1,0,1,1,1
G:\Thesis\FACET_Dataset\Segmented_FACET_0.2_fixed_label\sa_1964897.jpg,3,3,2,0,0.29902181029319763,4,4,4,3,1,1,0,1,0
G:\Thesis\FACET_Dataset\Segmented_FACET_0.2_fixed_label\sa_4078602.jpg,5,5,4,1,0.39218661189079285,5,5,5,4,1,0,1,1,1
G:\Thesis\FACET_Dataset\Segmented_FACET_0.2_fixed_label\sa_2739735.jpg,3,3,2,0,0.3832322061061859,4,4,4,3,1,1,0,1,0
G:\Thesis\FACET_Dataset\Segmented_FACET_0.2_fixed_label\sa_6221656.jpg,5,5,4,1,0.04082270339131355,1,1,1,0,0,4,0,0,0
G:\Thesis\FACET_Dataset\Segmented_FACET_0.2_fixed_label\sa_4275220.jpg,2,2,1,0,0.3825254738330841,4,4,4,3,1,2,0,0,0
G:\Thesis\FACET_Dataset\Segmented_FACET_0.2_fixed_label\sa_2243691.jpg,2,2,1,0,0.5720551013946533,6,6,6,5,1,4,0,0,0
G:\Thesis\FACET_Dataset\Segmented_FACET_0.2_fixed_label\sa_2525298.jpg,4,4,3,1,0.21348513662815094,3,3,3,2,0,1,0,1,0
G:\Thesis\FACET_Dataset\Segmented_FACET_0.2_fixed_label\sa_10690469.jpg,6,6,5,1,0.3207882344722748,4,4,4,3,1,2,0,0,1
G:\Thesis\FACET_Dataset\Segmented_FACET_0.2_fixed_label\sa_9059930.jpg,3,3,2,0,0.08616258949041367,2,2,2,1,0,1,0,1,1
G:\Thesis\FACET_Dataset\Segmented_FACET_0.2_fixed_label\sa_4248881.jpg,4,4,3,1,0.4757049083709717,5,5,5,4,1,1,0,1,1
G:\Thesis\FACET_Dataset\Segmented_FACET_0.2_fixed_label\sa_2949112.jpg,3,3,2,0,0.39430853724479675,5,5,5,4,1,2,0,0,0
G:\Thesis\FACET_Dataset\Segmented_FACET_0.2_fixed_label\sa_4655396.jpg,3,3,2,0,0.12843360006809235,2,2,2,1,0,1,0,1,1
G:\Thesis\FACET_Dataset\Segmented_FACET_0.2_fixed_label\sa_7378755.jpg,6,6,5,1,0.5354527235031128,6,6,6,5,1,0,1,1,1
G:\Thesis\FACET_Dataset\Segmented_FACET_0.2_fixed_label\sa_2863417.jpg,4,4,3,1,0.317682147026062,4,4,4,3,1,0,1,1,1
G:\Thesis\FACET_Dataset\Segmented_FACET_0.2_fixed_label\sa_1005917.jpg,4,4,3,1,0.2780195474624634,4,4,4,3,1,0,1,1,1
G:\Thesis\FACET_Dataset\Segmented_FACET_0.2_fixed_label\sa_10641461.jpg,5,5,4,1,0.3164288401603699,4,4,4,3,1,1,0,1,1
G:\Thesis\FACET_Dataset\Segmented_FACET_0.2_fixed_label\sa_6267865.jpg,6,6,5,1,0.5186998248100281,6,6,6,5,1,0,1,1,1
G:\Thesis\FACET_Dataset\Segmented_FACET_0.2_fixed_label\sa_4601728.jpg,6,6,5,1,0.46571239829063416,5,5,5,4,1,1,0,1,1
G:\Thesis\FACET_Dataset\Segmented_FACET_0.2_fixed_label\sa_2892263.jpg,2,2,1,0,0.8402012586593628,9,9,9,8,2,7,0,0,0
G:\Thesis\FACET_Dataset\Segmented_FACET_0.2_fixed_label\sa_8521269.jpg,3,3,2,0,0.14595197141170502,2,2,2,1,0,1,0,1,1
G:\Thesis\FACET_Dataset\Segmented_FACET_0.2_fixed_label\sa_3322289.jpg,4,4,3,1,0.42506763339042664,5,5,5,4,1,1,0,1,1
G:\Thesis\FACET_Dataset\Segmented_FACET_0.2_fixed_label\sa_1417633.jpg,4,4,3,1,0.2654797434806824,3,3,3,2,0,1,0,1,0
G:\Thesis\FACET_Dataset\Segmented_FACET_0.2_fixed_label\sa_5807865.jpg,6,6,5,1,0.7403485178947449,8,8,8,7,2,2,0,0,0
G:\Thesis\FACET_Dataset\Segmented_FACET_0.2_fixed_label\sa_2010303.jpg,4,4,3,1,0.4814588725566864,5,5,5,4,1,1,0,1,1
G:\Thesis\FACET_Dataset\Segmented_FACET_0.2_fixed_label\sa_3383320.jpg,3,3,2,0,0.4948898255825043,5,5,5,4,1,2,0,0,0
G:\Thesis\FACET_Dataset\Segmented_FACET_0.2_fixed_label\sa_1809016.jpg,2,2,1,0,0.4957832396030426,5,5,5,4,1,3,0,0,0
G:\Thesis\FACET_Dataset\Segmented_FACET_0.2_fixed_label\sa_7459634.jpg,3,3,2,0,0.3408813774585724,4,4,4,3,1,1,0,1,0
G:\Thesis\FACET_Dataset\Segmented_FACET_0.2_fixed_label\sa_10729003.jpg,2,2,1,0,0.3033933639526367,4,4,4,3,1,2,0,0,0
G:\Thesis\FACET_Dataset\Segmented_FACET_0.2_fixed_label\sa_8316301.jpg,4,4,3,1,0.4294852614402771,5,5,5,4,1,1,0,1,1
G:\Thesis\FACET_Dataset\Segmented_FACET_0.2_fixed_label\sa_2750557.jpg,1,1,0,0,0.14708572626113892,2,2,2,1,0,1,0,1,1
G:\Thesis\FACET_Dataset\Segmented_FACET_0.2_fixed_label\sa_3703361.jpg,3,3,2,0,0.5244855284690857,6,6,6,5,1,3,0,0,0
G:\Thesis\FACET_Dataset\Segmented_FACET_0.2_fixed_label\sa_3594622.jpg,1,1,0,0,0.2071516364812851,3,3,3,2,0,2,0,0,1
G:\Thesis\FACET_Dataset\Segmented_FACET_0.2_fixed_label\sa_5987697.jpg,2,2,1,0,0.12978069484233856,2,2,2,1,0,0,1,1,1
G:\Thesis\FACET_Dataset\Segmented_FACET_0.2_fixed_label\sa_8457220.jpg,3,3,2,0,0.0911937803030014,2,2,2,1,0,1,0,1,1
G:\Thesis\FACET_Dataset\Segmented_FACET_0.2_fixed_label\sa_1429866.jpg,4,4,3,1,0.45005592703819275,5,5,5,4,1,1,0,1,1
G:\Thesis\FACET_Dataset\Segmented_FACET_0.2_fixed_label\sa_4924842.jpg,3,3,2,0,0.2864055037498474,4,4,4,3,1,1,0,1,0
G:\Thesis\FACET_Dataset\Segmented_FACET_0.2_fixed_label\sa_2371782.jpg,4,4,3,1,0.5221037268638611,6,6,6,5,1,2,0,0,1
G:\Thesis\FACET_Dataset\Segmented_FACET_0.2_fixed_label\sa_6562153.jpg,2,2,1,0,0.15501606464385986,2,2,2,1,0,0,1,1,1
G:\Thesis\FACET_Dataset\Segmented_FACET_0.2_fixed_label\sa_7714795.jpg,5,5,4,1,0.5209601521492004,6,6,6,5,1,1,0,1,1
G:\Thesis\FACET_Dataset\Segmented_FACET_0.2_fixed_label\sa_675003.jpg,3,3,2,0,0.3217633366584778,4,4,4,3,1,1,0,1,0
G:\Thesis\FACET_Dataset\Segmented_FACET_0.2_fixed_label\sa_5458185.jpg,3,3,2,0,0.42736101150512695,5,5,5,4,1,2,0,0,0
G:\Thesis\FACET_Dataset\Segmented_FACET_0.2_fixed_label\sa_1852190.jpg,3,3,2,0,0.2359573394060135,3,3,3,2,0,0,1,1,1
G:\Thesis\FACET_Dataset\Segmented_FACET_0.2_fixed_label\sa_8091457.jpg,2,2,1,0,0.041516561061143875,1,1,1,0,0,1,0,1,1
G:\Thesis\FACET_Dataset\Segmented_FACET_0.2_fixed_label\sa_10342190.jpg,4,4,3,1,0.4166523218154907,5,5,5,4,1,1,0,1,1
G:\Thesis\FACET_Dataset\Segmented_FACET_0.2_fixed_label\sa_8308802.jpg,1,1,0,0,0.07350002974271774,2,2,2,1,0,1,0,1,1
G:\Thesis\FACET_Dataset\Segmented_FACET_0.2_fixed_label\sa_6245105.jpg,6,6,5,1,0.5267058610916138,6,6,6,5,1,0,1,1,1
G:\Thesis\FACET_Dataset\Segmented_FACET_0.2_fixed_label\sa_697137.jpg,4,4,3,1,0.3699732720851898,4,4,4,3,1,0,1,1,1
G:\Thesis\FACET_Dataset\Segmented_FACET_0.2_fixed_label\sa_8907368.jpg,2,2,1,0,0.42207708954811096,5,5,5,4,1,3,0,0,0
G:\Thesis\FACET_Dataset\Segmented_FACET_0.2_fixed_label\sa_1182365.jpg,3,3,2,0,0.41169700026512146,5,5,5,4,1,2,0,0,0
G:\Thesis\FACET_Dataset\Segmented_FACET_0.2_fixed_label\sa_7963403.jpg,6,6,5,1,0.31029659509658813,4,4,4,3,1,2,0,0,1
G:\Thesis\FACET_Dataset\Segmented_FACET_0.2_fixed_label\sa_9766431.jpg,3,3,2,0,0.43729206919670105,5,5,5,4,1,2,0,0,0
G:\Thesis\FACET_Dataset\Segmented_FACET_0.2_fixed_label\sa_10413840.jpg,4,4,3,1,0.7058729529380798,7,7,7,6,1,3,0,0,1
G:\Thesis\FACET_Dataset\Segmented_FACET_0.2_fixed_label\sa_10002783.jpg,4,4,3,1,0.40143778920173645,5,5,5,4,1,1,0,1,1
G:\Thesis\FACET_Dataset\Segmented_FACET_0.2_fixed_label\sa_1519627.jpg,3,3,2,0,0.40810880064964294,5,5,5,4,1,2,0,0,0
G:\Thesis\FACET_Dataset\Segmented_FACET_0.2_fixed_label\sa_7261983.jpg,4,4,3,1,0.5094185471534729,6,6,6,5,1,2,0,0,1
G:\Thesis\FACET_Dataset\Segmented_FACET_0.2_fixed_label\sa_4390893.jpg,5,5,4,1,0.46207395195961,5,5,5,4,1,0,1,1,1
G:\Thesis\FACET_Dataset\Segmented_FACET_0.2_fixed_label\sa_8012943.jpg,3,3,2,0,0.4813324511051178,5,5,5,4,1,2,0,0,0
G:\Thesis\FACET_Dataset\Segmented_FACET_0.2_fixed_label\sa_5732009.jpg,7,7,6,1,0.5552771687507629,6,6,6,5,1,1,0,1,1
G:\Thesis\FACET_Dataset\Segmented_FACET_0.2_fixed_label\sa_2444031.jpg,6,6,5,1,0.2694185972213745,3,3,3,2,0,3,0,0,0
G:\Thesis\FACET_Dataset\Segmented_FACET_0.2_fixed_label\sa_9715141.jpg,2,2,1,0,0.44491177797317505,5,5,5,4,1,3,0,0,0
G:\Thesis\FACET_Dataset\Segmented_FACET_0.2_fixed_label\sa_4647211.jpg,2,2,1,0,0.17616325616836548,3,3,3,2,0,1,0,1,1
G:\Thesis\FACET_Dataset\Segmented_FACET_0.2_fixed_label\sa_2779372.jpg,6,6,5,1,0.1541658192873001,2,2,2,1,0,4,0,0,0
G:\Thesis\FACET_Dataset\Segmented_FACET_0.2_fixed_label\sa_9824033.jpg,3,3,2,0,0.2494126707315445,3,3,3,2,0,0,1,1,1
G:\Thesis\FACET_Dataset\Segmented_FACET_0.2_fixed_label\sa_3069658.jpg,7,7,6,1,0.4213482141494751,5,5,5,4,1,2,0,0,1
G:\Thesis\FACET_Dataset\Segmented_FACET_0.2_fixed_label\sa_9738258.jpg,4,4,3,1,0.3182079792022705,4,4,4,3,1,0,1,1,1
G:\Thesis\FACET_Dataset\Segmented_FACET_0.2_fixed_label\sa_9187531.jpg,3,3,2,0,0.09735209494829178,2,2,2,1,0,1,0,1,1
G:\Thesis\FACET_Dataset\Segmented_FACET_0.2_fixed_label\sa_3409064.jpg,4,4,3,1,0.12261497229337692,2,2,2,1,0,2,0,0,0
G:\Thesis\FACET_Dataset\Segmented_FACET_0.2_fixed_label\sa_9097188.jpg,5,5,4,1,0.45405077934265137,5,5,5,4,1,0,1,1,1
G:\Thesis\FACET_Dataset\Segmented_FACET_0.2_fixed_label\sa_2393989.jpg,3,3,2,0,0.2690165936946869,3,3,3,2,0,0,1,1,1
G:\Thesis\FACET_Dataset\Segmented_FACET_0.2_fixed_label\sa_5051216.jpg,3,3,2,0,0.38068822026252747,4,4,4,3,1,1,0,1,0
G:\Thesis\FACET_Dataset\Segmented_FACET_0.2_fixed_label\sa_3841968.jpg,3,3,2,0,0.26600879430770874,3,3,3,2,0,0,1,1,1
G:\Thesis\FACET_Dataset\Segmented_FACET_0.2_fixed_label\sa_2051488.jpg,2,2,1,0,0.1410524547100067,2,2,2,1,0,0,1,1,1
G:\Thesis\FACET_Dataset\Segmented_FACET_0.2_fixed_label\sa_1492570.jpg,6,6,5,1,0.3854546546936035,4,4,4,3,1,2,0,0,1
G:\Thesis\FACET_Dataset\Segmented_FACET_0.2_fixed_label\sa_7869421.jpg,3,3,2,0,0.4163719713687897,5,5,5,4,1,2,0,0,0
G:\Thesis\FACET_Dataset\Segmented_FACET_0.2_fixed_label\sa_1764818.jpg,5,5,4,1,0.4593782424926758,5,5,5,4,1,0,1,1,1
G:\Thesis\FACET_Dataset\Segmented_FACET_0.2_fixed_label\sa_4685439.jpg,2,2,1,0,0.09347855299711227,2,2,2,1,0,0,1,1,1
G:\Thesis\FACET_Dataset\Segmented_FACET_0.2_fixed_label\sa_10821539.jpg,5,5,4,1,0.10772194713354111,2,2,2,1,0,3,0,0,0
G:\Thesis\FACET_Dataset\Segmented_FACET_0.2_fixed_label\sa_10644164.jpg,5,5,4,1,0.39467689394950867,5,5,5,4,1,0,1,1,1
G:\Thesis\FACET_Dataset\Segmented_FACET_0.2_fixed_label\sa_10267437.jpg,4,4,3,1,0.6381704211235046,7,7,7,6,1,3,0,0,1
G:\Thesis\FACET_Dataset\Segmented_FACET_0.2_fixed_label\sa_3003103.jpg,3,3,2,0,0.3404836654663086,4,4,4,3,1,1,0,1,0
G:\Thesis\FACET_Dataset\Segmented_FACET_0.2_fixed_label\sa_4062423.jpg,3,3,2,0,0.3530132472515106,4,4,4,3,1,1,0,1,0
G:\Thesis\FACET_Dataset\Segmented_FACET_0.2_fixed_label\sa_8638154.jpg,5,5,4,1,0.41832542419433594,5,5,5,4,1,0,1,1,1
G:\Thesis\FACET_Dataset\Segmented_FACET_0.2_fixed_label\sa_7483270.jpg,5,5,4,1,0.5357398986816406,6,6,6,5,1,1,0,1,1
G:\Thesis\FACET_Dataset\Segmented_FACET_0.2_fixed_label\sa_9632291.jpg,2,2,1,0,0.5389047265052795,6,6,6,5,1,4,0,0,0
G:\Thesis\FACET_Dataset\Segmented_FACET_0.2_fixed_label\sa_9572029.jpg,6,6,5,1,0.5095270872116089,6,6,6,5,1,0,1,1,1
G:\Thesis\FACET_Dataset\Segmented_FACET_0.2_fixed_label\sa_1329626.jpg,2,2,1,0,0.3463381826877594,4,4,4,3,1,2,0,0,0
G:\Thesis\FACET_Dataset\Segmented_FACET_0.2_fixed_label\sa_5754708.jpg,4,4,3,1,0.4051175117492676,5,5,5,4,1,1,0,1,1
G:\Thesis\FACET_Dataset\Segmented_FACET_0.2_fixed_label\sa_8773397.jpg,4,4,3,1,0.39286118745803833,5,5,5,4,1,1,0,1,1
G:\Thesis\FACET_Dataset\Segmented_FACET_0.2_fixed_label\sa_7043291.jpg,5,5,4,1,0.5300235152244568,6,6,6,5,1,1,0,1,1
G:\Thesis\FACET_Dataset\Segmented_FACET_0.2_fixed_label\sa_5453598.jpg,5,5,4,1,0.34507280588150024,4,4,4,3,1,1,0,1,1
G:\Thesis\FACET_Dataset\Segmented_FACET_0.2_fixed_label\sa_6110157.jpg,3,3,2,0,0.45719075202941895,5,5,5,4,1,2,0,0,0
G:\Thesis\FACET_Dataset\Segmented_FACET_0.2_fixed_label\sa_10902763.jpg,6,6,5,1,0.5399426817893982,6,6,6,5,1,0,1,1,1
G:\Thesis\FACET_Dataset\Segmented_FACET_0.2_fixed_label\sa_2503251.jpg,2,2,1,0,0.4520832896232605,5,5,5,4,1,3,0,0,0
G:\Thesis\FACET_Dataset\Segmented_FACET_0.2_fixed_label\sa_8609421.jpg,4,4,3,1,0.28866761922836304,4,4,4,3,1,0,1,1,1
G:\Thesis\FACET_Dataset\Segmented_FACET_0.2_fixed_label\sa_7208455.jpg,8,8,7,2,0.31286588311195374,4,4,4,3,1,4,0,0,0
G:\Thesis\FACET_Dataset\Segmented_FACET_0.2_fixed_label\sa_9831256.jpg,2,2,1,0,0.1222124919295311,2,2,2,1,0,0,1,1,1
G:\Thesis\FACET_Dataset\Segmented_FACET_0.2_fixed_label\sa_3602718.jpg,5,5,4,1,0.5292301774024963,6,6,6,5,1,1,0,1,1
G:\Thesis\FACET_Dataset\Segmented_FACET_0.2_fixed_label\sa_8226706.jpg,7,7,6,1,0.6444330215454102,7,7,7,6,1,0,1,1,1
G:\Thesis\FACET_Dataset\Segmented_FACET_0.2_fixed_label\sa_6603732.jpg,8,8,7,2,0.4031088352203369,5,5,5,4,1,3,0,0,0
G:\Thesis\FACET_Dataset\Segmented_FACET_0.2_fixed_label\sa_1174968.jpg,2,2,1,0,0.5103467106819153,6,6,6,5,1,4,0,0,0
G:\Thesis\FACET_Dataset\Segmented_FACET_0.2_fixed_label\sa_423768.jpg,7,7,6,1,0.8328837752342224,8,8,8,7,2,1,0,1,0
G:\Thesis\FACET_Dataset\Segmented_FACET_0.2_fixed_label\sa_10742813.jpg,2,2,1,0,0.443862646818161,5,5,5,4,1,3,0,0,0
G:\Thesis\FACET_Dataset\Segmented_FACET_0.2_fixed_label\sa_5382719.jpg,3,3,2,0,0.11445074528455734,2,2,2,1,0,1,0,1,1
G:\Thesis\FACET_Dataset\Segmented_FACET_0.2_fixed_label\sa_4740572.jpg,5,5,4,1,0.4968014061450958,5,5,5,4,1,0,1,1,1
G:\Thesis\FACET_Dataset\Segmented_FACET_0.2_fixed_label\sa_5963319.jpg,2,2,1,0,0.5394930839538574,6,6,6,5,1,4,0,0,0
G:\Thesis\FACET_Dataset\Segmented_FACET_0.2_fixed_label\sa_3546228.jpg,2,2,1,0,0.29260581731796265,4,4,4,3,1,2,0,0,0
G:\Thesis\FACET_Dataset\Segmented_FACET_0.2_fixed_label\sa_3120751.jpg,4,4,3,1,0.19473473727703094,3,3,3,2,0,1,0,1,0
G:\Thesis\FACET_Dataset\Segmented_FACET_0.2_fixed_label\sa_3467319.jpg,4,4,3,1,0.2607019245624542,3,3,3,2,0,1,0,1,0
G:\Thesis\FACET_Dataset\Segmented_FACET_0.2_fixed_label\sa_5044830.jpg,6,6,5,1,0.4784461557865143,5,5,5,4,1,1,0,1,1
G:\Thesis\FACET_Dataset\Segmented_FACET_0.2_fixed_label\sa_3636151.jpg,3,3,2,0,0.4086291790008545,5,5,5,4,1,2,0,0,0
G:\Thesis\FACET_Dataset\Segmented_FACET_0.2_fixed_label\sa_8775739.jpg,2,2,1,0,0.13444723188877106,2,2,2,1,0,0,1,1,1
G:\Thesis\FACET_Dataset\Segmented_FACET_0.2_fixed_label\sa_4953176.jpg,4,4,3,1,0.5991412401199341,6,6,6,5,1,2,0,0,1
G:\Thesis\FACET_Dataset\Segmented_FACET_0.2_fixed_label\sa_7029681.jpg,4,4,3,1,0.03367592766880989,1,1,1,0,0,3,0,0,0
G:\Thesis\FACET_Dataset\Segmented_FACET_0.2_fixed_label\sa_7330766.jpg,5,5,4,1,0.5220265984535217,6,6,6,5,1,1,0,1,1
G:\Thesis\FACET_Dataset\Segmented_FACET_0.2_fixed_label\sa_6193592.jpg,4,4,3,1,0.459513783454895,5,5,5,4,1,1,0,1,1
G:\Thesis\FACET_Dataset\Segmented_FACET_0.2_fixed_label\sa_789737.jpg,3,3,2,0,0.7133086919784546,7,7,7,6,1,4,0,0,0
G:\Thesis\FACET_Dataset\Segmented_FACET_0.2_fixed_label\sa_3806685.jpg,2,2,1,0,0.4429968595504761,5,5,5,4,1,3,0,0,0
G:\Thesis\FACET_Dataset\Segmented_FACET_0.2_fixed_label\sa_4838675.jpg,7,7,6,1,0.48195400834083557,5,5,5,4,1,2,0,0,1
G:\Thesis\FACET_Dataset\Segmented_FACET_0.2_fixed_label\sa_8786690.jpg,6,6,5,1,0.2709256410598755,3,3,3,2,0,3,0,0,0
G:\Thesis\FACET_Dataset\Segmented_FACET_0.2_fixed_label\sa_1429317.jpg,4,4,3,1,0.09398098289966583,2,2,2,1,0,2,0,0,0
G:\Thesis\FACET_Dataset\Segmented_FACET_0.2_fixed_label\sa_9825476.jpg,8,8,7,2,0.5813989043235779,6,6,6,5,1,2,0,0,0
G:\Thesis\FACET_Dataset\Segmented_FACET_0.2_fixed_label\sa_3305920.jpg,2,2,1,0,0.29718106985092163,4,4,4,3,1,2,0,0,0
G:\Thesis\FACET_Dataset\Segmented_FACET_0.2_fixed_label\sa_3143426.jpg,4,4,3,1,0.1891210377216339,3,3,3,2,0,1,0,1,0
G:\Thesis\FACET_Dataset\Segmented_FACET_0.2_fixed_label\sa_4662661.jpg,2,2,1,0,0.45196178555488586,5,5,5,4,1,3,0,0,0
G:\Thesis\FACET_Dataset\Segmented_FACET_0.2_fixed_label\sa_6222029.jpg,9,9,8,2,0.4911273419857025,5,5,5,4,1,4,0,0,0
G:\Thesis\FACET_Dataset\Segmented_FACET_0.2_fixed_label\sa_11083026.jpg,2,2,1,0,0.3034919500350952,4,4,4,3,1,2,0,0,0
G:\Thesis\FACET_Dataset\Segmented_FACET_0.2_fixed_label\sa_2474983.jpg,6,6,5,1,0.24391524493694305,3,3,3,2,0,3,0,0,0
G:\Thesis\FACET_Dataset\Segmented_FACET_0.2_fixed_label\sa_2060636.jpg,6,6,5,1,0.8009242415428162,8,8,8,7,2,2,0,0,0
G:\Thesis\FACET_Dataset\Segmented_FACET_0.2_fixed_label\sa_4433491.jpg,8,8,7,2,0.7792168259620667,8,8,8,7,2,0,1,1,1
G:\Thesis\FACET_Dataset\Segmented_FACET_0.2_fixed_label\sa_9194880.jpg,4,4,3,1,0.3266010284423828,4,4,4,3,1,0,1,1,1
G:\Thesis\FACET_Dataset\Segmented_FACET_0.2_fixed_label\sa_10486231.jpg,2,2,1,0,0.16708701848983765,3,3,3,2,0,1,0,1,1
G:\Thesis\FACET_Dataset\Segmented_FACET_0.2_fixed_label\sa_440710.jpg,2,2,1,0,0.4089495837688446,5,5,5,4,1,3,0,0,0
G:\Thesis\FACET_Dataset\Segmented_FACET_0.2_fixed_label\sa_4326242.jpg,2,2,1,0,0.09569527208805084,2,2,2,1,0,0,1,1,1
G:\Thesis\FACET_Dataset\Segmented_FACET_0.2_fixed_label\sa_2866617.jpg,5,5,4,1,0.2088637501001358,3,3,3,2,0,2,0,0,0
G:\Thesis\FACET_Dataset\Segmented_FACET_0.2_fixed_label\sa_8067007.jpg,3,3,2,0,0.07999668270349503,2,2,2,1,0,1,0,1,1
G:\Thesis\FACET_Dataset\Segmented_FACET_0.2_fixed_label\sa_1710488.jpg,5,5,4,1,0.2985714077949524,4,4,4,3,1,1,0,1,1
G:\Thesis\FACET_Dataset\Segmented_FACET_0.2_fixed_label\sa_5647694.jpg,3,3,2,0,0.3336944878101349,4,4,4,3,1,1,0,1,0
G:\Thesis\FACET_Dataset\Segmented_FACET_0.2_fixed_label\sa_200443.jpg,6,6,5,1,0.49174055457115173,5,5,5,4,1,1,0,1,1
G:\Thesis\FACET_Dataset\Segmented_FACET_0.2_fixed_label\sa_5790678.jpg,6,6,5,1,0.7151169180870056,7,7,7,6,1,1,0,1,1
G:\Thesis\FACET_Dataset\Segmented_FACET_0.2_fixed_label\sa_8033758.jpg,9,9,8,2,0.7484090924263,8,8,8,7,2,1,0,1,1
G:\Thesis\FACET_Dataset\Segmented_FACET_0.2_fixed_label\sa_180993.jpg,4,4,3,1,0.015154586173593998,1,1,1,0,0,3,0,0,0
G:\Thesis\FACET_Dataset\Segmented_FACET_0.2_fixed_label\sa_1736343.jpg,2,2,1,0,0.16538900136947632,2,2,2,1,0,0,1,1,1
G:\Thesis\FACET_Dataset\Segmented_FACET_0.2_fixed_label\sa_9715141.jpg,2,2,1,0,0.44491177797317505,5,5,5,4,1,3,0,0,0
G:\Thesis\FACET_Dataset\Segmented_FACET_0.2_fixed_label\sa_9361089.jpg,4,4,3,1,0.6941384673118591,7,7,7,6,1,3,0,0,1
G:\Thesis\FACET_Dataset\Segmented_FACET_0.2_fixed_label\sa_2756309.jpg,2,2,1,0,0.10399129986763,2,2,2,1,0,0,1,1,1
G:\Thesis\FACET_Dataset\Segmented_FACET_0.2_fixed_label\sa_1972608.jpg,2,2,1,0,0.18666322529315948,3,3,3,2,0,1,0,1,1
G:\Thesis\FACET_Dataset\Segmented_FACET_0.2_fixed_label\sa_9150781.jpg,2,2,1,0,0.34723135828971863,4,4,4,3,1,2,0,0,0
G:\Thesis\FACET_Dataset\Segmented_FACET_0.2_fixed_label\sa_5815343.jpg,7,7,6,1,0.8698046207427979,9,9,9,8,2,2,0,0,0
G:\Thesis\FACET_Dataset\Segmented_FACET_0.2_fixed_label\sa_7169229.jpg,7,7,6,1,0.7515495419502258,8,8,8,7,2,1,0,1,0
G:\Thesis\FACET_Dataset\Segmented_FACET_0.2_fixed_label\sa_2113904.jpg,7,7,6,1,0.563832700252533,6,6,6,5,1,1,0,1,1
G:\Thesis\FACET_Dataset\Segmented_FACET_0.2_fixed_label\sa_7156233.jpg,2,2,1,0,0.05773503705859184,2,2,2,1,0,0,1,1,1
G:\Thesis\FACET_Dataset\Segmented_FACET_0.2_fixed_label\sa_7429624.jpg,5,5,4,1,0.4901752471923828,5,5,5,4,1,0,1,1,1
G:\Thesis\FACET_Dataset\Segmented_FACET_0.2_fixed_label\sa_5616531.jpg,2,2,1,0,0.5331990122795105,6,6,6,5,1,4,0,0,0
G:\Thesis\FACET_Dataset\Segmented_FACET_0.2_fixed_label\sa_1801279.jpg,5,5,4,1,0.16128841042518616,2,2,2,1,0,3,0,0,0
G:\Thesis\FACET_Dataset\Segmented_FACET_0.2_fixed_label\sa_395983.jpg,2,2,1,0,0.06063707172870636,2,2,2,1,0,0,1,1,1
G:\Thesis\FACET_Dataset\Segmented_FACET_0.2_fixed_label\sa_8421772.jpg,3,3,2,0,0.4258771538734436,5,5,5,4,1,2,0,0,0
G:\Thesis\FACET_Dataset\Segmented_FACET_0.2_fixed_label\sa_7342124.jpg,6,6,5,1,0.46443817019462585,5,5,5,4,1,1,0,1,1
G:\Thesis\FACET_Dataset\Segmented_FACET_0.2_fixed_label\sa_9395843.jpg,3,3,2,0,0.36681443452835083,4,4,4,3,1,1,0,1,0
G:\Thesis\FACET_Dataset\Segmented_FACET_0.2_fixed_label\sa_691673.jpg,5,5,4,1,0.4269050359725952,5,5,5,4,1,0,1,1,1
G:\Thesis\FACET_Dataset\Segmented_FACET_0.2_fixed_label\sa_2772191.jpg,3,3,2,0,0.06031517684459686,2,2,2,1,0,1,0,1,1
G:\Thesis\FACET_Dataset\Segmented_FACET_0.2_fixed_label\sa_1822211.jpg,4,4,3,1,0.29292306303977966,4,4,4,3,1,0,1,1,1
G:\Thesis\FACET_Dataset\Segmented_FACET_0.2_fixed_label\sa_8179339.jpg,4,4,3,1,0.38840556144714355,4,4,4,3,1,0,1,1,1
G:\Thesis\FACET_Dataset\Segmented_FACET_0.2_fixed_label\sa_5941759.jpg,2,2,1,0,0.26820477843284607,3,3,3,2,0,1,0,1,1
G:\Thesis\FACET_Dataset\Segmented_FACET_0.2_fixed_label\sa_4388194.jpg,6,6,5,1,0.6386058926582336,7,7,7,6,1,1,0,1,1
G:\Thesis\FACET_Dataset\Segmented_FACET_0.2_fixed_label\sa_4558161.jpg,6,6,5,1,0.2093932330608368,3,3,3,2,0,3,0,0,0
G:\Thesis\FACET_Dataset\Segmented_FACET_0.2_fixed_label\sa_9551744.jpg,8,8,7,2,0.4078637957572937,5,5,5,4,1,3,0,0,0
G:\Thesis\FACET_Dataset\Segmented_FACET_0.2_fixed_label\sa_10545112.jpg,2,2,1,0,0.32916051149368286,4,4,4,3,1,2,0,0,0
G:\Thesis\FACET_Dataset\Segmented_FACET_0.2_fixed_label\sa_9040041.jpg,2,2,1,0,0.046057477593421936,1,1,1,0,0,1,0,1,1
G:\Thesis\FACET_Dataset\Segmented_FACET_0.2_fixed_label\sa_1752858.jpg,6,6,5,1,0.6016013026237488,6,6,6,5,1,0,1,1,1
G:\Thesis\FACET_Dataset\Segmented_FACET_0.2_fixed_label\sa_1759645.jpg,3,3,2,0,0.1832643449306488,3,3,3,2,0,0,1,1,1
G:\Thesis\FACET_Dataset\Segmented_FACET_0.2_fixed_label\sa_8006279.jpg,2,2,1,0,0.1416250765323639,2,2,2,1,0,0,1,1,1
G:\Thesis\FACET_Dataset\Segmented_FACET_0.2_fixed_label\sa_7091043.jpg,5,5,4,1,0.4481290280818939,5,5,5,4,1,0,1,1,1
G:\Thesis\FACET_Dataset\Segmented_FACET_0.2_fixed_label\sa_8265943.jpg,2,2,1,0,0.4870859682559967,5,5,5,4,1,3,0,0,0
G:\Thesis\FACET_Dataset\Segmented_FACET_0.2_fixed_label\sa_1873155.jpg,2,2,1,0,0.3526487946510315,4,4,4,3,1,2,0,0,0
G:\Thesis\FACET_Dataset\Segmented_FACET_0.2_fixed_label\sa_7907390.jpg,4,4,3,1,0.48984771966934204,5,5,5,4,1,1,0,1,1
G:\Thesis\FACET_Dataset\Segmented_FACET_0.2_fixed_label\sa_9646378.jpg,3,3,2,0,0.5879998207092285,6,6,6,5,1,3,0,0,0
G:\Thesis\FACET_Dataset\Segmented_FACET_0.2_fixed_label\sa_6946472.jpg,3,3,2,0,0.19810783863067627,3,3,3,2,0,0,1,1,1
G:\Thesis\FACET_Dataset\Segmented_FACET_0.2_fixed_label\sa_1440548.jpg,6,6,5,1,0.6724063158035278,7,7,7,6,1,1,0,1,1
G:\Thesis\FACET_Dataset\Segmented_FACET_0.2_fixed_label\sa_10408922.jpg,6,6,5,1,0.5013653039932251,6,6,6,5,1,0,1,1,1
G:\Thesis\FACET_Dataset\Segmented_FACET_0.2_fixed_label\sa_10928582.jpg,4,4,3,1,0.31662362813949585,4,4,4,3,1,0,1,1,1
G:\Thesis\FACET_Dataset\Segmented_FACET_0.2_fixed_label\sa_7744991.jpg,5,5,4,1,0.3435227870941162,4,4,4,3,1,1,0,1,1
G:\Thesis\FACET_Dataset\Segmented_FACET_0.2_fixed_label\sa_5915212.jpg,8,8,7,2,0.8997209668159485,9,9,9,8,2,1,0,1,1
G:\Thesis\FACET_Dataset\Segmented_FACET_0.2_fixed_label\sa_8793135.jpg,3,3,2,0,0.09512177854776382,2,2,2,1,0,1,0,1,1
G:\Thesis\FACET_Dataset\Segmented_FACET_0.2_fixed_label\sa_3103297.jpg,5,5,4,1,0.7946362495422363,8,8,8,7,2,3,0,0,0
G:\Thesis\FACET_Dataset\Segmented_FACET_0.2_fixed_label\sa_4832952.jpg,4,4,3,1,0.504646897315979,6,6,6,5,1,2,0,0,1
G:\Thesis\FACET_Dataset\Segmented_FACET_0.2_fixed_label\sa_7046113.jpg,5,5,4,1,0.5456873178482056,6,6,6,5,1,1,0,1,1
G:\Thesis\FACET_Dataset\Segmented_FACET_0.2_fixed_label\sa_7852192.jpg,3,3,2,0,0.4173155426979065,5,5,5,4,1,2,0,0,0
G:\Thesis\FACET_Dataset\Segmented_FACET_0.2_fixed_label\sa_606078.jpg,2,2,1,0,0.31468868255615234,4,4,4,3,1,2,0,0,0
G:\Thesis\FACET_Dataset\Segmented_FACET_0.2_fixed_label\sa_1635631.jpg,1,1,0,0,0.3511640429496765,4,4,4,3,1,3,0,0,0
G:\Thesis\FACET_Dataset\Segmented_FACET_0.2_fixed_label\sa_3991746.jpg,2,2,1,0,0.02339271642267704,1,1,1,0,0,1,0,1,1
G:\Thesis\FACET_Dataset\Segmented_FACET_0.2_fixed_label\sa_7424580.jpg,7,7,6,1,0.4765452444553375,5,5,5,4,1,2,0,0,1
G:\Thesis\FACET_Dataset\Segmented_FACET_0.2_fixed_label\sa_754926.jpg,7,7,6,1,0.7382586598396301,8,8,8,7,2,1,0,1,0
G:\Thesis\FACET_Dataset\Segmented_FACET_0.2_fixed_label\sa_10942581.jpg,5,5,4,1,0.29455891251564026,4,4,4,3,1,1,0,1,1
G:\Thesis\FACET_Dataset\Segmented_FACET_0.2_fixed_label\sa_11044385.jpg,2,2,1,0,0.22300562262535095,3,3,3,2,0,1,0,1,1
G:\Thesis\FACET_Dataset\Segmented_FACET_0.2_fixed_label\sa_4201272.jpg,4,4,3,1,0.4902893602848053,5,5,5,4,1,1,0,1,1
G:\Thesis\FACET_Dataset\Segmented_FACET_0.2_fixed_label\sa_3629885.jpg,3,3,2,0,0.5830194354057312,6,6,6,5,1,3,0,0,0
G:\Thesis\FACET_Dataset\Segmented_FACET_0.2_fixed_label\sa_10001648.jpg,6,6,5,1,0.31430837512016296,4,4,4,3,1,2,0,0,1
G:\Thesis\FACET_Dataset\Segmented_FACET_0.2_fixed_label\sa_3386657.jpg,3,3,2,0,0.3467548191547394,4,4,4,3,1,1,0,1,0
G:\Thesis\FACET_Dataset\Segmented_FACET_0.2_fixed_label\sa_6300862.jpg,8,8,7,2,0.1338486671447754,2,2,2,1,0,6,0,0,0
G:\Thesis\FACET_Dataset\Segmented_FACET_0.2_fixed_label\sa_957680.jpg,5,5,4,1,0.19596949219703674,3,3,3,2,0,2,0,0,0
G:\Thesis\FACET_Dataset\Segmented_FACET_0.2_fixed_label\sa_5569974.jpg,10,10,9,2,0.7202253937721252,7,7,7,6,1,3,0,0,0
G:\Thesis\FACET_Dataset\Segmented_FACET_0.2_fixed_label\sa_6659824.jpg,3,3,2,0,0.18993854522705078,3,3,3,2,0,0,1,1,1
G:\Thesis\FACET_Dataset\Segmented_FACET_0.2_fixed_label\sa_9722807.jpg,3,3,2,0,0.40355271100997925,5,5,5,4,1,2,0,0,0
G:\Thesis\FACET_Dataset\Segmented_FACET_0.2_fixed_label\sa_10089288.jpg,2,2,1,0,0.1480797529220581,2,2,2,1,0,0,1,1,1
G:\Thesis\FACET_Dataset\Segmented_FACET_0.2_fixed_label\sa_4179445.jpg,2,2,1,0,0.7140768766403198,7,7,7,6,1,5,0,0,0
G:\Thesis\FACET_Dataset\Segmented_FACET_0.2_fixed_label\sa_10837279.jpg,6,6,5,1,0.22000078856945038,3,3,3,2,0,3,0,0,0
G:\Thesis\FACET_Dataset\Segmented_FACET_0.2_fixed_label\sa_4938852.jpg,3,3,2,0,0.5939571857452393,6,6,6,5,1,3,0,0,0
G:\Thesis\FACET_Dataset\Segmented_FACET_0.2_fixed_label\sa_2525298.jpg,3,3,2,0,0.21348513662815094,3,3,3,2,0,0,1,1,1
G:\Thesis\FACET_Dataset\Segmented_FACET_0.2_fixed_label\sa_3856553.jpg,4,4,3,1,0.36885079741477966,4,4,4,3,1,0,1,1,1
G:\Thesis\FACET_Dataset\Segmented_FACET_0.2_fixed_label\sa_2265185.jpg,4,4,3,1,0.35074764490127563,4,4,4,3,1,0,1,1,1
G:\Thesis\FACET_Dataset\Segmented_FACET_0.2_fixed_label\sa_3612157.jpg,3,3,2,0,0.4035281538963318,5,5,5,4,1,2,0,0,0
G:\Thesis\FACET_Dataset\Segmented_FACET_0.2_fixed_label\sa_4237910.jpg,3,3,2,0,0.05250011011958122,1,1,1,0,0,2,0,0,1
G:\Thesis\FACET_Dataset\Segmented_FACET_0.2_fixed_label\sa_6846608.jpg,6,6,5,1,0.2126798778772354,3,3,3,2,0,3,0,0,0
G:\Thesis\FACET_Dataset\Segmented_FACET_0.2_fixed_label\sa_5068397.jpg,4,4,3,1,0.23122797906398773,3,3,3,2,0,1,0,1,0
G:\Thesis\FACET_Dataset\Segmented_FACET_0.2_fixed_label\sa_3680583.jpg,4,4,3,1,0.4654664397239685,5,5,5,4,1,1,0,1,1
G:\Thesis\FACET_Dataset\Segmented_FACET_0.2_fixed_label\sa_5633666.jpg,5,5,4,1,0.7203109264373779,7,7,7,6,1,2,0,0,1
G:\Thesis\FACET_Dataset\Segmented_FACET_0.2_fixed_label\sa_5153838.jpg,3,3,2,0,0.33970004320144653,4,4,4,3,1,1,0,1,0
G:\Thesis\FACET_Dataset\Segmented_FACET_0.2_fixed_label\sa_7145981.jpg,6,6,5,1,0.5838011503219604,6,6,6,5,1,0,1,1,1
G:\Thesis\FACET_Dataset\Segmented_FACET_0.2_fixed_label\sa_10987539.jpg,4,4,3,1,0.4660174250602722,5,5,5,4,1,1,0,1,1
G:\Thesis\FACET_Dataset\Segmented_FACET_0.2_fixed_label\sa_6479500.jpg,3,3,2,0,0.37282904982566833,4,4,4,3,1,1,0,1,0
G:\Thesis\FACET_Dataset\Segmented_FACET_0.2_fixed_label\sa_1367724.jpg,2,2,1,0,0.4577751159667969,5,5,5,4,1,3,0,0,0
G:\Thesis\FACET_Dataset\Segmented_FACET_0.2_fixed_label\sa_780544.jpg,2,2,1,0,0.03931957855820656,1,1,1,0,0,1,0,1,1
G:\Thesis\FACET_Dataset\Segmented_FACET_0.2_fixed_label\sa_6987576.jpg,6,6,5,1,0.29027989506721497,4,4,4,3,1,2,0,0,1
G:\Thesis\FACET_Dataset\Segmented_FACET_0.2_fixed_label\sa_6333629.jpg,3,3,2,0,0.39460888504981995,5,5,5,4,1,2,0,0,0
G:\Thesis\FACET_Dataset\Segmented_FACET_0.2_fixed_label\sa_6542756.jpg,4,4,3,1,0.5142224431037903,6,6,6,5,1,2,0,0,1
G:\Thesis\FACET_Dataset\Segmented_FACET_0.2_fixed_label\sa_4596086.jpg,3,3,2,0,0.736813485622406,8,8,8,7,2,5,0,0,0
G:\Thesis\FACET_Dataset\Segmented_FACET_0.2_fixed_label\sa_5436532.jpg,5,5,4,1,0.28294065594673157,4,4,4,3,1,1,0,1,1
G:\Thesis\FACET_Dataset\Segmented_FACET_0.2_fixed_label\sa_10123527.jpg,2,2,1,0,0.09609074890613556,2,2,2,1,0,0,1,1,1
G:\Thesis\FACET_Dataset\Segmented_FACET_0.2_fixed_label\sa_2370129.jpg,4,4,3,1,0.4095859229564667,5,5,5,4,1,1,0,1,1
G:\Thesis\FACET_Dataset\Segmented_FACET_0.2_fixed_label\sa_875233.jpg,2,2,1,0,0.45708197355270386,5,5,5,4,1,3,0,0,0
G:\Thesis\FACET_Dataset\Segmented_FACET_0.2_fixed_label\sa_2325891.jpg,5,5,4,1,0.41883373260498047,5,5,5,4,1,0,1,1,1
G:\Thesis\FACET_Dataset\Segmented_FACET_0.2_fixed_label\sa_9575365.jpg,4,4,3,1,0.1469559520483017,2,2,2,1,0,2,0,0,0
G:\Thesis\FACET_Dataset\Segmented_FACET_0.2_fixed_label\sa_271879.jpg,4,4,3,1,0.2089969366788864,3,3,3,2,0,1,0,1,0
G:\Thesis\FACET_Dataset\Segmented_FACET_0.2_fixed_label\sa_10130929.jpg,3,3,2,0,0.1308344304561615,2,2,2,1,0,1,0,1,1
G:\Thesis\FACET_Dataset\Segmented_FACET_0.2_fixed_label\sa_587246.jpg,7,7,6,1,0.5805947184562683,6,6,6,5,1,1,0,1,1
G:\Thesis\FACET_Dataset\Segmented_FACET_0.2_fixed_label\sa_7907390.jpg,4,4,3,1,0.48984771966934204,5,5,5,4,1,1,0,1,1
G:\Thesis\FACET_Dataset\Segmented_FACET_0.2_fixed_label\sa_10034633.jpg,2,2,1,0,0.08929494768381119,2,2,2,1,0,0,1,1,1
G:\Thesis\FACET_Dataset\Segmented_FACET_0.2_fixed_label\sa_1059464.jpg,1,1,0,0,0.5839505195617676,6,6,6,5,1,5,0,0,0
G:\Thesis\FACET_Dataset\Segmented_FACET_0.2_fixed_label\sa_5374592.jpg,2,2,1,0,0.08001459389925003,2,2,2,1,0,0,1,1,1
G:\Thesis\FACET_Dataset\Segmented_FACET_0.2_fixed_label\sa_9545144.jpg,8,8,7,2,0.4393715262413025,5,5,5,4,1,3,0,0,0
G:\Thesis\FACET_Dataset\Segmented_FACET_0.2_fixed_label\sa_8253748.jpg,3,3,2,0,0.013441920280456543,1,1,1,0,0,2,0,0,1
G:\Thesis\FACET_Dataset\Segmented_FACET_0.2_fixed_label\sa_2674845.jpg,4,4,3,1,0.6183364987373352,7,7,7,6,1,3,0,0,1
G:\Thesis\FACET_Dataset\Segmented_FACET_0.2_fixed_label\sa_7674108.jpg,3,3,2,0,0.326265424489975,4,4,4,3,1,1,0,1,0
G:\Thesis\FACET_Dataset\Segmented_FACET_0.2_fixed_label\sa_4953176.jpg,6,6,5,1,0.5991412401199341,6,6,6,5,1,0,1,1,1
G:\Thesis\FACET_Dataset\Segmented_FACET_0.2_fixed_label\sa_10861772.jpg,6,6,5,1,0.17295384407043457,3,3,3,2,0,3,0,0,0
G:\Thesis\FACET_Dataset\Segmented_FACET_0.2_fixed_label\sa_4009050.jpg,3,3,2,0,0.11946205049753189,2,2,2,1,0,1,0,1,1
G:\Thesis\FACET_Dataset\Segmented_FACET_0.2_fixed_label\sa_4786068.jpg,6,6,5,1,0.617806077003479,7,7,7,6,1,1,0,1,1
G:\Thesis\FACET_Dataset\Segmented_FACET_0.2_fixed_label\sa_8786690.jpg,6,6,5,1,0.2709256410598755,3,3,3,2,0,3,0,0,0
G:\Thesis\FACET_Dataset\Segmented_FACET_0.2_fixed_label\sa_5453598.jpg,2,2,1,0,0.34507280588150024,4,4,4,3,1,2,0,0,0
G:\Thesis\FACET_Dataset\Segmented_FACET_0.2_fixed_label\sa_8343708.jpg,4,4,3,1,0.4913286864757538,5,5,5,4,1,1,0,1,1
G:\Thesis\FACET_Dataset\Segmented_FACET_0.2_fixed_label\sa_4185296.jpg,8,8,7,2,0.2546917796134949,3,3,3,2,0,5,0,0,0
G:\Thesis\FACET_Dataset\Segmented_FACET_0.2_fixed_label\sa_3920545.jpg,6,6,5,1,0.4101390540599823,5,5,5,4,1,1,0,1,1
G:\Thesis\FACET_Dataset\Segmented_FACET_0.2_fixed_label\sa_8836754.jpg,3,3,2,0,0.48668575286865234,5,5,5,4,1,2,0,0,0
G:\Thesis\FACET_Dataset\Segmented_FACET_0.2_fixed_label\sa_8447730.jpg,6,6,5,1,0.1306775063276291,2,2,2,1,0,4,0,0,0
G:\Thesis\FACET_Dataset\Segmented_FACET_0.2_fixed_label\sa_4667204.jpg,3,3,2,0,0.12992151081562042,2,2,2,1,0,1,0,1,1
G:\Thesis\FACET_Dataset\Segmented_FACET_0.2_fixed_label\sa_7162201.jpg,2,2,1,0,0.32124483585357666,4,4,4,3,1,2,0,0,0
G:\Thesis\FACET_Dataset\Segmented_FACET_0.2_fixed_label\sa_6731934.jpg,3,3,2,0,0.4260636866092682,5,5,5,4,1,2,0,0,0
G:\Thesis\FACET_Dataset\Segmented_FACET_0.2_fixed_label\sa_236627.jpg,2,2,1,0,0.49012723565101624,5,5,5,4,1,3,0,0,0
G:\Thesis\FACET_Dataset\Segmented_FACET_0.2_fixed_label\sa_4370648.jpg,9,9,8,2,0.6076766848564148,6,6,6,5,1,3,0,0,0
G:\Thesis\FACET_Dataset\Segmented_FACET_0.2_fixed_label\sa_6189368.jpg,4,4,3,1,0.4576789140701294,5,5,5,4,1,1,0,1,1
G:\Thesis\FACET_Dataset\Segmented_FACET_0.2_fixed_label\sa_9904439.jpg,7,7,6,1,0.3370087742805481,4,4,4,3,1,3,0,0,1
G:\Thesis\FACET_Dataset\Segmented_FACET_0.2_fixed_label\sa_3787193.jpg,5,5,4,1,0.44244492053985596,5,5,5,4,1,0,1,1,1
G:\Thesis\FACET_Dataset\Segmented_FACET_0.2_fixed_label\sa_619947.jpg,7,7,6,1,0.9404937624931335,9,9,9,8,2,2,0,0,0
G:\Thesis\FACET_Dataset\Segmented_FACET_0.2_fixed_label\sa_286716.jpg,3,3,2,0,0.22984223067760468,3,3,3,2,0,0,1,1,1
G:\Thesis\FACET_Dataset\Segmented_FACET_0.2_fixed_label\sa_8137950.jpg,3,3,2,0,0.5028661489486694,6,6,6,5,1,3,0,0,0
G:\Thesis\FACET_Dataset\Segmented_FACET_0.2_fixed_label\sa_10277350.jpg,5,5,4,1,0.13358792662620544,2,2,2,1,0,3,0,0,0
G:\Thesis\FACET_Dataset\Segmented_FACET_0.2_fixed_label\sa_2949780.jpg,5,5,4,1,0.11262642592191696,2,2,2,1,0,3,0,0,0
G:\Thesis\FACET_Dataset\Segmented_FACET_0.2_fixed_label\sa_4416975.jpg,9,9,8,2,0.8124050498008728,8,8,8,7,2,1,0,1,1
G:\Thesis\FACET_Dataset\Segmented_FACET_0.2_fixed_label\sa_6333458.jpg,6,6,5,1,0.425012469291687,5,5,5,4,1,1,0,1,1
G:\Thesis\FACET_Dataset\Segmented_FACET_0.2_fixed_label\sa_5400620.jpg,6,6,5,1,0.4443610608577728,5,5,5,4,1,1,0,1,1
G:\Thesis\FACET_Dataset\Segmented_FACET_0.2_fixed_label\sa_2149703.jpg,4,4,3,1,0.3794706165790558,4,4,4,3,1,0,1,1,1
G:\Thesis\FACET_Dataset\Segmented_FACET_0.2_fixed_label\sa_4515275.jpg,7,7,6,1,0.9137337803840637,9,9,9,8,2,2,0,0,0
G:\Thesis\FACET_Dataset\Segmented_FACET_0.2_fixed_label\sa_4430152.jpg,2,2,1,0,0.466109037399292,5,5,5,4,1,3,0,0,0
G:\Thesis\FACET_Dataset\Segmented_FACET_0.2_fixed_label\sa_10068268.jpg,3,3,2,0,0.044523924589157104,1,1,1,0,0,2,0,0,1
G:\Thesis\FACET_Dataset\Segmented_FACET_0.2_fixed_label\sa_8970413.jpg,8,8,7,2,0.3357817232608795,4,4,4,3,1,4,0,0,0
G:\Thesis\FACET_Dataset\Segmented_FACET_0.2_fixed_label\sa_8293466.jpg,7,7,6,1,0.5033943057060242,6,6,6,5,1,1,0,1,1
G:\Thesis\FACET_Dataset\Segmented_FACET_0.2_fixed_label\sa_3190414.jpg,3,3,2,0,0.5148600935935974,6,6,6,5,1,3,0,0,0
G:\Thesis\FACET_Dataset\Segmented_FACET_0.2_fixed_label\sa_1929122.jpg,5,5,4,1,0.42351725697517395,5,5,5,4,1,0,1,1,1
G:\Thesis\FACET_Dataset\Segmented_FACET_0.2_fixed_label\sa_7217967.jpg,5,5,4,1,0.47837406396865845,5,5,5,4,1,0,1,1,1
G:\Thesis\FACET_Dataset\Segmented_FACET_0.2_fixed_label\sa_9458625.jpg,3,3,2,0,0.36750534176826477,4,4,4,3,1,1,0,1,0
G:\Thesis\FACET_Dataset\Segmented_FACET_0.2_fixed_label\sa_8812021.jpg,4,4,3,1,0.2326299250125885,3,3,3,2,0,1,0,1,0
G:\Thesis\FACET_Dataset\Segmented_FACET_0.2_fixed_label\sa_870796.jpg,4,4,3,1,0.46679970622062683,5,5,5,4,1,1,0,1,1
G:\Thesis\FACET_Dataset\Segmented_FACET_0.2_fixed_label\sa_3012918.jpg,5,5,4,1,0.4132811427116394,5,5,5,4,1,0,1,1,1
G:\Thesis\FACET_Dataset\Segmented_FACET_0.2_fixed_label\sa_2196161.jpg,3,3,2,0,0.5630814433097839,6,6,6,5,1,3,0,0,0
G:\Thesis\FACET_Dataset\Segmented_FACET_0.2_fixed_label\sa_2499281.jpg,1,1,0,0,0.2837904393672943,4,4,4,3,1,3,0,0,0
G:\Thesis\FACET_Dataset\Segmented_FACET_0.2_fixed_label\sa_4313887.jpg,5,5,4,1,0.6356245279312134,7,7,7,6,1,2,0,0,1
G:\Thesis\FACET_Dataset\Segmented_FACET_0.2_fixed_label\sa_4068101.jpg,3,3,2,0,0.15620309114456177,2,2,2,1,0,1,0,1,1
G:\Thesis\FACET_Dataset\Segmented_FACET_0.2_fixed_label\sa_4199584.jpg,4,4,3,1,0.30726563930511475,4,4,4,3,1,0,1,1,1
G:\Thesis\FACET_Dataset\Segmented_FACET_0.2_fixed_label\sa_8531277.jpg,3,3,2,0,0.21027061343193054,3,3,3,2,0,0,1,1,1
G:\Thesis\FACET_Dataset\Segmented_FACET_0.2_fixed_label\sa_1442214.jpg,2,2,1,0,0.3651656210422516,4,4,4,3,1,2,0,0,0
G:\Thesis\FACET_Dataset\Segmented_FACET_0.2_fixed_label\sa_4079700.jpg,5,5,4,1,0.3809880018234253,4,4,4,3,1,1,0,1,1
G:\Thesis\FACET_Dataset\Segmented_FACET_0.2_fixed_label\sa_5677264.jpg,4,4,3,1,0.45247066020965576,5,5,5,4,1,1,0,1,1
G:\Thesis\FACET_Dataset\Segmented_FACET_0.2_fixed_label\sa_5465335.jpg,3,3,2,0,0.2516166865825653,3,3,3,2,0,0,1,1,1
G:\Thesis\FACET_Dataset\Segmented_FACET_0.2_fixed_label\sa_1462121.jpg,4,4,3,1,0.17382511496543884,3,3,3,2,0,1,0,1,0
G:\Thesis\FACET_Dataset\Segmented_FACET_0.2_fixed_label\sa_5976402.jpg,2,2,1,0,0.36230579018592834,4,4,4,3,1,2,0,0,0
G:\Thesis\FACET_Dataset\Segmented_FACET_0.2_fixed_label\sa_1441403.jpg,3,3,2,0,0.44216102361679077,5,5,5,4,1,2,0,0,0
G:\Thesis\FACET_Dataset\Segmented_FACET_0.2_fixed_label\sa_1793094.jpg,2,2,1,0,0.14904478192329407,2,2,2,1,0,0,1,1,1
G:\Thesis\FACET_Dataset\Segmented_FACET_0.2_fixed_label\sa_8539185.jpg,2,2,1,0,0.44795745611190796,5,5,5,4,1,3,0,0,0
G:\Thesis\FACET_Dataset\Segmented_FACET_0.2_fixed_label\sa_7072705.jpg,5,5,4,1,0.48164093494415283,5,5,5,4,1,0,1,1,1
G:\Thesis\FACET_Dataset\Segmented_FACET_0.2_fixed_label\sa_350152.jpg,3,3,2,0,0.25182783603668213,3,3,3,2,0,0,1,1,1
G:\Thesis\FACET_Dataset\Segmented_FACET_0.2_fixed_label\sa_4563150.jpg,2,2,1,0,0.39821600914001465,5,5,5,4,1,3,0,0,0
G:\Thesis\FACET_Dataset\Segmented_FACET_0.2_fixed_label\sa_975478.jpg,5,5,4,1,0.3747953474521637,4,4,4,3,1,1,0,1,1
G:\Thesis\FACET_Dataset\Segmented_FACET_0.2_fixed_label\sa_2746131.jpg,5,5,4,1,0.21174836158752441,3,3,3,2,0,2,0,0,0
G:\Thesis\FACET_Dataset\Segmented_FACET_0.2_fixed_label\sa_6844966.jpg,4,4,3,1,0.4956415891647339,5,5,5,4,1,1,0,1,1
G:\Thesis\FACET_Dataset\Segmented_FACET_0.2_fixed_label\sa_7005202.jpg,3,3,2,0,0.4448729455471039,5,5,5,4,1,2,0,0,0
G:\Thesis\FACET_Dataset\Segmented_FACET_0.2_fixed_label\sa_7330766.jpg,3,3,2,0,0.5220265984535217,6,6,6,5,1,3,0,0,0
G:\Thesis\FACET_Dataset\Segmented_FACET_0.2_fixed_label\sa_3436418.jpg,6,6,5,1,0.09732752293348312,2,2,2,1,0,4,0,0,0
G:\Thesis\FACET_Dataset\Segmented_FACET_0.2_fixed_label\sa_11053641.jpg,4,4,3,1,0.36658912897109985,4,4,4,3,1,0,1,1,1
G:\Thesis\FACET_Dataset\Segmented_FACET_0.2_fixed_label\sa_8381515.jpg,4,4,3,1,0.4865606427192688,5,5,5,4,1,1,0,1,1
G:\Thesis\FACET_Dataset\Segmented_FACET_0.2_fixed_label\sa_1984040.jpg,6,6,5,1,0.31641900539398193,4,4,4,3,1,2,0,0,1
G:\Thesis\FACET_Dataset\Segmented_FACET_0.2_fixed_label\sa_8489176.jpg,9,9,8,2,0.3961774706840515,5,5,5,4,1,4,0,0,0
G:\Thesis\FACET_Dataset\Segmented_FACET_0.2_fixed_label\sa_1435095.jpg,4,4,3,1,0.2855278253555298,4,4,4,3,1,0,1,1,1
G:\Thesis\FACET_Dataset\Segmented_FACET_0.2_fixed_label\sa_10340266.jpg,4,4,3,1,0.13340440392494202,2,2,2,1,0,2,0,0,0
G:\Thesis\FACET_Dataset\Segmented_FACET_0.2_fixed_label\sa_15807.jpg,3,3,2,0,0.3410279452800751,4,4,4,3,1,1,0,1,0
G:\Thesis\FACET_Dataset\Segmented_FACET_0.2_fixed_label\sa_10887048.jpg,4,4,3,1,0.47659727931022644,5,5,5,4,1,1,0,1,1
G:\Thesis\FACET_Dataset\Segmented_FACET_0.2_fixed_label\sa_7113737.jpg,2,2,1,0,0.7255199551582336,8,8,8,7,2,6,0,0,0
G:\Thesis\FACET_Dataset\Segmented_FACET_0.2_fixed_label\sa_7344264.jpg,3,3,2,0,0.14463765919208527,2,2,2,1,0,1,0,1,1
G:\Thesis\FACET_Dataset\Segmented_FACET_0.2_fixed_label\sa_6390701.jpg,4,4,3,1,0.5577269196510315,6,6,6,5,1,2,0,0,1
G:\Thesis\FACET_Dataset\Segmented_FACET_0.2_fixed_label\sa_4450995.jpg,2,2,1,0,0.24616612493991852,3,3,3,2,0,1,0,1,1
G:\Thesis\FACET_Dataset\Segmented_FACET_0.2_fixed_label\sa_1195619.jpg,5,5,4,1,0.5090704560279846,6,6,6,5,1,1,0,1,1
G:\Thesis\FACET_Dataset\Segmented_FACET_0.2_fixed_label\sa_11054725.jpg,5,5,4,1,0.5396150946617126,6,6,6,5,1,1,0,1,1
G:\Thesis\FACET_Dataset\Segmented_FACET_0.2_fixed_label\sa_2255583.jpg,2,2,1,0,0.25735408067703247,3,3,3,2,0,1,0,1,1
G:\Thesis\FACET_Dataset\Segmented_FACET_0.2_fixed_label\sa_8743424.jpg,3,3,2,0,0.12442833930253983,2,2,2,1,0,1,0,1,1
G:\Thesis\FACET_Dataset\Segmented_FACET_0.2_fixed_label\sa_11034656.jpg,6,6,5,1,0.29366257786750793,4,4,4,3,1,2,0,0,1
G:\Thesis\FACET_Dataset\Segmented_FACET_0.2_fixed_label\sa_6110157.jpg,4,4,3,1,0.45719075202941895,5,5,5,4,1,1,0,1,1
G:\Thesis\FACET_Dataset\Segmented_FACET_0.2_fixed_label\sa_2559933.jpg,5,5,4,1,0.21255724132061005,3,3,3,2,0,2,0,0,0
G:\Thesis\FACET_Dataset\Segmented_FACET_0.2_fixed_label\sa_1404960.jpg,3,3,2,0,0.1736689805984497,3,3,3,2,0,0,1,1,1
G:\Thesis\FACET_Dataset\Segmented_FACET_0.2_fixed_label\sa_3437748.jpg,7,7,6,1,0.27557677030563354,3,3,3,2,0,4,0,0,0
G:\Thesis\FACET_Dataset\Segmented_FACET_0.2_fixed_label\sa_6166993.jpg,3,3,2,0,0.19177059829235077,3,3,3,2,0,0,1,1,1
G:\Thesis\FACET_Dataset\Segmented_FACET_0.2_fixed_label\sa_8438635.jpg,4,4,3,1,0.32340413331985474,4,4,4,3,1,0,1,1,1
G:\Thesis\FACET_Dataset\Segmented_FACET_0.2_fixed_label\sa_2937365.jpg,2,2,1,0,0.5444932579994202,6,6,6,5,1,4,0,0,0
G:\Thesis\FACET_Dataset\Segmented_FACET_0.2_fixed_label\sa_10202700.jpg,8,8,7,2,0.35282066464424133,4,4,4,3,1,4,0,0,0
G:\Thesis\FACET_Dataset\Segmented_FACET_0.2_fixed_label\sa_3513021.jpg,3,3,2,0,0.24453066289424896,3,3,3,2,0,0,1,1,1
G:\Thesis\FACET_Dataset\Segmented_FACET_0.2_fixed_label\sa_3878735.jpg,6,6,5,1,0.1823403686285019,3,3,3,2,0,3,0,0,0
G:\Thesis\FACET_Dataset\Segmented_FACET_0.2_fixed_label\sa_7971175.jpg,3,3,2,0,0.37392690777778625,4,4,4,3,1,1,0,1,0
G:\Thesis\FACET_Dataset\Segmented_FACET_0.2_fixed_label\sa_8022355.jpg,6,6,5,1,0.450488805770874,5,5,5,4,1,1,0,1,1
G:\Thesis\FACET_Dataset\Segmented_FACET_0.2_fixed_label\sa_5712543.jpg,2,2,1,0,0.17397038638591766,3,3,3,2,0,1,0,1,1
G:\Thesis\FACET_Dataset\Segmented_FACET_0.2_fixed_label\sa_7943968.jpg,2,2,1,0,0.26761379837989807,3,3,3,2,0,1,0,1,1
G:\Thesis\FACET_Dataset\Segmented_FACET_0.2_fixed_label\sa_10217841.jpg,2,2,1,0,0.3190574049949646,4,4,4,3,1,2,0,0,0
G:\Thesis\FACET_Dataset\Segmented_FACET_0.2_fixed_label\sa_7213451.jpg,3,3,2,0,0.4201846718788147,5,5,5,4,1,2,0,0,0
G:\Thesis\FACET_Dataset\Segmented_FACET_0.2_fixed_label\sa_9604483.jpg,3,3,2,0,0.14121368527412415,2,2,2,1,0,1,0,1,1
G:\Thesis\FACET_Dataset\Segmented_FACET_0.2_fixed_label\sa_10498237.jpg,2,2,1,0,0.3500280976295471,4,4,4,3,1,2,0,0,0
G:\Thesis\FACET_Dataset\Segmented_FACET_0.2_fixed_label\sa_10459138.jpg,3,3,2,0,0.1296336054801941,2,2,2,1,0,1,0,1,1
G:\Thesis\FACET_Dataset\Segmented_FACET_0.2_fixed_label\sa_8539185.jpg,2,2,1,0,0.44795745611190796,5,5,5,4,1,3,0,0,0
G:\Thesis\FACET_Dataset\Segmented_FACET_0.2_fixed_label\sa_5093441.jpg,2,2,1,0,0.04103226959705353,1,1,1,0,0,1,0,1,1
G:\Thesis\FACET_Dataset\Segmented_FACET_0.2_fixed_label\sa_3665560.jpg,5,5,4,1,0.3361213803291321,4,4,4,3,1,1,0,1,1
G:\Thesis\FACET_Dataset\Segmented_FACET_0.2_fixed_label\sa_1229148.jpg,5,5,4,1,0.2121364176273346,3,3,3,2,0,2,0,0,0
G:\Thesis\FACET_Dataset\Segmented_FACET_0.2_fixed_label\sa_7373385.jpg,4,4,3,1,0.42306846380233765,5,5,5,4,1,1,0,1,1
G:\Thesis\FACET_Dataset\Segmented_FACET_0.2_fixed_label\sa_4231211.jpg,5,5,4,1,0.8335554003715515,9,9,9,8,2,4,0,0,0
G:\Thesis\FACET_Dataset\Segmented_FACET_0.2_fixed_label\sa_3490225.jpg,9,9,8,2,0.6483392119407654,7,7,7,6,1,2,0,0,0
G:\Thesis\FACET_Dataset\Segmented_FACET_0.2_fixed_label\sa_4231211.jpg,2,2,1,0,0.8335554003715515,9,9,9,8,2,7,0,0,0
G:\Thesis\FACET_Dataset\Segmented_FACET_0.2_fixed_label\sa_1012178.jpg,5,5,4,1,0.48356905579566956,5,5,5,4,1,0,1,1,1
G:\Thesis\FACET_Dataset\Segmented_FACET_0.2_fixed_label\sa_5322173.jpg,3,3,2,0,0.4004848897457123,5,5,5,4,1,2,0,0,0
G:\Thesis\FACET_Dataset\Segmented_FACET_0.2_fixed_label\sa_10109543.jpg,5,5,4,1,0.13437190651893616,2,2,2,1,0,3,0,0,0
G:\Thesis\FACET_Dataset\Segmented_FACET_0.2_fixed_label\sa_2564768.jpg,3,3,2,0,0.16655318439006805,2,2,2,1,0,1,0,1,1
G:\Thesis\FACET_Dataset\Segmented_FACET_0.2_fixed_label\sa_7789823.jpg,7,7,6,1,0.6401898860931396,7,7,7,6,1,0,1,1,1
G:\Thesis\FACET_Dataset\Segmented_FACET_0.2_fixed_label\sa_5333185.jpg,5,5,4,1,0.5012883543968201,6,6,6,5,1,1,0,1,1
G:\Thesis\FACET_Dataset\Segmented_FACET_0.2_fixed_label\sa_8748950.jpg,6,6,5,1,0.6040734052658081,6,6,6,5,1,0,1,1,1
G:\Thesis\FACET_Dataset\Segmented_FACET_0.2_fixed_label\sa_10957218.jpg,8,8,7,2,0.47277021408081055,5,5,5,4,1,3,0,0,0
G:\Thesis\FACET_Dataset\Segmented_FACET_0.2_fixed_label\sa_1013900.jpg,2,2,1,0,0.3164643943309784,4,4,4,3,1,2,0,0,0
G:\Thesis\FACET_Dataset\Segmented_FACET_0.2_fixed_label\sa_6482255.jpg,2,2,1,0,0.07837217301130295,2,2,2,1,0,0,1,1,1
G:\Thesis\FACET_Dataset\Segmented_FACET_0.2_fixed_label\sa_7779201.jpg,4,4,3,1,0.8133523464202881,8,8,8,7,2,4,0,0,0
G:\Thesis\FACET_Dataset\Segmented_FACET_0.2_fixed_label\sa_9288427.jpg,4,4,3,1,0.10809455811977386,2,2,2,1,0,2,0,0,0
G:\Thesis\FACET_Dataset\Segmented_FACET_0.2_fixed_label\sa_3526045.jpg,1,1,0,0,0.25337743759155273,3,3,3,2,0,2,0,0,1
G:\Thesis\FACET_Dataset\Segmented_FACET_0.2_fixed_label\sa_3024384.jpg,6,6,5,1,0.15412749350070953,2,2,2,1,0,4,0,0,0
G:\Thesis\FACET_Dataset\Segmented_FACET_0.2_fixed_label\sa_5476556.jpg,3,3,2,0,0.3704277575016022,4,4,4,3,1,1,0,1,0
G:\Thesis\FACET_Dataset\Segmented_FACET_0.2_fixed_label\sa_10720806.jpg,2,2,1,0,0.18694807589054108,3,3,3,2,0,1,0,1,1
G:\Thesis\FACET_Dataset\Segmented_FACET_0.2_fixed_label\sa_1442214.jpg,2,2,1,0,0.3651656210422516,4,4,4,3,1,2,0,0,0
G:\Thesis\FACET_Dataset\Segmented_FACET_0.2_fixed_label\sa_7453249.jpg,6,6,5,1,0.5646905899047852,6,6,6,5,1,0,1,1,1
G:\Thesis\FACET_Dataset\Segmented_FACET_0.2_fixed_label\sa_8880378.jpg,1,1,0,0,0.23560731112957,3,3,3,2,0,2,0,0,1
G:\Thesis\FACET_Dataset\Segmented_FACET_0.2_fixed_label\sa_591356.jpg,4,4,3,1,0.5324836373329163,6,6,6,5,1,2,0,0,1
G:\Thesis\FACET_Dataset\Segmented_FACET_0.2_fixed_label\sa_8614714.jpg,4,4,3,1,0.39444828033447266,5,5,5,4,1,1,0,1,1
G:\Thesis\FACET_Dataset\Segmented_FACET_0.2_fixed_label\sa_3924441.jpg,3,3,2,0,0.33434954285621643,4,4,4,3,1,1,0,1,0
G:\Thesis\FACET_Dataset\Segmented_FACET_0.2_fixed_label\sa_9454089.jpg,5,5,4,1,0.5337754487991333,6,6,6,5,1,1,0,1,1
G:\Thesis\FACET_Dataset\Segmented_FACET_0.2_fixed_label\sa_8273213.jpg,1,1,0,0,0.4908134341239929,5,5,5,4,1,4,0,0,0
G:\Thesis\FACET_Dataset\Segmented_FACET_0.2_fixed_label\sa_3069634.jpg,5,5,4,1,0.5628979206085205,6,6,6,5,1,1,0,1,1
G:\Thesis\FACET_Dataset\Segmented_FACET_0.2_fixed_label\sa_6418033.jpg,6,6,5,1,0.6941304206848145,7,7,7,6,1,1,0,1,1
G:\Thesis\FACET_Dataset\Segmented_FACET_0.2_fixed_label\sa_8970413.jpg,7,7,6,1,0.3357817232608795,4,4,4,3,1,3,0,0,1
G:\Thesis\FACET_Dataset\Segmented_FACET_0.2_fixed_label\sa_1049914.jpg,4,4,3,1,0.13145998120307922,2,2,2,1,0,2,0,0,0
G:\Thesis\FACET_Dataset\Segmented_FACET_0.2_fixed_label\sa_9197419.jpg,6,6,5,1,0.45902466773986816,5,5,5,4,1,1,0,1,1
G:\Thesis\FACET_Dataset\Segmented_FACET_0.2_fixed_label\sa_5284808.jpg,2,2,1,0,0.08037830889225006,2,2,2,1,0,0,1,1,1
G:\Thesis\FACET_Dataset\Segmented_FACET_0.2_fixed_label\sa_5633666.jpg,5,5,4,1,0.7203109264373779,7,7,7,6,1,2,0,0,1
G:\Thesis\FACET_Dataset\Segmented_FACET_0.2_fixed_label\sa_9573144.jpg,2,2,1,0,0.23449818789958954,3,3,3,2,0,1,0,1,1
G:\Thesis\FACET_Dataset\Segmented_FACET_0.2_fixed_label\sa_7593135.jpg,2,2,1,0,0.46956101059913635,5,5,5,4,1,3,0,0,0
G:\Thesis\FACET_Dataset\Segmented_FACET_0.2_fixed_label\sa_10705237.jpg,4,4,3,1,0.5981045961380005,6,6,6,5,1,2,0,0,1
G:\Thesis\FACET_Dataset\Segmented_FACET_0.2_fixed_label\sa_5526742.jpg,5,5,4,1,0.4354631006717682,5,5,5,4,1,0,1,1,1
G:\Thesis\FACET_Dataset\Segmented_FACET_0.2_fixed_label\sa_10189559.jpg,1,1,0,0,0.16779491305351257,3,3,3,2,0,2,0,0,1
G:\Thesis\FACET_Dataset\Segmented_FACET_0.2_fixed_label\sa_10206504.jpg,6,6,5,1,0.7415542006492615,8,8,8,7,2,2,0,0,0
G:\Thesis\FACET_Dataset\Segmented_FACET_0.2_fixed_label\sa_4808180.jpg,3,3,2,0,0.3668869137763977,4,4,4,3,1,1,0,1,0
G:\Thesis\FACET_Dataset\Segmented_FACET_0.2_fixed_label\sa_1468527.jpg,5,5,4,1,0.43678560853004456,5,5,5,4,1,0,1,1,1
G:\Thesis\FACET_Dataset\Segmented_FACET_0.2_fixed_label\sa_1229148.jpg,2,2,1,0,0.2121364176273346,3,3,3,2,0,1,0,1,1
G:\Thesis\FACET_Dataset\Segmented_FACET_0.2_fixed_label\sa_3409064.jpg,3,3,2,0,0.12261497229337692,2,2,2,1,0,1,0,1,1
G:\Thesis\FACET_Dataset\Segmented_FACET_0.2_fixed_label\sa_5515644.jpg,3,3,2,0,0.19354552030563354,3,3,3,2,0,0,1,1,1
G:\Thesis\FACET_Dataset\Segmented_FACET_0.2_fixed_label\sa_1741181.jpg,4,4,3,1,0.15175265073776245,2,2,2,1,0,2,0,0,0
G:\Thesis\FACET_Dataset\Segmented_FACET_0.2_fixed_label\sa_2813753.jpg,4,4,3,1,0.43087536096572876,5,5,5,4,1,1,0,1,1
G:\Thesis\FACET_Dataset\Segmented_FACET_0.2_fixed_label\sa_4455432.jpg,8,8,7,2,0.7877631783485413,8,8,8,7,2,0,1,1,1
G:\Thesis\FACET_Dataset\Segmented_FACET_0.2_fixed_label\sa_1282407.jpg,2,2,1,0,0.20377115905284882,3,3,3,2,0,1,0,1,1
G:\Thesis\FACET_Dataset\Segmented_FACET_0.2_fixed_label\sa_3087418.jpg,6,6,5,1,0.5598082542419434,6,6,6,5,1,0,1,1,1
G:\Thesis\FACET_Dataset\Segmented_FACET_0.2_fixed_label\sa_9467051.jpg,5,5,4,1,0.1888582408428192,3,3,3,2,0,2,0,0,0
G:\Thesis\FACET_Dataset\Segmented_FACET_0.2_fixed_label\sa_33770.jpg,3,3,2,0,0.4739648401737213,5,5,5,4,1,2,0,0,0
G:\Thesis\FACET_Dataset\Segmented_FACET_0.2_fixed_label\sa_5359669.jpg,9,9,8,2,0.6946688294410706,7,7,7,6,1,2,0,0,0
G:\Thesis\FACET_Dataset\Segmented_FACET_0.2_fixed_label\sa_5950493.jpg,4,4,3,1,0.07145573198795319,2,2,2,1,0,2,0,0,0
G:\Thesis\FACET_Dataset\Segmented_FACET_0.2_fixed_label\sa_10523359.jpg,4,4,3,1,0.38452816009521484,4,4,4,3,1,0,1,1,1
G:\Thesis\FACET_Dataset\Segmented_FACET_0.2_fixed_label\sa_1073347.jpg,3,3,2,0,0.18778854608535767,3,3,3,2,0,0,1,1,1
G:\Thesis\FACET_Dataset\Segmented_FACET_0.2_fixed_label\sa_7067411.jpg,3,3,2,0,0.43308112025260925,5,5,5,4,1,2,0,0,0
G:\Thesis\FACET_Dataset\Segmented_FACET_0.2_fixed_label\sa_4331908.jpg,3,3,2,0,0.3759857714176178,4,4,4,3,1,1,0,1,0
G:\Thesis\FACET_Dataset\Segmented_FACET_0.2_fixed_label\sa_7336637.jpg,3,3,2,0,0.4861821234226227,5,5,5,4,1,2,0,0,0
G:\Thesis\FACET_Dataset\Segmented_FACET_0.2_fixed_label\sa_11183987.jpg,5,5,4,1,0.5085679292678833,6,6,6,5,1,1,0,1,1
G:\Thesis\FACET_Dataset\Segmented_FACET_0.2_fixed_label\sa_4644720.jpg,4,4,3,1,0.3332737684249878,4,4,4,3,1,0,1,1,1
G:\Thesis\FACET_Dataset\Segmented_FACET_0.2_fixed_label\sa_7021900.jpg,3,3,2,0,0.07219945639371872,2,2,2,1,0,1,0,1,1
G:\Thesis\FACET_Dataset\Segmented_FACET_0.2_fixed_label\sa_8754701.jpg,2,2,1,0,0.4187298119068146,5,5,5,4,1,3,0,0,0
G:\Thesis\FACET_Dataset\Segmented_FACET_0.2_fixed_label\sa_6274456.jpg,4,4,3,1,0.3929532468318939,5,5,5,4,1,1,0,1,1
G:\Thesis\FACET_Dataset\Segmented_FACET_0.2_fixed_label\sa_3314883.jpg,2,2,1,0,0.4512990713119507,5,5,5,4,1,3,0,0,0
G:\Thesis\FACET_Dataset\Segmented_FACET_0.2_fixed_label\sa_6712641.jpg,7,7,6,1,0.6464040875434875,7,7,7,6,1,0,1,1,1
G:\Thesis\FACET_Dataset\Segmented_FACET_0.2_fixed_label\sa_9494962.jpg,9,9,8,2,0.6029281616210938,6,6,6,5,1,3,0,0,0
G:\Thesis\FACET_Dataset\Segmented_FACET_0.2_fixed_label\sa_3362329.jpg,8,8,7,2,0.3709184229373932,4,4,4,3,1,4,0,0,0
G:\Thesis\FACET_Dataset\Segmented_FACET_0.2_fixed_label\sa_8201612.jpg,7,7,6,1,0.540765106678009,6,6,6,5,1,1,0,1,1
G:\Thesis\FACET_Dataset\Segmented_FACET_0.2_fixed_label\sa_7963944.jpg,3,3,2,0,0.602591335773468,6,6,6,5,1,3,0,0,0
G:\Thesis\FACET_Dataset\Segmented_FACET_0.2_fixed_label\sa_7440898.jpg,2,2,1,0,0.5324397683143616,6,6,6,5,1,4,0,0,0
G:\Thesis\FACET_Dataset\Segmented_FACET_0.2_fixed_label\sa_9993648.jpg,3,3,2,0,0.05732028931379318,2,2,2,1,0,1,0,1,1
G:\Thesis\FACET_Dataset\Segmented_FACET_0.2_fixed_label\sa_6663509.jpg,6,6,5,1,0.5421203374862671,6,6,6,5,1,0,1,1,1
G:\Thesis\FACET_Dataset\Segmented_FACET_0.2_fixed_label\sa_9584356.jpg,3,3,2,0,0.1440279483795166,2,2,2,1,0,1,0,1,1
G:\Thesis\FACET_Dataset\Segmented_FACET_0.2_fixed_label\sa_974197.jpg,3,3,2,0,0.28715959191322327,4,4,4,3,1,1,0,1,0
G:\Thesis\FACET_Dataset\Segmented_FACET_0.2_fixed_label\sa_607894.jpg,3,3,2,0,0.169981449842453,3,3,3,2,0,0,1,1,1
G:\Thesis\FACET_Dataset\Segmented_FACET_0.2_fixed_label\sa_443340.jpg,2,2,1,0,0.29010239243507385,4,4,4,3,1,2,0,0,0
G:\Thesis\FACET_Dataset\Segmented_FACET_0.2_fixed_label\sa_6934043.jpg,4,4,3,1,0.3018941283226013,4,4,4,3,1,0,1,1,1
G:\Thesis\FACET_Dataset\Segmented_FACET_0.2_fixed_label\sa_4211530.jpg,1,1,0,0,0.05687163025140762,2,2,2,1,0,1,0,1,1
G:\Thesis\FACET_Dataset\Segmented_FACET_0.2_fixed_label\sa_8119206.jpg,5,5,4,1,0.41825753450393677,5,5,5,4,1,0,1,1,1
G:\Thesis\FACET_Dataset\Segmented_FACET_0.2_fixed_label\sa_2225060.jpg,4,4,3,1,0.39690840244293213,5,5,5,4,1,1,0,1,1
G:\Thesis\FACET_Dataset\Segmented_FACET_0.2_fixed_label\sa_416153.jpg,1,1,0,0,0.35679545998573303,4,4,4,3,1,3,0,0,0
G:\Thesis\FACET_Dataset\Segmented_FACET_0.2_fixed_label\sa_2204614.jpg,5,5,4,1,0.4148067235946655,5,5,5,4,1,0,1,1,1
G:\Thesis\FACET_Dataset\Segmented_FACET_0.2_fixed_label\sa_312129.jpg,3,3,2,0,0.699174165725708,7,7,7,6,1,4,0,0,0
G:\Thesis\FACET_Dataset\Segmented_FACET_0.2_fixed_label\sa_7723303.jpg,4,4,3,1,0.4814641773700714,5,5,5,4,1,1,0,1,1
G:\Thesis\FACET_Dataset\Segmented_FACET_0.2_fixed_label\sa_7256930.jpg,5,5,4,1,0.4002448320388794,5,5,5,4,1,0,1,1,1
G:\Thesis\FACET_Dataset\Segmented_FACET_0.2_fixed_label\sa_4570059.jpg,4,4,3,1,0.28160756826400757,4,4,4,3,1,0,1,1,1
G:\Thesis\FACET_Dataset\Segmented_FACET_0.2_fixed_label\sa_8531277.jpg,5,5,4,1,0.21027061343193054,3,3,3,2,0,2,0,0,0
G:\Thesis\FACET_Dataset\Segmented_FACET_0.2_fixed_label\sa_5574212.jpg,2,2,1,0,0.18896424770355225,3,3,3,2,0,1,0,1,1
G:\Thesis\FACET_Dataset\Segmented_FACET_0.2_fixed_label\sa_2215123.jpg,3,3,2,0,0.41126877069473267,5,5,5,4,1,2,0,0,0
G:\Thesis\FACET_Dataset\Segmented_FACET_0.2_fixed_label\sa_6977491.jpg,2,2,1,0,0.2716296315193176,3,3,3,2,0,1,0,1,1
G:\Thesis\FACET_Dataset\Segmented_FACET_0.2_fixed_label\sa_10553447.jpg,2,2,1,0,0.14620362222194672,2,2,2,1,0,0,1,1,1
G:\Thesis\FACET_Dataset\Segmented_FACET_0.2_fixed_label\sa_592062.jpg,7,7,6,1,0.5078780055046082,6,6,6,5,1,1,0,1,1
G:\Thesis\FACET_Dataset\Segmented_FACET_0.2_fixed_label\sa_817940.jpg,4,4,3,1,0.4624944031238556,5,5,5,4,1,1,0,1,1
G:\Thesis\FACET_Dataset\Segmented_FACET_0.2_fixed_label\sa_1005786.jpg,6,6,5,1,0.47665297985076904,5,5,5,4,1,1,0,1,1
G:\Thesis\FACET_Dataset\Segmented_FACET_0.2_fixed_label\sa_8700852.jpg,3,3,2,0,0.45454174280166626,5,5,5,4,1,2,0,0,0
G:\Thesis\FACET_Dataset\Segmented_FACET_0.2_fixed_label\sa_6411745.jpg,9,9,8,2,0.5838233828544617,6,6,6,5,1,3,0,0,0
G:\Thesis\FACET_Dataset\Segmented_FACET_0.2_fixed_label\sa_8815397.jpg,4,4,3,1,0.44822901487350464,5,5,5,4,1,1,0,1,1
G:\Thesis\FACET_Dataset\Segmented_FACET_0.2_fixed_label\sa_9040041.jpg,3,3,2,0,0.046057477593421936,1,1,1,0,0,2,0,0,1
G:\Thesis\FACET_Dataset\Segmented_FACET_0.2_fixed_label\sa_6481829.jpg,3,3,2,0,0.13119593262672424,2,2,2,1,0,1,0,1,1
G:\Thesis\FACET_Dataset\Segmented_FACET_0.2_fixed_label\sa_1611695.jpg,4,4,3,1,0.06558110564947128,2,2,2,1,0,2,0,0,0
G:\Thesis\FACET_Dataset\Segmented_FACET_0.2_fixed_label\sa_6440016.jpg,6,6,5,1,0.3998924493789673,5,5,5,4,1,1,0,1,1
G:\Thesis\FACET_Dataset\Segmented_FACET_0.2_fixed_label\sa_10040081.jpg,2,2,1,0,0.5156553387641907,6,6,6,5,1,4,0,0,0
G:\Thesis\FACET_Dataset\Segmented_FACET_0.2_fixed_label\sa_6195714.jpg,3,3,2,0,0.07909799367189407,2,2,2,1,0,1,0,1,1
G:\Thesis\FACET_Dataset\Segmented_FACET_0.2_fixed_label\sa_9360131.jpg,3,3,2,0,0.3371955454349518,4,4,4,3,1,1,0,1,0
G:\Thesis\FACET_Dataset\Segmented_FACET_0.2_fixed_label\sa_4273169.jpg,5,5,4,1,0.9798571467399597,10,10,10,9,2,5,0,0,0
G:\Thesis\FACET_Dataset\Segmented_FACET_0.2_fixed_label\sa_6969128.jpg,6,6,5,1,0.609296977519989,6,6,6,5,1,0,1,1,1
G:\Thesis\FACET_Dataset\Segmented_FACET_0.2_fixed_label\sa_4489155.jpg,2,2,1,0,0.3983691930770874,5,5,5,4,1,3,0,0,0
G:\Thesis\FACET_Dataset\Segmented_FACET_0.2_fixed_label\sa_3306006.jpg,5,5,4,1,0.5644246339797974,6,6,6,5,1,1,0,1,1
G:\Thesis\FACET_Dataset\Segmented_FACET_0.2_fixed_label\sa_5341256.jpg,4,4,3,1,0.3543762266635895,4,4,4,3,1,0,1,1,1
G:\Thesis\FACET_Dataset\Segmented_FACET_0.2_fixed_label\sa_4326242.jpg,2,2,1,0,0.09569527208805084,2,2,2,1,0,0,1,1,1
G:\Thesis\FACET_Dataset\Segmented_FACET_0.2_fixed_label\sa_322016.jpg,7,7,6,1,0.32003334164619446,4,4,4,3,1,3,0,0,1
G:\Thesis\FACET_Dataset\Segmented_FACET_0.2_fixed_label\sa_9013849.jpg,2,2,1,0,0.15970121324062347,2,2,2,1,0,0,1,1,1
G:\Thesis\FACET_Dataset\Segmented_FACET_0.2_fixed_label\sa_9195790.jpg,3,3,2,0,0.3531966209411621,4,4,4,3,1,1,0,1,0
G:\Thesis\FACET_Dataset\Segmented_FACET_0.2_fixed_label\sa_4218870.jpg,2,2,1,0,0.14221403002738953,2,2,2,1,0,0,1,1,1
G:\Thesis\FACET_Dataset\Segmented_FACET_0.2_fixed_label\sa_2718141.jpg,3,3,2,0,0.13401155173778534,2,2,2,1,0,1,0,1,1
G:\Thesis\FACET_Dataset\Segmented_FACET_0.2_fixed_label\sa_8427682.jpg,5,5,4,1,0.41578245162963867,5,5,5,4,1,0,1,1,1
G:\Thesis\FACET_Dataset\Segmented_FACET_0.2_fixed_label\sa_10168183.jpg,6,6,5,1,0.9138516783714294,9,9,9,8,2,3,0,0,0
G:\Thesis\FACET_Dataset\Segmented_FACET_0.2_fixed_label\sa_4974213.jpg,2,2,1,0,0.21307773888111115,3,3,3,2,0,1,0,1,1
G:\Thesis\FACET_Dataset\Segmented_FACET_0.2_fixed_label\sa_2773879.jpg,6,6,5,1,0.4333396553993225,5,5,5,4,1,1,0,1,1
G:\Thesis\FACET_Dataset\Segmented_FACET_0.2_fixed_label\sa_8620905.jpg,6,6,5,1,0.4497940242290497,5,5,5,4,1,1,0,1,1
G:\Thesis\FACET_Dataset\Segmented_FACET_0.2_fixed_label\sa_8889050.jpg,8,8,7,2,0.5425388216972351,6,6,6,5,1,2,0,0,0
G:\Thesis\FACET_Dataset\Segmented_FACET_0.2_fixed_label\sa_4935104.jpg,2,2,1,0,0.2399737536907196,3,3,3,2,0,1,0,1,1
G:\Thesis\FACET_Dataset\Segmented_FACET_0.2_fixed_label\sa_180358.jpg,4,4,3,1,0.4292873442173004,5,5,5,4,1,1,0,1,1
G:\Thesis\FACET_Dataset\Segmented_FACET_0.2_fixed_label\sa_4006046.jpg,3,3,2,0,0.17906272411346436,3,3,3,2,0,0,1,1,1
G:\Thesis\FACET_Dataset\Segmented_FACET_0.2_fixed_label\sa_7814016.jpg,2,2,1,0,0.49593254923820496,5,5,5,4,1,3,0,0,0
G:\Thesis\FACET_Dataset\Segmented_FACET_0.2_fixed_label\sa_6210762.jpg,4,4,3,1,0.10096345841884613,2,2,2,1,0,2,0,0,0
G:\Thesis\FACET_Dataset\Segmented_FACET_0.2_fixed_label\sa_10590855.jpg,6,6,5,1,0.3094783425331116,4,4,4,3,1,2,0,0,1
G:\Thesis\FACET_Dataset\Segmented_FACET_0.2_fixed_label\sa_3014967.jpg,3,3,2,0,0.4042069911956787,5,5,5,4,1,2,0,0,0
G:\Thesis\FACET_Dataset\Segmented_FACET_0.2_fixed_label\sa_7825044.jpg,6,6,5,1,0.5254642367362976,6,6,6,5,1,0,1,1,1
G:\Thesis\FACET_Dataset\Segmented_FACET_0.2_fixed_label\sa_7792076.jpg,2,2,1,0,0.133825421333313,2,2,2,1,0,0,1,1,1
G:\Thesis\FACET_Dataset\Segmented_FACET_0.2_fixed_label\sa_8956098.jpg,3,3,2,0,0.3924613296985626,5,5,5,4,1,2,0,0,0
G:\Thesis\FACET_Dataset\Segmented_FACET_0.2_fixed_label\sa_10890435.jpg,4,4,3,1,0.6054359674453735,6,6,6,5,1,2,0,0,1
G:\Thesis\FACET_Dataset\Segmented_FACET_0.2_fixed_label\sa_10928966.jpg,5,5,4,1,0.1366686224937439,2,2,2,1,0,3,0,0,0
G:\Thesis\FACET_Dataset\Segmented_FACET_0.2_fixed_label\sa_7066244.jpg,3,3,2,0,0.03590355068445206,1,1,1,0,0,2,0,0,1
G:\Thesis\FACET_Dataset\Segmented_FACET_0.2_fixed_label\sa_346685.jpg,6,6,5,1,0.45609942078590393,5,5,5,4,1,1,0,1,1
G:\Thesis\FACET_Dataset\Segmented_FACET_0.2_fixed_label\sa_9616279.jpg,2,2,1,0,0.6446508169174194,7,7,7,6,1,5,0,0,0
G:\Thesis\FACET_Dataset\Segmented_FACET_0.2_fixed_label\sa_9249127.jpg,2,2,1,0,0.32661837339401245,4,4,4,3,1,2,0,0,0
G:\Thesis\FACET_Dataset\Segmented_FACET_0.2_fixed_label\sa_6166560.jpg,2,2,1,0,0.4368242025375366,5,5,5,4,1,3,0,0,0
G:\Thesis\FACET_Dataset\Segmented_FACET_0.2_fixed_label\sa_8822638.jpg,7,7,6,1,0.656270444393158,7,7,7,6,1,0,1,1,1
G:\Thesis\FACET_Dataset\Segmented_FACET_0.2_fixed_label\sa_8813324.jpg,1,1,0,0,0.18454082310199738,3,3,3,2,0,2,0,0,1
G:\Thesis\FACET_Dataset\Segmented_FACET_0.2_fixed_label\sa_10125607.jpg,3,3,2,0,0.21033771336078644,3,3,3,2,0,0,1,1,1
G:\Thesis\FACET_Dataset\Segmented_FACET_0.2_fixed_label\sa_6937540.jpg,3,3,2,0,0.21879060566425323,3,3,3,2,0,0,1,1,1
G:\Thesis\FACET_Dataset\Segmented_FACET_0.2_fixed_label\sa_9766431.jpg,2,2,1,0,0.43729206919670105,5,5,5,4,1,3,0,0,0
G:\Thesis\FACET_Dataset\Segmented_FACET_0.2_fixed_label\sa_8104440.jpg,3,3,2,0,0.37163007259368896,4,4,4,3,1,1,0,1,0
G:\Thesis\FACET_Dataset\Segmented_FACET_0.2_fixed_label\sa_10901854.jpg,2,2,1,0,0.1798941195011139,3,3,3,2,0,1,0,1,1
G:\Thesis\FACET_Dataset\Segmented_FACET_0.2_fixed_label\sa_5677264.jpg,3,3,2,0,0.45247066020965576,5,5,5,4,1,2,0,0,0
G:\Thesis\FACET_Dataset\Segmented_FACET_0.2_fixed_label\sa_5342310.jpg,5,5,4,1,0.17061176896095276,3,3,3,2,0,2,0,0,0
G:\Thesis\FACET_Dataset\Segmented_FACET_0.2_fixed_label\sa_4954786.jpg,2,2,1,0,0.2189004123210907,3,3,3,2,0,1,0,1,1
G:\Thesis\FACET_Dataset\Segmented_FACET_0.2_fixed_label\sa_4758726.jpg,3,3,2,0,0.2658311426639557,3,3,3,2,0,0,1,1,1
G:\Thesis\FACET_Dataset\Segmented_FACET_0.2_fixed_label\sa_8881929.jpg,4,4,3,1,0.2827056348323822,4,4,4,3,1,0,1,1,1
G:\Thesis\FACET_Dataset\Segmented_FACET_0.2_fixed_label\sa_8313216.jpg,2,2,1,0,0.13168266415596008,2,2,2,1,0,0,1,1,1
G:\Thesis\FACET_Dataset\Segmented_FACET_0.2_fixed_label\sa_4150646.jpg,3,3,2,0,0.45454972982406616,5,5,5,4,1,2,0,0,0
G:\Thesis\FACET_Dataset\Segmented_FACET_0.2_fixed_label\sa_3051150.jpg,3,3,2,0,0.13670410215854645,2,2,2,1,0,1,0,1,1
G:\Thesis\FACET_Dataset\Segmented_FACET_0.2_fixed_label\sa_9253251.jpg,2,2,1,0,0.5076406002044678,6,6,6,5,1,4,0,0,0
G:\Thesis\FACET_Dataset\Segmented_FACET_0.2_fixed_label\sa_5817690.jpg,2,2,1,0,0.1455553025007248,2,2,2,1,0,0,1,1,1
G:\Thesis\FACET_Dataset\Segmented_FACET_0.2_fixed_label\sa_1246609.jpg,3,3,2,0,0.23385880887508392,3,3,3,2,0,0,1,1,1
G:\Thesis\FACET_Dataset\Segmented_FACET_0.2_fixed_label\sa_1819429.jpg,4,4,3,1,0.5209604501724243,6,6,6,5,1,2,0,0,1
G:\Thesis\FACET_Dataset\Segmented_FACET_0.2_fixed_label\sa_6862644.jpg,3,3,2,0,0.16210296750068665,2,2,2,1,0,1,0,1,1
G:\Thesis\FACET_Dataset\Segmented_FACET_0.2_fixed_label\sa_10765692.jpg,2,2,1,0,0.24581696093082428,3,3,3,2,0,1,0,1,1
G:\Thesis\FACET_Dataset\Segmented_FACET_0.2_fixed_label\sa_4736682.jpg,3,3,2,0,0.4548597037792206,5,5,5,4,1,2,0,0,0
G:\Thesis\FACET_Dataset\Segmented_FACET_0.2_fixed_label\sa_6944635.jpg,7,7,6,1,0.08171361684799194,2,2,2,1,0,5,0,0,0
G:\Thesis\FACET_Dataset\Segmented_FACET_0.2_fixed_label\sa_6756150.jpg,4,4,3,1,0.4560036361217499,5,5,5,4,1,1,0,1,1
G:\Thesis\FACET_Dataset\Segmented_FACET_0.2_fixed_label\sa_2340787.jpg,6,6,5,1,0.474056601524353,5,5,5,4,1,1,0,1,1
G:\Thesis\FACET_Dataset\Segmented_FACET_0.2_fixed_label\sa_196464.jpg,7,7,6,1,0.6184502243995667,7,7,7,6,1,0,1,1,1
G:\Thesis\FACET_Dataset\Segmented_FACET_0.2_fixed_label\sa_2665347.jpg,3,3,2,0,0.40212368965148926,5,5,5,4,1,2,0,0,0
G:\Thesis\FACET_Dataset\Segmented_FACET_0.2_fixed_label\sa_3437748.jpg,6,6,5,1,0.27557677030563354,3,3,3,2,0,3,0,0,0
G:\Thesis\FACET_Dataset\Segmented_FACET_0.2_fixed_label\sa_860266.jpg,2,2,1,0,0.2473999559879303,3,3,3,2,0,1,0,1,1
G:\Thesis\FACET_Dataset\Segmented_FACET_0.2_fixed_label\sa_70359.jpg,1,1,0,0,0.8071339130401611,8,8,8,7,2,7,0,0,0
G:\Thesis\FACET_Dataset\Segmented_FACET_0.2_fixed_label\sa_10756664.jpg,6,6,5,1,0.37141215801239014,4,4,4,3,1,2,0,0,1
G:\Thesis\FACET_Dataset\Segmented_FACET_0.2_fixed_label\sa_10621826.jpg,4,4,3,1,0.22221659123897552,3,3,3,2,0,1,0,1,0
G:\Thesis\FACET_Dataset\Segmented_FACET_0.2_fixed_label\sa_4457851.jpg,2,2,1,0,0.4658370912075043,5,5,5,4,1,3,0,0,0
G:\Thesis\FACET_Dataset\Segmented_FACET_0.2_fixed_label\sa_2481180.jpg,3,3,2,0,0.06326060742139816,2,2,2,1,0,1,0,1,1
G:\Thesis\FACET_Dataset\Segmented_FACET_0.2_fixed_label\sa_10423635.jpg,5,5,4,1,0.5623693466186523,6,6,6,5,1,1,0,1,1
G:\Thesis\FACET_Dataset\Segmented_FACET_0.2_fixed_label\sa_10842310.jpg,3,3,2,0,0.11113273352384567,2,2,2,1,0,1,0,1,1
G:\Thesis\FACET_Dataset\Segmented_FACET_0.2_fixed_label\sa_5084013.jpg,3,3,2,0,0.09128882735967636,2,2,2,1,0,1,0,1,1
G:\Thesis\FACET_Dataset\Segmented_FACET_0.2_fixed_label\sa_6693933.jpg,2,2,1,0,0.2307545691728592,3,3,3,2,0,1,0,1,1
G:\Thesis\FACET_Dataset\Segmented_FACET_0.2_fixed_label\sa_10675512.jpg,3,3,2,0,0.6887980103492737,7,7,7,6,1,4,0,0,0
G:\Thesis\FACET_Dataset\Segmented_FACET_0.2_fixed_label\sa_9181726.jpg,3,3,2,0,0.2048920840024948,3,3,3,2,0,0,1,1,1
G:\Thesis\FACET_Dataset\Segmented_FACET_0.2_fixed_label\sa_2832344.jpg,5,5,4,1,0.5300764441490173,6,6,6,5,1,1,0,1,1
G:\Thesis\FACET_Dataset\Segmented_FACET_0.2_fixed_label\sa_6489778.jpg,4,4,3,1,0.3673938512802124,4,4,4,3,1,0,1,1,1
G:\Thesis\FACET_Dataset\Segmented_FACET_0.2_fixed_label\sa_5601677.jpg,5,5,4,1,0.4844578206539154,5,5,5,4,1,0,1,1,1
G:\Thesis\FACET_Dataset\Segmented_FACET_0.2_fixed_label\sa_133421.jpg,3,3,2,0,0.5454909801483154,6,6,6,5,1,3,0,0,0
G:\Thesis\FACET_Dataset\Segmented_FACET_0.2_fixed_label\sa_1886626.jpg,5,5,4,1,0.5170932412147522,6,6,6,5,1,1,0,1,1
G:\Thesis\FACET_Dataset\Segmented_FACET_0.2_fixed_label\sa_3393431.jpg,3,3,2,0,0.47704586386680603,5,5,5,4,1,2,0,0,0
G:\Thesis\FACET_Dataset\Segmented_FACET_0.2_fixed_label\sa_1761705.jpg,4,4,3,1,0.3155614733695984,4,4,4,3,1,0,1,1,1
G:\Thesis\FACET_Dataset\Segmented_FACET_0.2_fixed_label\sa_9294885.jpg,2,2,1,0,0.1053226962685585,2,2,2,1,0,0,1,1,1
G:\Thesis\FACET_Dataset\Segmented_FACET_0.2_fixed_label\sa_367976.jpg,4,4,3,1,0.43052026629447937,5,5,5,4,1,1,0,1,1
G:\Thesis\FACET_Dataset\Segmented_FACET_0.2_fixed_label\sa_6706811.jpg,4,4,3,1,0.29813477396965027,4,4,4,3,1,0,1,1,1
G:\Thesis\FACET_Dataset\Segmented_FACET_0.2_fixed_label\sa_8384730.jpg,6,6,5,1,0.3526189625263214,4,4,4,3,1,2,0,0,1
G:\Thesis\FACET_Dataset\Segmented_FACET_0.2_fixed_label\sa_7669781.jpg,2,2,1,0,0.235611230134964,3,3,3,2,0,1,0,1,1
G:\Thesis\FACET_Dataset\Segmented_FACET_0.2_fixed_label\sa_9861488.jpg,2,2,1,0,0.43769708275794983,5,5,5,4,1,3,0,0,0
G:\Thesis\FACET_Dataset\Segmented_FACET_0.2_fixed_label\sa_1795411.jpg,3,3,2,0,0.33846575021743774,4,4,4,3,1,1,0,1,0
G:\Thesis\FACET_Dataset\Segmented_FACET_0.2_fixed_label\sa_3600328.jpg,3,3,2,0,0.40921732783317566,5,5,5,4,1,2,0,0,0
G:\Thesis\FACET_Dataset\Segmented_FACET_0.2_fixed_label\sa_6169865.jpg,4,4,3,1,0.29212719202041626,4,4,4,3,1,0,1,1,1
G:\Thesis\FACET_Dataset\Segmented_FACET_0.2_fixed_label\sa_8424797.jpg,2,2,1,0,0.08752841502428055,2,2,2,1,0,0,1,1,1
G:\Thesis\FACET_Dataset\Segmented_FACET_0.2_fixed_label\sa_4141927.jpg,4,4,3,1,0.560099184513092,6,6,6,5,1,2,0,0,1
G:\Thesis\FACET_Dataset\Segmented_FACET_0.2_fixed_label\sa_9690755.jpg,3,3,2,0,0.2719220519065857,3,3,3,2,0,0,1,1,1
G:\Thesis\FACET_Dataset\Segmented_FACET_0.2_fixed_label\sa_4188837.jpg,3,3,2,0,0.3066493570804596,4,4,4,3,1,1,0,1,0
G:\Thesis\FACET_Dataset\Segmented_FACET_0.2_fixed_label\sa_10295580.jpg,5,5,4,1,0.40816664695739746,5,5,5,4,1,0,1,1,1
G:\Thesis\FACET_Dataset\Segmented_FACET_0.2_fixed_label\sa_3285469.jpg,3,3,2,0,0.4921315014362335,5,5,5,4,1,2,0,0,0
G:\Thesis\FACET_Dataset\Segmented_FACET_0.2_fixed_label\sa_3490866.jpg,5,5,4,1,0.8839893341064453,9,9,9,8,2,4,0,0,0
G:\Thesis\FACET_Dataset\Segmented_FACET_0.2_fixed_label\sa_8896258.jpg,5,5,4,1,0.3404063582420349,4,4,4,3,1,1,0,1,1
G:\Thesis\FACET_Dataset\Segmented_FACET_0.2_fixed_label\sa_8903195.jpg,5,5,4,1,0.4783359467983246,5,5,5,4,1,0,1,1,1
G:\Thesis\FACET_Dataset\Segmented_FACET_0.2_fixed_label\sa_3245363.jpg,6,6,5,1,0.4947923719882965,5,5,5,4,1,1,0,1,1
G:\Thesis\FACET_Dataset\Segmented_FACET_0.2_fixed_label\sa_1436638.jpg,4,4,3,1,0.0953674167394638,2,2,2,1,0,2,0,0,0
G:\Thesis\FACET_Dataset\Segmented_FACET_0.2_fixed_label\sa_646706.jpg,5,5,4,1,0.4457313120365143,5,5,5,4,1,0,1,1,1
G:\Thesis\FACET_Dataset\Segmented_FACET_0.2_fixed_label\sa_2656002.jpg,5,5,4,1,0.28115010261535645,4,4,4,3,1,1,0,1,1
G:\Thesis\FACET_Dataset\Segmented_FACET_0.2_fixed_label\sa_4663245.jpg,6,6,5,1,0.48237648606300354,5,5,5,4,1,1,0,1,1
G:\Thesis\FACET_Dataset\Segmented_FACET_0.2_fixed_label\sa_1087621.jpg,4,4,3,1,0.4120275378227234,5,5,5,4,1,1,0,1,1
G:\Thesis\FACET_Dataset\Segmented_FACET_0.2_fixed_label\sa_1445501.jpg,3,3,2,0,0.49179551005363464,5,5,5,4,1,2,0,0,0
G:\Thesis\FACET_Dataset\Segmented_FACET_0.2_fixed_label\sa_2173036.jpg,3,3,2,0,0.11977041512727737,2,2,2,1,0,1,0,1,1
G:\Thesis\FACET_Dataset\Segmented_FACET_0.2_fixed_label\sa_3178044.jpg,4,4,3,1,0.11996918171644211,2,2,2,1,0,2,0,0,0
G:\Thesis\FACET_Dataset\Segmented_FACET_0.2_fixed_label\sa_1069784.jpg,2,2,1,0,0.2716871500015259,3,3,3,2,0,1,0,1,1
G:\Thesis\FACET_Dataset\Segmented_FACET_0.2_fixed_label\sa_3709150.jpg,5,5,4,1,0.42689013481140137,5,5,5,4,1,0,1,1,1
G:\Thesis\FACET_Dataset\Segmented_FACET_0.2_fixed_label\sa_986171.jpg,4,4,3,1,0.46578744053840637,5,5,5,4,1,1,0,1,1
G:\Thesis\FACET_Dataset\Segmented_FACET_0.2_fixed_label\sa_579010.jpg,3,3,2,0,0.7277081608772278,8,8,8,7,2,5,0,0,0
G:\Thesis\FACET_Dataset\Segmented_FACET_0.2_fixed_label\sa_928557.jpg,4,4,3,1,0.026017209514975548,1,1,1,0,0,3,0,0,0
G:\Thesis\FACET_Dataset\Segmented_FACET_0.2_fixed_label\sa_9486927.jpg,2,2,1,0,0.2537631094455719,3,3,3,2,0,1,0,1,1
G:\Thesis\FACET_Dataset\Segmented_FACET_0.2_fixed_label\sa_2018170.jpg,3,3,2,0,0.2610967755317688,3,3,3,2,0,0,1,1,1
G:\Thesis\FACET_Dataset\Segmented_FACET_0.2_fixed_label\sa_10644164.jpg,5,5,4,1,0.39467689394950867,5,5,5,4,1,0,1,1,1
G:\Thesis\FACET_Dataset\Segmented_FACET_0.2_fixed_label\sa_7466289.jpg,4,4,3,1,0.11981214582920074,2,2,2,1,0,2,0,0,0
G:\Thesis\FACET_Dataset\Segmented_FACET_0.2_fixed_label\sa_10312140.jpg,4,4,3,1,0.240377739071846,3,3,3,2,0,1,0,1,0
G:\Thesis\FACET_Dataset\Segmented_FACET_0.2_fixed_label\sa_9940745.jpg,5,5,4,1,0.11898842453956604,2,2,2,1,0,3,0,0,0
G:\Thesis\FACET_Dataset\Segmented_FACET_0.2_fixed_label\sa_7036896.jpg,3,3,2,0,0.405032753944397,5,5,5,4,1,2,0,0,0
G:\Thesis\FACET_Dataset\Segmented_FACET_0.2_fixed_label\sa_2408956.jpg,2,2,1,0,0.26204031705856323,3,3,3,2,0,1,0,1,1
G:\Thesis\FACET_Dataset\Segmented_FACET_0.2_fixed_label\sa_2805819.jpg,3,3,2,0,0.29749956727027893,4,4,4,3,1,1,0,1,0
G:\Thesis\FACET_Dataset\Segmented_FACET_0.2_fixed_label\sa_4175080.jpg,2,2,1,0,0.42478540539741516,5,5,5,4,1,3,0,0,0
G:\Thesis\FACET_Dataset\Segmented_FACET_0.2_fixed_label\sa_3748533.jpg,2,2,1,0,0.2171299308538437,3,3,3,2,0,1,0,1,1
G:\Thesis\FACET_Dataset\Segmented_FACET_0.2_fixed_label\sa_6274049.jpg,6,6,5,1,0.3007138967514038,4,4,4,3,1,2,0,0,1
G:\Thesis\FACET_Dataset\Segmented_FACET_0.2_fixed_label\sa_2113904.jpg,10,10,9,2,0.563832700252533,6,6,6,5,1,4,0,0,0
G:\Thesis\FACET_Dataset\Segmented_FACET_0.2_fixed_label\sa_1403304.jpg,3,3,2,0,0.15481343865394592,2,2,2,1,0,1,0,1,1
G:\Thesis\FACET_Dataset\Segmented_FACET_0.2_fixed_label\sa_2893796.jpg,3,3,2,0,0.1808178871870041,3,3,3,2,0,0,1,1,1
G:\Thesis\FACET_Dataset\Segmented_FACET_0.2_fixed_label\sa_10039119.jpg,3,3,2,0,0.17975309491157532,3,3,3,2,0,0,1,1,1
G:\Thesis\FACET_Dataset\Segmented_FACET_0.2_fixed_label\sa_9210819.jpg,3,3,2,0,0.11673266440629959,2,2,2,1,0,1,0,1,1
G:\Thesis\FACET_Dataset\Segmented_FACET_0.2_fixed_label\sa_5474049.jpg,3,3,2,0,0.2487553060054779,3,3,3,2,0,0,1,1,1
G:\Thesis\FACET_Dataset\Segmented_FACET_0.2_fixed_label\sa_5880143.jpg,2,2,1,0,0.46158695220947266,5,5,5,4,1,3,0,0,0
G:\Thesis\FACET_Dataset\Segmented_FACET_0.2_fixed_label\sa_1404960.jpg,4,4,3,1,0.1736689805984497,3,3,3,2,0,1,0,1,0
G:\Thesis\FACET_Dataset\Segmented_FACET_0.2_fixed_label\sa_5975343.jpg,4,4,3,1,0.1590578258037567,2,2,2,1,0,2,0,0,0
G:\Thesis\FACET_Dataset\Segmented_FACET_0.2_fixed_label\sa_10225129.jpg,3,3,2,0,0.19011490046977997,3,3,3,2,0,0,1,1,1
G:\Thesis\FACET_Dataset\Segmented_FACET_0.2_fixed_label\sa_282221.jpg,3,3,2,0,0.2978013753890991,4,4,4,3,1,1,0,1,0
G:\Thesis\FACET_Dataset\Segmented_FACET_0.2_fixed_label\sa_7083078.jpg,5,5,4,1,0.21464353799819946,3,3,3,2,0,2,0,0,0
G:\Thesis\FACET_Dataset\Segmented_FACET_0.2_fixed_label\sa_8563211.jpg,6,6,5,1,0.7338194251060486,8,8,8,7,2,2,0,0,0
G:\Thesis\FACET_Dataset\Segmented_FACET_0.2_fixed_label\sa_9590050.jpg,3,3,2,0,0.41773721575737,5,5,5,4,1,2,0,0,0
G:\Thesis\FACET_Dataset\Segmented_FACET_0.2_fixed_label\sa_10552214.jpg,5,5,4,1,0.4747900664806366,5,5,5,4,1,0,1,1,1
G:\Thesis\FACET_Dataset\Segmented_FACET_0.2_fixed_label\sa_4022916.jpg,1,1,0,0,0.5360993146896362,6,6,6,5,1,5,0,0,0
G:\Thesis\FACET_Dataset\Segmented_FACET_0.2_fixed_label\sa_4692534.jpg,2,2,1,0,0.5188426971435547,6,6,6,5,1,4,0,0,0
G:\Thesis\FACET_Dataset\Segmented_FACET_0.2_fixed_label\sa_10322370.jpg,2,2,1,0,0.4299001097679138,5,5,5,4,1,3,0,0,0
G:\Thesis\FACET_Dataset\Segmented_FACET_0.2_fixed_label\sa_3775087.jpg,3,3,2,0,0.24182406067848206,3,3,3,2,0,0,1,1,1
G:\Thesis\FACET_Dataset\Segmented_FACET_0.2_fixed_label\sa_2199069.jpg,4,4,3,1,0.2426566183567047,3,3,3,2,0,1,0,1,0
G:\Thesis\FACET_Dataset\Segmented_FACET_0.2_fixed_label\sa_1178518.jpg,3,3,2,0,0.6087839007377625,6,6,6,5,1,3,0,0,0
G:\Thesis\FACET_Dataset\Segmented_FACET_0.2_fixed_label\sa_6055755.jpg,3,3,2,0,0.2692393958568573,3,3,3,2,0,0,1,1,1
G:\Thesis\FACET_Dataset\Segmented_FACET_0.2_fixed_label\sa_9769051.jpg,5,5,4,1,0.43764492869377136,5,5,5,4,1,0,1,1,1
G:\Thesis\FACET_Dataset\Segmented_FACET_0.2_fixed_label\sa_2674845.jpg,4,4,3,1,0.6183364987373352,7,7,7,6,1,3,0,0,1
G:\Thesis\FACET_Dataset\Segmented_FACET_0.2_fixed_label\sa_6854701.jpg,3,3,2,0,0.3445659875869751,4,4,4,3,1,1,0,1,0
G:\Thesis\FACET_Dataset\Segmented_FACET_0.2_fixed_label\sa_189673.jpg,5,5,4,1,0.32923486828804016,4,4,4,3,1,1,0,1,1
G:\Thesis\FACET_Dataset\Segmented_FACET_0.2_fixed_label\sa_1387081.jpg,2,2,1,0,0.6077485084533691,6,6,6,5,1,4,0,0,0
G:\Thesis\FACET_Dataset\Segmented_FACET_0.2_fixed_label\sa_1754250.jpg,2,2,1,0,0.3492022752761841,4,4,4,3,1,2,0,0,0
G:\Thesis\FACET_Dataset\Segmented_FACET_0.2_fixed_label\sa_3085192.jpg,5,5,4,1,0.4983988106250763,5,5,5,4,1,0,1,1,1
G:\Thesis\FACET_Dataset\Segmented_FACET_0.2_fixed_label\sa_8956098.jpg,4,4,3,1,0.3924613296985626,5,5,5,4,1,1,0,1,1
G:\Thesis\FACET_Dataset\Segmented_FACET_0.2_fixed_label\sa_4601728.jpg,5,5,4,1,0.46571239829063416,5,5,5,4,1,0,1,1,1
G:\Thesis\FACET_Dataset\Segmented_FACET_0.2_fixed_label\sa_166968.jpg,5,5,4,1,0.3645625114440918,4,4,4,3,1,1,0,1,1
G:\Thesis\FACET_Dataset\Segmented_FACET_0.2_fixed_label\sa_2419552.jpg,5,5,4,1,0.22172638773918152,3,3,3,2,0,2,0,0,0
G:\Thesis\FACET_Dataset\Segmented_FACET_0.2_fixed_label\sa_6884512.jpg,4,4,3,1,0.20212998986244202,3,3,3,2,0,1,0,1,0
G:\Thesis\FACET_Dataset\Segmented_FACET_0.2_fixed_label\sa_9302571.jpg,9,9,8,2,0.8357276320457458,9,9,9,8,2,0,1,1,1
G:\Thesis\FACET_Dataset\Segmented_FACET_0.2_fixed_label\sa_10955369.jpg,4,4,3,1,0.3941374123096466,5,5,5,4,1,1,0,1,1
G:\Thesis\FACET_Dataset\Segmented_FACET_0.2_fixed_label\sa_10568659.jpg,2,2,1,0,0.22510328888893127,3,3,3,2,0,1,0,1,1
G:\Thesis\FACET_Dataset\Segmented_FACET_0.2_fixed_label\sa_3636991.jpg,2,2,1,0,0.24499130249023438,3,3,3,2,0,1,0,1,1
G:\Thesis\FACET_Dataset\Segmented_FACET_0.2_fixed_label\sa_3597267.jpg,4,4,3,1,0.5200409889221191,6,6,6,5,1,2,0,0,1
G:\Thesis\FACET_Dataset\Segmented_FACET_0.2_fixed_label\sa_10267437.jpg,5,5,4,1,0.6381704211235046,7,7,7,6,1,2,0,0,1
G:\Thesis\FACET_Dataset\Segmented_FACET_0.2_fixed_label\sa_5618149.jpg,3,3,2,0,0.3967907726764679,5,5,5,4,1,2,0,0,0
G:\Thesis\FACET_Dataset\Segmented_FACET_0.2_fixed_label\sa_7777229.jpg,3,3,2,0,0.0883980542421341,2,2,2,1,0,1,0,1,1
G:\Thesis\FACET_Dataset\Segmented_FACET_0.2_fixed_label\sa_4914631.jpg,5,5,4,1,0.4241514503955841,5,5,5,4,1,0,1,1,1
G:\Thesis\FACET_Dataset\Segmented_FACET_0.2_fixed_label\sa_8477411.jpg,4,4,3,1,0.2537257969379425,3,3,3,2,0,1,0,1,0
G:\Thesis\FACET_Dataset\Segmented_FACET_0.2_fixed_label\sa_3007670.jpg,2,2,1,0,0.26901647448539734,3,3,3,2,0,1,0,1,1
G:\Thesis\FACET_Dataset\Segmented_FACET_0.2_fixed_label\sa_5927825.jpg,2,2,1,0,0.3468107283115387,4,4,4,3,1,2,0,0,0
G:\Thesis\FACET_Dataset\Segmented_FACET_0.2_fixed_label\sa_125835.jpg,3,3,2,0,0.07054758816957474,2,2,2,1,0,1,0,1,1
G:\Thesis\FACET_Dataset\Segmented_FACET_0.2_fixed_label\sa_4259202.jpg,3,3,2,0,0.28812992572784424,4,4,4,3,1,1,0,1,0
G:\Thesis\FACET_Dataset\Segmented_FACET_0.2_fixed_label\sa_5747966.jpg,2,2,1,0,0.08596018701791763,2,2,2,1,0,0,1,1,1
G:\Thesis\FACET_Dataset\Segmented_FACET_0.2_fixed_label\sa_1907768.jpg,5,5,4,1,0.41800883412361145,5,5,5,4,1,0,1,1,1
G:\Thesis\FACET_Dataset\Segmented_FACET_0.2_fixed_label\sa_8027624.jpg,3,3,2,0,0.6899078488349915,7,7,7,6,1,4,0,0,0
G:\Thesis\FACET_Dataset\Segmented_FACET_0.2_fixed_label\sa_4931458.jpg,4,4,3,1,0.3412022590637207,4,4,4,3,1,0,1,1,1
G:\Thesis\FACET_Dataset\Segmented_FACET_0.2_fixed_label\sa_9052032.jpg,1,1,0,0,0.2767159342765808,3,3,3,2,0,2,0,0,1
G:\Thesis\FACET_Dataset\Segmented_FACET_0.2_fixed_label\sa_3879774.jpg,5,5,4,1,0.5452738404273987,6,6,6,5,1,1,0,1,1
G:\Thesis\FACET_Dataset\Segmented_FACET_0.2_fixed_label\sa_1005917.jpg,4,4,3,1,0.2780195474624634,4,4,4,3,1,0,1,1,1
G:\Thesis\FACET_Dataset\Segmented_FACET_0.2_fixed_label\sa_7019100.jpg,3,3,2,0,0.12977397441864014,2,2,2,1,0,1,0,1,1
G:\Thesis\FACET_Dataset\Segmented_FACET_0.2_fixed_label\sa_10318561.jpg,2,2,1,0,0.4280237853527069,5,5,5,4,1,3,0,0,0
G:\Thesis\FACET_Dataset\Segmented_FACET_0.2_fixed_label\sa_2906647.jpg,4,4,3,1,0.25360172986984253,3,3,3,2,0,1,0,1,0
G:\Thesis\FACET_Dataset\Segmented_FACET_0.2_fixed_label\sa_6072401.jpg,5,5,4,1,0.4904766380786896,5,5,5,4,1,0,1,1,1
G:\Thesis\FACET_Dataset\Segmented_FACET_0.2_fixed_label\sa_10262407.jpg,5,5,4,1,0.43458592891693115,5,5,5,4,1,0,1,1,1
G:\Thesis\FACET_Dataset\Segmented_FACET_0.2_fixed_label\sa_8307196.jpg,3,3,2,0,0.05995886027812958,2,2,2,1,0,1,0,1,1
G:\Thesis\FACET_Dataset\Segmented_FACET_0.2_fixed_label\sa_5215943.jpg,6,6,5,1,0.6284305453300476,7,7,7,6,1,1,0,1,1
G:\Thesis\FACET_Dataset\Segmented_FACET_0.2_fixed_label\sa_8386852.jpg,3,3,2,0,0.4282972812652588,5,5,5,4,1,2,0,0,0
G:\Thesis\FACET_Dataset\Segmented_FACET_0.2_fixed_label\sa_303365.jpg,3,3,2,0,0.08768964558839798,2,2,2,1,0,1,0,1,1
G:\Thesis\FACET_Dataset\Segmented_FACET_0.2_fixed_label\sa_4001138.jpg,3,3,2,0,0.27409854531288147,3,3,3,2,0,0,1,1,1
G:\Thesis\FACET_Dataset\Segmented_FACET_0.2_fixed_label\sa_7190417.jpg,4,4,3,1,0.20689360797405243,3,3,3,2,0,1,0,1,0
G:\Thesis\FACET_Dataset\Segmented_FACET_0.2_fixed_label\sa_7720349.jpg,5,5,4,1,0.29975593090057373,4,4,4,3,1,1,0,1,1
G:\Thesis\FACET_Dataset\Segmented_FACET_0.2_fixed_label\sa_3879774.jpg,6,6,5,1,0.5452738404273987,6,6,6,5,1,0,1,1,1
G:\Thesis\FACET_Dataset\Segmented_FACET_0.2_fixed_label\sa_8319806.jpg,3,3,2,0,0.2899320423603058,4,4,4,3,1,1,0,1,0
G:\Thesis\FACET_Dataset\Segmented_FACET_0.2_fixed_label\sa_4035619.jpg,2,2,1,0,0.5749180912971497,6,6,6,5,1,4,0,0,0
G:\Thesis\FACET_Dataset\Segmented_FACET_0.2_fixed_label\sa_9695755.jpg,5,5,4,1,0.206309974193573,3,3,3,2,0,2,0,0,0
G:\Thesis\FACET_Dataset\Segmented_FACET_0.2_fixed_label\sa_9502279.jpg,9,9,8,2,0.9182298183441162,9,9,9,8,2,0,1,1,1
G:\Thesis\FACET_Dataset\Segmented_FACET_0.2_fixed_label\sa_7516404.jpg,7,7,6,1,0.7096433639526367,7,7,7,6,1,0,1,1,1
G:\Thesis\FACET_Dataset\Segmented_FACET_0.2_fixed_label\sa_3680583.jpg,2,2,1,0,0.4654664397239685,5,5,5,4,1,3,0,0,0
G:\Thesis\FACET_Dataset\Segmented_FACET_0.2_fixed_label\sa_10167927.jpg,2,2,1,0,0.2567516267299652,3,3,3,2,0,1,0,1,1
G:\Thesis\FACET_Dataset\Segmented_FACET_0.2_fixed_label\sa_3739910.jpg,7,7,6,1,0.5660146474838257,6,6,6,5,1,1,0,1,1
G:\Thesis\FACET_Dataset\Segmented_FACET_0.2_fixed_label\sa_7841103.jpg,6,6,5,1,0.6825873851776123,7,7,7,6,1,1,0,1,1
G:\Thesis\FACET_Dataset\Segmented_FACET_0.2_fixed_label\sa_10124711.jpg,5,5,4,1,0.4441450238227844,5,5,5,4,1,0,1,1,1
G:\Thesis\FACET_Dataset\Segmented_FACET_0.2_fixed_label\sa_10044001.jpg,4,4,3,1,0.5214828252792358,6,6,6,5,1,2,0,0,1
G:\Thesis\FACET_Dataset\Segmented_FACET_0.2_fixed_label\sa_10351700.jpg,3,3,2,0,0.25059154629707336,3,3,3,2,0,0,1,1,1
G:\Thesis\FACET_Dataset\Segmented_FACET_0.2_fixed_label\sa_2066255.jpg,8,8,7,2,0.4355364441871643,5,5,5,4,1,3,0,0,0
G:\Thesis\FACET_Dataset\Segmented_FACET_0.2_fixed_label\sa_3349120.jpg,1,1,0,0,0.13808634877204895,2,2,2,1,0,1,0,1,1
G:\Thesis\FACET_Dataset\Segmented_FACET_0.2_fixed_label\sa_8063102.jpg,6,6,5,1,0.4944218397140503,5,5,5,4,1,1,0,1,1
G:\Thesis\FACET_Dataset\Segmented_FACET_0.2_fixed_label\sa_1205984.jpg,5,5,4,1,0.7904215455055237,8,8,8,7,2,3,0,0,0
G:\Thesis\FACET_Dataset\Segmented_FACET_0.2_fixed_label\sa_454914.jpg,3,3,2,0,0.477464497089386,5,5,5,4,1,2,0,0,0
G:\Thesis\FACET_Dataset\Segmented_FACET_0.2_fixed_label\sa_8490725.jpg,6,6,5,1,0.37521976232528687,4,4,4,3,1,2,0,0,1
G:\Thesis\FACET_Dataset\Segmented_FACET_0.2_fixed_label\sa_8878628.jpg,1,1,0,0,0.19203916192054749,3,3,3,2,0,2,0,0,1
G:\Thesis\FACET_Dataset\Segmented_FACET_0.2_fixed_label\sa_4285468.jpg,4,4,3,1,0.3815317749977112,4,4,4,3,1,0,1,1,1
G:\Thesis\FACET_Dataset\Segmented_FACET_0.2_fixed_label\sa_9892402.jpg,3,3,2,0,0.1809227168560028,3,3,3,2,0,0,1,1,1
G:\Thesis\FACET_Dataset\Segmented_FACET_0.2_fixed_label\sa_9646794.jpg,2,2,1,0,0.11809111386537552,2,2,2,1,0,0,1,1,1
G:\Thesis\FACET_Dataset\Segmented_FACET_0.2_fixed_label\sa_9159113.jpg,5,5,4,1,0.11493773013353348,2,2,2,1,0,3,0,0,0
G:\Thesis\FACET_Dataset\Segmented_FACET_0.2_fixed_label\sa_6187423.jpg,1,1,0,0,0.11053325235843658,2,2,2,1,0,1,0,1,1
G:\Thesis\FACET_Dataset\Segmented_FACET_0.2_fixed_label\sa_438532.jpg,2,2,1,0,0.09976866841316223,2,2,2,1,0,0,1,1,1
G:\Thesis\FACET_Dataset\Segmented_FACET_0.2_fixed_label\sa_196464.jpg,8,8,7,2,0.6184502243995667,7,7,7,6,1,1,0,1,0
G:\Thesis\FACET_Dataset\Segmented_FACET_0.2_fixed_label\sa_8647083.jpg,4,4,3,1,0.4838321805000305,5,5,5,4,1,1,0,1,1
G:\Thesis\FACET_Dataset\Segmented_FACET_0.2_fixed_label\sa_4365060.jpg,3,3,2,0,0.14772893488407135,2,2,2,1,0,1,0,1,1
G:\Thesis\FACET_Dataset\Segmented_FACET_0.2_fixed_label\sa_7043291.jpg,5,5,4,1,0.5300235152244568,6,6,6,5,1,1,0,1,1
G:\Thesis\FACET_Dataset\Segmented_FACET_0.2_fixed_label\sa_10938917.jpg,3,3,2,0,0.08728526532649994,2,2,2,1,0,1,0,1,1
G:\Thesis\FACET_Dataset\Segmented_FACET_0.2_fixed_label\sa_7480499.jpg,2,2,1,0,0.46147075295448303,5,5,5,4,1,3,0,0,0
G:\Thesis\FACET_Dataset\Segmented_FACET_0.2_fixed_label\sa_6723644.jpg,5,5,4,1,0.35138341784477234,4,4,4,3,1,1,0,1,1
G:\Thesis\FACET_Dataset\Segmented_FACET_0.2_fixed_label\sa_3673622.jpg,2,2,1,0,0.39611387252807617,5,5,5,4,1,3,0,0,0
G:\Thesis\FACET_Dataset\Segmented_FACET_0.2_fixed_label\sa_4689629.jpg,4,4,3,1,0.6198960542678833,7,7,7,6,1,3,0,0,1
G:\Thesis\FACET_Dataset\Segmented_FACET_0.2_fixed_label\sa_4495151.jpg,4,4,3,1,0.44496649503707886,5,5,5,4,1,1,0,1,1
G:\Thesis\FACET_Dataset\Segmented_FACET_0.2_fixed_label\sa_4924937.jpg,3,3,2,0,0.7654401063919067,8,8,8,7,2,5,0,0,0
G:\Thesis\FACET_Dataset\Segmented_FACET_0.2_fixed_label\sa_11123518.jpg,6,6,5,1,0.4921422004699707,5,5,5,4,1,1,0,1,1
G:\Thesis\FACET_Dataset\Segmented_FACET_0.2_fixed_label\sa_944036.jpg,2,2,1,0,0.15720096230506897,2,2,2,1,0,0,1,1,1
G:\Thesis\FACET_Dataset\Segmented_FACET_0.2_fixed_label\sa_5574212.jpg,3,3,2,0,0.18896424770355225,3,3,3,2,0,0,1,1,1
G:\Thesis\FACET_Dataset\Segmented_FACET_0.2_fixed_label\sa_9700758.jpg,7,7,6,1,0.8648064732551575,9,9,9,8,2,2,0,0,0
G:\Thesis\FACET_Dataset\Segmented_FACET_0.2_fixed_label\sa_7256930.jpg,4,4,3,1,0.4002448320388794,5,5,5,4,1,1,0,1,1
G:\Thesis\FACET_Dataset\Segmented_FACET_0.2_fixed_label\sa_9916033.jpg,2,2,1,0,0.09109333157539368,2,2,2,1,0,0,1,1,1
G:\Thesis\FACET_Dataset\Segmented_FACET_0.2_fixed_label\sa_8001189.jpg,2,2,1,0,0.35495638847351074,4,4,4,3,1,2,0,0,0
G:\Thesis\FACET_Dataset\Segmented_FACET_0.2_fixed_label\sa_3699842.jpg,2,2,1,0,0.0887199118733406,2,2,2,1,0,0,1,1,1
G:\Thesis\FACET_Dataset\Segmented_FACET_0.2_fixed_label\sa_2567560.jpg,8,8,7,2,0.5738463997840881,6,6,6,5,1,2,0,0,0
G:\Thesis\FACET_Dataset\Segmented_FACET_0.2_fixed_label\sa_3121234.jpg,4,4,3,1,0.3668319582939148,4,4,4,3,1,0,1,1,1
G:\Thesis\FACET_Dataset\Segmented_FACET_0.2_fixed_label\sa_2133120.jpg,8,8,7,2,0.5744917392730713,6,6,6,5,1,2,0,0,0
G:\Thesis\FACET_Dataset\Segmented_FACET_0.2_fixed_label\sa_7180503.jpg,2,2,1,0,0.37458470463752747,4,4,4,3,1,2,0,0,0
G:\Thesis\FACET_Dataset\Segmented_FACET_0.2_fixed_label\sa_8756523.jpg,3,3,2,0,0.18055415153503418,3,3,3,2,0,0,1,1,1
G:\Thesis\FACET_Dataset\Segmented_FACET_0.2_fixed_label\sa_10364117.jpg,3,3,2,0,0.4658523499965668,5,5,5,4,1,2,0,0,0
G:\Thesis\FACET_Dataset\Segmented_FACET_0.2_fixed_label\sa_2503775.jpg,6,6,5,1,0.3719746172428131,4,4,4,3,1,2,0,0,1
G:\Thesis\FACET_Dataset\Segmented_FACET_0.2_fixed_label\sa_6722082.jpg,3,3,2,0,0.314034640789032,4,4,4,3,1,1,0,1,0
G:\Thesis\FACET_Dataset\Segmented_FACET_0.2_fixed_label\sa_5521853.jpg,4,4,3,1,0.5225560069084167,6,6,6,5,1,2,0,0,1
G:\Thesis\FACET_Dataset\Segmented_FACET_0.2_fixed_label\sa_7325273.jpg,3,3,2,0,0.138910710811615,2,2,2,1,0,1,0,1,1
G:\Thesis\FACET_Dataset\Segmented_FACET_0.2_fixed_label\sa_9612009.jpg,3,3,2,0,0.049801893532276154,1,1,1,0,0,2,0,0,1
G:\Thesis\FACET_Dataset\Segmented_FACET_0.2_fixed_label\sa_7943016.jpg,5,5,4,1,0.37727323174476624,4,4,4,3,1,1,0,1,1
G:\Thesis\FACET_Dataset\Segmented_FACET_0.2_fixed_label\sa_8698719.jpg,2,2,1,0,0.022452866658568382,1,1,1,0,0,1,0,1,1
G:\Thesis\FACET_Dataset\Segmented_FACET_0.2_fixed_label\sa_3009110.jpg,2,2,1,0,0.13015882670879364,2,2,2,1,0,0,1,1,1
G:\Thesis\FACET_Dataset\Segmented_FACET_0.2_fixed_label\sa_5088783.jpg,3,3,2,0,0.21861228346824646,3,3,3,2,0,0,1,1,1
G:\Thesis\FACET_Dataset\Segmented_FACET_0.2_fixed_label\sa_6470159.jpg,3,3,2,0,0.605100691318512,6,6,6,5,1,3,0,0,0
G:\Thesis\FACET_Dataset\Segmented_FACET_0.2_fixed_label\sa_8962403.jpg,2,2,1,0,0.362419456243515,4,4,4,3,1,2,0,0,0
G:\Thesis\FACET_Dataset\Segmented_FACET_0.2_fixed_label\sa_9100667.jpg,3,3,2,0,0.46019604802131653,5,5,5,4,1,2,0,0,0
G:\Thesis\FACET_Dataset\Segmented_FACET_0.2_fixed_label\sa_2150532.jpg,3,3,2,0,0.3721623122692108,4,4,4,3,1,1,0,1,0
G:\Thesis\FACET_Dataset\Segmented_FACET_0.2_fixed_label\sa_5889453.jpg,9,9,8,2,0.6286951899528503,7,7,7,6,1,2,0,0,0
G:\Thesis\FACET_Dataset\Segmented_FACET_0.2_fixed_label\sa_2595451.jpg,3,3,2,0,0.3799085021018982,4,4,4,3,1,1,0,1,0
G:\Thesis\FACET_Dataset\Segmented_FACET_0.2_fixed_label\sa_4709046.jpg,5,5,4,1,0.4924202859401703,5,5,5,4,1,0,1,1,1
G:\Thesis\FACET_Dataset\Segmented_FACET_0.2_fixed_label\sa_10000407.jpg,5,5,4,1,0.5552915334701538,6,6,6,5,1,1,0,1,1
G:\Thesis\FACET_Dataset\Segmented_FACET_0.2_fixed_label\sa_721088.jpg,3,3,2,0,0.10589464008808136,2,2,2,1,0,1,0,1,1
G:\Thesis\FACET_Dataset\Segmented_FACET_0.2_fixed_label\sa_4087214.jpg,3,3,2,0,0.16892896592617035,3,3,3,2,0,0,1,1,1
G:\Thesis\FACET_Dataset\Segmented_FACET_0.2_fixed_label\sa_10632779.jpg,3,3,2,0,0.1485152691602707,2,2,2,1,0,1,0,1,1
G:\Thesis\FACET_Dataset\Segmented_FACET_0.2_fixed_label\sa_766499.jpg,2,2,1,0,0.3402148485183716,4,4,4,3,1,2,0,0,0
G:\Thesis\FACET_Dataset\Segmented_FACET_0.2_fixed_label\sa_7637228.jpg,3,3,2,0,0.20418411493301392,3,3,3,2,0,0,1,1,1
G:\Thesis\FACET_Dataset\Segmented_FACET_0.2_fixed_label\sa_7103469.jpg,4,4,3,1,0.33452659845352173,4,4,4,3,1,0,1,1,1
G:\Thesis\FACET_Dataset\Segmented_FACET_0.2_fixed_label\sa_2964152.jpg,3,3,2,0,0.18627631664276123,3,3,3,2,0,0,1,1,1
G:\Thesis\FACET_Dataset\Segmented_FACET_0.2_fixed_label\sa_10911336.jpg,4,4,3,1,0.5215203762054443,6,6,6,5,1,2,0,0,1
G:\Thesis\FACET_Dataset\Segmented_FACET_0.2_fixed_label\sa_9446091.jpg,7,7,6,1,0.6286746263504028,7,7,7,6,1,0,1,1,1
G:\Thesis\FACET_Dataset\Segmented_FACET_0.2_fixed_label\sa_8112990.jpg,6,6,5,1,0.5076162219047546,6,6,6,5,1,0,1,1,1
G:\Thesis\FACET_Dataset\Segmented_FACET_0.2_fixed_label\sa_10742813.jpg,2,2,1,0,0.443862646818161,5,5,5,4,1,3,0,0,0
G:\Thesis\FACET_Dataset\Segmented_FACET_0.2_fixed_label\sa_10765692.jpg,1,1,0,0,0.24581696093082428,3,3,3,2,0,2,0,0,1
G:\Thesis\FACET_Dataset\Segmented_FACET_0.2_fixed_label\sa_4105752.jpg,3,3,2,0,0.36148178577423096,4,4,4,3,1,1,0,1,0
G:\Thesis\FACET_Dataset\Segmented_FACET_0.2_fixed_label\sa_6708494.jpg,6,6,5,1,0.4784940779209137,5,5,5,4,1,1,0,1,1
G:\Thesis\FACET_Dataset\Segmented_FACET_0.2_fixed_label\sa_9340958.jpg,4,4,3,1,0.2944030165672302,4,4,4,3,1,0,1,1,1
G:\Thesis\FACET_Dataset\Segmented_FACET_0.2_fixed_label\sa_6980143.jpg,10,10,9,2,0.44923335313796997,5,5,5,4,1,5,0,0,0
G:\Thesis\FACET_Dataset\Segmented_FACET_0.2_fixed_label\sa_9301222.jpg,3,3,2,0,0.3431585431098938,4,4,4,3,1,1,0,1,0
G:\Thesis\FACET_Dataset\Segmented_FACET_0.2_fixed_label\sa_10603059.jpg,2,2,1,0,0.33966386318206787,4,4,4,3,1,2,0,0,0
G:\Thesis\FACET_Dataset\Segmented_FACET_0.2_fixed_label\sa_9590050.jpg,4,4,3,1,0.41773721575737,5,5,5,4,1,1,0,1,1
G:\Thesis\FACET_Dataset\Segmented_FACET_0.2_fixed_label\sa_5207581.jpg,3,3,2,0,0.15524455904960632,2,2,2,1,0,1,0,1,1
G:\Thesis\FACET_Dataset\Segmented_FACET_0.2_fixed_label\sa_7742071.jpg,2,2,1,0,0.06920526176691055,2,2,2,1,0,0,1,1,1
G:\Thesis\FACET_Dataset\Segmented_FACET_0.2_fixed_label\sa_8750154.jpg,5,5,4,1,0.3474317789077759,4,4,4,3,1,1,0,1,1
G:\Thesis\FACET_Dataset\Segmented_FACET_0.2_fixed_label\sa_633733.jpg,4,4,3,1,0.3980668783187866,5,5,5,4,1,1,0,1,1
G:\Thesis\FACET_Dataset\Segmented_FACET_0.2_fixed_label\sa_9979863.jpg,4,4,3,1,0.37821856141090393,4,4,4,3,1,0,1,1,1
G:\Thesis\FACET_Dataset\Segmented_FACET_0.2_fixed_label\sa_8053671.jpg,4,4,3,1,0.5227622389793396,6,6,6,5,1,2,0,0,1
G:\Thesis\FACET_Dataset\Segmented_FACET_0.2_fixed_label\sa_1215483.jpg,2,2,1,0,0.0954655185341835,2,2,2,1,0,0,1,1,1
G:\Thesis\FACET_Dataset\Segmented_FACET_0.2_fixed_label\sa_717932.jpg,3,3,2,0,0.04821546748280525,1,1,1,0,0,2,0,0,1
G:\Thesis\FACET_Dataset\Segmented_FACET_0.2_fixed_label\sa_8133298.jpg,4,4,3,1,0.006370421499013901,1,1,1,0,0,3,0,0,0
G:\Thesis\FACET_Dataset\Segmented_FACET_0.2_fixed_label\sa_1324440.jpg,4,4,3,1,0.49256497621536255,5,5,5,4,1,1,0,1,1
G:\Thesis\FACET_Dataset\Segmented_FACET_0.2_fixed_label\sa_6762221.jpg,3,3,2,0,0.5089302659034729,6,6,6,5,1,3,0,0,0
G:\Thesis\FACET_Dataset\Segmented_FACET_0.2_fixed_label\sa_5583056.jpg,1,1,0,0,0.3764333426952362,4,4,4,3,1,3,0,0,0
G:\Thesis\FACET_Dataset\Segmented_FACET_0.2_fixed_label\sa_516303.jpg,3,3,2,0,0.282772034406662,4,4,4,3,1,1,0,1,0
G:\Thesis\FACET_Dataset\Segmented_FACET_0.2_fixed_label\sa_4682469.jpg,2,2,1,0,0.44007408618927,5,5,5,4,1,3,0,0,0
G:\Thesis\FACET_Dataset\Segmented_FACET_0.2_fixed_label\sa_10958268.jpg,2,2,1,0,0.3887278139591217,4,4,4,3,1,2,0,0,0
G:\Thesis\FACET_Dataset\Segmented_FACET_0.2_fixed_label\sa_5231153.jpg,6,6,5,1,0.7837997078895569,8,8,8,7,2,2,0,0,0
G:\Thesis\FACET_Dataset\Segmented_FACET_0.2_fixed_label\sa_9383976.jpg,3,3,2,0,0.06960083544254303,2,2,2,1,0,1,0,1,1
G:\Thesis\FACET_Dataset\Segmented_FACET_0.2_fixed_label\sa_1996974.jpg,2,2,1,0,0.12709034979343414,2,2,2,1,0,0,1,1,1
G:\Thesis\FACET_Dataset\Segmented_FACET_0.2_fixed_label\sa_10706499.jpg,6,6,5,1,0.7386024594306946,8,8,8,7,2,2,0,0,0
G:\Thesis\FACET_Dataset\Segmented_FACET_0.2_fixed_label\sa_8566455.jpg,2,2,1,0,0.23019419610500336,3,3,3,2,0,1,0,1,1
G:\Thesis\FACET_Dataset\Segmented_FACET_0.2_fixed_label\sa_4953176.jpg,6,6,5,1,0.5991412401199341,6,6,6,5,1,0,1,1,1
G:\Thesis\FACET_Dataset\Segmented_FACET_0.2_fixed_label\sa_7452368.jpg,2,2,1,0,0.015572386793792248,1,1,1,0,0,1,0,1,1
G:\Thesis\FACET_Dataset\Segmented_FACET_0.2_fixed_label\sa_6606232.jpg,3,3,2,0,0.35917434096336365,4,4,4,3,1,1,0,1,0
G:\Thesis\FACET_Dataset\Segmented_FACET_0.2_fixed_label\sa_3614031.jpg,4,4,3,1,0.5224353075027466,6,6,6,5,1,2,0,0,1
G:\Thesis\FACET_Dataset\Segmented_FACET_0.2_fixed_label\sa_633733.jpg,5,5,4,1,0.3980668783187866,5,5,5,4,1,0,1,1,1
G:\Thesis\FACET_Dataset\Segmented_FACET_0.2_fixed_label\sa_4717530.jpg,6,6,5,1,0.6847232580184937,7,7,7,6,1,1,0,1,1
G:\Thesis\FACET_Dataset\Segmented_FACET_0.2_fixed_label\sa_7841103.jpg,5,5,4,1,0.6825873851776123,7,7,7,6,1,2,0,0,1
G:\Thesis\FACET_Dataset\Segmented_FACET_0.2_fixed_label\sa_1369172.jpg,5,5,4,1,0.3096618056297302,4,4,4,3,1,1,0,1,1
G:\Thesis\FACET_Dataset\Segmented_FACET_0.2_fixed_label\sa_800792.jpg,4,4,3,1,0.5104871988296509,6,6,6,5,1,2,0,0,1
G:\Thesis\FACET_Dataset\Segmented_FACET_0.2_fixed_label\sa_357215.jpg,2,2,1,0,0.46136513352394104,5,5,5,4,1,3,0,0,0
G:\Thesis\FACET_Dataset\Segmented_FACET_0.2_fixed_label\sa_6954166.jpg,2,2,1,0,0.404077410697937,5,5,5,4,1,3,0,0,0
G:\Thesis\FACET_Dataset\Segmented_FACET_0.2_fixed_label\sa_6847085.jpg,2,2,1,0,0.17444947361946106,3,3,3,2,0,1,0,1,1
G:\Thesis\FACET_Dataset\Segmented_FACET_0.2_fixed_label\sa_8502381.jpg,3,3,2,0,0.39282551407814026,5,5,5,4,1,2,0,0,0
G:\Thesis\FACET_Dataset\Segmented_FACET_0.2_fixed_label\sa_829174.jpg,2,2,1,0,0.25593167543411255,3,3,3,2,0,1,0,1,1
G:\Thesis\FACET_Dataset\Segmented_FACET_0.2_fixed_label\sa_3995832.jpg,5,5,4,1,0.6225969195365906,7,7,7,6,1,2,0,0,1
G:\Thesis\FACET_Dataset\Segmented_FACET_0.2_fixed_label\sa_6741428.jpg,5,5,4,1,0.44475993514060974,5,5,5,4,1,0,1,1,1
G:\Thesis\FACET_Dataset\Segmented_FACET_0.2_fixed_label\sa_1313718.jpg,2,2,1,0,0.14751087129116058,2,2,2,1,0,0,1,1,1
G:\Thesis\FACET_Dataset\Segmented_FACET_0.2_fixed_label\sa_8956098.jpg,6,6,5,1,0.3924613296985626,5,5,5,4,1,1,0,1,1
G:\Thesis\FACET_Dataset\Segmented_FACET_0.2_fixed_label\sa_7166475.jpg,2,2,1,0,0.12923981249332428,2,2,2,1,0,0,1,1,1
G:\Thesis\FACET_Dataset\Segmented_FACET_0.2_fixed_label\sa_10068983.jpg,3,3,2,0,0.37693139910697937,4,4,4,3,1,1,0,1,0
G:\Thesis\FACET_Dataset\Segmented_FACET_0.2_fixed_label\sa_1813167.jpg,4,4,3,1,0.4011101722717285,5,5,5,4,1,1,0,1,1
G:\Thesis\FACET_Dataset\Segmented_FACET_0.2_fixed_label\sa_10915751.jpg,8,8,7,2,0.40709468722343445,5,5,5,4,1,3,0,0,0
G:\Thesis\FACET_Dataset\Segmented_FACET_0.2_fixed_label\sa_5589099.jpg,3,3,2,0,0.21759246289730072,3,3,3,2,0,0,1,1,1
G:\Thesis\FACET_Dataset\Segmented_FACET_0.2_fixed_label\sa_7908743.jpg,3,3,2,0,0.23579025268554688,3,3,3,2,0,0,1,1,1
G:\Thesis\FACET_Dataset\Segmented_FACET_0.2_fixed_label\sa_2558271.jpg,3,3,2,0,0.36996257305145264,4,4,4,3,1,1,0,1,0
G:\Thesis\FACET_Dataset\Segmented_FACET_0.2_fixed_label\sa_3231147.jpg,2,2,1,0,0.3740357756614685,4,4,4,3,1,2,0,0,0
G:\Thesis\FACET_Dataset\Segmented_FACET_0.2_fixed_label\sa_4499468.jpg,4,4,3,1,0.1979963630437851,3,3,3,2,0,1,0,1,0
G:\Thesis\FACET_Dataset\Segmented_FACET_0.2_fixed_label\sa_83475.jpg,4,4,3,1,0.4387497007846832,5,5,5,4,1,1,0,1,1
G:\Thesis\FACET_Dataset\Segmented_FACET_0.2_fixed_label\sa_4629036.jpg,4,4,3,1,0.6767165064811707,7,7,7,6,1,3,0,0,1
G:\Thesis\FACET_Dataset\Segmented_FACET_0.2_fixed_label\sa_9040041.jpg,2,2,1,0,0.046057477593421936,1,1,1,0,0,1,0,1,1
G:\Thesis\FACET_Dataset\Segmented_FACET_0.2_fixed_label\sa_5804157.jpg,4,4,3,1,0.28806403279304504,4,4,4,3,1,0,1,1,1
G:\Thesis\FACET_Dataset\Segmented_FACET_0.2_fixed_label\sa_6677336.jpg,4,4,3,1,0.47356829047203064,5,5,5,4,1,1,0,1,1
G:\Thesis\FACET_Dataset\Segmented_FACET_0.2_fixed_label\sa_6573159.jpg,3,3,2,0,0.3806934058666229,4,4,4,3,1,1,0,1,0
G:\Thesis\FACET_Dataset\Segmented_FACET_0.2_fixed_label\sa_1237899.jpg,4,4,3,1,0.8149473071098328,8,8,8,7,2,4,0,0,0
G:\Thesis\FACET_Dataset\Segmented_FACET_0.2_fixed_label\sa_671770.jpg,4,4,3,1,0.3025189936161041,4,4,4,3,1,0,1,1,1
G:\Thesis\FACET_Dataset\Segmented_FACET_0.2_fixed_label\sa_2836781.jpg,5,5,4,1,0.2302980124950409,3,3,3,2,0,2,0,0,0
G:\Thesis\FACET_Dataset\Segmented_FACET_0.2_fixed_label\sa_7402139.jpg,8,8,7,2,0.8398050665855408,9,9,9,8,2,1,0,1,1
G:\Thesis\FACET_Dataset\Segmented_FACET_0.2_fixed_label\sa_4786449.jpg,2,2,1,0,0.04879118874669075,1,1,1,0,0,1,0,1,1
G:\Thesis\FACET_Dataset\Segmented_FACET_0.2_fixed_label\sa_1105627.jpg,3,3,2,0,0.0890263095498085,2,2,2,1,0,1,0,1,1
G:\Thesis\FACET_Dataset\Segmented_FACET_0.2_fixed_label\sa_6478910.jpg,2,2,1,0,0.14507415890693665,2,2,2,1,0,0,1,1,1
G:\Thesis\FACET_Dataset\Segmented_FACET_0.2_fixed_label\sa_6940862.jpg,2,2,1,0,0.31232601404190063,4,4,4,3,1,2,0,0,0
G:\Thesis\FACET_Dataset\Segmented_FACET_0.2_fixed_label\sa_10789209.jpg,4,4,3,1,0.6630675196647644,7,7,7,6,1,3,0,0,1
G:\Thesis\FACET_Dataset\Segmented_FACET_0.2_fixed_label\sa_9277115.jpg,6,6,5,1,0.5417440533638,6,6,6,5,1,0,1,1,1
G:\Thesis\FACET_Dataset\Segmented_FACET_0.2_fixed_label\sa_9979863.jpg,5,5,4,1,0.37821856141090393,4,4,4,3,1,1,0,1,1
G:\Thesis\FACET_Dataset\Segmented_FACET_0.2_fixed_label\sa_4423695.jpg,5,5,4,1,0.28428393602371216,4,4,4,3,1,1,0,1,1
G:\Thesis\FACET_Dataset\Segmented_FACET_0.2_fixed_label\sa_6290308.jpg,2,2,1,0,0.21391180157661438,3,3,3,2,0,1,0,1,1
G:\Thesis\FACET_Dataset\Segmented_FACET_0.2_fixed_label\sa_2545541.jpg,7,7,6,1,0.385303258895874,4,4,4,3,1,3,0,0,1
G:\Thesis\FACET_Dataset\Segmented_FACET_0.2_fixed_label\sa_5536666.jpg,3,3,2,0,0.4147912561893463,5,5,5,4,1,2,0,0,0
G:\Thesis\FACET_Dataset\Segmented_FACET_0.2_fixed_label\sa_6064034.jpg,3,3,2,0,0.4854162931442261,5,5,5,4,1,2,0,0,0
G:\Thesis\FACET_Dataset\Segmented_FACET_0.2_fixed_label\sa_1469498.jpg,3,3,2,0,0.14063702523708344,2,2,2,1,0,1,0,1,1
G:\Thesis\FACET_Dataset\Segmented_FACET_0.2_fixed_label\sa_7374791.jpg,2,2,1,0,0.153696209192276,2,2,2,1,0,0,1,1,1
G:\Thesis\FACET_Dataset\Segmented_FACET_0.2_fixed_label\sa_1620585.jpg,5,5,4,1,0.4479199945926666,5,5,5,4,1,0,1,1,1
G:\Thesis\FACET_Dataset\Segmented_FACET_0.2_fixed_label\sa_4199584.jpg,2,2,1,0,0.30726563930511475,4,4,4,3,1,2,0,0,0
G:\Thesis\FACET_Dataset\Segmented_FACET_0.2_fixed_label\sa_525211.jpg,6,6,5,1,0.5963419079780579,6,6,6,5,1,0,1,1,1
G:\Thesis\FACET_Dataset\Segmented_FACET_0.2_fixed_label\sa_1730409.jpg,3,3,2,0,0.4359479546546936,5,5,5,4,1,2,0,0,0
G:\Thesis\FACET_Dataset\Segmented_FACET_0.2_fixed_label\sa_7121746.jpg,1,1,0,0,0.3512115776538849,4,4,4,3,1,3,0,0,0
G:\Thesis\FACET_Dataset\Segmented_FACET_0.2_fixed_label\sa_5606499.jpg,4,4,3,1,0.43612465262413025,5,5,5,4,1,1,0,1,1
G:\Thesis\FACET_Dataset\Segmented_FACET_0.2_fixed_label\sa_9722508.jpg,3,3,2,0,0.3097213804721832,4,4,4,3,1,1,0,1,0
G:\Thesis\FACET_Dataset\Segmented_FACET_0.2_fixed_label\sa_3067051.jpg,2,2,1,0,0.28815579414367676,4,4,4,3,1,2,0,0,0
G:\Thesis\FACET_Dataset\Segmented_FACET_0.2_fixed_label\sa_6897183.jpg,2,2,1,0,0.18609026074409485,3,3,3,2,0,1,0,1,1
G:\Thesis\FACET_Dataset\Segmented_FACET_0.2_fixed_label\sa_5647848.jpg,4,4,3,1,0.21847012639045715,3,3,3,2,0,1,0,1,0
G:\Thesis\FACET_Dataset\Segmented_FACET_0.2_fixed_label\sa_5131767.jpg,4,4,3,1,0.2549128830432892,3,3,3,2,0,1,0,1,0
G:\Thesis\FACET_Dataset\Segmented_FACET_0.2_fixed_label\sa_7334714.jpg,3,3,2,0,0.44314542412757874,5,5,5,4,1,2,0,0,0
G:\Thesis\FACET_Dataset\Segmented_FACET_0.2_fixed_label\sa_7479107.jpg,5,5,4,1,0.6744272112846375,7,7,7,6,1,2,0,0,1
G:\Thesis\FACET_Dataset\Segmented_FACET_0.2_fixed_label\sa_6326783.jpg,2,2,1,0,0.6563906073570251,7,7,7,6,1,5,0,0,0
G:\Thesis\FACET_Dataset\Segmented_FACET_0.2_fixed_label\sa_2095290.jpg,5,5,4,1,0.4465647339820862,5,5,5,4,1,0,1,1,1
G:\Thesis\FACET_Dataset\Segmented_FACET_0.2_fixed_label\sa_3594905.jpg,2,2,1,0,0.19224081933498383,3,3,3,2,0,1,0,1,1
G:\Thesis\FACET_Dataset\Segmented_FACET_0.2_fixed_label\sa_8110946.jpg,5,5,4,1,0.5549676418304443,6,6,6,5,1,1,0,1,1
G:\Thesis\FACET_Dataset\Segmented_FACET_0.2_fixed_label\sa_2212636.jpg,7,7,6,1,0.20878997445106506,3,3,3,2,0,4,0,0,0
G:\Thesis\FACET_Dataset\Segmented_FACET_0.2_fixed_label\sa_1206887.jpg,4,4,3,1,0.5676412582397461,6,6,6,5,1,2,0,0,1
G:\Thesis\FACET_Dataset\Segmented_FACET_0.2_fixed_label\sa_6170694.jpg,2,2,1,0,0.4482380449771881,5,5,5,4,1,3,0,0,0
G:\Thesis\FACET_Dataset\Segmented_FACET_0.2_fixed_label\sa_6193592.jpg,3,3,2,0,0.459513783454895,5,5,5,4,1,2,0,0,0
G:\Thesis\FACET_Dataset\Segmented_FACET_0.2_fixed_label\sa_11017864.jpg,4,4,3,1,0.37317970395088196,4,4,4,3,1,0,1,1,1
G:\Thesis\FACET_Dataset\Segmented_FACET_0.2_fixed_label\sa_710222.jpg,2,2,1,0,0.024925028905272484,1,1,1,0,0,1,0,1,1
G:\Thesis\FACET_Dataset\Segmented_FACET_0.2_fixed_label\sa_1127212.jpg,4,4,3,1,0.2102733850479126,3,3,3,2,0,1,0,1,0
G:\Thesis\FACET_Dataset\Segmented_FACET_0.2_fixed_label\sa_3006340.jpg,2,2,1,0,0.22364290058612823,3,3,3,2,0,1,0,1,1
G:\Thesis\FACET_Dataset\Segmented_FACET_0.2_fixed_label\sa_7908835.jpg,2,2,1,0,0.47680413722991943,5,5,5,4,1,3,0,0,0
G:\Thesis\FACET_Dataset\Segmented_FACET_0.2_fixed_label\sa_904406.jpg,1,1,0,0,0.08849804848432541,2,2,2,1,0,1,0,1,1
G:\Thesis\FACET_Dataset\Segmented_FACET_0.2_fixed_label\sa_6262791.jpg,5,5,4,1,0.38283461332321167,4,4,4,3,1,1,0,1,1
G:\Thesis\FACET_Dataset\Segmented_FACET_0.2_fixed_label\sa_3023489.jpg,6,6,5,1,0.4331947863101959,5,5,5,4,1,1,0,1,1
G:\Thesis\FACET_Dataset\Segmented_FACET_0.2_fixed_label\sa_6193592.jpg,4,4,3,1,0.459513783454895,5,5,5,4,1,1,0,1,1
G:\Thesis\FACET_Dataset\Segmented_FACET_0.2_fixed_label\sa_6585974.jpg,7,7,6,1,0.5765967965126038,6,6,6,5,1,1,0,1,1
G:\Thesis\FACET_Dataset\Segmented_FACET_0.2_fixed_label\sa_4141927.jpg,5,5,4,1,0.560099184513092,6,6,6,5,1,1,0,1,1
G:\Thesis\FACET_Dataset\Segmented_FACET_0.2_fixed_label\sa_2950759.jpg,5,5,4,1,0.29501888155937195,4,4,4,3,1,1,0,1,1
G:\Thesis\FACET_Dataset\Segmented_FACET_0.2_fixed_label\sa_5858945.jpg,6,6,5,1,0.19233739376068115,3,3,3,2,0,3,0,0,0
G:\Thesis\FACET_Dataset\Segmented_FACET_0.2_fixed_label\sa_658464.jpg,4,4,3,1,0.16051258146762848,2,2,2,1,0,2,0,0,0
G:\Thesis\FACET_Dataset\Segmented_FACET_0.2_fixed_label\sa_6474325.jpg,6,6,5,1,0.5326495170593262,6,6,6,5,1,0,1,1,1
G:\Thesis\FACET_Dataset\Segmented_FACET_0.2_fixed_label\sa_7946914.jpg,3,3,2,0,0.49545183777809143,5,5,5,4,1,2,0,0,0
G:\Thesis\FACET_Dataset\Segmented_FACET_0.2_fixed_label\sa_10012746.jpg,2,2,1,0,0.22891001403331757,3,3,3,2,0,1,0,1,1
G:\Thesis\FACET_Dataset\Segmented_FACET_0.2_fixed_label\sa_6044627.jpg,3,3,2,0,0.5688848495483398,6,6,6,5,1,3,0,0,0
G:\Thesis\FACET_Dataset\Segmented_FACET_0.2_fixed_label\sa_1299490.jpg,4,4,3,1,0.48489540815353394,5,5,5,4,1,1,0,1,1
G:\Thesis\FACET_Dataset\Segmented_FACET_0.2_fixed_label\sa_9973377.jpg,4,4,3,1,0.2813767194747925,4,4,4,3,1,0,1,1,1
G:\Thesis\FACET_Dataset\Segmented_FACET_0.2_fixed_label\sa_6665287.jpg,2,2,1,0,0.20032013952732086,3,3,3,2,0,1,0,1,1
G:\Thesis\FACET_Dataset\Segmented_FACET_0.2_fixed_label\sa_3995832.jpg,3,3,2,0,0.6225969195365906,7,7,7,6,1,4,0,0,0
G:\Thesis\FACET_Dataset\Segmented_FACET_0.2_fixed_label\sa_637625.jpg,3,3,2,0,0.10284288972616196,2,2,2,1,0,1,0,1,1
G:\Thesis\FACET_Dataset\Segmented_FACET_0.2_fixed_label\sa_5966913.jpg,7,7,6,1,0.48037686944007874,5,5,5,4,1,2,0,0,1
G:\Thesis\FACET_Dataset\Segmented_FACET_0.2_fixed_label\sa_4678099.jpg,5,5,4,1,0.540024995803833,6,6,6,5,1,1,0,1,1
G:\Thesis\FACET_Dataset\Segmented_FACET_0.2_fixed_label\sa_8979198.jpg,2,2,1,0,0.09790854156017303,2,2,2,1,0,0,1,1,1
G:\Thesis\FACET_Dataset\Segmented_FACET_0.2_fixed_label\sa_9296641.jpg,2,2,1,0,0.1944950819015503,3,3,3,2,0,1,0,1,1
G:\Thesis\FACET_Dataset\Segmented_FACET_0.2_fixed_label\sa_2618454.jpg,4,4,3,1,0.45046037435531616,5,5,5,4,1,1,0,1,1
G:\Thesis\FACET_Dataset\Segmented_FACET_0.2_fixed_label\sa_7498680.jpg,6,6,5,1,0.39705905318260193,5,5,5,4,1,1,0,1,1
G:\Thesis\FACET_Dataset\Segmented_FACET_0.2_fixed_label\sa_7162201.jpg,3,3,2,0,0.32124483585357666,4,4,4,3,1,1,0,1,0
G:\Thesis\FACET_Dataset\Segmented_FACET_0.2_fixed_label\sa_9913515.jpg,3,3,2,0,0.21442461013793945,3,3,3,2,0,0,1,1,1
G:\Thesis\FACET_Dataset\Segmented_FACET_0.2_fixed_label\sa_545594.jpg,3,3,2,0,0.2012324035167694,3,3,3,2,0,0,1,1,1
G:\Thesis\FACET_Dataset\Segmented_FACET_0.2_fixed_label\sa_974197.jpg,3,3,2,0,0.28715959191322327,4,4,4,3,1,1,0,1,0
G:\Thesis\FACET_Dataset\Segmented_FACET_0.2_fixed_label\sa_1863172.jpg,3,3,2,0,0.09262339770793915,2,2,2,1,0,1,0,1,1
G:\Thesis\FACET_Dataset\Segmented_FACET_0.2_fixed_label\sa_6146563.jpg,4,4,3,1,0.2708943486213684,3,3,3,2,0,1,0,1,0
G:\Thesis\FACET_Dataset\Segmented_FACET_0.2_fixed_label\sa_9435674.jpg,3,3,2,0,0.45597565174102783,5,5,5,4,1,2,0,0,0
G:\Thesis\FACET_Dataset\Segmented_FACET_0.2_fixed_label\sa_2634488.jpg,4,4,3,1,0.27547138929367065,3,3,3,2,0,1,0,1,0
G:\Thesis\FACET_Dataset\Segmented_FACET_0.2_fixed_label\sa_10425489.jpg,8,8,7,2,0.48386350274086,5,5,5,4,1,3,0,0,0
G:\Thesis\FACET_Dataset\Segmented_FACET_0.2_fixed_label\sa_629579.jpg,4,4,3,1,0.506088137626648,6,6,6,5,1,2,0,0,1
G:\Thesis\FACET_Dataset\Segmented_FACET_0.2_fixed_label\sa_3579260.jpg,4,4,3,1,0.24074789881706238,3,3,3,2,0,1,0,1,0
G:\Thesis\FACET_Dataset\Segmented_FACET_0.2_fixed_label\sa_9588623.jpg,2,2,1,0,0.1268359124660492,2,2,2,1,0,0,1,1,1
G:\Thesis\FACET_Dataset\Segmented_FACET_0.2_fixed_label\sa_10235089.jpg,3,3,2,0,0.7472125887870789,8,8,8,7,2,5,0,0,0
G:\Thesis\FACET_Dataset\Segmented_FACET_0.2_fixed_label\sa_6857312.jpg,6,6,5,1,0.48982444405555725,5,5,5,4,1,1,0,1,1
G:\Thesis\FACET_Dataset\Segmented_FACET_0.2_fixed_label\sa_10789209.jpg,6,6,5,1,0.6630675196647644,7,7,7,6,1,1,0,1,1
G:\Thesis\FACET_Dataset\Segmented_FACET_0.2_fixed_label\sa_8293466.jpg,5,5,4,1,0.5033943057060242,6,6,6,5,1,1,0,1,1
G:\Thesis\FACET_Dataset\Segmented_FACET_0.2_fixed_label\sa_1174613.jpg,4,4,3,1,0.3131091296672821,4,4,4,3,1,0,1,1,1
G:\Thesis\FACET_Dataset\Segmented_FACET_0.2_fixed_label\sa_6909647.jpg,4,4,3,1,0.17704042792320251,3,3,3,2,0,1,0,1,0
G:\Thesis\FACET_Dataset\Segmented_FACET_0.2_fixed_label\sa_11084494.jpg,3,3,2,0,0.46620017290115356,5,5,5,4,1,2,0,0,0
G:\Thesis\FACET_Dataset\Segmented_FACET_0.2_fixed_label\sa_9215947.jpg,3,3,2,0,0.51904296875,6,6,6,5,1,3,0,0,0
G:\Thesis\FACET_Dataset\Segmented_FACET_0.2_fixed_label\sa_7616093.jpg,3,3,2,0,0.5249298214912415,6,6,6,5,1,3,0,0,0
G:\Thesis\FACET_Dataset\Segmented_FACET_0.2_fixed_label\sa_2051647.jpg,3,3,2,0,0.5206987261772156,6,6,6,5,1,3,0,0,0
G:\Thesis\FACET_Dataset\Segmented_FACET_0.2_fixed_label\sa_3006854.jpg,3,3,2,0,0.44340142607688904,5,5,5,4,1,2,0,0,0
G:\Thesis\FACET_Dataset\Segmented_FACET_0.2_fixed_label\sa_9938142.jpg,3,3,2,0,0.49946901202201843,5,5,5,4,1,2,0,0,0
G:\Thesis\FACET_Dataset\Segmented_FACET_0.2_fixed_label\sa_4455432.jpg,6,6,5,1,0.7877631783485413,8,8,8,7,2,2,0,0,0
G:\Thesis\FACET_Dataset\Segmented_FACET_0.2_fixed_label\sa_10190599.jpg,3,3,2,0,0.35139715671539307,4,4,4,3,1,1,0,1,0
G:\Thesis\FACET_Dataset\Segmented_FACET_0.2_fixed_label\sa_899284.jpg,4,4,3,1,0.44928956031799316,5,5,5,4,1,1,0,1,1
G:\Thesis\FACET_Dataset\Segmented_FACET_0.2_fixed_label\sa_10277350.jpg,6,6,5,1,0.13358792662620544,2,2,2,1,0,4,0,0,0
G:\Thesis\FACET_Dataset\Segmented_FACET_0.2_fixed_label\sa_210624.jpg,3,3,2,0,0.22001101076602936,3,3,3,2,0,0,1,1,1
G:\Thesis\FACET_Dataset\Segmented_FACET_0.2_fixed_label\sa_1282877.jpg,2,2,1,0,0.6139043569564819,7,7,7,6,1,5,0,0,0
G:\Thesis\FACET_Dataset\Segmented_FACET_0.2_fixed_label\sa_11135578.jpg,4,4,3,1,0.10177937150001526,2,2,2,1,0,2,0,0,0
G:\Thesis\FACET_Dataset\Segmented_FACET_0.2_fixed_label\sa_6075783.jpg,2,2,1,0,0.4803856611251831,5,5,5,4,1,3,0,0,0
G:\Thesis\FACET_Dataset\Segmented_FACET_0.2_fixed_label\sa_6620736.jpg,1,1,0,0,0.36559468507766724,4,4,4,3,1,3,0,0,0
G:\Thesis\FACET_Dataset\Segmented_FACET_0.2_fixed_label\sa_9799688.jpg,2,2,1,0,0.22919300198554993,3,3,3,2,0,1,0,1,1
G:\Thesis\FACET_Dataset\Segmented_FACET_0.2_fixed_label\sa_9580997.jpg,5,5,4,1,0.5856444835662842,6,6,6,5,1,1,0,1,1
G:\Thesis\FACET_Dataset\Segmented_FACET_0.2_fixed_label\sa_8420496.jpg,4,4,3,1,0.19281944632530212,3,3,3,2,0,1,0,1,0
G:\Thesis\FACET_Dataset\Segmented_FACET_0.2_fixed_label\sa_8744555.jpg,2,2,1,0,0.4602212905883789,5,5,5,4,1,3,0,0,0
G:\Thesis\FACET_Dataset\Segmented_FACET_0.2_fixed_label\sa_4091201.jpg,2,2,1,0,0.2991703152656555,4,4,4,3,1,2,0,0,0
G:\Thesis\FACET_Dataset\Segmented_FACET_0.2_fixed_label\sa_350837.jpg,3,3,2,0,0.5795370936393738,6,6,6,5,1,3,0,0,0
G:\Thesis\FACET_Dataset\Segmented_FACET_0.2_fixed_label\sa_5328957.jpg,6,6,5,1,0.1459031105041504,2,2,2,1,0,4,0,0,0
G:\Thesis\FACET_Dataset\Segmented_FACET_0.2_fixed_label\sa_4577723.jpg,5,5,4,1,0.06516111642122269,2,2,2,1,0,3,0,0,0
G:\Thesis\FACET_Dataset\Segmented_FACET_0.2_fixed_label\sa_1235335.jpg,6,6,5,1,0.34326961636543274,4,4,4,3,1,2,0,0,1
G:\Thesis\FACET_Dataset\Segmented_FACET_0.2_fixed_label\sa_6069199.jpg,6,6,5,1,0.4015461802482605,5,5,5,4,1,1,0,1,1
G:\Thesis\FACET_Dataset\Segmented_FACET_0.2_fixed_label\sa_944036.jpg,3,3,2,0,0.15720096230506897,2,2,2,1,0,1,0,1,1
G:\Thesis\FACET_Dataset\Segmented_FACET_0.2_fixed_label\sa_4272216.jpg,2,2,1,0,0.461208701133728,5,5,5,4,1,3,0,0,0
G:\Thesis\FACET_Dataset\Segmented_FACET_0.2_fixed_label\sa_870796.jpg,3,3,2,0,0.46679970622062683,5,5,5,4,1,2,0,0,0
G:\Thesis\FACET_Dataset\Segmented_FACET_0.2_fixed_label\sa_11070013.jpg,3,3,2,0,0.2267378568649292,3,3,3,2,0,0,1,1,1
G:\Thesis\FACET_Dataset\Segmented_FACET_0.2_fixed_label\sa_9889742.jpg,5,5,4,1,0.35126402974128723,4,4,4,3,1,1,0,1,1
G:\Thesis\FACET_Dataset\Segmented_FACET_0.2_fixed_label\sa_6230343.jpg,4,4,3,1,0.5106711983680725,6,6,6,5,1,2,0,0,1
G:\Thesis\FACET_Dataset\Segmented_FACET_0.2_fixed_label\sa_4244420.jpg,6,6,5,1,0.23477035760879517,3,3,3,2,0,3,0,0,0
G:\Thesis\FACET_Dataset\Segmented_FACET_0.2_fixed_label\sa_5092276.jpg,4,4,3,1,0.09130878001451492,2,2,2,1,0,2,0,0,0
G:\Thesis\FACET_Dataset\Segmented_FACET_0.2_fixed_label\sa_2507958.jpg,3,3,2,0,0.46359241008758545,5,5,5,4,1,2,0,0,0
G:\Thesis\FACET_Dataset\Segmented_FACET_0.2_fixed_label\sa_10665143.jpg,9,9,8,2,0.4663138687610626,5,5,5,4,1,4,0,0,0
G:\Thesis\FACET_Dataset\Segmented_FACET_0.2_fixed_label\sa_2281927.jpg,4,4,3,1,0.4322527348995209,5,5,5,4,1,1,0,1,1
G:\Thesis\FACET_Dataset\Segmented_FACET_0.2_fixed_label\sa_651791.jpg,2,2,1,0,0.3867380619049072,4,4,4,3,1,2,0,0,0
G:\Thesis\FACET_Dataset\Segmented_FACET_0.2_fixed_label\sa_5300110.jpg,7,7,6,1,0.4997851550579071,5,5,5,4,1,2,0,0,1
G:\Thesis\FACET_Dataset\Segmented_FACET_0.2_fixed_label\sa_2372177.jpg,7,7,6,1,0.3597675561904907,4,4,4,3,1,3,0,0,1
G:\Thesis\FACET_Dataset\Segmented_FACET_0.2_fixed_label\sa_9131252.jpg,2,2,1,0,0.2825605869293213,4,4,4,3,1,2,0,0,0
G:\Thesis\FACET_Dataset\Segmented_FACET_0.2_fixed_label\sa_6440016.jpg,5,5,4,1,0.3998924493789673,5,5,5,4,1,0,1,1,1
G:\Thesis\FACET_Dataset\Segmented_FACET_0.2_fixed_label\sa_8269547.jpg,2,2,1,0,0.058836109936237335,2,2,2,1,0,0,1,1,1
G:\Thesis\FACET_Dataset\Segmented_FACET_0.2_fixed_label\sa_4322243.jpg,2,2,1,0,0.3690102696418762,4,4,4,3,1,2,0,0,0
G:\Thesis\FACET_Dataset\Segmented_FACET_0.2_fixed_label\sa_2710563.jpg,3,3,2,0,0.46201589703559875,5,5,5,4,1,2,0,0,0
G:\Thesis\FACET_Dataset\Segmented_FACET_0.2_fixed_label\sa_3488589.jpg,6,6,5,1,0.5603428483009338,6,6,6,5,1,0,1,1,1
G:\Thesis\FACET_Dataset\Segmented_FACET_0.2_fixed_label\sa_8396142.jpg,7,7,6,1,0.7185330390930176,7,7,7,6,1,0,1,1,1
G:\Thesis\FACET_Dataset\Segmented_FACET_0.2_fixed_label\sa_3787423.jpg,7,7,6,1,0.8834035992622375,9,9,9,8,2,2,0,0,0
G:\Thesis\FACET_Dataset\Segmented_FACET_0.2_fixed_label\sa_2922016.jpg,3,3,2,0,0.09853468090295792,2,2,2,1,0,1,0,1,1
G:\Thesis\FACET_Dataset\Segmented_FACET_0.2_fixed_label\sa_1545952.jpg,3,3,2,0,0.2656392753124237,3,3,3,2,0,0,1,1,1
G:\Thesis\FACET_Dataset\Segmented_FACET_0.2_fixed_label\sa_3496750.jpg,2,2,1,0,0.08640443533658981,2,2,2,1,0,0,1,1,1
G:\Thesis\FACET_Dataset\Segmented_FACET_0.2_fixed_label\sa_7664651.jpg,3,3,2,0,0.22879625856876373,3,3,3,2,0,0,1,1,1
G:\Thesis\FACET_Dataset\Segmented_FACET_0.2_fixed_label\sa_1816074.jpg,2,2,1,0,0.3363249599933624,4,4,4,3,1,2,0,0,0
G:\Thesis\FACET_Dataset\Segmented_FACET_0.2_fixed_label\sa_1909023.jpg,3,3,2,0,0.08068213611841202,2,2,2,1,0,1,0,1,1
G:\Thesis\FACET_Dataset\Segmented_FACET_0.2_fixed_label\sa_4194517.jpg,3,3,2,0,0.3626629710197449,4,4,4,3,1,1,0,1,0
G:\Thesis\FACET_Dataset\Segmented_FACET_0.2_fixed_label\sa_7382036.jpg,6,6,5,1,0.2641317546367645,3,3,3,2,0,3,0,0,0
G:\Thesis\FACET_Dataset\Segmented_FACET_0.2_fixed_label\sa_4808180.jpg,2,2,1,0,0.3668869137763977,4,4,4,3,1,2,0,0,0
G:\Thesis\FACET_Dataset\Segmented_FACET_0.2_fixed_label\sa_9527858.jpg,4,4,3,1,0.033024098724126816,1,1,1,0,0,3,0,0,0
G:\Thesis\FACET_Dataset\Segmented_FACET_0.2_fixed_label\sa_1608469.jpg,2,2,1,0,0.18645483255386353,3,3,3,2,0,1,0,1,1
G:\Thesis\FACET_Dataset\Segmented_FACET_0.2_fixed_label\sa_7480499.jpg,3,3,2,0,0.46147075295448303,5,5,5,4,1,2,0,0,0
G:\Thesis\FACET_Dataset\Segmented_FACET_0.2_fixed_label\sa_10377021.jpg,5,5,4,1,0.9533278346061707,10,10,10,9,2,5,0,0,0
G:\Thesis\FACET_Dataset\Segmented_FACET_0.2_fixed_label\sa_6414457.jpg,2,2,1,0,0.48477670550346375,5,5,5,4,1,3,0,0,0
G:\Thesis\FACET_Dataset\Segmented_FACET_0.2_fixed_label\sa_3436418.jpg,3,3,2,0,0.09732752293348312,2,2,2,1,0,1,0,1,1
G:\Thesis\FACET_Dataset\Segmented_FACET_0.2_fixed_label\sa_9729048.jpg,3,3,2,0,0.640332818031311,7,7,7,6,1,4,0,0,0
G:\Thesis\FACET_Dataset\Segmented_FACET_0.2_fixed_label\sa_1809016.jpg,3,3,2,0,0.4957832396030426,5,5,5,4,1,2,0,0,0
G:\Thesis\FACET_Dataset\Segmented_FACET_0.2_fixed_label\sa_5825910.jpg,3,3,2,0,0.4126755893230438,5,5,5,4,1,2,0,0,0
G:\Thesis\FACET_Dataset\Segmented_FACET_0.2_fixed_label\sa_9100667.jpg,3,3,2,0,0.46019604802131653,5,5,5,4,1,2,0,0,0
G:\Thesis\FACET_Dataset\Segmented_FACET_0.2_fixed_label\sa_9597696.jpg,3,3,2,0,0.1768273562192917,3,3,3,2,0,0,1,1,1
G:\Thesis\FACET_Dataset\Segmented_FACET_0.2_fixed_label\sa_7493288.jpg,2,2,1,0,0.3417209982872009,4,4,4,3,1,2,0,0,0
G:\Thesis\FACET_Dataset\Segmented_FACET_0.2_fixed_label\sa_3963132.jpg,3,3,2,0,0.42646142840385437,5,5,5,4,1,2,0,0,0
G:\Thesis\FACET_Dataset\Segmented_FACET_0.2_fixed_label\sa_5936767.jpg,2,2,1,0,0.580069363117218,6,6,6,5,1,4,0,0,0
G:\Thesis\FACET_Dataset\Segmented_FACET_0.2_fixed_label\sa_6049073.jpg,3,3,2,0,0.09538492560386658,2,2,2,1,0,1,0,1,1
G:\Thesis\FACET_Dataset\Segmented_FACET_0.2_fixed_label\sa_4792156.jpg,3,3,2,0,0.09062641859054565,2,2,2,1,0,1,0,1,1
G:\Thesis\FACET_Dataset\Segmented_FACET_0.2_fixed_label\sa_10071874.jpg,2,2,1,0,0.15046663582324982,2,2,2,1,0,0,1,1,1
G:\Thesis\FACET_Dataset\Segmented_FACET_0.2_fixed_label\sa_4128503.jpg,3,3,2,0,0.41468361020088196,5,5,5,4,1,2,0,0,0
G:\Thesis\FACET_Dataset\Segmented_FACET_0.2_fixed_label\sa_2727106.jpg,3,3,2,0,0.4768829643726349,5,5,5,4,1,2,0,0,0
G:\Thesis\FACET_Dataset\Segmented_FACET_0.2_fixed_label\sa_619947.jpg,8,8,7,2,0.9404937624931335,9,9,9,8,2,1,0,1,1
G:\Thesis\FACET_Dataset\Segmented_FACET_0.2_fixed_label\sa_4294278.jpg,3,3,2,0,0.38676998019218445,4,4,4,3,1,1,0,1,0
G:\Thesis\FACET_Dataset\Segmented_FACET_0.2_fixed_label\sa_5546260.jpg,5,5,4,1,0.33379030227661133,4,4,4,3,1,1,0,1,1
G:\Thesis\FACET_Dataset\Segmented_FACET_0.2_fixed_label\sa_5922023.jpg,3,3,2,0,0.3462270498275757,4,4,4,3,1,1,0,1,0
G:\Thesis\FACET_Dataset\Segmented_FACET_0.2_fixed_label\sa_3802557.jpg,2,2,1,0,0.057168640196323395,2,2,2,1,0,0,1,1,1
G:\Thesis\FACET_Dataset\Segmented_FACET_0.2_fixed_label\sa_3285842.jpg,7,7,6,1,0.3756991922855377,4,4,4,3,1,3,0,0,1
G:\Thesis\FACET_Dataset\Segmented_FACET_0.2_fixed_label\sa_6606232.jpg,2,2,1,0,0.35917434096336365,4,4,4,3,1,2,0,0,0
G:\Thesis\FACET_Dataset\Segmented_FACET_0.2_fixed_label\sa_5407149.jpg,2,2,1,0,0.47498083114624023,5,5,5,4,1,3,0,0,0
G:\Thesis\FACET_Dataset\Segmented_FACET_0.2_fixed_label\sa_10240335.jpg,3,3,2,0,0.2296360284090042,3,3,3,2,0,0,1,1,1
G:\Thesis\FACET_Dataset\Segmented_FACET_0.2_fixed_label\sa_1281876.jpg,2,2,1,0,0.47431495785713196,5,5,5,4,1,3,0,0,0
G:\Thesis\FACET_Dataset\Segmented_FACET_0.2_fixed_label\sa_10376905.jpg,3,3,2,0,0.2465144246816635,3,3,3,2,0,0,1,1,1
G:\Thesis\FACET_Dataset\Segmented_FACET_0.2_fixed_label\sa_9309029.jpg,9,9,8,2,0.14135205745697021,2,2,2,1,0,7,0,0,0
G:\Thesis\FACET_Dataset\Segmented_FACET_0.2_fixed_label\sa_6069498.jpg,6,6,5,1,0.2783600091934204,4,4,4,3,1,2,0,0,1
G:\Thesis\FACET_Dataset\Segmented_FACET_0.2_fixed_label\sa_4843615.jpg,3,3,2,0,0.08905502408742905,2,2,2,1,0,1,0,1,1
G:\Thesis\FACET_Dataset\Segmented_FACET_0.2_fixed_label\sa_10944498.jpg,3,3,2,0,0.5706247091293335,6,6,6,5,1,3,0,0,0
G:\Thesis\FACET_Dataset\Segmented_FACET_0.2_fixed_label\sa_839106.jpg,1,1,0,0,0.4588779807090759,5,5,5,4,1,4,0,0,0
G:\Thesis\FACET_Dataset\Segmented_FACET_0.2_fixed_label\sa_10243045.jpg,5,5,4,1,0.6028928756713867,6,6,6,5,1,1,0,1,1
G:\Thesis\FACET_Dataset\Segmented_FACET_0.2_fixed_label\sa_1276128.jpg,3,3,2,0,0.6290678381919861,7,7,7,6,1,4,0,0,0
G:\Thesis\FACET_Dataset\Segmented_FACET_0.2_fixed_label\sa_3769342.jpg,3,3,2,0,0.18424367904663086,3,3,3,2,0,0,1,1,1
G:\Thesis\FACET_Dataset\Segmented_FACET_0.2_fixed_label\sa_11047388.jpg,2,2,1,0,0.4562874734401703,5,5,5,4,1,3,0,0,0
G:\Thesis\FACET_Dataset\Segmented_FACET_0.2_fixed_label\sa_3612157.jpg,3,3,2,0,0.4035281538963318,5,5,5,4,1,2,0,0,0
G:\Thesis\FACET_Dataset\Segmented_FACET_0.2_fixed_label\sa_1320082.jpg,5,5,4,1,0.21862249076366425,3,3,3,2,0,2,0,0,0
G:\Thesis\FACET_Dataset\Segmented_FACET_0.2_fixed_label\sa_4408822.jpg,2,2,1,0,0.11474645137786865,2,2,2,1,0,0,1,1,1
G:\Thesis\FACET_Dataset\Segmented_FACET_0.2_fixed_label\sa_6857312.jpg,6,6,5,1,0.48982444405555725,5,5,5,4,1,1,0,1,1
G:\Thesis\FACET_Dataset\Segmented_FACET_0.2_fixed_label\sa_7145981.jpg,5,5,4,1,0.5838011503219604,6,6,6,5,1,1,0,1,1
G:\Thesis\FACET_Dataset\Segmented_FACET_0.2_fixed_label\sa_1756709.jpg,4,4,3,1,0.4779715836048126,5,5,5,4,1,1,0,1,1
G:\Thesis\FACET_Dataset\Segmented_FACET_0.2_fixed_label\sa_6418033.jpg,4,4,3,1,0.6941304206848145,7,7,7,6,1,3,0,0,1
G:\Thesis\FACET_Dataset\Segmented_FACET_0.2_fixed_label\sa_8552803.jpg,3,3,2,0,0.17480532824993134,3,3,3,2,0,0,1,1,1
G:\Thesis\FACET_Dataset\Segmented_FACET_0.2_fixed_label\sa_10022161.jpg,4,4,3,1,0.27445900440216064,3,3,3,2,0,1,0,1,0
G:\Thesis\FACET_Dataset\Segmented_FACET_0.2_fixed_label\sa_25380.jpg,3,3,2,0,0.2798245847225189,4,4,4,3,1,1,0,1,0
G:\Thesis\FACET_Dataset\Segmented_FACET_0.2_fixed_label\sa_5031926.jpg,4,4,3,1,0.3223892152309418,4,4,4,3,1,0,1,1,1
G:\Thesis\FACET_Dataset\Segmented_FACET_0.2_fixed_label\sa_7823353.jpg,8,8,7,2,0.2767019271850586,3,3,3,2,0,5,0,0,0
G:\Thesis\FACET_Dataset\Segmented_FACET_0.2_fixed_label\sa_438352.jpg,4,4,3,1,0.33091503381729126,4,4,4,3,1,0,1,1,1
G:\Thesis\FACET_Dataset\Segmented_FACET_0.2_fixed_label\sa_10168183.jpg,6,6,5,1,0.9138516783714294,9,9,9,8,2,3,0,0,0
G:\Thesis\FACET_Dataset\Segmented_FACET_0.2_fixed_label\sa_9765418.jpg,3,3,2,0,0.4803142547607422,5,5,5,4,1,2,0,0,0
G:\Thesis\FACET_Dataset\Segmented_FACET_0.2_fixed_label\sa_6280313.jpg,2,2,1,0,0.01923651620745659,1,1,1,0,0,1,0,1,1
G:\Thesis\FACET_Dataset\Segmented_FACET_0.2_fixed_label\sa_7653623.jpg,2,2,1,0,0.09028028696775436,2,2,2,1,0,0,1,1,1
G:\Thesis\FACET_Dataset\Segmented_FACET_0.2_fixed_label\sa_6876737.jpg,4,4,3,1,0.47273921966552734,5,5,5,4,1,1,0,1,1
G:\Thesis\FACET_Dataset\Segmented_FACET_0.2_fixed_label\sa_411527.jpg,6,6,5,1,0.4928393065929413,5,5,5,4,1,1,0,1,1
G:\Thesis\FACET_Dataset\Segmented_FACET_0.2_fixed_label\sa_4912915.jpg,3,3,2,0,0.25738295912742615,3,3,3,2,0,0,1,1,1
G:\Thesis\FACET_Dataset\Segmented_FACET_0.2_fixed_label\sa_2942190.jpg,3,3,2,0,0.4989605247974396,5,5,5,4,1,2,0,0,0
G:\Thesis\FACET_Dataset\Segmented_FACET_0.2_fixed_label\sa_4445927.jpg,5,5,4,1,0.24863073229789734,3,3,3,2,0,2,0,0,0
G:\Thesis\FACET_Dataset\Segmented_FACET_0.2_fixed_label\sa_4979838.jpg,5,5,4,1,0.4949313998222351,5,5,5,4,1,0,1,1,1
G:\Thesis\FACET_Dataset\Segmented_FACET_0.2_fixed_label\sa_7266316.jpg,3,3,2,0,0.2865622043609619,4,4,4,3,1,1,0,1,0
G:\Thesis\FACET_Dataset\Segmented_FACET_0.2_fixed_label\sa_670066.jpg,5,5,4,1,0.24327275156974792,3,3,3,2,0,2,0,0,0
G:\Thesis\FACET_Dataset\Segmented_FACET_0.2_fixed_label\sa_8313751.jpg,2,2,1,0,0.02278657630085945,1,1,1,0,0,1,0,1,1
G:\Thesis\FACET_Dataset\Segmented_FACET_0.2_fixed_label\sa_9354133.jpg,3,3,2,0,0.15567517280578613,2,2,2,1,0,1,0,1,1
G:\Thesis\FACET_Dataset\Segmented_FACET_0.2_fixed_label\sa_5678381.jpg,6,6,5,1,0.5106048583984375,6,6,6,5,1,0,1,1,1
G:\Thesis\FACET_Dataset\Segmented_FACET_0.2_fixed_label\sa_1625191.jpg,2,2,1,0,0.2356301099061966,3,3,3,2,0,1,0,1,1
G:\Thesis\FACET_Dataset\Segmented_FACET_0.2_fixed_label\sa_5484129.jpg,4,4,3,1,0.16223657131195068,2,2,2,1,0,2,0,0,0
G:\Thesis\FACET_Dataset\Segmented_FACET_0.2_fixed_label\sa_10369497.jpg,9,9,8,2,0.6539563536643982,7,7,7,6,1,2,0,0,0
G:\Thesis\FACET_Dataset\Segmented_FACET_0.2_fixed_label\sa_6707836.jpg,4,4,3,1,0.286957323551178,4,4,4,3,1,0,1,1,1
G:\Thesis\FACET_Dataset\Segmented_FACET_0.2_fixed_label\sa_579010.jpg,4,4,3,1,0.7277081608772278,8,8,8,7,2,4,0,0,0
G:\Thesis\FACET_Dataset\Segmented_FACET_0.2_fixed_label\sa_2503775.jpg,8,8,7,2,0.3719746172428131,4,4,4,3,1,4,0,0,0
G:\Thesis\FACET_Dataset\Segmented_FACET_0.2_fixed_label\sa_3513876.jpg,3,3,2,0,0.09294641017913818,2,2,2,1,0,1,0,1,1
G:\Thesis\FACET_Dataset\Segmented_FACET_0.2_fixed_label\sa_11039006.jpg,6,6,5,1,0.2680639624595642,3,3,3,2,0,3,0,0,0
G:\Thesis\FACET_Dataset\Segmented_FACET_0.2_fixed_label\sa_10418756.jpg,3,3,2,0,0.3561374545097351,4,4,4,3,1,1,0,1,0
G:\Thesis\FACET_Dataset\Segmented_FACET_0.2_fixed_label\sa_1436047.jpg,5,5,4,1,0.26792633533477783,3,3,3,2,0,2,0,0,0
G:\Thesis\FACET_Dataset\Segmented_FACET_0.2_fixed_label\sa_5765006.jpg,1,1,0,0,0.4501943290233612,5,5,5,4,1,4,0,0,0
G:\Thesis\FACET_Dataset\Segmented_FACET_0.2_fixed_label\sa_1879225.jpg,2,2,1,0,0.21770328283309937,3,3,3,2,0,1,0,1,1
G:\Thesis\FACET_Dataset\Segmented_FACET_0.2_fixed_label\sa_9144359.jpg,2,2,1,0,0.019190968945622444,1,1,1,0,0,1,0,1,1
G:\Thesis\FACET_Dataset\Segmented_FACET_0.2_fixed_label\sa_4113099.jpg,4,4,3,1,0.4450741410255432,5,5,5,4,1,1,0,1,1
G:\Thesis\FACET_Dataset\Segmented_FACET_0.2_fixed_label\sa_921085.jpg,5,5,4,1,0.31675904989242554,4,4,4,3,1,1,0,1,1
G:\Thesis\FACET_Dataset\Segmented_FACET_0.2_fixed_label\sa_3276906.jpg,2,2,1,0,0.33704766631126404,4,4,4,3,1,2,0,0,0
G:\Thesis\FACET_Dataset\Segmented_FACET_0.2_fixed_label\sa_7474900.jpg,3,3,2,0,0.5197174549102783,6,6,6,5,1,3,0,0,0
G:\Thesis\FACET_Dataset\Segmented_FACET_0.2_fixed_label\sa_2864579.jpg,4,4,3,1,0.5456182956695557,6,6,6,5,1,2,0,0,1
G:\Thesis\FACET_Dataset\Segmented_FACET_0.2_fixed_label\sa_2444031.jpg,4,4,3,1,0.2694185972213745,3,3,3,2,0,1,0,1,0
G:\Thesis\FACET_Dataset\Segmented_FACET_0.2_fixed_label\sa_707545.jpg,2,2,1,0,0.07752379029989243,2,2,2,1,0,0,1,1,1
G:\Thesis\FACET_Dataset\Segmented_FACET_0.2_fixed_label\sa_4901735.jpg,6,6,5,1,0.2223440259695053,3,3,3,2,0,3,0,0,0
G:\Thesis\FACET_Dataset\Segmented_FACET_0.2_fixed_label\sa_6380782.jpg,2,2,1,0,0.24731919169425964,3,3,3,2,0,1,0,1,1
G:\Thesis\FACET_Dataset\Segmented_FACET_0.2_fixed_label\sa_5485846.jpg,3,3,2,0,0.4483831822872162,5,5,5,4,1,2,0,0,0
G:\Thesis\FACET_Dataset\Segmented_FACET_0.2_fixed_label\sa_2041818.jpg,2,2,1,0,0.5117506980895996,6,6,6,5,1,4,0,0,0
G:\Thesis\FACET_Dataset\Segmented_FACET_0.2_fixed_label\sa_733589.jpg,5,5,4,1,0.5039330720901489,6,6,6,5,1,1,0,1,1
G:\Thesis\FACET_Dataset\Segmented_FACET_0.2_fixed_label\sa_10890103.jpg,4,4,3,1,0.23800337314605713,3,3,3,2,0,1,0,1,0
G:\Thesis\FACET_Dataset\Segmented_FACET_0.2_fixed_label\sa_9131252.jpg,3,3,2,0,0.2825605869293213,4,4,4,3,1,1,0,1,0
G:\Thesis\FACET_Dataset\Segmented_FACET_0.2_fixed_label\sa_3995832.jpg,3,3,2,0,0.6225969195365906,7,7,7,6,1,4,0,0,0
G:\Thesis\FACET_Dataset\Segmented_FACET_0.2_fixed_label\sa_6267865.jpg,6,6,5,1,0.5186998248100281,6,6,6,5,1,0,1,1,1
G:\Thesis\FACET_Dataset\Segmented_FACET_0.2_fixed_label\sa_354339.jpg,6,6,5,1,0.8500853180885315,9,9,9,8,2,3,0,0,0
G:\Thesis\FACET_Dataset\Segmented_FACET_0.2_fixed_label\sa_8484678.jpg,2,2,1,0,0.068752720952034,2,2,2,1,0,0,1,1,1
G:\Thesis\FACET_Dataset\Segmented_FACET_0.2_fixed_label\sa_2731103.jpg,3,3,2,0,0.20078441500663757,3,3,3,2,0,0,1,1,1
G:\Thesis\FACET_Dataset\Segmented_FACET_0.2_fixed_label\sa_5534419.jpg,3,3,2,0,0.4285958409309387,5,5,5,4,1,2,0,0,0
G:\Thesis\FACET_Dataset\Segmented_FACET_0.2_fixed_label\sa_617592.jpg,6,6,5,1,0.49279674887657166,5,5,5,4,1,1,0,1,1
G:\Thesis\FACET_Dataset\Segmented_FACET_0.2_fixed_label\sa_4092765.jpg,6,6,5,1,0.14564630389213562,2,2,2,1,0,4,0,0,0
G:\Thesis\FACET_Dataset\Segmented_FACET_0.2_fixed_label\sa_411527.jpg,6,6,5,1,0.4928393065929413,5,5,5,4,1,1,0,1,1
G:\Thesis\FACET_Dataset\Segmented_FACET_0.2_fixed_label\sa_6718093.jpg,3,3,2,0,0.2956022620201111,4,4,4,3,1,1,0,1,0
G:\Thesis\FACET_Dataset\Segmented_FACET_0.2_fixed_label\sa_3874742.jpg,4,4,3,1,0.2928798198699951,4,4,4,3,1,0,1,1,1
G:\Thesis\FACET_Dataset\Segmented_FACET_0.2_fixed_label\sa_2162147.jpg,3,3,2,0,0.04786142334342003,1,1,1,0,0,2,0,0,1
G:\Thesis\FACET_Dataset\Segmented_FACET_0.2_fixed_label\sa_1130155.jpg,4,4,3,1,0.10061432421207428,2,2,2,1,0,2,0,0,0
G:\Thesis\FACET_Dataset\Segmented_FACET_0.2_fixed_label\sa_6847085.jpg,4,4,3,1,0.17444947361946106,3,3,3,2,0,1,0,1,0
G:\Thesis\FACET_Dataset\Segmented_FACET_0.2_fixed_label\sa_6969565.jpg,3,3,2,0,0.4687888026237488,5,5,5,4,1,2,0,0,0
G:\Thesis\FACET_Dataset\Segmented_FACET_0.2_fixed_label\sa_4149259.jpg,3,3,2,0,0.25217124819755554,3,3,3,2,0,0,1,1,1
G:\Thesis\FACET_Dataset\Segmented_FACET_0.2_fixed_label\sa_5512247.jpg,3,3,2,0,0.42189764976501465,5,5,5,4,1,2,0,0,0
G:\Thesis\FACET_Dataset\Segmented_FACET_0.2_fixed_label\sa_9138612.jpg,5,5,4,1,0.5240259170532227,6,6,6,5,1,1,0,1,1
G:\Thesis\FACET_Dataset\Segmented_FACET_0.2_fixed_label\sa_7519721.jpg,2,2,1,0,0.2789744734764099,4,4,4,3,1,2,0,0,0
G:\Thesis\FACET_Dataset\Segmented_FACET_0.2_fixed_label\sa_8314909.jpg,2,2,1,0,0.5192276835441589,6,6,6,5,1,4,0,0,0
G:\Thesis\FACET_Dataset\Segmented_FACET_0.2_fixed_label\sa_3826712.jpg,2,2,1,0,0.18435515463352203,3,3,3,2,0,1,0,1,1
G:\Thesis\FACET_Dataset\Segmented_FACET_0.2_fixed_label\sa_1920087.jpg,7,7,6,1,0.697515606880188,7,7,7,6,1,0,1,1,1
G:\Thesis\FACET_Dataset\Segmented_FACET_0.2_fixed_label\sa_165670.jpg,4,4,3,1,0.28791543841362,4,4,4,3,1,0,1,1,1
G:\Thesis\FACET_Dataset\Segmented_FACET_0.2_fixed_label\sa_5504254.jpg,2,2,1,0,0.043016597628593445,1,1,1,0,0,1,0,1,1
G:\Thesis\FACET_Dataset\Segmented_FACET_0.2_fixed_label\sa_9657164.jpg,6,6,5,1,0.5052103400230408,6,6,6,5,1,0,1,1,1
G:\Thesis\FACET_Dataset\Segmented_FACET_0.2_fixed_label\sa_3544259.jpg,4,4,3,1,0.741659939289093,8,8,8,7,2,4,0,0,0
G:\Thesis\FACET_Dataset\Segmented_FACET_0.2_fixed_label\sa_6405551.jpg,4,4,3,1,0.483932226896286,5,5,5,4,1,1,0,1,1
G:\Thesis\FACET_Dataset\Segmented_FACET_0.2_fixed_label\sa_10295763.jpg,2,2,1,0,0.11590856313705444,2,2,2,1,0,0,1,1,1
G:\Thesis\FACET_Dataset\Segmented_FACET_0.2_fixed_label\sa_4636248.jpg,3,3,2,0,0.24374936521053314,3,3,3,2,0,0,1,1,1
G:\Thesis\FACET_Dataset\Segmented_FACET_0.2_fixed_label\sa_10457029.jpg,2,2,1,0,0.14276719093322754,2,2,2,1,0,0,1,1,1
G:\Thesis\FACET_Dataset\Segmented_FACET_0.2_fixed_label\sa_7106501.jpg,3,3,2,0,0.5452892780303955,6,6,6,5,1,3,0,0,0
G:\Thesis\FACET_Dataset\Segmented_FACET_0.2_fixed_label\sa_3775087.jpg,5,5,4,1,0.24182406067848206,3,3,3,2,0,2,0,0,0
G:\Thesis\FACET_Dataset\Segmented_FACET_0.2_fixed_label\sa_4110462.jpg,7,7,6,1,0.5308675169944763,6,6,6,5,1,1,0,1,1
G:\Thesis\FACET_Dataset\Segmented_FACET_0.2_fixed_label\sa_7925399.jpg,6,6,5,1,0.5038697123527527,6,6,6,5,1,0,1,1,1
G:\Thesis\FACET_Dataset\Segmented_FACET_0.2_fixed_label\sa_4781192.jpg,2,2,1,0,0.3570140600204468,4,4,4,3,1,2,0,0,0
G:\Thesis\FACET_Dataset\Segmented_FACET_0.2_fixed_label\sa_3605845.jpg,2,2,1,0,0.2867520749568939,4,4,4,3,1,2,0,0,0
G:\Thesis\FACET_Dataset\Segmented_FACET_0.2_fixed_label\sa_7818314.jpg,3,3,2,0,0.5310992002487183,6,6,6,5,1,3,0,0,0
G:\Thesis\FACET_Dataset\Segmented_FACET_0.2_fixed_label\sa_2843945.jpg,6,6,5,1,0.3368700444698334,4,4,4,3,1,2,0,0,1
G:\Thesis\FACET_Dataset\Segmented_FACET_0.2_fixed_label\sa_2382829.jpg,6,6,5,1,0.3022909462451935,4,4,4,3,1,2,0,0,1
G:\Thesis\FACET_Dataset\Segmented_FACET_0.2_fixed_label\sa_1625191.jpg,2,2,1,0,0.2356301099061966,3,3,3,2,0,1,0,1,1
G:\Thesis\FACET_Dataset\Segmented_FACET_0.2_fixed_label\sa_10721835.jpg,2,2,1,0,0.09926135092973709,2,2,2,1,0,0,1,1,1
G:\Thesis\FACET_Dataset\Segmented_FACET_0.2_fixed_label\sa_10602863.jpg,2,2,1,0,0.4969134032726288,5,5,5,4,1,3,0,0,0
G:\Thesis\FACET_Dataset\Segmented_FACET_0.2_fixed_label\sa_10044214.jpg,6,6,5,1,0.4770464599132538,5,5,5,4,1,1,0,1,1
G:\Thesis\FACET_Dataset\Segmented_FACET_0.2_fixed_label\sa_7164258.jpg,4,4,3,1,0.3238180875778198,4,4,4,3,1,0,1,1,1
G:\Thesis\FACET_Dataset\Segmented_FACET_0.2_fixed_label\sa_10040081.jpg,2,2,1,0,0.5156553387641907,6,6,6,5,1,4,0,0,0
G:\Thesis\FACET_Dataset\Segmented_FACET_0.2_fixed_label\sa_4984009.jpg,4,4,3,1,0.3184361457824707,4,4,4,3,1,0,1,1,1
G:\Thesis\FACET_Dataset\Segmented_FACET_0.2_fixed_label\sa_9922073.jpg,2,2,1,0,0.2457430511713028,3,3,3,2,0,1,0,1,1
G:\Thesis\FACET_Dataset\Segmented_FACET_0.2_fixed_label\sa_77543.jpg,6,6,5,1,0.9104083180427551,9,9,9,8,2,3,0,0,0
G:\Thesis\FACET_Dataset\Segmented_FACET_0.2_fixed_label\sa_3835234.jpg,3,3,2,0,0.20487482845783234,3,3,3,2,0,0,1,1,1
G:\Thesis\FACET_Dataset\Segmented_FACET_0.2_fixed_label\sa_2272291.jpg,5,5,4,1,0.4667363166809082,5,5,5,4,1,0,1,1,1
G:\Thesis\FACET_Dataset\Segmented_FACET_0.2_fixed_label\sa_3956060.jpg,3,3,2,0,0.34798938035964966,4,4,4,3,1,1,0,1,0
G:\Thesis\FACET_Dataset\Segmented_FACET_0.2_fixed_label\sa_11004967.jpg,3,3,2,0,0.42600589990615845,5,5,5,4,1,2,0,0,0
G:\Thesis\FACET_Dataset\Segmented_FACET_0.2_fixed_label\sa_5754708.jpg,4,4,3,1,0.4051175117492676,5,5,5,4,1,1,0,1,1
G:\Thesis\FACET_Dataset\Segmented_FACET_0.2_fixed_label\sa_10490584.jpg,5,5,4,1,0.6764928698539734,7,7,7,6,1,2,0,0,1
G:\Thesis\FACET_Dataset\Segmented_FACET_0.2_fixed_label\sa_1733255.jpg,2,2,1,0,0.05903738737106323,2,2,2,1,0,0,1,1,1
G:\Thesis\FACET_Dataset\Segmented_FACET_0.2_fixed_label\sa_9490418.jpg,5,5,4,1,0.4509769082069397,5,5,5,4,1,0,1,1,1
G:\Thesis\FACET_Dataset\Segmented_FACET_0.2_fixed_label\sa_4185296.jpg,3,3,2,0,0.2546917796134949,3,3,3,2,0,0,1,1,1
G:\Thesis\FACET_Dataset\Segmented_FACET_0.2_fixed_label\sa_5037130.jpg,3,3,2,0,0.3017096221446991,4,4,4,3,1,1,0,1,0
G:\Thesis\FACET_Dataset\Segmented_FACET_0.2_fixed_label\sa_926092.jpg,4,4,3,1,0.17400845885276794,3,3,3,2,0,1,0,1,0
G:\Thesis\FACET_Dataset\Segmented_FACET_0.2_fixed_label\sa_6249000.jpg,4,4,3,1,0.350800096988678,4,4,4,3,1,0,1,1,1
G:\Thesis\FACET_Dataset\Segmented_FACET_0.2_fixed_label\sa_3225381.jpg,4,4,3,1,0.43014779686927795,5,5,5,4,1,1,0,1,1
G:\Thesis\FACET_Dataset\Segmented_FACET_0.2_fixed_label\sa_6440016.jpg,7,7,6,1,0.3998924493789673,5,5,5,4,1,2,0,0,1
G:\Thesis\FACET_Dataset\Segmented_FACET_0.2_fixed_label\sa_8036003.jpg,2,2,1,0,0.20693707466125488,3,3,3,2,0,1,0,1,1
G:\Thesis\FACET_Dataset\Segmented_FACET_0.2_fixed_label\sa_8284164.jpg,7,7,6,1,0.6426016688346863,7,7,7,6,1,0,1,1,1
G:\Thesis\FACET_Dataset\Segmented_FACET_0.2_fixed_label\sa_179530.jpg,2,2,1,0,0.021430179476737976,1,1,1,0,0,1,0,1,1
G:\Thesis\FACET_Dataset\Segmented_FACET_0.2_fixed_label\sa_2691838.jpg,2,2,1,0,0.39555174112319946,5,5,5,4,1,3,0,0,0
G:\Thesis\FACET_Dataset\Segmented_FACET_0.2_fixed_label\sa_5053918.jpg,4,4,3,1,0.18940885365009308,3,3,3,2,0,1,0,1,0
G:\Thesis\FACET_Dataset\Segmented_FACET_0.2_fixed_label\sa_8999830.jpg,5,5,4,1,0.33271676301956177,4,4,4,3,1,1,0,1,1
G:\Thesis\FACET_Dataset\Segmented_FACET_0.2_fixed_label\sa_8696432.jpg,2,2,1,0,0.17793843150138855,3,3,3,2,0,1,0,1,1
G:\Thesis\FACET_Dataset\Segmented_FACET_0.2_fixed_label\sa_6964543.jpg,2,2,1,0,0.4434182643890381,5,5,5,4,1,3,0,0,0
G:\Thesis\FACET_Dataset\Segmented_FACET_0.2_fixed_label\sa_4938313.jpg,3,3,2,0,0.1362842470407486,2,2,2,1,0,1,0,1,1
G:\Thesis\FACET_Dataset\Segmented_FACET_0.2_fixed_label\sa_8765513.jpg,6,6,5,1,0.3925842344760895,5,5,5,4,1,1,0,1,1
G:\Thesis\FACET_Dataset\Segmented_FACET_0.2_fixed_label\sa_797339.jpg,5,5,4,1,0.5157179236412048,6,6,6,5,1,1,0,1,1
G:\Thesis\FACET_Dataset\Segmented_FACET_0.2_fixed_label\sa_298962.jpg,4,4,3,1,0.3312469720840454,4,4,4,3,1,0,1,1,1
G:\Thesis\FACET_Dataset\Segmented_FACET_0.2_fixed_label\sa_6101600.jpg,5,5,4,1,0.8363686800003052,9,9,9,8,2,4,0,0,0
G:\Thesis\FACET_Dataset\Segmented_FACET_0.2_fixed_label\sa_6712604.jpg,4,4,3,1,0.2946484088897705,4,4,4,3,1,0,1,1,1
G:\Thesis\FACET_Dataset\Segmented_FACET_0.2_fixed_label\sa_7142513.jpg,5,5,4,1,0.5857742428779602,6,6,6,5,1,1,0,1,1
G:\Thesis\FACET_Dataset\Segmented_FACET_0.2_fixed_label\sa_8421772.jpg,5,5,4,1,0.4258771538734436,5,5,5,4,1,0,1,1,1
G:\Thesis\FACET_Dataset\Segmented_FACET_0.2_fixed_label\sa_8073534.jpg,3,3,2,0,0.0446273498237133,1,1,1,0,0,2,0,0,1
G:\Thesis\FACET_Dataset\Segmented_FACET_0.2_fixed_label\sa_204903.jpg,3,3,2,0,0.06119462475180626,2,2,2,1,0,1,0,1,1
G:\Thesis\FACET_Dataset\Segmented_FACET_0.2_fixed_label\sa_3151123.jpg,6,6,5,1,0.4038057029247284,5,5,5,4,1,1,0,1,1
G:\Thesis\FACET_Dataset\Segmented_FACET_0.2_fixed_label\sa_1429736.jpg,1,1,0,0,0.07326032966375351,2,2,2,1,0,1,0,1,1
G:\Thesis\FACET_Dataset\Segmented_FACET_0.2_fixed_label\sa_175148.jpg,3,3,2,0,0.23209130764007568,3,3,3,2,0,0,1,1,1
G:\Thesis\FACET_Dataset\Segmented_FACET_0.2_fixed_label\sa_5299693.jpg,3,3,2,0,0.45327234268188477,5,5,5,4,1,2,0,0,0
G:\Thesis\FACET_Dataset\Segmented_FACET_0.2_fixed_label\sa_6600088.jpg,4,4,3,1,0.46257445216178894,5,5,5,4,1,1,0,1,1
G:\Thesis\FACET_Dataset\Segmented_FACET_0.2_fixed_label\sa_617687.jpg,7,7,6,1,0.5228240489959717,6,6,6,5,1,1,0,1,1
G:\Thesis\FACET_Dataset\Segmented_FACET_0.2_fixed_label\sa_3665560.jpg,6,6,5,1,0.3361213803291321,4,4,4,3,1,2,0,0,1
G:\Thesis\FACET_Dataset\Segmented_FACET_0.2_fixed_label\sa_8119387.jpg,2,2,1,0,0.459598183631897,5,5,5,4,1,3,0,0,0
G:\Thesis\FACET_Dataset\Segmented_FACET_0.2_fixed_label\sa_2752467.jpg,4,4,3,1,0.24208098649978638,3,3,3,2,0,1,0,1,0
G:\Thesis\FACET_Dataset\Segmented_FACET_0.2_fixed_label\sa_3843100.jpg,3,3,2,0,0.3800990879535675,4,4,4,3,1,1,0,1,0
G:\Thesis\FACET_Dataset\Segmented_FACET_0.2_fixed_label\sa_4937435.jpg,5,5,4,1,0.3383800685405731,4,4,4,3,1,1,0,1,1
G:\Thesis\FACET_Dataset\Segmented_FACET_0.2_fixed_label\sa_1990478.jpg,8,8,7,2,0.4469820261001587,5,5,5,4,1,3,0,0,0
G:\Thesis\FACET_Dataset\Segmented_FACET_0.2_fixed_label\sa_536276.jpg,3,3,2,0,0.17747454345226288,3,3,3,2,0,0,1,1,1
G:\Thesis\FACET_Dataset\Segmented_FACET_0.2_fixed_label\sa_1690805.jpg,3,3,2,0,0.13016103208065033,2,2,2,1,0,1,0,1,1
G:\Thesis\FACET_Dataset\Segmented_FACET_0.2_fixed_label\sa_42437.jpg,3,3,2,0,0.28262293338775635,4,4,4,3,1,1,0,1,0
G:\Thesis\FACET_Dataset\Segmented_FACET_0.2_fixed_label\sa_8046386.jpg,2,2,1,0,0.11236388981342316,2,2,2,1,0,0,1,1,1
G:\Thesis\FACET_Dataset\Segmented_FACET_0.2_fixed_label\sa_6322744.jpg,3,3,2,0,0.17766381800174713,3,3,3,2,0,0,1,1,1
G:\Thesis\FACET_Dataset\Segmented_FACET_0.2_fixed_label\sa_8738419.jpg,3,3,2,0,0.5704358220100403,6,6,6,5,1,3,0,0,0
G:\Thesis\FACET_Dataset\Segmented_FACET_0.2_fixed_label\sa_10229001.jpg,7,7,6,1,0.5943764448165894,6,6,6,5,1,1,0,1,1
G:\Thesis\FACET_Dataset\Segmented_FACET_0.2_fixed_label\sa_395192.jpg,2,2,1,0,0.16453145444393158,2,2,2,1,0,0,1,1,1
G:\Thesis\FACET_Dataset\Segmented_FACET_0.2_fixed_label\sa_1249979.jpg,6,6,5,1,0.8872279524803162,9,9,9,8,2,3,0,0,0
G:\Thesis\FACET_Dataset\Segmented_FACET_0.2_fixed_label\sa_10055917.jpg,1,1,0,0,0.3698313534259796,4,4,4,3,1,3,0,0,0
G:\Thesis\FACET_Dataset\Segmented_FACET_0.2_fixed_label\sa_108383.jpg,2,2,1,0,0.034712471067905426,1,1,1,0,0,1,0,1,1
G:\Thesis\FACET_Dataset\Segmented_FACET_0.2_fixed_label\sa_9243786.jpg,4,4,3,1,0.09770426154136658,2,2,2,1,0,2,0,0,0
G:\Thesis\FACET_Dataset\Segmented_FACET_0.2_fixed_label\sa_6737529.jpg,2,2,1,0,0.05035210773348808,1,1,1,0,0,1,0,1,1
G:\Thesis\FACET_Dataset\Segmented_FACET_0.2_fixed_label\sa_7527991.jpg,5,5,4,1,0.32146477699279785,4,4,4,3,1,1,0,1,1
G:\Thesis\FACET_Dataset\Segmented_FACET_0.2_fixed_label\sa_10926586.jpg,3,3,2,0,0.43736404180526733,5,5,5,4,1,2,0,0,0
G:\Thesis\FACET_Dataset\Segmented_FACET_0.2_fixed_label\sa_2874722.jpg,3,3,2,0,0.2955666482448578,4,4,4,3,1,1,0,1,0
G:\Thesis\FACET_Dataset\Segmented_FACET_0.2_fixed_label\sa_9437029.jpg,4,4,3,1,0.05440039560198784,1,1,1,0,0,3,0,0,0
G:\Thesis\FACET_Dataset\Segmented_FACET_0.2_fixed_label\sa_6794572.jpg,3,3,2,0,0.008569881319999695,1,1,1,0,0,2,0,0,1
G:\Thesis\FACET_Dataset\Segmented_FACET_0.2_fixed_label\sa_3665560.jpg,4,4,3,1,0.3361213803291321,4,4,4,3,1,0,1,1,1
G:\Thesis\FACET_Dataset\Segmented_FACET_0.2_fixed_label\sa_6724609.jpg,1,1,0,0,0.11063972115516663,2,2,2,1,0,1,0,1,1
G:\Thesis\FACET_Dataset\Segmented_FACET_0.2_fixed_label\sa_9824941.jpg,3,3,2,0,0.22175762057304382,3,3,3,2,0,0,1,1,1
G:\Thesis\FACET_Dataset\Segmented_FACET_0.2_fixed_label\sa_7994318.jpg,7,7,6,1,0.6148855090141296,7,7,7,6,1,0,1,1,1
G:\Thesis\FACET_Dataset\Segmented_FACET_0.2_fixed_label\sa_6649824.jpg,6,6,5,1,0.3868866562843323,4,4,4,3,1,2,0,0,1
G:\Thesis\FACET_Dataset\Segmented_FACET_0.2_fixed_label\sa_10982798.jpg,5,5,4,1,0.15939071774482727,2,2,2,1,0,3,0,0,0
G:\Thesis\FACET_Dataset\Segmented_FACET_0.2_fixed_label\sa_3194133.jpg,1,1,0,0,0.2944912314414978,4,4,4,3,1,3,0,0,0
G:\Thesis\FACET_Dataset\Segmented_FACET_0.2_fixed_label\sa_9276847.jpg,3,3,2,0,0.47354257106781006,5,5,5,4,1,2,0,0,0
G:\Thesis\FACET_Dataset\Segmented_FACET_0.2_fixed_label\sa_2649633.jpg,3,3,2,0,0.5752117037773132,6,6,6,5,1,3,0,0,0
G:\Thesis\FACET_Dataset\Segmented_FACET_0.2_fixed_label\sa_5073589.jpg,2,2,1,0,0.36857712268829346,4,4,4,3,1,2,0,0,0
G:\Thesis\FACET_Dataset\Segmented_FACET_0.2_fixed_label\sa_11029989.jpg,6,6,5,1,0.438244491815567,5,5,5,4,1,1,0,1,1
G:\Thesis\FACET_Dataset\Segmented_FACET_0.2_fixed_label\sa_10089288.jpg,4,4,3,1,0.1480797529220581,2,2,2,1,0,2,0,0,0
G:\Thesis\FACET_Dataset\Segmented_FACET_0.2_fixed_label\sa_9252349.jpg,2,2,1,0,0.048809316009283066,1,1,1,0,0,1,0,1,1
G:\Thesis\FACET_Dataset\Segmented_FACET_0.2_fixed_label\sa_3386067.jpg,4,4,3,1,0.35097554326057434,4,4,4,3,1,0,1,1,1
G:\Thesis\FACET_Dataset\Segmented_FACET_0.2_fixed_label\sa_9518416.jpg,3,3,2,0,0.2798543870449066,4,4,4,3,1,1,0,1,0
G:\Thesis\FACET_Dataset\Segmented_FACET_0.2_fixed_label\sa_6558338.jpg,3,3,2,0,0.48296046257019043,5,5,5,4,1,2,0,0,0
G:\Thesis\FACET_Dataset\Segmented_FACET_0.2_fixed_label\sa_9143722.jpg,3,3,2,0,0.3950647711753845,5,5,5,4,1,2,0,0,0
G:\Thesis\FACET_Dataset\Segmented_FACET_0.2_fixed_label\sa_5383621.jpg,6,6,5,1,0.33955585956573486,4,4,4,3,1,2,0,0,1
G:\Thesis\FACET_Dataset\Segmented_FACET_0.2_fixed_label\sa_10444801.jpg,3,3,2,0,0.3162095248699188,4,4,4,3,1,1,0,1,0
G:\Thesis\FACET_Dataset\Segmented_FACET_0.2_fixed_label\sa_4002326.jpg,5,5,4,1,0.45207080245018005,5,5,5,4,1,0,1,1,1
G:\Thesis\FACET_Dataset\Segmented_FACET_0.2_fixed_label\sa_221451.jpg,3,3,2,0,0.25759875774383545,3,3,3,2,0,0,1,1,1
G:\Thesis\FACET_Dataset\Segmented_FACET_0.2_fixed_label\sa_10789209.jpg,4,4,3,1,0.6630675196647644,7,7,7,6,1,3,0,0,1
G:\Thesis\FACET_Dataset\Segmented_FACET_0.2_fixed_label\sa_2835904.jpg,4,4,3,1,0.21427832543849945,3,3,3,2,0,1,0,1,0
G:\Thesis\FACET_Dataset\Segmented_FACET_0.2_fixed_label\sa_159399.jpg,2,2,1,0,0.03148729354143143,1,1,1,0,0,1,0,1,1
G:\Thesis\FACET_Dataset\Segmented_FACET_0.2_fixed_label\sa_4542137.jpg,2,2,1,0,0.3643127977848053,4,4,4,3,1,2,0,0,0
G:\Thesis\FACET_Dataset\Segmented_FACET_0.2_fixed_label\sa_4806371.jpg,2,2,1,0,0.16026337444782257,2,2,2,1,0,0,1,1,1
G:\Thesis\FACET_Dataset\Segmented_FACET_0.2_fixed_label\sa_2683194.jpg,9,9,8,2,0.31671103835105896,4,4,4,3,1,5,0,0,0
G:\Thesis\FACET_Dataset\Segmented_FACET_0.2_fixed_label\sa_9041127.jpg,2,2,1,0,0.267861545085907,3,3,3,2,0,1,0,1,1
G:\Thesis\FACET_Dataset\Segmented_FACET_0.2_fixed_label\sa_350837.jpg,5,5,4,1,0.5795370936393738,6,6,6,5,1,1,0,1,1
G:\Thesis\FACET_Dataset\Segmented_FACET_0.2_fixed_label\sa_583162.jpg,2,2,1,0,0.6824924945831299,7,7,7,6,1,5,0,0,0
G:\Thesis\FACET_Dataset\Segmented_FACET_0.2_fixed_label\sa_4988179.jpg,3,3,2,0,0.35229647159576416,4,4,4,3,1,1,0,1,0
G:\Thesis\FACET_Dataset\Segmented_FACET_0.2_fixed_label\sa_6069199.jpg,7,7,6,1,0.4015461802482605,5,5,5,4,1,2,0,0,1
G:\Thesis\FACET_Dataset\Segmented_FACET_0.2_fixed_label\sa_1003746.jpg,4,4,3,1,0.5976974964141846,6,6,6,5,1,2,0,0,1
G:\Thesis\FACET_Dataset\Segmented_FACET_0.2_fixed_label\sa_3497590.jpg,5,5,4,1,0.2601590156555176,3,3,3,2,0,2,0,0,0
G:\Thesis\FACET_Dataset\Segmented_FACET_0.2_fixed_label\sa_3416936.jpg,3,3,2,0,0.04075101390480995,1,1,1,0,0,2,0,0,1
G:\Thesis\FACET_Dataset\Segmented_FACET_0.2_fixed_label\sa_833968.jpg,3,3,2,0,0.13747307658195496,2,2,2,1,0,1,0,1,1
G:\Thesis\FACET_Dataset\Segmented_FACET_0.2_fixed_label\sa_10253712.jpg,2,2,1,0,0.3652295768260956,4,4,4,3,1,2,0,0,0
G:\Thesis\FACET_Dataset\Segmented_FACET_0.2_fixed_label\sa_3994290.jpg,5,5,4,1,0.49356192350387573,5,5,5,4,1,0,1,1,1
G:\Thesis\FACET_Dataset\Segmented_FACET_0.2_fixed_label\sa_1273560.jpg,2,2,1,0,0.15297971665859222,2,2,2,1,0,0,1,1,1
G:\Thesis\FACET_Dataset\Segmented_FACET_0.2_fixed_label\sa_11151514.jpg,3,3,2,0,0.4981685280799866,5,5,5,4,1,2,0,0,0
G:\Thesis\FACET_Dataset\Segmented_FACET_0.2_fixed_label\sa_10928464.jpg,1,1,0,0,0.3013090193271637,4,4,4,3,1,3,0,0,0
G:\Thesis\FACET_Dataset\Segmented_FACET_0.2_fixed_label\sa_8319806.jpg,5,5,4,1,0.2899320423603058,4,4,4,3,1,1,0,1,1
G:\Thesis\FACET_Dataset\Segmented_FACET_0.2_fixed_label\sa_10722596.jpg,2,2,1,0,0.11117494106292725,2,2,2,1,0,0,1,1,1
G:\Thesis\FACET_Dataset\Segmented_FACET_0.2_fixed_label\sa_8241890.jpg,2,2,1,0,0.31004664301872253,4,4,4,3,1,2,0,0,0
G:\Thesis\FACET_Dataset\Segmented_FACET_0.2_fixed_label\sa_1613358.jpg,3,3,2,0,0.08357205986976624,2,2,2,1,0,1,0,1,1
G:\Thesis\FACET_Dataset\Segmented_FACET_0.2_fixed_label\sa_7831773.jpg,5,5,4,1,0.6937928795814514,7,7,7,6,1,2,0,0,1
G:\Thesis\FACET_Dataset\Segmented_FACET_0.2_fixed_label\sa_7602333.jpg,4,4,3,1,0.3647611141204834,4,4,4,3,1,0,1,1,1
G:\Thesis\FACET_Dataset\Segmented_FACET_0.2_fixed_label\sa_10216089.jpg,3,3,2,0,0.408992737531662,5,5,5,4,1,2,0,0,0
G:\Thesis\FACET_Dataset\Segmented_FACET_0.2_fixed_label\sa_5422200.jpg,6,6,5,1,0.7386626601219177,8,8,8,7,2,2,0,0,0
G:\Thesis\FACET_Dataset\Segmented_FACET_0.2_fixed_label\sa_2616356.jpg,4,4,3,1,0.47695183753967285,5,5,5,4,1,1,0,1,1
G:\Thesis\FACET_Dataset\Segmented_FACET_0.2_fixed_label\sa_1416348.jpg,4,4,3,1,0.49044060707092285,5,5,5,4,1,1,0,1,1
G:\Thesis\FACET_Dataset\Segmented_FACET_0.2_fixed_label\sa_737577.jpg,3,3,2,0,0.4869673252105713,5,5,5,4,1,2,0,0,0
G:\Thesis\FACET_Dataset\Segmented_FACET_0.2_fixed_label\sa_10622761.jpg,6,6,5,1,0.5006849765777588,6,6,6,5,1,0,1,1,1
G:\Thesis\FACET_Dataset\Segmented_FACET_0.2_fixed_label\sa_3897225.jpg,5,5,4,1,0.4381946921348572,5,5,5,4,1,0,1,1,1
G:\Thesis\FACET_Dataset\Segmented_FACET_0.2_fixed_label\sa_2157433.jpg,2,2,1,0,0.08581680804491043,2,2,2,1,0,0,1,1,1
G:\Thesis\FACET_Dataset\Segmented_FACET_0.2_fixed_label\sa_1990815.jpg,4,4,3,1,0.18914847075939178,3,3,3,2,0,1,0,1,0
G:\Thesis\FACET_Dataset\Segmented_FACET_0.2_fixed_label\sa_2706289.jpg,2,2,1,0,0.31347963213920593,4,4,4,3,1,2,0,0,0
G:\Thesis\FACET_Dataset\Segmented_FACET_0.2_fixed_label\sa_448028.jpg,5,5,4,1,0.2228543609380722,3,3,3,2,0,2,0,0,0
G:\Thesis\FACET_Dataset\Segmented_FACET_0.2_fixed_label\sa_6907056.jpg,2,2,1,0,0.33840906620025635,4,4,4,3,1,2,0,0,0
G:\Thesis\FACET_Dataset\Segmented_FACET_0.2_fixed_label\sa_1635631.jpg,3,3,2,0,0.3511640429496765,4,4,4,3,1,1,0,1,0
G:\Thesis\FACET_Dataset\Segmented_FACET_0.2_fixed_label\sa_1178518.jpg,4,4,3,1,0.6087839007377625,6,6,6,5,1,2,0,0,1
G:\Thesis\FACET_Dataset\Segmented_FACET_0.2_fixed_label\sa_9575873.jpg,3,3,2,0,0.25006532669067383,3,3,3,2,0,0,1,1,1
G:\Thesis\FACET_Dataset\Segmented_FACET_0.2_fixed_label\sa_4714974.jpg,6,6,5,1,0.3768523335456848,4,4,4,3,1,2,0,0,1
G:\Thesis\FACET_Dataset\Segmented_FACET_0.2_fixed_label\sa_232128.jpg,2,2,1,0,0.3525875508785248,4,4,4,3,1,2,0,0,0
G:\Thesis\FACET_Dataset\Segmented_FACET_0.2_fixed_label\sa_5786493.jpg,3,3,2,0,0.3066462278366089,4,4,4,3,1,1,0,1,0
G:\Thesis\FACET_Dataset\Segmented_FACET_0.2_fixed_label\sa_11063942.jpg,4,4,3,1,0.4804936945438385,5,5,5,4,1,1,0,1,1
G:\Thesis\FACET_Dataset\Segmented_FACET_0.2_fixed_label\sa_1899095.jpg,3,3,2,0,0.6999470591545105,7,7,7,6,1,4,0,0,0
G:\Thesis\FACET_Dataset\Segmented_FACET_0.2_fixed_label\sa_5536666.jpg,6,6,5,1,0.4147912561893463,5,5,5,4,1,1,0,1,1
G:\Thesis\FACET_Dataset\Segmented_FACET_0.2_fixed_label\sa_7453249.jpg,3,3,2,0,0.5646905899047852,6,6,6,5,1,3,0,0,0
G:\Thesis\FACET_Dataset\Segmented_FACET_0.2_fixed_label\sa_1250469.jpg,5,5,4,1,0.49787411093711853,5,5,5,4,1,0,1,1,1
G:\Thesis\FACET_Dataset\Segmented_FACET_0.2_fixed_label\sa_8959752.jpg,4,4,3,1,0.6885615587234497,7,7,7,6,1,3,0,0,1
G:\Thesis\FACET_Dataset\Segmented_FACET_0.2_fixed_label\sa_3578835.jpg,5,5,4,1,0.0836537778377533,2,2,2,1,0,3,0,0,0
G:\Thesis\FACET_Dataset\Segmented_FACET_0.2_fixed_label\sa_10950755.jpg,4,4,3,1,0.4701215326786041,5,5,5,4,1,1,0,1,1
G:\Thesis\FACET_Dataset\Segmented_FACET_0.2_fixed_label\sa_6685030.jpg,3,3,2,0,0.3409345746040344,4,4,4,3,1,1,0,1,0
G:\Thesis\FACET_Dataset\Segmented_FACET_0.2_fixed_label\sa_9035855.jpg,2,2,1,0,0.40755894780158997,5,5,5,4,1,3,0,0,0
G:\Thesis\FACET_Dataset\Segmented_FACET_0.2_fixed_label\sa_4854635.jpg,4,4,3,1,0.3899620473384857,5,5,5,4,1,1,0,1,1
G:\Thesis\FACET_Dataset\Segmented_FACET_0.2_fixed_label\sa_7192067.jpg,3,3,2,0,0.6168360710144043,7,7,7,6,1,4,0,0,0
G:\Thesis\FACET_Dataset\Segmented_FACET_0.2_fixed_label\sa_6969565.jpg,2,2,1,0,0.4687888026237488,5,5,5,4,1,3,0,0,0
G:\Thesis\FACET_Dataset\Segmented_FACET_0.2_fixed_label\sa_6053919.jpg,5,5,4,1,0.4756682813167572,5,5,5,4,1,0,1,1,1
G:\Thesis\FACET_Dataset\Segmented_FACET_0.2_fixed_label\sa_3083767.jpg,3,3,2,0,0.4714055061340332,5,5,5,4,1,2,0,0,0
G:\Thesis\FACET_Dataset\Segmented_FACET_0.2_fixed_label\sa_1754250.jpg,2,2,1,0,0.3492022752761841,4,4,4,3,1,2,0,0,0
G:\Thesis\FACET_Dataset\Segmented_FACET_0.2_fixed_label\sa_10053259.jpg,5,5,4,1,0.9916520714759827,10,10,10,9,2,5,0,0,0
G:\Thesis\FACET_Dataset\Segmented_FACET_0.2_fixed_label\sa_3553059.jpg,3,3,2,0,0.20472122728824615,3,3,3,2,0,0,1,1,1
G:\Thesis\FACET_Dataset\Segmented_FACET_0.2_fixed_label\sa_7429624.jpg,5,5,4,1,0.4901752471923828,5,5,5,4,1,0,1,1,1
G:\Thesis\FACET_Dataset\Segmented_FACET_0.2_fixed_label\sa_6643714.jpg,2,2,1,0,0.6435295343399048,7,7,7,6,1,5,0,0,0
G:\Thesis\FACET_Dataset\Segmented_FACET_0.2_fixed_label\sa_9417441.jpg,3,3,2,0,0.04956309497356415,1,1,1,0,0,2,0,0,1
G:\Thesis\FACET_Dataset\Segmented_FACET_0.2_fixed_label\sa_4435088.jpg,4,4,3,1,0.4734565317630768,5,5,5,4,1,1,0,1,1
G:\Thesis\FACET_Dataset\Segmented_FACET_0.2_fixed_label\sa_3841968.jpg,5,5,4,1,0.26600879430770874,3,3,3,2,0,2,0,0,0
G:\Thesis\FACET_Dataset\Segmented_FACET_0.2_fixed_label\sa_3577491.jpg,8,8,7,2,0.6200623512268066,7,7,7,6,1,1,0,1,0
G:\Thesis\FACET_Dataset\Segmented_FACET_0.2_fixed_label\sa_10740689.jpg,3,3,2,0,0.0515923798084259,1,1,1,0,0,2,0,0,1
G:\Thesis\FACET_Dataset\Segmented_FACET_0.2_fixed_label\sa_9069702.jpg,2,2,1,0,0.2795737683773041,4,4,4,3,1,2,0,0,0
G:\Thesis\FACET_Dataset\Segmented_FACET_0.2_fixed_label\sa_5715395.jpg,3,3,2,0,0.5726830959320068,6,6,6,5,1,3,0,0,0
G:\Thesis\FACET_Dataset\Segmented_FACET_0.2_fixed_label\sa_1231724.jpg,3,3,2,0,0.35597604513168335,4,4,4,3,1,1,0,1,0
G:\Thesis\FACET_Dataset\Segmented_FACET_0.2_fixed_label\sa_3953417.jpg,6,6,5,1,0.49230456352233887,5,5,5,4,1,1,0,1,1
G:\Thesis\FACET_Dataset\Segmented_FACET_0.2_fixed_label\sa_9339826.jpg,3,3,2,0,0.3364432454109192,4,4,4,3,1,1,0,1,0
G:\Thesis\FACET_Dataset\Segmented_FACET_0.2_fixed_label\sa_2512529.jpg,2,2,1,0,0.24438343942165375,3,3,3,2,0,1,0,1,1
G:\Thesis\FACET_Dataset\Segmented_FACET_0.2_fixed_label\sa_10490161.jpg,4,4,3,1,0.8725200891494751,9,9,9,8,2,5,0,0,0
G:\Thesis\FACET_Dataset\Segmented_FACET_0.2_fixed_label\sa_7180503.jpg,4,4,3,1,0.37458470463752747,4,4,4,3,1,0,1,1,1
G:\Thesis\FACET_Dataset\Segmented_FACET_0.2_fixed_label\sa_8314298.jpg,2,2,1,0,0.3918936848640442,5,5,5,4,1,3,0,0,0
G:\Thesis\FACET_Dataset\Segmented_FACET_0.2_fixed_label\sa_6127661.jpg,7,7,6,1,0.5365839600563049,6,6,6,5,1,1,0,1,1
G:\Thesis\FACET_Dataset\Segmented_FACET_0.2_fixed_label\sa_4116994.jpg,2,2,1,0,0.08705024421215057,2,2,2,1,0,0,1,1,1
G:\Thesis\FACET_Dataset\Segmented_FACET_0.2_fixed_label\sa_8346057.jpg,4,4,3,1,0.3411731421947479,4,4,4,3,1,0,1,1,1
G:\Thesis\FACET_Dataset\Segmented_FACET_0.2_fixed_label\sa_7929832.jpg,2,2,1,0,0.08391928672790527,2,2,2,1,0,0,1,1,1
G:\Thesis\FACET_Dataset\Segmented_FACET_0.2_fixed_label\sa_6958200.jpg,6,6,5,1,0.8019137382507324,8,8,8,7,2,2,0,0,0
G:\Thesis\FACET_Dataset\Segmented_FACET_0.2_fixed_label\sa_7571461.jpg,5,5,4,1,0.5254495143890381,6,6,6,5,1,1,0,1,1
G:\Thesis\FACET_Dataset\Segmented_FACET_0.2_fixed_label\sa_6004743.jpg,3,3,2,0,0.2916761338710785,4,4,4,3,1,1,0,1,0
G:\Thesis\FACET_Dataset\Segmented_FACET_0.2_fixed_label\sa_8958355.jpg,3,3,2,0,0.27668964862823486,3,3,3,2,0,0,1,1,1
G:\Thesis\FACET_Dataset\Segmented_FACET_0.2_fixed_label\sa_9477941.jpg,5,5,4,1,0.49625515937805176,5,5,5,4,1,0,1,1,1
G:\Thesis\FACET_Dataset\Segmented_FACET_0.2_fixed_label\sa_8307231.jpg,6,6,5,1,0.5705863237380981,6,6,6,5,1,0,1,1,1
G:\Thesis\FACET_Dataset\Segmented_FACET_0.2_fixed_label\sa_3920752.jpg,3,3,2,0,0.11419834196567535,2,2,2,1,0,1,0,1,1
G:\Thesis\FACET_Dataset\Segmented_FACET_0.2_fixed_label\sa_1502766.jpg,3,3,2,0,0.14288586378097534,2,2,2,1,0,1,0,1,1
G:\Thesis\FACET_Dataset\Segmented_FACET_0.2_fixed_label\sa_6886908.jpg,4,4,3,1,0.12996318936347961,2,2,2,1,0,2,0,0,0
G:\Thesis\FACET_Dataset\Segmented_FACET_0.2_fixed_label\sa_9997224.jpg,2,2,1,0,0.3222295343875885,4,4,4,3,1,2,0,0,0
G:\Thesis\FACET_Dataset\Segmented_FACET_0.2_fixed_label\sa_730538.jpg,1,1,0,0,0.5013381242752075,6,6,6,5,1,5,0,0,0
G:\Thesis\FACET_Dataset\Segmented_FACET_0.2_fixed_label\sa_11142011.jpg,3,3,2,0,0.31639474630355835,4,4,4,3,1,1,0,1,0
G:\Thesis\FACET_Dataset\Segmented_FACET_0.2_fixed_label\sa_8043444.jpg,5,5,4,1,0.24832896888256073,3,3,3,2,0,2,0,0,0
G:\Thesis\FACET_Dataset\Segmented_FACET_0.2_fixed_label\sa_3236557.jpg,2,2,1,0,0.15315815806388855,2,2,2,1,0,0,1,1,1
G:\Thesis\FACET_Dataset\Segmented_FACET_0.2_fixed_label\sa_10489419.jpg,9,9,8,2,0.2115885615348816,3,3,3,2,0,6,0,0,0
G:\Thesis\FACET_Dataset\Segmented_FACET_0.2_fixed_label\sa_4662661.jpg,2,2,1,0,0.45196178555488586,5,5,5,4,1,3,0,0,0
G:\Thesis\FACET_Dataset\Segmented_FACET_0.2_fixed_label\sa_4390344.jpg,7,7,6,1,0.3360670804977417,4,4,4,3,1,3,0,0,1
G:\Thesis\FACET_Dataset\Segmented_FACET_0.2_fixed_label\sa_357215.jpg,3,3,2,0,0.46136513352394104,5,5,5,4,1,2,0,0,0
G:\Thesis\FACET_Dataset\Segmented_FACET_0.2_fixed_label\sa_1661605.jpg,3,3,2,0,0.28360170125961304,4,4,4,3,1,1,0,1,0
G:\Thesis\FACET_Dataset\Segmented_FACET_0.2_fixed_label\sa_7761847.jpg,8,8,7,2,0.4808237552642822,5,5,5,4,1,3,0,0,0
G:\Thesis\FACET_Dataset\Segmented_FACET_0.2_fixed_label\sa_3663255.jpg,5,5,4,1,0.4409676194190979,5,5,5,4,1,0,1,1,1
G:\Thesis\FACET_Dataset\Segmented_FACET_0.2_fixed_label\sa_3285842.jpg,6,6,5,1,0.3756991922855377,4,4,4,3,1,2,0,0,1
G:\Thesis\FACET_Dataset\Segmented_FACET_0.2_fixed_label\sa_6526854.jpg,5,5,4,1,0.16259852051734924,2,2,2,1,0,3,0,0,0
G:\Thesis\FACET_Dataset\Segmented_FACET_0.2_fixed_label\sa_4774424.jpg,2,2,1,0,0.09899046272039413,2,2,2,1,0,0,1,1,1
G:\Thesis\FACET_Dataset\Segmented_FACET_0.2_fixed_label\sa_6989042.jpg,4,4,3,1,0.34357643127441406,4,4,4,3,1,0,1,1,1
G:\Thesis\FACET_Dataset\Segmented_FACET_0.2_fixed_label\sa_3181099.jpg,3,3,2,0,0.46481698751449585,5,5,5,4,1,2,0,0,0
G:\Thesis\FACET_Dataset\Segmented_FACET_0.2_fixed_label\sa_4686144.jpg,5,5,4,1,0.2826320230960846,4,4,4,3,1,1,0,1,1
G:\Thesis\FACET_Dataset\Segmented_FACET_0.2_fixed_label\sa_7145981.jpg,9,9,8,2,0.5838011503219604,6,6,6,5,1,3,0,0,0
G:\Thesis\FACET_Dataset\Segmented_FACET_0.2_fixed_label\sa_7049617.jpg,4,4,3,1,0.18726995587348938,3,3,3,2,0,1,0,1,0
G:\Thesis\FACET_Dataset\Segmented_FACET_0.2_fixed_label\sa_4294663.jpg,4,4,3,1,0.35043004155158997,4,4,4,3,1,0,1,1,1
G:\Thesis\FACET_Dataset\Segmented_FACET_0.2_fixed_label\sa_3736363.jpg,7,7,6,1,0.6291041374206543,7,7,7,6,1,0,1,1,1
G:\Thesis\FACET_Dataset\Segmented_FACET_0.2_fixed_label\sa_634291.jpg,3,3,2,0,0.09879311174154282,2,2,2,1,0,1,0,1,1
G:\Thesis\FACET_Dataset\Segmented_FACET_0.2_fixed_label\sa_5068060.jpg,8,8,7,2,0.8678304553031921,9,9,9,8,2,1,0,1,1
G:\Thesis\FACET_Dataset\Segmented_FACET_0.2_fixed_label\sa_1572919.jpg,6,6,5,1,0.45285841822624207,5,5,5,4,1,1,0,1,1
G:\Thesis\FACET_Dataset\Segmented_FACET_0.2_fixed_label\sa_3666693.jpg,3,3,2,0,0.8277596235275269,8,8,8,7,2,5,0,0,0
G:\Thesis\FACET_Dataset\Segmented_FACET_0.2_fixed_label\sa_1830445.jpg,5,5,4,1,0.1310139149427414,2,2,2,1,0,3,0,0,0
G:\Thesis\FACET_Dataset\Segmented_FACET_0.2_fixed_label\sa_8013957.jpg,2,2,1,0,0.16877280175685883,3,3,3,2,0,1,0,1,1
G:\Thesis\FACET_Dataset\Segmented_FACET_0.2_fixed_label\sa_2789167.jpg,5,5,4,1,0.43095695972442627,5,5,5,4,1,0,1,1,1
G:\Thesis\FACET_Dataset\Segmented_FACET_0.2_fixed_label\sa_7349182.jpg,3,3,2,0,0.46748802065849304,5,5,5,4,1,2,0,0,0
G:\Thesis\FACET_Dataset\Segmented_FACET_0.2_fixed_label\sa_5581495.jpg,4,4,3,1,0.4268312156200409,5,5,5,4,1,1,0,1,1
G:\Thesis\FACET_Dataset\Segmented_FACET_0.2_fixed_label\sa_2964374.jpg,7,7,6,1,0.6379079222679138,7,7,7,6,1,0,1,1,1
G:\Thesis\FACET_Dataset\Segmented_FACET_0.2_fixed_label\sa_1145342.jpg,3,3,2,0,0.5942491888999939,6,6,6,5,1,3,0,0,0
G:\Thesis\FACET_Dataset\Segmented_FACET_0.2_fixed_label\sa_2907796.jpg,2,2,1,0,0.4694584310054779,5,5,5,4,1,3,0,0,0
G:\Thesis\FACET_Dataset\Segmented_FACET_0.2_fixed_label\sa_7215736.jpg,2,2,1,0,0.20996995270252228,3,3,3,2,0,1,0,1,1
G:\Thesis\FACET_Dataset\Segmented_FACET_0.2_fixed_label\sa_1821746.jpg,5,5,4,1,0.5597041845321655,6,6,6,5,1,1,0,1,1
G:\Thesis\FACET_Dataset\Segmented_FACET_0.2_fixed_label\sa_3841968.jpg,4,4,3,1,0.26600879430770874,3,3,3,2,0,1,0,1,0
G:\Thesis\FACET_Dataset\Segmented_FACET_0.2_fixed_label\sa_3540315.jpg,5,5,4,1,0.3046222925186157,4,4,4,3,1,1,0,1,1
G:\Thesis\FACET_Dataset\Segmented_FACET_0.2_fixed_label\sa_5880398.jpg,3,3,2,0,0.48391005396842957,5,5,5,4,1,2,0,0,0
G:\Thesis\FACET_Dataset\Segmented_FACET_0.2_fixed_label\sa_3478678.jpg,7,7,6,1,0.42596936225891113,5,5,5,4,1,2,0,0,1
G:\Thesis\FACET_Dataset\Segmented_FACET_0.2_fixed_label\sa_5427674.jpg,1,1,0,0,0.48608556389808655,5,5,5,4,1,4,0,0,0
G:\Thesis\FACET_Dataset\Segmented_FACET_0.2_fixed_label\sa_5646608.jpg,6,6,5,1,0.3963507413864136,5,5,5,4,1,1,0,1,1
G:\Thesis\FACET_Dataset\Segmented_FACET_0.2_fixed_label\sa_9572029.jpg,7,7,6,1,0.5095270872116089,6,6,6,5,1,1,0,1,1
G:\Thesis\FACET_Dataset\Segmented_FACET_0.2_fixed_label\sa_3543183.jpg,4,4,3,1,0.4319639205932617,5,5,5,4,1,1,0,1,1
G:\Thesis\FACET_Dataset\Segmented_FACET_0.2_fixed_label\sa_10125607.jpg,5,5,4,1,0.21033771336078644,3,3,3,2,0,2,0,0,0
G:\Thesis\FACET_Dataset\Segmented_FACET_0.2_fixed_label\sa_4869053.jpg,5,5,4,1,0.7873536348342896,8,8,8,7,2,3,0,0,0
G:\Thesis\FACET_Dataset\Segmented_FACET_0.2_fixed_label\sa_9685500.jpg,2,2,1,0,0.0728791207075119,2,2,2,1,0,0,1,1,1
G:\Thesis\FACET_Dataset\Segmented_FACET_0.2_fixed_label\sa_11016722.jpg,3,3,2,0,0.4566250741481781,5,5,5,4,1,2,0,0,0
G:\Thesis\FACET_Dataset\Segmented_FACET_0.2_fixed_label\sa_9247039.jpg,4,4,3,1,0.5243070721626282,6,6,6,5,1,2,0,0,1
G:\Thesis\FACET_Dataset\Segmented_FACET_0.2_fixed_label\sa_10366030.jpg,4,4,3,1,0.37918469309806824,4,4,4,3,1,0,1,1,1
G:\Thesis\FACET_Dataset\Segmented_FACET_0.2_fixed_label\sa_6630941.jpg,3,3,2,0,0.3237026035785675,4,4,4,3,1,1,0,1,0
G:\Thesis\FACET_Dataset\Segmented_FACET_0.2_fixed_label\sa_669056.jpg,8,8,7,2,0.5503356456756592,6,6,6,5,1,2,0,0,0
G:\Thesis\FACET_Dataset\Segmented_FACET_0.2_fixed_label\sa_7846393.jpg,5,5,4,1,0.3623754680156708,4,4,4,3,1,1,0,1,1
G:\Thesis\FACET_Dataset\Segmented_FACET_0.2_fixed_label\sa_4023638.jpg,6,6,5,1,0.09598902612924576,2,2,2,1,0,4,0,0,0
G:\Thesis\FACET_Dataset\Segmented_FACET_0.2_fixed_label\sa_8293927.jpg,7,7,6,1,0.4732827842235565,5,5,5,4,1,2,0,0,1
G:\Thesis\FACET_Dataset\Segmented_FACET_0.2_fixed_label\sa_2368954.jpg,2,2,1,0,0.14589162170886993,2,2,2,1,0,0,1,1,1
G:\Thesis\FACET_Dataset\Segmented_FACET_0.2_fixed_label\sa_6231023.jpg,3,3,2,0,0.2885974645614624,4,4,4,3,1,1,0,1,0
G:\Thesis\FACET_Dataset\Segmented_FACET_0.2_fixed_label\sa_9941665.jpg,3,3,2,0,0.23309069871902466,3,3,3,2,0,0,1,1,1
G:\Thesis\FACET_Dataset\Segmented_FACET_0.2_fixed_label\sa_2869228.jpg,6,6,5,1,0.6359710097312927,7,7,7,6,1,1,0,1,1
G:\Thesis\FACET_Dataset\Segmented_FACET_0.2_fixed_label\sa_2142207.jpg,5,5,4,1,0.2555781602859497,3,3,3,2,0,2,0,0,0
G:\Thesis\FACET_Dataset\Segmented_FACET_0.2_fixed_label\sa_8042026.jpg,3,3,2,0,0.4363589584827423,5,5,5,4,1,2,0,0,0
G:\Thesis\FACET_Dataset\Segmented_FACET_0.2_fixed_label\sa_5603229.jpg,4,4,3,1,0.042915403842926025,1,1,1,0,0,3,0,0,0
G:\Thesis\FACET_Dataset\Segmented_FACET_0.2_fixed_label\sa_2190089.jpg,2,2,1,0,0.21116146445274353,3,3,3,2,0,1,0,1,1
G:\Thesis\FACET_Dataset\Segmented_FACET_0.2_fixed_label\sa_10318561.jpg,2,2,1,0,0.4280237853527069,5,5,5,4,1,3,0,0,0
G:\Thesis\FACET_Dataset\Segmented_FACET_0.2_fixed_label\sa_9917877.jpg,6,6,5,1,0.5106050372123718,6,6,6,5,1,0,1,1,1
G:\Thesis\FACET_Dataset\Segmented_FACET_0.2_fixed_label\sa_8320636.jpg,2,2,1,0,0.03179100528359413,1,1,1,0,0,1,0,1,1
G:\Thesis\FACET_Dataset\Segmented_FACET_0.2_fixed_label\sa_3841968.jpg,3,3,2,0,0.26600879430770874,3,3,3,2,0,0,1,1,1
G:\Thesis\FACET_Dataset\Segmented_FACET_0.2_fixed_label\sa_6204252.jpg,2,2,1,0,0.3600938618183136,4,4,4,3,1,2,0,0,0
G:\Thesis\FACET_Dataset\Segmented_FACET_0.2_fixed_label\sa_10885813.jpg,4,4,3,1,0.6492337584495544,7,7,7,6,1,3,0,0,1
G:\Thesis\FACET_Dataset\Segmented_FACET_0.2_fixed_label\sa_3268067.jpg,3,3,2,0,0.09370264410972595,2,2,2,1,0,1,0,1,1
G:\Thesis\FACET_Dataset\Segmented_FACET_0.2_fixed_label\sa_10100996.jpg,2,2,1,0,0.4375212788581848,5,5,5,4,1,3,0,0,0
G:\Thesis\FACET_Dataset\Segmented_FACET_0.2_fixed_label\sa_10988208.jpg,2,2,1,0,0.3799339830875397,4,4,4,3,1,2,0,0,0
G:\Thesis\FACET_Dataset\Segmented_FACET_0.2_fixed_label\sa_6857312.jpg,6,6,5,1,0.48982444405555725,5,5,5,4,1,1,0,1,1
G:\Thesis\FACET_Dataset\Segmented_FACET_0.2_fixed_label\sa_10740561.jpg,3,3,2,0,0.266022652387619,3,3,3,2,0,0,1,1,1
G:\Thesis\FACET_Dataset\Segmented_FACET_0.2_fixed_label\sa_8260580.jpg,4,4,3,1,0.7495703101158142,8,8,8,7,2,4,0,0,0
G:\Thesis\FACET_Dataset\Segmented_FACET_0.2_fixed_label\sa_3396473.jpg,4,4,3,1,0.5884555578231812,6,6,6,5,1,2,0,0,1
G:\Thesis\FACET_Dataset\Segmented_FACET_0.2_fixed_label\sa_1728502.jpg,6,6,5,1,0.43790537118911743,5,5,5,4,1,1,0,1,1
G:\Thesis\FACET_Dataset\Segmented_FACET_0.2_fixed_label\sa_8849260.jpg,2,2,1,0,0.13857844471931458,2,2,2,1,0,0,1,1,1
G:\Thesis\FACET_Dataset\Segmented_FACET_0.2_fixed_label\sa_1629995.jpg,4,4,3,1,0.575960636138916,6,6,6,5,1,2,0,0,1
G:\Thesis\FACET_Dataset\Segmented_FACET_0.2_fixed_label\sa_6905699.jpg,3,3,2,0,0.27086499333381653,3,3,3,2,0,0,1,1,1
G:\Thesis\FACET_Dataset\Segmented_FACET_0.2_fixed_label\sa_8460336.jpg,2,2,1,0,0.6131432056427002,7,7,7,6,1,5,0,0,0
G:\Thesis\FACET_Dataset\Segmented_FACET_0.2_fixed_label\sa_5058554.jpg,3,3,2,0,0.3576439619064331,4,4,4,3,1,1,0,1,0
G:\Thesis\FACET_Dataset\Segmented_FACET_0.2_fixed_label\sa_6529342.jpg,3,3,2,0,0.25464531779289246,3,3,3,2,0,0,1,1,1
G:\Thesis\FACET_Dataset\Segmented_FACET_0.2_fixed_label\sa_6697876.jpg,3,3,2,0,0.5132343769073486,6,6,6,5,1,3,0,0,0
G:\Thesis\FACET_Dataset\Segmented_FACET_0.2_fixed_label\sa_7459329.jpg,7,7,6,1,0.7477592825889587,8,8,8,7,2,1,0,1,0
G:\Thesis\FACET_Dataset\Segmented_FACET_0.2_fixed_label\sa_1617546.jpg,2,2,1,0,0.29286113381385803,4,4,4,3,1,2,0,0,0
G:\Thesis\FACET_Dataset\Segmented_FACET_0.2_fixed_label\sa_872518.jpg,3,3,2,0,0.4605392515659332,5,5,5,4,1,2,0,0,0
G:\Thesis\FACET_Dataset\Segmented_FACET_0.2_fixed_label\sa_539238.jpg,2,2,1,0,0.35122835636138916,4,4,4,3,1,2,0,0,0
G:\Thesis\FACET_Dataset\Segmented_FACET_0.2_fixed_label\sa_6317020.jpg,2,2,1,0,0.6330618858337402,7,7,7,6,1,5,0,0,0
G:\Thesis\FACET_Dataset\Segmented_FACET_0.2_fixed_label\sa_3023613.jpg,6,6,5,1,0.5141208171844482,6,6,6,5,1,0,1,1,1
G:\Thesis\FACET_Dataset\Segmented_FACET_0.2_fixed_label\sa_2550540.jpg,4,4,3,1,0.5100456476211548,6,6,6,5,1,2,0,0,1
G:\Thesis\FACET_Dataset\Segmented_FACET_0.2_fixed_label\sa_9301300.jpg,4,4,3,1,0.1668655276298523,3,3,3,2,0,1,0,1,0
G:\Thesis\FACET_Dataset\Segmented_FACET_0.2_fixed_label\sa_10474444.jpg,2,2,1,0,0.5245583653450012,6,6,6,5,1,4,0,0,0
G:\Thesis\FACET_Dataset\Segmented_FACET_0.2_fixed_label\sa_3125094.jpg,4,4,3,1,0.4466252326965332,5,5,5,4,1,1,0,1,1
G:\Thesis\FACET_Dataset\Segmented_FACET_0.2_fixed_label\sa_6018608.jpg,5,5,4,1,0.27784264087677,4,4,4,3,1,1,0,1,1
G:\Thesis\FACET_Dataset\Segmented_FACET_0.2_fixed_label\sa_2271095.jpg,4,4,3,1,0.6130123138427734,7,7,7,6,1,3,0,0,1
G:\Thesis\FACET_Dataset\Segmented_FACET_0.2_fixed_label\sa_3957675.jpg,4,4,3,1,0.9419211745262146,9,9,9,8,2,5,0,0,0
G:\Thesis\FACET_Dataset\Segmented_FACET_0.2_fixed_label\sa_9044717.jpg,2,2,1,0,0.3492361009120941,4,4,4,3,1,2,0,0,0
G:\Thesis\FACET_Dataset\Segmented_FACET_0.2_fixed_label\sa_3339255.jpg,3,3,2,0,0.3941197991371155,5,5,5,4,1,2,0,0,0
G:\Thesis\FACET_Dataset\Segmented_FACET_0.2_fixed_label\sa_268278.jpg,7,7,6,1,0.4344993531703949,5,5,5,4,1,2,0,0,1
G:\Thesis\FACET_Dataset\Segmented_FACET_0.2_fixed_label\sa_2639664.jpg,3,3,2,0,0.2743452787399292,3,3,3,2,0,0,1,1,1
G:\Thesis\FACET_Dataset\Segmented_FACET_0.2_fixed_label\sa_10707244.jpg,3,3,2,0,0.5425321459770203,6,6,6,5,1,3,0,0,0
G:\Thesis\FACET_Dataset\Segmented_FACET_0.2_fixed_label\sa_8655801.jpg,6,6,5,1,0.6091723442077637,6,6,6,5,1,0,1,1,1
G:\Thesis\FACET_Dataset\Segmented_FACET_0.2_fixed_label\sa_6049073.jpg,1,1,0,0,0.09538492560386658,2,2,2,1,0,1,0,1,1
G:\Thesis\FACET_Dataset\Segmented_FACET_0.2_fixed_label\sa_1984040.jpg,5,5,4,1,0.31641900539398193,4,4,4,3,1,1,0,1,1
G:\Thesis\FACET_Dataset\Segmented_FACET_0.2_fixed_label\sa_4953176.jpg,6,6,5,1,0.5991412401199341,6,6,6,5,1,0,1,1,1
G:\Thesis\FACET_Dataset\Segmented_FACET_0.2_fixed_label\sa_6333629.jpg,3,3,2,0,0.39460888504981995,5,5,5,4,1,2,0,0,0
G:\Thesis\FACET_Dataset\Segmented_FACET_0.2_fixed_label\sa_4892742.jpg,3,3,2,0,0.45577895641326904,5,5,5,4,1,2,0,0,0
G:\Thesis\FACET_Dataset\Segmented_FACET_0.2_fixed_label\sa_1008095.jpg,1,1,0,0,0.4627053439617157,5,5,5,4,1,4,0,0,0
G:\Thesis\FACET_Dataset\Segmented_FACET_0.2_fixed_label\sa_1911252.jpg,1,1,0,0,0.07676879316568375,2,2,2,1,0,1,0,1,1
G:\Thesis\FACET_Dataset\Segmented_FACET_0.2_fixed_label\sa_3437748.jpg,7,7,6,1,0.27557677030563354,3,3,3,2,0,4,0,0,0
G:\Thesis\FACET_Dataset\Segmented_FACET_0.2_fixed_label\sa_2855400.jpg,2,2,1,0,0.1186973974108696,2,2,2,1,0,0,1,1,1
G:\Thesis\FACET_Dataset\Segmented_FACET_0.2_fixed_label\sa_2316676.jpg,2,2,1,0,0.21905194222927094,3,3,3,2,0,1,0,1,1
G:\Thesis\FACET_Dataset\Segmented_FACET_0.2_fixed_label\sa_10695373.jpg,6,6,5,1,0.37229984998703003,4,4,4,3,1,2,0,0,1
G:\Thesis\FACET_Dataset\Segmented_FACET_0.2_fixed_label\sa_9785569.jpg,7,7,6,1,0.4782673120498657,5,5,5,4,1,2,0,0,1
G:\Thesis\FACET_Dataset\Segmented_FACET_0.2_fixed_label\sa_5884169.jpg,2,2,1,0,0.3258269727230072,4,4,4,3,1,2,0,0,0
G:\Thesis\FACET_Dataset\Segmented_FACET_0.2_fixed_label\sa_5058554.jpg,3,3,2,0,0.3576439619064331,4,4,4,3,1,1,0,1,0
G:\Thesis\FACET_Dataset\Segmented_FACET_0.2_fixed_label\sa_3988002.jpg,5,5,4,1,0.025675693526864052,1,1,1,0,0,4,0,0,0
G:\Thesis\FACET_Dataset\Segmented_FACET_0.2_fixed_label\sa_2766659.jpg,2,2,1,0,0.006365910638123751,1,1,1,0,0,1,0,1,1
G:\Thesis\FACET_Dataset\Segmented_FACET_0.2_fixed_label\sa_8826762.jpg,6,6,5,1,0.4959346652030945,5,5,5,4,1,1,0,1,1
G:\Thesis\FACET_Dataset\Segmented_FACET_0.2_fixed_label\sa_3314883.jpg,2,2,1,0,0.4512990713119507,5,5,5,4,1,3,0,0,0
G:\Thesis\FACET_Dataset\Segmented_FACET_0.2_fixed_label\sa_7671203.jpg,3,3,2,0,0.3116357624530792,4,4,4,3,1,1,0,1,0
G:\Thesis\FACET_Dataset\Segmented_FACET_0.2_fixed_label\sa_6695301.jpg,3,3,2,0,0.7424347400665283,8,8,8,7,2,5,0,0,0
G:\Thesis\FACET_Dataset\Segmented_FACET_0.2_fixed_label\sa_4973888.jpg,6,6,5,1,0.6069082021713257,6,6,6,5,1,0,1,1,1
G:\Thesis\FACET_Dataset\Segmented_FACET_0.2_fixed_label\sa_1040080.jpg,2,2,1,0,0.10981834679841995,2,2,2,1,0,0,1,1,1
G:\Thesis\FACET_Dataset\Segmented_FACET_0.2_fixed_label\sa_4790230.jpg,2,2,1,0,0.3235803246498108,4,4,4,3,1,2,0,0,0
G:\Thesis\FACET_Dataset\Segmented_FACET_0.2_fixed_label\sa_10454269.jpg,2,2,1,0,0.45329517126083374,5,5,5,4,1,3,0,0,0
G:\Thesis\FACET_Dataset\Segmented_FACET_0.2_fixed_label\sa_5556161.jpg,5,5,4,1,0.4008408486843109,5,5,5,4,1,0,1,1,1
G:\Thesis\FACET_Dataset\Segmented_FACET_0.2_fixed_label\sa_6926143.jpg,2,2,1,0,0.11282522976398468,2,2,2,1,0,0,1,1,1
G:\Thesis\FACET_Dataset\Segmented_FACET_0.2_fixed_label\sa_951035.jpg,3,3,2,0,0.435634583234787,5,5,5,4,1,2,0,0,0
G:\Thesis\FACET_Dataset\Segmented_FACET_0.2_fixed_label\sa_5114131.jpg,6,6,5,1,0.42758485674858093,5,5,5,4,1,1,0,1,1
G:\Thesis\FACET_Dataset\Segmented_FACET_0.2_fixed_label\sa_2813753.jpg,5,5,4,1,0.43087536096572876,5,5,5,4,1,0,1,1,1
G:\Thesis\FACET_Dataset\Segmented_FACET_0.2_fixed_label\sa_836717.jpg,3,3,2,0,0.2044120579957962,3,3,3,2,0,0,1,1,1
G:\Thesis\FACET_Dataset\Segmented_FACET_0.2_fixed_label\sa_5884169.jpg,2,2,1,0,0.3258269727230072,4,4,4,3,1,2,0,0,0
G:\Thesis\FACET_Dataset\Segmented_FACET_0.2_fixed_label\sa_4528781.jpg,2,2,1,0,0.4189686179161072,5,5,5,4,1,3,0,0,0
G:\Thesis\FACET_Dataset\Segmented_FACET_0.2_fixed_label\sa_9168495.jpg,3,3,2,0,0.3574691414833069,4,4,4,3,1,1,0,1,0
G:\Thesis\FACET_Dataset\Segmented_FACET_0.2_fixed_label\sa_1215620.jpg,5,5,4,1,0.3429848849773407,4,4,4,3,1,1,0,1,1
G:\Thesis\FACET_Dataset\Segmented_FACET_0.2_fixed_label\sa_7711635.jpg,2,2,1,0,0.2222767174243927,3,3,3,2,0,1,0,1,1
G:\Thesis\FACET_Dataset\Segmented_FACET_0.2_fixed_label\sa_4714974.jpg,6,6,5,1,0.3768523335456848,4,4,4,3,1,2,0,0,1
G:\Thesis\FACET_Dataset\Segmented_FACET_0.2_fixed_label\sa_7900209.jpg,4,4,3,1,0.44471579790115356,5,5,5,4,1,1,0,1,1
G:\Thesis\FACET_Dataset\Segmented_FACET_0.2_fixed_label\sa_9181726.jpg,3,3,2,0,0.2048920840024948,3,3,3,2,0,0,1,1,1
G:\Thesis\FACET_Dataset\Segmented_FACET_0.2_fixed_label\sa_10620705.jpg,6,6,5,1,0.24587789177894592,3,3,3,2,0,3,0,0,0
G:\Thesis\FACET_Dataset\Segmented_FACET_0.2_fixed_label\sa_8935203.jpg,8,8,7,2,0.6654638051986694,7,7,7,6,1,1,0,1,0
G:\Thesis\FACET_Dataset\Segmented_FACET_0.2_fixed_label\sa_9458625.jpg,3,3,2,0,0.36750534176826477,4,4,4,3,1,1,0,1,0
G:\Thesis\FACET_Dataset\Segmented_FACET_0.2_fixed_label\sa_5318109.jpg,2,2,1,0,0.03259417787194252,1,1,1,0,0,1,0,1,1
G:\Thesis\FACET_Dataset\Segmented_FACET_0.2_fixed_label\sa_2231078.jpg,1,1,0,0,0.15822194516658783,2,2,2,1,0,1,0,1,1
G:\Thesis\FACET_Dataset\Segmented_FACET_0.2_fixed_label\sa_5905339.jpg,5,5,4,1,0.36443033814430237,4,4,4,3,1,1,0,1,1
G:\Thesis\FACET_Dataset\Segmented_FACET_0.2_fixed_label\sa_7317173.jpg,3,3,2,0,0.49075013399124146,5,5,5,4,1,2,0,0,0
G:\Thesis\FACET_Dataset\Segmented_FACET_0.2_fixed_label\sa_2613318.jpg,2,2,1,0,0.4710614085197449,5,5,5,4,1,3,0,0,0
G:\Thesis\FACET_Dataset\Segmented_FACET_0.2_fixed_label\sa_2859420.jpg,6,6,5,1,0.8398189544677734,9,9,9,8,2,3,0,0,0
G:\Thesis\FACET_Dataset\Segmented_FACET_0.2_fixed_label\sa_1284858.jpg,6,6,5,1,0.472409188747406,5,5,5,4,1,1,0,1,1
G:\Thesis\FACET_Dataset\Segmented_FACET_0.2_fixed_label\sa_2069389.jpg,4,4,3,1,0.2756849527359009,3,3,3,2,0,1,0,1,0
G:\Thesis\FACET_Dataset\Segmented_FACET_0.2_fixed_label\sa_5575349.jpg,3,3,2,0,0.34809061884880066,4,4,4,3,1,1,0,1,0
G:\Thesis\FACET_Dataset\Segmented_FACET_0.2_fixed_label\sa_10417989.jpg,7,7,6,1,0.436454176902771,5,5,5,4,1,2,0,0,1
G:\Thesis\FACET_Dataset\Segmented_FACET_0.2_fixed_label\sa_1504821.jpg,4,4,3,1,0.3708747923374176,4,4,4,3,1,0,1,1,1
G:\Thesis\FACET_Dataset\Segmented_FACET_0.2_fixed_label\sa_9128433.jpg,4,4,3,1,0.32618167996406555,4,4,4,3,1,0,1,1,1
G:\Thesis\FACET_Dataset\Segmented_FACET_0.2_fixed_label\sa_9052809.jpg,2,2,1,0,0.461726576089859,5,5,5,4,1,3,0,0,0
G:\Thesis\FACET_Dataset\Segmented_FACET_0.2_fixed_label\sa_6934043.jpg,2,2,1,0,0.3018941283226013,4,4,4,3,1,2,0,0,0
G:\Thesis\FACET_Dataset\Segmented_FACET_0.2_fixed_label\sa_793635.jpg,2,2,1,0,0.31676429510116577,4,4,4,3,1,2,0,0,0
G:\Thesis\FACET_Dataset\Segmented_FACET_0.2_fixed_label\sa_2442521.jpg,5,5,4,1,0.4876391291618347,5,5,5,4,1,0,1,1,1
G:\Thesis\FACET_Dataset\Segmented_FACET_0.2_fixed_label\sa_4810027.jpg,5,5,4,1,0.2837441861629486,4,4,4,3,1,1,0,1,1
G:\Thesis\FACET_Dataset\Segmented_FACET_0.2_fixed_label\sa_4978955.jpg,4,4,3,1,0.36090677976608276,4,4,4,3,1,0,1,1,1
G:\Thesis\FACET_Dataset\Segmented_FACET_0.2_fixed_label\sa_3957809.jpg,6,6,5,1,0.467450886964798,5,5,5,4,1,1,0,1,1
G:\Thesis\FACET_Dataset\Segmented_FACET_0.2_fixed_label\sa_1233528.jpg,3,3,2,0,0.0677696093916893,2,2,2,1,0,1,0,1,1
G:\Thesis\FACET_Dataset\Segmented_FACET_0.2_fixed_label\sa_7907390.jpg,3,3,2,0,0.48984771966934204,5,5,5,4,1,2,0,0,0
G:\Thesis\FACET_Dataset\Segmented_FACET_0.2_fixed_label\sa_6049073.jpg,5,5,4,1,0.09538492560386658,2,2,2,1,0,3,0,0,0
G:\Thesis\FACET_Dataset\Segmented_FACET_0.2_fixed_label\sa_1852190.jpg,4,4,3,1,0.2359573394060135,3,3,3,2,0,1,0,1,0
G:\Thesis\FACET_Dataset\Segmented_FACET_0.2_fixed_label\sa_4179516.jpg,7,7,6,1,0.448504239320755,5,5,5,4,1,2,0,0,1
G:\Thesis\FACET_Dataset\Segmented_FACET_0.2_fixed_label\sa_3663255.jpg,3,3,2,0,0.4409676194190979,5,5,5,4,1,2,0,0,0
G:\Thesis\FACET_Dataset\Segmented_FACET_0.2_fixed_label\sa_1071665.jpg,4,4,3,1,0.4325276017189026,5,5,5,4,1,1,0,1,1
G:\Thesis\FACET_Dataset\Segmented_FACET_0.2_fixed_label\sa_4674583.jpg,3,3,2,0,0.15187020599842072,2,2,2,1,0,1,0,1,1
G:\Thesis\FACET_Dataset\Segmented_FACET_0.2_fixed_label\sa_4489817.jpg,1,1,0,0,0.14259767532348633,2,2,2,1,0,1,0,1,1
G:\Thesis\FACET_Dataset\Segmented_FACET_0.2_fixed_label\sa_5625107.jpg,3,3,2,0,0.2967250347137451,4,4,4,3,1,1,0,1,0
G:\Thesis\FACET_Dataset\Segmented_FACET_0.2_fixed_label\sa_4409716.jpg,4,4,3,1,0.42754337191581726,5,5,5,4,1,1,0,1,1
G:\Thesis\FACET_Dataset\Segmented_FACET_0.2_fixed_label\sa_2299962.jpg,5,5,4,1,0.4798732101917267,5,5,5,4,1,0,1,1,1
G:\Thesis\FACET_Dataset\Segmented_FACET_0.2_fixed_label\sa_2498335.jpg,3,3,2,0,0.12049318104982376,2,2,2,1,0,1,0,1,1
G:\Thesis\FACET_Dataset\Segmented_FACET_0.2_fixed_label\sa_5487112.jpg,4,4,3,1,0.3942657709121704,5,5,5,4,1,1,0,1,1
G:\Thesis\FACET_Dataset\Segmented_FACET_0.2_fixed_label\sa_4338157.jpg,3,3,2,0,0.17752617597579956,3,3,3,2,0,0,1,1,1
G:\Thesis\FACET_Dataset\Segmented_FACET_0.2_fixed_label\sa_11153685.jpg,3,3,2,0,0.054899912327528,1,1,1,0,0,2,0,0,1
G:\Thesis\FACET_Dataset\Segmented_FACET_0.2_fixed_label\sa_2578941.jpg,4,4,3,1,0.44553691148757935,5,5,5,4,1,1,0,1,1
G:\Thesis\FACET_Dataset\Segmented_FACET_0.2_fixed_label\sa_5285394.jpg,3,3,2,0,0.43923065066337585,5,5,5,4,1,2,0,0,0
G:\Thesis\FACET_Dataset\Segmented_FACET_0.2_fixed_label\sa_5114131.jpg,4,4,3,1,0.42758485674858093,5,5,5,4,1,1,0,1,1
G:\Thesis\FACET_Dataset\Segmented_FACET_0.2_fixed_label\sa_7926787.jpg,4,4,3,1,0.28825584053993225,4,4,4,3,1,0,1,1,1
G:\Thesis\FACET_Dataset\Segmented_FACET_0.2_fixed_label\sa_9044717.jpg,5,5,4,1,0.3492361009120941,4,4,4,3,1,1,0,1,1
G:\Thesis\FACET_Dataset\Segmented_FACET_0.2_fixed_label\sa_5459786.jpg,4,4,3,1,0.5562506914138794,6,6,6,5,1,2,0,0,1
G:\Thesis\FACET_Dataset\Segmented_FACET_0.2_fixed_label\sa_1196986.jpg,6,6,5,1,0.17113514244556427,3,3,3,2,0,3,0,0,0
G:\Thesis\FACET_Dataset\Segmented_FACET_0.2_fixed_label\sa_4284332.jpg,4,4,3,1,0.1563889980316162,2,2,2,1,0,2,0,0,0
G:\Thesis\FACET_Dataset\Segmented_FACET_0.2_fixed_label\sa_9711760.jpg,6,6,5,1,0.3428023159503937,4,4,4,3,1,2,0,0,1
G:\Thesis\FACET_Dataset\Segmented_FACET_0.2_fixed_label\sa_3577491.jpg,8,8,7,2,0.6200623512268066,7,7,7,6,1,1,0,1,0
G:\Thesis\FACET_Dataset\Segmented_FACET_0.2_fixed_label\sa_8605216.jpg,2,2,1,0,0.5085234045982361,6,6,6,5,1,4,0,0,0
G:\Thesis\FACET_Dataset\Segmented_FACET_0.2_fixed_label\sa_7772297.jpg,5,5,4,1,0.4587465524673462,5,5,5,4,1,0,1,1,1
G:\Thesis\FACET_Dataset\Segmented_FACET_0.2_fixed_label\sa_1735173.jpg,2,2,1,0,0.08962156623601913,2,2,2,1,0,0,1,1,1
G:\Thesis\FACET_Dataset\Segmented_FACET_0.2_fixed_label\sa_4786068.jpg,3,3,2,0,0.617806077003479,7,7,7,6,1,4,0,0,0
G:\Thesis\FACET_Dataset\Segmented_FACET_0.2_fixed_label\sa_2300182.jpg,4,4,3,1,0.6180359125137329,7,7,7,6,1,3,0,0,1
G:\Thesis\FACET_Dataset\Segmented_FACET_0.2_fixed_label\sa_10408922.jpg,6,6,5,1,0.5013653039932251,6,6,6,5,1,0,1,1,1
G:\Thesis\FACET_Dataset\Segmented_FACET_0.2_fixed_label\sa_5429541.jpg,3,3,2,0,0.5096928477287292,6,6,6,5,1,3,0,0,0
G:\Thesis\FACET_Dataset\Segmented_FACET_0.2_fixed_label\sa_8262003.jpg,5,5,4,1,0.36320650577545166,4,4,4,3,1,1,0,1,1
G:\Thesis\FACET_Dataset\Segmented_FACET_0.2_fixed_label\sa_3478678.jpg,9,9,8,2,0.42596936225891113,5,5,5,4,1,4,0,0,0
G:\Thesis\FACET_Dataset\Segmented_FACET_0.2_fixed_label\sa_3826401.jpg,4,4,3,1,0.21153073012828827,3,3,3,2,0,1,0,1,0
G:\Thesis\FACET_Dataset\Segmented_FACET_0.2_fixed_label\sa_3626094.jpg,2,2,1,0,0.2017883062362671,3,3,3,2,0,1,0,1,1
G:\Thesis\FACET_Dataset\Segmented_FACET_0.2_fixed_label\sa_159399.jpg,4,4,3,1,0.03148729354143143,1,1,1,0,0,3,0,0,0
G:\Thesis\FACET_Dataset\Segmented_FACET_0.2_fixed_label\sa_4790230.jpg,4,4,3,1,0.3235803246498108,4,4,4,3,1,0,1,1,1
G:\Thesis\FACET_Dataset\Segmented_FACET_0.2_fixed_label\sa_10408760.jpg,2,2,1,0,0.6451771259307861,7,7,7,6,1,5,0,0,0
G:\Thesis\FACET_Dataset\Segmented_FACET_0.2_fixed_label\sa_8560460.jpg,3,3,2,0,0.40835657715797424,5,5,5,4,1,2,0,0,0
G:\Thesis\FACET_Dataset\Segmented_FACET_0.2_fixed_label\sa_761497.jpg,3,3,2,0,0.28375354409217834,4,4,4,3,1,1,0,1,0
G:\Thesis\FACET_Dataset\Segmented_FACET_0.2_fixed_label\sa_5235024.jpg,3,3,2,0,0.19753970205783844,3,3,3,2,0,0,1,1,1
G:\Thesis\FACET_Dataset\Segmented_FACET_0.2_fixed_label\sa_5833346.jpg,7,7,6,1,0.28900372982025146,4,4,4,3,1,3,0,0,1
G:\Thesis\FACET_Dataset\Segmented_FACET_0.2_fixed_label\sa_6515832.jpg,4,4,3,1,0.5586839914321899,6,6,6,5,1,2,0,0,1
G:\Thesis\FACET_Dataset\Segmented_FACET_0.2_fixed_label\sa_10481434.jpg,5,5,4,1,0.3513881266117096,4,4,4,3,1,1,0,1,1
G:\Thesis\FACET_Dataset\Segmented_FACET_0.2_fixed_label\sa_5885714.jpg,5,5,4,1,0.3998104929924011,5,5,5,4,1,0,1,1,1
G:\Thesis\FACET_Dataset\Segmented_FACET_0.2_fixed_label\sa_393546.jpg,3,3,2,0,0.3745889365673065,4,4,4,3,1,1,0,1,0
G:\Thesis\FACET_Dataset\Segmented_FACET_0.2_fixed_label\sa_6477036.jpg,6,6,5,1,0.691958487033844,7,7,7,6,1,1,0,1,1
G:\Thesis\FACET_Dataset\Segmented_FACET_0.2_fixed_label\sa_2849467.jpg,3,3,2,0,0.42613059282302856,5,5,5,4,1,2,0,0,0
G:\Thesis\FACET_Dataset\Segmented_FACET_0.2_fixed_label\sa_5222679.jpg,2,2,1,0,0.46754831075668335,5,5,5,4,1,3,0,0,0
G:\Thesis\FACET_Dataset\Segmented_FACET_0.2_fixed_label\sa_1161064.jpg,6,6,5,1,0.6795085072517395,7,7,7,6,1,1,0,1,1
G:\Thesis\FACET_Dataset\Segmented_FACET_0.2_fixed_label\sa_65743.jpg,9,9,8,2,0.7178236842155457,7,7,7,6,1,2,0,0,0
G:\Thesis\FACET_Dataset\Segmented_FACET_0.2_fixed_label\sa_2111165.jpg,6,6,5,1,0.32355913519859314,4,4,4,3,1,2,0,0,1
G:\Thesis\FACET_Dataset\Segmented_FACET_0.2_fixed_label\sa_4068101.jpg,6,6,5,1,0.15620309114456177,2,2,2,1,0,4,0,0,0
G:\Thesis\FACET_Dataset\Segmented_FACET_0.2_fixed_label\sa_6763195.jpg,3,3,2,0,0.42362120747566223,5,5,5,4,1,2,0,0,0
G:\Thesis\FACET_Dataset\Segmented_FACET_0.2_fixed_label\sa_8183514.jpg,7,7,6,1,0.42300572991371155,5,5,5,4,1,2,0,0,1
G:\Thesis\FACET_Dataset\Segmented_FACET_0.2_fixed_label\sa_3782304.jpg,9,9,8,2,0.8277713656425476,8,8,8,7,2,1,0,1,1
G:\Thesis\FACET_Dataset\Segmented_FACET_0.2_fixed_label\sa_1706581.jpg,9,9,8,2,0.3156927227973938,4,4,4,3,1,5,0,0,0
G:\Thesis\FACET_Dataset\Segmented_FACET_0.2_fixed_label\sa_1571272.jpg,5,5,4,1,0.2964921295642853,4,4,4,3,1,1,0,1,1
G:\Thesis\FACET_Dataset\Segmented_FACET_0.2_fixed_label\sa_10109543.jpg,3,3,2,0,0.13437190651893616,2,2,2,1,0,1,0,1,1
G:\Thesis\FACET_Dataset\Segmented_FACET_0.2_fixed_label\sa_2089512.jpg,3,3,2,0,0.07744967937469482,2,2,2,1,0,1,0,1,1
G:\Thesis\FACET_Dataset\Segmented_FACET_0.2_fixed_label\sa_3603389.jpg,7,7,6,1,0.31737369298934937,4,4,4,3,1,3,0,0,1
G:\Thesis\FACET_Dataset\Segmented_FACET_0.2_fixed_label\sa_10498237.jpg,2,2,1,0,0.3500280976295471,4,4,4,3,1,2,0,0,0
G:\Thesis\FACET_Dataset\Segmented_FACET_0.2_fixed_label\sa_3306596.jpg,3,3,2,0,0.13009445369243622,2,2,2,1,0,1,0,1,1
G:\Thesis\FACET_Dataset\Segmented_FACET_0.2_fixed_label\sa_1809016.jpg,4,4,3,1,0.4957832396030426,5,5,5,4,1,1,0,1,1
G:\Thesis\FACET_Dataset\Segmented_FACET_0.2_fixed_label\sa_883786.jpg,3,3,2,0,0.45866426825523376,5,5,5,4,1,2,0,0,0
G:\Thesis\FACET_Dataset\Segmented_FACET_0.2_fixed_label\sa_6206180.jpg,6,6,5,1,0.24821744859218597,3,3,3,2,0,3,0,0,0
G:\Thesis\FACET_Dataset\Segmented_FACET_0.2_fixed_label\sa_9603108.jpg,7,7,6,1,0.5166937112808228,6,6,6,5,1,1,0,1,1
G:\Thesis\FACET_Dataset\Segmented_FACET_0.2_fixed_label\sa_7736075.jpg,3,3,2,0,0.3689507246017456,4,4,4,3,1,1,0,1,0
G:\Thesis\FACET_Dataset\Segmented_FACET_0.2_fixed_label\sa_2407728.jpg,4,4,3,1,0.4754948616027832,5,5,5,4,1,1,0,1,1
G:\Thesis\FACET_Dataset\Segmented_FACET_0.2_fixed_label\sa_9798002.jpg,5,5,4,1,0.7683128714561462,8,8,8,7,2,3,0,0,0
G:\Thesis\FACET_Dataset\Segmented_FACET_0.2_fixed_label\sa_2511562.jpg,9,9,8,2,0.9450254440307617,10,10,10,9,2,1,0,1,1
G:\Thesis\FACET_Dataset\Segmented_FACET_0.2_fixed_label\sa_4790913.jpg,5,5,4,1,0.6357068419456482,7,7,7,6,1,2,0,0,1
G:\Thesis\FACET_Dataset\Segmented_FACET_0.2_fixed_label\sa_6218726.jpg,2,2,1,0,0.1835155338048935,3,3,3,2,0,1,0,1,1
G:\Thesis\FACET_Dataset\Segmented_FACET_0.2_fixed_label\sa_10498237.jpg,2,2,1,0,0.3500280976295471,4,4,4,3,1,2,0,0,0
G:\Thesis\FACET_Dataset\Segmented_FACET_0.2_fixed_label\sa_5110954.jpg,2,2,1,0,0.30807769298553467,4,4,4,3,1,2,0,0,0
G:\Thesis\FACET_Dataset\Segmented_FACET_0.2_fixed_label\sa_4490073.jpg,3,3,2,0,0.07742451131343842,2,2,2,1,0,1,0,1,1
G:\Thesis\FACET_Dataset\Segmented_FACET_0.2_fixed_label\sa_10695373.jpg,6,6,5,1,0.37229984998703003,4,4,4,3,1,2,0,0,1
G:\Thesis\FACET_Dataset\Segmented_FACET_0.2_fixed_label\sa_8942635.jpg,7,7,6,1,0.5192211270332336,6,6,6,5,1,1,0,1,1
G:\Thesis\FACET_Dataset\Segmented_FACET_0.2_fixed_label\sa_476231.jpg,4,4,3,1,0.061104148626327515,2,2,2,1,0,2,0,0,0
G:\Thesis\FACET_Dataset\Segmented_FACET_0.2_fixed_label\sa_4379022.jpg,7,7,6,1,0.41519424319267273,5,5,5,4,1,2,0,0,1
G:\Thesis\FACET_Dataset\Segmented_FACET_0.2_fixed_label\sa_755916.jpg,7,7,6,1,0.47570690512657166,5,5,5,4,1,2,0,0,1
G:\Thesis\FACET_Dataset\Segmented_FACET_0.2_fixed_label\sa_3096740.jpg,2,2,1,0,0.5251733660697937,6,6,6,5,1,4,0,0,0
G:\Thesis\FACET_Dataset\Segmented_FACET_0.2_fixed_label\sa_4353992.jpg,4,4,3,1,0.4254012405872345,5,5,5,4,1,1,0,1,1
G:\Thesis\FACET_Dataset\Segmented_FACET_0.2_fixed_label\sa_7470218.jpg,8,8,7,2,0.9862504005432129,10,10,10,9,2,2,0,0,1
G:\Thesis\FACET_Dataset\Segmented_FACET_0.2_fixed_label\sa_4786068.jpg,3,3,2,0,0.617806077003479,7,7,7,6,1,4,0,0,0
G:\Thesis\FACET_Dataset\Segmented_FACET_0.2_fixed_label\sa_1403304.jpg,5,5,4,1,0.15481343865394592,2,2,2,1,0,3,0,0,0
G:\Thesis\FACET_Dataset\Segmented_FACET_0.2_fixed_label\sa_1715410.jpg,2,2,1,0,0.34065884351730347,4,4,4,3,1,2,0,0,0
G:\Thesis\FACET_Dataset\Segmented_FACET_0.2_fixed_label\sa_8314298.jpg,2,2,1,0,0.3918936848640442,5,5,5,4,1,3,0,0,0
G:\Thesis\FACET_Dataset\Segmented_FACET_0.2_fixed_label\sa_10394555.jpg,1,1,0,0,0.028173835948109627,1,1,1,0,0,0,1,1,1
G:\Thesis\FACET_Dataset\Segmented_FACET_0.2_fixed_label\sa_7147347.jpg,9,9,8,2,0.675574779510498,7,7,7,6,1,2,0,0,0
G:\Thesis\FACET_Dataset\Segmented_FACET_0.2_fixed_label\sa_4592552.jpg,2,2,1,0,0.025545023381710052,1,1,1,0,0,1,0,1,1
G:\Thesis\FACET_Dataset\Segmented_FACET_0.2_fixed_label\sa_7795504.jpg,5,5,4,1,0.31580179929733276,4,4,4,3,1,1,0,1,1
G:\Thesis\FACET_Dataset\Segmented_FACET_0.2_fixed_label\sa_5116259.jpg,3,3,2,0,0.584879457950592,6,6,6,5,1,3,0,0,0
G:\Thesis\FACET_Dataset\Segmented_FACET_0.2_fixed_label\sa_2165146.jpg,5,5,4,1,0.4340442717075348,5,5,5,4,1,0,1,1,1
G:\Thesis\FACET_Dataset\Segmented_FACET_0.2_fixed_label\sa_7624010.jpg,6,6,5,1,0.6961783170700073,7,7,7,6,1,1,0,1,1
G:\Thesis\FACET_Dataset\Segmented_FACET_0.2_fixed_label\sa_4839035.jpg,4,4,3,1,0.29251283407211304,4,4,4,3,1,0,1,1,1
G:\Thesis\FACET_Dataset\Segmented_FACET_0.2_fixed_label\sa_573605.jpg,5,5,4,1,0.4703950583934784,5,5,5,4,1,0,1,1,1
G:\Thesis\FACET_Dataset\Segmented_FACET_0.2_fixed_label\sa_2574228.jpg,5,5,4,1,0.34898656606674194,4,4,4,3,1,1,0,1,1
G:\Thesis\FACET_Dataset\Segmented_FACET_0.2_fixed_label\sa_9156613.jpg,8,8,7,2,0.5785845518112183,6,6,6,5,1,2,0,0,0
G:\Thesis\FACET_Dataset\Segmented_FACET_0.2_fixed_label\sa_7585283.jpg,3,3,2,0,0.5375970602035522,6,6,6,5,1,3,0,0,0
G:\Thesis\FACET_Dataset\Segmented_FACET_0.2_fixed_label\sa_7222394.jpg,2,2,1,0,0.2125837653875351,3,3,3,2,0,1,0,1,1
G:\Thesis\FACET_Dataset\Segmented_FACET_0.2_fixed_label\sa_4859292.jpg,3,3,2,0,0.18076486885547638,3,3,3,2,0,0,1,1,1
G:\Thesis\FACET_Dataset\Segmented_FACET_0.2_fixed_label\sa_10201472.jpg,3,3,2,0,0.17624418437480927,3,3,3,2,0,0,1,1,1
G:\Thesis\FACET_Dataset\Segmented_FACET_0.2_fixed_label\sa_2279901.jpg,2,2,1,0,0.48828527331352234,5,5,5,4,1,3,0,0,0
G:\Thesis\FACET_Dataset\Segmented_FACET_0.2_fixed_label\sa_5934891.jpg,4,4,3,1,0.4841718077659607,5,5,5,4,1,1,0,1,1
G:\Thesis\FACET_Dataset\Segmented_FACET_0.2_fixed_label\sa_4024535.jpg,6,6,5,1,0.4323267936706543,5,5,5,4,1,1,0,1,1
G:\Thesis\FACET_Dataset\Segmented_FACET_0.2_fixed_label\sa_3660018.jpg,6,6,5,1,0.2891107201576233,4,4,4,3,1,2,0,0,1
G:\Thesis\FACET_Dataset\Segmented_FACET_0.2_fixed_label\sa_1429056.jpg,3,3,2,0,0.280933141708374,4,4,4,3,1,1,0,1,0
G:\Thesis\FACET_Dataset\Segmented_FACET_0.2_fixed_label\sa_8189414.jpg,2,2,1,0,0.49940869212150574,5,5,5,4,1,3,0,0,0
G:\Thesis\FACET_Dataset\Segmented_FACET_0.2_fixed_label\sa_6273532.jpg,5,5,4,1,0.27782905101776123,4,4,4,3,1,1,0,1,1
G:\Thesis\FACET_Dataset\Segmented_FACET_0.2_fixed_label\sa_4686189.jpg,5,5,4,1,0.4320720434188843,5,5,5,4,1,0,1,1,1
G:\Thesis\FACET_Dataset\Segmented_FACET_0.2_fixed_label\sa_9748851.jpg,5,5,4,1,0.22262993454933167,3,3,3,2,0,2,0,0,0
G:\Thesis\FACET_Dataset\Segmented_FACET_0.2_fixed_label\sa_7613589.jpg,8,8,7,2,0.7271938323974609,8,8,8,7,2,0,1,1,1
G:\Thesis\FACET_Dataset\Segmented_FACET_0.2_fixed_label\sa_10564607.jpg,4,4,3,1,0.5209178924560547,6,6,6,5,1,2,0,0,1
G:\Thesis\FACET_Dataset\Segmented_FACET_0.2_fixed_label\sa_8324816.jpg,3,3,2,0,0.10540960729122162,2,2,2,1,0,1,0,1,1
G:\Thesis\FACET_Dataset\Segmented_FACET_0.2_fixed_label\sa_7940722.jpg,8,8,7,2,0.8498746752738953,9,9,9,8,2,1,0,1,1
G:\Thesis\FACET_Dataset\Segmented_FACET_0.2_fixed_label\sa_10301399.jpg,2,2,1,0,0.30568671226501465,4,4,4,3,1,2,0,0,0
G:\Thesis\FACET_Dataset\Segmented_FACET_0.2_fixed_label\sa_2135545.jpg,7,7,6,1,0.22975024580955505,3,3,3,2,0,4,0,0,0
G:\Thesis\FACET_Dataset\Segmented_FACET_0.2_fixed_label\sa_3264118.jpg,3,3,2,0,0.5130959749221802,6,6,6,5,1,3,0,0,0
G:\Thesis\FACET_Dataset\Segmented_FACET_0.2_fixed_label\sa_9122623.jpg,2,2,1,0,0.27202269434928894,3,3,3,2,0,1,0,1,1
G:\Thesis\FACET_Dataset\Segmented_FACET_0.2_fixed_label\sa_6297102.jpg,4,4,3,1,0.15595541894435883,2,2,2,1,0,2,0,0,0
G:\Thesis\FACET_Dataset\Segmented_FACET_0.2_fixed_label\sa_6664500.jpg,3,3,2,0,0.34711313247680664,4,4,4,3,1,1,0,1,0
G:\Thesis\FACET_Dataset\Segmented_FACET_0.2_fixed_label\sa_9547256.jpg,4,4,3,1,0.47119060158729553,5,5,5,4,1,1,0,1,1
G:\Thesis\FACET_Dataset\Segmented_FACET_0.2_fixed_label\sa_3775087.jpg,3,3,2,0,0.24182406067848206,3,3,3,2,0,0,1,1,1
G:\Thesis\FACET_Dataset\Segmented_FACET_0.2_fixed_label\sa_6045725.jpg,6,6,5,1,0.7794573307037354,8,8,8,7,2,2,0,0,0
G:\Thesis\FACET_Dataset\Segmented_FACET_0.2_fixed_label\sa_8891072.jpg,7,7,6,1,0.6004601120948792,6,6,6,5,1,1,0,1,1
G:\Thesis\FACET_Dataset\Segmented_FACET_0.2_fixed_label\sa_8930122.jpg,4,4,3,1,0.13612601161003113,2,2,2,1,0,2,0,0,0
G:\Thesis\FACET_Dataset\Segmented_FACET_0.2_fixed_label\sa_6274049.jpg,3,3,2,0,0.3007138967514038,4,4,4,3,1,1,0,1,0
G:\Thesis\FACET_Dataset\Segmented_FACET_0.2_fixed_label\sa_5812781.jpg,3,3,2,0,0.2778240740299225,4,4,4,3,1,1,0,1,0
G:\Thesis\FACET_Dataset\Segmented_FACET_0.2_fixed_label\sa_1390223.jpg,4,4,3,1,0.09730193018913269,2,2,2,1,0,2,0,0,0
G:\Thesis\FACET_Dataset\Segmented_FACET_0.2_fixed_label\sa_4878664.jpg,3,3,2,0,0.08873250335454941,2,2,2,1,0,1,0,1,1
G:\Thesis\FACET_Dataset\Segmented_FACET_0.2_fixed_label\sa_10890218.jpg,4,4,3,1,0.07838013023138046,2,2,2,1,0,2,0,0,0
G:\Thesis\FACET_Dataset\Segmented_FACET_0.2_fixed_label\sa_1502766.jpg,3,3,2,0,0.14288586378097534,2,2,2,1,0,1,0,1,1
G:\Thesis\FACET_Dataset\Segmented_FACET_0.2_fixed_label\sa_2077818.jpg,5,5,4,1,0.37245437502861023,4,4,4,3,1,1,0,1,1
G:\Thesis\FACET_Dataset\Segmented_FACET_0.2_fixed_label\sa_5359669.jpg,9,9,8,2,0.6946688294410706,7,7,7,6,1,2,0,0,0
G:\Thesis\FACET_Dataset\Segmented_FACET_0.2_fixed_label\sa_4577723.jpg,4,4,3,1,0.06516111642122269,2,2,2,1,0,2,0,0,0
G:\Thesis\FACET_Dataset\Segmented_FACET_0.2_fixed_label\sa_8017136.jpg,6,6,5,1,0.2698046863079071,3,3,3,2,0,3,0,0,0
G:\Thesis\FACET_Dataset\Segmented_FACET_0.2_fixed_label\sa_1723739.jpg,2,2,1,0,0.33585426211357117,4,4,4,3,1,2,0,0,0
G:\Thesis\FACET_Dataset\Segmented_FACET_0.2_fixed_label\sa_9486856.jpg,7,7,6,1,0.5614475607872009,6,6,6,5,1,1,0,1,1
G:\Thesis\FACET_Dataset\Segmented_FACET_0.2_fixed_label\sa_10657950.jpg,3,3,2,0,0.27833834290504456,4,4,4,3,1,1,0,1,0
G:\Thesis\FACET_Dataset\Segmented_FACET_0.2_fixed_label\sa_9461045.jpg,4,4,3,1,0.12954184412956238,2,2,2,1,0,2,0,0,0
G:\Thesis\FACET_Dataset\Segmented_FACET_0.2_fixed_label\sa_9686118.jpg,3,3,2,0,0.7728390693664551,8,8,8,7,2,5,0,0,0
G:\Thesis\FACET_Dataset\Segmented_FACET_0.2_fixed_label\sa_7102163.jpg,3,3,2,0,0.4543190598487854,5,5,5,4,1,2,0,0,0
G:\Thesis\FACET_Dataset\Segmented_FACET_0.2_fixed_label\sa_2413075.jpg,4,4,3,1,0.2986554205417633,4,4,4,3,1,0,1,1,1
G:\Thesis\FACET_Dataset\Segmented_FACET_0.2_fixed_label\sa_9377080.jpg,7,7,6,1,0.7743815779685974,8,8,8,7,2,1,0,1,0
G:\Thesis\FACET_Dataset\Segmented_FACET_0.2_fixed_label\sa_2299962.jpg,5,5,4,1,0.4798732101917267,5,5,5,4,1,0,1,1,1
G:\Thesis\FACET_Dataset\Segmented_FACET_0.2_fixed_label\sa_5705790.jpg,5,5,4,1,0.4912969172000885,5,5,5,4,1,0,1,1,1
G:\Thesis\FACET_Dataset\Segmented_FACET_0.2_fixed_label\sa_5735457.jpg,3,3,2,0,0.05896808207035065,2,2,2,1,0,1,0,1,1
G:\Thesis\FACET_Dataset\Segmented_FACET_0.2_fixed_label\sa_3411077.jpg,3,3,2,0,0.09182821214199066,2,2,2,1,0,1,0,1,1
G:\Thesis\FACET_Dataset\Segmented_FACET_0.2_fixed_label\sa_224638.jpg,2,2,1,0,0.26974716782569885,3,3,3,2,0,1,0,1,1
G:\Thesis\FACET_Dataset\Segmented_FACET_0.2_fixed_label\sa_233244.jpg,2,2,1,0,0.020859766751527786,1,1,1,0,0,1,0,1,1
G:\Thesis\FACET_Dataset\Segmented_FACET_0.2_fixed_label\sa_2851336.jpg,4,4,3,1,0.2087717205286026,3,3,3,2,0,1,0,1,0
G:\Thesis\FACET_Dataset\Segmented_FACET_0.2_fixed_label\sa_2066148.jpg,5,5,4,1,0.5724937915802002,6,6,6,5,1,1,0,1,1
G:\Thesis\FACET_Dataset\Segmented_FACET_0.2_fixed_label\sa_295473.jpg,3,3,2,0,0.39735254645347595,5,5,5,4,1,2,0,0,0
G:\Thesis\FACET_Dataset\Segmented_FACET_0.2_fixed_label\sa_1270708.jpg,5,5,4,1,0.37361398339271545,4,4,4,3,1,1,0,1,1
G:\Thesis\FACET_Dataset\Segmented_FACET_0.2_fixed_label\sa_5715395.jpg,2,2,1,0,0.5726830959320068,6,6,6,5,1,4,0,0,0
G:\Thesis\FACET_Dataset\Segmented_FACET_0.2_fixed_label\sa_1126554.jpg,4,4,3,1,0.6269516944885254,7,7,7,6,1,3,0,0,1
G:\Thesis\FACET_Dataset\Segmented_FACET_0.2_fixed_label\sa_8252861.jpg,2,2,1,0,0.3491014242172241,4,4,4,3,1,2,0,0,0
G:\Thesis\FACET_Dataset\Segmented_FACET_0.2_fixed_label\sa_2221792.jpg,3,3,2,0,0.1677720993757248,3,3,3,2,0,0,1,1,1
G:\Thesis\FACET_Dataset\Segmented_FACET_0.2_fixed_label\sa_4971657.jpg,2,2,1,0,0.480740487575531,5,5,5,4,1,3,0,0,0
G:\Thesis\FACET_Dataset\Segmented_FACET_0.2_fixed_label\sa_5574212.jpg,3,3,2,0,0.18896424770355225,3,3,3,2,0,0,1,1,1
G:\Thesis\FACET_Dataset\Segmented_FACET_0.2_fixed_label\sa_5819093.jpg,1,1,0,0,0.138359934091568,2,2,2,1,0,1,0,1,1
G:\Thesis\FACET_Dataset\Segmented_FACET_0.2_fixed_label\sa_4252975.jpg,4,4,3,1,0.6743935346603394,7,7,7,6,1,3,0,0,1
G:\Thesis\FACET_Dataset\Segmented_FACET_0.2_fixed_label\sa_10683802.jpg,8,8,7,2,0.6042119264602661,6,6,6,5,1,2,0,0,0
G:\Thesis\FACET_Dataset\Segmented_FACET_0.2_fixed_label\sa_9668155.jpg,9,9,8,2,0.6856079697608948,7,7,7,6,1,2,0,0,0
G:\Thesis\FACET_Dataset\Segmented_FACET_0.2_fixed_label\sa_3443777.jpg,2,2,1,0,0.06079888343811035,2,2,2,1,0,0,1,1,1
G:\Thesis\FACET_Dataset\Segmented_FACET_0.2_fixed_label\sa_7108201.jpg,4,4,3,1,0.45366594195365906,5,5,5,4,1,1,0,1,1
G:\Thesis\FACET_Dataset\Segmented_FACET_0.2_fixed_label\sa_10448300.jpg,4,4,3,1,0.37237149477005005,4,4,4,3,1,0,1,1,1
G:\Thesis\FACET_Dataset\Segmented_FACET_0.2_fixed_label\sa_416878.jpg,6,6,5,1,0.6124016642570496,7,7,7,6,1,1,0,1,1
G:\Thesis\FACET_Dataset\Segmented_FACET_0.2_fixed_label\sa_9043875.jpg,3,3,2,0,0.1631881445646286,2,2,2,1,0,1,0,1,1
G:\Thesis\FACET_Dataset\Segmented_FACET_0.2_fixed_label\sa_9697643.jpg,9,9,8,2,0.6185303926467896,7,7,7,6,1,2,0,0,0
G:\Thesis\FACET_Dataset\Segmented_FACET_0.2_fixed_label\sa_9989289.jpg,3,3,2,0,0.18654975295066833,3,3,3,2,0,0,1,1,1
G:\Thesis\FACET_Dataset\Segmented_FACET_0.2_fixed_label\sa_10637831.jpg,5,5,4,1,0.6243861317634583,7,7,7,6,1,2,0,0,1
G:\Thesis\FACET_Dataset\Segmented_FACET_0.2_fixed_label\sa_10664435.jpg,4,4,3,1,0.34023991227149963,4,4,4,3,1,0,1,1,1
G:\Thesis\FACET_Dataset\Segmented_FACET_0.2_fixed_label\sa_10277350.jpg,6,6,5,1,0.13358792662620544,2,2,2,1,0,4,0,0,0
G:\Thesis\FACET_Dataset\Segmented_FACET_0.2_fixed_label\sa_9470464.jpg,4,4,3,1,0.3832058608531952,4,4,4,3,1,0,1,1,1
G:\Thesis\FACET_Dataset\Segmented_FACET_0.2_fixed_label\sa_3993091.jpg,4,4,3,1,0.3721368610858917,4,4,4,3,1,0,1,1,1
G:\Thesis\FACET_Dataset\Segmented_FACET_0.2_fixed_label\sa_1161064.jpg,6,6,5,1,0.6795085072517395,7,7,7,6,1,1,0,1,1
G:\Thesis\FACET_Dataset\Segmented_FACET_0.2_fixed_label\sa_4367271.jpg,5,5,4,1,0.4822942614555359,5,5,5,4,1,0,1,1,1
G:\Thesis\FACET_Dataset\Segmented_FACET_0.2_fixed_label\sa_766499.jpg,2,2,1,0,0.3402148485183716,4,4,4,3,1,2,0,0,0
G:\Thesis\FACET_Dataset\Segmented_FACET_0.2_fixed_label\sa_1040898.jpg,5,5,4,1,0.2169395089149475,3,3,3,2,0,2,0,0,0
G:\Thesis\FACET_Dataset\Segmented_FACET_0.2_fixed_label\sa_10650923.jpg,3,3,2,0,0.4752589762210846,5,5,5,4,1,2,0,0,0
G:\Thesis\FACET_Dataset\Segmented_FACET_0.2_fixed_label\sa_2526175.jpg,3,3,2,0,0.3850679397583008,4,4,4,3,1,1,0,1,0
G:\Thesis\FACET_Dataset\Segmented_FACET_0.2_fixed_label\sa_4984727.jpg,5,5,4,1,0.4393748641014099,5,5,5,4,1,0,1,1,1
G:\Thesis\FACET_Dataset\Segmented_FACET_0.2_fixed_label\sa_4244804.jpg,4,4,3,1,0.7069725394248962,7,7,7,6,1,3,0,0,1
G:\Thesis\FACET_Dataset\Segmented_FACET_0.2_fixed_label\sa_7993739.jpg,3,3,2,0,0.3286632299423218,4,4,4,3,1,1,0,1,0
G:\Thesis\FACET_Dataset\Segmented_FACET_0.2_fixed_label\sa_2949129.jpg,4,4,3,1,0.34856978058815,4,4,4,3,1,0,1,1,1
G:\Thesis\FACET_Dataset\Segmented_FACET_0.2_fixed_label\sa_1722555.jpg,6,6,5,1,0.5219023823738098,6,6,6,5,1,0,1,1,1
G:\Thesis\FACET_Dataset\Segmented_FACET_0.2_fixed_label\sa_5572435.jpg,3,3,2,0,0.4751623868942261,5,5,5,4,1,2,0,0,0
G:\Thesis\FACET_Dataset\Segmented_FACET_0.2_fixed_label\sa_4270095.jpg,4,4,3,1,0.2330562174320221,3,3,3,2,0,1,0,1,0
G:\Thesis\FACET_Dataset\Segmented_FACET_0.2_fixed_label\sa_4588306.jpg,2,2,1,0,0.13308274745941162,2,2,2,1,0,0,1,1,1
G:\Thesis\FACET_Dataset\Segmented_FACET_0.2_fixed_label\sa_10221582.jpg,2,2,1,0,0.22390642762184143,3,3,3,2,0,1,0,1,1
G:\Thesis\FACET_Dataset\Segmented_FACET_0.2_fixed_label\sa_7618611.jpg,2,2,1,0,0.33104321360588074,4,4,4,3,1,2,0,0,0
G:\Thesis\FACET_Dataset\Segmented_FACET_0.2_fixed_label\sa_1990478.jpg,6,6,5,1,0.4469820261001587,5,5,5,4,1,1,0,1,1
G:\Thesis\FACET_Dataset\Segmented_FACET_0.2_fixed_label\sa_735276.jpg,2,2,1,0,0.8015188574790955,8,8,8,7,2,6,0,0,0
G:\Thesis\FACET_Dataset\Segmented_FACET_0.2_fixed_label\sa_4594483.jpg,6,6,5,1,0.450419157743454,5,5,5,4,1,1,0,1,1
G:\Thesis\FACET_Dataset\Segmented_FACET_0.2_fixed_label\sa_4809082.jpg,4,4,3,1,0.1474064439535141,2,2,2,1,0,2,0,0,0
G:\Thesis\FACET_Dataset\Segmented_FACET_0.2_fixed_label\sa_6822219.jpg,3,3,2,0,0.4794100522994995,5,5,5,4,1,2,0,0,0
G:\Thesis\FACET_Dataset\Segmented_FACET_0.2_fixed_label\sa_2087610.jpg,2,2,1,0,0.11815590411424637,2,2,2,1,0,0,1,1,1
G:\Thesis\FACET_Dataset\Segmented_FACET_0.2_fixed_label\sa_11174704.jpg,1,1,0,0,0.48423925042152405,5,5,5,4,1,4,0,0,0
G:\Thesis\FACET_Dataset\Segmented_FACET_0.2_fixed_label\sa_5638070.jpg,4,4,3,1,0.4295031428337097,5,5,5,4,1,1,0,1,1
G:\Thesis\FACET_Dataset\Segmented_FACET_0.2_fixed_label\sa_411527.jpg,8,8,7,2,0.4928393065929413,5,5,5,4,1,3,0,0,0
G:\Thesis\FACET_Dataset\Segmented_FACET_0.2_fixed_label\sa_6696049.jpg,6,6,5,1,0.24660766124725342,3,3,3,2,0,3,0,0,0
G:\Thesis\FACET_Dataset\Segmented_FACET_0.2_fixed_label\sa_4792156.jpg,2,2,1,0,0.09062641859054565,2,2,2,1,0,0,1,1,1
G:\Thesis\FACET_Dataset\Segmented_FACET_0.2_fixed_label\sa_3775087.jpg,1,1,0,0,0.24182406067848206,3,3,3,2,0,2,0,0,1
G:\Thesis\FACET_Dataset\Segmented_FACET_0.2_fixed_label\sa_7765443.jpg,3,3,2,0,0.7537896037101746,8,8,8,7,2,5,0,0,0
G:\Thesis\FACET_Dataset\Segmented_FACET_0.2_fixed_label\sa_4313183.jpg,2,2,1,0,0.5728004574775696,6,6,6,5,1,4,0,0,0
G:\Thesis\FACET_Dataset\Segmented_FACET_0.2_fixed_label\sa_2324234.jpg,5,5,4,1,0.42170634865760803,5,5,5,4,1,0,1,1,1
G:\Thesis\FACET_Dataset\Segmented_FACET_0.2_fixed_label\sa_10720806.jpg,2,2,1,0,0.18694807589054108,3,3,3,2,0,1,0,1,1
G:\Thesis\FACET_Dataset\Segmented_FACET_0.2_fixed_label\sa_8896258.jpg,5,5,4,1,0.3404063582420349,4,4,4,3,1,1,0,1,1
G:\Thesis\FACET_Dataset\Segmented_FACET_0.2_fixed_label\sa_8063728.jpg,5,5,4,1,0.275505930185318,3,3,3,2,0,2,0,0,0
G:\Thesis\FACET_Dataset\Segmented_FACET_0.2_fixed_label\sa_10456335.jpg,6,6,5,1,0.6924028992652893,7,7,7,6,1,1,0,1,1
G:\Thesis\FACET_Dataset\Segmented_FACET_0.2_fixed_label\sa_9987804.jpg,2,2,1,0,0.325874000787735,4,4,4,3,1,2,0,0,0
G:\Thesis\FACET_Dataset\Segmented_FACET_0.2_fixed_label\sa_5045589.jpg,6,6,5,1,0.19531308114528656,3,3,3,2,0,3,0,0,0
G:\Thesis\FACET_Dataset\Segmented_FACET_0.2_fixed_label\sa_1206887.jpg,7,7,6,1,0.5676412582397461,6,6,6,5,1,1,0,1,1
G:\Thesis\FACET_Dataset\Segmented_FACET_0.2_fixed_label\sa_619947.jpg,7,7,6,1,0.9404937624931335,9,9,9,8,2,2,0,0,0
G:\Thesis\FACET_Dataset\Segmented_FACET_0.2_fixed_label\sa_9454089.jpg,6,6,5,1,0.5337754487991333,6,6,6,5,1,0,1,1,1
G:\Thesis\FACET_Dataset\Segmented_FACET_0.2_fixed_label\sa_2393989.jpg,3,3,2,0,0.2690165936946869,3,3,3,2,0,0,1,1,1
G:\Thesis\FACET_Dataset\Segmented_FACET_0.2_fixed_label\sa_8437405.jpg,5,5,4,1,0.1470770686864853,2,2,2,1,0,3,0,0,0
G:\Thesis\FACET_Dataset\Segmented_FACET_0.2_fixed_label\sa_9218280.jpg,2,2,1,0,0.31589385867118835,4,4,4,3,1,2,0,0,0
G:\Thesis\FACET_Dataset\Segmented_FACET_0.2_fixed_label\sa_208837.jpg,4,4,3,1,0.4498496353626251,5,5,5,4,1,1,0,1,1
G:\Thesis\FACET_Dataset\Segmented_FACET_0.2_fixed_label\sa_7689007.jpg,1,1,0,0,0.45767760276794434,5,5,5,4,1,4,0,0,0
G:\Thesis\FACET_Dataset\Segmented_FACET_0.2_fixed_label\sa_10267437.jpg,3,3,2,0,0.6381704211235046,7,7,7,6,1,4,0,0,0
G:\Thesis\FACET_Dataset\Segmented_FACET_0.2_fixed_label\sa_3083931.jpg,4,4,3,1,0.20635373890399933,3,3,3,2,0,1,0,1,0
G:\Thesis\FACET_Dataset\Segmented_FACET_0.2_fixed_label\sa_8554933.jpg,5,5,4,1,0.06561845541000366,2,2,2,1,0,3,0,0,0
G:\Thesis\FACET_Dataset\Segmented_FACET_0.2_fixed_label\sa_704393.jpg,3,3,2,0,0.2406797558069229,3,3,3,2,0,0,1,1,1
G:\Thesis\FACET_Dataset\Segmented_FACET_0.2_fixed_label\sa_2590827.jpg,5,5,4,1,0.5198925733566284,6,6,6,5,1,1,0,1,1
G:\Thesis\FACET_Dataset\Segmented_FACET_0.2_fixed_label\sa_3385159.jpg,4,4,3,1,0.44619324803352356,5,5,5,4,1,1,0,1,1
G:\Thesis\FACET_Dataset\Segmented_FACET_0.2_fixed_label\sa_9546707.jpg,3,3,2,0,0.06425535678863525,2,2,2,1,0,1,0,1,1
G:\Thesis\FACET_Dataset\Segmented_FACET_0.2_fixed_label\sa_9343855.jpg,5,5,4,1,0.4125903248786926,5,5,5,4,1,0,1,1,1
G:\Thesis\FACET_Dataset\Segmented_FACET_0.2_fixed_label\sa_6695624.jpg,4,4,3,1,0.10135719925165176,2,2,2,1,0,2,0,0,0
G:\Thesis\FACET_Dataset\Segmented_FACET_0.2_fixed_label\sa_4544085.jpg,4,4,3,1,0.5064284205436707,6,6,6,5,1,2,0,0,1
G:\Thesis\FACET_Dataset\Segmented_FACET_0.2_fixed_label\sa_8293466.jpg,6,6,5,1,0.5033943057060242,6,6,6,5,1,0,1,1,1
G:\Thesis\FACET_Dataset\Segmented_FACET_0.2_fixed_label\sa_1202392.jpg,5,5,4,1,0.7447620630264282,8,8,8,7,2,3,0,0,0
G:\Thesis\FACET_Dataset\Segmented_FACET_0.2_fixed_label\sa_1648600.jpg,3,3,2,0,0.2938731610774994,4,4,4,3,1,1,0,1,0
G:\Thesis\FACET_Dataset\Segmented_FACET_0.2_fixed_label\sa_8904381.jpg,4,4,3,1,0.580495297908783,6,6,6,5,1,2,0,0,1
G:\Thesis\FACET_Dataset\Segmented_FACET_0.2_fixed_label\sa_7882255.jpg,2,2,1,0,0.36801889538764954,4,4,4,3,1,2,0,0,0
G:\Thesis\FACET_Dataset\Segmented_FACET_0.2_fixed_label\sa_3173210.jpg,3,3,2,0,0.48677870631217957,5,5,5,4,1,2,0,0,0
G:\Thesis\FACET_Dataset\Segmented_FACET_0.2_fixed_label\sa_3268349.jpg,3,3,2,0,0.44272083044052124,5,5,5,4,1,2,0,0,0
G:\Thesis\FACET_Dataset\Segmented_FACET_0.2_fixed_label\sa_2152898.jpg,3,3,2,0,0.05666932091116905,2,2,2,1,0,1,0,1,1
G:\Thesis\FACET_Dataset\Segmented_FACET_0.2_fixed_label\sa_2968574.jpg,3,3,2,0,0.07090894132852554,2,2,2,1,0,1,0,1,1
G:\Thesis\FACET_Dataset\Segmented_FACET_0.2_fixed_label\sa_10988208.jpg,2,2,1,0,0.3799339830875397,4,4,4,3,1,2,0,0,0
G:\Thesis\FACET_Dataset\Segmented_FACET_0.2_fixed_label\sa_11163732.jpg,5,5,4,1,0.5688835382461548,6,6,6,5,1,1,0,1,1
G:\Thesis\FACET_Dataset\Segmented_FACET_0.2_fixed_label\sa_2558271.jpg,6,6,5,1,0.36996257305145264,4,4,4,3,1,2,0,0,1
G:\Thesis\FACET_Dataset\Segmented_FACET_0.2_fixed_label\sa_4781667.jpg,5,5,4,1,0.5140331387519836,6,6,6,5,1,1,0,1,1
G:\Thesis\FACET_Dataset\Segmented_FACET_0.2_fixed_label\sa_10884287.jpg,2,2,1,0,0.49835389852523804,5,5,5,4,1,3,0,0,0
G:\Thesis\FACET_Dataset\Segmented_FACET_0.2_fixed_label\sa_5688024.jpg,3,3,2,0,0.9263665080070496,9,9,9,8,2,6,0,0,0
G:\Thesis\FACET_Dataset\Segmented_FACET_0.2_fixed_label\sa_7410480.jpg,2,2,1,0,0.19866390526294708,3,3,3,2,0,1,0,1,1
G:\Thesis\FACET_Dataset\Segmented_FACET_0.2_fixed_label\sa_2577444.jpg,3,3,2,0,0.8068834543228149,8,8,8,7,2,5,0,0,0
G:\Thesis\FACET_Dataset\Segmented_FACET_0.2_fixed_label\sa_3432349.jpg,1,1,0,0,0.013055901974439621,1,1,1,0,0,0,1,1,1
G:\Thesis\FACET_Dataset\Segmented_FACET_0.2_fixed_label\sa_7122408.jpg,4,4,3,1,0.06427586823701859,2,2,2,1,0,2,0,0,0
G:\Thesis\FACET_Dataset\Segmented_FACET_0.2_fixed_label\sa_10724087.jpg,8,8,7,2,0.9291537404060364,9,9,9,8,2,1,0,1,1
G:\Thesis\FACET_Dataset\Segmented_FACET_0.2_fixed_label\sa_4360530.jpg,2,2,1,0,0.21778137981891632,3,3,3,2,0,1,0,1,1
G:\Thesis\FACET_Dataset\Segmented_FACET_0.2_fixed_label\sa_6231023.jpg,3,3,2,0,0.2885974645614624,4,4,4,3,1,1,0,1,0
G:\Thesis\FACET_Dataset\Segmented_FACET_0.2_fixed_label\sa_5260864.jpg,3,3,2,0,0.4848219156265259,5,5,5,4,1,2,0,0,0
G:\Thesis\FACET_Dataset\Segmented_FACET_0.2_fixed_label\sa_9384747.jpg,4,4,3,1,0.46604278683662415,5,5,5,4,1,1,0,1,1
G:\Thesis\FACET_Dataset\Segmented_FACET_0.2_fixed_label\sa_11084494.jpg,2,2,1,0,0.46620017290115356,5,5,5,4,1,3,0,0,0
G:\Thesis\FACET_Dataset\Segmented_FACET_0.2_fixed_label\sa_3875043.jpg,5,5,4,1,0.104718416929245,2,2,2,1,0,3,0,0,0
G:\Thesis\FACET_Dataset\Segmented_FACET_0.2_fixed_label\sa_4808180.jpg,3,3,2,0,0.3668869137763977,4,4,4,3,1,1,0,1,0
G:\Thesis\FACET_Dataset\Segmented_FACET_0.2_fixed_label\sa_164655.jpg,3,3,2,0,0.46321791410446167,5,5,5,4,1,2,0,0,0
G:\Thesis\FACET_Dataset\Segmented_FACET_0.2_fixed_label\sa_6837217.jpg,3,3,2,0,0.4847235381603241,5,5,5,4,1,2,0,0,0
G:\Thesis\FACET_Dataset\Segmented_FACET_0.2_fixed_label\sa_5282613.jpg,8,8,7,2,0.8659586310386658,9,9,9,8,2,1,0,1,1
G:\Thesis\FACET_Dataset\Segmented_FACET_0.2_fixed_label\sa_6229908.jpg,3,3,2,0,0.05923941358923912,2,2,2,1,0,1,0,1,1
G:\Thesis\FACET_Dataset\Segmented_FACET_0.2_fixed_label\sa_6350051.jpg,2,2,1,0,0.4409019649028778,5,5,5,4,1,3,0,0,0
G:\Thesis\FACET_Dataset\Segmented_FACET_0.2_fixed_label\sa_8197673.jpg,3,3,2,0,0.43755361437797546,5,5,5,4,1,2,0,0,0
G:\Thesis\FACET_Dataset\Segmented_FACET_0.2_fixed_label\sa_5459786.jpg,2,2,1,0,0.5562506914138794,6,6,6,5,1,4,0,0,0
G:\Thesis\FACET_Dataset\Segmented_FACET_0.2_fixed_label\sa_3468583.jpg,6,6,5,1,0.6113070845603943,7,7,7,6,1,1,0,1,1
G:\Thesis\FACET_Dataset\Segmented_FACET_0.2_fixed_label\sa_6801416.jpg,6,6,5,1,0.5541003346443176,6,6,6,5,1,0,1,1,1
G:\Thesis\FACET_Dataset\Segmented_FACET_0.2_fixed_label\sa_10639296.jpg,7,7,6,1,0.10879067331552505,2,2,2,1,0,5,0,0,0
G:\Thesis\FACET_Dataset\Segmented_FACET_0.2_fixed_label\sa_700587.jpg,7,7,6,1,0.5581168532371521,6,6,6,5,1,1,0,1,1
G:\Thesis\FACET_Dataset\Segmented_FACET_0.2_fixed_label\sa_9159113.jpg,4,4,3,1,0.11493773013353348,2,2,2,1,0,2,0,0,0
G:\Thesis\FACET_Dataset\Segmented_FACET_0.2_fixed_label\sa_4518361.jpg,7,7,6,1,0.5101214647293091,6,6,6,5,1,1,0,1,1
G:\Thesis\FACET_Dataset\Segmented_FACET_0.2_fixed_label\sa_9940945.jpg,5,5,4,1,0.43874290585517883,5,5,5,4,1,0,1,1,1
G:\Thesis\FACET_Dataset\Segmented_FACET_0.2_fixed_label\sa_3498011.jpg,5,5,4,1,0.49299466609954834,5,5,5,4,1,0,1,1,1
G:\Thesis\FACET_Dataset\Segmented_FACET_0.2_fixed_label\sa_3063578.jpg,2,2,1,0,0.0652415007352829,2,2,2,1,0,0,1,1,1
G:\Thesis\FACET_Dataset\Segmented_FACET_0.2_fixed_label\sa_1085632.jpg,3,3,2,0,0.14700919389724731,2,2,2,1,0,1,0,1,1
G:\Thesis\FACET_Dataset\Segmented_FACET_0.2_fixed_label\sa_1649830.jpg,6,6,5,1,0.6755414009094238,7,7,7,6,1,1,0,1,1
G:\Thesis\FACET_Dataset\Segmented_FACET_0.2_fixed_label\sa_7841522.jpg,6,6,5,1,0.8038906455039978,8,8,8,7,2,2,0,0,0
G:\Thesis\FACET_Dataset\Segmented_FACET_0.2_fixed_label\sa_2257401.jpg,4,4,3,1,0.2547711133956909,3,3,3,2,0,1,0,1,0
G:\Thesis\FACET_Dataset\Segmented_FACET_0.2_fixed_label\sa_3488835.jpg,3,3,2,0,0.4527437388896942,5,5,5,4,1,2,0,0,0
G:\Thesis\FACET_Dataset\Segmented_FACET_0.2_fixed_label\sa_6181577.jpg,7,7,6,1,0.4930016100406647,5,5,5,4,1,2,0,0,1
G:\Thesis\FACET_Dataset\Segmented_FACET_0.2_fixed_label\sa_7910640.jpg,9,9,8,2,0.7857305407524109,8,8,8,7,2,1,0,1,1
G:\Thesis\FACET_Dataset\Segmented_FACET_0.2_fixed_label\sa_285591.jpg,2,2,1,0,0.26991260051727295,3,3,3,2,0,1,0,1,1
G:\Thesis\FACET_Dataset\Segmented_FACET_0.2_fixed_label\sa_7080856.jpg,3,3,2,0,0.40947428345680237,5,5,5,4,1,2,0,0,0
G:\Thesis\FACET_Dataset\Segmented_FACET_0.2_fixed_label\sa_4931458.jpg,4,4,3,1,0.3412022590637207,4,4,4,3,1,0,1,1,1
G:\Thesis\FACET_Dataset\Segmented_FACET_0.2_fixed_label\sa_9336068.jpg,2,2,1,0,0.282086044549942,4,4,4,3,1,2,0,0,0
G:\Thesis\FACET_Dataset\Segmented_FACET_0.2_fixed_label\sa_3130679.jpg,7,7,6,1,0.5733010768890381,6,6,6,5,1,1,0,1,1
G:\Thesis\FACET_Dataset\Segmented_FACET_0.2_fixed_label\sa_4596018.jpg,3,3,2,0,0.0074745831079781055,1,1,1,0,0,2,0,0,1
G:\Thesis\FACET_Dataset\Segmented_FACET_0.2_fixed_label\sa_116856.jpg,2,2,1,0,0.11671572923660278,2,2,2,1,0,0,1,1,1
G:\Thesis\FACET_Dataset\Segmented_FACET_0.2_fixed_label\sa_10174018.jpg,5,5,4,1,0.38777977228164673,4,4,4,3,1,1,0,1,1
G:\Thesis\FACET_Dataset\Segmented_FACET_0.2_fixed_label\sa_7425073.jpg,3,3,2,0,0.4691086411476135,5,5,5,4,1,2,0,0,0
G:\Thesis\FACET_Dataset\Segmented_FACET_0.2_fixed_label\sa_2854264.jpg,1,1,0,0,0.01597549207508564,1,1,1,0,0,0,1,1,1
G:\Thesis\FACET_Dataset\Segmented_FACET_0.2_fixed_label\sa_3342345.jpg,3,3,2,0,0.15391075611114502,2,2,2,1,0,1,0,1,1
G:\Thesis\FACET_Dataset\Segmented_FACET_0.2_fixed_label\sa_6496164.jpg,2,2,1,0,0.09837177395820618,2,2,2,1,0,0,1,1,1
G:\Thesis\FACET_Dataset\Segmented_FACET_0.2_fixed_label\sa_1019131.jpg,5,5,4,1,0.14873716235160828,2,2,2,1,0,3,0,0,0
G:\Thesis\FACET_Dataset\Segmented_FACET_0.2_fixed_label\sa_9463288.jpg,6,6,5,1,0.4167134165763855,5,5,5,4,1,1,0,1,1
G:\Thesis\FACET_Dataset\Segmented_FACET_0.2_fixed_label\sa_8493050.jpg,3,3,2,0,0.39571645855903625,5,5,5,4,1,2,0,0,0
G:\Thesis\FACET_Dataset\Segmented_FACET_0.2_fixed_label\sa_3462857.jpg,3,3,2,0,0.37778061628341675,4,4,4,3,1,1,0,1,0
G:\Thesis\FACET_Dataset\Segmented_FACET_0.2_fixed_label\sa_10174351.jpg,5,5,4,1,0.2812337875366211,4,4,4,3,1,1,0,1,1
G:\Thesis\FACET_Dataset\Segmented_FACET_0.2_fixed_label\sa_395957.jpg,4,4,3,1,0.45157554745674133,5,5,5,4,1,1,0,1,1
G:\Thesis\FACET_Dataset\Segmented_FACET_0.2_fixed_label\sa_3349120.jpg,2,2,1,0,0.13808634877204895,2,2,2,1,0,0,1,1,1
G:\Thesis\FACET_Dataset\Segmented_FACET_0.2_fixed_label\sa_4883278.jpg,3,3,2,0,0.2158472239971161,3,3,3,2,0,0,1,1,1
G:\Thesis\FACET_Dataset\Segmented_FACET_0.2_fixed_label\sa_1754250.jpg,3,3,2,0,0.3492022752761841,4,4,4,3,1,1,0,1,0
G:\Thesis\FACET_Dataset\Segmented_FACET_0.2_fixed_label\sa_9623538.jpg,5,5,4,1,0.21016612648963928,3,3,3,2,0,2,0,0,0
G:\Thesis\FACET_Dataset\Segmented_FACET_0.2_fixed_label\sa_6864676.jpg,5,5,4,1,0.16022886335849762,2,2,2,1,0,3,0,0,0
G:\Thesis\FACET_Dataset\Segmented_FACET_0.2_fixed_label\sa_3528102.jpg,7,7,6,1,0.47766947746276855,5,5,5,4,1,2,0,0,1
G:\Thesis\FACET_Dataset\Segmented_FACET_0.2_fixed_label\sa_3427390.jpg,5,5,4,1,0.6316348314285278,7,7,7,6,1,2,0,0,1
G:\Thesis\FACET_Dataset\Segmented_FACET_0.2_fixed_label\sa_5720992.jpg,5,5,4,1,0.48988884687423706,5,5,5,4,1,0,1,1,1
G:\Thesis\FACET_Dataset\Segmented_FACET_0.2_fixed_label\sa_5898213.jpg,3,3,2,0,0.5035696029663086,6,6,6,5,1,3,0,0,0
G:\Thesis\FACET_Dataset\Segmented_FACET_0.2_fixed_label\sa_8427177.jpg,3,3,2,0,0.2627636790275574,3,3,3,2,0,0,1,1,1
G:\Thesis\FACET_Dataset\Segmented_FACET_0.2_fixed_label\sa_2441429.jpg,2,2,1,0,0.09807667881250381,2,2,2,1,0,0,1,1,1
G:\Thesis\FACET_Dataset\Segmented_FACET_0.2_fixed_label\sa_1083087.jpg,6,6,5,1,0.76108318567276,8,8,8,7,2,2,0,0,0
G:\Thesis\FACET_Dataset\Segmented_FACET_0.2_fixed_label\sa_3841968.jpg,2,2,1,0,0.26600879430770874,3,3,3,2,0,1,0,1,1
G:\Thesis\FACET_Dataset\Segmented_FACET_0.2_fixed_label\sa_5493425.jpg,6,6,5,1,0.3976188600063324,5,5,5,4,1,1,0,1,1
G:\Thesis\FACET_Dataset\Segmented_FACET_0.2_fixed_label\sa_7635564.jpg,3,3,2,0,0.2823617458343506,4,4,4,3,1,1,0,1,0
G:\Thesis\FACET_Dataset\Segmented_FACET_0.2_fixed_label\sa_8142394.jpg,3,3,2,0,0.46142059564590454,5,5,5,4,1,2,0,0,0
G:\Thesis\FACET_Dataset\Segmented_FACET_0.2_fixed_label\sa_4169142.jpg,7,7,6,1,0.5169554948806763,6,6,6,5,1,1,0,1,1
G:\Thesis\FACET_Dataset\Segmented_FACET_0.2_fixed_label\sa_5735246.jpg,3,3,2,0,0.33218416571617126,4,4,4,3,1,1,0,1,0
G:\Thesis\FACET_Dataset\Segmented_FACET_0.2_fixed_label\sa_11038125.jpg,2,2,1,0,0.3602643609046936,4,4,4,3,1,2,0,0,0
G:\Thesis\FACET_Dataset\Segmented_FACET_0.2_fixed_label\sa_4069391.jpg,6,6,5,1,0.4996177554130554,5,5,5,4,1,1,0,1,1
G:\Thesis\FACET_Dataset\Segmented_FACET_0.2_fixed_label\sa_5075984.jpg,7,7,6,1,0.5080146789550781,6,6,6,5,1,1,0,1,1
G:\Thesis\FACET_Dataset\Segmented_FACET_0.2_fixed_label\sa_4678099.jpg,6,6,5,1,0.540024995803833,6,6,6,5,1,0,1,1,1
G:\Thesis\FACET_Dataset\Segmented_FACET_0.2_fixed_label\sa_3478678.jpg,8,8,7,2,0.42596936225891113,5,5,5,4,1,3,0,0,0
G:\Thesis\FACET_Dataset\Segmented_FACET_0.2_fixed_label\sa_3130679.jpg,5,5,4,1,0.5733010768890381,6,6,6,5,1,1,0,1,1
G:\Thesis\FACET_Dataset\Segmented_FACET_0.2_fixed_label\sa_10811834.jpg,3,3,2,0,0.3444441556930542,4,4,4,3,1,1,0,1,0
G:\Thesis\FACET_Dataset\Segmented_FACET_0.2_fixed_label\sa_139877.jpg,6,6,5,1,0.3034503757953644,4,4,4,3,1,2,0,0,1
G:\Thesis\FACET_Dataset\Segmented_FACET_0.2_fixed_label\sa_5176932.jpg,1,1,0,0,0.041741177439689636,1,1,1,0,0,0,1,1,1
G:\Thesis\FACET_Dataset\Segmented_FACET_0.2_fixed_label\sa_8344021.jpg,2,2,1,0,0.3855191469192505,4,4,4,3,1,2,0,0,0
G:\Thesis\FACET_Dataset\Segmented_FACET_0.2_fixed_label\sa_9110194.jpg,4,4,3,1,0.3136325776576996,4,4,4,3,1,0,1,1,1
G:\Thesis\FACET_Dataset\Segmented_FACET_0.2_fixed_label\sa_4012126.jpg,4,4,3,1,0.41259145736694336,5,5,5,4,1,1,0,1,1
G:\Thesis\FACET_Dataset\Segmented_FACET_0.2_fixed_label\sa_144272.jpg,5,5,4,1,0.18994972109794617,3,3,3,2,0,2,0,0,0
G:\Thesis\FACET_Dataset\Segmented_FACET_0.2_fixed_label\sa_8836682.jpg,9,9,8,2,0.5354625582695007,6,6,6,5,1,3,0,0,0
G:\Thesis\FACET_Dataset\Segmented_FACET_0.2_fixed_label\sa_5966367.jpg,2,2,1,0,0.25258055329322815,3,3,3,2,0,1,0,1,1
G:\Thesis\FACET_Dataset\Segmented_FACET_0.2_fixed_label\sa_7474623.jpg,5,5,4,1,0.2754496932029724,3,3,3,2,0,2,0,0,0
G:\Thesis\FACET_Dataset\Segmented_FACET_0.2_fixed_label\sa_10417254.jpg,4,4,3,1,0.2444147914648056,3,3,3,2,0,1,0,1,0
G:\Thesis\FACET_Dataset\Segmented_FACET_0.2_fixed_label\sa_975478.jpg,3,3,2,0,0.3747953474521637,4,4,4,3,1,1,0,1,0
G:\Thesis\FACET_Dataset\Segmented_FACET_0.2_fixed_label\sa_8408637.jpg,3,3,2,0,0.19865289330482483,3,3,3,2,0,0,1,1,1
G:\Thesis\FACET_Dataset\Segmented_FACET_0.2_fixed_label\sa_43021.jpg,2,2,1,0,0.27852046489715576,4,4,4,3,1,2,0,0,0
G:\Thesis\FACET_Dataset\Segmented_FACET_0.2_fixed_label\sa_756675.jpg,4,4,3,1,0.06246226280927658,2,2,2,1,0,2,0,0,0
G:\Thesis\FACET_Dataset\Segmented_FACET_0.2_fixed_label\sa_8514320.jpg,4,4,3,1,0.5116499662399292,6,6,6,5,1,2,0,0,1
G:\Thesis\FACET_Dataset\Segmented_FACET_0.2_fixed_label\sa_684150.jpg,3,3,2,0,0.12952907383441925,2,2,2,1,0,1,0,1,1
G:\Thesis\FACET_Dataset\Segmented_FACET_0.2_fixed_label\sa_8759833.jpg,2,2,1,0,0.4841352105140686,5,5,5,4,1,3,0,0,0
G:\Thesis\FACET_Dataset\Segmented_FACET_0.2_fixed_label\sa_2952491.jpg,6,6,5,1,0.4283883571624756,5,5,5,4,1,1,0,1,1
G:\Thesis\FACET_Dataset\Segmented_FACET_0.2_fixed_label\sa_3743004.jpg,5,5,4,1,0.08231883496046066,2,2,2,1,0,3,0,0,0
G:\Thesis\FACET_Dataset\Segmented_FACET_0.2_fixed_label\sa_8671362.jpg,3,3,2,0,0.5476855039596558,6,6,6,5,1,3,0,0,0
G:\Thesis\FACET_Dataset\Segmented_FACET_0.2_fixed_label\sa_4512725.jpg,4,4,3,1,0.3198895752429962,4,4,4,3,1,0,1,1,1
G:\Thesis\FACET_Dataset\Segmented_FACET_0.2_fixed_label\sa_10881675.jpg,7,7,6,1,0.6882236003875732,7,7,7,6,1,0,1,1,1
G:\Thesis\FACET_Dataset\Segmented_FACET_0.2_fixed_label\sa_10480752.jpg,3,3,2,0,0.7127211093902588,7,7,7,6,1,4,0,0,0
G:\Thesis\FACET_Dataset\Segmented_FACET_0.2_fixed_label\sa_7975682.jpg,3,3,2,0,0.19560325145721436,3,3,3,2,0,0,1,1,1
G:\Thesis\FACET_Dataset\Segmented_FACET_0.2_fixed_label\sa_6101481.jpg,4,4,3,1,0.1929430067539215,3,3,3,2,0,1,0,1,0
G:\Thesis\FACET_Dataset\Segmented_FACET_0.2_fixed_label\sa_7405457.jpg,2,2,1,0,0.08241713792085648,2,2,2,1,0,0,1,1,1
G:\Thesis\FACET_Dataset\Segmented_FACET_0.2_fixed_label\sa_6761319.jpg,7,7,6,1,0.6275189518928528,7,7,7,6,1,0,1,1,1
G:\Thesis\FACET_Dataset\Segmented_FACET_0.2_fixed_label\sa_11041036.jpg,2,2,1,0,0.14123836159706116,2,2,2,1,0,0,1,1,1
G:\Thesis\FACET_Dataset\Segmented_FACET_0.2_fixed_label\sa_721088.jpg,2,2,1,0,0.10589464008808136,2,2,2,1,0,0,1,1,1
G:\Thesis\FACET_Dataset\Segmented_FACET_0.2_fixed_label\sa_10621873.jpg,3,3,2,0,0.2963539659976959,4,4,4,3,1,1,0,1,0
G:\Thesis\FACET_Dataset\Segmented_FACET_0.2_fixed_label\sa_2485477.jpg,5,5,4,1,0.2672562301158905,3,3,3,2,0,2,0,0,0
G:\Thesis\FACET_Dataset\Segmented_FACET_0.2_fixed_label\sa_4352310.jpg,3,3,2,0,0.3458084762096405,4,4,4,3,1,1,0,1,0
G:\Thesis\FACET_Dataset\Segmented_FACET_0.2_fixed_label\sa_6458048.jpg,3,3,2,0,0.3229842483997345,4,4,4,3,1,1,0,1,0
G:\Thesis\FACET_Dataset\Segmented_FACET_0.2_fixed_label\sa_10802327.jpg,2,2,1,0,0.16370533406734467,2,2,2,1,0,0,1,1,1
G:\Thesis\FACET_Dataset\Segmented_FACET_0.2_fixed_label\sa_1229254.jpg,3,3,2,0,0.285273939371109,4,4,4,3,1,1,0,1,0
G:\Thesis\FACET_Dataset\Segmented_FACET_0.2_fixed_label\sa_3176102.jpg,3,3,2,0,0.09436237812042236,2,2,2,1,0,1,0,1,1
G:\Thesis\FACET_Dataset\Segmented_FACET_0.2_fixed_label\sa_6069199.jpg,7,7,6,1,0.4015461802482605,5,5,5,4,1,2,0,0,1
G:\Thesis\FACET_Dataset\Segmented_FACET_0.2_fixed_label\sa_3625603.jpg,3,3,2,0,0.21566833555698395,3,3,3,2,0,0,1,1,1
G:\Thesis\FACET_Dataset\Segmented_FACET_0.2_fixed_label\sa_832972.jpg,3,3,2,0,0.014564882963895798,1,1,1,0,0,2,0,0,1
G:\Thesis\FACET_Dataset\Segmented_FACET_0.2_fixed_label\sa_10498237.jpg,2,2,1,0,0.3500280976295471,4,4,4,3,1,2,0,0,0
G:\Thesis\FACET_Dataset\Segmented_FACET_0.2_fixed_label\sa_8748882.jpg,5,5,4,1,0.36559760570526123,4,4,4,3,1,1,0,1,1
G:\Thesis\FACET_Dataset\Segmented_FACET_0.2_fixed_label\sa_5717218.jpg,4,4,3,1,0.061311013996601105,2,2,2,1,0,2,0,0,0
G:\Thesis\FACET_Dataset\Segmented_FACET_0.2_fixed_label\sa_10003058.jpg,5,5,4,1,0.418356716632843,5,5,5,4,1,0,1,1,1
G:\Thesis\FACET_Dataset\Segmented_FACET_0.2_fixed_label\sa_1541786.jpg,5,5,4,1,0.5440328121185303,6,6,6,5,1,1,0,1,1
G:\Thesis\FACET_Dataset\Segmented_FACET_0.2_fixed_label\sa_10899468.jpg,3,3,2,0,0.21450483798980713,3,3,3,2,0,0,1,1,1
G:\Thesis\FACET_Dataset\Segmented_FACET_0.2_fixed_label\sa_4185296.jpg,4,4,3,1,0.2546917796134949,3,3,3,2,0,1,0,1,0
G:\Thesis\FACET_Dataset\Segmented_FACET_0.2_fixed_label\sa_8313980.jpg,4,4,3,1,0.19099652767181396,3,3,3,2,0,1,0,1,0
G:\Thesis\FACET_Dataset\Segmented_FACET_0.2_fixed_label\sa_6578720.jpg,2,2,1,0,0.24555854499340057,3,3,3,2,0,1,0,1,1
G:\Thesis\FACET_Dataset\Segmented_FACET_0.2_fixed_label\sa_7853872.jpg,3,3,2,0,0.017853127792477608,1,1,1,0,0,2,0,0,1
G:\Thesis\FACET_Dataset\Segmented_FACET_0.2_fixed_label\sa_3177886.jpg,4,4,3,1,0.3198810815811157,4,4,4,3,1,0,1,1,1
G:\Thesis\FACET_Dataset\Segmented_FACET_0.2_fixed_label\sa_7828662.jpg,4,4,3,1,0.23547092080116272,3,3,3,2,0,1,0,1,0
G:\Thesis\FACET_Dataset\Segmented_FACET_0.2_fixed_label\sa_10329456.jpg,2,2,1,0,0.02469521015882492,1,1,1,0,0,1,0,1,1
G:\Thesis\FACET_Dataset\Segmented_FACET_0.2_fixed_label\sa_3699842.jpg,3,3,2,0,0.0887199118733406,2,2,2,1,0,1,0,1,1
G:\Thesis\FACET_Dataset\Segmented_FACET_0.2_fixed_label\sa_2377855.jpg,8,8,7,2,0.5014570355415344,6,6,6,5,1,2,0,0,0
G:\Thesis\FACET_Dataset\Segmented_FACET_0.2_fixed_label\sa_8690131.jpg,5,5,4,1,0.016430720686912537,1,1,1,0,0,4,0,0,0
G:\Thesis\FACET_Dataset\Segmented_FACET_0.2_fixed_label\sa_3921809.jpg,5,5,4,1,0.14269839227199554,2,2,2,1,0,3,0,0,0
G:\Thesis\FACET_Dataset\Segmented_FACET_0.2_fixed_label\sa_2684937.jpg,2,2,1,0,0.5070856809616089,6,6,6,5,1,4,0,0,0
G:\Thesis\FACET_Dataset\Segmented_FACET_0.2_fixed_label\sa_9354391.jpg,3,3,2,0,0.43757060170173645,5,5,5,4,1,2,0,0,0
G:\Thesis\FACET_Dataset\Segmented_FACET_0.2_fixed_label\sa_9564189.jpg,2,2,1,0,0.1702955961227417,3,3,3,2,0,1,0,1,1
G:\Thesis\FACET_Dataset\Segmented_FACET_0.2_fixed_label\sa_8250972.jpg,6,6,5,1,0.5069456696510315,6,6,6,5,1,0,1,1,1
G:\Thesis\FACET_Dataset\Segmented_FACET_0.2_fixed_label\sa_585794.jpg,4,4,3,1,0.5283745527267456,6,6,6,5,1,2,0,0,1
G:\Thesis\FACET_Dataset\Segmented_FACET_0.2_fixed_label\sa_3152909.jpg,3,3,2,0,0.29686468839645386,4,4,4,3,1,1,0,1,0
G:\Thesis\FACET_Dataset\Segmented_FACET_0.2_fixed_label\sa_3135328.jpg,5,5,4,1,0.533186674118042,6,6,6,5,1,1,0,1,1
G:\Thesis\FACET_Dataset\Segmented_FACET_0.2_fixed_label\sa_4588306.jpg,2,2,1,0,0.13308274745941162,2,2,2,1,0,0,1,1,1
G:\Thesis\FACET_Dataset\Segmented_FACET_0.2_fixed_label\sa_1996974.jpg,5,5,4,1,0.12709034979343414,2,2,2,1,0,3,0,0,0
G:\Thesis\FACET_Dataset\Segmented_FACET_0.2_fixed_label\sa_2889760.jpg,6,6,5,1,0.6979745030403137,7,7,7,6,1,1,0,1,1
G:\Thesis\FACET_Dataset\Segmented_FACET_0.2_fixed_label\sa_1978583.jpg,5,5,4,1,0.26128724217414856,3,3,3,2,0,2,0,0,0
G:\Thesis\FACET_Dataset\Segmented_FACET_0.2_fixed_label\sa_10002712.jpg,4,4,3,1,0.5208477973937988,6,6,6,5,1,2,0,0,1
G:\Thesis\FACET_Dataset\Segmented_FACET_0.2_fixed_label\sa_5999444.jpg,6,6,5,1,0.4612880349159241,5,5,5,4,1,1,0,1,1
G:\Thesis\FACET_Dataset\Segmented_FACET_0.2_fixed_label\sa_5858945.jpg,4,4,3,1,0.19233739376068115,3,3,3,2,0,1,0,1,0
G:\Thesis\FACET_Dataset\Segmented_FACET_0.2_fixed_label\sa_3627160.jpg,3,3,2,0,0.6797595620155334,7,7,7,6,1,4,0,0,0
G:\Thesis\FACET_Dataset\Segmented_FACET_0.2_fixed_label\sa_6812175.jpg,3,3,2,0,0.10350465774536133,2,2,2,1,0,1,0,1,1
G:\Thesis\FACET_Dataset\Segmented_FACET_0.2_fixed_label\sa_9563959.jpg,3,3,2,0,0.05997520312666893,2,2,2,1,0,1,0,1,1
G:\Thesis\FACET_Dataset\Segmented_FACET_0.2_fixed_label\sa_4521162.jpg,3,3,2,0,0.47949841618537903,5,5,5,4,1,2,0,0,0
G:\Thesis\FACET_Dataset\Segmented_FACET_0.2_fixed_label\sa_10001648.jpg,6,6,5,1,0.31430837512016296,4,4,4,3,1,2,0,0,1
G:\Thesis\FACET_Dataset\Segmented_FACET_0.2_fixed_label\sa_801379.jpg,4,4,3,1,0.7434252500534058,8,8,8,7,2,4,0,0,0
G:\Thesis\FACET_Dataset\Segmented_FACET_0.2_fixed_label\sa_6546235.jpg,6,6,5,1,0.5157155394554138,6,6,6,5,1,0,1,1,1
G:\Thesis\FACET_Dataset\Segmented_FACET_0.2_fixed_label\sa_2411349.jpg,4,4,3,1,0.38008132576942444,4,4,4,3,1,0,1,1,1
G:\Thesis\FACET_Dataset\Segmented_FACET_0.2_fixed_label\sa_10821561.jpg,3,3,2,0,0.41499418020248413,5,5,5,4,1,2,0,0,0
G:\Thesis\FACET_Dataset\Segmented_FACET_0.2_fixed_label\sa_1041700.jpg,2,2,1,0,0.2379208356142044,3,3,3,2,0,1,0,1,1
G:\Thesis\FACET_Dataset\Segmented_FACET_0.2_fixed_label\sa_10964667.jpg,3,3,2,0,0.7584688663482666,8,8,8,7,2,5,0,0,0
G:\Thesis\FACET_Dataset\Segmented_FACET_0.2_fixed_label\sa_3275694.jpg,6,6,5,1,0.44606494903564453,5,5,5,4,1,1,0,1,1
G:\Thesis\FACET_Dataset\Segmented_FACET_0.2_fixed_label\sa_5982826.jpg,8,8,7,2,0.8897610306739807,9,9,9,8,2,1,0,1,1
G:\Thesis\FACET_Dataset\Segmented_FACET_0.2_fixed_label\sa_4407036.jpg,1,1,0,0,0.8339053392410278,9,9,9,8,2,8,0,0,0
G:\Thesis\FACET_Dataset\Segmented_FACET_0.2_fixed_label\sa_10189697.jpg,7,7,6,1,0.6176744103431702,7,7,7,6,1,0,1,1,1
G:\Thesis\FACET_Dataset\Segmented_FACET_0.2_fixed_label\sa_8011527.jpg,2,2,1,0,0.0720311850309372,2,2,2,1,0,0,1,1,1
G:\Thesis\FACET_Dataset\Segmented_FACET_0.2_fixed_label\sa_273420.jpg,4,4,3,1,0.12921085953712463,2,2,2,1,0,2,0,0,0
G:\Thesis\FACET_Dataset\Segmented_FACET_0.2_fixed_label\sa_1809016.jpg,4,4,3,1,0.4957832396030426,5,5,5,4,1,1,0,1,1
G:\Thesis\FACET_Dataset\Segmented_FACET_0.2_fixed_label\sa_8448924.jpg,7,7,6,1,0.17151789367198944,3,3,3,2,0,4,0,0,0
G:\Thesis\FACET_Dataset\Segmented_FACET_0.2_fixed_label\sa_4781192.jpg,2,2,1,0,0.3570140600204468,4,4,4,3,1,2,0,0,0
G:\Thesis\FACET_Dataset\Segmented_FACET_0.2_fixed_label\sa_2278640.jpg,2,2,1,0,0.25891777873039246,3,3,3,2,0,1,0,1,1
G:\Thesis\FACET_Dataset\Segmented_FACET_0.2_fixed_label\sa_7429624.jpg,6,6,5,1,0.4901752471923828,5,5,5,4,1,1,0,1,1
G:\Thesis\FACET_Dataset\Segmented_FACET_0.2_fixed_label\sa_3973611.jpg,4,4,3,1,0.3276352882385254,4,4,4,3,1,0,1,1,1
G:\Thesis\FACET_Dataset\Segmented_FACET_0.2_fixed_label\sa_4586335.jpg,3,3,2,0,0.46993663907051086,5,5,5,4,1,2,0,0,0
G:\Thesis\FACET_Dataset\Segmented_FACET_0.2_fixed_label\sa_7237800.jpg,7,7,6,1,0.4886249601840973,5,5,5,4,1,2,0,0,1
G:\Thesis\FACET_Dataset\Segmented_FACET_0.2_fixed_label\sa_2965847.jpg,5,5,4,1,0.4457685351371765,5,5,5,4,1,0,1,1,1
G:\Thesis\FACET_Dataset\Segmented_FACET_0.2_fixed_label\sa_10267437.jpg,4,4,3,1,0.6381704211235046,7,7,7,6,1,3,0,0,1
G:\Thesis\FACET_Dataset\Segmented_FACET_0.2_fixed_label\sa_1874625.jpg,4,4,3,1,0.5012011528015137,6,6,6,5,1,2,0,0,1
G:\Thesis\FACET_Dataset\Segmented_FACET_0.2_fixed_label\sa_10782000.jpg,7,7,6,1,0.8975209593772888,9,9,9,8,2,2,0,0,0
G:\Thesis\FACET_Dataset\Segmented_FACET_0.2_fixed_label\sa_3681103.jpg,3,3,2,0,0.01681327633559704,1,1,1,0,0,2,0,0,1
G:\Thesis\FACET_Dataset\Segmented_FACET_0.2_fixed_label\sa_7491961.jpg,4,4,3,1,0.230566143989563,3,3,3,2,0,1,0,1,0
G:\Thesis\FACET_Dataset\Segmented_FACET_0.2_fixed_label\sa_3841968.jpg,5,5,4,1,0.26600879430770874,3,3,3,2,0,2,0,0,0
G:\Thesis\FACET_Dataset\Segmented_FACET_0.2_fixed_label\sa_5158655.jpg,7,7,6,1,0.6093401312828064,6,6,6,5,1,1,0,1,1
G:\Thesis\FACET_Dataset\Segmented_FACET_0.2_fixed_label\sa_1249342.jpg,4,4,3,1,0.4963584542274475,5,5,5,4,1,1,0,1,1
G:\Thesis\FACET_Dataset\Segmented_FACET_0.2_fixed_label\sa_1105627.jpg,3,3,2,0,0.0890263095498085,2,2,2,1,0,1,0,1,1
G:\Thesis\FACET_Dataset\Segmented_FACET_0.2_fixed_label\sa_2785970.jpg,3,3,2,0,0.3889293968677521,5,5,5,4,1,2,0,0,0
G:\Thesis\FACET_Dataset\Segmented_FACET_0.2_fixed_label\sa_1170848.jpg,3,3,2,0,0.5532090067863464,6,6,6,5,1,3,0,0,0
G:\Thesis\FACET_Dataset\Segmented_FACET_0.2_fixed_label\sa_196464.jpg,8,8,7,2,0.6184502243995667,7,7,7,6,1,1,0,1,0
G:\Thesis\FACET_Dataset\Segmented_FACET_0.2_fixed_label\sa_6229908.jpg,2,2,1,0,0.05923941358923912,2,2,2,1,0,0,1,1,1
G:\Thesis\FACET_Dataset\Segmented_FACET_0.2_fixed_label\sa_6353199.jpg,2,2,1,0,0.19480958580970764,3,3,3,2,0,1,0,1,1
G:\Thesis\FACET_Dataset\Segmented_FACET_0.2_fixed_label\sa_9249401.jpg,3,3,2,0,0.2959839999675751,4,4,4,3,1,1,0,1,0
G:\Thesis\FACET_Dataset\Segmented_FACET_0.2_fixed_label\sa_639715.jpg,5,5,4,1,0.48887351155281067,5,5,5,4,1,0,1,1,1
G:\Thesis\FACET_Dataset\Segmented_FACET_0.2_fixed_label\sa_4528508.jpg,5,5,4,1,0.44714394211769104,5,5,5,4,1,0,1,1,1
G:\Thesis\FACET_Dataset\Segmented_FACET_0.2_fixed_label\sa_10022161.jpg,2,2,1,0,0.27445900440216064,3,3,3,2,0,1,0,1,1
G:\Thesis\FACET_Dataset\Segmented_FACET_0.2_fixed_label\sa_7060267.jpg,2,2,1,0,0.15855957567691803,2,2,2,1,0,0,1,1,1
G:\Thesis\FACET_Dataset\Segmented_FACET_0.2_fixed_label\sa_7771062.jpg,3,3,2,0,0.5824369788169861,6,6,6,5,1,3,0,0,0
G:\Thesis\FACET_Dataset\Segmented_FACET_0.2_fixed_label\sa_1886950.jpg,8,8,7,2,0.5396336317062378,6,6,6,5,1,2,0,0,0
G:\Thesis\FACET_Dataset\Segmented_FACET_0.2_fixed_label\sa_3065809.jpg,5,5,4,1,0.5675839781761169,6,6,6,5,1,1,0,1,1
G:\Thesis\FACET_Dataset\Segmented_FACET_0.2_fixed_label\sa_6533539.jpg,6,6,5,1,0.7467108964920044,8,8,8,7,2,2,0,0,0
G:\Thesis\FACET_Dataset\Segmented_FACET_0.2_fixed_label\sa_8867275.jpg,2,2,1,0,0.16216668486595154,2,2,2,1,0,0,1,1,1
G:\Thesis\FACET_Dataset\Segmented_FACET_0.2_fixed_label\sa_6418033.jpg,4,4,3,1,0.6941304206848145,7,7,7,6,1,3,0,0,1
G:\Thesis\FACET_Dataset\Segmented_FACET_0.2_fixed_label\sa_7680187.jpg,2,2,1,0,0.19549225270748138,3,3,3,2,0,1,0,1,1
G:\Thesis\FACET_Dataset\Segmented_FACET_0.2_fixed_label\sa_9665972.jpg,2,2,1,0,0.05863802134990692,2,2,2,1,0,0,1,1,1
G:\Thesis\FACET_Dataset\Segmented_FACET_0.2_fixed_label\sa_2320381.jpg,3,3,2,0,0.357540488243103,4,4,4,3,1,1,0,1,0
G:\Thesis\FACET_Dataset\Segmented_FACET_0.2_fixed_label\sa_9152044.jpg,4,4,3,1,0.3364812731742859,4,4,4,3,1,0,1,1,1
G:\Thesis\FACET_Dataset\Segmented_FACET_0.2_fixed_label\sa_6106860.jpg,2,2,1,0,0.04581524804234505,1,1,1,0,0,1,0,1,1
G:\Thesis\FACET_Dataset\Segmented_FACET_0.2_fixed_label\sa_4835154.jpg,5,5,4,1,0.27664390206336975,3,3,3,2,0,2,0,0,0
G:\Thesis\FACET_Dataset\Segmented_FACET_0.2_fixed_label\sa_5589099.jpg,3,3,2,0,0.21759246289730072,3,3,3,2,0,0,1,1,1
G:\Thesis\FACET_Dataset\Segmented_FACET_0.2_fixed_label\sa_9174572.jpg,2,2,1,0,0.055754654109478,2,2,2,1,0,0,1,1,1
G:\Thesis\FACET_Dataset\Segmented_FACET_0.2_fixed_label\sa_9464221.jpg,3,3,2,0,0.30629703402519226,4,4,4,3,1,1,0,1,0
G:\Thesis\FACET_Dataset\Segmented_FACET_0.2_fixed_label\sa_4101104.jpg,4,4,3,1,0.39488884806632996,5,5,5,4,1,1,0,1,1
G:\Thesis\FACET_Dataset\Segmented_FACET_0.2_fixed_label\sa_3900050.jpg,5,5,4,1,0.26813462376594543,3,3,3,2,0,2,0,0,0
G:\Thesis\FACET_Dataset\Segmented_FACET_0.2_fixed_label\sa_2782825.jpg,4,4,3,1,0.44379135966300964,5,5,5,4,1,1,0,1,1
G:\Thesis\FACET_Dataset\Segmented_FACET_0.2_fixed_label\sa_4462916.jpg,4,4,3,1,0.2144882082939148,3,3,3,2,0,1,0,1,0
G:\Thesis\FACET_Dataset\Segmented_FACET_0.2_fixed_label\sa_4490676.jpg,6,6,5,1,0.5995846390724182,6,6,6,5,1,0,1,1,1
G:\Thesis\FACET_Dataset\Segmented_FACET_0.2_fixed_label\sa_7841522.jpg,6,6,5,1,0.8038906455039978,8,8,8,7,2,2,0,0,0
G:\Thesis\FACET_Dataset\Segmented_FACET_0.2_fixed_label\sa_7930860.jpg,5,5,4,1,0.7708913087844849,8,8,8,7,2,3,0,0,0
G:\Thesis\FACET_Dataset\Segmented_FACET_0.2_fixed_label\sa_1163698.jpg,4,4,3,1,0.3946188688278198,5,5,5,4,1,1,0,1,1
G:\Thesis\FACET_Dataset\Segmented_FACET_0.2_fixed_label\sa_11027219.jpg,3,3,2,0,0.37104031443595886,4,4,4,3,1,1,0,1,0
G:\Thesis\FACET_Dataset\Segmented_FACET_0.2_fixed_label\sa_10531868.jpg,3,3,2,0,0.4291973114013672,5,5,5,4,1,2,0,0,0
G:\Thesis\FACET_Dataset\Segmented_FACET_0.2_fixed_label\sa_10235089.jpg,8,8,7,2,0.7472125887870789,8,8,8,7,2,0,1,1,1
G:\Thesis\FACET_Dataset\Segmented_FACET_0.2_fixed_label\sa_5889695.jpg,6,6,5,1,0.6302004456520081,7,7,7,6,1,1,0,1,1
G:\Thesis\FACET_Dataset\Segmented_FACET_0.2_fixed_label\sa_5504254.jpg,2,2,1,0,0.043016597628593445,1,1,1,0,0,1,0,1,1
G:\Thesis\FACET_Dataset\Segmented_FACET_0.2_fixed_label\sa_4138210.jpg,2,2,1,0,0.3953940272331238,5,5,5,4,1,3,0,0,0
G:\Thesis\FACET_Dataset\Segmented_FACET_0.2_fixed_label\sa_1428763.jpg,5,5,4,1,0.5262739062309265,6,6,6,5,1,1,0,1,1
G:\Thesis\FACET_Dataset\Segmented_FACET_0.2_fixed_label\sa_7377444.jpg,2,2,1,0,0.23684488236904144,3,3,3,2,0,1,0,1,1
G:\Thesis\FACET_Dataset\Segmented_FACET_0.2_fixed_label\sa_3110162.jpg,4,4,3,1,0.386244535446167,4,4,4,3,1,0,1,1,1
G:\Thesis\FACET_Dataset\Segmented_FACET_0.2_fixed_label\sa_7447224.jpg,4,4,3,1,0.2069702297449112,3,3,3,2,0,1,0,1,0
G:\Thesis\FACET_Dataset\Segmented_FACET_0.2_fixed_label\sa_11027874.jpg,2,2,1,0,0.447286456823349,5,5,5,4,1,3,0,0,0
G:\Thesis\FACET_Dataset\Segmented_FACET_0.2_fixed_label\sa_4501234.jpg,6,6,5,1,0.46674296259880066,5,5,5,4,1,1,0,1,1
G:\Thesis\FACET_Dataset\Segmented_FACET_0.2_fixed_label\sa_2343576.jpg,3,3,2,0,0.25379982590675354,3,3,3,2,0,0,1,1,1
G:\Thesis\FACET_Dataset\Segmented_FACET_0.2_fixed_label\sa_665782.jpg,2,2,1,0,0.02768128737807274,1,1,1,0,0,1,0,1,1
G:\Thesis\FACET_Dataset\Segmented_FACET_0.2_fixed_label\sa_8553302.jpg,9,9,8,2,0.7219508290290833,7,7,7,6,1,2,0,0,0
G:\Thesis\FACET_Dataset\Segmented_FACET_0.2_fixed_label\sa_10618926.jpg,4,4,3,1,0.3317984938621521,4,4,4,3,1,0,1,1,1
G:\Thesis\FACET_Dataset\Segmented_FACET_0.2_fixed_label\sa_10408760.jpg,4,4,3,1,0.6451771259307861,7,7,7,6,1,3,0,0,1
G:\Thesis\FACET_Dataset\Segmented_FACET_0.2_fixed_label\sa_8743424.jpg,2,2,1,0,0.12442833930253983,2,2,2,1,0,0,1,1,1
G:\Thesis\FACET_Dataset\Segmented_FACET_0.2_fixed_label\sa_5633666.jpg,4,4,3,1,0.7203109264373779,7,7,7,6,1,3,0,0,1
G:\Thesis\FACET_Dataset\Segmented_FACET_0.2_fixed_label\sa_5187236.jpg,3,3,2,0,0.2202192097902298,3,3,3,2,0,0,1,1,1
G:\Thesis\FACET_Dataset\Segmented_FACET_0.2_fixed_label\sa_10786063.jpg,3,3,2,0,0.3128824532032013,4,4,4,3,1,1,0,1,0
G:\Thesis\FACET_Dataset\Segmented_FACET_0.2_fixed_label\sa_2257401.jpg,4,4,3,1,0.2547711133956909,3,3,3,2,0,1,0,1,0
G:\Thesis\FACET_Dataset\Segmented_FACET_0.2_fixed_label\sa_7593135.jpg,3,3,2,0,0.46956101059913635,5,5,5,4,1,2,0,0,0
G:\Thesis\FACET_Dataset\Segmented_FACET_0.2_fixed_label\sa_5460606.jpg,2,2,1,0,0.03489817678928375,1,1,1,0,0,1,0,1,1
G:\Thesis\FACET_Dataset\Segmented_FACET_0.2_fixed_label\sa_9198606.jpg,4,4,3,1,0.32973912358283997,4,4,4,3,1,0,1,1,1
G:\Thesis\FACET_Dataset\Segmented_FACET_0.2_fixed_label\sa_5514513.jpg,2,2,1,0,0.4476687014102936,5,5,5,4,1,3,0,0,0
G:\Thesis\FACET_Dataset\Segmented_FACET_0.2_fixed_label\sa_5574212.jpg,3,3,2,0,0.18896424770355225,3,3,3,2,0,0,1,1,1
G:\Thesis\FACET_Dataset\Segmented_FACET_0.2_fixed_label\sa_9476713.jpg,6,6,5,1,0.4836011826992035,5,5,5,4,1,1,0,1,1
G:\Thesis\FACET_Dataset\Segmented_FACET_0.2_fixed_label\sa_896542.jpg,5,5,4,1,0.5646823644638062,6,6,6,5,1,1,0,1,1
G:\Thesis\FACET_Dataset\Segmented_FACET_0.2_fixed_label\sa_5834056.jpg,4,4,3,1,0.46666231751441956,5,5,5,4,1,1,0,1,1
G:\Thesis\FACET_Dataset\Segmented_FACET_0.2_fixed_label\sa_10242779.jpg,9,9,8,2,0.9175945520401001,9,9,9,8,2,0,1,1,1
G:\Thesis\FACET_Dataset\Segmented_FACET_0.2_fixed_label\sa_6269457.jpg,2,2,1,0,0.2857663929462433,4,4,4,3,1,2,0,0,0
G:\Thesis\FACET_Dataset\Segmented_FACET_0.2_fixed_label\sa_4596018.jpg,2,2,1,0,0.0074745831079781055,1,1,1,0,0,1,0,1,1
G:\Thesis\FACET_Dataset\Segmented_FACET_0.2_fixed_label\sa_867907.jpg,4,4,3,1,0.31059566140174866,4,4,4,3,1,0,1,1,1
G:\Thesis\FACET_Dataset\Segmented_FACET_0.2_fixed_label\sa_4512725.jpg,3,3,2,0,0.3198895752429962,4,4,4,3,1,1,0,1,0
G:\Thesis\FACET_Dataset\Segmented_FACET_0.2_fixed_label\sa_7178590.jpg,3,3,2,0,0.19204849004745483,3,3,3,2,0,0,1,1,1
G:\Thesis\FACET_Dataset\Segmented_FACET_0.2_fixed_label\sa_8079735.jpg,6,6,5,1,0.26325249671936035,3,3,3,2,0,3,0,0,0
G:\Thesis\FACET_Dataset\Segmented_FACET_0.2_fixed_label\sa_8845214.jpg,3,3,2,0,0.34622371196746826,4,4,4,3,1,1,0,1,0
G:\Thesis\FACET_Dataset\Segmented_FACET_0.2_fixed_label\sa_5716175.jpg,2,2,1,0,0.2791822850704193,4,4,4,3,1,2,0,0,0
G:\Thesis\FACET_Dataset\Segmented_FACET_0.2_fixed_label\sa_6174904.jpg,2,2,1,0,0.0577683262526989,2,2,2,1,0,0,1,1,1
G:\Thesis\FACET_Dataset\Segmented_FACET_0.2_fixed_label\sa_4040599.jpg,5,5,4,1,0.4146730899810791,5,5,5,4,1,0,1,1,1
G:\Thesis\FACET_Dataset\Segmented_FACET_0.2_fixed_label\sa_9266267.jpg,5,5,4,1,0.4530629813671112,5,5,5,4,1,0,1,1,1
G:\Thesis\FACET_Dataset\Segmented_FACET_0.2_fixed_label\sa_6174904.jpg,1,1,0,0,0.0577683262526989,2,2,2,1,0,1,0,1,1
G:\Thesis\FACET_Dataset\Segmented_FACET_0.2_fixed_label\sa_3586298.jpg,4,4,3,1,0.6346220970153809,7,7,7,6,1,3,0,0,1
G:\Thesis\FACET_Dataset\Segmented_FACET_0.2_fixed_label\sa_4302069.jpg,3,3,2,0,0.23544622957706451,3,3,3,2,0,0,1,1,1
G:\Thesis\FACET_Dataset\Segmented_FACET_0.2_fixed_label\sa_2382091.jpg,2,2,1,0,0.14075130224227905,2,2,2,1,0,0,1,1,1
G:\Thesis\FACET_Dataset\Segmented_FACET_0.2_fixed_label\sa_7086028.jpg,7,7,6,1,0.2366386204957962,3,3,3,2,0,4,0,0,0
G:\Thesis\FACET_Dataset\Segmented_FACET_0.2_fixed_label\sa_6826297.jpg,6,6,5,1,0.4517853856086731,5,5,5,4,1,1,0,1,1
G:\Thesis\FACET_Dataset\Segmented_FACET_0.2_fixed_label\sa_6988881.jpg,2,2,1,0,0.16523712873458862,2,2,2,1,0,0,1,1,1
G:\Thesis\FACET_Dataset\Segmented_FACET_0.2_fixed_label\sa_10177472.jpg,4,4,3,1,0.18999245762825012,3,3,3,2,0,1,0,1,0
G:\Thesis\FACET_Dataset\Segmented_FACET_0.2_fixed_label\sa_4686189.jpg,3,3,2,0,0.4320720434188843,5,5,5,4,1,2,0,0,0
G:\Thesis\FACET_Dataset\Segmented_FACET_0.2_fixed_label\sa_9588623.jpg,2,2,1,0,0.1268359124660492,2,2,2,1,0,0,1,1,1
G:\Thesis\FACET_Dataset\Segmented_FACET_0.2_fixed_label\sa_6846608.jpg,4,4,3,1,0.2126798778772354,3,3,3,2,0,1,0,1,0
G:\Thesis\FACET_Dataset\Segmented_FACET_0.2_fixed_label\sa_1890196.jpg,2,2,1,0,0.08766410499811172,2,2,2,1,0,0,1,1,1
G:\Thesis\FACET_Dataset\Segmented_FACET_0.2_fixed_label\sa_285338.jpg,2,2,1,0,0.2913491427898407,4,4,4,3,1,2,0,0,0
G:\Thesis\FACET_Dataset\Segmented_FACET_0.2_fixed_label\sa_9042095.jpg,5,5,4,1,0.8243801593780518,8,8,8,7,2,3,0,0,0
G:\Thesis\FACET_Dataset\Segmented_FACET_0.2_fixed_label\sa_5181105.jpg,5,5,4,1,0.4490341544151306,5,5,5,4,1,0,1,1,1
G:\Thesis\FACET_Dataset\Segmented_FACET_0.2_fixed_label\sa_5420237.jpg,4,4,3,1,0.5324385166168213,6,6,6,5,1,2,0,0,1
G:\Thesis\FACET_Dataset\Segmented_FACET_0.2_fixed_label\sa_10644487.jpg,2,2,1,0,0.2594822645187378,3,3,3,2,0,1,0,1,1
G:\Thesis\FACET_Dataset\Segmented_FACET_0.2_fixed_label\sa_5391008.jpg,4,4,3,1,0.21087229251861572,3,3,3,2,0,1,0,1,0
G:\Thesis\FACET_Dataset\Segmented_FACET_0.2_fixed_label\sa_1615446.jpg,6,6,5,1,0.5045896172523499,6,6,6,5,1,0,1,1,1
G:\Thesis\FACET_Dataset\Segmented_FACET_0.2_fixed_label\sa_5390566.jpg,4,4,3,1,0.4772684574127197,5,5,5,4,1,1,0,1,1
G:\Thesis\FACET_Dataset\Segmented_FACET_0.2_fixed_label\sa_8839215.jpg,3,3,2,0,0.1479274481534958,2,2,2,1,0,1,0,1,1
G:\Thesis\FACET_Dataset\Segmented_FACET_0.2_fixed_label\sa_544772.jpg,3,3,2,0,0.6023989915847778,6,6,6,5,1,3,0,0,0
G:\Thesis\FACET_Dataset\Segmented_FACET_0.2_fixed_label\sa_4231575.jpg,3,3,2,0,0.43707242608070374,5,5,5,4,1,2,0,0,0
G:\Thesis\FACET_Dataset\Segmented_FACET_0.2_fixed_label\sa_6212263.jpg,8,8,7,2,0.6388118863105774,7,7,7,6,1,1,0,1,0
G:\Thesis\FACET_Dataset\Segmented_FACET_0.2_fixed_label\sa_5324181.jpg,4,4,3,1,0.3602733910083771,4,4,4,3,1,0,1,1,1
G:\Thesis\FACET_Dataset\Segmented_FACET_0.2_fixed_label\sa_10715525.jpg,5,5,4,1,0.20185014605522156,3,3,3,2,0,2,0,0,0
G:\Thesis\FACET_Dataset\Segmented_FACET_0.2_fixed_label\sa_6494341.jpg,5,5,4,1,0.19132070243358612,3,3,3,2,0,2,0,0,0
G:\Thesis\FACET_Dataset\Segmented_FACET_0.2_fixed_label\sa_4196530.jpg,6,6,5,1,0.616198718547821,7,7,7,6,1,1,0,1,1
G:\Thesis\FACET_Dataset\Segmented_FACET_0.2_fixed_label\sa_5299322.jpg,6,6,5,1,0.48974281549453735,5,5,5,4,1,1,0,1,1
G:\Thesis\FACET_Dataset\Segmented_FACET_0.2_fixed_label\sa_9867555.jpg,4,4,3,1,0.20457464456558228,3,3,3,2,0,1,0,1,0
G:\Thesis\FACET_Dataset\Segmented_FACET_0.2_fixed_label\sa_4518361.jpg,7,7,6,1,0.5101214647293091,6,6,6,5,1,1,0,1,1
G:\Thesis\FACET_Dataset\Segmented_FACET_0.2_fixed_label\sa_5677264.jpg,6,6,5,1,0.45247066020965576,5,5,5,4,1,1,0,1,1
G:\Thesis\FACET_Dataset\Segmented_FACET_0.2_fixed_label\sa_883786.jpg,3,3,2,0,0.45866426825523376,5,5,5,4,1,2,0,0,0
G:\Thesis\FACET_Dataset\Segmented_FACET_0.2_fixed_label\sa_692778.jpg,3,3,2,0,0.06059325113892555,2,2,2,1,0,1,0,1,1
G:\Thesis\FACET_Dataset\Segmented_FACET_0.2_fixed_label\sa_10800321.jpg,2,2,1,0,0.3903142511844635,5,5,5,4,1,3,0,0,0
G:\Thesis\FACET_Dataset\Segmented_FACET_0.2_fixed_label\sa_10456065.jpg,2,2,1,0,0.03364306315779686,1,1,1,0,0,1,0,1,1
G:\Thesis\FACET_Dataset\Segmented_FACET_0.2_fixed_label\sa_3709150.jpg,5,5,4,1,0.42689013481140137,5,5,5,4,1,0,1,1,1
G:\Thesis\FACET_Dataset\Segmented_FACET_0.2_fixed_label\sa_9572300.jpg,2,2,1,0,0.17632520198822021,3,3,3,2,0,1,0,1,1
G:\Thesis\FACET_Dataset\Segmented_FACET_0.2_fixed_label\sa_5088783.jpg,4,4,3,1,0.21861228346824646,3,3,3,2,0,1,0,1,0
G:\Thesis\FACET_Dataset\Segmented_FACET_0.2_fixed_label\sa_8130237.jpg,4,4,3,1,0.25437262654304504,3,3,3,2,0,1,0,1,0
G:\Thesis\FACET_Dataset\Segmented_FACET_0.2_fixed_label\sa_6526854.jpg,2,2,1,0,0.16259852051734924,2,2,2,1,0,0,1,1,1
G:\Thesis\FACET_Dataset\Segmented_FACET_0.2_fixed_label\sa_2816086.jpg,2,2,1,0,0.40704259276390076,5,5,5,4,1,3,0,0,0
G:\Thesis\FACET_Dataset\Segmented_FACET_0.2_fixed_label\sa_3529342.jpg,5,5,4,1,0.17975729703903198,3,3,3,2,0,2,0,0,0
G:\Thesis\FACET_Dataset\Segmented_FACET_0.2_fixed_label\sa_883711.jpg,8,8,7,2,0.49944427609443665,5,5,5,4,1,3,0,0,0
G:\Thesis\FACET_Dataset\Segmented_FACET_0.2_fixed_label\sa_3586006.jpg,6,6,5,1,0.7646524906158447,8,8,8,7,2,2,0,0,0
G:\Thesis\FACET_Dataset\Segmented_FACET_0.2_fixed_label\sa_155230.jpg,4,4,3,1,0.44002553820610046,5,5,5,4,1,1,0,1,1
G:\Thesis\FACET_Dataset\Segmented_FACET_0.2_fixed_label\sa_6761839.jpg,3,3,2,0,0.5341770052909851,6,6,6,5,1,3,0,0,0
G:\Thesis\FACET_Dataset\Segmented_FACET_0.2_fixed_label\sa_1431341.jpg,4,4,3,1,0.10425068438053131,2,2,2,1,0,2,0,0,0
G:\Thesis\FACET_Dataset\Segmented_FACET_0.2_fixed_label\sa_9496645.jpg,6,6,5,1,0.7398120760917664,8,8,8,7,2,2,0,0,0
G:\Thesis\FACET_Dataset\Segmented_FACET_0.2_fixed_label\sa_5359669.jpg,2,2,1,0,0.6946688294410706,7,7,7,6,1,5,0,0,0
G:\Thesis\FACET_Dataset\Segmented_FACET_0.2_fixed_label\sa_8265943.jpg,2,2,1,0,0.4870859682559967,5,5,5,4,1,3,0,0,0
G:\Thesis\FACET_Dataset\Segmented_FACET_0.2_fixed_label\sa_7121746.jpg,2,2,1,0,0.3512115776538849,4,4,4,3,1,2,0,0,0
G:\Thesis\FACET_Dataset\Segmented_FACET_0.2_fixed_label\sa_4442143.jpg,2,2,1,0,0.13210096955299377,2,2,2,1,0,0,1,1,1
G:\Thesis\FACET_Dataset\Segmented_FACET_0.2_fixed_label\sa_919437.jpg,8,8,7,2,0.6837310194969177,7,7,7,6,1,1,0,1,0
G:\Thesis\FACET_Dataset\Segmented_FACET_0.2_fixed_label\sa_2725465.jpg,2,2,1,0,0.031587302684783936,1,1,1,0,0,1,0,1,1
G:\Thesis\FACET_Dataset\Segmented_FACET_0.2_fixed_label\sa_1117468.jpg,3,3,2,0,0.16154688596725464,2,2,2,1,0,1,0,1,1
G:\Thesis\FACET_Dataset\Segmented_FACET_0.2_fixed_label\sa_7390064.jpg,3,3,2,0,0.452423095703125,5,5,5,4,1,2,0,0,0
G:\Thesis\FACET_Dataset\Segmented_FACET_0.2_fixed_label\sa_10242779.jpg,8,8,7,2,0.9175945520401001,9,9,9,8,2,1,0,1,1
G:\Thesis\FACET_Dataset\Segmented_FACET_0.2_fixed_label\sa_6308480.jpg,2,2,1,0,0.43030622601509094,5,5,5,4,1,3,0,0,0
G:\Thesis\FACET_Dataset\Segmented_FACET_0.2_fixed_label\sa_3874742.jpg,2,2,1,0,0.2928798198699951,4,4,4,3,1,2,0,0,0
G:\Thesis\FACET_Dataset\Segmented_FACET_0.2_fixed_label\sa_116856.jpg,3,3,2,0,0.11671572923660278,2,2,2,1,0,1,0,1,1
G:\Thesis\FACET_Dataset\Segmented_FACET_0.2_fixed_label\sa_8552386.jpg,4,4,3,1,0.15252624452114105,2,2,2,1,0,2,0,0,0
G:\Thesis\FACET_Dataset\Segmented_FACET_0.2_fixed_label\sa_5471884.jpg,6,6,5,1,0.4699203372001648,5,5,5,4,1,1,0,1,1
G:\Thesis\FACET_Dataset\Segmented_FACET_0.2_fixed_label\sa_9657168.jpg,2,2,1,0,0.03655498847365379,1,1,1,0,0,1,0,1,1
G:\Thesis\FACET_Dataset\Segmented_FACET_0.2_fixed_label\sa_660174.jpg,4,4,3,1,0.5268130302429199,6,6,6,5,1,2,0,0,1
G:\Thesis\FACET_Dataset\Segmented_FACET_0.2_fixed_label\sa_2718141.jpg,3,3,2,0,0.13401155173778534,2,2,2,1,0,1,0,1,1
G:\Thesis\FACET_Dataset\Segmented_FACET_0.2_fixed_label\sa_609124.jpg,6,6,5,1,0.7056844830513,7,7,7,6,1,1,0,1,1
G:\Thesis\FACET_Dataset\Segmented_FACET_0.2_fixed_label\sa_1042307.jpg,9,9,8,2,0.46307438611984253,5,5,5,4,1,4,0,0,0
G:\Thesis\FACET_Dataset\Segmented_FACET_0.2_fixed_label\sa_9588623.jpg,3,3,2,0,0.1268359124660492,2,2,2,1,0,1,0,1,1
G:\Thesis\FACET_Dataset\Segmented_FACET_0.2_fixed_label\sa_5123803.jpg,2,2,1,0,0.3740803003311157,4,4,4,3,1,2,0,0,0
G:\Thesis\FACET_Dataset\Segmented_FACET_0.2_fixed_label\sa_5848620.jpg,3,3,2,0,0.49088171124458313,5,5,5,4,1,2,0,0,0
G:\Thesis\FACET_Dataset\Segmented_FACET_0.2_fixed_label\sa_2595451.jpg,6,6,5,1,0.3799085021018982,4,4,4,3,1,2,0,0,1
G:\Thesis\FACET_Dataset\Segmented_FACET_0.2_fixed_label\sa_8243113.jpg,3,3,2,0,0.42962902784347534,5,5,5,4,1,2,0,0,0
G:\Thesis\FACET_Dataset\Segmented_FACET_0.2_fixed_label\sa_4852075.jpg,5,5,4,1,0.7131472826004028,7,7,7,6,1,2,0,0,1
G:\Thesis\FACET_Dataset\Segmented_FACET_0.2_fixed_label\sa_4399865.jpg,6,6,5,1,0.02172723598778248,1,1,1,0,0,5,0,0,0
G:\Thesis\FACET_Dataset\Segmented_FACET_0.2_fixed_label\sa_7098997.jpg,6,6,5,1,0.496457576751709,5,5,5,4,1,1,0,1,1
G:\Thesis\FACET_Dataset\Segmented_FACET_0.2_fixed_label\sa_5078819.jpg,3,3,2,0,0.3698267638683319,4,4,4,3,1,1,0,1,0
G:\Thesis\FACET_Dataset\Segmented_FACET_0.2_fixed_label\sa_4128629.jpg,3,3,2,0,0.6686763763427734,7,7,7,6,1,4,0,0,0
G:\Thesis\FACET_Dataset\Segmented_FACET_0.2_fixed_label\sa_2552471.jpg,4,4,3,1,0.9290686249732971,9,9,9,8,2,5,0,0,0
G:\Thesis\FACET_Dataset\Segmented_FACET_0.2_fixed_label\sa_9249762.jpg,4,4,3,1,0.2771298587322235,3,3,3,2,0,1,0,1,0
G:\Thesis\FACET_Dataset\Segmented_FACET_0.2_fixed_label\sa_2996879.jpg,4,4,3,1,0.183851420879364,3,3,3,2,0,1,0,1,0
G:\Thesis\FACET_Dataset\Segmented_FACET_0.2_fixed_label\sa_2324883.jpg,5,5,4,1,0.21592000126838684,3,3,3,2,0,2,0,0,0
G:\Thesis\FACET_Dataset\Segmented_FACET_0.2_fixed_label\sa_10374862.jpg,7,7,6,1,0.7538551092147827,8,8,8,7,2,1,0,1,0
G:\Thesis\FACET_Dataset\Segmented_FACET_0.2_fixed_label\sa_2728703.jpg,4,4,3,1,0.46744638681411743,5,5,5,4,1,1,0,1,1
G:\Thesis\FACET_Dataset\Segmented_FACET_0.2_fixed_label\sa_8980592.jpg,4,4,3,1,0.401111364364624,5,5,5,4,1,1,0,1,1
G:\Thesis\FACET_Dataset\Segmented_FACET_0.2_fixed_label\sa_2201669.jpg,5,5,4,1,0.4844385087490082,5,5,5,4,1,0,1,1,1
G:\Thesis\FACET_Dataset\Segmented_FACET_0.2_fixed_label\sa_3688585.jpg,3,3,2,0,0.02699347212910652,1,1,1,0,0,2,0,0,1
G:\Thesis\FACET_Dataset\Segmented_FACET_0.2_fixed_label\sa_10043362.jpg,6,6,5,1,0.36455610394477844,4,4,4,3,1,2,0,0,1
G:\Thesis\FACET_Dataset\Segmented_FACET_0.2_fixed_label\sa_2517837.jpg,5,5,4,1,0.4936310350894928,5,5,5,4,1,0,1,1,1
G:\Thesis\FACET_Dataset\Segmented_FACET_0.2_fixed_label\sa_10545112.jpg,4,4,3,1,0.32916051149368286,4,4,4,3,1,0,1,1,1
G:\Thesis\FACET_Dataset\Segmented_FACET_0.2_fixed_label\sa_7707491.jpg,3,3,2,0,0.011783354915678501,1,1,1,0,0,2,0,0,1
G:\Thesis\FACET_Dataset\Segmented_FACET_0.2_fixed_label\sa_8700475.jpg,4,4,3,1,0.24649229645729065,3,3,3,2,0,1,0,1,0
G:\Thesis\FACET_Dataset\Segmented_FACET_0.2_fixed_label\sa_6505555.jpg,5,5,4,1,0.19156767427921295,3,3,3,2,0,2,0,0,0
G:\Thesis\FACET_Dataset\Segmented_FACET_0.2_fixed_label\sa_902427.jpg,2,2,1,0,0.04286262020468712,1,1,1,0,0,1,0,1,1
G:\Thesis\FACET_Dataset\Segmented_FACET_0.2_fixed_label\sa_3464544.jpg,3,3,2,0,0.4623565077781677,5,5,5,4,1,2,0,0,0
G:\Thesis\FACET_Dataset\Segmented_FACET_0.2_fixed_label\sa_1219621.jpg,6,6,5,1,0.4463110566139221,5,5,5,4,1,1,0,1,1
G:\Thesis\FACET_Dataset\Segmented_FACET_0.2_fixed_label\sa_5685445.jpg,3,3,2,0,0.5456030964851379,6,6,6,5,1,3,0,0,0
G:\Thesis\FACET_Dataset\Segmented_FACET_0.2_fixed_label\sa_3663255.jpg,4,4,3,1,0.4409676194190979,5,5,5,4,1,1,0,1,1
G:\Thesis\FACET_Dataset\Segmented_FACET_0.2_fixed_label\sa_3406079.jpg,3,3,2,0,0.35991883277893066,4,4,4,3,1,1,0,1,0
G:\Thesis\FACET_Dataset\Segmented_FACET_0.2_fixed_label\sa_6427632.jpg,4,4,3,1,0.387235552072525,4,4,4,3,1,0,1,1,1
G:\Thesis\FACET_Dataset\Segmented_FACET_0.2_fixed_label\sa_9330307.jpg,3,3,2,0,0.538291871547699,6,6,6,5,1,3,0,0,0
G:\Thesis\FACET_Dataset\Segmented_FACET_0.2_fixed_label\sa_860266.jpg,3,3,2,0,0.2473999559879303,3,3,3,2,0,0,1,1,1
G:\Thesis\FACET_Dataset\Segmented_FACET_0.2_fixed_label\sa_2471877.jpg,3,3,2,0,0.19938397407531738,3,3,3,2,0,0,1,1,1
G:\Thesis\FACET_Dataset\Segmented_FACET_0.2_fixed_label\sa_2421354.jpg,2,2,1,0,0.33650025725364685,4,4,4,3,1,2,0,0,0
G:\Thesis\FACET_Dataset\Segmented_FACET_0.2_fixed_label\sa_9793931.jpg,2,2,1,0,0.04380116984248161,1,1,1,0,0,1,0,1,1
G:\Thesis\FACET_Dataset\Segmented_FACET_0.2_fixed_label\sa_9744269.jpg,4,4,3,1,0.49992161989212036,5,5,5,4,1,1,0,1,1
G:\Thesis\FACET_Dataset\Segmented_FACET_0.2_fixed_label\sa_2191447.jpg,5,5,4,1,0.4645693004131317,5,5,5,4,1,0,1,1,1
G:\Thesis\FACET_Dataset\Segmented_FACET_0.2_fixed_label\sa_7777646.jpg,1,1,0,0,0.5036777257919312,6,6,6,5,1,5,0,0,0
G:\Thesis\FACET_Dataset\Segmented_FACET_0.2_fixed_label\sa_6732745.jpg,3,3,2,0,0.310153067111969,4,4,4,3,1,1,0,1,0
G:\Thesis\FACET_Dataset\Segmented_FACET_0.2_fixed_label\sa_8732684.jpg,3,3,2,0,0.4102499186992645,5,5,5,4,1,2,0,0,0
G:\Thesis\FACET_Dataset\Segmented_FACET_0.2_fixed_label\sa_4423551.jpg,3,3,2,0,0.22613394260406494,3,3,3,2,0,0,1,1,1
G:\Thesis\FACET_Dataset\Segmented_FACET_0.2_fixed_label\sa_6924719.jpg,3,3,2,0,0.081804558634758,2,2,2,1,0,1,0,1,1
G:\Thesis\FACET_Dataset\Segmented_FACET_0.2_fixed_label\sa_7086028.jpg,3,3,2,0,0.2366386204957962,3,3,3,2,0,0,1,1,1
G:\Thesis\FACET_Dataset\Segmented_FACET_0.2_fixed_label\sa_6263407.jpg,2,2,1,0,0.09459183365106583,2,2,2,1,0,0,1,1,1
G:\Thesis\FACET_Dataset\Segmented_FACET_0.2_fixed_label\sa_663266.jpg,7,7,6,1,0.45700493454933167,5,5,5,4,1,2,0,0,1
G:\Thesis\FACET_Dataset\Segmented_FACET_0.2_fixed_label\sa_5314391.jpg,2,2,1,0,0.5346605777740479,6,6,6,5,1,4,0,0,0
G:\Thesis\FACET_Dataset\Segmented_FACET_0.2_fixed_label\sa_1105037.jpg,6,6,5,1,0.5060809254646301,6,6,6,5,1,0,1,1,1
G:\Thesis\FACET_Dataset\Segmented_FACET_0.2_fixed_label\sa_9307505.jpg,6,6,5,1,0.5125234723091125,6,6,6,5,1,0,1,1,1
G:\Thesis\FACET_Dataset\Segmented_FACET_0.2_fixed_label\sa_5899097.jpg,6,6,5,1,0.5372642278671265,6,6,6,5,1,0,1,1,1
G:\Thesis\FACET_Dataset\Segmented_FACET_0.2_fixed_label\sa_9752129.jpg,4,4,3,1,0.7266477942466736,8,8,8,7,2,4,0,0,0
G:\Thesis\FACET_Dataset\Segmented_FACET_0.2_fixed_label\sa_3565059.jpg,3,3,2,0,0.08837684243917465,2,2,2,1,0,1,0,1,1
G:\Thesis\FACET_Dataset\Segmented_FACET_0.2_fixed_label\sa_7409466.jpg,2,2,1,0,0.14888931810855865,2,2,2,1,0,0,1,1,1
G:\Thesis\FACET_Dataset\Segmented_FACET_0.2_fixed_label\sa_10701431.jpg,5,5,4,1,0.40613406896591187,5,5,5,4,1,0,1,1,1
G:\Thesis\FACET_Dataset\Segmented_FACET_0.2_fixed_label\sa_7860472.jpg,3,3,2,0,0.2848917543888092,4,4,4,3,1,1,0,1,0
G:\Thesis\FACET_Dataset\Segmented_FACET_0.2_fixed_label\sa_160791.jpg,9,9,8,2,0.11472653597593307,2,2,2,1,0,7,0,0,0
G:\Thesis\FACET_Dataset\Segmented_FACET_0.2_fixed_label\sa_9273948.jpg,5,5,4,1,0.4872039258480072,5,5,5,4,1,0,1,1,1
G:\Thesis\FACET_Dataset\Segmented_FACET_0.2_fixed_label\sa_7835470.jpg,7,7,6,1,0.23043964803218842,3,3,3,2,0,4,0,0,0
G:\Thesis\FACET_Dataset\Segmented_FACET_0.2_fixed_label\sa_9978837.jpg,2,2,1,0,0.25852012634277344,3,3,3,2,0,1,0,1,1
G:\Thesis\FACET_Dataset\Segmented_FACET_0.2_fixed_label\sa_9857028.jpg,6,6,5,1,0.7696837782859802,8,8,8,7,2,2,0,0,0
G:\Thesis\FACET_Dataset\Segmented_FACET_0.2_fixed_label\sa_8584101.jpg,5,5,4,1,0.465827614068985,5,5,5,4,1,0,1,1,1
G:\Thesis\FACET_Dataset\Segmented_FACET_0.2_fixed_label\sa_3497590.jpg,5,5,4,1,0.2601590156555176,3,3,3,2,0,2,0,0,0
G:\Thesis\FACET_Dataset\Segmented_FACET_0.2_fixed_label\sa_9584844.jpg,4,4,3,1,0.6674275398254395,7,7,7,6,1,3,0,0,1
G:\Thesis\FACET_Dataset\Segmented_FACET_0.2_fixed_label\sa_2389185.jpg,3,3,2,0,0.7819838523864746,8,8,8,7,2,5,0,0,0
G:\Thesis\FACET_Dataset\Segmented_FACET_0.2_fixed_label\sa_1416348.jpg,4,4,3,1,0.49044060707092285,5,5,5,4,1,1,0,1,1
G:\Thesis\FACET_Dataset\Segmented_FACET_0.2_fixed_label\sa_1196986.jpg,4,4,3,1,0.17113514244556427,3,3,3,2,0,1,0,1,0
G:\Thesis\FACET_Dataset\Segmented_FACET_0.2_fixed_label\sa_11157701.jpg,3,3,2,0,0.3093357980251312,4,4,4,3,1,1,0,1,0
G:\Thesis\FACET_Dataset\Segmented_FACET_0.2_fixed_label\sa_7857810.jpg,3,3,2,0,0.07483521848917007,2,2,2,1,0,1,0,1,1
G:\Thesis\FACET_Dataset\Segmented_FACET_0.2_fixed_label\sa_2003237.jpg,3,3,2,0,0.21004757285118103,3,3,3,2,0,0,1,1,1
G:\Thesis\FACET_Dataset\Segmented_FACET_0.2_fixed_label\sa_4671141.jpg,4,4,3,1,0.11445017158985138,2,2,2,1,0,2,0,0,0
G:\Thesis\FACET_Dataset\Segmented_FACET_0.2_fixed_label\sa_7163178.jpg,9,9,8,2,0.5729543566703796,6,6,6,5,1,3,0,0,0
G:\Thesis\FACET_Dataset\Segmented_FACET_0.2_fixed_label\sa_8565795.jpg,9,9,8,2,0.5378499031066895,6,6,6,5,1,3,0,0,0
G:\Thesis\FACET_Dataset\Segmented_FACET_0.2_fixed_label\sa_10068666.jpg,4,4,3,1,0.197488933801651,3,3,3,2,0,1,0,1,0
G:\Thesis\FACET_Dataset\Segmented_FACET_0.2_fixed_label\sa_716764.jpg,2,2,1,0,0.37107980251312256,4,4,4,3,1,2,0,0,0
G:\Thesis\FACET_Dataset\Segmented_FACET_0.2_fixed_label\sa_10624860.jpg,4,4,3,1,0.04437263682484627,1,1,1,0,0,3,0,0,0
G:\Thesis\FACET_Dataset\Segmented_FACET_0.2_fixed_label\sa_4938852.jpg,6,6,5,1,0.5939571857452393,6,6,6,5,1,0,1,1,1
G:\Thesis\FACET_Dataset\Segmented_FACET_0.2_fixed_label\sa_4086368.jpg,4,4,3,1,0.5822134613990784,6,6,6,5,1,2,0,0,1
G:\Thesis\FACET_Dataset\Segmented_FACET_0.2_fixed_label\sa_5939518.jpg,3,3,2,0,0.7857516407966614,8,8,8,7,2,5,0,0,0
G:\Thesis\FACET_Dataset\Segmented_FACET_0.2_fixed_label\sa_8489998.jpg,3,3,2,0,0.39631524682044983,5,5,5,4,1,2,0,0,0
G:\Thesis\FACET_Dataset\Segmented_FACET_0.2_fixed_label\sa_10423635.jpg,6,6,5,1,0.5623693466186523,6,6,6,5,1,0,1,1,1
G:\Thesis\FACET_Dataset\Segmented_FACET_0.2_fixed_label\sa_6045725.jpg,2,2,1,0,0.7794573307037354,8,8,8,7,2,6,0,0,0
G:\Thesis\FACET_Dataset\Segmented_FACET_0.2_fixed_label\sa_9333221.jpg,3,3,2,0,0.7942669987678528,8,8,8,7,2,5,0,0,0
G:\Thesis\FACET_Dataset\Segmented_FACET_0.2_fixed_label\sa_1229254.jpg,2,2,1,0,0.285273939371109,4,4,4,3,1,2,0,0,0
G:\Thesis\FACET_Dataset\Segmented_FACET_0.2_fixed_label\sa_4050216.jpg,1,1,0,0,0.24326223134994507,3,3,3,2,0,2,0,0,1
G:\Thesis\FACET_Dataset\Segmented_FACET_0.2_fixed_label\sa_1237661.jpg,7,7,6,1,0.4763537049293518,5,5,5,4,1,2,0,0,1
G:\Thesis\FACET_Dataset\Segmented_FACET_0.2_fixed_label\sa_2985552.jpg,4,4,3,1,0.17126309871673584,3,3,3,2,0,1,0,1,0
G:\Thesis\FACET_Dataset\Segmented_FACET_0.2_fixed_label\sa_3236184.jpg,5,5,4,1,0.25895869731903076,3,3,3,2,0,2,0,0,0
G:\Thesis\FACET_Dataset\Segmented_FACET_0.2_fixed_label\sa_6166560.jpg,5,5,4,1,0.4368242025375366,5,5,5,4,1,0,1,1,1
G:\Thesis\FACET_Dataset\Segmented_FACET_0.2_fixed_label\sa_6840188.jpg,8,8,7,2,0.5472135543823242,6,6,6,5,1,2,0,0,0
G:\Thesis\FACET_Dataset\Segmented_FACET_0.2_fixed_label\sa_349049.jpg,4,4,3,1,0.3790943920612335,4,4,4,3,1,0,1,1,1
G:\Thesis\FACET_Dataset\Segmented_FACET_0.2_fixed_label\sa_3087418.jpg,7,7,6,1,0.5598082542419434,6,6,6,5,1,1,0,1,1
G:\Thesis\FACET_Dataset\Segmented_FACET_0.2_fixed_label\sa_11175543.jpg,2,2,1,0,0.042339883744716644,1,1,1,0,0,1,0,1,1
G:\Thesis\FACET_Dataset\Segmented_FACET_0.2_fixed_label\sa_7929832.jpg,4,4,3,1,0.08391928672790527,2,2,2,1,0,2,0,0,0
G:\Thesis\FACET_Dataset\Segmented_FACET_0.2_fixed_label\sa_8601713.jpg,2,2,1,0,0.22489739954471588,3,3,3,2,0,1,0,1,1
G:\Thesis\FACET_Dataset\Segmented_FACET_0.2_fixed_label\sa_5089105.jpg,3,3,2,0,0.12574301660060883,2,2,2,1,0,1,0,1,1
G:\Thesis\FACET_Dataset\Segmented_FACET_0.2_fixed_label\sa_5748585.jpg,3,3,2,0,0.17704890668392181,3,3,3,2,0,0,1,1,1
G:\Thesis\FACET_Dataset\Segmented_FACET_0.2_fixed_label\sa_2790434.jpg,4,4,3,1,0.7882265448570251,8,8,8,7,2,4,0,0,0
G:\Thesis\FACET_Dataset\Segmented_FACET_0.2_fixed_label\sa_8974323.jpg,3,3,2,0,0.21349011361598969,3,3,3,2,0,0,1,1,1
G:\Thesis\FACET_Dataset\Segmented_FACET_0.2_fixed_label\sa_10523774.jpg,5,5,4,1,0.3061574697494507,4,4,4,3,1,1,0,1,1
G:\Thesis\FACET_Dataset\Segmented_FACET_0.2_fixed_label\sa_6561618.jpg,3,3,2,0,0.27697697281837463,3,3,3,2,0,0,1,1,1
G:\Thesis\FACET_Dataset\Segmented_FACET_0.2_fixed_label\sa_3315917.jpg,5,5,4,1,0.37699630856513977,4,4,4,3,1,1,0,1,1
G:\Thesis\FACET_Dataset\Segmented_FACET_0.2_fixed_label\sa_4547800.jpg,2,2,1,0,0.5144778490066528,6,6,6,5,1,4,0,0,0
G:\Thesis\FACET_Dataset\Segmented_FACET_0.2_fixed_label\sa_5495152.jpg,5,5,4,1,0.46356046199798584,5,5,5,4,1,0,1,1,1
G:\Thesis\FACET_Dataset\Segmented_FACET_0.2_fixed_label\sa_2396218.jpg,4,4,3,1,0.9637299180030823,10,10,10,9,2,6,0,0,0
G:\Thesis\FACET_Dataset\Segmented_FACET_0.2_fixed_label\sa_9393101.jpg,3,3,2,0,0.3446654975414276,4,4,4,3,1,1,0,1,0
G:\Thesis\FACET_Dataset\Segmented_FACET_0.2_fixed_label\sa_9174572.jpg,3,3,2,0,0.055754654109478,2,2,2,1,0,1,0,1,1
G:\Thesis\FACET_Dataset\Segmented_FACET_0.2_fixed_label\sa_8343708.jpg,2,2,1,0,0.4913286864757538,5,5,5,4,1,3,0,0,0
G:\Thesis\FACET_Dataset\Segmented_FACET_0.2_fixed_label\sa_591356.jpg,3,3,2,0,0.5324836373329163,6,6,6,5,1,3,0,0,0
G:\Thesis\FACET_Dataset\Segmented_FACET_0.2_fixed_label\sa_1523925.jpg,7,7,6,1,0.32443904876708984,4,4,4,3,1,3,0,0,1
G:\Thesis\FACET_Dataset\Segmented_FACET_0.2_fixed_label\sa_2477538.jpg,5,5,4,1,0.3242865800857544,4,4,4,3,1,1,0,1,1
G:\Thesis\FACET_Dataset\Segmented_FACET_0.2_fixed_label\sa_3288169.jpg,3,3,2,0,0.2567863166332245,3,3,3,2,0,0,1,1,1
G:\Thesis\FACET_Dataset\Segmented_FACET_0.2_fixed_label\sa_9666302.jpg,4,4,3,1,0.3625253736972809,4,4,4,3,1,0,1,1,1
G:\Thesis\FACET_Dataset\Segmented_FACET_0.2_fixed_label\sa_3632150.jpg,9,9,8,2,0.4147447645664215,5,5,5,4,1,4,0,0,0
G:\Thesis\FACET_Dataset\Segmented_FACET_0.2_fixed_label\sa_9106399.jpg,3,3,2,0,0.272801011800766,3,3,3,2,0,0,1,1,1
G:\Thesis\FACET_Dataset\Segmented_FACET_0.2_fixed_label\sa_6611518.jpg,2,2,1,0,0.5278595089912415,6,6,6,5,1,4,0,0,0
G:\Thesis\FACET_Dataset\Segmented_FACET_0.2_fixed_label\sa_7670598.jpg,3,3,2,0,0.17374806106090546,3,3,3,2,0,0,1,1,1
G:\Thesis\FACET_Dataset\Segmented_FACET_0.2_fixed_label\sa_4128629.jpg,4,4,3,1,0.6686763763427734,7,7,7,6,1,3,0,0,1
G:\Thesis\FACET_Dataset\Segmented_FACET_0.2_fixed_label\sa_8413619.jpg,4,4,3,1,0.555397093296051,6,6,6,5,1,2,0,0,1
G:\Thesis\FACET_Dataset\Segmented_FACET_0.2_fixed_label\sa_3248952.jpg,3,3,2,0,0.1577642410993576,2,2,2,1,0,1,0,1,1
G:\Thesis\FACET_Dataset\Segmented_FACET_0.2_fixed_label\sa_1040211.jpg,1,1,0,0,0.04970524460077286,1,1,1,0,0,0,1,1,1
G:\Thesis\FACET_Dataset\Segmented_FACET_0.2_fixed_label\sa_4950210.jpg,4,4,3,1,0.2915462255477905,4,4,4,3,1,0,1,1,1
G:\Thesis\FACET_Dataset\Segmented_FACET_0.2_fixed_label\sa_2172153.jpg,3,3,2,0,0.5535969734191895,6,6,6,5,1,3,0,0,0
G:\Thesis\FACET_Dataset\Segmented_FACET_0.2_fixed_label\sa_5963197.jpg,4,4,3,1,0.3889375329017639,5,5,5,4,1,1,0,1,1
G:\Thesis\FACET_Dataset\Segmented_FACET_0.2_fixed_label\sa_4742474.jpg,2,2,1,0,0.12031390517950058,2,2,2,1,0,0,1,1,1
G:\Thesis\FACET_Dataset\Segmented_FACET_0.2_fixed_label\sa_939348.jpg,3,3,2,0,0.3080316483974457,4,4,4,3,1,1,0,1,0
G:\Thesis\FACET_Dataset\Segmented_FACET_0.2_fixed_label\sa_8715653.jpg,4,4,3,1,0.6459240317344666,7,7,7,6,1,3,0,0,1
G:\Thesis\FACET_Dataset\Segmented_FACET_0.2_fixed_label\sa_7858116.jpg,2,2,1,0,0.6245253086090088,7,7,7,6,1,5,0,0,0
G:\Thesis\FACET_Dataset\Segmented_FACET_0.2_fixed_label\sa_7083475.jpg,1,1,0,0,0.17638547718524933,3,3,3,2,0,2,0,0,1
G:\Thesis\FACET_Dataset\Segmented_FACET_0.2_fixed_label\sa_9016742.jpg,3,3,2,0,0.2533780038356781,3,3,3,2,0,0,1,1,1
G:\Thesis\FACET_Dataset\Segmented_FACET_0.2_fixed_label\sa_161276.jpg,3,3,2,0,0.8744432330131531,9,9,9,8,2,6,0,0,0
G:\Thesis\FACET_Dataset\Segmented_FACET_0.2_fixed_label\sa_9274637.jpg,3,3,2,0,0.41429197788238525,5,5,5,4,1,2,0,0,0
G:\Thesis\FACET_Dataset\Segmented_FACET_0.2_fixed_label\sa_11180829.jpg,4,4,3,1,0.3453191816806793,4,4,4,3,1,0,1,1,1
G:\Thesis\FACET_Dataset\Segmented_FACET_0.2_fixed_label\sa_4676559.jpg,3,3,2,0,0.17049208283424377,3,3,3,2,0,0,1,1,1
G:\Thesis\FACET_Dataset\Segmented_FACET_0.2_fixed_label\sa_5927098.jpg,3,3,2,0,0.39233842492103577,5,5,5,4,1,2,0,0,0
G:\Thesis\FACET_Dataset\Segmented_FACET_0.2_fixed_label\sa_5536666.jpg,5,5,4,1,0.4147912561893463,5,5,5,4,1,0,1,1,1
G:\Thesis\FACET_Dataset\Segmented_FACET_0.2_fixed_label\sa_2483799.jpg,4,4,3,1,0.32893121242523193,4,4,4,3,1,0,1,1,1
G:\Thesis\FACET_Dataset\Segmented_FACET_0.2_fixed_label\sa_4692534.jpg,2,2,1,0,0.5188426971435547,6,6,6,5,1,4,0,0,0
G:\Thesis\FACET_Dataset\Segmented_FACET_0.2_fixed_label\sa_10022161.jpg,5,5,4,1,0.27445900440216064,3,3,3,2,0,2,0,0,0
G:\Thesis\FACET_Dataset\Segmented_FACET_0.2_fixed_label\sa_9595924.jpg,2,2,1,0,0.4383636713027954,5,5,5,4,1,3,0,0,0
G:\Thesis\FACET_Dataset\Segmented_FACET_0.2_fixed_label\sa_4776817.jpg,7,7,6,1,0.4987589120864868,5,5,5,4,1,2,0,0,1
G:\Thesis\FACET_Dataset\Segmented_FACET_0.2_fixed_label\sa_9462330.jpg,5,5,4,1,0.28319087624549866,4,4,4,3,1,1,0,1,1
G:\Thesis\FACET_Dataset\Segmented_FACET_0.2_fixed_label\sa_9782484.jpg,3,3,2,0,0.4433997869491577,5,5,5,4,1,2,0,0,0
G:\Thesis\FACET_Dataset\Segmented_FACET_0.2_fixed_label\sa_3735818.jpg,2,2,1,0,0.11114843189716339,2,2,2,1,0,0,1,1,1
G:\Thesis\FACET_Dataset\Segmented_FACET_0.2_fixed_label\sa_8092047.jpg,8,8,7,2,0.7001046538352966,7,7,7,6,1,1,0,1,0
G:\Thesis\FACET_Dataset\Segmented_FACET_0.2_fixed_label\sa_9203956.jpg,4,4,3,1,0.5226237177848816,6,6,6,5,1,2,0,0,1
G:\Thesis\FACET_Dataset\Segmented_FACET_0.2_fixed_label\sa_5267764.jpg,3,3,2,0,0.4592514932155609,5,5,5,4,1,2,0,0,0
G:\Thesis\FACET_Dataset\Segmented_FACET_0.2_fixed_label\sa_3379562.jpg,3,3,2,0,0.3091028332710266,4,4,4,3,1,1,0,1,0
G:\Thesis\FACET_Dataset\Segmented_FACET_0.2_fixed_label\sa_733589.jpg,4,4,3,1,0.5039330720901489,6,6,6,5,1,2,0,0,1
G:\Thesis\FACET_Dataset\Segmented_FACET_0.2_fixed_label\sa_10975486.jpg,3,3,2,0,0.5007417798042297,6,6,6,5,1,3,0,0,0
G:\Thesis\FACET_Dataset\Segmented_FACET_0.2_fixed_label\sa_4792156.jpg,2,2,1,0,0.09062641859054565,2,2,2,1,0,0,1,1,1
G:\Thesis\FACET_Dataset\Segmented_FACET_0.2_fixed_label\sa_22547.jpg,3,3,2,0,0.20562760531902313,3,3,3,2,0,0,1,1,1
G:\Thesis\FACET_Dataset\Segmented_FACET_0.2_fixed_label\sa_3810302.jpg,4,4,3,1,0.25860726833343506,3,3,3,2,0,1,0,1,0
G:\Thesis\FACET_Dataset\Segmented_FACET_0.2_fixed_label\sa_9646598.jpg,2,2,1,0,0.4663340449333191,5,5,5,4,1,3,0,0,0
G:\Thesis\FACET_Dataset\Segmented_FACET_0.2_fixed_label\sa_9389226.jpg,3,3,2,0,0.4373314380645752,5,5,5,4,1,2,0,0,0
G:\Thesis\FACET_Dataset\Segmented_FACET_0.2_fixed_label\sa_1229254.jpg,3,3,2,0,0.285273939371109,4,4,4,3,1,1,0,1,0
G:\Thesis\FACET_Dataset\Segmented_FACET_0.2_fixed_label\sa_1239725.jpg,7,7,6,1,0.49069663882255554,5,5,5,4,1,2,0,0,1
G:\Thesis\FACET_Dataset\Segmented_FACET_0.2_fixed_label\sa_8480488.jpg,3,3,2,0,0.40268927812576294,5,5,5,4,1,2,0,0,0
G:\Thesis\FACET_Dataset\Segmented_FACET_0.2_fixed_label\sa_4331908.jpg,3,3,2,0,0.3759857714176178,4,4,4,3,1,1,0,1,0
G:\Thesis\FACET_Dataset\Segmented_FACET_0.2_fixed_label\sa_2836781.jpg,2,2,1,0,0.2302980124950409,3,3,3,2,0,1,0,1,1
G:\Thesis\FACET_Dataset\Segmented_FACET_0.2_fixed_label\sa_7251813.jpg,3,3,2,0,0.08453591912984848,2,2,2,1,0,1,0,1,1
G:\Thesis\FACET_Dataset\Segmented_FACET_0.2_fixed_label\sa_8307874.jpg,4,4,3,1,0.25056198239326477,3,3,3,2,0,1,0,1,0
G:\Thesis\FACET_Dataset\Segmented_FACET_0.2_fixed_label\sa_9608704.jpg,4,4,3,1,0.9492862224578857,10,10,10,9,2,6,0,0,0
G:\Thesis\FACET_Dataset\Segmented_FACET_0.2_fixed_label\sa_3103553.jpg,2,2,1,0,0.2575858533382416,3,3,3,2,0,1,0,1,1
G:\Thesis\FACET_Dataset\Segmented_FACET_0.2_fixed_label\sa_9913515.jpg,2,2,1,0,0.21442461013793945,3,3,3,2,0,1,0,1,1
G:\Thesis\FACET_Dataset\Segmented_FACET_0.2_fixed_label\sa_8206267.jpg,6,6,5,1,0.41845738887786865,5,5,5,4,1,1,0,1,1
G:\Thesis\FACET_Dataset\Segmented_FACET_0.2_fixed_label\sa_6599988.jpg,3,3,2,0,0.1707010418176651,3,3,3,2,0,0,1,1,1
G:\Thesis\FACET_Dataset\Segmented_FACET_0.2_fixed_label\sa_9956268.jpg,2,2,1,0,0.11829330772161484,2,2,2,1,0,0,1,1,1
G:\Thesis\FACET_Dataset\Segmented_FACET_0.2_fixed_label\sa_347421.jpg,3,3,2,0,0.4077627658843994,5,5,5,4,1,2,0,0,0
G:\Thesis\FACET_Dataset\Segmented_FACET_0.2_fixed_label\sa_1661550.jpg,3,3,2,0,0.4590894877910614,5,5,5,4,1,2,0,0,0
G:\Thesis\FACET_Dataset\Segmented_FACET_0.2_fixed_label\sa_2993072.jpg,3,3,2,0,0.18161159753799438,3,3,3,2,0,0,1,1,1
G:\Thesis\FACET_Dataset\Segmented_FACET_0.2_fixed_label\sa_8076889.jpg,3,3,2,0,0.44001707434654236,5,5,5,4,1,2,0,0,0
G:\Thesis\FACET_Dataset\Segmented_FACET_0.2_fixed_label\sa_10662711.jpg,4,4,3,1,0.36568742990493774,4,4,4,3,1,0,1,1,1
G:\Thesis\FACET_Dataset\Segmented_FACET_0.2_fixed_label\sa_3401144.jpg,4,4,3,1,0.6274324655532837,7,7,7,6,1,3,0,0,1
G:\Thesis\FACET_Dataset\Segmented_FACET_0.2_fixed_label\sa_8470765.jpg,7,7,6,1,0.16431306302547455,2,2,2,1,0,5,0,0,0
G:\Thesis\FACET_Dataset\Segmented_FACET_0.2_fixed_label\sa_5526742.jpg,6,6,5,1,0.4354631006717682,5,5,5,4,1,1,0,1,1
G:\Thesis\FACET_Dataset\Segmented_FACET_0.2_fixed_label\sa_937545.jpg,5,5,4,1,0.4121715724468231,5,5,5,4,1,0,1,1,1
G:\Thesis\FACET_Dataset\Segmented_FACET_0.2_fixed_label\sa_2100985.jpg,3,3,2,0,0.032764941453933716,1,1,1,0,0,2,0,0,1
G:\Thesis\FACET_Dataset\Segmented_FACET_0.2_fixed_label\sa_8028499.jpg,4,4,3,1,0.43679937720298767,5,5,5,4,1,1,0,1,1
G:\Thesis\FACET_Dataset\Segmented_FACET_0.2_fixed_label\sa_1005917.jpg,3,3,2,0,0.2780195474624634,4,4,4,3,1,1,0,1,0
G:\Thesis\FACET_Dataset\Segmented_FACET_0.2_fixed_label\sa_9654190.jpg,3,3,2,0,0.17193107306957245,3,3,3,2,0,0,1,1,1
G:\Thesis\FACET_Dataset\Segmented_FACET_0.2_fixed_label\sa_766081.jpg,4,4,3,1,0.21584229171276093,3,3,3,2,0,1,0,1,0
G:\Thesis\FACET_Dataset\Segmented_FACET_0.2_fixed_label\sa_1181162.jpg,3,3,2,0,0.47802987694740295,5,5,5,4,1,2,0,0,0
