image_path,true_mst,true_class,true_bin,pred_class,pred_mst,pred_bin,abs_error,match_exact,match_pm1,match_bin
G:\Thesis\FACET_Dataset\Segmented_FACET_0.2_fixed_label\sa_9697495.jpg,5,4,1,4,5,1,0,1,1,1
G:\Thesis\FACET_Dataset\Segmented_FACET_0.2_fixed_label\sa_1932356.jpg,8,7,2,5,6,1,2,0,0,0
G:\Thesis\FACET_Dataset\Segmented_FACET_0.2_fixed_label\sa_2886046.jpg,7,6,1,5,6,1,1,0,1,1
G:\Thesis\FACET_Dataset\Segmented_FACET_0.2_fixed_label\sa_139877.jpg,6,5,1,6,7,1,1,0,1,1
G:\Thesis\FACET_Dataset\Segmented_FACET_0.2_fixed_label\sa_2588919.jpg,1,0,0,3,4,1,3,0,0,0
G:\Thesis\FACET_Dataset\Segmented_FACET_0.2_fixed_label\sa_1341163.jpg,2,1,0,6,7,1,5,0,0,0
G:\Thesis\FACET_Dataset\Segmented_FACET_0.2_fixed_label\sa_10944498.jpg,3,2,0,4,5,1,2,0,0,0
G:\Thesis\FACET_Dataset\Segmented_FACET_0.2_fixed_label\sa_6541816.jpg,2,1,0,3,4,1,2,0,0,0
G:\Thesis\FACET_Dataset\Segmented_FACET_0.2_fixed_label\sa_9204091.jpg,3,2,0,4,5,1,2,0,0,0
G:\Thesis\FACET_Dataset\Segmented_FACET_0.2_fixed_label\sa_1794471.jpg,6,5,1,5,6,1,0,1,1,1
G:\Thesis\FACET_Dataset\Segmented_FACET_0.2_fixed_label\sa_1202642.jpg,2,1,0,2,3,0,1,0,1,1
G:\Thesis\FACET_Dataset\Segmented_FACET_0.2_fixed_label\sa_6451924.jpg,4,3,1,3,4,1,0,1,1,1
G:\Thesis\FACET_Dataset\Segmented_FACET_0.2_fixed_label\sa_925056.jpg,2,1,0,2,3,0,1,0,1,1
G:\Thesis\FACET_Dataset\Segmented_FACET_0.2_fixed_label\sa_2902486.jpg,5,4,1,4,5,1,0,1,1,1
G:\Thesis\FACET_Dataset\Segmented_FACET_0.2_fixed_label\sa_8240546.jpg,6,5,1,2,3,0,3,0,0,0
G:\Thesis\FACET_Dataset\Segmented_FACET_0.2_fixed_label\sa_7532286.jpg,7,6,1,4,5,1,2,0,0,1
G:\Thesis\FACET_Dataset\Segmented_FACET_0.2_fixed_label\sa_9040041.jpg,2,1,0,5,6,1,4,0,0,0
G:\Thesis\FACET_Dataset\Segmented_FACET_0.2_fixed_label\sa_8353651.jpg,6,5,1,5,6,1,0,1,1,1
G:\Thesis\FACET_Dataset\Segmented_FACET_0.2_fixed_label\sa_1485699.jpg,4,3,1,3,4,1,0,1,1,1
G:\Thesis\FACET_Dataset\Segmented_FACET_0.2_fixed_label\sa_9001690.jpg,6,5,1,5,6,1,0,1,1,1
G:\Thesis\FACET_Dataset\Segmented_FACET_0.2_fixed_label\sa_3731678.jpg,3,2,0,1,2,0,1,0,1,1
G:\Thesis\FACET_Dataset\Segmented_FACET_0.2_fixed_label\sa_9831256.jpg,3,2,0,3,4,1,1,0,1,0
G:\Thesis\FACET_Dataset\Segmented_FACET_0.2_fixed_label\sa_2113904.jpg,4,3,1,5,6,1,2,0,0,1
G:\Thesis\FACET_Dataset\Segmented_FACET_0.2_fixed_label\sa_4231211.jpg,3,2,0,2,3,0,0,1,1,1
G:\Thesis\FACET_Dataset\Segmented_FACET_0.2_fixed_label\sa_1042307.jpg,1,0,0,3,4,1,3,0,0,0
G:\Thesis\FACET_Dataset\Segmented_FACET_0.2_fixed_label\sa_2413075.jpg,4,3,1,5,6,1,2,0,0,1
G:\Thesis\FACET_Dataset\Segmented_FACET_0.2_fixed_label\sa_4360530.jpg,4,3,1,5,6,1,2,0,0,1
G:\Thesis\FACET_Dataset\Segmented_FACET_0.2_fixed_label\sa_1962392.jpg,1,0,0,3,4,1,3,0,0,0
G:\Thesis\FACET_Dataset\Segmented_FACET_0.2_fixed_label\sa_7298856.jpg,3,2,0,3,4,1,1,0,1,0
G:\Thesis\FACET_Dataset\Segmented_FACET_0.2_fixed_label\sa_3961443.jpg,4,3,1,4,5,1,1,0,1,1
G:\Thesis\FACET_Dataset\Segmented_FACET_0.2_fixed_label\sa_5627781.jpg,3,2,0,4,5,1,2,0,0,0
G:\Thesis\FACET_Dataset\Segmented_FACET_0.2_fixed_label\sa_9703296.jpg,3,2,0,2,3,0,0,1,1,1
G:\Thesis\FACET_Dataset\Segmented_FACET_0.2_fixed_label\sa_10229001.jpg,5,4,1,5,6,1,1,0,1,1
G:\Thesis\FACET_Dataset\Segmented_FACET_0.2_fixed_label\sa_977124.jpg,4,3,1,5,6,1,2,0,0,1
G:\Thesis\FACET_Dataset\Segmented_FACET_0.2_fixed_label\sa_1142603.jpg,1,0,0,3,4,1,3,0,0,0
G:\Thesis\FACET_Dataset\Segmented_FACET_0.2_fixed_label\sa_9203310.jpg,5,4,1,1,2,0,3,0,0,0
G:\Thesis\FACET_Dataset\Segmented_FACET_0.2_fixed_label\sa_10205156.jpg,2,1,0,5,6,1,4,0,0,0
G:\Thesis\FACET_Dataset\Segmented_FACET_0.2_fixed_label\sa_6070288.jpg,2,1,0,3,4,1,2,0,0,0
G:\Thesis\FACET_Dataset\Segmented_FACET_0.2_fixed_label\sa_1436790.jpg,5,4,1,1,2,0,3,0,0,0
G:\Thesis\FACET_Dataset\Segmented_FACET_0.2_fixed_label\sa_7681701.jpg,8,7,2,5,6,1,2,0,0,0
G:\Thesis\FACET_Dataset\Segmented_FACET_0.2_fixed_label\sa_1545952.jpg,5,4,1,5,6,1,1,0,1,1
G:\Thesis\FACET_Dataset\Segmented_FACET_0.2_fixed_label\sa_1088001.jpg,4,3,1,4,5,1,1,0,1,1
G:\Thesis\FACET_Dataset\Segmented_FACET_0.2_fixed_label\sa_10179814.jpg,3,2,0,4,5,1,2,0,0,0
G:\Thesis\FACET_Dataset\Segmented_FACET_0.2_fixed_label\sa_1059464.jpg,3,2,0,5,6,1,3,0,0,0
G:\Thesis\FACET_Dataset\Segmented_FACET_0.2_fixed_label\sa_3488835.jpg,2,1,0,5,6,1,4,0,0,0
G:\Thesis\FACET_Dataset\Segmented_FACET_0.2_fixed_label\sa_2602587.jpg,6,5,1,5,6,1,0,1,1,1
G:\Thesis\FACET_Dataset\Segmented_FACET_0.2_fixed_label\sa_6573159.jpg,2,1,0,3,4,1,2,0,0,0
G:\Thesis\FACET_Dataset\Segmented_FACET_0.2_fixed_label\sa_7603598.jpg,4,3,1,5,6,1,2,0,0,1
G:\Thesis\FACET_Dataset\Segmented_FACET_0.2_fixed_label\sa_952833.jpg,5,4,1,3,4,1,1,0,1,1
G:\Thesis\FACET_Dataset\Segmented_FACET_0.2_fixed_label\sa_3092028.jpg,7,6,1,5,6,1,1,0,1,1
G:\Thesis\FACET_Dataset\Segmented_FACET_0.2_fixed_label\sa_7820095.jpg,3,2,0,5,6,1,3,0,0,0
G:\Thesis\FACET_Dataset\Segmented_FACET_0.2_fixed_label\sa_3331505.jpg,4,3,1,3,4,1,0,1,1,1
G:\Thesis\FACET_Dataset\Segmented_FACET_0.2_fixed_label\sa_1105627.jpg,3,2,0,3,4,1,1,0,1,0
G:\Thesis\FACET_Dataset\Segmented_FACET_0.2_fixed_label\sa_2052584.jpg,4,3,1,7,8,2,4,0,0,0
G:\Thesis\FACET_Dataset\Segmented_FACET_0.2_fixed_label\sa_1794471.jpg,6,5,1,5,6,1,0,1,1,1
G:\Thesis\FACET_Dataset\Segmented_FACET_0.2_fixed_label\sa_4372129.jpg,4,3,1,4,5,1,1,0,1,1
G:\Thesis\FACET_Dataset\Segmented_FACET_0.2_fixed_label\sa_8445002.jpg,1,0,0,1,2,0,1,0,1,1
G:\Thesis\FACET_Dataset\Segmented_FACET_0.2_fixed_label\sa_9972151.jpg,8,7,2,4,5,1,3,0,0,0
G:\Thesis\FACET_Dataset\Segmented_FACET_0.2_fixed_label\sa_2387642.jpg,6,5,1,4,5,1,1,0,1,1
G:\Thesis\FACET_Dataset\Segmented_FACET_0.2_fixed_label\sa_11119461.jpg,6,5,1,5,6,1,0,1,1,1
G:\Thesis\FACET_Dataset\Segmented_FACET_0.2_fixed_label\sa_4399865.jpg,5,4,1,2,3,0,2,0,0,0
G:\Thesis\FACET_Dataset\Segmented_FACET_0.2_fixed_label\sa_9306004.jpg,7,6,1,4,5,1,2,0,0,1
G:\Thesis\FACET_Dataset\Segmented_FACET_0.2_fixed_label\sa_5004972.jpg,5,4,1,5,6,1,1,0,1,1
G:\Thesis\FACET_Dataset\Segmented_FACET_0.2_fixed_label\sa_7084183.jpg,4,3,1,3,4,1,0,1,1,1
G:\Thesis\FACET_Dataset\Segmented_FACET_0.2_fixed_label\sa_629152.jpg,2,1,0,5,6,1,4,0,0,0
G:\Thesis\FACET_Dataset\Segmented_FACET_0.2_fixed_label\sa_3533680.jpg,5,4,1,5,6,1,1,0,1,1
G:\Thesis\FACET_Dataset\Segmented_FACET_0.2_fixed_label\sa_9391484.jpg,2,1,0,1,2,0,0,1,1,1
G:\Thesis\FACET_Dataset\Segmented_FACET_0.2_fixed_label\sa_10545112.jpg,4,3,1,3,4,1,0,1,1,1
G:\Thesis\FACET_Dataset\Segmented_FACET_0.2_fixed_label\sa_8601645.jpg,4,3,1,5,6,1,2,0,0,1
G:\Thesis\FACET_Dataset\Segmented_FACET_0.2_fixed_label\sa_656234.jpg,3,2,0,1,2,0,1,0,1,1
G:\Thesis\FACET_Dataset\Segmented_FACET_0.2_fixed_label\sa_6799536.jpg,2,1,0,2,3,0,1,0,1,1
G:\Thesis\FACET_Dataset\Segmented_FACET_0.2_fixed_label\sa_10322551.jpg,4,3,1,3,4,1,0,1,1,1
G:\Thesis\FACET_Dataset\Segmented_FACET_0.2_fixed_label\sa_9063408.jpg,5,4,1,3,4,1,1,0,1,1
G:\Thesis\FACET_Dataset\Segmented_FACET_0.2_fixed_label\sa_285338.jpg,3,2,0,5,6,1,3,0,0,0
G:\Thesis\FACET_Dataset\Segmented_FACET_0.2_fixed_label\sa_7350370.jpg,4,3,1,4,5,1,1,0,1,1
G:\Thesis\FACET_Dataset\Segmented_FACET_0.2_fixed_label\sa_7382036.jpg,6,5,1,1,2,0,4,0,0,0
G:\Thesis\FACET_Dataset\Segmented_FACET_0.2_fixed_label\sa_7460164.jpg,8,7,2,8,9,2,1,0,1,1
G:\Thesis\FACET_Dataset\Segmented_FACET_0.2_fixed_label\sa_3780148.jpg,2,1,0,5,6,1,4,0,0,0
G:\Thesis\FACET_Dataset\Segmented_FACET_0.2_fixed_label\sa_1219405.jpg,1,0,0,3,4,1,3,0,0,0
G:\Thesis\FACET_Dataset\Segmented_FACET_0.2_fixed_label\sa_9634095.jpg,6,5,1,6,7,1,1,0,1,1
G:\Thesis\FACET_Dataset\Segmented_FACET_0.2_fixed_label\sa_2526175.jpg,2,1,0,5,6,1,4,0,0,0
G:\Thesis\FACET_Dataset\Segmented_FACET_0.2_fixed_label\sa_3801954.jpg,3,2,0,3,4,1,1,0,1,0
G:\Thesis\FACET_Dataset\Segmented_FACET_0.2_fixed_label\sa_1316937.jpg,5,4,1,5,6,1,1,0,1,1
G:\Thesis\FACET_Dataset\Segmented_FACET_0.2_fixed_label\sa_672871.jpg,5,4,1,0,1,0,4,0,0,0
G:\Thesis\FACET_Dataset\Segmented_FACET_0.2_fixed_label\sa_3434362.jpg,4,3,1,5,6,1,2,0,0,1
G:\Thesis\FACET_Dataset\Segmented_FACET_0.2_fixed_label\sa_1115411.jpg,2,1,0,2,3,0,1,0,1,1
G:\Thesis\FACET_Dataset\Segmented_FACET_0.2_fixed_label\sa_5690114.jpg,4,3,1,3,4,1,0,1,1,1
G:\Thesis\FACET_Dataset\Segmented_FACET_0.2_fixed_label\sa_4612919.jpg,4,3,1,5,6,1,2,0,0,1
G:\Thesis\FACET_Dataset\Segmented_FACET_0.2_fixed_label\sa_8075696.jpg,1,0,0,3,4,1,3,0,0,0
G:\Thesis\FACET_Dataset\Segmented_FACET_0.2_fixed_label\sa_5961197.jpg,4,3,1,6,7,1,3,0,0,1
G:\Thesis\FACET_Dataset\Segmented_FACET_0.2_fixed_label\sa_6004743.jpg,3,2,0,3,4,1,1,0,1,0
G:\Thesis\FACET_Dataset\Segmented_FACET_0.2_fixed_label\sa_5453598.jpg,4,3,1,4,5,1,1,0,1,1
G:\Thesis\FACET_Dataset\Segmented_FACET_0.2_fixed_label\sa_1710488.jpg,2,1,0,4,5,1,3,0,0,0
G:\Thesis\FACET_Dataset\Segmented_FACET_0.2_fixed_label\sa_5846110.jpg,3,2,0,4,5,1,2,0,0,0
G:\Thesis\FACET_Dataset\Segmented_FACET_0.2_fixed_label\sa_9389226.jpg,3,2,0,3,4,1,1,0,1,0
G:\Thesis\FACET_Dataset\Segmented_FACET_0.2_fixed_label\sa_9195129.jpg,3,2,0,3,4,1,1,0,1,0
G:\Thesis\FACET_Dataset\Segmented_FACET_0.2_fixed_label\sa_10697571.jpg,5,4,1,4,5,1,0,1,1,1
G:\Thesis\FACET_Dataset\Segmented_FACET_0.2_fixed_label\sa_804458.jpg,4,3,1,5,6,1,2,0,0,1
G:\Thesis\FACET_Dataset\Segmented_FACET_0.2_fixed_label\sa_1535685.jpg,3,2,0,3,4,1,1,0,1,0
G:\Thesis\FACET_Dataset\Segmented_FACET_0.2_fixed_label\sa_3257498.jpg,5,4,1,5,6,1,1,0,1,1
G:\Thesis\FACET_Dataset\Segmented_FACET_0.2_fixed_label\sa_247280.jpg,4,3,1,4,5,1,1,0,1,1
G:\Thesis\FACET_Dataset\Segmented_FACET_0.2_fixed_label\sa_2857909.jpg,3,2,0,2,3,0,0,1,1,1
G:\Thesis\FACET_Dataset\Segmented_FACET_0.2_fixed_label\sa_9177167.jpg,3,2,0,1,2,0,1,0,1,1
G:\Thesis\FACET_Dataset\Segmented_FACET_0.2_fixed_label\sa_5091001.jpg,4,3,1,4,5,1,1,0,1,1
G:\Thesis\FACET_Dataset\Segmented_FACET_0.2_fixed_label\sa_1480212.jpg,6,5,1,4,5,1,1,0,1,1
G:\Thesis\FACET_Dataset\Segmented_FACET_0.2_fixed_label\sa_978323.jpg,3,2,0,2,3,0,0,1,1,1
G:\Thesis\FACET_Dataset\Segmented_FACET_0.2_fixed_label\sa_3918447.jpg,7,6,1,7,8,2,1,0,1,0
G:\Thesis\FACET_Dataset\Segmented_FACET_0.2_fixed_label\sa_8855228.jpg,4,3,1,3,4,1,0,1,1,1
G:\Thesis\FACET_Dataset\Segmented_FACET_0.2_fixed_label\sa_6685030.jpg,1,0,0,5,6,1,5,0,0,0
G:\Thesis\FACET_Dataset\Segmented_FACET_0.2_fixed_label\sa_2110175.jpg,3,2,0,4,5,1,2,0,0,0
G:\Thesis\FACET_Dataset\Segmented_FACET_0.2_fixed_label\sa_6189368.jpg,6,5,1,5,6,1,0,1,1,1
G:\Thesis\FACET_Dataset\Segmented_FACET_0.2_fixed_label\sa_2052584.jpg,7,6,1,7,8,2,1,0,1,0
G:\Thesis\FACET_Dataset\Segmented_FACET_0.2_fixed_label\sa_4582280.jpg,3,2,0,5,6,1,3,0,0,0
G:\Thesis\FACET_Dataset\Segmented_FACET_0.2_fixed_label\sa_122128.jpg,2,1,0,3,4,1,2,0,0,0
G:\Thesis\FACET_Dataset\Segmented_FACET_0.2_fixed_label\sa_8576130.jpg,6,5,1,5,6,1,0,1,1,1
G:\Thesis\FACET_Dataset\Segmented_FACET_0.2_fixed_label\sa_7912660.jpg,5,4,1,4,5,1,0,1,1,1
G:\Thesis\FACET_Dataset\Segmented_FACET_0.2_fixed_label\sa_4630686.jpg,5,4,1,4,5,1,0,1,1,1
G:\Thesis\FACET_Dataset\Segmented_FACET_0.2_fixed_label\sa_1978583.jpg,2,1,0,4,5,1,3,0,0,0
G:\Thesis\FACET_Dataset\Segmented_FACET_0.2_fixed_label\sa_284097.jpg,3,2,0,4,5,1,2,0,0,0
G:\Thesis\FACET_Dataset\Segmented_FACET_0.2_fixed_label\sa_11053641.jpg,6,5,1,4,5,1,1,0,1,1
G:\Thesis\FACET_Dataset\Segmented_FACET_0.2_fixed_label\sa_4805863.jpg,4,3,1,4,5,1,1,0,1,1
G:\Thesis\FACET_Dataset\Segmented_FACET_0.2_fixed_label\sa_113089.jpg,2,1,0,1,2,0,0,1,1,1
G:\Thesis\FACET_Dataset\Segmented_FACET_0.2_fixed_label\sa_5100151.jpg,1,0,0,2,3,0,2,0,0,1
G:\Thesis\FACET_Dataset\Segmented_FACET_0.2_fixed_label\sa_4107516.jpg,1,0,0,1,2,0,1,0,1,1
G:\Thesis\FACET_Dataset\Segmented_FACET_0.2_fixed_label\sa_9382804.jpg,3,2,0,4,5,1,2,0,0,0
G:\Thesis\FACET_Dataset\Segmented_FACET_0.2_fixed_label\sa_7484617.jpg,3,2,0,1,2,0,1,0,1,1
G:\Thesis\FACET_Dataset\Segmented_FACET_0.2_fixed_label\sa_10915751.jpg,9,8,2,2,3,0,6,0,0,0
G:\Thesis\FACET_Dataset\Segmented_FACET_0.2_fixed_label\sa_10582570.jpg,2,1,0,3,4,1,2,0,0,0
G:\Thesis\FACET_Dataset\Segmented_FACET_0.2_fixed_label\sa_2799519.jpg,3,2,0,4,5,1,2,0,0,0
G:\Thesis\FACET_Dataset\Segmented_FACET_0.2_fixed_label\sa_10173219.jpg,5,4,1,3,4,1,1,0,1,1
G:\Thesis\FACET_Dataset\Segmented_FACET_0.2_fixed_label\sa_2233957.jpg,6,5,1,6,7,1,1,0,1,1
G:\Thesis\FACET_Dataset\Segmented_FACET_0.2_fixed_label\sa_6753727.jpg,2,1,0,1,2,0,0,1,1,1
G:\Thesis\FACET_Dataset\Segmented_FACET_0.2_fixed_label\sa_9744269.jpg,4,3,1,5,6,1,2,0,0,1
G:\Thesis\FACET_Dataset\Segmented_FACET_0.2_fixed_label\sa_9822578.jpg,3,2,0,3,4,1,1,0,1,0
G:\Thesis\FACET_Dataset\Segmented_FACET_0.2_fixed_label\sa_7969661.jpg,4,3,1,4,5,1,1,0,1,1
G:\Thesis\FACET_Dataset\Segmented_FACET_0.2_fixed_label\sa_6240060.jpg,4,3,1,4,5,1,1,0,1,1
G:\Thesis\FACET_Dataset\Segmented_FACET_0.2_fixed_label\sa_4674923.jpg,8,7,2,5,6,1,2,0,0,0
G:\Thesis\FACET_Dataset\Segmented_FACET_0.2_fixed_label\sa_2212636.jpg,5,4,1,3,4,1,1,0,1,1
G:\Thesis\FACET_Dataset\Segmented_FACET_0.2_fixed_label\sa_5695505.jpg,2,1,0,4,5,1,3,0,0,0
G:\Thesis\FACET_Dataset\Segmented_FACET_0.2_fixed_label\sa_6926938.jpg,3,2,0,3,4,1,1,0,1,0
G:\Thesis\FACET_Dataset\Segmented_FACET_0.2_fixed_label\sa_3856553.jpg,4,3,1,4,5,1,1,0,1,1
G:\Thesis\FACET_Dataset\Segmented_FACET_0.2_fixed_label\sa_364774.jpg,5,4,1,2,3,0,2,0,0,0
G:\Thesis\FACET_Dataset\Segmented_FACET_0.2_fixed_label\sa_10456335.jpg,6,5,1,2,3,0,3,0,0,0
G:\Thesis\FACET_Dataset\Segmented_FACET_0.2_fixed_label\sa_4811282.jpg,4,3,1,3,4,1,0,1,1,1
G:\Thesis\FACET_Dataset\Segmented_FACET_0.2_fixed_label\sa_3411310.jpg,2,1,0,3,4,1,2,0,0,0
G:\Thesis\FACET_Dataset\Segmented_FACET_0.2_fixed_label\sa_2288577.jpg,5,4,1,3,4,1,1,0,1,1
G:\Thesis\FACET_Dataset\Segmented_FACET_0.2_fixed_label\sa_4086321.jpg,4,3,1,5,6,1,2,0,0,1
G:\Thesis\FACET_Dataset\Segmented_FACET_0.2_fixed_label\sa_5733627.jpg,4,3,1,6,7,1,3,0,0,1
G:\Thesis\FACET_Dataset\Segmented_FACET_0.2_fixed_label\sa_1987164.jpg,5,4,1,3,4,1,1,0,1,1
G:\Thesis\FACET_Dataset\Segmented_FACET_0.2_fixed_label\sa_2649633.jpg,3,2,0,2,3,0,0,1,1,1
G:\Thesis\FACET_Dataset\Segmented_FACET_0.2_fixed_label\sa_8683243.jpg,6,5,1,5,6,1,0,1,1,1
G:\Thesis\FACET_Dataset\Segmented_FACET_0.2_fixed_label\sa_4878921.jpg,4,3,1,3,4,1,0,1,1,1
G:\Thesis\FACET_Dataset\Segmented_FACET_0.2_fixed_label\sa_3554706.jpg,2,1,0,1,2,0,0,1,1,1
G:\Thesis\FACET_Dataset\Segmented_FACET_0.2_fixed_label\sa_9755513.jpg,2,1,0,3,4,1,2,0,0,0
G:\Thesis\FACET_Dataset\Segmented_FACET_0.2_fixed_label\sa_4388342.jpg,6,5,1,5,6,1,0,1,1,1
G:\Thesis\FACET_Dataset\Segmented_FACET_0.2_fixed_label\sa_896542.jpg,6,5,1,4,5,1,1,0,1,1
G:\Thesis\FACET_Dataset\Segmented_FACET_0.2_fixed_label\sa_4185185.jpg,3,2,0,3,4,1,1,0,1,0
G:\Thesis\FACET_Dataset\Segmented_FACET_0.2_fixed_label\sa_2784473.jpg,3,2,0,5,6,1,3,0,0,0
G:\Thesis\FACET_Dataset\Segmented_FACET_0.2_fixed_label\sa_753963.jpg,3,2,0,3,4,1,1,0,1,0
G:\Thesis\FACET_Dataset\Segmented_FACET_0.2_fixed_label\sa_5553191.jpg,2,1,0,3,4,1,2,0,0,0
G:\Thesis\FACET_Dataset\Segmented_FACET_0.2_fixed_label\sa_5976402.jpg,3,2,0,5,6,1,3,0,0,0
G:\Thesis\FACET_Dataset\Segmented_FACET_0.2_fixed_label\sa_5159556.jpg,4,3,1,4,5,1,1,0,1,1
G:\Thesis\FACET_Dataset\Segmented_FACET_0.2_fixed_label\sa_5067573.jpg,2,1,0,4,5,1,3,0,0,0
G:\Thesis\FACET_Dataset\Segmented_FACET_0.2_fixed_label\sa_6788791.jpg,4,3,1,5,6,1,2,0,0,1
G:\Thesis\FACET_Dataset\Segmented_FACET_0.2_fixed_label\sa_6071782.jpg,4,3,1,3,4,1,0,1,1,1
G:\Thesis\FACET_Dataset\Segmented_FACET_0.2_fixed_label\sa_4455432.jpg,7,6,1,3,4,1,3,0,0,1
G:\Thesis\FACET_Dataset\Segmented_FACET_0.2_fixed_label\sa_6761839.jpg,3,2,0,5,6,1,3,0,0,0
G:\Thesis\FACET_Dataset\Segmented_FACET_0.2_fixed_label\sa_10695373.jpg,6,5,1,5,6,1,0,1,1,1
G:\Thesis\FACET_Dataset\Segmented_FACET_0.2_fixed_label\sa_5564154.jpg,5,4,1,5,6,1,1,0,1,1
G:\Thesis\FACET_Dataset\Segmented_FACET_0.2_fixed_label\sa_1144511.jpg,2,1,0,3,4,1,2,0,0,0
G:\Thesis\FACET_Dataset\Segmented_FACET_0.2_fixed_label\sa_3281135.jpg,4,3,1,5,6,1,2,0,0,1
G:\Thesis\FACET_Dataset\Segmented_FACET_0.2_fixed_label\sa_11061925.jpg,6,5,1,3,4,1,2,0,0,1
G:\Thesis\FACET_Dataset\Segmented_FACET_0.2_fixed_label\sa_10384128.jpg,2,1,0,2,3,0,1,0,1,1
G:\Thesis\FACET_Dataset\Segmented_FACET_0.2_fixed_label\sa_1297854.jpg,4,3,1,2,3,0,1,0,1,0
G:\Thesis\FACET_Dataset\Segmented_FACET_0.2_fixed_label\sa_4199584.jpg,2,1,0,4,5,1,3,0,0,0
G:\Thesis\FACET_Dataset\Segmented_FACET_0.2_fixed_label\sa_8179971.jpg,7,6,1,4,5,1,2,0,0,1
G:\Thesis\FACET_Dataset\Segmented_FACET_0.2_fixed_label\sa_4068101.jpg,3,2,0,4,5,1,2,0,0,0
G:\Thesis\FACET_Dataset\Segmented_FACET_0.2_fixed_label\sa_2058617.jpg,3,2,0,4,5,1,2,0,0,0
G:\Thesis\FACET_Dataset\Segmented_FACET_0.2_fixed_label\sa_155230.jpg,2,1,0,3,4,1,2,0,0,0
G:\Thesis\FACET_Dataset\Segmented_FACET_0.2_fixed_label\sa_10181591.jpg,2,1,0,6,7,1,5,0,0,0
G:\Thesis\FACET_Dataset\Segmented_FACET_0.2_fixed_label\sa_8677687.jpg,3,2,0,2,3,0,0,1,1,1
G:\Thesis\FACET_Dataset\Segmented_FACET_0.2_fixed_label\sa_1950587.jpg,6,5,1,5,6,1,0,1,1,1
G:\Thesis\FACET_Dataset\Segmented_FACET_0.2_fixed_label\sa_6286495.jpg,2,1,0,1,2,0,0,1,1,1
G:\Thesis\FACET_Dataset\Segmented_FACET_0.2_fixed_label\sa_341686.jpg,4,3,1,3,4,1,0,1,1,1
G:\Thesis\FACET_Dataset\Segmented_FACET_0.2_fixed_label\sa_1071665.jpg,3,2,0,3,4,1,1,0,1,0
G:\Thesis\FACET_Dataset\Segmented_FACET_0.2_fixed_label\sa_4101522.jpg,6,5,1,2,3,0,3,0,0,0
G:\Thesis\FACET_Dataset\Segmented_FACET_0.2_fixed_label\sa_1671319.jpg,3,2,0,2,3,0,0,1,1,1
G:\Thesis\FACET_Dataset\Segmented_FACET_0.2_fixed_label\sa_3088315.jpg,4,3,1,2,3,0,1,0,1,0
G:\Thesis\FACET_Dataset\Segmented_FACET_0.2_fixed_label\sa_2773879.jpg,3,2,0,3,4,1,1,0,1,0
G:\Thesis\FACET_Dataset\Segmented_FACET_0.2_fixed_label\sa_125944.jpg,3,2,0,4,5,1,2,0,0,0
G:\Thesis\FACET_Dataset\Segmented_FACET_0.2_fixed_label\sa_4209015.jpg,2,1,0,1,2,0,0,1,1,1
G:\Thesis\FACET_Dataset\Segmented_FACET_0.2_fixed_label\sa_10375379.jpg,2,1,0,3,4,1,2,0,0,0
G:\Thesis\FACET_Dataset\Segmented_FACET_0.2_fixed_label\sa_8915983.jpg,2,1,0,2,3,0,1,0,1,1
G:\Thesis\FACET_Dataset\Segmented_FACET_0.2_fixed_label\sa_2219379.jpg,3,2,0,1,2,0,1,0,1,1
G:\Thesis\FACET_Dataset\Segmented_FACET_0.2_fixed_label\sa_4596362.jpg,3,2,0,2,3,0,0,1,1,1
G:\Thesis\FACET_Dataset\Segmented_FACET_0.2_fixed_label\sa_5922100.jpg,2,1,0,4,5,1,3,0,0,0
G:\Thesis\FACET_Dataset\Segmented_FACET_0.2_fixed_label\sa_5603229.jpg,4,3,1,3,4,1,0,1,1,1
G:\Thesis\FACET_Dataset\Segmented_FACET_0.2_fixed_label\sa_11092989.jpg,4,3,1,5,6,1,2,0,0,1
G:\Thesis\FACET_Dataset\Segmented_FACET_0.2_fixed_label\sa_752592.jpg,3,2,0,4,5,1,2,0,0,0
G:\Thesis\FACET_Dataset\Segmented_FACET_0.2_fixed_label\sa_5678360.jpg,2,1,0,1,2,0,0,1,1,1
G:\Thesis\FACET_Dataset\Segmented_FACET_0.2_fixed_label\sa_10151811.jpg,3,2,0,2,3,0,0,1,1,1
G:\Thesis\FACET_Dataset\Segmented_FACET_0.2_fixed_label\sa_2831967.jpg,3,2,0,3,4,1,1,0,1,0
G:\Thesis\FACET_Dataset\Segmented_FACET_0.2_fixed_label\sa_6777949.jpg,4,3,1,3,4,1,0,1,1,1
G:\Thesis\FACET_Dataset\Segmented_FACET_0.2_fixed_label\sa_3097315.jpg,3,2,0,1,2,0,1,0,1,1
G:\Thesis\FACET_Dataset\Segmented_FACET_0.2_fixed_label\sa_8492689.jpg,6,5,1,4,5,1,1,0,1,1
G:\Thesis\FACET_Dataset\Segmented_FACET_0.2_fixed_label\sa_7201095.jpg,2,1,0,3,4,1,2,0,0,0
G:\Thesis\FACET_Dataset\Segmented_FACET_0.2_fixed_label\sa_1780912.jpg,6,5,1,1,2,0,4,0,0,0
G:\Thesis\FACET_Dataset\Segmented_FACET_0.2_fixed_label\sa_7747475.jpg,2,1,0,1,2,0,0,1,1,1
G:\Thesis\FACET_Dataset\Segmented_FACET_0.2_fixed_label\sa_4313887.jpg,5,4,1,3,4,1,1,0,1,1
G:\Thesis\FACET_Dataset\Segmented_FACET_0.2_fixed_label\sa_10229266.jpg,4,3,1,4,5,1,1,0,1,1
G:\Thesis\FACET_Dataset\Segmented_FACET_0.2_fixed_label\sa_2800960.jpg,3,2,0,1,2,0,1,0,1,1
G:\Thesis\FACET_Dataset\Segmented_FACET_0.2_fixed_label\sa_6370604.jpg,2,1,0,1,2,0,0,1,1,1
G:\Thesis\FACET_Dataset\Segmented_FACET_0.2_fixed_label\sa_1736638.jpg,3,2,0,3,4,1,1,0,1,0
G:\Thesis\FACET_Dataset\Segmented_FACET_0.2_fixed_label\sa_8814832.jpg,5,4,1,5,6,1,1,0,1,1
G:\Thesis\FACET_Dataset\Segmented_FACET_0.2_fixed_label\sa_5812567.jpg,2,1,0,4,5,1,3,0,0,0
G:\Thesis\FACET_Dataset\Segmented_FACET_0.2_fixed_label\sa_8331923.jpg,3,2,0,4,5,1,2,0,0,0
G:\Thesis\FACET_Dataset\Segmented_FACET_0.2_fixed_label\sa_3789797.jpg,6,5,1,5,6,1,0,1,1,1
G:\Thesis\FACET_Dataset\Segmented_FACET_0.2_fixed_label\sa_6741861.jpg,2,1,0,5,6,1,4,0,0,0
G:\Thesis\FACET_Dataset\Segmented_FACET_0.2_fixed_label\sa_7391705.jpg,1,0,0,1,2,0,1,0,1,1
G:\Thesis\FACET_Dataset\Segmented_FACET_0.2_fixed_label\sa_2068797.jpg,2,1,0,1,2,0,0,1,1,1
G:\Thesis\FACET_Dataset\Segmented_FACET_0.2_fixed_label\sa_6045725.jpg,6,5,1,4,5,1,1,0,1,1
G:\Thesis\FACET_Dataset\Segmented_FACET_0.2_fixed_label\sa_8252861.jpg,3,2,0,2,3,0,0,1,1,1
G:\Thesis\FACET_Dataset\Segmented_FACET_0.2_fixed_label\sa_8128966.jpg,2,1,0,2,3,0,1,0,1,1
G:\Thesis\FACET_Dataset\Segmented_FACET_0.2_fixed_label\sa_9898095.jpg,3,2,0,2,3,0,0,1,1,1
G:\Thesis\FACET_Dataset\Segmented_FACET_0.2_fixed_label\sa_359136.jpg,3,2,0,4,5,1,2,0,0,0
G:\Thesis\FACET_Dataset\Segmented_FACET_0.2_fixed_label\sa_5963197.jpg,2,1,0,1,2,0,0,1,1,1
G:\Thesis\FACET_Dataset\Segmented_FACET_0.2_fixed_label\sa_10900054.jpg,5,4,1,2,3,0,2,0,0,0
G:\Thesis\FACET_Dataset\Segmented_FACET_0.2_fixed_label\sa_5085852.jpg,5,4,1,5,6,1,1,0,1,1
G:\Thesis\FACET_Dataset\Segmented_FACET_0.2_fixed_label\sa_7244016.jpg,2,1,0,1,2,0,0,1,1,1
G:\Thesis\FACET_Dataset\Segmented_FACET_0.2_fixed_label\sa_2215123.jpg,2,1,0,2,3,0,1,0,1,1
G:\Thesis\FACET_Dataset\Segmented_FACET_0.2_fixed_label\sa_9062228.jpg,4,3,1,5,6,1,2,0,0,1
G:\Thesis\FACET_Dataset\Segmented_FACET_0.2_fixed_label\sa_4871209.jpg,4,3,1,3,4,1,0,1,1,1
G:\Thesis\FACET_Dataset\Segmented_FACET_0.2_fixed_label\sa_8140139.jpg,6,5,1,4,5,1,1,0,1,1
G:\Thesis\FACET_Dataset\Segmented_FACET_0.2_fixed_label\sa_5651632.jpg,6,5,1,2,3,0,3,0,0,0
G:\Thesis\FACET_Dataset\Segmented_FACET_0.2_fixed_label\sa_10189697.jpg,7,6,1,6,7,1,0,1,1,1
G:\Thesis\FACET_Dataset\Segmented_FACET_0.2_fixed_label\sa_5633505.jpg,3,2,0,3,4,1,1,0,1,0
G:\Thesis\FACET_Dataset\Segmented_FACET_0.2_fixed_label\sa_11074209.jpg,2,1,0,3,4,1,2,0,0,0
G:\Thesis\FACET_Dataset\Segmented_FACET_0.2_fixed_label\sa_2583896.jpg,6,5,1,3,4,1,2,0,0,1
G:\Thesis\FACET_Dataset\Segmented_FACET_0.2_fixed_label\sa_5980863.jpg,3,2,0,5,6,1,3,0,0,0
G:\Thesis\FACET_Dataset\Segmented_FACET_0.2_fixed_label\sa_6275110.jpg,9,8,2,5,6,1,3,0,0,0
G:\Thesis\FACET_Dataset\Segmented_FACET_0.2_fixed_label\sa_3099654.jpg,4,3,1,4,5,1,1,0,1,1
G:\Thesis\FACET_Dataset\Segmented_FACET_0.2_fixed_label\sa_9336068.jpg,2,1,0,4,5,1,3,0,0,0
G:\Thesis\FACET_Dataset\Segmented_FACET_0.2_fixed_label\sa_9014482.jpg,2,1,0,5,6,1,4,0,0,0
G:\Thesis\FACET_Dataset\Segmented_FACET_0.2_fixed_label\sa_4931458.jpg,4,3,1,4,5,1,1,0,1,1
G:\Thesis\FACET_Dataset\Segmented_FACET_0.2_fixed_label\sa_4335825.jpg,8,7,2,4,5,1,3,0,0,0
G:\Thesis\FACET_Dataset\Segmented_FACET_0.2_fixed_label\sa_9383976.jpg,5,4,1,3,4,1,1,0,1,1
G:\Thesis\FACET_Dataset\Segmented_FACET_0.2_fixed_label\sa_9054737.jpg,9,8,2,6,7,1,2,0,0,0
G:\Thesis\FACET_Dataset\Segmented_FACET_0.2_fixed_label\sa_5234389.jpg,3,2,0,4,5,1,2,0,0,0
G:\Thesis\FACET_Dataset\Segmented_FACET_0.2_fixed_label\sa_8295728.jpg,3,2,0,3,4,1,1,0,1,0
G:\Thesis\FACET_Dataset\Segmented_FACET_0.2_fixed_label\sa_465720.jpg,3,2,0,1,2,0,1,0,1,1
G:\Thesis\FACET_Dataset\Segmented_FACET_0.2_fixed_label\sa_8686739.jpg,2,1,0,1,2,0,0,1,1,1
G:\Thesis\FACET_Dataset\Segmented_FACET_0.2_fixed_label\sa_7592849.jpg,2,1,0,4,5,1,3,0,0,0
G:\Thesis\FACET_Dataset\Segmented_FACET_0.2_fixed_label\sa_2843814.jpg,3,2,0,4,5,1,2,0,0,0
G:\Thesis\FACET_Dataset\Segmented_FACET_0.2_fixed_label\sa_7831773.jpg,7,6,1,6,7,1,0,1,1,1
G:\Thesis\FACET_Dataset\Segmented_FACET_0.2_fixed_label\sa_6207771.jpg,2,1,0,1,2,0,0,1,1,1
G:\Thesis\FACET_Dataset\Segmented_FACET_0.2_fixed_label\sa_10181054.jpg,8,7,2,7,8,2,0,1,1,1
G:\Thesis\FACET_Dataset\Segmented_FACET_0.2_fixed_label\sa_9668155.jpg,2,1,0,4,5,1,3,0,0,0
G:\Thesis\FACET_Dataset\Segmented_FACET_0.2_fixed_label\sa_7168838.jpg,4,3,1,3,4,1,0,1,1,1
G:\Thesis\FACET_Dataset\Segmented_FACET_0.2_fixed_label\sa_8017438.jpg,3,2,0,1,2,0,1,0,1,1
G:\Thesis\FACET_Dataset\Segmented_FACET_0.2_fixed_label\sa_6286621.jpg,4,3,1,5,6,1,2,0,0,1
G:\Thesis\FACET_Dataset\Segmented_FACET_0.2_fixed_label\sa_853761.jpg,6,5,1,6,7,1,1,0,1,1
G:\Thesis\FACET_Dataset\Segmented_FACET_0.2_fixed_label\sa_10885813.jpg,2,1,0,5,6,1,4,0,0,0
G:\Thesis\FACET_Dataset\Segmented_FACET_0.2_fixed_label\sa_4686189.jpg,4,3,1,4,5,1,1,0,1,1
G:\Thesis\FACET_Dataset\Segmented_FACET_0.2_fixed_label\sa_4708099.jpg,2,1,0,1,2,0,0,1,1,1
G:\Thesis\FACET_Dataset\Segmented_FACET_0.2_fixed_label\sa_3499675.jpg,3,2,0,4,5,1,2,0,0,0
G:\Thesis\FACET_Dataset\Segmented_FACET_0.2_fixed_label\sa_7063556.jpg,4,3,1,3,4,1,0,1,1,1
G:\Thesis\FACET_Dataset\Segmented_FACET_0.2_fixed_label\sa_6004743.jpg,7,6,1,3,4,1,3,0,0,1
G:\Thesis\FACET_Dataset\Segmented_FACET_0.2_fixed_label\sa_1117468.jpg,9,8,2,4,5,1,4,0,0,0
G:\Thesis\FACET_Dataset\Segmented_FACET_0.2_fixed_label\sa_10058268.jpg,2,1,0,7,8,2,6,0,0,0
G:\Thesis\FACET_Dataset\Segmented_FACET_0.2_fixed_label\sa_3723351.jpg,4,3,1,5,6,1,2,0,0,1
G:\Thesis\FACET_Dataset\Segmented_FACET_0.2_fixed_label\sa_2163692.jpg,2,1,0,2,3,0,1,0,1,1
G:\Thesis\FACET_Dataset\Segmented_FACET_0.2_fixed_label\sa_10887048.jpg,5,4,1,1,2,0,3,0,0,0
G:\Thesis\FACET_Dataset\Segmented_FACET_0.2_fixed_label\sa_10124048.jpg,5,4,1,1,2,0,3,0,0,0
G:\Thesis\FACET_Dataset\Segmented_FACET_0.2_fixed_label\sa_57719.jpg,6,5,1,3,4,1,2,0,0,1
G:\Thesis\FACET_Dataset\Segmented_FACET_0.2_fixed_label\sa_5941759.jpg,2,1,0,1,2,0,0,1,1,1
G:\Thesis\FACET_Dataset\Segmented_FACET_0.2_fixed_label\sa_8178058.jpg,4,3,1,1,2,0,2,0,0,0
G:\Thesis\FACET_Dataset\Segmented_FACET_0.2_fixed_label\sa_4568408.jpg,1,0,0,2,3,0,2,0,0,1
G:\Thesis\FACET_Dataset\Segmented_FACET_0.2_fixed_label\sa_8759422.jpg,6,5,1,2,3,0,3,0,0,0
G:\Thesis\FACET_Dataset\Segmented_FACET_0.2_fixed_label\sa_8576130.jpg,6,5,1,5,6,1,0,1,1,1
G:\Thesis\FACET_Dataset\Segmented_FACET_0.2_fixed_label\sa_2751588.jpg,3,2,0,3,4,1,1,0,1,0
G:\Thesis\FACET_Dataset\Segmented_FACET_0.2_fixed_label\sa_3463007.jpg,5,4,1,3,4,1,1,0,1,1
G:\Thesis\FACET_Dataset\Segmented_FACET_0.2_fixed_label\sa_159399.jpg,1,0,0,3,4,1,3,0,0,0
G:\Thesis\FACET_Dataset\Segmented_FACET_0.2_fixed_label\sa_9523370.jpg,6,5,1,5,6,1,0,1,1,1
G:\Thesis\FACET_Dataset\Segmented_FACET_0.2_fixed_label\sa_8554933.jpg,4,3,1,2,3,0,1,0,1,0
G:\Thesis\FACET_Dataset\Segmented_FACET_0.2_fixed_label\sa_4157147.jpg,3,2,0,7,8,2,5,0,0,0
G:\Thesis\FACET_Dataset\Segmented_FACET_0.2_fixed_label\sa_9113704.jpg,7,6,1,5,6,1,1,0,1,1
G:\Thesis\FACET_Dataset\Segmented_FACET_0.2_fixed_label\sa_573426.jpg,3,2,0,2,3,0,0,1,1,1
G:\Thesis\FACET_Dataset\Segmented_FACET_0.2_fixed_label\sa_3776318.jpg,3,2,0,6,7,1,4,0,0,0
G:\Thesis\FACET_Dataset\Segmented_FACET_0.2_fixed_label\sa_6286240.jpg,5,4,1,3,4,1,1,0,1,1
G:\Thesis\FACET_Dataset\Segmented_FACET_0.2_fixed_label\sa_9588623.jpg,2,1,0,3,4,1,2,0,0,0
G:\Thesis\FACET_Dataset\Segmented_FACET_0.2_fixed_label\sa_9327356.jpg,3,2,0,4,5,1,2,0,0,0
G:\Thesis\FACET_Dataset\Segmented_FACET_0.2_fixed_label\sa_9501793.jpg,5,4,1,5,6,1,1,0,1,1
G:\Thesis\FACET_Dataset\Segmented_FACET_0.2_fixed_label\sa_5960784.jpg,3,2,0,1,2,0,1,0,1,1
G:\Thesis\FACET_Dataset\Segmented_FACET_0.2_fixed_label\sa_2985350.jpg,3,2,0,4,5,1,2,0,0,0
G:\Thesis\FACET_Dataset\Segmented_FACET_0.2_fixed_label\sa_2446740.jpg,6,5,1,1,2,0,4,0,0,0
G:\Thesis\FACET_Dataset\Segmented_FACET_0.2_fixed_label\sa_5518827.jpg,4,3,1,5,6,1,2,0,0,1
G:\Thesis\FACET_Dataset\Segmented_FACET_0.2_fixed_label\sa_9292471.jpg,9,8,2,4,5,1,4,0,0,0
G:\Thesis\FACET_Dataset\Segmented_FACET_0.2_fixed_label\sa_3600328.jpg,3,2,0,3,4,1,1,0,1,0
G:\Thesis\FACET_Dataset\Segmented_FACET_0.2_fixed_label\sa_1661550.jpg,5,4,1,3,4,1,1,0,1,1
G:\Thesis\FACET_Dataset\Segmented_FACET_0.2_fixed_label\sa_5301054.jpg,5,4,1,4,5,1,0,1,1,1
G:\Thesis\FACET_Dataset\Segmented_FACET_0.2_fixed_label\sa_6285910.jpg,3,2,0,3,4,1,1,0,1,0
G:\Thesis\FACET_Dataset\Segmented_FACET_0.2_fixed_label\sa_9159113.jpg,1,0,0,3,4,1,3,0,0,0
G:\Thesis\FACET_Dataset\Segmented_FACET_0.2_fixed_label\sa_10945785.jpg,4,3,1,4,5,1,1,0,1,1
G:\Thesis\FACET_Dataset\Segmented_FACET_0.2_fixed_label\sa_3488835.jpg,4,3,1,5,6,1,2,0,0,1
G:\Thesis\FACET_Dataset\Segmented_FACET_0.2_fixed_label\sa_719073.jpg,3,2,0,4,5,1,2,0,0,0
G:\Thesis\FACET_Dataset\Segmented_FACET_0.2_fixed_label\sa_888831.jpg,1,0,0,4,5,1,4,0,0,0
G:\Thesis\FACET_Dataset\Segmented_FACET_0.2_fixed_label\sa_4069391.jpg,6,5,1,4,5,1,1,0,1,1
G:\Thesis\FACET_Dataset\Segmented_FACET_0.2_fixed_label\sa_9685500.jpg,4,3,1,3,4,1,0,1,1,1
G:\Thesis\FACET_Dataset\Segmented_FACET_0.2_fixed_label\sa_4606917.jpg,2,1,0,3,4,1,2,0,0,0
G:\Thesis\FACET_Dataset\Segmented_FACET_0.2_fixed_label\sa_10934428.jpg,4,3,1,1,2,0,2,0,0,0
G:\Thesis\FACET_Dataset\Segmented_FACET_0.2_fixed_label\sa_6212263.jpg,8,7,2,7,8,2,0,1,1,1
G:\Thesis\FACET_Dataset\Segmented_FACET_0.2_fixed_label\sa_357215.jpg,4,3,1,3,4,1,0,1,1,1
G:\Thesis\FACET_Dataset\Segmented_FACET_0.2_fixed_label\sa_6965046.jpg,2,1,0,2,3,0,1,0,1,1
G:\Thesis\FACET_Dataset\Segmented_FACET_0.2_fixed_label\sa_3385159.jpg,6,5,1,5,6,1,0,1,1,1
G:\Thesis\FACET_Dataset\Segmented_FACET_0.2_fixed_label\sa_8485093.jpg,2,1,0,2,3,0,1,0,1,1
G:\Thesis\FACET_Dataset\Segmented_FACET_0.2_fixed_label\sa_3236557.jpg,2,1,0,2,3,0,1,0,1,1
G:\Thesis\FACET_Dataset\Segmented_FACET_0.2_fixed_label\sa_851188.jpg,3,2,0,5,6,1,3,0,0,0
G:\Thesis\FACET_Dataset\Segmented_FACET_0.2_fixed_label\sa_8391678.jpg,2,1,0,1,2,0,0,1,1,1
G:\Thesis\FACET_Dataset\Segmented_FACET_0.2_fixed_label\sa_1313425.jpg,4,3,1,3,4,1,0,1,1,1
G:\Thesis\FACET_Dataset\Segmented_FACET_0.2_fixed_label\sa_2589434.jpg,2,1,0,4,5,1,3,0,0,0
G:\Thesis\FACET_Dataset\Segmented_FACET_0.2_fixed_label\sa_9831256.jpg,2,1,0,3,4,1,2,0,0,0
G:\Thesis\FACET_Dataset\Segmented_FACET_0.2_fixed_label\sa_1571272.jpg,5,4,1,3,4,1,1,0,1,1
G:\Thesis\FACET_Dataset\Segmented_FACET_0.2_fixed_label\sa_1417633.jpg,4,3,1,1,2,0,2,0,0,0
G:\Thesis\FACET_Dataset\Segmented_FACET_0.2_fixed_label\sa_5932520.jpg,6,5,1,4,5,1,1,0,1,1
G:\Thesis\FACET_Dataset\Segmented_FACET_0.2_fixed_label\sa_8650743.jpg,4,3,1,5,6,1,2,0,0,1
G:\Thesis\FACET_Dataset\Segmented_FACET_0.2_fixed_label\sa_9336068.jpg,2,1,0,4,5,1,3,0,0,0
G:\Thesis\FACET_Dataset\Segmented_FACET_0.2_fixed_label\sa_10626431.jpg,4,3,1,3,4,1,0,1,1,1
G:\Thesis\FACET_Dataset\Segmented_FACET_0.2_fixed_label\sa_651791.jpg,2,1,0,3,4,1,2,0,0,0
G:\Thesis\FACET_Dataset\Segmented_FACET_0.2_fixed_label\sa_4497947.jpg,2,1,0,4,5,1,3,0,0,0
G:\Thesis\FACET_Dataset\Segmented_FACET_0.2_fixed_label\sa_2939623.jpg,6,5,1,5,6,1,0,1,1,1
G:\Thesis\FACET_Dataset\Segmented_FACET_0.2_fixed_label\sa_7663575.jpg,2,1,0,2,3,0,1,0,1,1
G:\Thesis\FACET_Dataset\Segmented_FACET_0.2_fixed_label\sa_6098534.jpg,4,3,1,4,5,1,1,0,1,1
G:\Thesis\FACET_Dataset\Segmented_FACET_0.2_fixed_label\sa_7512346.jpg,3,2,0,3,4,1,1,0,1,0
G:\Thesis\FACET_Dataset\Segmented_FACET_0.2_fixed_label\sa_3665560.jpg,4,3,1,3,4,1,0,1,1,1
G:\Thesis\FACET_Dataset\Segmented_FACET_0.2_fixed_label\sa_6957516.jpg,3,2,0,4,5,1,2,0,0,0
G:\Thesis\FACET_Dataset\Segmented_FACET_0.2_fixed_label\sa_2730841.jpg,4,3,1,5,6,1,2,0,0,1
G:\Thesis\FACET_Dataset\Segmented_FACET_0.2_fixed_label\sa_8671362.jpg,2,1,0,3,4,1,2,0,0,0
G:\Thesis\FACET_Dataset\Segmented_FACET_0.2_fixed_label\sa_5217983.jpg,6,5,1,3,4,1,2,0,0,1
G:\Thesis\FACET_Dataset\Segmented_FACET_0.2_fixed_label\sa_897931.jpg,6,5,1,4,5,1,1,0,1,1
G:\Thesis\FACET_Dataset\Segmented_FACET_0.2_fixed_label\sa_1377794.jpg,5,4,1,3,4,1,1,0,1,1
G:\Thesis\FACET_Dataset\Segmented_FACET_0.2_fixed_label\sa_3385159.jpg,4,3,1,5,6,1,2,0,0,1
G:\Thesis\FACET_Dataset\Segmented_FACET_0.2_fixed_label\sa_8293466.jpg,3,2,0,6,7,1,4,0,0,0
G:\Thesis\FACET_Dataset\Segmented_FACET_0.2_fixed_label\sa_7374791.jpg,2,1,0,3,4,1,2,0,0,0
G:\Thesis\FACET_Dataset\Segmented_FACET_0.2_fixed_label\sa_8576130.jpg,6,5,1,5,6,1,0,1,1,1
G:\Thesis\FACET_Dataset\Segmented_FACET_0.2_fixed_label\sa_3406079.jpg,2,1,0,3,4,1,2,0,0,0
G:\Thesis\FACET_Dataset\Segmented_FACET_0.2_fixed_label\sa_10049145.jpg,5,4,1,4,5,1,0,1,1,1
G:\Thesis\FACET_Dataset\Segmented_FACET_0.2_fixed_label\sa_4092765.jpg,5,4,1,3,4,1,1,0,1,1
G:\Thesis\FACET_Dataset\Segmented_FACET_0.2_fixed_label\sa_4208980.jpg,4,3,1,2,3,0,1,0,1,0
G:\Thesis\FACET_Dataset\Segmented_FACET_0.2_fixed_label\sa_7587282.jpg,1,0,0,3,4,1,3,0,0,0
G:\Thesis\FACET_Dataset\Segmented_FACET_0.2_fixed_label\sa_1195022.jpg,7,6,1,6,7,1,0,1,1,1
G:\Thesis\FACET_Dataset\Segmented_FACET_0.2_fixed_label\sa_10040081.jpg,5,4,1,8,9,2,4,0,0,0
G:\Thesis\FACET_Dataset\Segmented_FACET_0.2_fixed_label\sa_5525740.jpg,2,1,0,4,5,1,3,0,0,0
G:\Thesis\FACET_Dataset\Segmented_FACET_0.2_fixed_label\sa_8006874.jpg,5,4,1,4,5,1,0,1,1,1
G:\Thesis\FACET_Dataset\Segmented_FACET_0.2_fixed_label\sa_2382829.jpg,6,5,1,3,4,1,2,0,0,1
G:\Thesis\FACET_Dataset\Segmented_FACET_0.2_fixed_label\sa_2520161.jpg,3,2,0,3,4,1,1,0,1,0
G:\Thesis\FACET_Dataset\Segmented_FACET_0.2_fixed_label\sa_1594528.jpg,2,1,0,4,5,1,3,0,0,0
G:\Thesis\FACET_Dataset\Segmented_FACET_0.2_fixed_label\sa_5983742.jpg,2,1,0,5,6,1,4,0,0,0
G:\Thesis\FACET_Dataset\Segmented_FACET_0.2_fixed_label\sa_1000194.jpg,3,2,0,3,4,1,1,0,1,0
G:\Thesis\FACET_Dataset\Segmented_FACET_0.2_fixed_label\sa_3836687.jpg,7,6,1,6,7,1,0,1,1,1
G:\Thesis\FACET_Dataset\Segmented_FACET_0.2_fixed_label\sa_1489113.jpg,5,4,1,5,6,1,1,0,1,1
G:\Thesis\FACET_Dataset\Segmented_FACET_0.2_fixed_label\sa_10369497.jpg,6,5,1,3,4,1,2,0,0,1
G:\Thesis\FACET_Dataset\Segmented_FACET_0.2_fixed_label\sa_4708740.jpg,4,3,1,4,5,1,1,0,1,1
G:\Thesis\FACET_Dataset\Segmented_FACET_0.2_fixed_label\sa_9458625.jpg,2,1,0,1,2,0,0,1,1,1
G:\Thesis\FACET_Dataset\Segmented_FACET_0.2_fixed_label\sa_793856.jpg,3,2,0,2,3,0,0,1,1,1
G:\Thesis\FACET_Dataset\Segmented_FACET_0.2_fixed_label\sa_10405346.jpg,2,1,0,1,2,0,0,1,1,1
G:\Thesis\FACET_Dataset\Segmented_FACET_0.2_fixed_label\sa_2021746.jpg,7,6,1,4,5,1,2,0,0,1
G:\Thesis\FACET_Dataset\Segmented_FACET_0.2_fixed_label\sa_6327176.jpg,4,3,1,5,6,1,2,0,0,1
G:\Thesis\FACET_Dataset\Segmented_FACET_0.2_fixed_label\sa_9327356.jpg,5,4,1,4,5,1,0,1,1,1
G:\Thesis\FACET_Dataset\Segmented_FACET_0.2_fixed_label\sa_3359718.jpg,6,5,1,5,6,1,0,1,1,1
G:\Thesis\FACET_Dataset\Segmented_FACET_0.2_fixed_label\sa_1754024.jpg,2,1,0,3,4,1,2,0,0,0
G:\Thesis\FACET_Dataset\Segmented_FACET_0.2_fixed_label\sa_3077697.jpg,2,1,0,2,3,0,1,0,1,1
G:\Thesis\FACET_Dataset\Segmented_FACET_0.2_fixed_label\sa_9193959.jpg,4,3,1,3,4,1,0,1,1,1
G:\Thesis\FACET_Dataset\Segmented_FACET_0.2_fixed_label\sa_873102.jpg,7,6,1,3,4,1,3,0,0,1
G:\Thesis\FACET_Dataset\Segmented_FACET_0.2_fixed_label\sa_7014620.jpg,4,3,1,2,3,0,1,0,1,0
G:\Thesis\FACET_Dataset\Segmented_FACET_0.2_fixed_label\sa_6554992.jpg,5,4,1,5,6,1,1,0,1,1
G:\Thesis\FACET_Dataset\Segmented_FACET_0.2_fixed_label\sa_10907435.jpg,7,6,1,3,4,1,3,0,0,1
G:\Thesis\FACET_Dataset\Segmented_FACET_0.2_fixed_label\sa_6865579.jpg,5,4,1,4,5,1,0,1,1,1
G:\Thesis\FACET_Dataset\Segmented_FACET_0.2_fixed_label\sa_6090348.jpg,5,4,1,5,6,1,1,0,1,1
G:\Thesis\FACET_Dataset\Segmented_FACET_0.2_fixed_label\sa_3467319.jpg,4,3,1,1,2,0,2,0,0,0
G:\Thesis\FACET_Dataset\Segmented_FACET_0.2_fixed_label\sa_4322243.jpg,2,1,0,5,6,1,4,0,0,0
G:\Thesis\FACET_Dataset\Segmented_FACET_0.2_fixed_label\sa_85220.jpg,6,5,1,7,8,2,2,0,0,0
G:\Thesis\FACET_Dataset\Segmented_FACET_0.2_fixed_label\sa_1249979.jpg,4,3,1,1,2,0,2,0,0,0
G:\Thesis\FACET_Dataset\Segmented_FACET_0.2_fixed_label\sa_10277350.jpg,5,4,1,1,2,0,3,0,0,0
G:\Thesis\FACET_Dataset\Segmented_FACET_0.2_fixed_label\sa_421883.jpg,2,1,0,1,2,0,0,1,1,1
G:\Thesis\FACET_Dataset\Segmented_FACET_0.2_fixed_label\sa_8685437.jpg,8,7,2,6,7,1,1,0,1,0
G:\Thesis\FACET_Dataset\Segmented_FACET_0.2_fixed_label\sa_175344.jpg,3,2,0,5,6,1,3,0,0,0
G:\Thesis\FACET_Dataset\Segmented_FACET_0.2_fixed_label\sa_860266.jpg,2,1,0,2,3,0,1,0,1,1
G:\Thesis\FACET_Dataset\Segmented_FACET_0.2_fixed_label\sa_7383904.jpg,3,2,0,1,2,0,1,0,1,1
G:\Thesis\FACET_Dataset\Segmented_FACET_0.2_fixed_label\sa_4029134.jpg,5,4,1,2,3,0,2,0,0,0
G:\Thesis\FACET_Dataset\Segmented_FACET_0.2_fixed_label\sa_9756684.jpg,6,5,1,5,6,1,0,1,1,1
G:\Thesis\FACET_Dataset\Segmented_FACET_0.2_fixed_label\sa_6643714.jpg,3,2,0,4,5,1,2,0,0,0
G:\Thesis\FACET_Dataset\Segmented_FACET_0.2_fixed_label\sa_583162.jpg,4,3,1,5,6,1,2,0,0,1
G:\Thesis\FACET_Dataset\Segmented_FACET_0.2_fixed_label\sa_8105562.jpg,2,1,0,3,4,1,2,0,0,0
G:\Thesis\FACET_Dataset\Segmented_FACET_0.2_fixed_label\sa_2762098.jpg,4,3,1,1,2,0,2,0,0,0
G:\Thesis\FACET_Dataset\Segmented_FACET_0.2_fixed_label\sa_4808180.jpg,2,1,0,4,5,1,3,0,0,0
G:\Thesis\FACET_Dataset\Segmented_FACET_0.2_fixed_label\sa_5987697.jpg,4,3,1,5,6,1,2,0,0,1
G:\Thesis\FACET_Dataset\Segmented_FACET_0.2_fixed_label\sa_2135545.jpg,10,9,2,5,6,1,4,0,0,0
G:\Thesis\FACET_Dataset\Segmented_FACET_0.2_fixed_label\sa_7217967.jpg,6,5,1,4,5,1,1,0,1,1
G:\Thesis\FACET_Dataset\Segmented_FACET_0.2_fixed_label\sa_11065743.jpg,3,2,0,5,6,1,3,0,0,0
G:\Thesis\FACET_Dataset\Segmented_FACET_0.2_fixed_label\sa_4154127.jpg,7,6,1,4,5,1,2,0,0,1
G:\Thesis\FACET_Dataset\Segmented_FACET_0.2_fixed_label\sa_8853368.jpg,2,1,0,4,5,1,3,0,0,0
G:\Thesis\FACET_Dataset\Segmented_FACET_0.2_fixed_label\sa_4781314.jpg,2,1,0,3,4,1,2,0,0,0
G:\Thesis\FACET_Dataset\Segmented_FACET_0.2_fixed_label\sa_8481601.jpg,1,0,0,1,2,0,1,0,1,1
G:\Thesis\FACET_Dataset\Segmented_FACET_0.2_fixed_label\sa_5431500.jpg,3,2,0,5,6,1,3,0,0,0
G:\Thesis\FACET_Dataset\Segmented_FACET_0.2_fixed_label\sa_2872342.jpg,6,5,1,6,7,1,1,0,1,1
G:\Thesis\FACET_Dataset\Segmented_FACET_0.2_fixed_label\sa_7126067.jpg,6,5,1,3,4,1,2,0,0,1
G:\Thesis\FACET_Dataset\Segmented_FACET_0.2_fixed_label\sa_1608469.jpg,4,3,1,4,5,1,1,0,1,1
G:\Thesis\FACET_Dataset\Segmented_FACET_0.2_fixed_label\sa_8728427.jpg,8,7,2,3,4,1,4,0,0,0
G:\Thesis\FACET_Dataset\Segmented_FACET_0.2_fixed_label\sa_1206887.jpg,6,5,1,5,6,1,0,1,1,1
G:\Thesis\FACET_Dataset\Segmented_FACET_0.2_fixed_label\sa_10576207.jpg,5,4,1,5,6,1,1,0,1,1
G:\Thesis\FACET_Dataset\Segmented_FACET_0.2_fixed_label\sa_1621492.jpg,5,4,1,3,4,1,1,0,1,1
G:\Thesis\FACET_Dataset\Segmented_FACET_0.2_fixed_label\sa_5254711.jpg,3,2,0,3,4,1,1,0,1,0
G:\Thesis\FACET_Dataset\Segmented_FACET_0.2_fixed_label\sa_5088783.jpg,3,2,0,3,4,1,1,0,1,0
G:\Thesis\FACET_Dataset\Segmented_FACET_0.2_fixed_label\sa_5792230.jpg,2,1,0,2,3,0,1,0,1,1
G:\Thesis\FACET_Dataset\Segmented_FACET_0.2_fixed_label\sa_4792156.jpg,2,1,0,2,3,0,1,0,1,1
G:\Thesis\FACET_Dataset\Segmented_FACET_0.2_fixed_label\sa_9651310.jpg,3,2,0,3,4,1,1,0,1,0
G:\Thesis\FACET_Dataset\Segmented_FACET_0.2_fixed_label\sa_2051488.jpg,3,2,0,5,6,1,3,0,0,0
G:\Thesis\FACET_Dataset\Segmented_FACET_0.2_fixed_label\sa_3592745.jpg,4,3,1,6,7,1,3,0,0,1
G:\Thesis\FACET_Dataset\Segmented_FACET_0.2_fixed_label\sa_2196879.jpg,2,1,0,3,4,1,2,0,0,0
G:\Thesis\FACET_Dataset\Segmented_FACET_0.2_fixed_label\sa_7855721.jpg,3,2,0,4,5,1,2,0,0,0
G:\Thesis\FACET_Dataset\Segmented_FACET_0.2_fixed_label\sa_9412606.jpg,6,5,1,3,4,1,2,0,0,1
G:\Thesis\FACET_Dataset\Segmented_FACET_0.2_fixed_label\sa_2086913.jpg,2,1,0,2,3,0,1,0,1,1
G:\Thesis\FACET_Dataset\Segmented_FACET_0.2_fixed_label\sa_2765932.jpg,4,3,1,1,2,0,2,0,0,0
G:\Thesis\FACET_Dataset\Segmented_FACET_0.2_fixed_label\sa_7246914.jpg,5,4,1,4,5,1,0,1,1,1
G:\Thesis\FACET_Dataset\Segmented_FACET_0.2_fixed_label\sa_9543143.jpg,2,1,0,2,3,0,1,0,1,1
G:\Thesis\FACET_Dataset\Segmented_FACET_0.2_fixed_label\sa_10576207.jpg,4,3,1,5,6,1,2,0,0,1
G:\Thesis\FACET_Dataset\Segmented_FACET_0.2_fixed_label\sa_7048524.jpg,2,1,0,4,5,1,3,0,0,0
G:\Thesis\FACET_Dataset\Segmented_FACET_0.2_fixed_label\sa_5587067.jpg,3,2,0,2,3,0,0,1,1,1
G:\Thesis\FACET_Dataset\Segmented_FACET_0.2_fixed_label\sa_10456335.jpg,7,6,1,2,3,0,4,0,0,0
G:\Thesis\FACET_Dataset\Segmented_FACET_0.2_fixed_label\sa_7841103.jpg,10,9,2,8,9,2,1,0,1,1
G:\Thesis\FACET_Dataset\Segmented_FACET_0.2_fixed_label\sa_728560.jpg,2,1,0,5,6,1,4,0,0,0
G:\Thesis\FACET_Dataset\Segmented_FACET_0.2_fixed_label\sa_957680.jpg,5,4,1,4,5,1,0,1,1,1
G:\Thesis\FACET_Dataset\Segmented_FACET_0.2_fixed_label\sa_4017070.jpg,2,1,0,5,6,1,4,0,0,0
G:\Thesis\FACET_Dataset\Segmented_FACET_0.2_fixed_label\sa_302409.jpg,2,1,0,3,4,1,2,0,0,0
G:\Thesis\FACET_Dataset\Segmented_FACET_0.2_fixed_label\sa_9100667.jpg,3,2,0,3,4,1,1,0,1,0
G:\Thesis\FACET_Dataset\Segmented_FACET_0.2_fixed_label\sa_379520.jpg,3,2,0,3,4,1,1,0,1,0
G:\Thesis\FACET_Dataset\Segmented_FACET_0.2_fixed_label\sa_8655801.jpg,8,7,2,5,6,1,2,0,0,0
G:\Thesis\FACET_Dataset\Segmented_FACET_0.2_fixed_label\sa_8066897.jpg,3,2,0,4,5,1,2,0,0,0
G:\Thesis\FACET_Dataset\Segmented_FACET_0.2_fixed_label\sa_4321306.jpg,3,2,0,5,6,1,3,0,0,0
G:\Thesis\FACET_Dataset\Segmented_FACET_0.2_fixed_label\sa_2038959.jpg,6,5,1,4,5,1,1,0,1,1
G:\Thesis\FACET_Dataset\Segmented_FACET_0.2_fixed_label\sa_10166336.jpg,3,2,0,4,5,1,2,0,0,0
G:\Thesis\FACET_Dataset\Segmented_FACET_0.2_fixed_label\sa_9694710.jpg,5,4,1,4,5,1,0,1,1,1
G:\Thesis\FACET_Dataset\Segmented_FACET_0.2_fixed_label\sa_6598653.jpg,3,2,0,2,3,0,0,1,1,1
G:\Thesis\FACET_Dataset\Segmented_FACET_0.2_fixed_label\sa_6761319.jpg,8,7,2,5,6,1,2,0,0,0
G:\Thesis\FACET_Dataset\Segmented_FACET_0.2_fixed_label\sa_7115295.jpg,6,5,1,5,6,1,0,1,1,1
G:\Thesis\FACET_Dataset\Segmented_FACET_0.2_fixed_label\sa_6084308.jpg,2,1,0,2,3,0,1,0,1,1
G:\Thesis\FACET_Dataset\Segmented_FACET_0.2_fixed_label\sa_10770169.jpg,3,2,0,5,6,1,3,0,0,0
G:\Thesis\FACET_Dataset\Segmented_FACET_0.2_fixed_label\sa_10622761.jpg,6,5,1,4,5,1,1,0,1,1
G:\Thesis\FACET_Dataset\Segmented_FACET_0.2_fixed_label\sa_1671385.jpg,3,2,0,3,4,1,1,0,1,0
G:\Thesis\FACET_Dataset\Segmented_FACET_0.2_fixed_label\sa_4179516.jpg,8,7,2,3,4,1,4,0,0,0
G:\Thesis\FACET_Dataset\Segmented_FACET_0.2_fixed_label\sa_5965769.jpg,2,1,0,4,5,1,3,0,0,0
G:\Thesis\FACET_Dataset\Segmented_FACET_0.2_fixed_label\sa_9666634.jpg,4,3,1,1,2,0,2,0,0,0
G:\Thesis\FACET_Dataset\Segmented_FACET_0.2_fixed_label\sa_3738839.jpg,4,3,1,2,3,0,1,0,1,0
G:\Thesis\FACET_Dataset\Segmented_FACET_0.2_fixed_label\sa_3064041.jpg,8,7,2,3,4,1,4,0,0,0
G:\Thesis\FACET_Dataset\Segmented_FACET_0.2_fixed_label\sa_214704.jpg,8,7,2,3,4,1,4,0,0,0
G:\Thesis\FACET_Dataset\Segmented_FACET_0.2_fixed_label\sa_5520569.jpg,2,1,0,4,5,1,3,0,0,0
G:\Thesis\FACET_Dataset\Segmented_FACET_0.2_fixed_label\sa_6229908.jpg,2,1,0,1,2,0,0,1,1,1
G:\Thesis\FACET_Dataset\Segmented_FACET_0.2_fixed_label\sa_9733985.jpg,7,6,1,4,5,1,2,0,0,1
G:\Thesis\FACET_Dataset\Segmented_FACET_0.2_fixed_label\sa_8449552.jpg,5,4,1,4,5,1,0,1,1,1
G:\Thesis\FACET_Dataset\Segmented_FACET_0.2_fixed_label\sa_7795286.jpg,6,5,1,3,4,1,2,0,0,1
G:\Thesis\FACET_Dataset\Segmented_FACET_0.2_fixed_label\sa_9650867.jpg,6,5,1,4,5,1,1,0,1,1
G:\Thesis\FACET_Dataset\Segmented_FACET_0.2_fixed_label\sa_10000407.jpg,4,3,1,5,6,1,2,0,0,1
G:\Thesis\FACET_Dataset\Segmented_FACET_0.2_fixed_label\sa_9243786.jpg,4,3,1,1,2,0,2,0,0,0
G:\Thesis\FACET_Dataset\Segmented_FACET_0.2_fixed_label\sa_2078338.jpg,6,5,1,4,5,1,1,0,1,1
G:\Thesis\FACET_Dataset\Segmented_FACET_0.2_fixed_label\sa_7334714.jpg,2,1,0,4,5,1,3,0,0,0
G:\Thesis\FACET_Dataset\Segmented_FACET_0.2_fixed_label\sa_1519799.jpg,6,5,1,4,5,1,1,0,1,1
G:\Thesis\FACET_Dataset\Segmented_FACET_0.2_fixed_label\sa_3094971.jpg,3,2,0,4,5,1,2,0,0,0
G:\Thesis\FACET_Dataset\Segmented_FACET_0.2_fixed_label\sa_10331493.jpg,3,2,0,1,2,0,1,0,1,1
G:\Thesis\FACET_Dataset\Segmented_FACET_0.2_fixed_label\sa_6428975.jpg,2,1,0,2,3,0,1,0,1,1
G:\Thesis\FACET_Dataset\Segmented_FACET_0.2_fixed_label\sa_9051874.jpg,3,2,0,3,4,1,1,0,1,0
G:\Thesis\FACET_Dataset\Segmented_FACET_0.2_fixed_label\sa_8307874.jpg,2,1,0,5,6,1,4,0,0,0
G:\Thesis\FACET_Dataset\Segmented_FACET_0.2_fixed_label\sa_4140639.jpg,7,6,1,5,6,1,1,0,1,1
G:\Thesis\FACET_Dataset\Segmented_FACET_0.2_fixed_label\sa_10268129.jpg,2,1,0,2,3,0,1,0,1,1
G:\Thesis\FACET_Dataset\Segmented_FACET_0.2_fixed_label\sa_3913210.jpg,3,2,0,3,4,1,1,0,1,0
G:\Thesis\FACET_Dataset\Segmented_FACET_0.2_fixed_label\sa_3126013.jpg,2,1,0,3,4,1,2,0,0,0
G:\Thesis\FACET_Dataset\Segmented_FACET_0.2_fixed_label\sa_8864399.jpg,1,0,0,2,3,0,2,0,0,1
G:\Thesis\FACET_Dataset\Segmented_FACET_0.2_fixed_label\sa_5265842.jpg,2,1,0,2,3,0,1,0,1,1
G:\Thesis\FACET_Dataset\Segmented_FACET_0.2_fixed_label\sa_4565983.jpg,2,1,0,1,2,0,0,1,1,1
G:\Thesis\FACET_Dataset\Segmented_FACET_0.2_fixed_label\sa_9588623.jpg,4,3,1,3,4,1,0,1,1,1
G:\Thesis\FACET_Dataset\Segmented_FACET_0.2_fixed_label\sa_4024535.jpg,5,4,1,5,6,1,1,0,1,1
G:\Thesis\FACET_Dataset\Segmented_FACET_0.2_fixed_label\sa_121431.jpg,5,4,1,4,5,1,0,1,1,1
G:\Thesis\FACET_Dataset\Segmented_FACET_0.2_fixed_label\sa_6481738.jpg,2,1,0,2,3,0,1,0,1,1
G:\Thesis\FACET_Dataset\Segmented_FACET_0.2_fixed_label\sa_4742474.jpg,3,2,0,3,4,1,1,0,1,0
G:\Thesis\FACET_Dataset\Segmented_FACET_0.2_fixed_label\sa_172698.jpg,3,2,0,3,4,1,1,0,1,0
G:\Thesis\FACET_Dataset\Segmented_FACET_0.2_fixed_label\sa_4333102.jpg,5,4,1,5,6,1,1,0,1,1
G:\Thesis\FACET_Dataset\Segmented_FACET_0.2_fixed_label\sa_3602053.jpg,3,2,0,3,4,1,1,0,1,0
G:\Thesis\FACET_Dataset\Segmented_FACET_0.2_fixed_label\sa_6843583.jpg,2,1,0,5,6,1,4,0,0,0
G:\Thesis\FACET_Dataset\Segmented_FACET_0.2_fixed_label\sa_9128462.jpg,5,4,1,4,5,1,0,1,1,1
G:\Thesis\FACET_Dataset\Segmented_FACET_0.2_fixed_label\sa_9754337.jpg,6,5,1,2,3,0,3,0,0,0
G:\Thesis\FACET_Dataset\Segmented_FACET_0.2_fixed_label\sa_4258410.jpg,6,5,1,4,5,1,1,0,1,1
G:\Thesis\FACET_Dataset\Segmented_FACET_0.2_fixed_label\sa_3151123.jpg,2,1,0,3,4,1,2,0,0,0
G:\Thesis\FACET_Dataset\Segmented_FACET_0.2_fixed_label\sa_6556219.jpg,3,2,0,3,4,1,1,0,1,0
G:\Thesis\FACET_Dataset\Segmented_FACET_0.2_fixed_label\sa_3896509.jpg,5,4,1,5,6,1,1,0,1,1
G:\Thesis\FACET_Dataset\Segmented_FACET_0.2_fixed_label\sa_5782460.jpg,5,4,1,5,6,1,1,0,1,1
G:\Thesis\FACET_Dataset\Segmented_FACET_0.2_fixed_label\sa_8053671.jpg,4,3,1,4,5,1,1,0,1,1
G:\Thesis\FACET_Dataset\Segmented_FACET_0.2_fixed_label\sa_9437029.jpg,2,1,0,4,5,1,3,0,0,0
G:\Thesis\FACET_Dataset\Segmented_FACET_0.2_fixed_label\sa_6964543.jpg,3,2,0,4,5,1,2,0,0,0
G:\Thesis\FACET_Dataset\Segmented_FACET_0.2_fixed_label\sa_1350539.jpg,3,2,0,0,1,0,2,0,0,1
G:\Thesis\FACET_Dataset\Segmented_FACET_0.2_fixed_label\sa_1103583.jpg,3,2,0,4,5,1,2,0,0,0
G:\Thesis\FACET_Dataset\Segmented_FACET_0.2_fixed_label\sa_8915219.jpg,2,1,0,4,5,1,3,0,0,0
G:\Thesis\FACET_Dataset\Segmented_FACET_0.2_fixed_label\sa_5590994.jpg,5,4,1,4,5,1,0,1,1,1
G:\Thesis\FACET_Dataset\Segmented_FACET_0.2_fixed_label\sa_6045725.jpg,5,4,1,4,5,1,0,1,1,1
G:\Thesis\FACET_Dataset\Segmented_FACET_0.2_fixed_label\sa_9529408.jpg,3,2,0,3,4,1,1,0,1,0
G:\Thesis\FACET_Dataset\Segmented_FACET_0.2_fixed_label\sa_11039142.jpg,5,4,1,3,4,1,1,0,1,1
G:\Thesis\FACET_Dataset\Segmented_FACET_0.2_fixed_label\sa_6685030.jpg,3,2,0,5,6,1,3,0,0,0
G:\Thesis\FACET_Dataset\Segmented_FACET_0.2_fixed_label\sa_2271095.jpg,6,5,1,4,5,1,1,0,1,1
G:\Thesis\FACET_Dataset\Segmented_FACET_0.2_fixed_label\sa_4805863.jpg,3,2,0,4,5,1,2,0,0,0
G:\Thesis\FACET_Dataset\Segmented_FACET_0.2_fixed_label\sa_5011257.jpg,6,5,1,6,7,1,1,0,1,1
G:\Thesis\FACET_Dataset\Segmented_FACET_0.2_fixed_label\sa_499574.jpg,4,3,1,1,2,0,2,0,0,0
G:\Thesis\FACET_Dataset\Segmented_FACET_0.2_fixed_label\sa_8293466.jpg,5,4,1,6,7,1,2,0,0,1
G:\Thesis\FACET_Dataset\Segmented_FACET_0.2_fixed_label\sa_1578036.jpg,2,1,0,2,3,0,1,0,1,1
G:\Thesis\FACET_Dataset\Segmented_FACET_0.2_fixed_label\sa_5486273.jpg,5,4,1,3,4,1,1,0,1,1
G:\Thesis\FACET_Dataset\Segmented_FACET_0.2_fixed_label\sa_1387081.jpg,6,5,1,5,6,1,0,1,1,1
G:\Thesis\FACET_Dataset\Segmented_FACET_0.2_fixed_label\sa_1964897.jpg,3,2,0,4,5,1,2,0,0,0
G:\Thesis\FACET_Dataset\Segmented_FACET_0.2_fixed_label\sa_4078602.jpg,5,4,1,3,4,1,1,0,1,1
G:\Thesis\FACET_Dataset\Segmented_FACET_0.2_fixed_label\sa_2739735.jpg,3,2,0,4,5,1,2,0,0,0
G:\Thesis\FACET_Dataset\Segmented_FACET_0.2_fixed_label\sa_6221656.jpg,5,4,1,1,2,0,3,0,0,0
G:\Thesis\FACET_Dataset\Segmented_FACET_0.2_fixed_label\sa_4275220.jpg,2,1,0,3,4,1,2,0,0,0
G:\Thesis\FACET_Dataset\Segmented_FACET_0.2_fixed_label\sa_2243691.jpg,2,1,0,4,5,1,3,0,0,0
G:\Thesis\FACET_Dataset\Segmented_FACET_0.2_fixed_label\sa_2525298.jpg,4,3,1,4,5,1,1,0,1,1
G:\Thesis\FACET_Dataset\Segmented_FACET_0.2_fixed_label\sa_10690469.jpg,6,5,1,2,3,0,3,0,0,0
G:\Thesis\FACET_Dataset\Segmented_FACET_0.2_fixed_label\sa_9059930.jpg,3,2,0,1,2,0,1,0,1,1
G:\Thesis\FACET_Dataset\Segmented_FACET_0.2_fixed_label\sa_4248881.jpg,4,3,1,4,5,1,1,0,1,1
G:\Thesis\FACET_Dataset\Segmented_FACET_0.2_fixed_label\sa_2949112.jpg,3,2,0,4,5,1,2,0,0,0
G:\Thesis\FACET_Dataset\Segmented_FACET_0.2_fixed_label\sa_4655396.jpg,3,2,0,2,3,0,0,1,1,1
G:\Thesis\FACET_Dataset\Segmented_FACET_0.2_fixed_label\sa_7378755.jpg,6,5,1,4,5,1,1,0,1,1
G:\Thesis\FACET_Dataset\Segmented_FACET_0.2_fixed_label\sa_2863417.jpg,4,3,1,5,6,1,2,0,0,1
G:\Thesis\FACET_Dataset\Segmented_FACET_0.2_fixed_label\sa_1005917.jpg,4,3,1,5,6,1,2,0,0,1
G:\Thesis\FACET_Dataset\Segmented_FACET_0.2_fixed_label\sa_10641461.jpg,5,4,1,4,5,1,0,1,1,1
G:\Thesis\FACET_Dataset\Segmented_FACET_0.2_fixed_label\sa_6267865.jpg,6,5,1,3,4,1,2,0,0,1
G:\Thesis\FACET_Dataset\Segmented_FACET_0.2_fixed_label\sa_4601728.jpg,6,5,1,5,6,1,0,1,1,1
G:\Thesis\FACET_Dataset\Segmented_FACET_0.2_fixed_label\sa_2892263.jpg,2,1,0,4,5,1,3,0,0,0
G:\Thesis\FACET_Dataset\Segmented_FACET_0.2_fixed_label\sa_8521269.jpg,3,2,0,2,3,0,0,1,1,1
G:\Thesis\FACET_Dataset\Segmented_FACET_0.2_fixed_label\sa_3322289.jpg,4,3,1,3,4,1,0,1,1,1
G:\Thesis\FACET_Dataset\Segmented_FACET_0.2_fixed_label\sa_1417633.jpg,4,3,1,1,2,0,2,0,0,0
G:\Thesis\FACET_Dataset\Segmented_FACET_0.2_fixed_label\sa_5807865.jpg,6,5,1,4,5,1,1,0,1,1
G:\Thesis\FACET_Dataset\Segmented_FACET_0.2_fixed_label\sa_2010303.jpg,4,3,1,5,6,1,2,0,0,1
G:\Thesis\FACET_Dataset\Segmented_FACET_0.2_fixed_label\sa_3383320.jpg,3,2,0,3,4,1,1,0,1,0
G:\Thesis\FACET_Dataset\Segmented_FACET_0.2_fixed_label\sa_1809016.jpg,2,1,0,5,6,1,4,0,0,0
G:\Thesis\FACET_Dataset\Segmented_FACET_0.2_fixed_label\sa_7459634.jpg,3,2,0,4,5,1,2,0,0,0
G:\Thesis\FACET_Dataset\Segmented_FACET_0.2_fixed_label\sa_10729003.jpg,2,1,0,2,3,0,1,0,1,1
G:\Thesis\FACET_Dataset\Segmented_FACET_0.2_fixed_label\sa_8316301.jpg,4,3,1,5,6,1,2,0,0,1
G:\Thesis\FACET_Dataset\Segmented_FACET_0.2_fixed_label\sa_2750557.jpg,1,0,0,3,4,1,3,0,0,0
G:\Thesis\FACET_Dataset\Segmented_FACET_0.2_fixed_label\sa_3703361.jpg,3,2,0,5,6,1,3,0,0,0
G:\Thesis\FACET_Dataset\Segmented_FACET_0.2_fixed_label\sa_3594622.jpg,1,0,0,1,2,0,1,0,1,1
G:\Thesis\FACET_Dataset\Segmented_FACET_0.2_fixed_label\sa_5987697.jpg,2,1,0,5,6,1,4,0,0,0
G:\Thesis\FACET_Dataset\Segmented_FACET_0.2_fixed_label\sa_8457220.jpg,3,2,0,3,4,1,1,0,1,0
G:\Thesis\FACET_Dataset\Segmented_FACET_0.2_fixed_label\sa_1429866.jpg,4,3,1,4,5,1,1,0,1,1
G:\Thesis\FACET_Dataset\Segmented_FACET_0.2_fixed_label\sa_4924842.jpg,3,2,0,5,6,1,3,0,0,0
G:\Thesis\FACET_Dataset\Segmented_FACET_0.2_fixed_label\sa_2371782.jpg,4,3,1,4,5,1,1,0,1,1
G:\Thesis\FACET_Dataset\Segmented_FACET_0.2_fixed_label\sa_6562153.jpg,2,1,0,4,5,1,3,0,0,0
G:\Thesis\FACET_Dataset\Segmented_FACET_0.2_fixed_label\sa_7714795.jpg,5,4,1,5,6,1,1,0,1,1
G:\Thesis\FACET_Dataset\Segmented_FACET_0.2_fixed_label\sa_675003.jpg,3,2,0,1,2,0,1,0,1,1
G:\Thesis\FACET_Dataset\Segmented_FACET_0.2_fixed_label\sa_5458185.jpg,3,2,0,5,6,1,3,0,0,0
G:\Thesis\FACET_Dataset\Segmented_FACET_0.2_fixed_label\sa_1852190.jpg,3,2,0,1,2,0,1,0,1,1
G:\Thesis\FACET_Dataset\Segmented_FACET_0.2_fixed_label\sa_8091457.jpg,2,1,0,1,2,0,0,1,1,1
G:\Thesis\FACET_Dataset\Segmented_FACET_0.2_fixed_label\sa_10342190.jpg,4,3,1,4,5,1,1,0,1,1
G:\Thesis\FACET_Dataset\Segmented_FACET_0.2_fixed_label\sa_8308802.jpg,1,0,0,1,2,0,1,0,1,1
G:\Thesis\FACET_Dataset\Segmented_FACET_0.2_fixed_label\sa_6245105.jpg,6,5,1,5,6,1,0,1,1,1
G:\Thesis\FACET_Dataset\Segmented_FACET_0.2_fixed_label\sa_697137.jpg,4,3,1,2,3,0,1,0,1,0
G:\Thesis\FACET_Dataset\Segmented_FACET_0.2_fixed_label\sa_8907368.jpg,2,1,0,3,4,1,2,0,0,0
G:\Thesis\FACET_Dataset\Segmented_FACET_0.2_fixed_label\sa_1182365.jpg,3,2,0,4,5,1,2,0,0,0
G:\Thesis\FACET_Dataset\Segmented_FACET_0.2_fixed_label\sa_7963403.jpg,6,5,1,3,4,1,2,0,0,1
G:\Thesis\FACET_Dataset\Segmented_FACET_0.2_fixed_label\sa_9766431.jpg,3,2,0,4,5,1,2,0,0,0
G:\Thesis\FACET_Dataset\Segmented_FACET_0.2_fixed_label\sa_10413840.jpg,4,3,1,5,6,1,2,0,0,1
G:\Thesis\FACET_Dataset\Segmented_FACET_0.2_fixed_label\sa_10002783.jpg,4,3,1,5,6,1,2,0,0,1
G:\Thesis\FACET_Dataset\Segmented_FACET_0.2_fixed_label\sa_1519627.jpg,3,2,0,5,6,1,3,0,0,0
G:\Thesis\FACET_Dataset\Segmented_FACET_0.2_fixed_label\sa_7261983.jpg,4,3,1,3,4,1,0,1,1,1
G:\Thesis\FACET_Dataset\Segmented_FACET_0.2_fixed_label\sa_4390893.jpg,5,4,1,4,5,1,0,1,1,1
G:\Thesis\FACET_Dataset\Segmented_FACET_0.2_fixed_label\sa_8012943.jpg,3,2,0,3,4,1,1,0,1,0
G:\Thesis\FACET_Dataset\Segmented_FACET_0.2_fixed_label\sa_5732009.jpg,7,6,1,4,5,1,2,0,0,1
G:\Thesis\FACET_Dataset\Segmented_FACET_0.2_fixed_label\sa_2444031.jpg,6,5,1,4,5,1,1,0,1,1
G:\Thesis\FACET_Dataset\Segmented_FACET_0.2_fixed_label\sa_9715141.jpg,2,1,0,4,5,1,3,0,0,0
G:\Thesis\FACET_Dataset\Segmented_FACET_0.2_fixed_label\sa_4647211.jpg,2,1,0,2,3,0,1,0,1,1
G:\Thesis\FACET_Dataset\Segmented_FACET_0.2_fixed_label\sa_2779372.jpg,6,5,1,5,6,1,0,1,1,1
G:\Thesis\FACET_Dataset\Segmented_FACET_0.2_fixed_label\sa_9824033.jpg,3,2,0,3,4,1,1,0,1,0
G:\Thesis\FACET_Dataset\Segmented_FACET_0.2_fixed_label\sa_3069658.jpg,7,6,1,6,7,1,0,1,1,1
G:\Thesis\FACET_Dataset\Segmented_FACET_0.2_fixed_label\sa_9738258.jpg,4,3,1,6,7,1,3,0,0,1
G:\Thesis\FACET_Dataset\Segmented_FACET_0.2_fixed_label\sa_9187531.jpg,3,2,0,4,5,1,2,0,0,0
G:\Thesis\FACET_Dataset\Segmented_FACET_0.2_fixed_label\sa_3409064.jpg,4,3,1,3,4,1,0,1,1,1
G:\Thesis\FACET_Dataset\Segmented_FACET_0.2_fixed_label\sa_9097188.jpg,5,4,1,6,7,1,2,0,0,1
G:\Thesis\FACET_Dataset\Segmented_FACET_0.2_fixed_label\sa_2393989.jpg,3,2,0,5,6,1,3,0,0,0
G:\Thesis\FACET_Dataset\Segmented_FACET_0.2_fixed_label\sa_5051216.jpg,3,2,0,5,6,1,3,0,0,0
G:\Thesis\FACET_Dataset\Segmented_FACET_0.2_fixed_label\sa_3841968.jpg,3,2,0,3,4,1,1,0,1,0
G:\Thesis\FACET_Dataset\Segmented_FACET_0.2_fixed_label\sa_2051488.jpg,2,1,0,5,6,1,4,0,0,0
G:\Thesis\FACET_Dataset\Segmented_FACET_0.2_fixed_label\sa_1492570.jpg,6,5,1,5,6,1,0,1,1,1
G:\Thesis\FACET_Dataset\Segmented_FACET_0.2_fixed_label\sa_7869421.jpg,3,2,0,5,6,1,3,0,0,0
G:\Thesis\FACET_Dataset\Segmented_FACET_0.2_fixed_label\sa_1764818.jpg,5,4,1,5,6,1,1,0,1,1
G:\Thesis\FACET_Dataset\Segmented_FACET_0.2_fixed_label\sa_4685439.jpg,2,1,0,1,2,0,0,1,1,1
G:\Thesis\FACET_Dataset\Segmented_FACET_0.2_fixed_label\sa_10821539.jpg,5,4,1,3,4,1,1,0,1,1
G:\Thesis\FACET_Dataset\Segmented_FACET_0.2_fixed_label\sa_10644164.jpg,5,4,1,4,5,1,0,1,1,1
G:\Thesis\FACET_Dataset\Segmented_FACET_0.2_fixed_label\sa_10267437.jpg,4,3,1,3,4,1,0,1,1,1
G:\Thesis\FACET_Dataset\Segmented_FACET_0.2_fixed_label\sa_3003103.jpg,3,2,0,3,4,1,1,0,1,0
G:\Thesis\FACET_Dataset\Segmented_FACET_0.2_fixed_label\sa_4062423.jpg,3,2,0,3,4,1,1,0,1,0
G:\Thesis\FACET_Dataset\Segmented_FACET_0.2_fixed_label\sa_8638154.jpg,5,4,1,4,5,1,0,1,1,1
G:\Thesis\FACET_Dataset\Segmented_FACET_0.2_fixed_label\sa_7483270.jpg,5,4,1,3,4,1,1,0,1,1
G:\Thesis\FACET_Dataset\Segmented_FACET_0.2_fixed_label\sa_9632291.jpg,2,1,0,4,5,1,3,0,0,0
G:\Thesis\FACET_Dataset\Segmented_FACET_0.2_fixed_label\sa_9572029.jpg,6,5,1,7,8,2,2,0,0,0
G:\Thesis\FACET_Dataset\Segmented_FACET_0.2_fixed_label\sa_1329626.jpg,2,1,0,4,5,1,3,0,0,0
G:\Thesis\FACET_Dataset\Segmented_FACET_0.2_fixed_label\sa_5754708.jpg,4,3,1,4,5,1,1,0,1,1
G:\Thesis\FACET_Dataset\Segmented_FACET_0.2_fixed_label\sa_8773397.jpg,4,3,1,1,2,0,2,0,0,0
G:\Thesis\FACET_Dataset\Segmented_FACET_0.2_fixed_label\sa_7043291.jpg,5,4,1,5,6,1,1,0,1,1
G:\Thesis\FACET_Dataset\Segmented_FACET_0.2_fixed_label\sa_5453598.jpg,5,4,1,4,5,1,0,1,1,1
G:\Thesis\FACET_Dataset\Segmented_FACET_0.2_fixed_label\sa_6110157.jpg,3,2,0,4,5,1,2,0,0,0
G:\Thesis\FACET_Dataset\Segmented_FACET_0.2_fixed_label\sa_10902763.jpg,6,5,1,5,6,1,0,1,1,1
G:\Thesis\FACET_Dataset\Segmented_FACET_0.2_fixed_label\sa_2503251.jpg,2,1,0,3,4,1,2,0,0,0
G:\Thesis\FACET_Dataset\Segmented_FACET_0.2_fixed_label\sa_8609421.jpg,4,3,1,5,6,1,2,0,0,1
G:\Thesis\FACET_Dataset\Segmented_FACET_0.2_fixed_label\sa_7208455.jpg,8,7,2,3,4,1,4,0,0,0
G:\Thesis\FACET_Dataset\Segmented_FACET_0.2_fixed_label\sa_9831256.jpg,2,1,0,3,4,1,2,0,0,0
G:\Thesis\FACET_Dataset\Segmented_FACET_0.2_fixed_label\sa_3602718.jpg,5,4,1,2,3,0,2,0,0,0
G:\Thesis\FACET_Dataset\Segmented_FACET_0.2_fixed_label\sa_8226706.jpg,7,6,1,4,5,1,2,0,0,1
G:\Thesis\FACET_Dataset\Segmented_FACET_0.2_fixed_label\sa_6603732.jpg,8,7,2,4,5,1,3,0,0,0
G:\Thesis\FACET_Dataset\Segmented_FACET_0.2_fixed_label\sa_1174968.jpg,2,1,0,4,5,1,3,0,0,0
G:\Thesis\FACET_Dataset\Segmented_FACET_0.2_fixed_label\sa_423768.jpg,7,6,1,5,6,1,1,0,1,1
G:\Thesis\FACET_Dataset\Segmented_FACET_0.2_fixed_label\sa_10742813.jpg,2,1,0,2,3,0,1,0,1,1
G:\Thesis\FACET_Dataset\Segmented_FACET_0.2_fixed_label\sa_5382719.jpg,3,2,0,4,5,1,2,0,0,0
G:\Thesis\FACET_Dataset\Segmented_FACET_0.2_fixed_label\sa_4740572.jpg,5,4,1,4,5,1,0,1,1,1
G:\Thesis\FACET_Dataset\Segmented_FACET_0.2_fixed_label\sa_5963319.jpg,2,1,0,5,6,1,4,0,0,0
G:\Thesis\FACET_Dataset\Segmented_FACET_0.2_fixed_label\sa_3546228.jpg,2,1,0,4,5,1,3,0,0,0
G:\Thesis\FACET_Dataset\Segmented_FACET_0.2_fixed_label\sa_3120751.jpg,4,3,1,3,4,1,0,1,1,1
G:\Thesis\FACET_Dataset\Segmented_FACET_0.2_fixed_label\sa_3467319.jpg,4,3,1,1,2,0,2,0,0,0
G:\Thesis\FACET_Dataset\Segmented_FACET_0.2_fixed_label\sa_5044830.jpg,6,5,1,5,6,1,0,1,1,1
G:\Thesis\FACET_Dataset\Segmented_FACET_0.2_fixed_label\sa_3636151.jpg,3,2,0,4,5,1,2,0,0,0
G:\Thesis\FACET_Dataset\Segmented_FACET_0.2_fixed_label\sa_8775739.jpg,2,1,0,4,5,1,3,0,0,0
G:\Thesis\FACET_Dataset\Segmented_FACET_0.2_fixed_label\sa_4953176.jpg,4,3,1,4,5,1,1,0,1,1
G:\Thesis\FACET_Dataset\Segmented_FACET_0.2_fixed_label\sa_7029681.jpg,4,3,1,4,5,1,1,0,1,1
G:\Thesis\FACET_Dataset\Segmented_FACET_0.2_fixed_label\sa_7330766.jpg,5,4,1,4,5,1,0,1,1,1
G:\Thesis\FACET_Dataset\Segmented_FACET_0.2_fixed_label\sa_6193592.jpg,4,3,1,5,6,1,2,0,0,1
G:\Thesis\FACET_Dataset\Segmented_FACET_0.2_fixed_label\sa_789737.jpg,3,2,0,5,6,1,3,0,0,0
G:\Thesis\FACET_Dataset\Segmented_FACET_0.2_fixed_label\sa_3806685.jpg,2,1,0,4,5,1,3,0,0,0
G:\Thesis\FACET_Dataset\Segmented_FACET_0.2_fixed_label\sa_4838675.jpg,7,6,1,1,2,0,5,0,0,0
G:\Thesis\FACET_Dataset\Segmented_FACET_0.2_fixed_label\sa_8786690.jpg,6,5,1,5,6,1,0,1,1,1
G:\Thesis\FACET_Dataset\Segmented_FACET_0.2_fixed_label\sa_1429317.jpg,4,3,1,3,4,1,0,1,1,1
G:\Thesis\FACET_Dataset\Segmented_FACET_0.2_fixed_label\sa_9825476.jpg,8,7,2,4,5,1,3,0,0,0
G:\Thesis\FACET_Dataset\Segmented_FACET_0.2_fixed_label\sa_3305920.jpg,2,1,0,2,3,0,1,0,1,1
G:\Thesis\FACET_Dataset\Segmented_FACET_0.2_fixed_label\sa_3143426.jpg,4,3,1,4,5,1,1,0,1,1
G:\Thesis\FACET_Dataset\Segmented_FACET_0.2_fixed_label\sa_4662661.jpg,2,1,0,1,2,0,0,1,1,1
G:\Thesis\FACET_Dataset\Segmented_FACET_0.2_fixed_label\sa_6222029.jpg,9,8,2,5,6,1,3,0,0,0
G:\Thesis\FACET_Dataset\Segmented_FACET_0.2_fixed_label\sa_11083026.jpg,2,1,0,5,6,1,4,0,0,0
G:\Thesis\FACET_Dataset\Segmented_FACET_0.2_fixed_label\sa_2474983.jpg,6,5,1,1,2,0,4,0,0,0
G:\Thesis\FACET_Dataset\Segmented_FACET_0.2_fixed_label\sa_2060636.jpg,6,5,1,3,4,1,2,0,0,1
G:\Thesis\FACET_Dataset\Segmented_FACET_0.2_fixed_label\sa_4433491.jpg,8,7,2,5,6,1,2,0,0,0
G:\Thesis\FACET_Dataset\Segmented_FACET_0.2_fixed_label\sa_9194880.jpg,4,3,1,4,5,1,1,0,1,1
G:\Thesis\FACET_Dataset\Segmented_FACET_0.2_fixed_label\sa_10486231.jpg,2,1,0,4,5,1,3,0,0,0
G:\Thesis\FACET_Dataset\Segmented_FACET_0.2_fixed_label\sa_440710.jpg,2,1,0,5,6,1,4,0,0,0
G:\Thesis\FACET_Dataset\Segmented_FACET_0.2_fixed_label\sa_4326242.jpg,2,1,0,1,2,0,0,1,1,1
G:\Thesis\FACET_Dataset\Segmented_FACET_0.2_fixed_label\sa_2866617.jpg,5,4,1,2,3,0,2,0,0,0
G:\Thesis\FACET_Dataset\Segmented_FACET_0.2_fixed_label\sa_8067007.jpg,3,2,0,1,2,0,1,0,1,1
G:\Thesis\FACET_Dataset\Segmented_FACET_0.2_fixed_label\sa_1710488.jpg,5,4,1,4,5,1,0,1,1,1
G:\Thesis\FACET_Dataset\Segmented_FACET_0.2_fixed_label\sa_5647694.jpg,3,2,0,4,5,1,2,0,0,0
G:\Thesis\FACET_Dataset\Segmented_FACET_0.2_fixed_label\sa_200443.jpg,6,5,1,7,8,2,2,0,0,0
G:\Thesis\FACET_Dataset\Segmented_FACET_0.2_fixed_label\sa_5790678.jpg,6,5,1,5,6,1,0,1,1,1
G:\Thesis\FACET_Dataset\Segmented_FACET_0.2_fixed_label\sa_8033758.jpg,9,8,2,7,8,2,1,0,1,1
G:\Thesis\FACET_Dataset\Segmented_FACET_0.2_fixed_label\sa_180993.jpg,4,3,1,4,5,1,1,0,1,1
G:\Thesis\FACET_Dataset\Segmented_FACET_0.2_fixed_label\sa_1736343.jpg,2,1,0,3,4,1,2,0,0,0
G:\Thesis\FACET_Dataset\Segmented_FACET_0.2_fixed_label\sa_9715141.jpg,2,1,0,4,5,1,3,0,0,0
G:\Thesis\FACET_Dataset\Segmented_FACET_0.2_fixed_label\sa_9361089.jpg,4,3,1,5,6,1,2,0,0,1
G:\Thesis\FACET_Dataset\Segmented_FACET_0.2_fixed_label\sa_2756309.jpg,2,1,0,4,5,1,3,0,0,0
G:\Thesis\FACET_Dataset\Segmented_FACET_0.2_fixed_label\sa_1972608.jpg,2,1,0,3,4,1,2,0,0,0
G:\Thesis\FACET_Dataset\Segmented_FACET_0.2_fixed_label\sa_9150781.jpg,2,1,0,2,3,0,1,0,1,1
G:\Thesis\FACET_Dataset\Segmented_FACET_0.2_fixed_label\sa_5815343.jpg,7,6,1,7,8,2,1,0,1,0
G:\Thesis\FACET_Dataset\Segmented_FACET_0.2_fixed_label\sa_7169229.jpg,7,6,1,6,7,1,0,1,1,1
G:\Thesis\FACET_Dataset\Segmented_FACET_0.2_fixed_label\sa_2113904.jpg,7,6,1,5,6,1,1,0,1,1
G:\Thesis\FACET_Dataset\Segmented_FACET_0.2_fixed_label\sa_7156233.jpg,2,1,0,2,3,0,1,0,1,1
G:\Thesis\FACET_Dataset\Segmented_FACET_0.2_fixed_label\sa_7429624.jpg,5,4,1,5,6,1,1,0,1,1
G:\Thesis\FACET_Dataset\Segmented_FACET_0.2_fixed_label\sa_5616531.jpg,2,1,0,4,5,1,3,0,0,0
G:\Thesis\FACET_Dataset\Segmented_FACET_0.2_fixed_label\sa_1801279.jpg,5,4,1,4,5,1,0,1,1,1
G:\Thesis\FACET_Dataset\Segmented_FACET_0.2_fixed_label\sa_395983.jpg,2,1,0,1,2,0,0,1,1,1
G:\Thesis\FACET_Dataset\Segmented_FACET_0.2_fixed_label\sa_8421772.jpg,3,2,0,4,5,1,2,0,0,0
G:\Thesis\FACET_Dataset\Segmented_FACET_0.2_fixed_label\sa_7342124.jpg,6,5,1,5,6,1,0,1,1,1
G:\Thesis\FACET_Dataset\Segmented_FACET_0.2_fixed_label\sa_9395843.jpg,3,2,0,1,2,0,1,0,1,1
G:\Thesis\FACET_Dataset\Segmented_FACET_0.2_fixed_label\sa_691673.jpg,5,4,1,3,4,1,1,0,1,1
G:\Thesis\FACET_Dataset\Segmented_FACET_0.2_fixed_label\sa_2772191.jpg,3,2,0,1,2,0,1,0,1,1
G:\Thesis\FACET_Dataset\Segmented_FACET_0.2_fixed_label\sa_1822211.jpg,4,3,1,3,4,1,0,1,1,1
G:\Thesis\FACET_Dataset\Segmented_FACET_0.2_fixed_label\sa_8179339.jpg,4,3,1,4,5,1,1,0,1,1
G:\Thesis\FACET_Dataset\Segmented_FACET_0.2_fixed_label\sa_5941759.jpg,2,1,0,1,2,0,0,1,1,1
G:\Thesis\FACET_Dataset\Segmented_FACET_0.2_fixed_label\sa_4388194.jpg,6,5,1,4,5,1,1,0,1,1
G:\Thesis\FACET_Dataset\Segmented_FACET_0.2_fixed_label\sa_4558161.jpg,6,5,1,2,3,0,3,0,0,0
G:\Thesis\FACET_Dataset\Segmented_FACET_0.2_fixed_label\sa_9551744.jpg,8,7,2,4,5,1,3,0,0,0
G:\Thesis\FACET_Dataset\Segmented_FACET_0.2_fixed_label\sa_10545112.jpg,2,1,0,3,4,1,2,0,0,0
G:\Thesis\FACET_Dataset\Segmented_FACET_0.2_fixed_label\sa_9040041.jpg,2,1,0,5,6,1,4,0,0,0
G:\Thesis\FACET_Dataset\Segmented_FACET_0.2_fixed_label\sa_1752858.jpg,6,5,1,7,8,2,2,0,0,0
G:\Thesis\FACET_Dataset\Segmented_FACET_0.2_fixed_label\sa_1759645.jpg,3,2,0,4,5,1,2,0,0,0
G:\Thesis\FACET_Dataset\Segmented_FACET_0.2_fixed_label\sa_8006279.jpg,2,1,0,1,2,0,0,1,1,1
G:\Thesis\FACET_Dataset\Segmented_FACET_0.2_fixed_label\sa_7091043.jpg,5,4,1,5,6,1,1,0,1,1
G:\Thesis\FACET_Dataset\Segmented_FACET_0.2_fixed_label\sa_8265943.jpg,2,1,0,4,5,1,3,0,0,0
G:\Thesis\FACET_Dataset\Segmented_FACET_0.2_fixed_label\sa_1873155.jpg,2,1,0,3,4,1,2,0,0,0
G:\Thesis\FACET_Dataset\Segmented_FACET_0.2_fixed_label\sa_7907390.jpg,4,3,1,6,7,1,3,0,0,1
G:\Thesis\FACET_Dataset\Segmented_FACET_0.2_fixed_label\sa_9646378.jpg,3,2,0,1,2,0,1,0,1,1
G:\Thesis\FACET_Dataset\Segmented_FACET_0.2_fixed_label\sa_6946472.jpg,3,2,0,1,2,0,1,0,1,1
G:\Thesis\FACET_Dataset\Segmented_FACET_0.2_fixed_label\sa_1440548.jpg,6,5,1,5,6,1,0,1,1,1
G:\Thesis\FACET_Dataset\Segmented_FACET_0.2_fixed_label\sa_10408922.jpg,6,5,1,5,6,1,0,1,1,1
G:\Thesis\FACET_Dataset\Segmented_FACET_0.2_fixed_label\sa_10928582.jpg,4,3,1,5,6,1,2,0,0,1
G:\Thesis\FACET_Dataset\Segmented_FACET_0.2_fixed_label\sa_7744991.jpg,5,4,1,3,4,1,1,0,1,1
G:\Thesis\FACET_Dataset\Segmented_FACET_0.2_fixed_label\sa_5915212.jpg,8,7,2,6,7,1,1,0,1,0
G:\Thesis\FACET_Dataset\Segmented_FACET_0.2_fixed_label\sa_8793135.jpg,3,2,0,2,3,0,0,1,1,1
G:\Thesis\FACET_Dataset\Segmented_FACET_0.2_fixed_label\sa_3103297.jpg,5,4,1,5,6,1,1,0,1,1
G:\Thesis\FACET_Dataset\Segmented_FACET_0.2_fixed_label\sa_4832952.jpg,4,3,1,5,6,1,2,0,0,1
G:\Thesis\FACET_Dataset\Segmented_FACET_0.2_fixed_label\sa_7046113.jpg,5,4,1,4,5,1,0,1,1,1
G:\Thesis\FACET_Dataset\Segmented_FACET_0.2_fixed_label\sa_7852192.jpg,3,2,0,4,5,1,2,0,0,0
G:\Thesis\FACET_Dataset\Segmented_FACET_0.2_fixed_label\sa_606078.jpg,2,1,0,3,4,1,2,0,0,0
G:\Thesis\FACET_Dataset\Segmented_FACET_0.2_fixed_label\sa_1635631.jpg,1,0,0,3,4,1,3,0,0,0
G:\Thesis\FACET_Dataset\Segmented_FACET_0.2_fixed_label\sa_3991746.jpg,2,1,0,3,4,1,2,0,0,0
G:\Thesis\FACET_Dataset\Segmented_FACET_0.2_fixed_label\sa_7424580.jpg,7,6,1,5,6,1,1,0,1,1
G:\Thesis\FACET_Dataset\Segmented_FACET_0.2_fixed_label\sa_754926.jpg,7,6,1,4,5,1,2,0,0,1
G:\Thesis\FACET_Dataset\Segmented_FACET_0.2_fixed_label\sa_10942581.jpg,5,4,1,4,5,1,0,1,1,1
G:\Thesis\FACET_Dataset\Segmented_FACET_0.2_fixed_label\sa_11044385.jpg,2,1,0,2,3,0,1,0,1,1
G:\Thesis\FACET_Dataset\Segmented_FACET_0.2_fixed_label\sa_4201272.jpg,4,3,1,4,5,1,1,0,1,1
G:\Thesis\FACET_Dataset\Segmented_FACET_0.2_fixed_label\sa_3629885.jpg,3,2,0,4,5,1,2,0,0,0
G:\Thesis\FACET_Dataset\Segmented_FACET_0.2_fixed_label\sa_10001648.jpg,6,5,1,5,6,1,0,1,1,1
G:\Thesis\FACET_Dataset\Segmented_FACET_0.2_fixed_label\sa_3386657.jpg,3,2,0,5,6,1,3,0,0,0
G:\Thesis\FACET_Dataset\Segmented_FACET_0.2_fixed_label\sa_6300862.jpg,8,7,2,4,5,1,3,0,0,0
G:\Thesis\FACET_Dataset\Segmented_FACET_0.2_fixed_label\sa_957680.jpg,5,4,1,4,5,1,0,1,1,1
G:\Thesis\FACET_Dataset\Segmented_FACET_0.2_fixed_label\sa_5569974.jpg,10,9,2,7,8,2,2,0,0,1
G:\Thesis\FACET_Dataset\Segmented_FACET_0.2_fixed_label\sa_6659824.jpg,3,2,0,4,5,1,2,0,0,0
G:\Thesis\FACET_Dataset\Segmented_FACET_0.2_fixed_label\sa_9722807.jpg,3,2,0,5,6,1,3,0,0,0
G:\Thesis\FACET_Dataset\Segmented_FACET_0.2_fixed_label\sa_10089288.jpg,2,1,0,4,5,1,3,0,0,0
G:\Thesis\FACET_Dataset\Segmented_FACET_0.2_fixed_label\sa_4179445.jpg,2,1,0,5,6,1,4,0,0,0
G:\Thesis\FACET_Dataset\Segmented_FACET_0.2_fixed_label\sa_10837279.jpg,6,5,1,5,6,1,0,1,1,1
G:\Thesis\FACET_Dataset\Segmented_FACET_0.2_fixed_label\sa_4938852.jpg,3,2,0,2,3,0,0,1,1,1
G:\Thesis\FACET_Dataset\Segmented_FACET_0.2_fixed_label\sa_2525298.jpg,3,2,0,4,5,1,2,0,0,0
G:\Thesis\FACET_Dataset\Segmented_FACET_0.2_fixed_label\sa_3856553.jpg,4,3,1,4,5,1,1,0,1,1
G:\Thesis\FACET_Dataset\Segmented_FACET_0.2_fixed_label\sa_2265185.jpg,4,3,1,6,7,1,3,0,0,1
G:\Thesis\FACET_Dataset\Segmented_FACET_0.2_fixed_label\sa_3612157.jpg,3,2,0,1,2,0,1,0,1,1
G:\Thesis\FACET_Dataset\Segmented_FACET_0.2_fixed_label\sa_4237910.jpg,3,2,0,3,4,1,1,0,1,0
G:\Thesis\FACET_Dataset\Segmented_FACET_0.2_fixed_label\sa_6846608.jpg,6,5,1,4,5,1,1,0,1,1
G:\Thesis\FACET_Dataset\Segmented_FACET_0.2_fixed_label\sa_5068397.jpg,4,3,1,4,5,1,1,0,1,1
G:\Thesis\FACET_Dataset\Segmented_FACET_0.2_fixed_label\sa_3680583.jpg,4,3,1,2,3,0,1,0,1,0
G:\Thesis\FACET_Dataset\Segmented_FACET_0.2_fixed_label\sa_5633666.jpg,5,4,1,4,5,1,0,1,1,1
G:\Thesis\FACET_Dataset\Segmented_FACET_0.2_fixed_label\sa_5153838.jpg,3,2,0,5,6,1,3,0,0,0
G:\Thesis\FACET_Dataset\Segmented_FACET_0.2_fixed_label\sa_7145981.jpg,6,5,1,5,6,1,0,1,1,1
G:\Thesis\FACET_Dataset\Segmented_FACET_0.2_fixed_label\sa_10987539.jpg,4,3,1,2,3,0,1,0,1,0
G:\Thesis\FACET_Dataset\Segmented_FACET_0.2_fixed_label\sa_6479500.jpg,3,2,0,3,4,1,1,0,1,0
G:\Thesis\FACET_Dataset\Segmented_FACET_0.2_fixed_label\sa_1367724.jpg,2,1,0,5,6,1,4,0,0,0
G:\Thesis\FACET_Dataset\Segmented_FACET_0.2_fixed_label\sa_780544.jpg,2,1,0,3,4,1,2,0,0,0
G:\Thesis\FACET_Dataset\Segmented_FACET_0.2_fixed_label\sa_6987576.jpg,6,5,1,2,3,0,3,0,0,0
G:\Thesis\FACET_Dataset\Segmented_FACET_0.2_fixed_label\sa_6333629.jpg,3,2,0,4,5,1,2,0,0,0
G:\Thesis\FACET_Dataset\Segmented_FACET_0.2_fixed_label\sa_6542756.jpg,4,3,1,4,5,1,1,0,1,1
G:\Thesis\FACET_Dataset\Segmented_FACET_0.2_fixed_label\sa_4596086.jpg,3,2,0,1,2,0,1,0,1,1
G:\Thesis\FACET_Dataset\Segmented_FACET_0.2_fixed_label\sa_5436532.jpg,5,4,1,3,4,1,1,0,1,1
G:\Thesis\FACET_Dataset\Segmented_FACET_0.2_fixed_label\sa_10123527.jpg,2,1,0,3,4,1,2,0,0,0
G:\Thesis\FACET_Dataset\Segmented_FACET_0.2_fixed_label\sa_2370129.jpg,4,3,1,5,6,1,2,0,0,1
G:\Thesis\FACET_Dataset\Segmented_FACET_0.2_fixed_label\sa_875233.jpg,2,1,0,3,4,1,2,0,0,0
G:\Thesis\FACET_Dataset\Segmented_FACET_0.2_fixed_label\sa_2325891.jpg,5,4,1,2,3,0,2,0,0,0
G:\Thesis\FACET_Dataset\Segmented_FACET_0.2_fixed_label\sa_9575365.jpg,4,3,1,4,5,1,1,0,1,1
G:\Thesis\FACET_Dataset\Segmented_FACET_0.2_fixed_label\sa_271879.jpg,4,3,1,2,3,0,1,0,1,0
G:\Thesis\FACET_Dataset\Segmented_FACET_0.2_fixed_label\sa_10130929.jpg,3,2,0,4,5,1,2,0,0,0
G:\Thesis\FACET_Dataset\Segmented_FACET_0.2_fixed_label\sa_587246.jpg,7,6,1,5,6,1,1,0,1,1
G:\Thesis\FACET_Dataset\Segmented_FACET_0.2_fixed_label\sa_7907390.jpg,4,3,1,6,7,1,3,0,0,1
G:\Thesis\FACET_Dataset\Segmented_FACET_0.2_fixed_label\sa_10034633.jpg,2,1,0,1,2,0,0,1,1,1
G:\Thesis\FACET_Dataset\Segmented_FACET_0.2_fixed_label\sa_1059464.jpg,1,0,0,5,6,1,5,0,0,0
G:\Thesis\FACET_Dataset\Segmented_FACET_0.2_fixed_label\sa_5374592.jpg,2,1,0,2,3,0,1,0,1,1
G:\Thesis\FACET_Dataset\Segmented_FACET_0.2_fixed_label\sa_9545144.jpg,8,7,2,4,5,1,3,0,0,0
G:\Thesis\FACET_Dataset\Segmented_FACET_0.2_fixed_label\sa_8253748.jpg,3,2,0,1,2,0,1,0,1,1
G:\Thesis\FACET_Dataset\Segmented_FACET_0.2_fixed_label\sa_2674845.jpg,4,3,1,4,5,1,1,0,1,1
G:\Thesis\FACET_Dataset\Segmented_FACET_0.2_fixed_label\sa_7674108.jpg,3,2,0,3,4,1,1,0,1,0
G:\Thesis\FACET_Dataset\Segmented_FACET_0.2_fixed_label\sa_4953176.jpg,6,5,1,4,5,1,1,0,1,1
G:\Thesis\FACET_Dataset\Segmented_FACET_0.2_fixed_label\sa_10861772.jpg,6,5,1,5,6,1,0,1,1,1
G:\Thesis\FACET_Dataset\Segmented_FACET_0.2_fixed_label\sa_4009050.jpg,3,2,0,3,4,1,1,0,1,0
G:\Thesis\FACET_Dataset\Segmented_FACET_0.2_fixed_label\sa_4786068.jpg,6,5,1,5,6,1,0,1,1,1
G:\Thesis\FACET_Dataset\Segmented_FACET_0.2_fixed_label\sa_8786690.jpg,6,5,1,5,6,1,0,1,1,1
G:\Thesis\FACET_Dataset\Segmented_FACET_0.2_fixed_label\sa_5453598.jpg,2,1,0,4,5,1,3,0,0,0
G:\Thesis\FACET_Dataset\Segmented_FACET_0.2_fixed_label\sa_8343708.jpg,4,3,1,5,6,1,2,0,0,1
G:\Thesis\FACET_Dataset\Segmented_FACET_0.2_fixed_label\sa_4185296.jpg,8,7,2,2,3,0,5,0,0,0
G:\Thesis\FACET_Dataset\Segmented_FACET_0.2_fixed_label\sa_3920545.jpg,6,5,1,5,6,1,0,1,1,1
G:\Thesis\FACET_Dataset\Segmented_FACET_0.2_fixed_label\sa_8836754.jpg,3,2,0,2,3,0,0,1,1,1
G:\Thesis\FACET_Dataset\Segmented_FACET_0.2_fixed_label\sa_8447730.jpg,6,5,1,7,8,2,2,0,0,0
G:\Thesis\FACET_Dataset\Segmented_FACET_0.2_fixed_label\sa_4667204.jpg,3,2,0,4,5,1,2,0,0,0
G:\Thesis\FACET_Dataset\Segmented_FACET_0.2_fixed_label\sa_7162201.jpg,2,1,0,2,3,0,1,0,1,1
G:\Thesis\FACET_Dataset\Segmented_FACET_0.2_fixed_label\sa_6731934.jpg,3,2,0,2,3,0,0,1,1,1
G:\Thesis\FACET_Dataset\Segmented_FACET_0.2_fixed_label\sa_236627.jpg,2,1,0,4,5,1,3,0,0,0
G:\Thesis\FACET_Dataset\Segmented_FACET_0.2_fixed_label\sa_4370648.jpg,9,8,2,4,5,1,4,0,0,0
G:\Thesis\FACET_Dataset\Segmented_FACET_0.2_fixed_label\sa_6189368.jpg,4,3,1,5,6,1,2,0,0,1
G:\Thesis\FACET_Dataset\Segmented_FACET_0.2_fixed_label\sa_9904439.jpg,7,6,1,4,5,1,2,0,0,1
G:\Thesis\FACET_Dataset\Segmented_FACET_0.2_fixed_label\sa_3787193.jpg,5,4,1,5,6,1,1,0,1,1
G:\Thesis\FACET_Dataset\Segmented_FACET_0.2_fixed_label\sa_619947.jpg,7,6,1,8,9,2,2,0,0,0
G:\Thesis\FACET_Dataset\Segmented_FACET_0.2_fixed_label\sa_286716.jpg,3,2,0,5,6,1,3,0,0,0
G:\Thesis\FACET_Dataset\Segmented_FACET_0.2_fixed_label\sa_8137950.jpg,3,2,0,3,4,1,1,0,1,0
G:\Thesis\FACET_Dataset\Segmented_FACET_0.2_fixed_label\sa_10277350.jpg,5,4,1,1,2,0,3,0,0,0
G:\Thesis\FACET_Dataset\Segmented_FACET_0.2_fixed_label\sa_2949780.jpg,5,4,1,3,4,1,1,0,1,1
G:\Thesis\FACET_Dataset\Segmented_FACET_0.2_fixed_label\sa_4416975.jpg,9,8,2,7,8,2,1,0,1,1
G:\Thesis\FACET_Dataset\Segmented_FACET_0.2_fixed_label\sa_6333458.jpg,6,5,1,4,5,1,1,0,1,1
G:\Thesis\FACET_Dataset\Segmented_FACET_0.2_fixed_label\sa_5400620.jpg,6,5,1,4,5,1,1,0,1,1
G:\Thesis\FACET_Dataset\Segmented_FACET_0.2_fixed_label\sa_2149703.jpg,4,3,1,4,5,1,1,0,1,1
G:\Thesis\FACET_Dataset\Segmented_FACET_0.2_fixed_label\sa_4515275.jpg,7,6,1,7,8,2,1,0,1,0
G:\Thesis\FACET_Dataset\Segmented_FACET_0.2_fixed_label\sa_4430152.jpg,2,1,0,2,3,0,1,0,1,1
G:\Thesis\FACET_Dataset\Segmented_FACET_0.2_fixed_label\sa_10068268.jpg,3,2,0,4,5,1,2,0,0,0
G:\Thesis\FACET_Dataset\Segmented_FACET_0.2_fixed_label\sa_8970413.jpg,8,7,2,3,4,1,4,0,0,0
G:\Thesis\FACET_Dataset\Segmented_FACET_0.2_fixed_label\sa_8293466.jpg,7,6,1,6,7,1,0,1,1,1
G:\Thesis\FACET_Dataset\Segmented_FACET_0.2_fixed_label\sa_3190414.jpg,3,2,0,5,6,1,3,0,0,0
G:\Thesis\FACET_Dataset\Segmented_FACET_0.2_fixed_label\sa_1929122.jpg,5,4,1,5,6,1,1,0,1,1
G:\Thesis\FACET_Dataset\Segmented_FACET_0.2_fixed_label\sa_7217967.jpg,5,4,1,4,5,1,0,1,1,1
G:\Thesis\FACET_Dataset\Segmented_FACET_0.2_fixed_label\sa_9458625.jpg,3,2,0,1,2,0,1,0,1,1
G:\Thesis\FACET_Dataset\Segmented_FACET_0.2_fixed_label\sa_8812021.jpg,4,3,1,5,6,1,2,0,0,1
G:\Thesis\FACET_Dataset\Segmented_FACET_0.2_fixed_label\sa_870796.jpg,4,3,1,1,2,0,2,0,0,0
G:\Thesis\FACET_Dataset\Segmented_FACET_0.2_fixed_label\sa_3012918.jpg,5,4,1,4,5,1,0,1,1,1
G:\Thesis\FACET_Dataset\Segmented_FACET_0.2_fixed_label\sa_2196161.jpg,3,2,0,4,5,1,2,0,0,0
G:\Thesis\FACET_Dataset\Segmented_FACET_0.2_fixed_label\sa_2499281.jpg,1,0,0,4,5,1,4,0,0,0
G:\Thesis\FACET_Dataset\Segmented_FACET_0.2_fixed_label\sa_4313887.jpg,5,4,1,3,4,1,1,0,1,1
G:\Thesis\FACET_Dataset\Segmented_FACET_0.2_fixed_label\sa_4068101.jpg,3,2,0,4,5,1,2,0,0,0
G:\Thesis\FACET_Dataset\Segmented_FACET_0.2_fixed_label\sa_4199584.jpg,4,3,1,4,5,1,1,0,1,1
G:\Thesis\FACET_Dataset\Segmented_FACET_0.2_fixed_label\sa_8531277.jpg,3,2,0,1,2,0,1,0,1,1
G:\Thesis\FACET_Dataset\Segmented_FACET_0.2_fixed_label\sa_1442214.jpg,2,1,0,3,4,1,2,0,0,0
G:\Thesis\FACET_Dataset\Segmented_FACET_0.2_fixed_label\sa_4079700.jpg,5,4,1,5,6,1,1,0,1,1
G:\Thesis\FACET_Dataset\Segmented_FACET_0.2_fixed_label\sa_5677264.jpg,4,3,1,5,6,1,2,0,0,1
G:\Thesis\FACET_Dataset\Segmented_FACET_0.2_fixed_label\sa_5465335.jpg,3,2,0,5,6,1,3,0,0,0
G:\Thesis\FACET_Dataset\Segmented_FACET_0.2_fixed_label\sa_1462121.jpg,4,3,1,1,2,0,2,0,0,0
G:\Thesis\FACET_Dataset\Segmented_FACET_0.2_fixed_label\sa_5976402.jpg,2,1,0,5,6,1,4,0,0,0
G:\Thesis\FACET_Dataset\Segmented_FACET_0.2_fixed_label\sa_1441403.jpg,3,2,0,4,5,1,2,0,0,0
G:\Thesis\FACET_Dataset\Segmented_FACET_0.2_fixed_label\sa_1793094.jpg,2,1,0,4,5,1,3,0,0,0
G:\Thesis\FACET_Dataset\Segmented_FACET_0.2_fixed_label\sa_8539185.jpg,2,1,0,4,5,1,3,0,0,0
G:\Thesis\FACET_Dataset\Segmented_FACET_0.2_fixed_label\sa_7072705.jpg,5,4,1,3,4,1,1,0,1,1
G:\Thesis\FACET_Dataset\Segmented_FACET_0.2_fixed_label\sa_350152.jpg,3,2,0,4,5,1,2,0,0,0
G:\Thesis\FACET_Dataset\Segmented_FACET_0.2_fixed_label\sa_4563150.jpg,2,1,0,4,5,1,3,0,0,0
G:\Thesis\FACET_Dataset\Segmented_FACET_0.2_fixed_label\sa_975478.jpg,5,4,1,3,4,1,1,0,1,1
G:\Thesis\FACET_Dataset\Segmented_FACET_0.2_fixed_label\sa_2746131.jpg,5,4,1,4,5,1,0,1,1,1
G:\Thesis\FACET_Dataset\Segmented_FACET_0.2_fixed_label\sa_6844966.jpg,4,3,1,3,4,1,0,1,1,1
G:\Thesis\FACET_Dataset\Segmented_FACET_0.2_fixed_label\sa_7005202.jpg,3,2,0,4,5,1,2,0,0,0
G:\Thesis\FACET_Dataset\Segmented_FACET_0.2_fixed_label\sa_7330766.jpg,3,2,0,4,5,1,2,0,0,0
G:\Thesis\FACET_Dataset\Segmented_FACET_0.2_fixed_label\sa_3436418.jpg,6,5,1,3,4,1,2,0,0,1
G:\Thesis\FACET_Dataset\Segmented_FACET_0.2_fixed_label\sa_11053641.jpg,4,3,1,4,5,1,1,0,1,1
G:\Thesis\FACET_Dataset\Segmented_FACET_0.2_fixed_label\sa_8381515.jpg,4,3,1,3,4,1,0,1,1,1
G:\Thesis\FACET_Dataset\Segmented_FACET_0.2_fixed_label\sa_1984040.jpg,6,5,1,5,6,1,0,1,1,1
G:\Thesis\FACET_Dataset\Segmented_FACET_0.2_fixed_label\sa_8489176.jpg,9,8,2,7,8,2,1,0,1,1
G:\Thesis\FACET_Dataset\Segmented_FACET_0.2_fixed_label\sa_1435095.jpg,4,3,1,2,3,0,1,0,1,0
G:\Thesis\FACET_Dataset\Segmented_FACET_0.2_fixed_label\sa_10340266.jpg,4,3,1,2,3,0,1,0,1,0
G:\Thesis\FACET_Dataset\Segmented_FACET_0.2_fixed_label\sa_15807.jpg,3,2,0,1,2,0,1,0,1,1
G:\Thesis\FACET_Dataset\Segmented_FACET_0.2_fixed_label\sa_10887048.jpg,4,3,1,1,2,0,2,0,0,0
G:\Thesis\FACET_Dataset\Segmented_FACET_0.2_fixed_label\sa_7113737.jpg,2,1,0,4,5,1,3,0,0,0
G:\Thesis\FACET_Dataset\Segmented_FACET_0.2_fixed_label\sa_7344264.jpg,3,2,0,4,5,1,2,0,0,0
G:\Thesis\FACET_Dataset\Segmented_FACET_0.2_fixed_label\sa_6390701.jpg,4,3,1,5,6,1,2,0,0,1
G:\Thesis\FACET_Dataset\Segmented_FACET_0.2_fixed_label\sa_4450995.jpg,2,1,0,2,3,0,1,0,1,1
G:\Thesis\FACET_Dataset\Segmented_FACET_0.2_fixed_label\sa_1195619.jpg,5,4,1,5,6,1,1,0,1,1
G:\Thesis\FACET_Dataset\Segmented_FACET_0.2_fixed_label\sa_11054725.jpg,5,4,1,5,6,1,1,0,1,1
G:\Thesis\FACET_Dataset\Segmented_FACET_0.2_fixed_label\sa_2255583.jpg,2,1,0,1,2,0,0,1,1,1
G:\Thesis\FACET_Dataset\Segmented_FACET_0.2_fixed_label\sa_8743424.jpg,3,2,0,3,4,1,1,0,1,0
G:\Thesis\FACET_Dataset\Segmented_FACET_0.2_fixed_label\sa_11034656.jpg,6,5,1,6,7,1,1,0,1,1
G:\Thesis\FACET_Dataset\Segmented_FACET_0.2_fixed_label\sa_6110157.jpg,4,3,1,4,5,1,1,0,1,1
G:\Thesis\FACET_Dataset\Segmented_FACET_0.2_fixed_label\sa_2559933.jpg,5,4,1,1,2,0,3,0,0,0
G:\Thesis\FACET_Dataset\Segmented_FACET_0.2_fixed_label\sa_1404960.jpg,3,2,0,5,6,1,3,0,0,0
G:\Thesis\FACET_Dataset\Segmented_FACET_0.2_fixed_label\sa_3437748.jpg,7,6,1,5,6,1,1,0,1,1
G:\Thesis\FACET_Dataset\Segmented_FACET_0.2_fixed_label\sa_6166993.jpg,3,2,0,5,6,1,3,0,0,0
G:\Thesis\FACET_Dataset\Segmented_FACET_0.2_fixed_label\sa_8438635.jpg,4,3,1,1,2,0,2,0,0,0
G:\Thesis\FACET_Dataset\Segmented_FACET_0.2_fixed_label\sa_2937365.jpg,2,1,0,5,6,1,4,0,0,0
G:\Thesis\FACET_Dataset\Segmented_FACET_0.2_fixed_label\sa_10202700.jpg,8,7,2,6,7,1,1,0,1,0
G:\Thesis\FACET_Dataset\Segmented_FACET_0.2_fixed_label\sa_3513021.jpg,3,2,0,3,4,1,1,0,1,0
G:\Thesis\FACET_Dataset\Segmented_FACET_0.2_fixed_label\sa_3878735.jpg,6,5,1,1,2,0,4,0,0,0
G:\Thesis\FACET_Dataset\Segmented_FACET_0.2_fixed_label\sa_7971175.jpg,3,2,0,4,5,1,2,0,0,0
G:\Thesis\FACET_Dataset\Segmented_FACET_0.2_fixed_label\sa_8022355.jpg,6,5,1,5,6,1,0,1,1,1
G:\Thesis\FACET_Dataset\Segmented_FACET_0.2_fixed_label\sa_5712543.jpg,2,1,0,3,4,1,2,0,0,0
G:\Thesis\FACET_Dataset\Segmented_FACET_0.2_fixed_label\sa_7943968.jpg,2,1,0,3,4,1,2,0,0,0
G:\Thesis\FACET_Dataset\Segmented_FACET_0.2_fixed_label\sa_10217841.jpg,2,1,0,4,5,1,3,0,0,0
G:\Thesis\FACET_Dataset\Segmented_FACET_0.2_fixed_label\sa_7213451.jpg,3,2,0,1,2,0,1,0,1,1
G:\Thesis\FACET_Dataset\Segmented_FACET_0.2_fixed_label\sa_9604483.jpg,3,2,0,3,4,1,1,0,1,0
G:\Thesis\FACET_Dataset\Segmented_FACET_0.2_fixed_label\sa_10498237.jpg,2,1,0,3,4,1,2,0,0,0
G:\Thesis\FACET_Dataset\Segmented_FACET_0.2_fixed_label\sa_10459138.jpg,3,2,0,3,4,1,1,0,1,0
G:\Thesis\FACET_Dataset\Segmented_FACET_0.2_fixed_label\sa_8539185.jpg,2,1,0,4,5,1,3,0,0,0
G:\Thesis\FACET_Dataset\Segmented_FACET_0.2_fixed_label\sa_5093441.jpg,2,1,0,2,3,0,1,0,1,1
G:\Thesis\FACET_Dataset\Segmented_FACET_0.2_fixed_label\sa_3665560.jpg,5,4,1,3,4,1,1,0,1,1
G:\Thesis\FACET_Dataset\Segmented_FACET_0.2_fixed_label\sa_1229148.jpg,5,4,1,4,5,1,0,1,1,1
G:\Thesis\FACET_Dataset\Segmented_FACET_0.2_fixed_label\sa_7373385.jpg,4,3,1,1,2,0,2,0,0,0
G:\Thesis\FACET_Dataset\Segmented_FACET_0.2_fixed_label\sa_4231211.jpg,5,4,1,2,3,0,2,0,0,0
G:\Thesis\FACET_Dataset\Segmented_FACET_0.2_fixed_label\sa_3490225.jpg,9,8,2,6,7,1,2,0,0,0
G:\Thesis\FACET_Dataset\Segmented_FACET_0.2_fixed_label\sa_4231211.jpg,2,1,0,2,3,0,1,0,1,1
G:\Thesis\FACET_Dataset\Segmented_FACET_0.2_fixed_label\sa_1012178.jpg,5,4,1,5,6,1,1,0,1,1
G:\Thesis\FACET_Dataset\Segmented_FACET_0.2_fixed_label\sa_5322173.jpg,3,2,0,3,4,1,1,0,1,0
G:\Thesis\FACET_Dataset\Segmented_FACET_0.2_fixed_label\sa_10109543.jpg,5,4,1,3,4,1,1,0,1,1
G:\Thesis\FACET_Dataset\Segmented_FACET_0.2_fixed_label\sa_2564768.jpg,3,2,0,2,3,0,0,1,1,1
G:\Thesis\FACET_Dataset\Segmented_FACET_0.2_fixed_label\sa_7789823.jpg,7,6,1,6,7,1,0,1,1,1
G:\Thesis\FACET_Dataset\Segmented_FACET_0.2_fixed_label\sa_5333185.jpg,5,4,1,7,8,2,3,0,0,0
G:\Thesis\FACET_Dataset\Segmented_FACET_0.2_fixed_label\sa_8748950.jpg,6,5,1,5,6,1,0,1,1,1
G:\Thesis\FACET_Dataset\Segmented_FACET_0.2_fixed_label\sa_10957218.jpg,8,7,2,4,5,1,3,0,0,0
G:\Thesis\FACET_Dataset\Segmented_FACET_0.2_fixed_label\sa_1013900.jpg,2,1,0,3,4,1,2,0,0,0
G:\Thesis\FACET_Dataset\Segmented_FACET_0.2_fixed_label\sa_6482255.jpg,2,1,0,3,4,1,2,0,0,0
G:\Thesis\FACET_Dataset\Segmented_FACET_0.2_fixed_label\sa_7779201.jpg,4,3,1,4,5,1,1,0,1,1
G:\Thesis\FACET_Dataset\Segmented_FACET_0.2_fixed_label\sa_9288427.jpg,4,3,1,3,4,1,0,1,1,1
G:\Thesis\FACET_Dataset\Segmented_FACET_0.2_fixed_label\sa_3526045.jpg,1,0,0,2,3,0,2,0,0,1
G:\Thesis\FACET_Dataset\Segmented_FACET_0.2_fixed_label\sa_3024384.jpg,6,5,1,3,4,1,2,0,0,1
G:\Thesis\FACET_Dataset\Segmented_FACET_0.2_fixed_label\sa_5476556.jpg,3,2,0,2,3,0,0,1,1,1
G:\Thesis\FACET_Dataset\Segmented_FACET_0.2_fixed_label\sa_10720806.jpg,2,1,0,3,4,1,2,0,0,0
G:\Thesis\FACET_Dataset\Segmented_FACET_0.2_fixed_label\sa_1442214.jpg,2,1,0,3,4,1,2,0,0,0
G:\Thesis\FACET_Dataset\Segmented_FACET_0.2_fixed_label\sa_7453249.jpg,6,5,1,4,5,1,1,0,1,1
G:\Thesis\FACET_Dataset\Segmented_FACET_0.2_fixed_label\sa_8880378.jpg,1,0,0,2,3,0,2,0,0,1
G:\Thesis\FACET_Dataset\Segmented_FACET_0.2_fixed_label\sa_591356.jpg,4,3,1,5,6,1,2,0,0,1
G:\Thesis\FACET_Dataset\Segmented_FACET_0.2_fixed_label\sa_8614714.jpg,4,3,1,2,3,0,1,0,1,0
G:\Thesis\FACET_Dataset\Segmented_FACET_0.2_fixed_label\sa_3924441.jpg,3,2,0,2,3,0,0,1,1,1
G:\Thesis\FACET_Dataset\Segmented_FACET_0.2_fixed_label\sa_9454089.jpg,5,4,1,4,5,1,0,1,1,1
G:\Thesis\FACET_Dataset\Segmented_FACET_0.2_fixed_label\sa_8273213.jpg,1,0,0,4,5,1,4,0,0,0
G:\Thesis\FACET_Dataset\Segmented_FACET_0.2_fixed_label\sa_3069634.jpg,5,4,1,4,5,1,0,1,1,1
G:\Thesis\FACET_Dataset\Segmented_FACET_0.2_fixed_label\sa_6418033.jpg,6,5,1,5,6,1,0,1,1,1
G:\Thesis\FACET_Dataset\Segmented_FACET_0.2_fixed_label\sa_8970413.jpg,7,6,1,3,4,1,3,0,0,1
G:\Thesis\FACET_Dataset\Segmented_FACET_0.2_fixed_label\sa_1049914.jpg,4,3,1,2,3,0,1,0,1,0
G:\Thesis\FACET_Dataset\Segmented_FACET_0.2_fixed_label\sa_9197419.jpg,6,5,1,4,5,1,1,0,1,1
G:\Thesis\FACET_Dataset\Segmented_FACET_0.2_fixed_label\sa_5284808.jpg,2,1,0,5,6,1,4,0,0,0
G:\Thesis\FACET_Dataset\Segmented_FACET_0.2_fixed_label\sa_5633666.jpg,5,4,1,4,5,1,0,1,1,1
G:\Thesis\FACET_Dataset\Segmented_FACET_0.2_fixed_label\sa_9573144.jpg,2,1,0,3,4,1,2,0,0,0
G:\Thesis\FACET_Dataset\Segmented_FACET_0.2_fixed_label\sa_7593135.jpg,2,1,0,1,2,0,0,1,1,1
G:\Thesis\FACET_Dataset\Segmented_FACET_0.2_fixed_label\sa_10705237.jpg,4,3,1,4,5,1,1,0,1,1
G:\Thesis\FACET_Dataset\Segmented_FACET_0.2_fixed_label\sa_5526742.jpg,5,4,1,3,4,1,1,0,1,1
G:\Thesis\FACET_Dataset\Segmented_FACET_0.2_fixed_label\sa_10189559.jpg,1,0,0,3,4,1,3,0,0,0
G:\Thesis\FACET_Dataset\Segmented_FACET_0.2_fixed_label\sa_10206504.jpg,6,5,1,4,5,1,1,0,1,1
G:\Thesis\FACET_Dataset\Segmented_FACET_0.2_fixed_label\sa_4808180.jpg,3,2,0,4,5,1,2,0,0,0
G:\Thesis\FACET_Dataset\Segmented_FACET_0.2_fixed_label\sa_1468527.jpg,5,4,1,4,5,1,0,1,1,1
G:\Thesis\FACET_Dataset\Segmented_FACET_0.2_fixed_label\sa_1229148.jpg,2,1,0,4,5,1,3,0,0,0
G:\Thesis\FACET_Dataset\Segmented_FACET_0.2_fixed_label\sa_3409064.jpg,3,2,0,3,4,1,1,0,1,0
G:\Thesis\FACET_Dataset\Segmented_FACET_0.2_fixed_label\sa_5515644.jpg,3,2,0,2,3,0,0,1,1,1
G:\Thesis\FACET_Dataset\Segmented_FACET_0.2_fixed_label\sa_1741181.jpg,4,3,1,1,2,0,2,0,0,0
G:\Thesis\FACET_Dataset\Segmented_FACET_0.2_fixed_label\sa_2813753.jpg,4,3,1,4,5,1,1,0,1,1
G:\Thesis\FACET_Dataset\Segmented_FACET_0.2_fixed_label\sa_4455432.jpg,8,7,2,3,4,1,4,0,0,0
G:\Thesis\FACET_Dataset\Segmented_FACET_0.2_fixed_label\sa_1282407.jpg,2,1,0,4,5,1,3,0,0,0
G:\Thesis\FACET_Dataset\Segmented_FACET_0.2_fixed_label\sa_3087418.jpg,6,5,1,4,5,1,1,0,1,1
G:\Thesis\FACET_Dataset\Segmented_FACET_0.2_fixed_label\sa_9467051.jpg,5,4,1,4,5,1,0,1,1,1
G:\Thesis\FACET_Dataset\Segmented_FACET_0.2_fixed_label\sa_33770.jpg,3,2,0,5,6,1,3,0,0,0
G:\Thesis\FACET_Dataset\Segmented_FACET_0.2_fixed_label\sa_5359669.jpg,9,8,2,7,8,2,1,0,1,1
G:\Thesis\FACET_Dataset\Segmented_FACET_0.2_fixed_label\sa_5950493.jpg,4,3,1,3,4,1,0,1,1,1
G:\Thesis\FACET_Dataset\Segmented_FACET_0.2_fixed_label\sa_10523359.jpg,4,3,1,4,5,1,1,0,1,1
G:\Thesis\FACET_Dataset\Segmented_FACET_0.2_fixed_label\sa_1073347.jpg,3,2,0,3,4,1,1,0,1,0
G:\Thesis\FACET_Dataset\Segmented_FACET_0.2_fixed_label\sa_7067411.jpg,3,2,0,4,5,1,2,0,0,0
G:\Thesis\FACET_Dataset\Segmented_FACET_0.2_fixed_label\sa_4331908.jpg,3,2,0,5,6,1,3,0,0,0
G:\Thesis\FACET_Dataset\Segmented_FACET_0.2_fixed_label\sa_7336637.jpg,3,2,0,5,6,1,3,0,0,0
G:\Thesis\FACET_Dataset\Segmented_FACET_0.2_fixed_label\sa_11183987.jpg,5,4,1,3,4,1,1,0,1,1
G:\Thesis\FACET_Dataset\Segmented_FACET_0.2_fixed_label\sa_4644720.jpg,4,3,1,3,4,1,0,1,1,1
G:\Thesis\FACET_Dataset\Segmented_FACET_0.2_fixed_label\sa_7021900.jpg,3,2,0,2,3,0,0,1,1,1
G:\Thesis\FACET_Dataset\Segmented_FACET_0.2_fixed_label\sa_8754701.jpg,2,1,0,3,4,1,2,0,0,0
G:\Thesis\FACET_Dataset\Segmented_FACET_0.2_fixed_label\sa_6274456.jpg,4,3,1,5,6,1,2,0,0,1
G:\Thesis\FACET_Dataset\Segmented_FACET_0.2_fixed_label\sa_3314883.jpg,2,1,0,4,5,1,3,0,0,0
G:\Thesis\FACET_Dataset\Segmented_FACET_0.2_fixed_label\sa_6712641.jpg,7,6,1,4,5,1,2,0,0,1
G:\Thesis\FACET_Dataset\Segmented_FACET_0.2_fixed_label\sa_9494962.jpg,9,8,2,5,6,1,3,0,0,0
G:\Thesis\FACET_Dataset\Segmented_FACET_0.2_fixed_label\sa_3362329.jpg,8,7,2,3,4,1,4,0,0,0
G:\Thesis\FACET_Dataset\Segmented_FACET_0.2_fixed_label\sa_8201612.jpg,7,6,1,6,7,1,0,1,1,1
G:\Thesis\FACET_Dataset\Segmented_FACET_0.2_fixed_label\sa_7963944.jpg,3,2,0,3,4,1,1,0,1,0
G:\Thesis\FACET_Dataset\Segmented_FACET_0.2_fixed_label\sa_7440898.jpg,2,1,0,4,5,1,3,0,0,0
G:\Thesis\FACET_Dataset\Segmented_FACET_0.2_fixed_label\sa_9993648.jpg,3,2,0,2,3,0,0,1,1,1
G:\Thesis\FACET_Dataset\Segmented_FACET_0.2_fixed_label\sa_6663509.jpg,6,5,1,3,4,1,2,0,0,1
G:\Thesis\FACET_Dataset\Segmented_FACET_0.2_fixed_label\sa_9584356.jpg,3,2,0,5,6,1,3,0,0,0
G:\Thesis\FACET_Dataset\Segmented_FACET_0.2_fixed_label\sa_974197.jpg,3,2,0,1,2,0,1,0,1,1
G:\Thesis\FACET_Dataset\Segmented_FACET_0.2_fixed_label\sa_607894.jpg,3,2,0,1,2,0,1,0,1,1
G:\Thesis\FACET_Dataset\Segmented_FACET_0.2_fixed_label\sa_443340.jpg,2,1,0,1,2,0,0,1,1,1
G:\Thesis\FACET_Dataset\Segmented_FACET_0.2_fixed_label\sa_6934043.jpg,4,3,1,4,5,1,1,0,1,1
G:\Thesis\FACET_Dataset\Segmented_FACET_0.2_fixed_label\sa_4211530.jpg,1,0,0,2,3,0,2,0,0,1
G:\Thesis\FACET_Dataset\Segmented_FACET_0.2_fixed_label\sa_8119206.jpg,5,4,1,5,6,1,1,0,1,1
G:\Thesis\FACET_Dataset\Segmented_FACET_0.2_fixed_label\sa_2225060.jpg,4,3,1,3,4,1,0,1,1,1
G:\Thesis\FACET_Dataset\Segmented_FACET_0.2_fixed_label\sa_416153.jpg,1,0,0,5,6,1,5,0,0,0
G:\Thesis\FACET_Dataset\Segmented_FACET_0.2_fixed_label\sa_2204614.jpg,5,4,1,5,6,1,1,0,1,1
G:\Thesis\FACET_Dataset\Segmented_FACET_0.2_fixed_label\sa_312129.jpg,3,2,0,2,3,0,0,1,1,1
G:\Thesis\FACET_Dataset\Segmented_FACET_0.2_fixed_label\sa_7723303.jpg,4,3,1,2,3,0,1,0,1,0
G:\Thesis\FACET_Dataset\Segmented_FACET_0.2_fixed_label\sa_7256930.jpg,5,4,1,5,6,1,1,0,1,1
G:\Thesis\FACET_Dataset\Segmented_FACET_0.2_fixed_label\sa_4570059.jpg,4,3,1,3,4,1,0,1,1,1
G:\Thesis\FACET_Dataset\Segmented_FACET_0.2_fixed_label\sa_8531277.jpg,5,4,1,1,2,0,3,0,0,0
G:\Thesis\FACET_Dataset\Segmented_FACET_0.2_fixed_label\sa_5574212.jpg,2,1,0,3,4,1,2,0,0,0
G:\Thesis\FACET_Dataset\Segmented_FACET_0.2_fixed_label\sa_2215123.jpg,3,2,0,2,3,0,0,1,1,1
G:\Thesis\FACET_Dataset\Segmented_FACET_0.2_fixed_label\sa_6977491.jpg,2,1,0,4,5,1,3,0,0,0
G:\Thesis\FACET_Dataset\Segmented_FACET_0.2_fixed_label\sa_10553447.jpg,2,1,0,4,5,1,3,0,0,0
G:\Thesis\FACET_Dataset\Segmented_FACET_0.2_fixed_label\sa_592062.jpg,7,6,1,7,8,2,1,0,1,0
G:\Thesis\FACET_Dataset\Segmented_FACET_0.2_fixed_label\sa_817940.jpg,4,3,1,5,6,1,2,0,0,1
G:\Thesis\FACET_Dataset\Segmented_FACET_0.2_fixed_label\sa_1005786.jpg,6,5,1,5,6,1,0,1,1,1
G:\Thesis\FACET_Dataset\Segmented_FACET_0.2_fixed_label\sa_8700852.jpg,3,2,0,2,3,0,0,1,1,1
G:\Thesis\FACET_Dataset\Segmented_FACET_0.2_fixed_label\sa_6411745.jpg,9,8,2,5,6,1,3,0,0,0
G:\Thesis\FACET_Dataset\Segmented_FACET_0.2_fixed_label\sa_8815397.jpg,4,3,1,4,5,1,1,0,1,1
G:\Thesis\FACET_Dataset\Segmented_FACET_0.2_fixed_label\sa_9040041.jpg,3,2,0,5,6,1,3,0,0,0
G:\Thesis\FACET_Dataset\Segmented_FACET_0.2_fixed_label\sa_6481829.jpg,3,2,0,2,3,0,0,1,1,1
G:\Thesis\FACET_Dataset\Segmented_FACET_0.2_fixed_label\sa_1611695.jpg,4,3,1,3,4,1,0,1,1,1
G:\Thesis\FACET_Dataset\Segmented_FACET_0.2_fixed_label\sa_6440016.jpg,6,5,1,5,6,1,0,1,1,1
G:\Thesis\FACET_Dataset\Segmented_FACET_0.2_fixed_label\sa_10040081.jpg,2,1,0,8,9,2,7,0,0,0
G:\Thesis\FACET_Dataset\Segmented_FACET_0.2_fixed_label\sa_6195714.jpg,3,2,0,4,5,1,2,0,0,0
G:\Thesis\FACET_Dataset\Segmented_FACET_0.2_fixed_label\sa_9360131.jpg,3,2,0,4,5,1,2,0,0,0
G:\Thesis\FACET_Dataset\Segmented_FACET_0.2_fixed_label\sa_4273169.jpg,5,4,1,5,6,1,1,0,1,1
G:\Thesis\FACET_Dataset\Segmented_FACET_0.2_fixed_label\sa_6969128.jpg,6,5,1,4,5,1,1,0,1,1
G:\Thesis\FACET_Dataset\Segmented_FACET_0.2_fixed_label\sa_4489155.jpg,2,1,0,2,3,0,1,0,1,1
G:\Thesis\FACET_Dataset\Segmented_FACET_0.2_fixed_label\sa_3306006.jpg,5,4,1,4,5,1,0,1,1,1
G:\Thesis\FACET_Dataset\Segmented_FACET_0.2_fixed_label\sa_5341256.jpg,4,3,1,3,4,1,0,1,1,1
G:\Thesis\FACET_Dataset\Segmented_FACET_0.2_fixed_label\sa_4326242.jpg,2,1,0,1,2,0,0,1,1,1
G:\Thesis\FACET_Dataset\Segmented_FACET_0.2_fixed_label\sa_322016.jpg,7,6,1,5,6,1,1,0,1,1
G:\Thesis\FACET_Dataset\Segmented_FACET_0.2_fixed_label\sa_9013849.jpg,2,1,0,1,2,0,0,1,1,1
G:\Thesis\FACET_Dataset\Segmented_FACET_0.2_fixed_label\sa_9195790.jpg,3,2,0,6,7,1,4,0,0,0
G:\Thesis\FACET_Dataset\Segmented_FACET_0.2_fixed_label\sa_4218870.jpg,2,1,0,2,3,0,1,0,1,1
G:\Thesis\FACET_Dataset\Segmented_FACET_0.2_fixed_label\sa_2718141.jpg,3,2,0,3,4,1,1,0,1,0
G:\Thesis\FACET_Dataset\Segmented_FACET_0.2_fixed_label\sa_8427682.jpg,5,4,1,4,5,1,0,1,1,1
G:\Thesis\FACET_Dataset\Segmented_FACET_0.2_fixed_label\sa_10168183.jpg,6,5,1,5,6,1,0,1,1,1
G:\Thesis\FACET_Dataset\Segmented_FACET_0.2_fixed_label\sa_4974213.jpg,2,1,0,3,4,1,2,0,0,0
G:\Thesis\FACET_Dataset\Segmented_FACET_0.2_fixed_label\sa_2773879.jpg,6,5,1,3,4,1,2,0,0,1
G:\Thesis\FACET_Dataset\Segmented_FACET_0.2_fixed_label\sa_8620905.jpg,6,5,1,3,4,1,2,0,0,1
G:\Thesis\FACET_Dataset\Segmented_FACET_0.2_fixed_label\sa_8889050.jpg,8,7,2,5,6,1,2,0,0,0
G:\Thesis\FACET_Dataset\Segmented_FACET_0.2_fixed_label\sa_4935104.jpg,2,1,0,2,3,0,1,0,1,1
G:\Thesis\FACET_Dataset\Segmented_FACET_0.2_fixed_label\sa_180358.jpg,4,3,1,5,6,1,2,0,0,1
G:\Thesis\FACET_Dataset\Segmented_FACET_0.2_fixed_label\sa_4006046.jpg,3,2,0,3,4,1,1,0,1,0
G:\Thesis\FACET_Dataset\Segmented_FACET_0.2_fixed_label\sa_7814016.jpg,2,1,0,1,2,0,0,1,1,1
G:\Thesis\FACET_Dataset\Segmented_FACET_0.2_fixed_label\sa_6210762.jpg,4,3,1,3,4,1,0,1,1,1
G:\Thesis\FACET_Dataset\Segmented_FACET_0.2_fixed_label\sa_10590855.jpg,6,5,1,4,5,1,1,0,1,1
G:\Thesis\FACET_Dataset\Segmented_FACET_0.2_fixed_label\sa_3014967.jpg,3,2,0,4,5,1,2,0,0,0
G:\Thesis\FACET_Dataset\Segmented_FACET_0.2_fixed_label\sa_7825044.jpg,6,5,1,5,6,1,0,1,1,1
G:\Thesis\FACET_Dataset\Segmented_FACET_0.2_fixed_label\sa_7792076.jpg,2,1,0,2,3,0,1,0,1,1
G:\Thesis\FACET_Dataset\Segmented_FACET_0.2_fixed_label\sa_8956098.jpg,3,2,0,4,5,1,2,0,0,0
G:\Thesis\FACET_Dataset\Segmented_FACET_0.2_fixed_label\sa_10890435.jpg,4,3,1,4,5,1,1,0,1,1
G:\Thesis\FACET_Dataset\Segmented_FACET_0.2_fixed_label\sa_10928966.jpg,5,4,1,3,4,1,1,0,1,1
G:\Thesis\FACET_Dataset\Segmented_FACET_0.2_fixed_label\sa_7066244.jpg,3,2,0,3,4,1,1,0,1,0
G:\Thesis\FACET_Dataset\Segmented_FACET_0.2_fixed_label\sa_346685.jpg,6,5,1,4,5,1,1,0,1,1
G:\Thesis\FACET_Dataset\Segmented_FACET_0.2_fixed_label\sa_9616279.jpg,2,1,0,1,2,0,0,1,1,1
G:\Thesis\FACET_Dataset\Segmented_FACET_0.2_fixed_label\sa_9249127.jpg,2,1,0,4,5,1,3,0,0,0
G:\Thesis\FACET_Dataset\Segmented_FACET_0.2_fixed_label\sa_6166560.jpg,2,1,0,4,5,1,3,0,0,0
G:\Thesis\FACET_Dataset\Segmented_FACET_0.2_fixed_label\sa_8822638.jpg,7,6,1,6,7,1,0,1,1,1
G:\Thesis\FACET_Dataset\Segmented_FACET_0.2_fixed_label\sa_8813324.jpg,1,0,0,4,5,1,4,0,0,0
G:\Thesis\FACET_Dataset\Segmented_FACET_0.2_fixed_label\sa_10125607.jpg,3,2,0,5,6,1,3,0,0,0
G:\Thesis\FACET_Dataset\Segmented_FACET_0.2_fixed_label\sa_6937540.jpg,3,2,0,2,3,0,0,1,1,1
G:\Thesis\FACET_Dataset\Segmented_FACET_0.2_fixed_label\sa_9766431.jpg,2,1,0,4,5,1,3,0,0,0
G:\Thesis\FACET_Dataset\Segmented_FACET_0.2_fixed_label\sa_8104440.jpg,3,2,0,3,4,1,1,0,1,0
G:\Thesis\FACET_Dataset\Segmented_FACET_0.2_fixed_label\sa_10901854.jpg,2,1,0,3,4,1,2,0,0,0
G:\Thesis\FACET_Dataset\Segmented_FACET_0.2_fixed_label\sa_5677264.jpg,3,2,0,5,6,1,3,0,0,0
G:\Thesis\FACET_Dataset\Segmented_FACET_0.2_fixed_label\sa_5342310.jpg,5,4,1,5,6,1,1,0,1,1
G:\Thesis\FACET_Dataset\Segmented_FACET_0.2_fixed_label\sa_4954786.jpg,2,1,0,1,2,0,0,1,1,1
G:\Thesis\FACET_Dataset\Segmented_FACET_0.2_fixed_label\sa_4758726.jpg,3,2,0,3,4,1,1,0,1,0
G:\Thesis\FACET_Dataset\Segmented_FACET_0.2_fixed_label\sa_8881929.jpg,4,3,1,4,5,1,1,0,1,1
G:\Thesis\FACET_Dataset\Segmented_FACET_0.2_fixed_label\sa_8313216.jpg,2,1,0,1,2,0,0,1,1,1
G:\Thesis\FACET_Dataset\Segmented_FACET_0.2_fixed_label\sa_4150646.jpg,3,2,0,3,4,1,1,0,1,0
G:\Thesis\FACET_Dataset\Segmented_FACET_0.2_fixed_label\sa_3051150.jpg,3,2,0,4,5,1,2,0,0,0
G:\Thesis\FACET_Dataset\Segmented_FACET_0.2_fixed_label\sa_9253251.jpg,2,1,0,4,5,1,3,0,0,0
G:\Thesis\FACET_Dataset\Segmented_FACET_0.2_fixed_label\sa_5817690.jpg,2,1,0,1,2,0,0,1,1,1
G:\Thesis\FACET_Dataset\Segmented_FACET_0.2_fixed_label\sa_1246609.jpg,3,2,0,4,5,1,2,0,0,0
G:\Thesis\FACET_Dataset\Segmented_FACET_0.2_fixed_label\sa_1819429.jpg,4,3,1,2,3,0,1,0,1,0
G:\Thesis\FACET_Dataset\Segmented_FACET_0.2_fixed_label\sa_6862644.jpg,3,2,0,1,2,0,1,0,1,1
G:\Thesis\FACET_Dataset\Segmented_FACET_0.2_fixed_label\sa_10765692.jpg,2,1,0,3,4,1,2,0,0,0
G:\Thesis\FACET_Dataset\Segmented_FACET_0.2_fixed_label\sa_4736682.jpg,3,2,0,5,6,1,3,0,0,0
G:\Thesis\FACET_Dataset\Segmented_FACET_0.2_fixed_label\sa_6944635.jpg,7,6,1,3,4,1,3,0,0,1
G:\Thesis\FACET_Dataset\Segmented_FACET_0.2_fixed_label\sa_6756150.jpg,4,3,1,4,5,1,1,0,1,1
G:\Thesis\FACET_Dataset\Segmented_FACET_0.2_fixed_label\sa_2340787.jpg,6,5,1,5,6,1,0,1,1,1
G:\Thesis\FACET_Dataset\Segmented_FACET_0.2_fixed_label\sa_196464.jpg,7,6,1,7,8,2,1,0,1,0
G:\Thesis\FACET_Dataset\Segmented_FACET_0.2_fixed_label\sa_2665347.jpg,3,2,0,3,4,1,1,0,1,0
G:\Thesis\FACET_Dataset\Segmented_FACET_0.2_fixed_label\sa_3437748.jpg,6,5,1,5,6,1,0,1,1,1
G:\Thesis\FACET_Dataset\Segmented_FACET_0.2_fixed_label\sa_860266.jpg,2,1,0,2,3,0,1,0,1,1
G:\Thesis\FACET_Dataset\Segmented_FACET_0.2_fixed_label\sa_70359.jpg,1,0,0,3,4,1,3,0,0,0
G:\Thesis\FACET_Dataset\Segmented_FACET_0.2_fixed_label\sa_10756664.jpg,6,5,1,5,6,1,0,1,1,1
G:\Thesis\FACET_Dataset\Segmented_FACET_0.2_fixed_label\sa_10621826.jpg,4,3,1,2,3,0,1,0,1,0
G:\Thesis\FACET_Dataset\Segmented_FACET_0.2_fixed_label\sa_4457851.jpg,2,1,0,4,5,1,3,0,0,0
G:\Thesis\FACET_Dataset\Segmented_FACET_0.2_fixed_label\sa_2481180.jpg,3,2,0,3,4,1,1,0,1,0
G:\Thesis\FACET_Dataset\Segmented_FACET_0.2_fixed_label\sa_10423635.jpg,5,4,1,3,4,1,1,0,1,1
G:\Thesis\FACET_Dataset\Segmented_FACET_0.2_fixed_label\sa_10842310.jpg,3,2,0,4,5,1,2,0,0,0
G:\Thesis\FACET_Dataset\Segmented_FACET_0.2_fixed_label\sa_5084013.jpg,3,2,0,2,3,0,0,1,1,1
G:\Thesis\FACET_Dataset\Segmented_FACET_0.2_fixed_label\sa_6693933.jpg,2,1,0,4,5,1,3,0,0,0
G:\Thesis\FACET_Dataset\Segmented_FACET_0.2_fixed_label\sa_10675512.jpg,3,2,0,4,5,1,2,0,0,0
G:\Thesis\FACET_Dataset\Segmented_FACET_0.2_fixed_label\sa_9181726.jpg,3,2,0,2,3,0,0,1,1,1
G:\Thesis\FACET_Dataset\Segmented_FACET_0.2_fixed_label\sa_2832344.jpg,5,4,1,3,4,1,1,0,1,1
G:\Thesis\FACET_Dataset\Segmented_FACET_0.2_fixed_label\sa_6489778.jpg,4,3,1,5,6,1,2,0,0,1
G:\Thesis\FACET_Dataset\Segmented_FACET_0.2_fixed_label\sa_5601677.jpg,5,4,1,4,5,1,0,1,1,1
G:\Thesis\FACET_Dataset\Segmented_FACET_0.2_fixed_label\sa_133421.jpg,3,2,0,5,6,1,3,0,0,0
G:\Thesis\FACET_Dataset\Segmented_FACET_0.2_fixed_label\sa_1886626.jpg,5,4,1,1,2,0,3,0,0,0
G:\Thesis\FACET_Dataset\Segmented_FACET_0.2_fixed_label\sa_3393431.jpg,3,2,0,5,6,1,3,0,0,0
G:\Thesis\FACET_Dataset\Segmented_FACET_0.2_fixed_label\sa_1761705.jpg,4,3,1,5,6,1,2,0,0,1
G:\Thesis\FACET_Dataset\Segmented_FACET_0.2_fixed_label\sa_9294885.jpg,2,1,0,2,3,0,1,0,1,1
G:\Thesis\FACET_Dataset\Segmented_FACET_0.2_fixed_label\sa_367976.jpg,4,3,1,5,6,1,2,0,0,1
G:\Thesis\FACET_Dataset\Segmented_FACET_0.2_fixed_label\sa_6706811.jpg,4,3,1,4,5,1,1,0,1,1
G:\Thesis\FACET_Dataset\Segmented_FACET_0.2_fixed_label\sa_8384730.jpg,6,5,1,5,6,1,0,1,1,1
G:\Thesis\FACET_Dataset\Segmented_FACET_0.2_fixed_label\sa_7669781.jpg,2,1,0,3,4,1,2,0,0,0
G:\Thesis\FACET_Dataset\Segmented_FACET_0.2_fixed_label\sa_9861488.jpg,2,1,0,4,5,1,3,0,0,0
G:\Thesis\FACET_Dataset\Segmented_FACET_0.2_fixed_label\sa_1795411.jpg,3,2,0,1,2,0,1,0,1,1
G:\Thesis\FACET_Dataset\Segmented_FACET_0.2_fixed_label\sa_3600328.jpg,3,2,0,3,4,1,1,0,1,0
G:\Thesis\FACET_Dataset\Segmented_FACET_0.2_fixed_label\sa_6169865.jpg,4,3,1,4,5,1,1,0,1,1
G:\Thesis\FACET_Dataset\Segmented_FACET_0.2_fixed_label\sa_8424797.jpg,2,1,0,1,2,0,0,1,1,1
G:\Thesis\FACET_Dataset\Segmented_FACET_0.2_fixed_label\sa_4141927.jpg,4,3,1,5,6,1,2,0,0,1
G:\Thesis\FACET_Dataset\Segmented_FACET_0.2_fixed_label\sa_9690755.jpg,3,2,0,3,4,1,1,0,1,0
G:\Thesis\FACET_Dataset\Segmented_FACET_0.2_fixed_label\sa_4188837.jpg,3,2,0,2,3,0,0,1,1,1
G:\Thesis\FACET_Dataset\Segmented_FACET_0.2_fixed_label\sa_10295580.jpg,5,4,1,5,6,1,1,0,1,1
G:\Thesis\FACET_Dataset\Segmented_FACET_0.2_fixed_label\sa_3285469.jpg,3,2,0,4,5,1,2,0,0,0
G:\Thesis\FACET_Dataset\Segmented_FACET_0.2_fixed_label\sa_3490866.jpg,5,4,1,7,8,2,3,0,0,0
G:\Thesis\FACET_Dataset\Segmented_FACET_0.2_fixed_label\sa_8896258.jpg,5,4,1,5,6,1,1,0,1,1
G:\Thesis\FACET_Dataset\Segmented_FACET_0.2_fixed_label\sa_8903195.jpg,5,4,1,5,6,1,1,0,1,1
G:\Thesis\FACET_Dataset\Segmented_FACET_0.2_fixed_label\sa_3245363.jpg,6,5,1,5,6,1,0,1,1,1
G:\Thesis\FACET_Dataset\Segmented_FACET_0.2_fixed_label\sa_1436638.jpg,4,3,1,2,3,0,1,0,1,0
G:\Thesis\FACET_Dataset\Segmented_FACET_0.2_fixed_label\sa_646706.jpg,5,4,1,4,5,1,0,1,1,1
G:\Thesis\FACET_Dataset\Segmented_FACET_0.2_fixed_label\sa_2656002.jpg,5,4,1,3,4,1,1,0,1,1
G:\Thesis\FACET_Dataset\Segmented_FACET_0.2_fixed_label\sa_4663245.jpg,6,5,1,5,6,1,0,1,1,1
G:\Thesis\FACET_Dataset\Segmented_FACET_0.2_fixed_label\sa_1087621.jpg,4,3,1,3,4,1,0,1,1,1
G:\Thesis\FACET_Dataset\Segmented_FACET_0.2_fixed_label\sa_1445501.jpg,3,2,0,5,6,1,3,0,0,0
G:\Thesis\FACET_Dataset\Segmented_FACET_0.2_fixed_label\sa_2173036.jpg,3,2,0,1,2,0,1,0,1,1
G:\Thesis\FACET_Dataset\Segmented_FACET_0.2_fixed_label\sa_3178044.jpg,4,3,1,4,5,1,1,0,1,1
G:\Thesis\FACET_Dataset\Segmented_FACET_0.2_fixed_label\sa_1069784.jpg,2,1,0,1,2,0,0,1,1,1
G:\Thesis\FACET_Dataset\Segmented_FACET_0.2_fixed_label\sa_3709150.jpg,5,4,1,4,5,1,0,1,1,1
G:\Thesis\FACET_Dataset\Segmented_FACET_0.2_fixed_label\sa_986171.jpg,4,3,1,4,5,1,1,0,1,1
G:\Thesis\FACET_Dataset\Segmented_FACET_0.2_fixed_label\sa_579010.jpg,3,2,0,5,6,1,3,0,0,0
G:\Thesis\FACET_Dataset\Segmented_FACET_0.2_fixed_label\sa_928557.jpg,4,3,1,3,4,1,0,1,1,1
G:\Thesis\FACET_Dataset\Segmented_FACET_0.2_fixed_label\sa_9486927.jpg,2,1,0,4,5,1,3,0,0,0
G:\Thesis\FACET_Dataset\Segmented_FACET_0.2_fixed_label\sa_2018170.jpg,3,2,0,4,5,1,2,0,0,0
G:\Thesis\FACET_Dataset\Segmented_FACET_0.2_fixed_label\sa_10644164.jpg,5,4,1,4,5,1,0,1,1,1
G:\Thesis\FACET_Dataset\Segmented_FACET_0.2_fixed_label\sa_7466289.jpg,4,3,1,5,6,1,2,0,0,1
G:\Thesis\FACET_Dataset\Segmented_FACET_0.2_fixed_label\sa_10312140.jpg,4,3,1,3,4,1,0,1,1,1
G:\Thesis\FACET_Dataset\Segmented_FACET_0.2_fixed_label\sa_9940745.jpg,5,4,1,5,6,1,1,0,1,1
G:\Thesis\FACET_Dataset\Segmented_FACET_0.2_fixed_label\sa_7036896.jpg,3,2,0,2,3,0,0,1,1,1
G:\Thesis\FACET_Dataset\Segmented_FACET_0.2_fixed_label\sa_2408956.jpg,2,1,0,3,4,1,2,0,0,0
G:\Thesis\FACET_Dataset\Segmented_FACET_0.2_fixed_label\sa_2805819.jpg,3,2,0,1,2,0,1,0,1,1
G:\Thesis\FACET_Dataset\Segmented_FACET_0.2_fixed_label\sa_4175080.jpg,2,1,0,4,5,1,3,0,0,0
G:\Thesis\FACET_Dataset\Segmented_FACET_0.2_fixed_label\sa_3748533.jpg,2,1,0,1,2,0,0,1,1,1
G:\Thesis\FACET_Dataset\Segmented_FACET_0.2_fixed_label\sa_6274049.jpg,6,5,1,4,5,1,1,0,1,1
G:\Thesis\FACET_Dataset\Segmented_FACET_0.2_fixed_label\sa_2113904.jpg,10,9,2,5,6,1,4,0,0,0
G:\Thesis\FACET_Dataset\Segmented_FACET_0.2_fixed_label\sa_1403304.jpg,3,2,0,4,5,1,2,0,0,0
G:\Thesis\FACET_Dataset\Segmented_FACET_0.2_fixed_label\sa_2893796.jpg,3,2,0,3,4,1,1,0,1,0
G:\Thesis\FACET_Dataset\Segmented_FACET_0.2_fixed_label\sa_10039119.jpg,3,2,0,3,4,1,1,0,1,0
G:\Thesis\FACET_Dataset\Segmented_FACET_0.2_fixed_label\sa_9210819.jpg,3,2,0,3,4,1,1,0,1,0
G:\Thesis\FACET_Dataset\Segmented_FACET_0.2_fixed_label\sa_5474049.jpg,3,2,0,1,2,0,1,0,1,1
G:\Thesis\FACET_Dataset\Segmented_FACET_0.2_fixed_label\sa_5880143.jpg,2,1,0,5,6,1,4,0,0,0
G:\Thesis\FACET_Dataset\Segmented_FACET_0.2_fixed_label\sa_1404960.jpg,4,3,1,5,6,1,2,0,0,1
G:\Thesis\FACET_Dataset\Segmented_FACET_0.2_fixed_label\sa_5975343.jpg,4,3,1,4,5,1,1,0,1,1
G:\Thesis\FACET_Dataset\Segmented_FACET_0.2_fixed_label\sa_10225129.jpg,3,2,0,2,3,0,0,1,1,1
G:\Thesis\FACET_Dataset\Segmented_FACET_0.2_fixed_label\sa_282221.jpg,3,2,0,2,3,0,0,1,1,1
G:\Thesis\FACET_Dataset\Segmented_FACET_0.2_fixed_label\sa_7083078.jpg,5,4,1,4,5,1,0,1,1,1
G:\Thesis\FACET_Dataset\Segmented_FACET_0.2_fixed_label\sa_8563211.jpg,6,5,1,5,6,1,0,1,1,1
G:\Thesis\FACET_Dataset\Segmented_FACET_0.2_fixed_label\sa_9590050.jpg,3,2,0,4,5,1,2,0,0,0
G:\Thesis\FACET_Dataset\Segmented_FACET_0.2_fixed_label\sa_10552214.jpg,5,4,1,3,4,1,1,0,1,1
G:\Thesis\FACET_Dataset\Segmented_FACET_0.2_fixed_label\sa_4022916.jpg,1,0,0,5,6,1,5,0,0,0
G:\Thesis\FACET_Dataset\Segmented_FACET_0.2_fixed_label\sa_4692534.jpg,2,1,0,4,5,1,3,0,0,0
G:\Thesis\FACET_Dataset\Segmented_FACET_0.2_fixed_label\sa_10322370.jpg,2,1,0,5,6,1,4,0,0,0
G:\Thesis\FACET_Dataset\Segmented_FACET_0.2_fixed_label\sa_3775087.jpg,3,2,0,3,4,1,1,0,1,0
G:\Thesis\FACET_Dataset\Segmented_FACET_0.2_fixed_label\sa_2199069.jpg,4,3,1,4,5,1,1,0,1,1
G:\Thesis\FACET_Dataset\Segmented_FACET_0.2_fixed_label\sa_1178518.jpg,3,2,0,2,3,0,0,1,1,1
G:\Thesis\FACET_Dataset\Segmented_FACET_0.2_fixed_label\sa_6055755.jpg,3,2,0,2,3,0,0,1,1,1
G:\Thesis\FACET_Dataset\Segmented_FACET_0.2_fixed_label\sa_9769051.jpg,5,4,1,5,6,1,1,0,1,1
G:\Thesis\FACET_Dataset\Segmented_FACET_0.2_fixed_label\sa_2674845.jpg,4,3,1,4,5,1,1,0,1,1
G:\Thesis\FACET_Dataset\Segmented_FACET_0.2_fixed_label\sa_6854701.jpg,3,2,0,4,5,1,2,0,0,0
G:\Thesis\FACET_Dataset\Segmented_FACET_0.2_fixed_label\sa_189673.jpg,5,4,1,3,4,1,1,0,1,1
G:\Thesis\FACET_Dataset\Segmented_FACET_0.2_fixed_label\sa_1387081.jpg,2,1,0,5,6,1,4,0,0,0
G:\Thesis\FACET_Dataset\Segmented_FACET_0.2_fixed_label\sa_1754250.jpg,2,1,0,4,5,1,3,0,0,0
G:\Thesis\FACET_Dataset\Segmented_FACET_0.2_fixed_label\sa_3085192.jpg,5,4,1,5,6,1,1,0,1,1
G:\Thesis\FACET_Dataset\Segmented_FACET_0.2_fixed_label\sa_8956098.jpg,4,3,1,4,5,1,1,0,1,1
G:\Thesis\FACET_Dataset\Segmented_FACET_0.2_fixed_label\sa_4601728.jpg,5,4,1,5,6,1,1,0,1,1
G:\Thesis\FACET_Dataset\Segmented_FACET_0.2_fixed_label\sa_166968.jpg,5,4,1,2,3,0,2,0,0,0
G:\Thesis\FACET_Dataset\Segmented_FACET_0.2_fixed_label\sa_2419552.jpg,5,4,1,4,5,1,0,1,1,1
G:\Thesis\FACET_Dataset\Segmented_FACET_0.2_fixed_label\sa_6884512.jpg,4,3,1,2,3,0,1,0,1,0
G:\Thesis\FACET_Dataset\Segmented_FACET_0.2_fixed_label\sa_9302571.jpg,9,8,2,7,8,2,1,0,1,1
G:\Thesis\FACET_Dataset\Segmented_FACET_0.2_fixed_label\sa_10955369.jpg,4,3,1,4,5,1,1,0,1,1
G:\Thesis\FACET_Dataset\Segmented_FACET_0.2_fixed_label\sa_10568659.jpg,2,1,0,2,3,0,1,0,1,1
G:\Thesis\FACET_Dataset\Segmented_FACET_0.2_fixed_label\sa_3636991.jpg,2,1,0,4,5,1,3,0,0,0
G:\Thesis\FACET_Dataset\Segmented_FACET_0.2_fixed_label\sa_3597267.jpg,4,3,1,3,4,1,0,1,1,1
G:\Thesis\FACET_Dataset\Segmented_FACET_0.2_fixed_label\sa_10267437.jpg,5,4,1,3,4,1,1,0,1,1
G:\Thesis\FACET_Dataset\Segmented_FACET_0.2_fixed_label\sa_5618149.jpg,3,2,0,1,2,0,1,0,1,1
G:\Thesis\FACET_Dataset\Segmented_FACET_0.2_fixed_label\sa_7777229.jpg,3,2,0,2,3,0,0,1,1,1
G:\Thesis\FACET_Dataset\Segmented_FACET_0.2_fixed_label\sa_4914631.jpg,5,4,1,1,2,0,3,0,0,0
G:\Thesis\FACET_Dataset\Segmented_FACET_0.2_fixed_label\sa_8477411.jpg,4,3,1,3,4,1,0,1,1,1
G:\Thesis\FACET_Dataset\Segmented_FACET_0.2_fixed_label\sa_3007670.jpg,2,1,0,3,4,1,2,0,0,0
G:\Thesis\FACET_Dataset\Segmented_FACET_0.2_fixed_label\sa_5927825.jpg,2,1,0,3,4,1,2,0,0,0
G:\Thesis\FACET_Dataset\Segmented_FACET_0.2_fixed_label\sa_125835.jpg,3,2,0,3,4,1,1,0,1,0
G:\Thesis\FACET_Dataset\Segmented_FACET_0.2_fixed_label\sa_4259202.jpg,3,2,0,2,3,0,0,1,1,1
G:\Thesis\FACET_Dataset\Segmented_FACET_0.2_fixed_label\sa_5747966.jpg,2,1,0,1,2,0,0,1,1,1
G:\Thesis\FACET_Dataset\Segmented_FACET_0.2_fixed_label\sa_1907768.jpg,5,4,1,5,6,1,1,0,1,1
G:\Thesis\FACET_Dataset\Segmented_FACET_0.2_fixed_label\sa_8027624.jpg,3,2,0,3,4,1,1,0,1,0
G:\Thesis\FACET_Dataset\Segmented_FACET_0.2_fixed_label\sa_4931458.jpg,4,3,1,4,5,1,1,0,1,1
G:\Thesis\FACET_Dataset\Segmented_FACET_0.2_fixed_label\sa_9052032.jpg,1,0,0,1,2,0,1,0,1,1
G:\Thesis\FACET_Dataset\Segmented_FACET_0.2_fixed_label\sa_3879774.jpg,5,4,1,1,2,0,3,0,0,0
G:\Thesis\FACET_Dataset\Segmented_FACET_0.2_fixed_label\sa_1005917.jpg,4,3,1,5,6,1,2,0,0,1
G:\Thesis\FACET_Dataset\Segmented_FACET_0.2_fixed_label\sa_7019100.jpg,3,2,0,3,4,1,1,0,1,0
G:\Thesis\FACET_Dataset\Segmented_FACET_0.2_fixed_label\sa_10318561.jpg,2,1,0,2,3,0,1,0,1,1
G:\Thesis\FACET_Dataset\Segmented_FACET_0.2_fixed_label\sa_2906647.jpg,4,3,1,1,2,0,2,0,0,0
G:\Thesis\FACET_Dataset\Segmented_FACET_0.2_fixed_label\sa_6072401.jpg,5,4,1,5,6,1,1,0,1,1
G:\Thesis\FACET_Dataset\Segmented_FACET_0.2_fixed_label\sa_10262407.jpg,5,4,1,4,5,1,0,1,1,1
G:\Thesis\FACET_Dataset\Segmented_FACET_0.2_fixed_label\sa_8307196.jpg,3,2,0,4,5,1,2,0,0,0
G:\Thesis\FACET_Dataset\Segmented_FACET_0.2_fixed_label\sa_5215943.jpg,6,5,1,2,3,0,3,0,0,0
G:\Thesis\FACET_Dataset\Segmented_FACET_0.2_fixed_label\sa_8386852.jpg,3,2,0,5,6,1,3,0,0,0
G:\Thesis\FACET_Dataset\Segmented_FACET_0.2_fixed_label\sa_303365.jpg,3,2,0,4,5,1,2,0,0,0
G:\Thesis\FACET_Dataset\Segmented_FACET_0.2_fixed_label\sa_4001138.jpg,3,2,0,1,2,0,1,0,1,1
G:\Thesis\FACET_Dataset\Segmented_FACET_0.2_fixed_label\sa_7190417.jpg,4,3,1,1,2,0,2,0,0,0
G:\Thesis\FACET_Dataset\Segmented_FACET_0.2_fixed_label\sa_7720349.jpg,5,4,1,4,5,1,0,1,1,1
G:\Thesis\FACET_Dataset\Segmented_FACET_0.2_fixed_label\sa_3879774.jpg,6,5,1,1,2,0,4,0,0,0
G:\Thesis\FACET_Dataset\Segmented_FACET_0.2_fixed_label\sa_8319806.jpg,3,2,0,6,7,1,4,0,0,0
G:\Thesis\FACET_Dataset\Segmented_FACET_0.2_fixed_label\sa_4035619.jpg,2,1,0,5,6,1,4,0,0,0
G:\Thesis\FACET_Dataset\Segmented_FACET_0.2_fixed_label\sa_9695755.jpg,5,4,1,2,3,0,2,0,0,0
G:\Thesis\FACET_Dataset\Segmented_FACET_0.2_fixed_label\sa_9502279.jpg,9,8,2,1,2,0,7,0,0,0
G:\Thesis\FACET_Dataset\Segmented_FACET_0.2_fixed_label\sa_7516404.jpg,7,6,1,5,6,1,1,0,1,1
G:\Thesis\FACET_Dataset\Segmented_FACET_0.2_fixed_label\sa_3680583.jpg,2,1,0,2,3,0,1,0,1,1
G:\Thesis\FACET_Dataset\Segmented_FACET_0.2_fixed_label\sa_10167927.jpg,2,1,0,1,2,0,0,1,1,1
G:\Thesis\FACET_Dataset\Segmented_FACET_0.2_fixed_label\sa_3739910.jpg,7,6,1,5,6,1,1,0,1,1
G:\Thesis\FACET_Dataset\Segmented_FACET_0.2_fixed_label\sa_7841103.jpg,6,5,1,8,9,2,3,0,0,0
G:\Thesis\FACET_Dataset\Segmented_FACET_0.2_fixed_label\sa_10124711.jpg,5,4,1,1,2,0,3,0,0,0
G:\Thesis\FACET_Dataset\Segmented_FACET_0.2_fixed_label\sa_10044001.jpg,4,3,1,2,3,0,1,0,1,0
G:\Thesis\FACET_Dataset\Segmented_FACET_0.2_fixed_label\sa_10351700.jpg,3,2,0,3,4,1,1,0,1,0
G:\Thesis\FACET_Dataset\Segmented_FACET_0.2_fixed_label\sa_2066255.jpg,8,7,2,4,5,1,3,0,0,0
G:\Thesis\FACET_Dataset\Segmented_FACET_0.2_fixed_label\sa_3349120.jpg,1,0,0,1,2,0,1,0,1,1
G:\Thesis\FACET_Dataset\Segmented_FACET_0.2_fixed_label\sa_8063102.jpg,6,5,1,5,6,1,0,1,1,1
G:\Thesis\FACET_Dataset\Segmented_FACET_0.2_fixed_label\sa_1205984.jpg,5,4,1,1,2,0,3,0,0,0
G:\Thesis\FACET_Dataset\Segmented_FACET_0.2_fixed_label\sa_454914.jpg,3,2,0,4,5,1,2,0,0,0
G:\Thesis\FACET_Dataset\Segmented_FACET_0.2_fixed_label\sa_8490725.jpg,6,5,1,3,4,1,2,0,0,1
G:\Thesis\FACET_Dataset\Segmented_FACET_0.2_fixed_label\sa_8878628.jpg,1,0,0,2,3,0,2,0,0,1
G:\Thesis\FACET_Dataset\Segmented_FACET_0.2_fixed_label\sa_4285468.jpg,4,3,1,3,4,1,0,1,1,1
G:\Thesis\FACET_Dataset\Segmented_FACET_0.2_fixed_label\sa_9892402.jpg,3,2,0,1,2,0,1,0,1,1
G:\Thesis\FACET_Dataset\Segmented_FACET_0.2_fixed_label\sa_9646794.jpg,2,1,0,1,2,0,0,1,1,1
G:\Thesis\FACET_Dataset\Segmented_FACET_0.2_fixed_label\sa_9159113.jpg,5,4,1,3,4,1,1,0,1,1
G:\Thesis\FACET_Dataset\Segmented_FACET_0.2_fixed_label\sa_6187423.jpg,1,0,0,2,3,0,2,0,0,1
G:\Thesis\FACET_Dataset\Segmented_FACET_0.2_fixed_label\sa_438532.jpg,2,1,0,3,4,1,2,0,0,0
G:\Thesis\FACET_Dataset\Segmented_FACET_0.2_fixed_label\sa_196464.jpg,8,7,2,7,8,2,0,1,1,1
G:\Thesis\FACET_Dataset\Segmented_FACET_0.2_fixed_label\sa_8647083.jpg,4,3,1,4,5,1,1,0,1,1
G:\Thesis\FACET_Dataset\Segmented_FACET_0.2_fixed_label\sa_4365060.jpg,3,2,0,3,4,1,1,0,1,0
G:\Thesis\FACET_Dataset\Segmented_FACET_0.2_fixed_label\sa_7043291.jpg,5,4,1,5,6,1,1,0,1,1
G:\Thesis\FACET_Dataset\Segmented_FACET_0.2_fixed_label\sa_10938917.jpg,3,2,0,5,6,1,3,0,0,0
G:\Thesis\FACET_Dataset\Segmented_FACET_0.2_fixed_label\sa_7480499.jpg,2,1,0,2,3,0,1,0,1,1
G:\Thesis\FACET_Dataset\Segmented_FACET_0.2_fixed_label\sa_6723644.jpg,5,4,1,4,5,1,0,1,1,1
G:\Thesis\FACET_Dataset\Segmented_FACET_0.2_fixed_label\sa_3673622.jpg,2,1,0,3,4,1,2,0,0,0
G:\Thesis\FACET_Dataset\Segmented_FACET_0.2_fixed_label\sa_4689629.jpg,4,3,1,5,6,1,2,0,0,1
G:\Thesis\FACET_Dataset\Segmented_FACET_0.2_fixed_label\sa_4495151.jpg,4,3,1,3,4,1,0,1,1,1
G:\Thesis\FACET_Dataset\Segmented_FACET_0.2_fixed_label\sa_4924937.jpg,3,2,0,7,8,2,5,0,0,0
G:\Thesis\FACET_Dataset\Segmented_FACET_0.2_fixed_label\sa_11123518.jpg,6,5,1,5,6,1,0,1,1,1
G:\Thesis\FACET_Dataset\Segmented_FACET_0.2_fixed_label\sa_944036.jpg,2,1,0,1,2,0,0,1,1,1
G:\Thesis\FACET_Dataset\Segmented_FACET_0.2_fixed_label\sa_5574212.jpg,3,2,0,3,4,1,1,0,1,0
G:\Thesis\FACET_Dataset\Segmented_FACET_0.2_fixed_label\sa_9700758.jpg,7,6,1,7,8,2,1,0,1,0
G:\Thesis\FACET_Dataset\Segmented_FACET_0.2_fixed_label\sa_7256930.jpg,4,3,1,5,6,1,2,0,0,1
G:\Thesis\FACET_Dataset\Segmented_FACET_0.2_fixed_label\sa_9916033.jpg,2,1,0,2,3,0,1,0,1,1
G:\Thesis\FACET_Dataset\Segmented_FACET_0.2_fixed_label\sa_8001189.jpg,2,1,0,1,2,0,0,1,1,1
G:\Thesis\FACET_Dataset\Segmented_FACET_0.2_fixed_label\sa_3699842.jpg,2,1,0,3,4,1,2,0,0,0
G:\Thesis\FACET_Dataset\Segmented_FACET_0.2_fixed_label\sa_2567560.jpg,8,7,2,4,5,1,3,0,0,0
G:\Thesis\FACET_Dataset\Segmented_FACET_0.2_fixed_label\sa_3121234.jpg,4,3,1,1,2,0,2,0,0,0
G:\Thesis\FACET_Dataset\Segmented_FACET_0.2_fixed_label\sa_2133120.jpg,8,7,2,7,8,2,0,1,1,1
G:\Thesis\FACET_Dataset\Segmented_FACET_0.2_fixed_label\sa_7180503.jpg,2,1,0,3,4,1,2,0,0,0
G:\Thesis\FACET_Dataset\Segmented_FACET_0.2_fixed_label\sa_8756523.jpg,3,2,0,4,5,1,2,0,0,0
G:\Thesis\FACET_Dataset\Segmented_FACET_0.2_fixed_label\sa_10364117.jpg,3,2,0,3,4,1,1,0,1,0
G:\Thesis\FACET_Dataset\Segmented_FACET_0.2_fixed_label\sa_2503775.jpg,6,5,1,4,5,1,1,0,1,1
G:\Thesis\FACET_Dataset\Segmented_FACET_0.2_fixed_label\sa_6722082.jpg,3,2,0,4,5,1,2,0,0,0
G:\Thesis\FACET_Dataset\Segmented_FACET_0.2_fixed_label\sa_5521853.jpg,4,3,1,2,3,0,1,0,1,0
G:\Thesis\FACET_Dataset\Segmented_FACET_0.2_fixed_label\sa_7325273.jpg,3,2,0,1,2,0,1,0,1,1
G:\Thesis\FACET_Dataset\Segmented_FACET_0.2_fixed_label\sa_9612009.jpg,3,2,0,4,5,1,2,0,0,0
G:\Thesis\FACET_Dataset\Segmented_FACET_0.2_fixed_label\sa_7943016.jpg,5,4,1,4,5,1,0,1,1,1
G:\Thesis\FACET_Dataset\Segmented_FACET_0.2_fixed_label\sa_8698719.jpg,2,1,0,3,4,1,2,0,0,0
G:\Thesis\FACET_Dataset\Segmented_FACET_0.2_fixed_label\sa_3009110.jpg,2,1,0,3,4,1,2,0,0,0
G:\Thesis\FACET_Dataset\Segmented_FACET_0.2_fixed_label\sa_5088783.jpg,3,2,0,3,4,1,1,0,1,0
G:\Thesis\FACET_Dataset\Segmented_FACET_0.2_fixed_label\sa_6470159.jpg,3,2,0,6,7,1,4,0,0,0
G:\Thesis\FACET_Dataset\Segmented_FACET_0.2_fixed_label\sa_8962403.jpg,2,1,0,5,6,1,4,0,0,0
G:\Thesis\FACET_Dataset\Segmented_FACET_0.2_fixed_label\sa_9100667.jpg,3,2,0,3,4,1,1,0,1,0
G:\Thesis\FACET_Dataset\Segmented_FACET_0.2_fixed_label\sa_2150532.jpg,3,2,0,4,5,1,2,0,0,0
G:\Thesis\FACET_Dataset\Segmented_FACET_0.2_fixed_label\sa_5889453.jpg,9,8,2,8,9,2,0,1,1,1
G:\Thesis\FACET_Dataset\Segmented_FACET_0.2_fixed_label\sa_2595451.jpg,3,2,0,1,2,0,1,0,1,1
G:\Thesis\FACET_Dataset\Segmented_FACET_0.2_fixed_label\sa_4709046.jpg,5,4,1,2,3,0,2,0,0,0
G:\Thesis\FACET_Dataset\Segmented_FACET_0.2_fixed_label\sa_10000407.jpg,5,4,1,5,6,1,1,0,1,1
G:\Thesis\FACET_Dataset\Segmented_FACET_0.2_fixed_label\sa_721088.jpg,3,2,0,2,3,0,0,1,1,1
G:\Thesis\FACET_Dataset\Segmented_FACET_0.2_fixed_label\sa_4087214.jpg,3,2,0,3,4,1,1,0,1,0
G:\Thesis\FACET_Dataset\Segmented_FACET_0.2_fixed_label\sa_10632779.jpg,3,2,0,2,3,0,0,1,1,1
G:\Thesis\FACET_Dataset\Segmented_FACET_0.2_fixed_label\sa_766499.jpg,2,1,0,1,2,0,0,1,1,1
G:\Thesis\FACET_Dataset\Segmented_FACET_0.2_fixed_label\sa_7637228.jpg,3,2,0,2,3,0,0,1,1,1
G:\Thesis\FACET_Dataset\Segmented_FACET_0.2_fixed_label\sa_7103469.jpg,4,3,1,4,5,1,1,0,1,1
G:\Thesis\FACET_Dataset\Segmented_FACET_0.2_fixed_label\sa_2964152.jpg,3,2,0,4,5,1,2,0,0,0
G:\Thesis\FACET_Dataset\Segmented_FACET_0.2_fixed_label\sa_10911336.jpg,4,3,1,4,5,1,1,0,1,1
G:\Thesis\FACET_Dataset\Segmented_FACET_0.2_fixed_label\sa_9446091.jpg,7,6,1,3,4,1,3,0,0,1
G:\Thesis\FACET_Dataset\Segmented_FACET_0.2_fixed_label\sa_8112990.jpg,6,5,1,4,5,1,1,0,1,1
G:\Thesis\FACET_Dataset\Segmented_FACET_0.2_fixed_label\sa_10742813.jpg,2,1,0,2,3,0,1,0,1,1
G:\Thesis\FACET_Dataset\Segmented_FACET_0.2_fixed_label\sa_10765692.jpg,1,0,0,3,4,1,3,0,0,0
G:\Thesis\FACET_Dataset\Segmented_FACET_0.2_fixed_label\sa_4105752.jpg,3,2,0,3,4,1,1,0,1,0
G:\Thesis\FACET_Dataset\Segmented_FACET_0.2_fixed_label\sa_6708494.jpg,6,5,1,4,5,1,1,0,1,1
G:\Thesis\FACET_Dataset\Segmented_FACET_0.2_fixed_label\sa_9340958.jpg,4,3,1,4,5,1,1,0,1,1
G:\Thesis\FACET_Dataset\Segmented_FACET_0.2_fixed_label\sa_6980143.jpg,10,9,2,8,9,2,1,0,1,1
G:\Thesis\FACET_Dataset\Segmented_FACET_0.2_fixed_label\sa_9301222.jpg,3,2,0,5,6,1,3,0,0,0
G:\Thesis\FACET_Dataset\Segmented_FACET_0.2_fixed_label\sa_10603059.jpg,2,1,0,3,4,1,2,0,0,0
G:\Thesis\FACET_Dataset\Segmented_FACET_0.2_fixed_label\sa_9590050.jpg,4,3,1,4,5,1,1,0,1,1
G:\Thesis\FACET_Dataset\Segmented_FACET_0.2_fixed_label\sa_5207581.jpg,3,2,0,1,2,0,1,0,1,1
G:\Thesis\FACET_Dataset\Segmented_FACET_0.2_fixed_label\sa_7742071.jpg,2,1,0,1,2,0,0,1,1,1
G:\Thesis\FACET_Dataset\Segmented_FACET_0.2_fixed_label\sa_8750154.jpg,5,4,1,5,6,1,1,0,1,1
G:\Thesis\FACET_Dataset\Segmented_FACET_0.2_fixed_label\sa_633733.jpg,4,3,1,5,6,1,2,0,0,1
G:\Thesis\FACET_Dataset\Segmented_FACET_0.2_fixed_label\sa_9979863.jpg,4,3,1,4,5,1,1,0,1,1
G:\Thesis\FACET_Dataset\Segmented_FACET_0.2_fixed_label\sa_8053671.jpg,4,3,1,4,5,1,1,0,1,1
G:\Thesis\FACET_Dataset\Segmented_FACET_0.2_fixed_label\sa_1215483.jpg,2,1,0,1,2,0,0,1,1,1
G:\Thesis\FACET_Dataset\Segmented_FACET_0.2_fixed_label\sa_717932.jpg,3,2,0,4,5,1,2,0,0,0
G:\Thesis\FACET_Dataset\Segmented_FACET_0.2_fixed_label\sa_8133298.jpg,4,3,1,2,3,0,1,0,1,0
G:\Thesis\FACET_Dataset\Segmented_FACET_0.2_fixed_label\sa_1324440.jpg,4,3,1,4,5,1,1,0,1,1
G:\Thesis\FACET_Dataset\Segmented_FACET_0.2_fixed_label\sa_6762221.jpg,3,2,0,4,5,1,2,0,0,0
G:\Thesis\FACET_Dataset\Segmented_FACET_0.2_fixed_label\sa_5583056.jpg,1,0,0,5,6,1,5,0,0,0
G:\Thesis\FACET_Dataset\Segmented_FACET_0.2_fixed_label\sa_516303.jpg,3,2,0,1,2,0,1,0,1,1
G:\Thesis\FACET_Dataset\Segmented_FACET_0.2_fixed_label\sa_4682469.jpg,2,1,0,1,2,0,0,1,1,1
G:\Thesis\FACET_Dataset\Segmented_FACET_0.2_fixed_label\sa_10958268.jpg,2,1,0,2,3,0,1,0,1,1
G:\Thesis\FACET_Dataset\Segmented_FACET_0.2_fixed_label\sa_5231153.jpg,6,5,1,2,3,0,3,0,0,0
G:\Thesis\FACET_Dataset\Segmented_FACET_0.2_fixed_label\sa_9383976.jpg,3,2,0,3,4,1,1,0,1,0
G:\Thesis\FACET_Dataset\Segmented_FACET_0.2_fixed_label\sa_1996974.jpg,2,1,0,3,4,1,2,0,0,0
G:\Thesis\FACET_Dataset\Segmented_FACET_0.2_fixed_label\sa_10706499.jpg,6,5,1,5,6,1,0,1,1,1
G:\Thesis\FACET_Dataset\Segmented_FACET_0.2_fixed_label\sa_8566455.jpg,2,1,0,2,3,0,1,0,1,1
G:\Thesis\FACET_Dataset\Segmented_FACET_0.2_fixed_label\sa_4953176.jpg,6,5,1,4,5,1,1,0,1,1
G:\Thesis\FACET_Dataset\Segmented_FACET_0.2_fixed_label\sa_7452368.jpg,2,1,0,2,3,0,1,0,1,1
G:\Thesis\FACET_Dataset\Segmented_FACET_0.2_fixed_label\sa_6606232.jpg,3,2,0,1,2,0,1,0,1,1
G:\Thesis\FACET_Dataset\Segmented_FACET_0.2_fixed_label\sa_3614031.jpg,4,3,1,4,5,1,1,0,1,1
G:\Thesis\FACET_Dataset\Segmented_FACET_0.2_fixed_label\sa_633733.jpg,5,4,1,5,6,1,1,0,1,1
G:\Thesis\FACET_Dataset\Segmented_FACET_0.2_fixed_label\sa_4717530.jpg,6,5,1,3,4,1,2,0,0,1
G:\Thesis\FACET_Dataset\Segmented_FACET_0.2_fixed_label\sa_7841103.jpg,5,4,1,8,9,2,4,0,0,0
G:\Thesis\FACET_Dataset\Segmented_FACET_0.2_fixed_label\sa_1369172.jpg,5,4,1,3,4,1,1,0,1,1
G:\Thesis\FACET_Dataset\Segmented_FACET_0.2_fixed_label\sa_800792.jpg,4,3,1,3,4,1,0,1,1,1
G:\Thesis\FACET_Dataset\Segmented_FACET_0.2_fixed_label\sa_357215.jpg,2,1,0,3,4,1,2,0,0,0
G:\Thesis\FACET_Dataset\Segmented_FACET_0.2_fixed_label\sa_6954166.jpg,2,1,0,1,2,0,0,1,1,1
G:\Thesis\FACET_Dataset\Segmented_FACET_0.2_fixed_label\sa_6847085.jpg,2,1,0,4,5,1,3,0,0,0
G:\Thesis\FACET_Dataset\Segmented_FACET_0.2_fixed_label\sa_8502381.jpg,3,2,0,4,5,1,2,0,0,0
G:\Thesis\FACET_Dataset\Segmented_FACET_0.2_fixed_label\sa_829174.jpg,2,1,0,3,4,1,2,0,0,0
G:\Thesis\FACET_Dataset\Segmented_FACET_0.2_fixed_label\sa_3995832.jpg,5,4,1,3,4,1,1,0,1,1
G:\Thesis\FACET_Dataset\Segmented_FACET_0.2_fixed_label\sa_6741428.jpg,5,4,1,3,4,1,1,0,1,1
G:\Thesis\FACET_Dataset\Segmented_FACET_0.2_fixed_label\sa_1313718.jpg,2,1,0,1,2,0,0,1,1,1
G:\Thesis\FACET_Dataset\Segmented_FACET_0.2_fixed_label\sa_8956098.jpg,6,5,1,4,5,1,1,0,1,1
G:\Thesis\FACET_Dataset\Segmented_FACET_0.2_fixed_label\sa_7166475.jpg,2,1,0,1,2,0,0,1,1,1
G:\Thesis\FACET_Dataset\Segmented_FACET_0.2_fixed_label\sa_10068983.jpg,3,2,0,4,5,1,2,0,0,0
G:\Thesis\FACET_Dataset\Segmented_FACET_0.2_fixed_label\sa_1813167.jpg,4,3,1,4,5,1,1,0,1,1
G:\Thesis\FACET_Dataset\Segmented_FACET_0.2_fixed_label\sa_10915751.jpg,8,7,2,2,3,0,5,0,0,0
G:\Thesis\FACET_Dataset\Segmented_FACET_0.2_fixed_label\sa_5589099.jpg,3,2,0,3,4,1,1,0,1,0
G:\Thesis\FACET_Dataset\Segmented_FACET_0.2_fixed_label\sa_7908743.jpg,3,2,0,4,5,1,2,0,0,0
G:\Thesis\FACET_Dataset\Segmented_FACET_0.2_fixed_label\sa_2558271.jpg,3,2,0,4,5,1,2,0,0,0
G:\Thesis\FACET_Dataset\Segmented_FACET_0.2_fixed_label\sa_3231147.jpg,2,1,0,3,4,1,2,0,0,0
G:\Thesis\FACET_Dataset\Segmented_FACET_0.2_fixed_label\sa_4499468.jpg,4,3,1,3,4,1,0,1,1,1
G:\Thesis\FACET_Dataset\Segmented_FACET_0.2_fixed_label\sa_83475.jpg,4,3,1,3,4,1,0,1,1,1
G:\Thesis\FACET_Dataset\Segmented_FACET_0.2_fixed_label\sa_4629036.jpg,4,3,1,3,4,1,0,1,1,1
G:\Thesis\FACET_Dataset\Segmented_FACET_0.2_fixed_label\sa_9040041.jpg,2,1,0,5,6,1,4,0,0,0
G:\Thesis\FACET_Dataset\Segmented_FACET_0.2_fixed_label\sa_5804157.jpg,4,3,1,4,5,1,1,0,1,1
G:\Thesis\FACET_Dataset\Segmented_FACET_0.2_fixed_label\sa_6677336.jpg,4,3,1,5,6,1,2,0,0,1
G:\Thesis\FACET_Dataset\Segmented_FACET_0.2_fixed_label\sa_6573159.jpg,3,2,0,3,4,1,1,0,1,0
G:\Thesis\FACET_Dataset\Segmented_FACET_0.2_fixed_label\sa_1237899.jpg,4,3,1,4,5,1,1,0,1,1
G:\Thesis\FACET_Dataset\Segmented_FACET_0.2_fixed_label\sa_671770.jpg,4,3,1,3,4,1,0,1,1,1
G:\Thesis\FACET_Dataset\Segmented_FACET_0.2_fixed_label\sa_2836781.jpg,5,4,1,3,4,1,1,0,1,1
G:\Thesis\FACET_Dataset\Segmented_FACET_0.2_fixed_label\sa_7402139.jpg,8,7,2,7,8,2,0,1,1,1
G:\Thesis\FACET_Dataset\Segmented_FACET_0.2_fixed_label\sa_4786449.jpg,2,1,0,1,2,0,0,1,1,1
G:\Thesis\FACET_Dataset\Segmented_FACET_0.2_fixed_label\sa_1105627.jpg,3,2,0,3,4,1,1,0,1,0
G:\Thesis\FACET_Dataset\Segmented_FACET_0.2_fixed_label\sa_6478910.jpg,2,1,0,3,4,1,2,0,0,0
G:\Thesis\FACET_Dataset\Segmented_FACET_0.2_fixed_label\sa_6940862.jpg,2,1,0,3,4,1,2,0,0,0
G:\Thesis\FACET_Dataset\Segmented_FACET_0.2_fixed_label\sa_10789209.jpg,4,3,1,2,3,0,1,0,1,0
G:\Thesis\FACET_Dataset\Segmented_FACET_0.2_fixed_label\sa_9277115.jpg,6,5,1,5,6,1,0,1,1,1
G:\Thesis\FACET_Dataset\Segmented_FACET_0.2_fixed_label\sa_9979863.jpg,5,4,1,4,5,1,0,1,1,1
G:\Thesis\FACET_Dataset\Segmented_FACET_0.2_fixed_label\sa_4423695.jpg,5,4,1,3,4,1,1,0,1,1
G:\Thesis\FACET_Dataset\Segmented_FACET_0.2_fixed_label\sa_6290308.jpg,2,1,0,4,5,1,3,0,0,0
G:\Thesis\FACET_Dataset\Segmented_FACET_0.2_fixed_label\sa_2545541.jpg,7,6,1,4,5,1,2,0,0,1
G:\Thesis\FACET_Dataset\Segmented_FACET_0.2_fixed_label\sa_5536666.jpg,3,2,0,1,2,0,1,0,1,1
G:\Thesis\FACET_Dataset\Segmented_FACET_0.2_fixed_label\sa_6064034.jpg,3,2,0,5,6,1,3,0,0,0
G:\Thesis\FACET_Dataset\Segmented_FACET_0.2_fixed_label\sa_1469498.jpg,3,2,0,4,5,1,2,0,0,0
G:\Thesis\FACET_Dataset\Segmented_FACET_0.2_fixed_label\sa_7374791.jpg,2,1,0,3,4,1,2,0,0,0
G:\Thesis\FACET_Dataset\Segmented_FACET_0.2_fixed_label\sa_1620585.jpg,5,4,1,4,5,1,0,1,1,1
G:\Thesis\FACET_Dataset\Segmented_FACET_0.2_fixed_label\sa_4199584.jpg,2,1,0,4,5,1,3,0,0,0
G:\Thesis\FACET_Dataset\Segmented_FACET_0.2_fixed_label\sa_525211.jpg,6,5,1,5,6,1,0,1,1,1
G:\Thesis\FACET_Dataset\Segmented_FACET_0.2_fixed_label\sa_1730409.jpg,3,2,0,3,4,1,1,0,1,0
G:\Thesis\FACET_Dataset\Segmented_FACET_0.2_fixed_label\sa_7121746.jpg,1,0,0,2,3,0,2,0,0,1
G:\Thesis\FACET_Dataset\Segmented_FACET_0.2_fixed_label\sa_5606499.jpg,4,3,1,4,5,1,1,0,1,1
G:\Thesis\FACET_Dataset\Segmented_FACET_0.2_fixed_label\sa_9722508.jpg,3,2,0,3,4,1,1,0,1,0
G:\Thesis\FACET_Dataset\Segmented_FACET_0.2_fixed_label\sa_3067051.jpg,2,1,0,2,3,0,1,0,1,1
G:\Thesis\FACET_Dataset\Segmented_FACET_0.2_fixed_label\sa_6897183.jpg,2,1,0,3,4,1,2,0,0,0
G:\Thesis\FACET_Dataset\Segmented_FACET_0.2_fixed_label\sa_5647848.jpg,4,3,1,3,4,1,0,1,1,1
G:\Thesis\FACET_Dataset\Segmented_FACET_0.2_fixed_label\sa_5131767.jpg,4,3,1,3,4,1,0,1,1,1
G:\Thesis\FACET_Dataset\Segmented_FACET_0.2_fixed_label\sa_7334714.jpg,3,2,0,4,5,1,2,0,0,0
G:\Thesis\FACET_Dataset\Segmented_FACET_0.2_fixed_label\sa_7479107.jpg,5,4,1,5,6,1,1,0,1,1
G:\Thesis\FACET_Dataset\Segmented_FACET_0.2_fixed_label\sa_6326783.jpg,2,1,0,6,7,1,5,0,0,0
G:\Thesis\FACET_Dataset\Segmented_FACET_0.2_fixed_label\sa_2095290.jpg,5,4,1,4,5,1,0,1,1,1
G:\Thesis\FACET_Dataset\Segmented_FACET_0.2_fixed_label\sa_3594905.jpg,2,1,0,4,5,1,3,0,0,0
G:\Thesis\FACET_Dataset\Segmented_FACET_0.2_fixed_label\sa_8110946.jpg,5,4,1,4,5,1,0,1,1,1
G:\Thesis\FACET_Dataset\Segmented_FACET_0.2_fixed_label\sa_2212636.jpg,7,6,1,3,4,1,3,0,0,1
G:\Thesis\FACET_Dataset\Segmented_FACET_0.2_fixed_label\sa_1206887.jpg,4,3,1,5,6,1,2,0,0,1
G:\Thesis\FACET_Dataset\Segmented_FACET_0.2_fixed_label\sa_6170694.jpg,2,1,0,3,4,1,2,0,0,0
G:\Thesis\FACET_Dataset\Segmented_FACET_0.2_fixed_label\sa_6193592.jpg,3,2,0,5,6,1,3,0,0,0
G:\Thesis\FACET_Dataset\Segmented_FACET_0.2_fixed_label\sa_11017864.jpg,4,3,1,3,4,1,0,1,1,1
G:\Thesis\FACET_Dataset\Segmented_FACET_0.2_fixed_label\sa_710222.jpg,2,1,0,3,4,1,2,0,0,0
G:\Thesis\FACET_Dataset\Segmented_FACET_0.2_fixed_label\sa_1127212.jpg,4,3,1,2,3,0,1,0,1,0
G:\Thesis\FACET_Dataset\Segmented_FACET_0.2_fixed_label\sa_3006340.jpg,2,1,0,3,4,1,2,0,0,0
G:\Thesis\FACET_Dataset\Segmented_FACET_0.2_fixed_label\sa_7908835.jpg,2,1,0,2,3,0,1,0,1,1
G:\Thesis\FACET_Dataset\Segmented_FACET_0.2_fixed_label\sa_904406.jpg,1,0,0,3,4,1,3,0,0,0
G:\Thesis\FACET_Dataset\Segmented_FACET_0.2_fixed_label\sa_6262791.jpg,5,4,1,3,4,1,1,0,1,1
G:\Thesis\FACET_Dataset\Segmented_FACET_0.2_fixed_label\sa_3023489.jpg,6,5,1,6,7,1,1,0,1,1
G:\Thesis\FACET_Dataset\Segmented_FACET_0.2_fixed_label\sa_6193592.jpg,4,3,1,5,6,1,2,0,0,1
G:\Thesis\FACET_Dataset\Segmented_FACET_0.2_fixed_label\sa_6585974.jpg,7,6,1,4,5,1,2,0,0,1
G:\Thesis\FACET_Dataset\Segmented_FACET_0.2_fixed_label\sa_4141927.jpg,5,4,1,5,6,1,1,0,1,1
G:\Thesis\FACET_Dataset\Segmented_FACET_0.2_fixed_label\sa_2950759.jpg,5,4,1,3,4,1,1,0,1,1
G:\Thesis\FACET_Dataset\Segmented_FACET_0.2_fixed_label\sa_5858945.jpg,6,5,1,3,4,1,2,0,0,1
G:\Thesis\FACET_Dataset\Segmented_FACET_0.2_fixed_label\sa_658464.jpg,4,3,1,1,2,0,2,0,0,0
G:\Thesis\FACET_Dataset\Segmented_FACET_0.2_fixed_label\sa_6474325.jpg,6,5,1,5,6,1,0,1,1,1
G:\Thesis\FACET_Dataset\Segmented_FACET_0.2_fixed_label\sa_7946914.jpg,3,2,0,1,2,0,1,0,1,1
G:\Thesis\FACET_Dataset\Segmented_FACET_0.2_fixed_label\sa_10012746.jpg,2,1,0,3,4,1,2,0,0,0
G:\Thesis\FACET_Dataset\Segmented_FACET_0.2_fixed_label\sa_6044627.jpg,3,2,0,4,5,1,2,0,0,0
G:\Thesis\FACET_Dataset\Segmented_FACET_0.2_fixed_label\sa_1299490.jpg,4,3,1,4,5,1,1,0,1,1
G:\Thesis\FACET_Dataset\Segmented_FACET_0.2_fixed_label\sa_9973377.jpg,4,3,1,4,5,1,1,0,1,1
G:\Thesis\FACET_Dataset\Segmented_FACET_0.2_fixed_label\sa_6665287.jpg,2,1,0,4,5,1,3,0,0,0
G:\Thesis\FACET_Dataset\Segmented_FACET_0.2_fixed_label\sa_3995832.jpg,3,2,0,3,4,1,1,0,1,0
G:\Thesis\FACET_Dataset\Segmented_FACET_0.2_fixed_label\sa_637625.jpg,3,2,0,2,3,0,0,1,1,1
G:\Thesis\FACET_Dataset\Segmented_FACET_0.2_fixed_label\sa_5966913.jpg,7,6,1,4,5,1,2,0,0,1
G:\Thesis\FACET_Dataset\Segmented_FACET_0.2_fixed_label\sa_4678099.jpg,5,4,1,2,3,0,2,0,0,0
G:\Thesis\FACET_Dataset\Segmented_FACET_0.2_fixed_label\sa_8979198.jpg,2,1,0,4,5,1,3,0,0,0
G:\Thesis\FACET_Dataset\Segmented_FACET_0.2_fixed_label\sa_9296641.jpg,2,1,0,2,3,0,1,0,1,1
G:\Thesis\FACET_Dataset\Segmented_FACET_0.2_fixed_label\sa_2618454.jpg,4,3,1,2,3,0,1,0,1,0
G:\Thesis\FACET_Dataset\Segmented_FACET_0.2_fixed_label\sa_7498680.jpg,6,5,1,4,5,1,1,0,1,1
G:\Thesis\FACET_Dataset\Segmented_FACET_0.2_fixed_label\sa_7162201.jpg,3,2,0,2,3,0,0,1,1,1
G:\Thesis\FACET_Dataset\Segmented_FACET_0.2_fixed_label\sa_9913515.jpg,3,2,0,5,6,1,3,0,0,0
G:\Thesis\FACET_Dataset\Segmented_FACET_0.2_fixed_label\sa_545594.jpg,3,2,0,0,1,0,2,0,0,1
G:\Thesis\FACET_Dataset\Segmented_FACET_0.2_fixed_label\sa_974197.jpg,3,2,0,1,2,0,1,0,1,1
G:\Thesis\FACET_Dataset\Segmented_FACET_0.2_fixed_label\sa_1863172.jpg,3,2,0,4,5,1,2,0,0,0
G:\Thesis\FACET_Dataset\Segmented_FACET_0.2_fixed_label\sa_6146563.jpg,4,3,1,2,3,0,1,0,1,0
G:\Thesis\FACET_Dataset\Segmented_FACET_0.2_fixed_label\sa_9435674.jpg,3,2,0,3,4,1,1,0,1,0
G:\Thesis\FACET_Dataset\Segmented_FACET_0.2_fixed_label\sa_2634488.jpg,4,3,1,3,4,1,0,1,1,1
G:\Thesis\FACET_Dataset\Segmented_FACET_0.2_fixed_label\sa_10425489.jpg,8,7,2,3,4,1,4,0,0,0
G:\Thesis\FACET_Dataset\Segmented_FACET_0.2_fixed_label\sa_629579.jpg,4,3,1,3,4,1,0,1,1,1
G:\Thesis\FACET_Dataset\Segmented_FACET_0.2_fixed_label\sa_3579260.jpg,4,3,1,5,6,1,2,0,0,1
G:\Thesis\FACET_Dataset\Segmented_FACET_0.2_fixed_label\sa_9588623.jpg,2,1,0,3,4,1,2,0,0,0
G:\Thesis\FACET_Dataset\Segmented_FACET_0.2_fixed_label\sa_10235089.jpg,3,2,0,3,4,1,1,0,1,0
G:\Thesis\FACET_Dataset\Segmented_FACET_0.2_fixed_label\sa_6857312.jpg,6,5,1,5,6,1,0,1,1,1
G:\Thesis\FACET_Dataset\Segmented_FACET_0.2_fixed_label\sa_10789209.jpg,6,5,1,2,3,0,3,0,0,0
G:\Thesis\FACET_Dataset\Segmented_FACET_0.2_fixed_label\sa_8293466.jpg,5,4,1,6,7,1,2,0,0,1
G:\Thesis\FACET_Dataset\Segmented_FACET_0.2_fixed_label\sa_1174613.jpg,4,3,1,3,4,1,0,1,1,1
G:\Thesis\FACET_Dataset\Segmented_FACET_0.2_fixed_label\sa_6909647.jpg,4,3,1,4,5,1,1,0,1,1
G:\Thesis\FACET_Dataset\Segmented_FACET_0.2_fixed_label\sa_11084494.jpg,3,2,0,4,5,1,2,0,0,0
G:\Thesis\FACET_Dataset\Segmented_FACET_0.2_fixed_label\sa_9215947.jpg,3,2,0,3,4,1,1,0,1,0
G:\Thesis\FACET_Dataset\Segmented_FACET_0.2_fixed_label\sa_7616093.jpg,3,2,0,4,5,1,2,0,0,0
G:\Thesis\FACET_Dataset\Segmented_FACET_0.2_fixed_label\sa_2051647.jpg,3,2,0,7,8,2,5,0,0,0
G:\Thesis\FACET_Dataset\Segmented_FACET_0.2_fixed_label\sa_3006854.jpg,3,2,0,1,2,0,1,0,1,1
G:\Thesis\FACET_Dataset\Segmented_FACET_0.2_fixed_label\sa_9938142.jpg,3,2,0,5,6,1,3,0,0,0
G:\Thesis\FACET_Dataset\Segmented_FACET_0.2_fixed_label\sa_4455432.jpg,6,5,1,3,4,1,2,0,0,1
G:\Thesis\FACET_Dataset\Segmented_FACET_0.2_fixed_label\sa_10190599.jpg,3,2,0,3,4,1,1,0,1,0
G:\Thesis\FACET_Dataset\Segmented_FACET_0.2_fixed_label\sa_899284.jpg,4,3,1,3,4,1,0,1,1,1
G:\Thesis\FACET_Dataset\Segmented_FACET_0.2_fixed_label\sa_10277350.jpg,6,5,1,1,2,0,4,0,0,0
G:\Thesis\FACET_Dataset\Segmented_FACET_0.2_fixed_label\sa_210624.jpg,3,2,0,3,4,1,1,0,1,0
G:\Thesis\FACET_Dataset\Segmented_FACET_0.2_fixed_label\sa_1282877.jpg,2,1,0,5,6,1,4,0,0,0
G:\Thesis\FACET_Dataset\Segmented_FACET_0.2_fixed_label\sa_11135578.jpg,4,3,1,1,2,0,2,0,0,0
G:\Thesis\FACET_Dataset\Segmented_FACET_0.2_fixed_label\sa_6075783.jpg,2,1,0,3,4,1,2,0,0,0
G:\Thesis\FACET_Dataset\Segmented_FACET_0.2_fixed_label\sa_6620736.jpg,1,0,0,3,4,1,3,0,0,0
G:\Thesis\FACET_Dataset\Segmented_FACET_0.2_fixed_label\sa_9799688.jpg,2,1,0,2,3,0,1,0,1,1
G:\Thesis\FACET_Dataset\Segmented_FACET_0.2_fixed_label\sa_9580997.jpg,5,4,1,6,7,1,2,0,0,1
G:\Thesis\FACET_Dataset\Segmented_FACET_0.2_fixed_label\sa_8420496.jpg,4,3,1,3,4,1,0,1,1,1
G:\Thesis\FACET_Dataset\Segmented_FACET_0.2_fixed_label\sa_8744555.jpg,2,1,0,3,4,1,2,0,0,0
G:\Thesis\FACET_Dataset\Segmented_FACET_0.2_fixed_label\sa_4091201.jpg,2,1,0,1,2,0,0,1,1,1
G:\Thesis\FACET_Dataset\Segmented_FACET_0.2_fixed_label\sa_350837.jpg,3,2,0,4,5,1,2,0,0,0
G:\Thesis\FACET_Dataset\Segmented_FACET_0.2_fixed_label\sa_5328957.jpg,6,5,1,5,6,1,0,1,1,1
G:\Thesis\FACET_Dataset\Segmented_FACET_0.2_fixed_label\sa_4577723.jpg,5,4,1,3,4,1,1,0,1,1
G:\Thesis\FACET_Dataset\Segmented_FACET_0.2_fixed_label\sa_1235335.jpg,6,5,1,5,6,1,0,1,1,1
G:\Thesis\FACET_Dataset\Segmented_FACET_0.2_fixed_label\sa_6069199.jpg,6,5,1,5,6,1,0,1,1,1
G:\Thesis\FACET_Dataset\Segmented_FACET_0.2_fixed_label\sa_944036.jpg,3,2,0,1,2,0,1,0,1,1
G:\Thesis\FACET_Dataset\Segmented_FACET_0.2_fixed_label\sa_4272216.jpg,2,1,0,4,5,1,3,0,0,0
G:\Thesis\FACET_Dataset\Segmented_FACET_0.2_fixed_label\sa_870796.jpg,3,2,0,1,2,0,1,0,1,1
G:\Thesis\FACET_Dataset\Segmented_FACET_0.2_fixed_label\sa_11070013.jpg,3,2,0,3,4,1,1,0,1,0
G:\Thesis\FACET_Dataset\Segmented_FACET_0.2_fixed_label\sa_9889742.jpg,5,4,1,4,5,1,0,1,1,1
G:\Thesis\FACET_Dataset\Segmented_FACET_0.2_fixed_label\sa_6230343.jpg,4,3,1,5,6,1,2,0,0,1
G:\Thesis\FACET_Dataset\Segmented_FACET_0.2_fixed_label\sa_4244420.jpg,6,5,1,4,5,1,1,0,1,1
G:\Thesis\FACET_Dataset\Segmented_FACET_0.2_fixed_label\sa_5092276.jpg,4,3,1,3,4,1,0,1,1,1
G:\Thesis\FACET_Dataset\Segmented_FACET_0.2_fixed_label\sa_2507958.jpg,3,2,0,5,6,1,3,0,0,0
G:\Thesis\FACET_Dataset\Segmented_FACET_0.2_fixed_label\sa_10665143.jpg,9,8,2,6,7,1,2,0,0,0
G:\Thesis\FACET_Dataset\Segmented_FACET_0.2_fixed_label\sa_2281927.jpg,4,3,1,3,4,1,0,1,1,1
G:\Thesis\FACET_Dataset\Segmented_FACET_0.2_fixed_label\sa_651791.jpg,2,1,0,3,4,1,2,0,0,0
G:\Thesis\FACET_Dataset\Segmented_FACET_0.2_fixed_label\sa_5300110.jpg,7,6,1,5,6,1,1,0,1,1
G:\Thesis\FACET_Dataset\Segmented_FACET_0.2_fixed_label\sa_2372177.jpg,7,6,1,6,7,1,0,1,1,1
G:\Thesis\FACET_Dataset\Segmented_FACET_0.2_fixed_label\sa_9131252.jpg,2,1,0,3,4,1,2,0,0,0
G:\Thesis\FACET_Dataset\Segmented_FACET_0.2_fixed_label\sa_6440016.jpg,5,4,1,5,6,1,1,0,1,1
G:\Thesis\FACET_Dataset\Segmented_FACET_0.2_fixed_label\sa_8269547.jpg,2,1,0,3,4,1,2,0,0,0
G:\Thesis\FACET_Dataset\Segmented_FACET_0.2_fixed_label\sa_4322243.jpg,2,1,0,5,6,1,4,0,0,0
G:\Thesis\FACET_Dataset\Segmented_FACET_0.2_fixed_label\sa_2710563.jpg,3,2,0,3,4,1,1,0,1,0
G:\Thesis\FACET_Dataset\Segmented_FACET_0.2_fixed_label\sa_3488589.jpg,6,5,1,5,6,1,0,1,1,1
G:\Thesis\FACET_Dataset\Segmented_FACET_0.2_fixed_label\sa_8396142.jpg,7,6,1,5,6,1,1,0,1,1
G:\Thesis\FACET_Dataset\Segmented_FACET_0.2_fixed_label\sa_3787423.jpg,7,6,1,7,8,2,1,0,1,0
G:\Thesis\FACET_Dataset\Segmented_FACET_0.2_fixed_label\sa_2922016.jpg,3,2,0,1,2,0,1,0,1,1
G:\Thesis\FACET_Dataset\Segmented_FACET_0.2_fixed_label\sa_1545952.jpg,3,2,0,5,6,1,3,0,0,0
G:\Thesis\FACET_Dataset\Segmented_FACET_0.2_fixed_label\sa_3496750.jpg,2,1,0,1,2,0,0,1,1,1
G:\Thesis\FACET_Dataset\Segmented_FACET_0.2_fixed_label\sa_7664651.jpg,3,2,0,5,6,1,3,0,0,0
G:\Thesis\FACET_Dataset\Segmented_FACET_0.2_fixed_label\sa_1816074.jpg,2,1,0,2,3,0,1,0,1,1
G:\Thesis\FACET_Dataset\Segmented_FACET_0.2_fixed_label\sa_1909023.jpg,3,2,0,3,4,1,1,0,1,0
G:\Thesis\FACET_Dataset\Segmented_FACET_0.2_fixed_label\sa_4194517.jpg,3,2,0,3,4,1,1,0,1,0
G:\Thesis\FACET_Dataset\Segmented_FACET_0.2_fixed_label\sa_7382036.jpg,6,5,1,1,2,0,4,0,0,0
G:\Thesis\FACET_Dataset\Segmented_FACET_0.2_fixed_label\sa_4808180.jpg,2,1,0,4,5,1,3,0,0,0
G:\Thesis\FACET_Dataset\Segmented_FACET_0.2_fixed_label\sa_9527858.jpg,4,3,1,3,4,1,0,1,1,1
G:\Thesis\FACET_Dataset\Segmented_FACET_0.2_fixed_label\sa_1608469.jpg,2,1,0,4,5,1,3,0,0,0
G:\Thesis\FACET_Dataset\Segmented_FACET_0.2_fixed_label\sa_7480499.jpg,3,2,0,2,3,0,0,1,1,1
G:\Thesis\FACET_Dataset\Segmented_FACET_0.2_fixed_label\sa_10377021.jpg,5,4,1,4,5,1,0,1,1,1
G:\Thesis\FACET_Dataset\Segmented_FACET_0.2_fixed_label\sa_6414457.jpg,2,1,0,3,4,1,2,0,0,0
G:\Thesis\FACET_Dataset\Segmented_FACET_0.2_fixed_label\sa_3436418.jpg,3,2,0,3,4,1,1,0,1,0
G:\Thesis\FACET_Dataset\Segmented_FACET_0.2_fixed_label\sa_9729048.jpg,3,2,0,3,4,1,1,0,1,0
G:\Thesis\FACET_Dataset\Segmented_FACET_0.2_fixed_label\sa_1809016.jpg,3,2,0,5,6,1,3,0,0,0
G:\Thesis\FACET_Dataset\Segmented_FACET_0.2_fixed_label\sa_5825910.jpg,3,2,0,4,5,1,2,0,0,0
G:\Thesis\FACET_Dataset\Segmented_FACET_0.2_fixed_label\sa_9100667.jpg,3,2,0,3,4,1,1,0,1,0
G:\Thesis\FACET_Dataset\Segmented_FACET_0.2_fixed_label\sa_9597696.jpg,3,2,0,1,2,0,1,0,1,1
G:\Thesis\FACET_Dataset\Segmented_FACET_0.2_fixed_label\sa_7493288.jpg,2,1,0,4,5,1,3,0,0,0
G:\Thesis\FACET_Dataset\Segmented_FACET_0.2_fixed_label\sa_3963132.jpg,3,2,0,4,5,1,2,0,0,0
G:\Thesis\FACET_Dataset\Segmented_FACET_0.2_fixed_label\sa_5936767.jpg,2,1,0,3,4,1,2,0,0,0
G:\Thesis\FACET_Dataset\Segmented_FACET_0.2_fixed_label\sa_6049073.jpg,3,2,0,2,3,0,0,1,1,1
G:\Thesis\FACET_Dataset\Segmented_FACET_0.2_fixed_label\sa_4792156.jpg,3,2,0,2,3,0,0,1,1,1
G:\Thesis\FACET_Dataset\Segmented_FACET_0.2_fixed_label\sa_10071874.jpg,2,1,0,2,3,0,1,0,1,1
G:\Thesis\FACET_Dataset\Segmented_FACET_0.2_fixed_label\sa_4128503.jpg,3,2,0,3,4,1,1,0,1,0
G:\Thesis\FACET_Dataset\Segmented_FACET_0.2_fixed_label\sa_2727106.jpg,3,2,0,4,5,1,2,0,0,0
G:\Thesis\FACET_Dataset\Segmented_FACET_0.2_fixed_label\sa_619947.jpg,8,7,2,8,9,2,1,0,1,1
G:\Thesis\FACET_Dataset\Segmented_FACET_0.2_fixed_label\sa_4294278.jpg,3,2,0,3,4,1,1,0,1,0
G:\Thesis\FACET_Dataset\Segmented_FACET_0.2_fixed_label\sa_5546260.jpg,5,4,1,4,5,1,0,1,1,1
G:\Thesis\FACET_Dataset\Segmented_FACET_0.2_fixed_label\sa_5922023.jpg,3,2,0,2,3,0,0,1,1,1
G:\Thesis\FACET_Dataset\Segmented_FACET_0.2_fixed_label\sa_3802557.jpg,2,1,0,1,2,0,0,1,1,1
G:\Thesis\FACET_Dataset\Segmented_FACET_0.2_fixed_label\sa_3285842.jpg,7,6,1,4,5,1,2,0,0,1
G:\Thesis\FACET_Dataset\Segmented_FACET_0.2_fixed_label\sa_6606232.jpg,2,1,0,1,2,0,0,1,1,1
G:\Thesis\FACET_Dataset\Segmented_FACET_0.2_fixed_label\sa_5407149.jpg,2,1,0,3,4,1,2,0,0,0
G:\Thesis\FACET_Dataset\Segmented_FACET_0.2_fixed_label\sa_10240335.jpg,3,2,0,3,4,1,1,0,1,0
G:\Thesis\FACET_Dataset\Segmented_FACET_0.2_fixed_label\sa_1281876.jpg,2,1,0,5,6,1,4,0,0,0
G:\Thesis\FACET_Dataset\Segmented_FACET_0.2_fixed_label\sa_10376905.jpg,3,2,0,5,6,1,3,0,0,0
G:\Thesis\FACET_Dataset\Segmented_FACET_0.2_fixed_label\sa_9309029.jpg,9,8,2,3,4,1,5,0,0,0
G:\Thesis\FACET_Dataset\Segmented_FACET_0.2_fixed_label\sa_6069498.jpg,6,5,1,4,5,1,1,0,1,1
G:\Thesis\FACET_Dataset\Segmented_FACET_0.2_fixed_label\sa_4843615.jpg,3,2,0,2,3,0,0,1,1,1
G:\Thesis\FACET_Dataset\Segmented_FACET_0.2_fixed_label\sa_10944498.jpg,3,2,0,4,5,1,2,0,0,0
G:\Thesis\FACET_Dataset\Segmented_FACET_0.2_fixed_label\sa_839106.jpg,1,0,0,2,3,0,2,0,0,1
G:\Thesis\FACET_Dataset\Segmented_FACET_0.2_fixed_label\sa_10243045.jpg,5,4,1,6,7,1,2,0,0,1
G:\Thesis\FACET_Dataset\Segmented_FACET_0.2_fixed_label\sa_1276128.jpg,3,2,0,4,5,1,2,0,0,0
G:\Thesis\FACET_Dataset\Segmented_FACET_0.2_fixed_label\sa_3769342.jpg,3,2,0,2,3,0,0,1,1,1
G:\Thesis\FACET_Dataset\Segmented_FACET_0.2_fixed_label\sa_11047388.jpg,2,1,0,4,5,1,3,0,0,0
G:\Thesis\FACET_Dataset\Segmented_FACET_0.2_fixed_label\sa_3612157.jpg,3,2,0,1,2,0,1,0,1,1
G:\Thesis\FACET_Dataset\Segmented_FACET_0.2_fixed_label\sa_1320082.jpg,5,4,1,3,4,1,1,0,1,1
G:\Thesis\FACET_Dataset\Segmented_FACET_0.2_fixed_label\sa_4408822.jpg,2,1,0,1,2,0,0,1,1,1
G:\Thesis\FACET_Dataset\Segmented_FACET_0.2_fixed_label\sa_6857312.jpg,6,5,1,5,6,1,0,1,1,1
G:\Thesis\FACET_Dataset\Segmented_FACET_0.2_fixed_label\sa_7145981.jpg,5,4,1,5,6,1,1,0,1,1
G:\Thesis\FACET_Dataset\Segmented_FACET_0.2_fixed_label\sa_1756709.jpg,4,3,1,4,5,1,1,0,1,1
G:\Thesis\FACET_Dataset\Segmented_FACET_0.2_fixed_label\sa_6418033.jpg,4,3,1,5,6,1,2,0,0,1
G:\Thesis\FACET_Dataset\Segmented_FACET_0.2_fixed_label\sa_8552803.jpg,3,2,0,2,3,0,0,1,1,1
G:\Thesis\FACET_Dataset\Segmented_FACET_0.2_fixed_label\sa_10022161.jpg,4,3,1,4,5,1,1,0,1,1
G:\Thesis\FACET_Dataset\Segmented_FACET_0.2_fixed_label\sa_25380.jpg,3,2,0,1,2,0,1,0,1,1
G:\Thesis\FACET_Dataset\Segmented_FACET_0.2_fixed_label\sa_5031926.jpg,4,3,1,5,6,1,2,0,0,1
G:\Thesis\FACET_Dataset\Segmented_FACET_0.2_fixed_label\sa_7823353.jpg,8,7,2,5,6,1,2,0,0,0
G:\Thesis\FACET_Dataset\Segmented_FACET_0.2_fixed_label\sa_438352.jpg,4,3,1,3,4,1,0,1,1,1
G:\Thesis\FACET_Dataset\Segmented_FACET_0.2_fixed_label\sa_10168183.jpg,6,5,1,5,6,1,0,1,1,1
G:\Thesis\FACET_Dataset\Segmented_FACET_0.2_fixed_label\sa_9765418.jpg,3,2,0,5,6,1,3,0,0,0
G:\Thesis\FACET_Dataset\Segmented_FACET_0.2_fixed_label\sa_6280313.jpg,2,1,0,3,4,1,2,0,0,0
G:\Thesis\FACET_Dataset\Segmented_FACET_0.2_fixed_label\sa_7653623.jpg,2,1,0,2,3,0,1,0,1,1
G:\Thesis\FACET_Dataset\Segmented_FACET_0.2_fixed_label\sa_6876737.jpg,4,3,1,5,6,1,2,0,0,1
G:\Thesis\FACET_Dataset\Segmented_FACET_0.2_fixed_label\sa_411527.jpg,6,5,1,6,7,1,1,0,1,1
G:\Thesis\FACET_Dataset\Segmented_FACET_0.2_fixed_label\sa_4912915.jpg,3,2,0,4,5,1,2,0,0,0
G:\Thesis\FACET_Dataset\Segmented_FACET_0.2_fixed_label\sa_2942190.jpg,3,2,0,3,4,1,1,0,1,0
G:\Thesis\FACET_Dataset\Segmented_FACET_0.2_fixed_label\sa_4445927.jpg,5,4,1,4,5,1,0,1,1,1
G:\Thesis\FACET_Dataset\Segmented_FACET_0.2_fixed_label\sa_4979838.jpg,5,4,1,5,6,1,1,0,1,1
G:\Thesis\FACET_Dataset\Segmented_FACET_0.2_fixed_label\sa_7266316.jpg,3,2,0,5,6,1,3,0,0,0
G:\Thesis\FACET_Dataset\Segmented_FACET_0.2_fixed_label\sa_670066.jpg,5,4,1,4,5,1,0,1,1,1
G:\Thesis\FACET_Dataset\Segmented_FACET_0.2_fixed_label\sa_8313751.jpg,2,1,0,4,5,1,3,0,0,0
G:\Thesis\FACET_Dataset\Segmented_FACET_0.2_fixed_label\sa_9354133.jpg,3,2,0,6,7,1,4,0,0,0
G:\Thesis\FACET_Dataset\Segmented_FACET_0.2_fixed_label\sa_5678381.jpg,6,5,1,2,3,0,3,0,0,0
G:\Thesis\FACET_Dataset\Segmented_FACET_0.2_fixed_label\sa_1625191.jpg,2,1,0,3,4,1,2,0,0,0
G:\Thesis\FACET_Dataset\Segmented_FACET_0.2_fixed_label\sa_5484129.jpg,4,3,1,3,4,1,0,1,1,1
G:\Thesis\FACET_Dataset\Segmented_FACET_0.2_fixed_label\sa_10369497.jpg,9,8,2,3,4,1,5,0,0,0
G:\Thesis\FACET_Dataset\Segmented_FACET_0.2_fixed_label\sa_6707836.jpg,4,3,1,2,3,0,1,0,1,0
G:\Thesis\FACET_Dataset\Segmented_FACET_0.2_fixed_label\sa_579010.jpg,4,3,1,5,6,1,2,0,0,1
G:\Thesis\FACET_Dataset\Segmented_FACET_0.2_fixed_label\sa_2503775.jpg,8,7,2,4,5,1,3,0,0,0
G:\Thesis\FACET_Dataset\Segmented_FACET_0.2_fixed_label\sa_3513876.jpg,3,2,0,3,4,1,1,0,1,0
G:\Thesis\FACET_Dataset\Segmented_FACET_0.2_fixed_label\sa_11039006.jpg,6,5,1,4,5,1,1,0,1,1
G:\Thesis\FACET_Dataset\Segmented_FACET_0.2_fixed_label\sa_10418756.jpg,3,2,0,1,2,0,1,0,1,1
G:\Thesis\FACET_Dataset\Segmented_FACET_0.2_fixed_label\sa_1436047.jpg,5,4,1,6,7,1,2,0,0,1
G:\Thesis\FACET_Dataset\Segmented_FACET_0.2_fixed_label\sa_5765006.jpg,1,0,0,5,6,1,5,0,0,0
G:\Thesis\FACET_Dataset\Segmented_FACET_0.2_fixed_label\sa_1879225.jpg,2,1,0,3,4,1,2,0,0,0
G:\Thesis\FACET_Dataset\Segmented_FACET_0.2_fixed_label\sa_9144359.jpg,2,1,0,3,4,1,2,0,0,0
G:\Thesis\FACET_Dataset\Segmented_FACET_0.2_fixed_label\sa_4113099.jpg,4,3,1,6,7,1,3,0,0,1
G:\Thesis\FACET_Dataset\Segmented_FACET_0.2_fixed_label\sa_921085.jpg,5,4,1,0,1,0,4,0,0,0
G:\Thesis\FACET_Dataset\Segmented_FACET_0.2_fixed_label\sa_3276906.jpg,2,1,0,6,7,1,5,0,0,0
G:\Thesis\FACET_Dataset\Segmented_FACET_0.2_fixed_label\sa_7474900.jpg,3,2,0,5,6,1,3,0,0,0
G:\Thesis\FACET_Dataset\Segmented_FACET_0.2_fixed_label\sa_2864579.jpg,4,3,1,5,6,1,2,0,0,1
G:\Thesis\FACET_Dataset\Segmented_FACET_0.2_fixed_label\sa_2444031.jpg,4,3,1,4,5,1,1,0,1,1
G:\Thesis\FACET_Dataset\Segmented_FACET_0.2_fixed_label\sa_707545.jpg,2,1,0,2,3,0,1,0,1,1
G:\Thesis\FACET_Dataset\Segmented_FACET_0.2_fixed_label\sa_4901735.jpg,6,5,1,3,4,1,2,0,0,1
G:\Thesis\FACET_Dataset\Segmented_FACET_0.2_fixed_label\sa_6380782.jpg,2,1,0,2,3,0,1,0,1,1
G:\Thesis\FACET_Dataset\Segmented_FACET_0.2_fixed_label\sa_5485846.jpg,3,2,0,2,3,0,0,1,1,1
G:\Thesis\FACET_Dataset\Segmented_FACET_0.2_fixed_label\sa_2041818.jpg,2,1,0,4,5,1,3,0,0,0
G:\Thesis\FACET_Dataset\Segmented_FACET_0.2_fixed_label\sa_733589.jpg,5,4,1,5,6,1,1,0,1,1
G:\Thesis\FACET_Dataset\Segmented_FACET_0.2_fixed_label\sa_10890103.jpg,4,3,1,4,5,1,1,0,1,1
G:\Thesis\FACET_Dataset\Segmented_FACET_0.2_fixed_label\sa_9131252.jpg,3,2,0,3,4,1,1,0,1,0
G:\Thesis\FACET_Dataset\Segmented_FACET_0.2_fixed_label\sa_3995832.jpg,3,2,0,3,4,1,1,0,1,0
G:\Thesis\FACET_Dataset\Segmented_FACET_0.2_fixed_label\sa_6267865.jpg,6,5,1,3,4,1,2,0,0,1
G:\Thesis\FACET_Dataset\Segmented_FACET_0.2_fixed_label\sa_354339.jpg,6,5,1,5,6,1,0,1,1,1
G:\Thesis\FACET_Dataset\Segmented_FACET_0.2_fixed_label\sa_8484678.jpg,2,1,0,1,2,0,0,1,1,1
G:\Thesis\FACET_Dataset\Segmented_FACET_0.2_fixed_label\sa_2731103.jpg,3,2,0,3,4,1,1,0,1,0
G:\Thesis\FACET_Dataset\Segmented_FACET_0.2_fixed_label\sa_5534419.jpg,3,2,0,4,5,1,2,0,0,0
G:\Thesis\FACET_Dataset\Segmented_FACET_0.2_fixed_label\sa_617592.jpg,6,5,1,4,5,1,1,0,1,1
G:\Thesis\FACET_Dataset\Segmented_FACET_0.2_fixed_label\sa_4092765.jpg,6,5,1,3,4,1,2,0,0,1
G:\Thesis\FACET_Dataset\Segmented_FACET_0.2_fixed_label\sa_411527.jpg,6,5,1,6,7,1,1,0,1,1
G:\Thesis\FACET_Dataset\Segmented_FACET_0.2_fixed_label\sa_6718093.jpg,3,2,0,3,4,1,1,0,1,0
G:\Thesis\FACET_Dataset\Segmented_FACET_0.2_fixed_label\sa_3874742.jpg,4,3,1,4,5,1,1,0,1,1
G:\Thesis\FACET_Dataset\Segmented_FACET_0.2_fixed_label\sa_2162147.jpg,3,2,0,1,2,0,1,0,1,1
G:\Thesis\FACET_Dataset\Segmented_FACET_0.2_fixed_label\sa_1130155.jpg,4,3,1,4,5,1,1,0,1,1
G:\Thesis\FACET_Dataset\Segmented_FACET_0.2_fixed_label\sa_6847085.jpg,4,3,1,4,5,1,1,0,1,1
G:\Thesis\FACET_Dataset\Segmented_FACET_0.2_fixed_label\sa_6969565.jpg,3,2,0,1,2,0,1,0,1,1
G:\Thesis\FACET_Dataset\Segmented_FACET_0.2_fixed_label\sa_4149259.jpg,3,2,0,3,4,1,1,0,1,0
G:\Thesis\FACET_Dataset\Segmented_FACET_0.2_fixed_label\sa_5512247.jpg,3,2,0,1,2,0,1,0,1,1
G:\Thesis\FACET_Dataset\Segmented_FACET_0.2_fixed_label\sa_9138612.jpg,5,4,1,1,2,0,3,0,0,0
G:\Thesis\FACET_Dataset\Segmented_FACET_0.2_fixed_label\sa_7519721.jpg,2,1,0,3,4,1,2,0,0,0
G:\Thesis\FACET_Dataset\Segmented_FACET_0.2_fixed_label\sa_8314909.jpg,2,1,0,5,6,1,4,0,0,0
G:\Thesis\FACET_Dataset\Segmented_FACET_0.2_fixed_label\sa_3826712.jpg,2,1,0,1,2,0,0,1,1,1
G:\Thesis\FACET_Dataset\Segmented_FACET_0.2_fixed_label\sa_1920087.jpg,7,6,1,4,5,1,2,0,0,1
G:\Thesis\FACET_Dataset\Segmented_FACET_0.2_fixed_label\sa_165670.jpg,4,3,1,3,4,1,0,1,1,1
G:\Thesis\FACET_Dataset\Segmented_FACET_0.2_fixed_label\sa_5504254.jpg,2,1,0,2,3,0,1,0,1,1
G:\Thesis\FACET_Dataset\Segmented_FACET_0.2_fixed_label\sa_9657164.jpg,6,5,1,5,6,1,0,1,1,1
G:\Thesis\FACET_Dataset\Segmented_FACET_0.2_fixed_label\sa_3544259.jpg,4,3,1,3,4,1,0,1,1,1
G:\Thesis\FACET_Dataset\Segmented_FACET_0.2_fixed_label\sa_6405551.jpg,4,3,1,7,8,2,4,0,0,0
G:\Thesis\FACET_Dataset\Segmented_FACET_0.2_fixed_label\sa_10295763.jpg,2,1,0,2,3,0,1,0,1,1
G:\Thesis\FACET_Dataset\Segmented_FACET_0.2_fixed_label\sa_4636248.jpg,3,2,0,4,5,1,2,0,0,0
G:\Thesis\FACET_Dataset\Segmented_FACET_0.2_fixed_label\sa_10457029.jpg,2,1,0,1,2,0,0,1,1,1
G:\Thesis\FACET_Dataset\Segmented_FACET_0.2_fixed_label\sa_7106501.jpg,3,2,0,4,5,1,2,0,0,0
G:\Thesis\FACET_Dataset\Segmented_FACET_0.2_fixed_label\sa_3775087.jpg,5,4,1,3,4,1,1,0,1,1
G:\Thesis\FACET_Dataset\Segmented_FACET_0.2_fixed_label\sa_4110462.jpg,7,6,1,6,7,1,0,1,1,1
G:\Thesis\FACET_Dataset\Segmented_FACET_0.2_fixed_label\sa_7925399.jpg,6,5,1,2,3,0,3,0,0,0
G:\Thesis\FACET_Dataset\Segmented_FACET_0.2_fixed_label\sa_4781192.jpg,2,1,0,4,5,1,3,0,0,0
G:\Thesis\FACET_Dataset\Segmented_FACET_0.2_fixed_label\sa_3605845.jpg,2,1,0,4,5,1,3,0,0,0
G:\Thesis\FACET_Dataset\Segmented_FACET_0.2_fixed_label\sa_7818314.jpg,3,2,0,5,6,1,3,0,0,0
G:\Thesis\FACET_Dataset\Segmented_FACET_0.2_fixed_label\sa_2843945.jpg,6,5,1,4,5,1,1,0,1,1
G:\Thesis\FACET_Dataset\Segmented_FACET_0.2_fixed_label\sa_2382829.jpg,6,5,1,3,4,1,2,0,0,1
G:\Thesis\FACET_Dataset\Segmented_FACET_0.2_fixed_label\sa_1625191.jpg,2,1,0,3,4,1,2,0,0,0
G:\Thesis\FACET_Dataset\Segmented_FACET_0.2_fixed_label\sa_10721835.jpg,2,1,0,3,4,1,2,0,0,0
G:\Thesis\FACET_Dataset\Segmented_FACET_0.2_fixed_label\sa_10602863.jpg,2,1,0,4,5,1,3,0,0,0
G:\Thesis\FACET_Dataset\Segmented_FACET_0.2_fixed_label\sa_10044214.jpg,6,5,1,4,5,1,1,0,1,1
G:\Thesis\FACET_Dataset\Segmented_FACET_0.2_fixed_label\sa_7164258.jpg,4,3,1,5,6,1,2,0,0,1
G:\Thesis\FACET_Dataset\Segmented_FACET_0.2_fixed_label\sa_10040081.jpg,2,1,0,8,9,2,7,0,0,0
G:\Thesis\FACET_Dataset\Segmented_FACET_0.2_fixed_label\sa_4984009.jpg,4,3,1,4,5,1,1,0,1,1
G:\Thesis\FACET_Dataset\Segmented_FACET_0.2_fixed_label\sa_9922073.jpg,2,1,0,3,4,1,2,0,0,0
G:\Thesis\FACET_Dataset\Segmented_FACET_0.2_fixed_label\sa_77543.jpg,6,5,1,3,4,1,2,0,0,1
G:\Thesis\FACET_Dataset\Segmented_FACET_0.2_fixed_label\sa_3835234.jpg,3,2,0,1,2,0,1,0,1,1
G:\Thesis\FACET_Dataset\Segmented_FACET_0.2_fixed_label\sa_2272291.jpg,5,4,1,2,3,0,2,0,0,0
G:\Thesis\FACET_Dataset\Segmented_FACET_0.2_fixed_label\sa_3956060.jpg,3,2,0,3,4,1,1,0,1,0
G:\Thesis\FACET_Dataset\Segmented_FACET_0.2_fixed_label\sa_11004967.jpg,3,2,0,3,4,1,1,0,1,0
G:\Thesis\FACET_Dataset\Segmented_FACET_0.2_fixed_label\sa_5754708.jpg,4,3,1,4,5,1,1,0,1,1
G:\Thesis\FACET_Dataset\Segmented_FACET_0.2_fixed_label\sa_10490584.jpg,5,4,1,4,5,1,0,1,1,1
G:\Thesis\FACET_Dataset\Segmented_FACET_0.2_fixed_label\sa_1733255.jpg,2,1,0,3,4,1,2,0,0,0
G:\Thesis\FACET_Dataset\Segmented_FACET_0.2_fixed_label\sa_9490418.jpg,5,4,1,5,6,1,1,0,1,1
G:\Thesis\FACET_Dataset\Segmented_FACET_0.2_fixed_label\sa_4185296.jpg,3,2,0,2,3,0,0,1,1,1
G:\Thesis\FACET_Dataset\Segmented_FACET_0.2_fixed_label\sa_5037130.jpg,3,2,0,3,4,1,1,0,1,0
G:\Thesis\FACET_Dataset\Segmented_FACET_0.2_fixed_label\sa_926092.jpg,4,3,1,4,5,1,1,0,1,1
G:\Thesis\FACET_Dataset\Segmented_FACET_0.2_fixed_label\sa_6249000.jpg,4,3,1,4,5,1,1,0,1,1
G:\Thesis\FACET_Dataset\Segmented_FACET_0.2_fixed_label\sa_3225381.jpg,4,3,1,4,5,1,1,0,1,1
G:\Thesis\FACET_Dataset\Segmented_FACET_0.2_fixed_label\sa_6440016.jpg,7,6,1,5,6,1,1,0,1,1
G:\Thesis\FACET_Dataset\Segmented_FACET_0.2_fixed_label\sa_8036003.jpg,2,1,0,5,6,1,4,0,0,0
G:\Thesis\FACET_Dataset\Segmented_FACET_0.2_fixed_label\sa_8284164.jpg,7,6,1,3,4,1,3,0,0,1
G:\Thesis\FACET_Dataset\Segmented_FACET_0.2_fixed_label\sa_179530.jpg,2,1,0,2,3,0,1,0,1,1
G:\Thesis\FACET_Dataset\Segmented_FACET_0.2_fixed_label\sa_2691838.jpg,2,1,0,5,6,1,4,0,0,0
G:\Thesis\FACET_Dataset\Segmented_FACET_0.2_fixed_label\sa_5053918.jpg,4,3,1,1,2,0,2,0,0,0
G:\Thesis\FACET_Dataset\Segmented_FACET_0.2_fixed_label\sa_8999830.jpg,5,4,1,5,6,1,1,0,1,1
G:\Thesis\FACET_Dataset\Segmented_FACET_0.2_fixed_label\sa_8696432.jpg,2,1,0,2,3,0,1,0,1,1
G:\Thesis\FACET_Dataset\Segmented_FACET_0.2_fixed_label\sa_6964543.jpg,2,1,0,4,5,1,3,0,0,0
G:\Thesis\FACET_Dataset\Segmented_FACET_0.2_fixed_label\sa_4938313.jpg,3,2,0,3,4,1,1,0,1,0
G:\Thesis\FACET_Dataset\Segmented_FACET_0.2_fixed_label\sa_8765513.jpg,6,5,1,4,5,1,1,0,1,1
G:\Thesis\FACET_Dataset\Segmented_FACET_0.2_fixed_label\sa_797339.jpg,5,4,1,3,4,1,1,0,1,1
G:\Thesis\FACET_Dataset\Segmented_FACET_0.2_fixed_label\sa_298962.jpg,4,3,1,4,5,1,1,0,1,1
G:\Thesis\FACET_Dataset\Segmented_FACET_0.2_fixed_label\sa_6101600.jpg,5,4,1,4,5,1,0,1,1,1
G:\Thesis\FACET_Dataset\Segmented_FACET_0.2_fixed_label\sa_6712604.jpg,4,3,1,2,3,0,1,0,1,0
G:\Thesis\FACET_Dataset\Segmented_FACET_0.2_fixed_label\sa_7142513.jpg,5,4,1,4,5,1,0,1,1,1
G:\Thesis\FACET_Dataset\Segmented_FACET_0.2_fixed_label\sa_8421772.jpg,5,4,1,4,5,1,0,1,1,1
G:\Thesis\FACET_Dataset\Segmented_FACET_0.2_fixed_label\sa_8073534.jpg,3,2,0,1,2,0,1,0,1,1
G:\Thesis\FACET_Dataset\Segmented_FACET_0.2_fixed_label\sa_204903.jpg,3,2,0,2,3,0,0,1,1,1
G:\Thesis\FACET_Dataset\Segmented_FACET_0.2_fixed_label\sa_3151123.jpg,6,5,1,3,4,1,2,0,0,1
G:\Thesis\FACET_Dataset\Segmented_FACET_0.2_fixed_label\sa_1429736.jpg,1,0,0,1,2,0,1,0,1,1
G:\Thesis\FACET_Dataset\Segmented_FACET_0.2_fixed_label\sa_175148.jpg,3,2,0,3,4,1,1,0,1,0
G:\Thesis\FACET_Dataset\Segmented_FACET_0.2_fixed_label\sa_5299693.jpg,3,2,0,1,2,0,1,0,1,1
G:\Thesis\FACET_Dataset\Segmented_FACET_0.2_fixed_label\sa_6600088.jpg,4,3,1,3,4,1,0,1,1,1
G:\Thesis\FACET_Dataset\Segmented_FACET_0.2_fixed_label\sa_617687.jpg,7,6,1,4,5,1,2,0,0,1
G:\Thesis\FACET_Dataset\Segmented_FACET_0.2_fixed_label\sa_3665560.jpg,6,5,1,3,4,1,2,0,0,1
G:\Thesis\FACET_Dataset\Segmented_FACET_0.2_fixed_label\sa_8119387.jpg,2,1,0,2,3,0,1,0,1,1
G:\Thesis\FACET_Dataset\Segmented_FACET_0.2_fixed_label\sa_2752467.jpg,4,3,1,1,2,0,2,0,0,0
G:\Thesis\FACET_Dataset\Segmented_FACET_0.2_fixed_label\sa_3843100.jpg,3,2,0,1,2,0,1,0,1,1
G:\Thesis\FACET_Dataset\Segmented_FACET_0.2_fixed_label\sa_4937435.jpg,5,4,1,4,5,1,0,1,1,1
G:\Thesis\FACET_Dataset\Segmented_FACET_0.2_fixed_label\sa_1990478.jpg,8,7,2,5,6,1,2,0,0,0
G:\Thesis\FACET_Dataset\Segmented_FACET_0.2_fixed_label\sa_536276.jpg,3,2,0,1,2,0,1,0,1,1
G:\Thesis\FACET_Dataset\Segmented_FACET_0.2_fixed_label\sa_1690805.jpg,3,2,0,1,2,0,1,0,1,1
G:\Thesis\FACET_Dataset\Segmented_FACET_0.2_fixed_label\sa_42437.jpg,3,2,0,4,5,1,2,0,0,0
G:\Thesis\FACET_Dataset\Segmented_FACET_0.2_fixed_label\sa_8046386.jpg,2,1,0,1,2,0,0,1,1,1
G:\Thesis\FACET_Dataset\Segmented_FACET_0.2_fixed_label\sa_6322744.jpg,3,2,0,3,4,1,1,0,1,0
G:\Thesis\FACET_Dataset\Segmented_FACET_0.2_fixed_label\sa_8738419.jpg,3,2,0,2,3,0,0,1,1,1
G:\Thesis\FACET_Dataset\Segmented_FACET_0.2_fixed_label\sa_10229001.jpg,7,6,1,5,6,1,1,0,1,1
G:\Thesis\FACET_Dataset\Segmented_FACET_0.2_fixed_label\sa_395192.jpg,2,1,0,1,2,0,0,1,1,1
G:\Thesis\FACET_Dataset\Segmented_FACET_0.2_fixed_label\sa_1249979.jpg,6,5,1,1,2,0,4,0,0,0
G:\Thesis\FACET_Dataset\Segmented_FACET_0.2_fixed_label\sa_10055917.jpg,1,0,0,4,5,1,4,0,0,0
G:\Thesis\FACET_Dataset\Segmented_FACET_0.2_fixed_label\sa_108383.jpg,2,1,0,3,4,1,2,0,0,0
G:\Thesis\FACET_Dataset\Segmented_FACET_0.2_fixed_label\sa_9243786.jpg,4,3,1,1,2,0,2,0,0,0
G:\Thesis\FACET_Dataset\Segmented_FACET_0.2_fixed_label\sa_6737529.jpg,2,1,0,3,4,1,2,0,0,0
G:\Thesis\FACET_Dataset\Segmented_FACET_0.2_fixed_label\sa_7527991.jpg,5,4,1,4,5,1,0,1,1,1
G:\Thesis\FACET_Dataset\Segmented_FACET_0.2_fixed_label\sa_10926586.jpg,3,2,0,5,6,1,3,0,0,0
G:\Thesis\FACET_Dataset\Segmented_FACET_0.2_fixed_label\sa_2874722.jpg,3,2,0,4,5,1,2,0,0,0
G:\Thesis\FACET_Dataset\Segmented_FACET_0.2_fixed_label\sa_9437029.jpg,4,3,1,4,5,1,1,0,1,1
G:\Thesis\FACET_Dataset\Segmented_FACET_0.2_fixed_label\sa_6794572.jpg,3,2,0,4,5,1,2,0,0,0
G:\Thesis\FACET_Dataset\Segmented_FACET_0.2_fixed_label\sa_3665560.jpg,4,3,1,3,4,1,0,1,1,1
G:\Thesis\FACET_Dataset\Segmented_FACET_0.2_fixed_label\sa_6724609.jpg,1,0,0,3,4,1,3,0,0,0
G:\Thesis\FACET_Dataset\Segmented_FACET_0.2_fixed_label\sa_9824941.jpg,3,2,0,3,4,1,1,0,1,0
G:\Thesis\FACET_Dataset\Segmented_FACET_0.2_fixed_label\sa_7994318.jpg,7,6,1,4,5,1,2,0,0,1
G:\Thesis\FACET_Dataset\Segmented_FACET_0.2_fixed_label\sa_6649824.jpg,6,5,1,5,6,1,0,1,1,1
G:\Thesis\FACET_Dataset\Segmented_FACET_0.2_fixed_label\sa_10982798.jpg,5,4,1,1,2,0,3,0,0,0
G:\Thesis\FACET_Dataset\Segmented_FACET_0.2_fixed_label\sa_3194133.jpg,1,0,0,0,1,0,0,1,1,1
G:\Thesis\FACET_Dataset\Segmented_FACET_0.2_fixed_label\sa_9276847.jpg,3,2,0,2,3,0,0,1,1,1
G:\Thesis\FACET_Dataset\Segmented_FACET_0.2_fixed_label\sa_2649633.jpg,3,2,0,2,3,0,0,1,1,1
G:\Thesis\FACET_Dataset\Segmented_FACET_0.2_fixed_label\sa_5073589.jpg,2,1,0,6,7,1,5,0,0,0
G:\Thesis\FACET_Dataset\Segmented_FACET_0.2_fixed_label\sa_11029989.jpg,6,5,1,4,5,1,1,0,1,1
G:\Thesis\FACET_Dataset\Segmented_FACET_0.2_fixed_label\sa_10089288.jpg,4,3,1,4,5,1,1,0,1,1
G:\Thesis\FACET_Dataset\Segmented_FACET_0.2_fixed_label\sa_9252349.jpg,2,1,0,3,4,1,2,0,0,0
G:\Thesis\FACET_Dataset\Segmented_FACET_0.2_fixed_label\sa_3386067.jpg,4,3,1,4,5,1,1,0,1,1
G:\Thesis\FACET_Dataset\Segmented_FACET_0.2_fixed_label\sa_9518416.jpg,3,2,0,5,6,1,3,0,0,0
G:\Thesis\FACET_Dataset\Segmented_FACET_0.2_fixed_label\sa_6558338.jpg,3,2,0,2,3,0,0,1,1,1
G:\Thesis\FACET_Dataset\Segmented_FACET_0.2_fixed_label\sa_9143722.jpg,3,2,0,4,5,1,2,0,0,0
G:\Thesis\FACET_Dataset\Segmented_FACET_0.2_fixed_label\sa_5383621.jpg,6,5,1,6,7,1,1,0,1,1
G:\Thesis\FACET_Dataset\Segmented_FACET_0.2_fixed_label\sa_10444801.jpg,3,2,0,2,3,0,0,1,1,1
G:\Thesis\FACET_Dataset\Segmented_FACET_0.2_fixed_label\sa_4002326.jpg,5,4,1,5,6,1,1,0,1,1
G:\Thesis\FACET_Dataset\Segmented_FACET_0.2_fixed_label\sa_221451.jpg,3,2,0,3,4,1,1,0,1,0
G:\Thesis\FACET_Dataset\Segmented_FACET_0.2_fixed_label\sa_10789209.jpg,4,3,1,2,3,0,1,0,1,0
G:\Thesis\FACET_Dataset\Segmented_FACET_0.2_fixed_label\sa_2835904.jpg,4,3,1,1,2,0,2,0,0,0
G:\Thesis\FACET_Dataset\Segmented_FACET_0.2_fixed_label\sa_159399.jpg,2,1,0,3,4,1,2,0,0,0
G:\Thesis\FACET_Dataset\Segmented_FACET_0.2_fixed_label\sa_4542137.jpg,2,1,0,3,4,1,2,0,0,0
G:\Thesis\FACET_Dataset\Segmented_FACET_0.2_fixed_label\sa_4806371.jpg,2,1,0,1,2,0,0,1,1,1
G:\Thesis\FACET_Dataset\Segmented_FACET_0.2_fixed_label\sa_2683194.jpg,9,8,2,8,9,2,0,1,1,1
G:\Thesis\FACET_Dataset\Segmented_FACET_0.2_fixed_label\sa_9041127.jpg,2,1,0,6,7,1,5,0,0,0
G:\Thesis\FACET_Dataset\Segmented_FACET_0.2_fixed_label\sa_350837.jpg,5,4,1,4,5,1,0,1,1,1
G:\Thesis\FACET_Dataset\Segmented_FACET_0.2_fixed_label\sa_583162.jpg,2,1,0,5,6,1,4,0,0,0
G:\Thesis\FACET_Dataset\Segmented_FACET_0.2_fixed_label\sa_4988179.jpg,3,2,0,3,4,1,1,0,1,0
G:\Thesis\FACET_Dataset\Segmented_FACET_0.2_fixed_label\sa_6069199.jpg,7,6,1,5,6,1,1,0,1,1
G:\Thesis\FACET_Dataset\Segmented_FACET_0.2_fixed_label\sa_1003746.jpg,4,3,1,5,6,1,2,0,0,1
G:\Thesis\FACET_Dataset\Segmented_FACET_0.2_fixed_label\sa_3497590.jpg,5,4,1,5,6,1,1,0,1,1
G:\Thesis\FACET_Dataset\Segmented_FACET_0.2_fixed_label\sa_3416936.jpg,3,2,0,3,4,1,1,0,1,0
G:\Thesis\FACET_Dataset\Segmented_FACET_0.2_fixed_label\sa_833968.jpg,3,2,0,3,4,1,1,0,1,0
G:\Thesis\FACET_Dataset\Segmented_FACET_0.2_fixed_label\sa_10253712.jpg,2,1,0,4,5,1,3,0,0,0
G:\Thesis\FACET_Dataset\Segmented_FACET_0.2_fixed_label\sa_3994290.jpg,5,4,1,4,5,1,0,1,1,1
G:\Thesis\FACET_Dataset\Segmented_FACET_0.2_fixed_label\sa_1273560.jpg,2,1,0,1,2,0,0,1,1,1
G:\Thesis\FACET_Dataset\Segmented_FACET_0.2_fixed_label\sa_11151514.jpg,3,2,0,3,4,1,1,0,1,0
G:\Thesis\FACET_Dataset\Segmented_FACET_0.2_fixed_label\sa_10928464.jpg,1,0,0,4,5,1,4,0,0,0
G:\Thesis\FACET_Dataset\Segmented_FACET_0.2_fixed_label\sa_8319806.jpg,5,4,1,6,7,1,2,0,0,1
G:\Thesis\FACET_Dataset\Segmented_FACET_0.2_fixed_label\sa_10722596.jpg,2,1,0,2,3,0,1,0,1,1
G:\Thesis\FACET_Dataset\Segmented_FACET_0.2_fixed_label\sa_8241890.jpg,2,1,0,4,5,1,3,0,0,0
G:\Thesis\FACET_Dataset\Segmented_FACET_0.2_fixed_label\sa_1613358.jpg,3,2,0,3,4,1,1,0,1,0
G:\Thesis\FACET_Dataset\Segmented_FACET_0.2_fixed_label\sa_7831773.jpg,5,4,1,6,7,1,2,0,0,1
G:\Thesis\FACET_Dataset\Segmented_FACET_0.2_fixed_label\sa_7602333.jpg,4,3,1,8,9,2,5,0,0,0
G:\Thesis\FACET_Dataset\Segmented_FACET_0.2_fixed_label\sa_10216089.jpg,3,2,0,4,5,1,2,0,0,0
G:\Thesis\FACET_Dataset\Segmented_FACET_0.2_fixed_label\sa_5422200.jpg,6,5,1,3,4,1,2,0,0,1
G:\Thesis\FACET_Dataset\Segmented_FACET_0.2_fixed_label\sa_2616356.jpg,4,3,1,6,7,1,3,0,0,1
G:\Thesis\FACET_Dataset\Segmented_FACET_0.2_fixed_label\sa_1416348.jpg,4,3,1,4,5,1,1,0,1,1
G:\Thesis\FACET_Dataset\Segmented_FACET_0.2_fixed_label\sa_737577.jpg,3,2,0,5,6,1,3,0,0,0
G:\Thesis\FACET_Dataset\Segmented_FACET_0.2_fixed_label\sa_10622761.jpg,6,5,1,4,5,1,1,0,1,1
G:\Thesis\FACET_Dataset\Segmented_FACET_0.2_fixed_label\sa_3897225.jpg,5,4,1,3,4,1,1,0,1,1
G:\Thesis\FACET_Dataset\Segmented_FACET_0.2_fixed_label\sa_2157433.jpg,2,1,0,1,2,0,0,1,1,1
G:\Thesis\FACET_Dataset\Segmented_FACET_0.2_fixed_label\sa_1990815.jpg,4,3,1,3,4,1,0,1,1,1
G:\Thesis\FACET_Dataset\Segmented_FACET_0.2_fixed_label\sa_2706289.jpg,2,1,0,1,2,0,0,1,1,1
G:\Thesis\FACET_Dataset\Segmented_FACET_0.2_fixed_label\sa_448028.jpg,5,4,1,0,1,0,4,0,0,0
G:\Thesis\FACET_Dataset\Segmented_FACET_0.2_fixed_label\sa_6907056.jpg,2,1,0,3,4,1,2,0,0,0
G:\Thesis\FACET_Dataset\Segmented_FACET_0.2_fixed_label\sa_1635631.jpg,3,2,0,3,4,1,1,0,1,0
G:\Thesis\FACET_Dataset\Segmented_FACET_0.2_fixed_label\sa_1178518.jpg,4,3,1,2,3,0,1,0,1,0
G:\Thesis\FACET_Dataset\Segmented_FACET_0.2_fixed_label\sa_9575873.jpg,3,2,0,2,3,0,0,1,1,1
G:\Thesis\FACET_Dataset\Segmented_FACET_0.2_fixed_label\sa_4714974.jpg,6,5,1,4,5,1,1,0,1,1
G:\Thesis\FACET_Dataset\Segmented_FACET_0.2_fixed_label\sa_232128.jpg,2,1,0,4,5,1,3,0,0,0
G:\Thesis\FACET_Dataset\Segmented_FACET_0.2_fixed_label\sa_5786493.jpg,3,2,0,2,3,0,0,1,1,1
G:\Thesis\FACET_Dataset\Segmented_FACET_0.2_fixed_label\sa_11063942.jpg,4,3,1,5,6,1,2,0,0,1
G:\Thesis\FACET_Dataset\Segmented_FACET_0.2_fixed_label\sa_1899095.jpg,3,2,0,5,6,1,3,0,0,0
G:\Thesis\FACET_Dataset\Segmented_FACET_0.2_fixed_label\sa_5536666.jpg,6,5,1,1,2,0,4,0,0,0
G:\Thesis\FACET_Dataset\Segmented_FACET_0.2_fixed_label\sa_7453249.jpg,3,2,0,4,5,1,2,0,0,0
G:\Thesis\FACET_Dataset\Segmented_FACET_0.2_fixed_label\sa_1250469.jpg,5,4,1,3,4,1,1,0,1,1
G:\Thesis\FACET_Dataset\Segmented_FACET_0.2_fixed_label\sa_8959752.jpg,4,3,1,1,2,0,2,0,0,0
G:\Thesis\FACET_Dataset\Segmented_FACET_0.2_fixed_label\sa_3578835.jpg,5,4,1,5,6,1,1,0,1,1
G:\Thesis\FACET_Dataset\Segmented_FACET_0.2_fixed_label\sa_10950755.jpg,4,3,1,1,2,0,2,0,0,0
G:\Thesis\FACET_Dataset\Segmented_FACET_0.2_fixed_label\sa_6685030.jpg,3,2,0,5,6,1,3,0,0,0
G:\Thesis\FACET_Dataset\Segmented_FACET_0.2_fixed_label\sa_9035855.jpg,2,1,0,3,4,1,2,0,0,0
G:\Thesis\FACET_Dataset\Segmented_FACET_0.2_fixed_label\sa_4854635.jpg,4,3,1,3,4,1,0,1,1,1
G:\Thesis\FACET_Dataset\Segmented_FACET_0.2_fixed_label\sa_7192067.jpg,3,2,0,5,6,1,3,0,0,0
G:\Thesis\FACET_Dataset\Segmented_FACET_0.2_fixed_label\sa_6969565.jpg,2,1,0,1,2,0,0,1,1,1
G:\Thesis\FACET_Dataset\Segmented_FACET_0.2_fixed_label\sa_6053919.jpg,5,4,1,2,3,0,2,0,0,0
G:\Thesis\FACET_Dataset\Segmented_FACET_0.2_fixed_label\sa_3083767.jpg,3,2,0,2,3,0,0,1,1,1
G:\Thesis\FACET_Dataset\Segmented_FACET_0.2_fixed_label\sa_1754250.jpg,2,1,0,4,5,1,3,0,0,0
G:\Thesis\FACET_Dataset\Segmented_FACET_0.2_fixed_label\sa_10053259.jpg,5,4,1,8,9,2,4,0,0,0
G:\Thesis\FACET_Dataset\Segmented_FACET_0.2_fixed_label\sa_3553059.jpg,3,2,0,3,4,1,1,0,1,0
G:\Thesis\FACET_Dataset\Segmented_FACET_0.2_fixed_label\sa_7429624.jpg,5,4,1,5,6,1,1,0,1,1
G:\Thesis\FACET_Dataset\Segmented_FACET_0.2_fixed_label\sa_6643714.jpg,2,1,0,4,5,1,3,0,0,0
G:\Thesis\FACET_Dataset\Segmented_FACET_0.2_fixed_label\sa_9417441.jpg,3,2,0,4,5,1,2,0,0,0
G:\Thesis\FACET_Dataset\Segmented_FACET_0.2_fixed_label\sa_4435088.jpg,4,3,1,5,6,1,2,0,0,1
G:\Thesis\FACET_Dataset\Segmented_FACET_0.2_fixed_label\sa_3841968.jpg,5,4,1,3,4,1,1,0,1,1
G:\Thesis\FACET_Dataset\Segmented_FACET_0.2_fixed_label\sa_3577491.jpg,8,7,2,8,9,2,1,0,1,1
G:\Thesis\FACET_Dataset\Segmented_FACET_0.2_fixed_label\sa_10740689.jpg,3,2,0,1,2,0,1,0,1,1
G:\Thesis\FACET_Dataset\Segmented_FACET_0.2_fixed_label\sa_9069702.jpg,2,1,0,3,4,1,2,0,0,0
G:\Thesis\FACET_Dataset\Segmented_FACET_0.2_fixed_label\sa_5715395.jpg,3,2,0,5,6,1,3,0,0,0
G:\Thesis\FACET_Dataset\Segmented_FACET_0.2_fixed_label\sa_1231724.jpg,3,2,0,5,6,1,3,0,0,0
G:\Thesis\FACET_Dataset\Segmented_FACET_0.2_fixed_label\sa_3953417.jpg,6,5,1,6,7,1,1,0,1,1
G:\Thesis\FACET_Dataset\Segmented_FACET_0.2_fixed_label\sa_9339826.jpg,3,2,0,1,2,0,1,0,1,1
G:\Thesis\FACET_Dataset\Segmented_FACET_0.2_fixed_label\sa_2512529.jpg,2,1,0,3,4,1,2,0,0,0
G:\Thesis\FACET_Dataset\Segmented_FACET_0.2_fixed_label\sa_10490161.jpg,4,3,1,2,3,0,1,0,1,0
G:\Thesis\FACET_Dataset\Segmented_FACET_0.2_fixed_label\sa_7180503.jpg,4,3,1,3,4,1,0,1,1,1
G:\Thesis\FACET_Dataset\Segmented_FACET_0.2_fixed_label\sa_8314298.jpg,2,1,0,2,3,0,1,0,1,1
G:\Thesis\FACET_Dataset\Segmented_FACET_0.2_fixed_label\sa_6127661.jpg,7,6,1,5,6,1,1,0,1,1
G:\Thesis\FACET_Dataset\Segmented_FACET_0.2_fixed_label\sa_4116994.jpg,2,1,0,3,4,1,2,0,0,0
G:\Thesis\FACET_Dataset\Segmented_FACET_0.2_fixed_label\sa_8346057.jpg,4,3,1,3,4,1,0,1,1,1
G:\Thesis\FACET_Dataset\Segmented_FACET_0.2_fixed_label\sa_7929832.jpg,2,1,0,2,3,0,1,0,1,1
G:\Thesis\FACET_Dataset\Segmented_FACET_0.2_fixed_label\sa_6958200.jpg,6,5,1,5,6,1,0,1,1,1
G:\Thesis\FACET_Dataset\Segmented_FACET_0.2_fixed_label\sa_7571461.jpg,5,4,1,5,6,1,1,0,1,1
G:\Thesis\FACET_Dataset\Segmented_FACET_0.2_fixed_label\sa_6004743.jpg,3,2,0,3,4,1,1,0,1,0
G:\Thesis\FACET_Dataset\Segmented_FACET_0.2_fixed_label\sa_8958355.jpg,3,2,0,5,6,1,3,0,0,0
G:\Thesis\FACET_Dataset\Segmented_FACET_0.2_fixed_label\sa_9477941.jpg,5,4,1,4,5,1,0,1,1,1
G:\Thesis\FACET_Dataset\Segmented_FACET_0.2_fixed_label\sa_8307231.jpg,6,5,1,4,5,1,1,0,1,1
G:\Thesis\FACET_Dataset\Segmented_FACET_0.2_fixed_label\sa_3920752.jpg,3,2,0,3,4,1,1,0,1,0
G:\Thesis\FACET_Dataset\Segmented_FACET_0.2_fixed_label\sa_1502766.jpg,3,2,0,5,6,1,3,0,0,0
G:\Thesis\FACET_Dataset\Segmented_FACET_0.2_fixed_label\sa_6886908.jpg,4,3,1,4,5,1,1,0,1,1
G:\Thesis\FACET_Dataset\Segmented_FACET_0.2_fixed_label\sa_9997224.jpg,2,1,0,1,2,0,0,1,1,1
G:\Thesis\FACET_Dataset\Segmented_FACET_0.2_fixed_label\sa_730538.jpg,1,0,0,3,4,1,3,0,0,0
G:\Thesis\FACET_Dataset\Segmented_FACET_0.2_fixed_label\sa_11142011.jpg,3,2,0,5,6,1,3,0,0,0
G:\Thesis\FACET_Dataset\Segmented_FACET_0.2_fixed_label\sa_8043444.jpg,5,4,1,3,4,1,1,0,1,1
G:\Thesis\FACET_Dataset\Segmented_FACET_0.2_fixed_label\sa_3236557.jpg,2,1,0,2,3,0,1,0,1,1
G:\Thesis\FACET_Dataset\Segmented_FACET_0.2_fixed_label\sa_10489419.jpg,9,8,2,1,2,0,7,0,0,0
G:\Thesis\FACET_Dataset\Segmented_FACET_0.2_fixed_label\sa_4662661.jpg,2,1,0,1,2,0,0,1,1,1
G:\Thesis\FACET_Dataset\Segmented_FACET_0.2_fixed_label\sa_4390344.jpg,7,6,1,4,5,1,2,0,0,1
G:\Thesis\FACET_Dataset\Segmented_FACET_0.2_fixed_label\sa_357215.jpg,3,2,0,3,4,1,1,0,1,0
G:\Thesis\FACET_Dataset\Segmented_FACET_0.2_fixed_label\sa_1661605.jpg,3,2,0,3,4,1,1,0,1,0
G:\Thesis\FACET_Dataset\Segmented_FACET_0.2_fixed_label\sa_7761847.jpg,8,7,2,1,2,0,6,0,0,0
G:\Thesis\FACET_Dataset\Segmented_FACET_0.2_fixed_label\sa_3663255.jpg,5,4,1,3,4,1,1,0,1,1
G:\Thesis\FACET_Dataset\Segmented_FACET_0.2_fixed_label\sa_3285842.jpg,6,5,1,4,5,1,1,0,1,1
G:\Thesis\FACET_Dataset\Segmented_FACET_0.2_fixed_label\sa_6526854.jpg,5,4,1,4,5,1,0,1,1,1
G:\Thesis\FACET_Dataset\Segmented_FACET_0.2_fixed_label\sa_4774424.jpg,2,1,0,1,2,0,0,1,1,1
G:\Thesis\FACET_Dataset\Segmented_FACET_0.2_fixed_label\sa_6989042.jpg,4,3,1,4,5,1,1,0,1,1
G:\Thesis\FACET_Dataset\Segmented_FACET_0.2_fixed_label\sa_3181099.jpg,3,2,0,1,2,0,1,0,1,1
G:\Thesis\FACET_Dataset\Segmented_FACET_0.2_fixed_label\sa_4686144.jpg,5,4,1,3,4,1,1,0,1,1
G:\Thesis\FACET_Dataset\Segmented_FACET_0.2_fixed_label\sa_7145981.jpg,9,8,2,5,6,1,3,0,0,0
G:\Thesis\FACET_Dataset\Segmented_FACET_0.2_fixed_label\sa_7049617.jpg,4,3,1,4,5,1,1,0,1,1
G:\Thesis\FACET_Dataset\Segmented_FACET_0.2_fixed_label\sa_4294663.jpg,4,3,1,1,2,0,2,0,0,0
G:\Thesis\FACET_Dataset\Segmented_FACET_0.2_fixed_label\sa_3736363.jpg,7,6,1,5,6,1,1,0,1,1
G:\Thesis\FACET_Dataset\Segmented_FACET_0.2_fixed_label\sa_634291.jpg,3,2,0,2,3,0,0,1,1,1
G:\Thesis\FACET_Dataset\Segmented_FACET_0.2_fixed_label\sa_5068060.jpg,8,7,2,8,9,2,1,0,1,1
G:\Thesis\FACET_Dataset\Segmented_FACET_0.2_fixed_label\sa_1572919.jpg,6,5,1,5,6,1,0,1,1,1
G:\Thesis\FACET_Dataset\Segmented_FACET_0.2_fixed_label\sa_3666693.jpg,3,2,0,3,4,1,1,0,1,0
G:\Thesis\FACET_Dataset\Segmented_FACET_0.2_fixed_label\sa_1830445.jpg,5,4,1,2,3,0,2,0,0,0
G:\Thesis\FACET_Dataset\Segmented_FACET_0.2_fixed_label\sa_8013957.jpg,2,1,0,3,4,1,2,0,0,0
G:\Thesis\FACET_Dataset\Segmented_FACET_0.2_fixed_label\sa_2789167.jpg,5,4,1,4,5,1,0,1,1,1
G:\Thesis\FACET_Dataset\Segmented_FACET_0.2_fixed_label\sa_7349182.jpg,3,2,0,5,6,1,3,0,0,0
G:\Thesis\FACET_Dataset\Segmented_FACET_0.2_fixed_label\sa_5581495.jpg,4,3,1,4,5,1,1,0,1,1
G:\Thesis\FACET_Dataset\Segmented_FACET_0.2_fixed_label\sa_2964374.jpg,7,6,1,7,8,2,1,0,1,0
G:\Thesis\FACET_Dataset\Segmented_FACET_0.2_fixed_label\sa_1145342.jpg,3,2,0,2,3,0,0,1,1,1
G:\Thesis\FACET_Dataset\Segmented_FACET_0.2_fixed_label\sa_2907796.jpg,2,1,0,4,5,1,3,0,0,0
G:\Thesis\FACET_Dataset\Segmented_FACET_0.2_fixed_label\sa_7215736.jpg,2,1,0,3,4,1,2,0,0,0
G:\Thesis\FACET_Dataset\Segmented_FACET_0.2_fixed_label\sa_1821746.jpg,5,4,1,4,5,1,0,1,1,1
G:\Thesis\FACET_Dataset\Segmented_FACET_0.2_fixed_label\sa_3841968.jpg,4,3,1,3,4,1,0,1,1,1
G:\Thesis\FACET_Dataset\Segmented_FACET_0.2_fixed_label\sa_3540315.jpg,5,4,1,5,6,1,1,0,1,1
G:\Thesis\FACET_Dataset\Segmented_FACET_0.2_fixed_label\sa_5880398.jpg,3,2,0,3,4,1,1,0,1,0
G:\Thesis\FACET_Dataset\Segmented_FACET_0.2_fixed_label\sa_3478678.jpg,7,6,1,5,6,1,1,0,1,1
G:\Thesis\FACET_Dataset\Segmented_FACET_0.2_fixed_label\sa_5427674.jpg,1,0,0,5,6,1,5,0,0,0
G:\Thesis\FACET_Dataset\Segmented_FACET_0.2_fixed_label\sa_5646608.jpg,6,5,1,7,8,2,2,0,0,0
G:\Thesis\FACET_Dataset\Segmented_FACET_0.2_fixed_label\sa_9572029.jpg,7,6,1,7,8,2,1,0,1,0
G:\Thesis\FACET_Dataset\Segmented_FACET_0.2_fixed_label\sa_3543183.jpg,4,3,1,4,5,1,1,0,1,1
G:\Thesis\FACET_Dataset\Segmented_FACET_0.2_fixed_label\sa_10125607.jpg,5,4,1,5,6,1,1,0,1,1
G:\Thesis\FACET_Dataset\Segmented_FACET_0.2_fixed_label\sa_4869053.jpg,5,4,1,5,6,1,1,0,1,1
G:\Thesis\FACET_Dataset\Segmented_FACET_0.2_fixed_label\sa_9685500.jpg,2,1,0,3,4,1,2,0,0,0
G:\Thesis\FACET_Dataset\Segmented_FACET_0.2_fixed_label\sa_11016722.jpg,3,2,0,3,4,1,1,0,1,0
G:\Thesis\FACET_Dataset\Segmented_FACET_0.2_fixed_label\sa_9247039.jpg,4,3,1,4,5,1,1,0,1,1
G:\Thesis\FACET_Dataset\Segmented_FACET_0.2_fixed_label\sa_10366030.jpg,4,3,1,1,2,0,2,0,0,0
G:\Thesis\FACET_Dataset\Segmented_FACET_0.2_fixed_label\sa_6630941.jpg,3,2,0,4,5,1,2,0,0,0
G:\Thesis\FACET_Dataset\Segmented_FACET_0.2_fixed_label\sa_669056.jpg,8,7,2,5,6,1,2,0,0,0
G:\Thesis\FACET_Dataset\Segmented_FACET_0.2_fixed_label\sa_7846393.jpg,5,4,1,3,4,1,1,0,1,1
G:\Thesis\FACET_Dataset\Segmented_FACET_0.2_fixed_label\sa_4023638.jpg,6,5,1,4,5,1,1,0,1,1
G:\Thesis\FACET_Dataset\Segmented_FACET_0.2_fixed_label\sa_8293927.jpg,7,6,1,5,6,1,1,0,1,1
G:\Thesis\FACET_Dataset\Segmented_FACET_0.2_fixed_label\sa_2368954.jpg,2,1,0,4,5,1,3,0,0,0
G:\Thesis\FACET_Dataset\Segmented_FACET_0.2_fixed_label\sa_6231023.jpg,3,2,0,4,5,1,2,0,0,0
G:\Thesis\FACET_Dataset\Segmented_FACET_0.2_fixed_label\sa_9941665.jpg,3,2,0,3,4,1,1,0,1,0
G:\Thesis\FACET_Dataset\Segmented_FACET_0.2_fixed_label\sa_2869228.jpg,6,5,1,3,4,1,2,0,0,1
G:\Thesis\FACET_Dataset\Segmented_FACET_0.2_fixed_label\sa_2142207.jpg,5,4,1,4,5,1,0,1,1,1
G:\Thesis\FACET_Dataset\Segmented_FACET_0.2_fixed_label\sa_8042026.jpg,3,2,0,3,4,1,1,0,1,0
G:\Thesis\FACET_Dataset\Segmented_FACET_0.2_fixed_label\sa_5603229.jpg,4,3,1,3,4,1,0,1,1,1
G:\Thesis\FACET_Dataset\Segmented_FACET_0.2_fixed_label\sa_2190089.jpg,2,1,0,5,6,1,4,0,0,0
G:\Thesis\FACET_Dataset\Segmented_FACET_0.2_fixed_label\sa_10318561.jpg,2,1,0,2,3,0,1,0,1,1
G:\Thesis\FACET_Dataset\Segmented_FACET_0.2_fixed_label\sa_9917877.jpg,6,5,1,1,2,0,4,0,0,0
G:\Thesis\FACET_Dataset\Segmented_FACET_0.2_fixed_label\sa_8320636.jpg,2,1,0,1,2,0,0,1,1,1
G:\Thesis\FACET_Dataset\Segmented_FACET_0.2_fixed_label\sa_3841968.jpg,3,2,0,3,4,1,1,0,1,0
G:\Thesis\FACET_Dataset\Segmented_FACET_0.2_fixed_label\sa_6204252.jpg,2,1,0,4,5,1,3,0,0,0
G:\Thesis\FACET_Dataset\Segmented_FACET_0.2_fixed_label\sa_10885813.jpg,4,3,1,5,6,1,2,0,0,1
G:\Thesis\FACET_Dataset\Segmented_FACET_0.2_fixed_label\sa_3268067.jpg,3,2,0,4,5,1,2,0,0,0
G:\Thesis\FACET_Dataset\Segmented_FACET_0.2_fixed_label\sa_10100996.jpg,2,1,0,2,3,0,1,0,1,1
G:\Thesis\FACET_Dataset\Segmented_FACET_0.2_fixed_label\sa_10988208.jpg,2,1,0,5,6,1,4,0,0,0
G:\Thesis\FACET_Dataset\Segmented_FACET_0.2_fixed_label\sa_6857312.jpg,6,5,1,5,6,1,0,1,1,1
G:\Thesis\FACET_Dataset\Segmented_FACET_0.2_fixed_label\sa_10740561.jpg,3,2,0,2,3,0,0,1,1,1
G:\Thesis\FACET_Dataset\Segmented_FACET_0.2_fixed_label\sa_8260580.jpg,4,3,1,1,2,0,2,0,0,0
G:\Thesis\FACET_Dataset\Segmented_FACET_0.2_fixed_label\sa_3396473.jpg,4,3,1,5,6,1,2,0,0,1
G:\Thesis\FACET_Dataset\Segmented_FACET_0.2_fixed_label\sa_1728502.jpg,6,5,1,6,7,1,1,0,1,1
G:\Thesis\FACET_Dataset\Segmented_FACET_0.2_fixed_label\sa_8849260.jpg,2,1,0,4,5,1,3,0,0,0
G:\Thesis\FACET_Dataset\Segmented_FACET_0.2_fixed_label\sa_1629995.jpg,4,3,1,4,5,1,1,0,1,1
G:\Thesis\FACET_Dataset\Segmented_FACET_0.2_fixed_label\sa_6905699.jpg,3,2,0,5,6,1,3,0,0,0
G:\Thesis\FACET_Dataset\Segmented_FACET_0.2_fixed_label\sa_8460336.jpg,2,1,0,4,5,1,3,0,0,0
G:\Thesis\FACET_Dataset\Segmented_FACET_0.2_fixed_label\sa_5058554.jpg,3,2,0,5,6,1,3,0,0,0
G:\Thesis\FACET_Dataset\Segmented_FACET_0.2_fixed_label\sa_6529342.jpg,3,2,0,2,3,0,0,1,1,1
G:\Thesis\FACET_Dataset\Segmented_FACET_0.2_fixed_label\sa_6697876.jpg,3,2,0,1,2,0,1,0,1,1
G:\Thesis\FACET_Dataset\Segmented_FACET_0.2_fixed_label\sa_7459329.jpg,7,6,1,5,6,1,1,0,1,1
G:\Thesis\FACET_Dataset\Segmented_FACET_0.2_fixed_label\sa_1617546.jpg,2,1,0,5,6,1,4,0,0,0
G:\Thesis\FACET_Dataset\Segmented_FACET_0.2_fixed_label\sa_872518.jpg,3,2,0,1,2,0,1,0,1,1
G:\Thesis\FACET_Dataset\Segmented_FACET_0.2_fixed_label\sa_539238.jpg,2,1,0,2,3,0,1,0,1,1
G:\Thesis\FACET_Dataset\Segmented_FACET_0.2_fixed_label\sa_6317020.jpg,2,1,0,5,6,1,4,0,0,0
G:\Thesis\FACET_Dataset\Segmented_FACET_0.2_fixed_label\sa_3023613.jpg,6,5,1,4,5,1,1,0,1,1
G:\Thesis\FACET_Dataset\Segmented_FACET_0.2_fixed_label\sa_2550540.jpg,4,3,1,5,6,1,2,0,0,1
G:\Thesis\FACET_Dataset\Segmented_FACET_0.2_fixed_label\sa_9301300.jpg,4,3,1,3,4,1,0,1,1,1
G:\Thesis\FACET_Dataset\Segmented_FACET_0.2_fixed_label\sa_10474444.jpg,2,1,0,2,3,0,1,0,1,1
G:\Thesis\FACET_Dataset\Segmented_FACET_0.2_fixed_label\sa_3125094.jpg,4,3,1,4,5,1,1,0,1,1
G:\Thesis\FACET_Dataset\Segmented_FACET_0.2_fixed_label\sa_6018608.jpg,5,4,1,3,4,1,1,0,1,1
G:\Thesis\FACET_Dataset\Segmented_FACET_0.2_fixed_label\sa_2271095.jpg,4,3,1,4,5,1,1,0,1,1
G:\Thesis\FACET_Dataset\Segmented_FACET_0.2_fixed_label\sa_3957675.jpg,4,3,1,5,6,1,2,0,0,1
G:\Thesis\FACET_Dataset\Segmented_FACET_0.2_fixed_label\sa_9044717.jpg,2,1,0,1,2,0,0,1,1,1
G:\Thesis\FACET_Dataset\Segmented_FACET_0.2_fixed_label\sa_3339255.jpg,3,2,0,5,6,1,3,0,0,0
G:\Thesis\FACET_Dataset\Segmented_FACET_0.2_fixed_label\sa_268278.jpg,7,6,1,5,6,1,1,0,1,1
G:\Thesis\FACET_Dataset\Segmented_FACET_0.2_fixed_label\sa_2639664.jpg,3,2,0,3,4,1,1,0,1,0
G:\Thesis\FACET_Dataset\Segmented_FACET_0.2_fixed_label\sa_10707244.jpg,3,2,0,5,6,1,3,0,0,0
G:\Thesis\FACET_Dataset\Segmented_FACET_0.2_fixed_label\sa_8655801.jpg,6,5,1,5,6,1,0,1,1,1
G:\Thesis\FACET_Dataset\Segmented_FACET_0.2_fixed_label\sa_6049073.jpg,1,0,0,2,3,0,2,0,0,1
G:\Thesis\FACET_Dataset\Segmented_FACET_0.2_fixed_label\sa_1984040.jpg,5,4,1,5,6,1,1,0,1,1
G:\Thesis\FACET_Dataset\Segmented_FACET_0.2_fixed_label\sa_4953176.jpg,6,5,1,4,5,1,1,0,1,1
G:\Thesis\FACET_Dataset\Segmented_FACET_0.2_fixed_label\sa_6333629.jpg,3,2,0,4,5,1,2,0,0,0
G:\Thesis\FACET_Dataset\Segmented_FACET_0.2_fixed_label\sa_4892742.jpg,3,2,0,5,6,1,3,0,0,0
G:\Thesis\FACET_Dataset\Segmented_FACET_0.2_fixed_label\sa_1008095.jpg,1,0,0,4,5,1,4,0,0,0
G:\Thesis\FACET_Dataset\Segmented_FACET_0.2_fixed_label\sa_1911252.jpg,1,0,0,4,5,1,4,0,0,0
G:\Thesis\FACET_Dataset\Segmented_FACET_0.2_fixed_label\sa_3437748.jpg,7,6,1,5,6,1,1,0,1,1
G:\Thesis\FACET_Dataset\Segmented_FACET_0.2_fixed_label\sa_2855400.jpg,2,1,0,3,4,1,2,0,0,0
G:\Thesis\FACET_Dataset\Segmented_FACET_0.2_fixed_label\sa_2316676.jpg,2,1,0,2,3,0,1,0,1,1
G:\Thesis\FACET_Dataset\Segmented_FACET_0.2_fixed_label\sa_10695373.jpg,6,5,1,5,6,1,0,1,1,1
G:\Thesis\FACET_Dataset\Segmented_FACET_0.2_fixed_label\sa_9785569.jpg,7,6,1,3,4,1,3,0,0,1
G:\Thesis\FACET_Dataset\Segmented_FACET_0.2_fixed_label\sa_5884169.jpg,2,1,0,1,2,0,0,1,1,1
G:\Thesis\FACET_Dataset\Segmented_FACET_0.2_fixed_label\sa_5058554.jpg,3,2,0,5,6,1,3,0,0,0
G:\Thesis\FACET_Dataset\Segmented_FACET_0.2_fixed_label\sa_3988002.jpg,5,4,1,1,2,0,3,0,0,0
G:\Thesis\FACET_Dataset\Segmented_FACET_0.2_fixed_label\sa_2766659.jpg,2,1,0,2,3,0,1,0,1,1
G:\Thesis\FACET_Dataset\Segmented_FACET_0.2_fixed_label\sa_8826762.jpg,6,5,1,4,5,1,1,0,1,1
G:\Thesis\FACET_Dataset\Segmented_FACET_0.2_fixed_label\sa_3314883.jpg,2,1,0,4,5,1,3,0,0,0
G:\Thesis\FACET_Dataset\Segmented_FACET_0.2_fixed_label\sa_7671203.jpg,3,2,0,3,4,1,1,0,1,0
G:\Thesis\FACET_Dataset\Segmented_FACET_0.2_fixed_label\sa_6695301.jpg,3,2,0,2,3,0,0,1,1,1
G:\Thesis\FACET_Dataset\Segmented_FACET_0.2_fixed_label\sa_4973888.jpg,6,5,1,5,6,1,0,1,1,1
G:\Thesis\FACET_Dataset\Segmented_FACET_0.2_fixed_label\sa_1040080.jpg,2,1,0,3,4,1,2,0,0,0
G:\Thesis\FACET_Dataset\Segmented_FACET_0.2_fixed_label\sa_4790230.jpg,2,1,0,2,3,0,1,0,1,1
G:\Thesis\FACET_Dataset\Segmented_FACET_0.2_fixed_label\sa_10454269.jpg,2,1,0,4,5,1,3,0,0,0
G:\Thesis\FACET_Dataset\Segmented_FACET_0.2_fixed_label\sa_5556161.jpg,5,4,1,3,4,1,1,0,1,1
G:\Thesis\FACET_Dataset\Segmented_FACET_0.2_fixed_label\sa_6926143.jpg,2,1,0,1,2,0,0,1,1,1
G:\Thesis\FACET_Dataset\Segmented_FACET_0.2_fixed_label\sa_951035.jpg,3,2,0,1,2,0,1,0,1,1
G:\Thesis\FACET_Dataset\Segmented_FACET_0.2_fixed_label\sa_5114131.jpg,6,5,1,7,8,2,2,0,0,0
G:\Thesis\FACET_Dataset\Segmented_FACET_0.2_fixed_label\sa_2813753.jpg,5,4,1,4,5,1,0,1,1,1
G:\Thesis\FACET_Dataset\Segmented_FACET_0.2_fixed_label\sa_836717.jpg,3,2,0,4,5,1,2,0,0,0
G:\Thesis\FACET_Dataset\Segmented_FACET_0.2_fixed_label\sa_5884169.jpg,2,1,0,1,2,0,0,1,1,1
G:\Thesis\FACET_Dataset\Segmented_FACET_0.2_fixed_label\sa_4528781.jpg,2,1,0,2,3,0,1,0,1,1
G:\Thesis\FACET_Dataset\Segmented_FACET_0.2_fixed_label\sa_9168495.jpg,3,2,0,5,6,1,3,0,0,0
G:\Thesis\FACET_Dataset\Segmented_FACET_0.2_fixed_label\sa_1215620.jpg,5,4,1,3,4,1,1,0,1,1
G:\Thesis\FACET_Dataset\Segmented_FACET_0.2_fixed_label\sa_7711635.jpg,2,1,0,5,6,1,4,0,0,0
G:\Thesis\FACET_Dataset\Segmented_FACET_0.2_fixed_label\sa_4714974.jpg,6,5,1,4,5,1,1,0,1,1
G:\Thesis\FACET_Dataset\Segmented_FACET_0.2_fixed_label\sa_7900209.jpg,4,3,1,5,6,1,2,0,0,1
G:\Thesis\FACET_Dataset\Segmented_FACET_0.2_fixed_label\sa_9181726.jpg,3,2,0,2,3,0,0,1,1,1
G:\Thesis\FACET_Dataset\Segmented_FACET_0.2_fixed_label\sa_10620705.jpg,6,5,1,2,3,0,3,0,0,0
G:\Thesis\FACET_Dataset\Segmented_FACET_0.2_fixed_label\sa_8935203.jpg,8,7,2,3,4,1,4,0,0,0
G:\Thesis\FACET_Dataset\Segmented_FACET_0.2_fixed_label\sa_9458625.jpg,3,2,0,1,2,0,1,0,1,1
G:\Thesis\FACET_Dataset\Segmented_FACET_0.2_fixed_label\sa_5318109.jpg,2,1,0,3,4,1,2,0,0,0
G:\Thesis\FACET_Dataset\Segmented_FACET_0.2_fixed_label\sa_2231078.jpg,1,0,0,5,6,1,5,0,0,0
G:\Thesis\FACET_Dataset\Segmented_FACET_0.2_fixed_label\sa_5905339.jpg,5,4,1,3,4,1,1,0,1,1
G:\Thesis\FACET_Dataset\Segmented_FACET_0.2_fixed_label\sa_7317173.jpg,3,2,0,4,5,1,2,0,0,0
G:\Thesis\FACET_Dataset\Segmented_FACET_0.2_fixed_label\sa_2613318.jpg,2,1,0,0,1,0,1,0,1,1
G:\Thesis\FACET_Dataset\Segmented_FACET_0.2_fixed_label\sa_2859420.jpg,6,5,1,2,3,0,3,0,0,0
G:\Thesis\FACET_Dataset\Segmented_FACET_0.2_fixed_label\sa_1284858.jpg,6,5,1,4,5,1,1,0,1,1
G:\Thesis\FACET_Dataset\Segmented_FACET_0.2_fixed_label\sa_2069389.jpg,4,3,1,3,4,1,0,1,1,1
G:\Thesis\FACET_Dataset\Segmented_FACET_0.2_fixed_label\sa_5575349.jpg,3,2,0,3,4,1,1,0,1,0
G:\Thesis\FACET_Dataset\Segmented_FACET_0.2_fixed_label\sa_10417989.jpg,7,6,1,5,6,1,1,0,1,1
G:\Thesis\FACET_Dataset\Segmented_FACET_0.2_fixed_label\sa_1504821.jpg,4,3,1,5,6,1,2,0,0,1
G:\Thesis\FACET_Dataset\Segmented_FACET_0.2_fixed_label\sa_9128433.jpg,4,3,1,2,3,0,1,0,1,0
G:\Thesis\FACET_Dataset\Segmented_FACET_0.2_fixed_label\sa_9052809.jpg,2,1,0,1,2,0,0,1,1,1
G:\Thesis\FACET_Dataset\Segmented_FACET_0.2_fixed_label\sa_6934043.jpg,2,1,0,4,5,1,3,0,0,0
G:\Thesis\FACET_Dataset\Segmented_FACET_0.2_fixed_label\sa_793635.jpg,2,1,0,1,2,0,0,1,1,1
G:\Thesis\FACET_Dataset\Segmented_FACET_0.2_fixed_label\sa_2442521.jpg,5,4,1,5,6,1,1,0,1,1
G:\Thesis\FACET_Dataset\Segmented_FACET_0.2_fixed_label\sa_4810027.jpg,5,4,1,3,4,1,1,0,1,1
G:\Thesis\FACET_Dataset\Segmented_FACET_0.2_fixed_label\sa_4978955.jpg,4,3,1,2,3,0,1,0,1,0
G:\Thesis\FACET_Dataset\Segmented_FACET_0.2_fixed_label\sa_3957809.jpg,6,5,1,4,5,1,1,0,1,1
G:\Thesis\FACET_Dataset\Segmented_FACET_0.2_fixed_label\sa_1233528.jpg,3,2,0,1,2,0,1,0,1,1
G:\Thesis\FACET_Dataset\Segmented_FACET_0.2_fixed_label\sa_7907390.jpg,3,2,0,6,7,1,4,0,0,0
G:\Thesis\FACET_Dataset\Segmented_FACET_0.2_fixed_label\sa_6049073.jpg,5,4,1,2,3,0,2,0,0,0
G:\Thesis\FACET_Dataset\Segmented_FACET_0.2_fixed_label\sa_1852190.jpg,4,3,1,1,2,0,2,0,0,0
G:\Thesis\FACET_Dataset\Segmented_FACET_0.2_fixed_label\sa_4179516.jpg,7,6,1,3,4,1,3,0,0,1
G:\Thesis\FACET_Dataset\Segmented_FACET_0.2_fixed_label\sa_3663255.jpg,3,2,0,3,4,1,1,0,1,0
G:\Thesis\FACET_Dataset\Segmented_FACET_0.2_fixed_label\sa_1071665.jpg,4,3,1,3,4,1,0,1,1,1
G:\Thesis\FACET_Dataset\Segmented_FACET_0.2_fixed_label\sa_4674583.jpg,3,2,0,4,5,1,2,0,0,0
G:\Thesis\FACET_Dataset\Segmented_FACET_0.2_fixed_label\sa_4489817.jpg,1,0,0,1,2,0,1,0,1,1
G:\Thesis\FACET_Dataset\Segmented_FACET_0.2_fixed_label\sa_5625107.jpg,3,2,0,1,2,0,1,0,1,1
G:\Thesis\FACET_Dataset\Segmented_FACET_0.2_fixed_label\sa_4409716.jpg,4,3,1,5,6,1,2,0,0,1
G:\Thesis\FACET_Dataset\Segmented_FACET_0.2_fixed_label\sa_2299962.jpg,5,4,1,4,5,1,0,1,1,1
G:\Thesis\FACET_Dataset\Segmented_FACET_0.2_fixed_label\sa_2498335.jpg,3,2,0,2,3,0,0,1,1,1
G:\Thesis\FACET_Dataset\Segmented_FACET_0.2_fixed_label\sa_5487112.jpg,4,3,1,5,6,1,2,0,0,1
G:\Thesis\FACET_Dataset\Segmented_FACET_0.2_fixed_label\sa_4338157.jpg,3,2,0,4,5,1,2,0,0,0
G:\Thesis\FACET_Dataset\Segmented_FACET_0.2_fixed_label\sa_11153685.jpg,3,2,0,1,2,0,1,0,1,1
G:\Thesis\FACET_Dataset\Segmented_FACET_0.2_fixed_label\sa_2578941.jpg,4,3,1,4,5,1,1,0,1,1
G:\Thesis\FACET_Dataset\Segmented_FACET_0.2_fixed_label\sa_5285394.jpg,3,2,0,3,4,1,1,0,1,0
G:\Thesis\FACET_Dataset\Segmented_FACET_0.2_fixed_label\sa_5114131.jpg,4,3,1,7,8,2,4,0,0,0
G:\Thesis\FACET_Dataset\Segmented_FACET_0.2_fixed_label\sa_7926787.jpg,4,3,1,2,3,0,1,0,1,0
G:\Thesis\FACET_Dataset\Segmented_FACET_0.2_fixed_label\sa_9044717.jpg,5,4,1,1,2,0,3,0,0,0
G:\Thesis\FACET_Dataset\Segmented_FACET_0.2_fixed_label\sa_5459786.jpg,4,3,1,2,3,0,1,0,1,0
G:\Thesis\FACET_Dataset\Segmented_FACET_0.2_fixed_label\sa_1196986.jpg,6,5,1,5,6,1,0,1,1,1
G:\Thesis\FACET_Dataset\Segmented_FACET_0.2_fixed_label\sa_4284332.jpg,4,3,1,3,4,1,0,1,1,1
G:\Thesis\FACET_Dataset\Segmented_FACET_0.2_fixed_label\sa_9711760.jpg,6,5,1,3,4,1,2,0,0,1
G:\Thesis\FACET_Dataset\Segmented_FACET_0.2_fixed_label\sa_3577491.jpg,8,7,2,8,9,2,1,0,1,1
G:\Thesis\FACET_Dataset\Segmented_FACET_0.2_fixed_label\sa_8605216.jpg,2,1,0,1,2,0,0,1,1,1
G:\Thesis\FACET_Dataset\Segmented_FACET_0.2_fixed_label\sa_7772297.jpg,5,4,1,4,5,1,0,1,1,1
G:\Thesis\FACET_Dataset\Segmented_FACET_0.2_fixed_label\sa_1735173.jpg,2,1,0,3,4,1,2,0,0,0
G:\Thesis\FACET_Dataset\Segmented_FACET_0.2_fixed_label\sa_4786068.jpg,3,2,0,5,6,1,3,0,0,0
G:\Thesis\FACET_Dataset\Segmented_FACET_0.2_fixed_label\sa_2300182.jpg,4,3,1,3,4,1,0,1,1,1
G:\Thesis\FACET_Dataset\Segmented_FACET_0.2_fixed_label\sa_10408922.jpg,6,5,1,5,6,1,0,1,1,1
G:\Thesis\FACET_Dataset\Segmented_FACET_0.2_fixed_label\sa_5429541.jpg,3,2,0,5,6,1,3,0,0,0
G:\Thesis\FACET_Dataset\Segmented_FACET_0.2_fixed_label\sa_8262003.jpg,5,4,1,3,4,1,1,0,1,1
G:\Thesis\FACET_Dataset\Segmented_FACET_0.2_fixed_label\sa_3478678.jpg,9,8,2,5,6,1,3,0,0,0
G:\Thesis\FACET_Dataset\Segmented_FACET_0.2_fixed_label\sa_3826401.jpg,4,3,1,5,6,1,2,0,0,1
G:\Thesis\FACET_Dataset\Segmented_FACET_0.2_fixed_label\sa_3626094.jpg,2,1,0,1,2,0,0,1,1,1
G:\Thesis\FACET_Dataset\Segmented_FACET_0.2_fixed_label\sa_159399.jpg,4,3,1,3,4,1,0,1,1,1
G:\Thesis\FACET_Dataset\Segmented_FACET_0.2_fixed_label\sa_4790230.jpg,4,3,1,2,3,0,1,0,1,0
G:\Thesis\FACET_Dataset\Segmented_FACET_0.2_fixed_label\sa_10408760.jpg,2,1,0,3,4,1,2,0,0,0
G:\Thesis\FACET_Dataset\Segmented_FACET_0.2_fixed_label\sa_8560460.jpg,3,2,0,1,2,0,1,0,1,1
G:\Thesis\FACET_Dataset\Segmented_FACET_0.2_fixed_label\sa_761497.jpg,3,2,0,3,4,1,1,0,1,0
G:\Thesis\FACET_Dataset\Segmented_FACET_0.2_fixed_label\sa_5235024.jpg,3,2,0,2,3,0,0,1,1,1
G:\Thesis\FACET_Dataset\Segmented_FACET_0.2_fixed_label\sa_5833346.jpg,7,6,1,5,6,1,1,0,1,1
G:\Thesis\FACET_Dataset\Segmented_FACET_0.2_fixed_label\sa_6515832.jpg,4,3,1,4,5,1,1,0,1,1
G:\Thesis\FACET_Dataset\Segmented_FACET_0.2_fixed_label\sa_10481434.jpg,5,4,1,4,5,1,0,1,1,1
G:\Thesis\FACET_Dataset\Segmented_FACET_0.2_fixed_label\sa_5885714.jpg,5,4,1,5,6,1,1,0,1,1
G:\Thesis\FACET_Dataset\Segmented_FACET_0.2_fixed_label\sa_393546.jpg,3,2,0,2,3,0,0,1,1,1
G:\Thesis\FACET_Dataset\Segmented_FACET_0.2_fixed_label\sa_6477036.jpg,6,5,1,1,2,0,4,0,0,0
G:\Thesis\FACET_Dataset\Segmented_FACET_0.2_fixed_label\sa_2849467.jpg,3,2,0,2,3,0,0,1,1,1
G:\Thesis\FACET_Dataset\Segmented_FACET_0.2_fixed_label\sa_5222679.jpg,2,1,0,1,2,0,0,1,1,1
G:\Thesis\FACET_Dataset\Segmented_FACET_0.2_fixed_label\sa_1161064.jpg,6,5,1,3,4,1,2,0,0,1
G:\Thesis\FACET_Dataset\Segmented_FACET_0.2_fixed_label\sa_65743.jpg,9,8,2,7,8,2,1,0,1,1
G:\Thesis\FACET_Dataset\Segmented_FACET_0.2_fixed_label\sa_2111165.jpg,6,5,1,2,3,0,3,0,0,0
G:\Thesis\FACET_Dataset\Segmented_FACET_0.2_fixed_label\sa_4068101.jpg,6,5,1,4,5,1,1,0,1,1
G:\Thesis\FACET_Dataset\Segmented_FACET_0.2_fixed_label\sa_6763195.jpg,3,2,0,4,5,1,2,0,0,0
G:\Thesis\FACET_Dataset\Segmented_FACET_0.2_fixed_label\sa_8183514.jpg,7,6,1,4,5,1,2,0,0,1
G:\Thesis\FACET_Dataset\Segmented_FACET_0.2_fixed_label\sa_3782304.jpg,9,8,2,7,8,2,1,0,1,1
G:\Thesis\FACET_Dataset\Segmented_FACET_0.2_fixed_label\sa_1706581.jpg,9,8,2,6,7,1,2,0,0,0
G:\Thesis\FACET_Dataset\Segmented_FACET_0.2_fixed_label\sa_1571272.jpg,5,4,1,3,4,1,1,0,1,1
G:\Thesis\FACET_Dataset\Segmented_FACET_0.2_fixed_label\sa_10109543.jpg,3,2,0,3,4,1,1,0,1,0
G:\Thesis\FACET_Dataset\Segmented_FACET_0.2_fixed_label\sa_2089512.jpg,3,2,0,1,2,0,1,0,1,1
G:\Thesis\FACET_Dataset\Segmented_FACET_0.2_fixed_label\sa_3603389.jpg,7,6,1,5,6,1,1,0,1,1
G:\Thesis\FACET_Dataset\Segmented_FACET_0.2_fixed_label\sa_10498237.jpg,2,1,0,3,4,1,2,0,0,0
G:\Thesis\FACET_Dataset\Segmented_FACET_0.2_fixed_label\sa_3306596.jpg,3,2,0,3,4,1,1,0,1,0
G:\Thesis\FACET_Dataset\Segmented_FACET_0.2_fixed_label\sa_1809016.jpg,4,3,1,5,6,1,2,0,0,1
G:\Thesis\FACET_Dataset\Segmented_FACET_0.2_fixed_label\sa_883786.jpg,3,2,0,4,5,1,2,0,0,0
G:\Thesis\FACET_Dataset\Segmented_FACET_0.2_fixed_label\sa_6206180.jpg,6,5,1,3,4,1,2,0,0,1
G:\Thesis\FACET_Dataset\Segmented_FACET_0.2_fixed_label\sa_9603108.jpg,7,6,1,1,2,0,5,0,0,0
G:\Thesis\FACET_Dataset\Segmented_FACET_0.2_fixed_label\sa_7736075.jpg,3,2,0,5,6,1,3,0,0,0
G:\Thesis\FACET_Dataset\Segmented_FACET_0.2_fixed_label\sa_2407728.jpg,4,3,1,5,6,1,2,0,0,1
G:\Thesis\FACET_Dataset\Segmented_FACET_0.2_fixed_label\sa_9798002.jpg,5,4,1,5,6,1,1,0,1,1
G:\Thesis\FACET_Dataset\Segmented_FACET_0.2_fixed_label\sa_2511562.jpg,9,8,2,7,8,2,1,0,1,1
G:\Thesis\FACET_Dataset\Segmented_FACET_0.2_fixed_label\sa_4790913.jpg,5,4,1,5,6,1,1,0,1,1
G:\Thesis\FACET_Dataset\Segmented_FACET_0.2_fixed_label\sa_6218726.jpg,2,1,0,2,3,0,1,0,1,1
G:\Thesis\FACET_Dataset\Segmented_FACET_0.2_fixed_label\sa_10498237.jpg,2,1,0,3,4,1,2,0,0,0
G:\Thesis\FACET_Dataset\Segmented_FACET_0.2_fixed_label\sa_5110954.jpg,2,1,0,3,4,1,2,0,0,0
G:\Thesis\FACET_Dataset\Segmented_FACET_0.2_fixed_label\sa_4490073.jpg,3,2,0,2,3,0,0,1,1,1
G:\Thesis\FACET_Dataset\Segmented_FACET_0.2_fixed_label\sa_10695373.jpg,6,5,1,5,6,1,0,1,1,1
G:\Thesis\FACET_Dataset\Segmented_FACET_0.2_fixed_label\sa_8942635.jpg,7,6,1,5,6,1,1,0,1,1
G:\Thesis\FACET_Dataset\Segmented_FACET_0.2_fixed_label\sa_476231.jpg,4,3,1,3,4,1,0,1,1,1
G:\Thesis\FACET_Dataset\Segmented_FACET_0.2_fixed_label\sa_4379022.jpg,7,6,1,5,6,1,1,0,1,1
G:\Thesis\FACET_Dataset\Segmented_FACET_0.2_fixed_label\sa_755916.jpg,7,6,1,4,5,1,2,0,0,1
G:\Thesis\FACET_Dataset\Segmented_FACET_0.2_fixed_label\sa_3096740.jpg,2,1,0,5,6,1,4,0,0,0
G:\Thesis\FACET_Dataset\Segmented_FACET_0.2_fixed_label\sa_4353992.jpg,4,3,1,5,6,1,2,0,0,1
G:\Thesis\FACET_Dataset\Segmented_FACET_0.2_fixed_label\sa_7470218.jpg,8,7,2,8,9,2,1,0,1,1
G:\Thesis\FACET_Dataset\Segmented_FACET_0.2_fixed_label\sa_4786068.jpg,3,2,0,5,6,1,3,0,0,0
G:\Thesis\FACET_Dataset\Segmented_FACET_0.2_fixed_label\sa_1403304.jpg,5,4,1,4,5,1,0,1,1,1
G:\Thesis\FACET_Dataset\Segmented_FACET_0.2_fixed_label\sa_1715410.jpg,2,1,0,5,6,1,4,0,0,0
G:\Thesis\FACET_Dataset\Segmented_FACET_0.2_fixed_label\sa_8314298.jpg,2,1,0,2,3,0,1,0,1,1
G:\Thesis\FACET_Dataset\Segmented_FACET_0.2_fixed_label\sa_10394555.jpg,1,0,0,1,2,0,1,0,1,1
G:\Thesis\FACET_Dataset\Segmented_FACET_0.2_fixed_label\sa_7147347.jpg,9,8,2,6,7,1,2,0,0,0
G:\Thesis\FACET_Dataset\Segmented_FACET_0.2_fixed_label\sa_4592552.jpg,2,1,0,1,2,0,0,1,1,1
G:\Thesis\FACET_Dataset\Segmented_FACET_0.2_fixed_label\sa_7795504.jpg,5,4,1,2,3,0,2,0,0,0
G:\Thesis\FACET_Dataset\Segmented_FACET_0.2_fixed_label\sa_5116259.jpg,3,2,0,7,8,2,5,0,0,0
G:\Thesis\FACET_Dataset\Segmented_FACET_0.2_fixed_label\sa_2165146.jpg,5,4,1,4,5,1,0,1,1,1
G:\Thesis\FACET_Dataset\Segmented_FACET_0.2_fixed_label\sa_7624010.jpg,6,5,1,1,2,0,4,0,0,0
G:\Thesis\FACET_Dataset\Segmented_FACET_0.2_fixed_label\sa_4839035.jpg,4,3,1,4,5,1,1,0,1,1
G:\Thesis\FACET_Dataset\Segmented_FACET_0.2_fixed_label\sa_573605.jpg,5,4,1,4,5,1,0,1,1,1
G:\Thesis\FACET_Dataset\Segmented_FACET_0.2_fixed_label\sa_2574228.jpg,5,4,1,4,5,1,0,1,1,1
G:\Thesis\FACET_Dataset\Segmented_FACET_0.2_fixed_label\sa_9156613.jpg,8,7,2,7,8,2,0,1,1,1
G:\Thesis\FACET_Dataset\Segmented_FACET_0.2_fixed_label\sa_7585283.jpg,3,2,0,5,6,1,3,0,0,0
G:\Thesis\FACET_Dataset\Segmented_FACET_0.2_fixed_label\sa_7222394.jpg,2,1,0,4,5,1,3,0,0,0
G:\Thesis\FACET_Dataset\Segmented_FACET_0.2_fixed_label\sa_4859292.jpg,3,2,0,3,4,1,1,0,1,0
G:\Thesis\FACET_Dataset\Segmented_FACET_0.2_fixed_label\sa_10201472.jpg,3,2,0,3,4,1,1,0,1,0
G:\Thesis\FACET_Dataset\Segmented_FACET_0.2_fixed_label\sa_2279901.jpg,2,1,0,6,7,1,5,0,0,0
G:\Thesis\FACET_Dataset\Segmented_FACET_0.2_fixed_label\sa_5934891.jpg,4,3,1,4,5,1,1,0,1,1
G:\Thesis\FACET_Dataset\Segmented_FACET_0.2_fixed_label\sa_4024535.jpg,6,5,1,5,6,1,0,1,1,1
G:\Thesis\FACET_Dataset\Segmented_FACET_0.2_fixed_label\sa_3660018.jpg,6,5,1,5,6,1,0,1,1,1
G:\Thesis\FACET_Dataset\Segmented_FACET_0.2_fixed_label\sa_1429056.jpg,3,2,0,3,4,1,1,0,1,0
G:\Thesis\FACET_Dataset\Segmented_FACET_0.2_fixed_label\sa_8189414.jpg,2,1,0,1,2,0,0,1,1,1
G:\Thesis\FACET_Dataset\Segmented_FACET_0.2_fixed_label\sa_6273532.jpg,5,4,1,3,4,1,1,0,1,1
G:\Thesis\FACET_Dataset\Segmented_FACET_0.2_fixed_label\sa_4686189.jpg,5,4,1,4,5,1,0,1,1,1
G:\Thesis\FACET_Dataset\Segmented_FACET_0.2_fixed_label\sa_9748851.jpg,5,4,1,3,4,1,1,0,1,1
G:\Thesis\FACET_Dataset\Segmented_FACET_0.2_fixed_label\sa_7613589.jpg,8,7,2,7,8,2,0,1,1,1
G:\Thesis\FACET_Dataset\Segmented_FACET_0.2_fixed_label\sa_10564607.jpg,4,3,1,2,3,0,1,0,1,0
G:\Thesis\FACET_Dataset\Segmented_FACET_0.2_fixed_label\sa_8324816.jpg,3,2,0,3,4,1,1,0,1,0
G:\Thesis\FACET_Dataset\Segmented_FACET_0.2_fixed_label\sa_7940722.jpg,8,7,2,4,5,1,3,0,0,0
G:\Thesis\FACET_Dataset\Segmented_FACET_0.2_fixed_label\sa_10301399.jpg,2,1,0,3,4,1,2,0,0,0
G:\Thesis\FACET_Dataset\Segmented_FACET_0.2_fixed_label\sa_2135545.jpg,7,6,1,5,6,1,1,0,1,1
G:\Thesis\FACET_Dataset\Segmented_FACET_0.2_fixed_label\sa_3264118.jpg,3,2,0,5,6,1,3,0,0,0
G:\Thesis\FACET_Dataset\Segmented_FACET_0.2_fixed_label\sa_9122623.jpg,2,1,0,3,4,1,2,0,0,0
G:\Thesis\FACET_Dataset\Segmented_FACET_0.2_fixed_label\sa_6297102.jpg,4,3,1,3,4,1,0,1,1,1
G:\Thesis\FACET_Dataset\Segmented_FACET_0.2_fixed_label\sa_6664500.jpg,3,2,0,5,6,1,3,0,0,0
G:\Thesis\FACET_Dataset\Segmented_FACET_0.2_fixed_label\sa_9547256.jpg,4,3,1,3,4,1,0,1,1,1
G:\Thesis\FACET_Dataset\Segmented_FACET_0.2_fixed_label\sa_3775087.jpg,3,2,0,3,4,1,1,0,1,0
G:\Thesis\FACET_Dataset\Segmented_FACET_0.2_fixed_label\sa_6045725.jpg,6,5,1,4,5,1,1,0,1,1
G:\Thesis\FACET_Dataset\Segmented_FACET_0.2_fixed_label\sa_8891072.jpg,7,6,1,5,6,1,1,0,1,1
G:\Thesis\FACET_Dataset\Segmented_FACET_0.2_fixed_label\sa_8930122.jpg,4,3,1,3,4,1,0,1,1,1
G:\Thesis\FACET_Dataset\Segmented_FACET_0.2_fixed_label\sa_6274049.jpg,3,2,0,4,5,1,2,0,0,0
G:\Thesis\FACET_Dataset\Segmented_FACET_0.2_fixed_label\sa_5812781.jpg,3,2,0,5,6,1,3,0,0,0
G:\Thesis\FACET_Dataset\Segmented_FACET_0.2_fixed_label\sa_1390223.jpg,4,3,1,1,2,0,2,0,0,0
G:\Thesis\FACET_Dataset\Segmented_FACET_0.2_fixed_label\sa_4878664.jpg,3,2,0,5,6,1,3,0,0,0
G:\Thesis\FACET_Dataset\Segmented_FACET_0.2_fixed_label\sa_10890218.jpg,4,3,1,4,5,1,1,0,1,1
G:\Thesis\FACET_Dataset\Segmented_FACET_0.2_fixed_label\sa_1502766.jpg,3,2,0,5,6,1,3,0,0,0
G:\Thesis\FACET_Dataset\Segmented_FACET_0.2_fixed_label\sa_2077818.jpg,5,4,1,3,4,1,1,0,1,1
G:\Thesis\FACET_Dataset\Segmented_FACET_0.2_fixed_label\sa_5359669.jpg,9,8,2,7,8,2,1,0,1,1
G:\Thesis\FACET_Dataset\Segmented_FACET_0.2_fixed_label\sa_4577723.jpg,4,3,1,3,4,1,0,1,1,1
G:\Thesis\FACET_Dataset\Segmented_FACET_0.2_fixed_label\sa_8017136.jpg,6,5,1,5,6,1,0,1,1,1
G:\Thesis\FACET_Dataset\Segmented_FACET_0.2_fixed_label\sa_1723739.jpg,2,1,0,4,5,1,3,0,0,0
G:\Thesis\FACET_Dataset\Segmented_FACET_0.2_fixed_label\sa_9486856.jpg,7,6,1,4,5,1,2,0,0,1
G:\Thesis\FACET_Dataset\Segmented_FACET_0.2_fixed_label\sa_10657950.jpg,3,2,0,5,6,1,3,0,0,0
G:\Thesis\FACET_Dataset\Segmented_FACET_0.2_fixed_label\sa_9461045.jpg,4,3,1,1,2,0,2,0,0,0
G:\Thesis\FACET_Dataset\Segmented_FACET_0.2_fixed_label\sa_9686118.jpg,3,2,0,6,7,1,4,0,0,0
G:\Thesis\FACET_Dataset\Segmented_FACET_0.2_fixed_label\sa_7102163.jpg,3,2,0,4,5,1,2,0,0,0
G:\Thesis\FACET_Dataset\Segmented_FACET_0.2_fixed_label\sa_2413075.jpg,4,3,1,5,6,1,2,0,0,1
G:\Thesis\FACET_Dataset\Segmented_FACET_0.2_fixed_label\sa_9377080.jpg,7,6,1,3,4,1,3,0,0,1
G:\Thesis\FACET_Dataset\Segmented_FACET_0.2_fixed_label\sa_2299962.jpg,5,4,1,4,5,1,0,1,1,1
G:\Thesis\FACET_Dataset\Segmented_FACET_0.2_fixed_label\sa_5705790.jpg,5,4,1,4,5,1,0,1,1,1
G:\Thesis\FACET_Dataset\Segmented_FACET_0.2_fixed_label\sa_5735457.jpg,3,2,0,1,2,0,1,0,1,1
G:\Thesis\FACET_Dataset\Segmented_FACET_0.2_fixed_label\sa_3411077.jpg,3,2,0,3,4,1,1,0,1,0
G:\Thesis\FACET_Dataset\Segmented_FACET_0.2_fixed_label\sa_224638.jpg,2,1,0,5,6,1,4,0,0,0
G:\Thesis\FACET_Dataset\Segmented_FACET_0.2_fixed_label\sa_233244.jpg,2,1,0,4,5,1,3,0,0,0
G:\Thesis\FACET_Dataset\Segmented_FACET_0.2_fixed_label\sa_2851336.jpg,4,3,1,4,5,1,1,0,1,1
G:\Thesis\FACET_Dataset\Segmented_FACET_0.2_fixed_label\sa_2066148.jpg,5,4,1,7,8,2,3,0,0,0
G:\Thesis\FACET_Dataset\Segmented_FACET_0.2_fixed_label\sa_295473.jpg,3,2,0,1,2,0,1,0,1,1
G:\Thesis\FACET_Dataset\Segmented_FACET_0.2_fixed_label\sa_1270708.jpg,5,4,1,2,3,0,2,0,0,0
G:\Thesis\FACET_Dataset\Segmented_FACET_0.2_fixed_label\sa_5715395.jpg,2,1,0,5,6,1,4,0,0,0
G:\Thesis\FACET_Dataset\Segmented_FACET_0.2_fixed_label\sa_1126554.jpg,4,3,1,3,4,1,0,1,1,1
G:\Thesis\FACET_Dataset\Segmented_FACET_0.2_fixed_label\sa_8252861.jpg,2,1,0,2,3,0,1,0,1,1
G:\Thesis\FACET_Dataset\Segmented_FACET_0.2_fixed_label\sa_2221792.jpg,3,2,0,1,2,0,1,0,1,1
G:\Thesis\FACET_Dataset\Segmented_FACET_0.2_fixed_label\sa_4971657.jpg,2,1,0,3,4,1,2,0,0,0
G:\Thesis\FACET_Dataset\Segmented_FACET_0.2_fixed_label\sa_5574212.jpg,3,2,0,3,4,1,1,0,1,0
G:\Thesis\FACET_Dataset\Segmented_FACET_0.2_fixed_label\sa_5819093.jpg,1,0,0,3,4,1,3,0,0,0
G:\Thesis\FACET_Dataset\Segmented_FACET_0.2_fixed_label\sa_4252975.jpg,4,3,1,3,4,1,0,1,1,1
G:\Thesis\FACET_Dataset\Segmented_FACET_0.2_fixed_label\sa_10683802.jpg,8,7,2,4,5,1,3,0,0,0
G:\Thesis\FACET_Dataset\Segmented_FACET_0.2_fixed_label\sa_9668155.jpg,9,8,2,4,5,1,4,0,0,0
G:\Thesis\FACET_Dataset\Segmented_FACET_0.2_fixed_label\sa_3443777.jpg,2,1,0,3,4,1,2,0,0,0
G:\Thesis\FACET_Dataset\Segmented_FACET_0.2_fixed_label\sa_7108201.jpg,4,3,1,3,4,1,0,1,1,1
G:\Thesis\FACET_Dataset\Segmented_FACET_0.2_fixed_label\sa_10448300.jpg,4,3,1,3,4,1,0,1,1,1
G:\Thesis\FACET_Dataset\Segmented_FACET_0.2_fixed_label\sa_416878.jpg,6,5,1,5,6,1,0,1,1,1
G:\Thesis\FACET_Dataset\Segmented_FACET_0.2_fixed_label\sa_9043875.jpg,3,2,0,2,3,0,0,1,1,1
G:\Thesis\FACET_Dataset\Segmented_FACET_0.2_fixed_label\sa_9697643.jpg,9,8,2,7,8,2,1,0,1,1
G:\Thesis\FACET_Dataset\Segmented_FACET_0.2_fixed_label\sa_9989289.jpg,3,2,0,4,5,1,2,0,0,0
G:\Thesis\FACET_Dataset\Segmented_FACET_0.2_fixed_label\sa_10637831.jpg,5,4,1,5,6,1,1,0,1,1
G:\Thesis\FACET_Dataset\Segmented_FACET_0.2_fixed_label\sa_10664435.jpg,4,3,1,5,6,1,2,0,0,1
G:\Thesis\FACET_Dataset\Segmented_FACET_0.2_fixed_label\sa_10277350.jpg,6,5,1,1,2,0,4,0,0,0
G:\Thesis\FACET_Dataset\Segmented_FACET_0.2_fixed_label\sa_9470464.jpg,4,3,1,2,3,0,1,0,1,0
G:\Thesis\FACET_Dataset\Segmented_FACET_0.2_fixed_label\sa_3993091.jpg,4,3,1,3,4,1,0,1,1,1
G:\Thesis\FACET_Dataset\Segmented_FACET_0.2_fixed_label\sa_1161064.jpg,6,5,1,3,4,1,2,0,0,1
G:\Thesis\FACET_Dataset\Segmented_FACET_0.2_fixed_label\sa_4367271.jpg,5,4,1,5,6,1,1,0,1,1
G:\Thesis\FACET_Dataset\Segmented_FACET_0.2_fixed_label\sa_766499.jpg,2,1,0,1,2,0,0,1,1,1
G:\Thesis\FACET_Dataset\Segmented_FACET_0.2_fixed_label\sa_1040898.jpg,5,4,1,4,5,1,0,1,1,1
G:\Thesis\FACET_Dataset\Segmented_FACET_0.2_fixed_label\sa_10650923.jpg,3,2,0,4,5,1,2,0,0,0
G:\Thesis\FACET_Dataset\Segmented_FACET_0.2_fixed_label\sa_2526175.jpg,3,2,0,5,6,1,3,0,0,0
G:\Thesis\FACET_Dataset\Segmented_FACET_0.2_fixed_label\sa_4984727.jpg,5,4,1,5,6,1,1,0,1,1
G:\Thesis\FACET_Dataset\Segmented_FACET_0.2_fixed_label\sa_4244804.jpg,4,3,1,3,4,1,0,1,1,1
G:\Thesis\FACET_Dataset\Segmented_FACET_0.2_fixed_label\sa_7993739.jpg,3,2,0,3,4,1,1,0,1,0
G:\Thesis\FACET_Dataset\Segmented_FACET_0.2_fixed_label\sa_2949129.jpg,4,3,1,2,3,0,1,0,1,0
G:\Thesis\FACET_Dataset\Segmented_FACET_0.2_fixed_label\sa_1722555.jpg,6,5,1,5,6,1,0,1,1,1
G:\Thesis\FACET_Dataset\Segmented_FACET_0.2_fixed_label\sa_5572435.jpg,3,2,0,2,3,0,0,1,1,1
G:\Thesis\FACET_Dataset\Segmented_FACET_0.2_fixed_label\sa_4270095.jpg,4,3,1,3,4,1,0,1,1,1
G:\Thesis\FACET_Dataset\Segmented_FACET_0.2_fixed_label\sa_4588306.jpg,2,1,0,1,2,0,0,1,1,1
G:\Thesis\FACET_Dataset\Segmented_FACET_0.2_fixed_label\sa_10221582.jpg,2,1,0,3,4,1,2,0,0,0
G:\Thesis\FACET_Dataset\Segmented_FACET_0.2_fixed_label\sa_7618611.jpg,2,1,0,4,5,1,3,0,0,0
G:\Thesis\FACET_Dataset\Segmented_FACET_0.2_fixed_label\sa_1990478.jpg,6,5,1,5,6,1,0,1,1,1
G:\Thesis\FACET_Dataset\Segmented_FACET_0.2_fixed_label\sa_735276.jpg,2,1,0,3,4,1,2,0,0,0
G:\Thesis\FACET_Dataset\Segmented_FACET_0.2_fixed_label\sa_4594483.jpg,6,5,1,2,3,0,3,0,0,0
G:\Thesis\FACET_Dataset\Segmented_FACET_0.2_fixed_label\sa_4809082.jpg,4,3,1,5,6,1,2,0,0,1
G:\Thesis\FACET_Dataset\Segmented_FACET_0.2_fixed_label\sa_6822219.jpg,3,2,0,4,5,1,2,0,0,0
G:\Thesis\FACET_Dataset\Segmented_FACET_0.2_fixed_label\sa_2087610.jpg,2,1,0,1,2,0,0,1,1,1
G:\Thesis\FACET_Dataset\Segmented_FACET_0.2_fixed_label\sa_11174704.jpg,1,0,0,1,2,0,1,0,1,1
G:\Thesis\FACET_Dataset\Segmented_FACET_0.2_fixed_label\sa_5638070.jpg,4,3,1,3,4,1,0,1,1,1
G:\Thesis\FACET_Dataset\Segmented_FACET_0.2_fixed_label\sa_411527.jpg,8,7,2,6,7,1,1,0,1,0
G:\Thesis\FACET_Dataset\Segmented_FACET_0.2_fixed_label\sa_6696049.jpg,6,5,1,2,3,0,3,0,0,0
G:\Thesis\FACET_Dataset\Segmented_FACET_0.2_fixed_label\sa_4792156.jpg,2,1,0,2,3,0,1,0,1,1
G:\Thesis\FACET_Dataset\Segmented_FACET_0.2_fixed_label\sa_3775087.jpg,1,0,0,3,4,1,3,0,0,0
G:\Thesis\FACET_Dataset\Segmented_FACET_0.2_fixed_label\sa_7765443.jpg,3,2,0,5,6,1,3,0,0,0
G:\Thesis\FACET_Dataset\Segmented_FACET_0.2_fixed_label\sa_4313183.jpg,2,1,0,4,5,1,3,0,0,0
G:\Thesis\FACET_Dataset\Segmented_FACET_0.2_fixed_label\sa_2324234.jpg,5,4,1,3,4,1,1,0,1,1
G:\Thesis\FACET_Dataset\Segmented_FACET_0.2_fixed_label\sa_10720806.jpg,2,1,0,3,4,1,2,0,0,0
G:\Thesis\FACET_Dataset\Segmented_FACET_0.2_fixed_label\sa_8896258.jpg,5,4,1,5,6,1,1,0,1,1
G:\Thesis\FACET_Dataset\Segmented_FACET_0.2_fixed_label\sa_8063728.jpg,5,4,1,5,6,1,1,0,1,1
G:\Thesis\FACET_Dataset\Segmented_FACET_0.2_fixed_label\sa_10456335.jpg,6,5,1,2,3,0,3,0,0,0
G:\Thesis\FACET_Dataset\Segmented_FACET_0.2_fixed_label\sa_9987804.jpg,2,1,0,3,4,1,2,0,0,0
G:\Thesis\FACET_Dataset\Segmented_FACET_0.2_fixed_label\sa_5045589.jpg,6,5,1,2,3,0,3,0,0,0
G:\Thesis\FACET_Dataset\Segmented_FACET_0.2_fixed_label\sa_1206887.jpg,7,6,1,5,6,1,1,0,1,1
G:\Thesis\FACET_Dataset\Segmented_FACET_0.2_fixed_label\sa_619947.jpg,7,6,1,8,9,2,2,0,0,0
G:\Thesis\FACET_Dataset\Segmented_FACET_0.2_fixed_label\sa_9454089.jpg,6,5,1,4,5,1,1,0,1,1
G:\Thesis\FACET_Dataset\Segmented_FACET_0.2_fixed_label\sa_2393989.jpg,3,2,0,5,6,1,3,0,0,0
G:\Thesis\FACET_Dataset\Segmented_FACET_0.2_fixed_label\sa_8437405.jpg,5,4,1,3,4,1,1,0,1,1
G:\Thesis\FACET_Dataset\Segmented_FACET_0.2_fixed_label\sa_9218280.jpg,2,1,0,1,2,0,0,1,1,1
G:\Thesis\FACET_Dataset\Segmented_FACET_0.2_fixed_label\sa_208837.jpg,4,3,1,5,6,1,2,0,0,1
G:\Thesis\FACET_Dataset\Segmented_FACET_0.2_fixed_label\sa_7689007.jpg,1,0,0,3,4,1,3,0,0,0
G:\Thesis\FACET_Dataset\Segmented_FACET_0.2_fixed_label\sa_10267437.jpg,3,2,0,3,4,1,1,0,1,0
G:\Thesis\FACET_Dataset\Segmented_FACET_0.2_fixed_label\sa_3083931.jpg,4,3,1,2,3,0,1,0,1,0
G:\Thesis\FACET_Dataset\Segmented_FACET_0.2_fixed_label\sa_8554933.jpg,5,4,1,2,3,0,2,0,0,0
G:\Thesis\FACET_Dataset\Segmented_FACET_0.2_fixed_label\sa_704393.jpg,3,2,0,3,4,1,1,0,1,0
G:\Thesis\FACET_Dataset\Segmented_FACET_0.2_fixed_label\sa_2590827.jpg,5,4,1,4,5,1,0,1,1,1
G:\Thesis\FACET_Dataset\Segmented_FACET_0.2_fixed_label\sa_3385159.jpg,4,3,1,5,6,1,2,0,0,1
G:\Thesis\FACET_Dataset\Segmented_FACET_0.2_fixed_label\sa_9546707.jpg,3,2,0,2,3,0,0,1,1,1
G:\Thesis\FACET_Dataset\Segmented_FACET_0.2_fixed_label\sa_9343855.jpg,5,4,1,6,7,1,2,0,0,1
G:\Thesis\FACET_Dataset\Segmented_FACET_0.2_fixed_label\sa_6695624.jpg,4,3,1,3,4,1,0,1,1,1
G:\Thesis\FACET_Dataset\Segmented_FACET_0.2_fixed_label\sa_4544085.jpg,4,3,1,1,2,0,2,0,0,0
G:\Thesis\FACET_Dataset\Segmented_FACET_0.2_fixed_label\sa_8293466.jpg,6,5,1,6,7,1,1,0,1,1
G:\Thesis\FACET_Dataset\Segmented_FACET_0.2_fixed_label\sa_1202392.jpg,5,4,1,3,4,1,1,0,1,1
G:\Thesis\FACET_Dataset\Segmented_FACET_0.2_fixed_label\sa_1648600.jpg,3,2,0,4,5,1,2,0,0,0
G:\Thesis\FACET_Dataset\Segmented_FACET_0.2_fixed_label\sa_8904381.jpg,4,3,1,5,6,1,2,0,0,1
G:\Thesis\FACET_Dataset\Segmented_FACET_0.2_fixed_label\sa_7882255.jpg,2,1,0,2,3,0,1,0,1,1
G:\Thesis\FACET_Dataset\Segmented_FACET_0.2_fixed_label\sa_3173210.jpg,3,2,0,4,5,1,2,0,0,0
G:\Thesis\FACET_Dataset\Segmented_FACET_0.2_fixed_label\sa_3268349.jpg,3,2,0,3,4,1,1,0,1,0
G:\Thesis\FACET_Dataset\Segmented_FACET_0.2_fixed_label\sa_2152898.jpg,3,2,0,4,5,1,2,0,0,0
G:\Thesis\FACET_Dataset\Segmented_FACET_0.2_fixed_label\sa_2968574.jpg,3,2,0,3,4,1,1,0,1,0
G:\Thesis\FACET_Dataset\Segmented_FACET_0.2_fixed_label\sa_10988208.jpg,2,1,0,5,6,1,4,0,0,0
G:\Thesis\FACET_Dataset\Segmented_FACET_0.2_fixed_label\sa_11163732.jpg,5,4,1,5,6,1,1,0,1,1
G:\Thesis\FACET_Dataset\Segmented_FACET_0.2_fixed_label\sa_2558271.jpg,6,5,1,4,5,1,1,0,1,1
G:\Thesis\FACET_Dataset\Segmented_FACET_0.2_fixed_label\sa_4781667.jpg,5,4,1,5,6,1,1,0,1,1
G:\Thesis\FACET_Dataset\Segmented_FACET_0.2_fixed_label\sa_10884287.jpg,2,1,0,3,4,1,2,0,0,0
G:\Thesis\FACET_Dataset\Segmented_FACET_0.2_fixed_label\sa_5688024.jpg,3,2,0,3,4,1,1,0,1,0
G:\Thesis\FACET_Dataset\Segmented_FACET_0.2_fixed_label\sa_7410480.jpg,2,1,0,1,2,0,0,1,1,1
G:\Thesis\FACET_Dataset\Segmented_FACET_0.2_fixed_label\sa_2577444.jpg,3,2,0,3,4,1,1,0,1,0
G:\Thesis\FACET_Dataset\Segmented_FACET_0.2_fixed_label\sa_3432349.jpg,1,0,0,1,2,0,1,0,1,1
G:\Thesis\FACET_Dataset\Segmented_FACET_0.2_fixed_label\sa_7122408.jpg,4,3,1,3,4,1,0,1,1,1
G:\Thesis\FACET_Dataset\Segmented_FACET_0.2_fixed_label\sa_10724087.jpg,8,7,2,5,6,1,2,0,0,0
G:\Thesis\FACET_Dataset\Segmented_FACET_0.2_fixed_label\sa_4360530.jpg,2,1,0,5,6,1,4,0,0,0
G:\Thesis\FACET_Dataset\Segmented_FACET_0.2_fixed_label\sa_6231023.jpg,3,2,0,4,5,1,2,0,0,0
G:\Thesis\FACET_Dataset\Segmented_FACET_0.2_fixed_label\sa_5260864.jpg,3,2,0,6,7,1,4,0,0,0
G:\Thesis\FACET_Dataset\Segmented_FACET_0.2_fixed_label\sa_9384747.jpg,4,3,1,3,4,1,0,1,1,1
G:\Thesis\FACET_Dataset\Segmented_FACET_0.2_fixed_label\sa_11084494.jpg,2,1,0,4,5,1,3,0,0,0
G:\Thesis\FACET_Dataset\Segmented_FACET_0.2_fixed_label\sa_3875043.jpg,5,4,1,5,6,1,1,0,1,1
G:\Thesis\FACET_Dataset\Segmented_FACET_0.2_fixed_label\sa_4808180.jpg,3,2,0,4,5,1,2,0,0,0
G:\Thesis\FACET_Dataset\Segmented_FACET_0.2_fixed_label\sa_164655.jpg,3,2,0,6,7,1,4,0,0,0
G:\Thesis\FACET_Dataset\Segmented_FACET_0.2_fixed_label\sa_6837217.jpg,3,2,0,5,6,1,3,0,0,0
G:\Thesis\FACET_Dataset\Segmented_FACET_0.2_fixed_label\sa_5282613.jpg,8,7,2,7,8,2,0,1,1,1
G:\Thesis\FACET_Dataset\Segmented_FACET_0.2_fixed_label\sa_6229908.jpg,3,2,0,1,2,0,1,0,1,1
G:\Thesis\FACET_Dataset\Segmented_FACET_0.2_fixed_label\sa_6350051.jpg,2,1,0,3,4,1,2,0,0,0
G:\Thesis\FACET_Dataset\Segmented_FACET_0.2_fixed_label\sa_8197673.jpg,3,2,0,5,6,1,3,0,0,0
G:\Thesis\FACET_Dataset\Segmented_FACET_0.2_fixed_label\sa_5459786.jpg,2,1,0,2,3,0,1,0,1,1
G:\Thesis\FACET_Dataset\Segmented_FACET_0.2_fixed_label\sa_3468583.jpg,6,5,1,3,4,1,2,0,0,1
G:\Thesis\FACET_Dataset\Segmented_FACET_0.2_fixed_label\sa_6801416.jpg,6,5,1,4,5,1,1,0,1,1
G:\Thesis\FACET_Dataset\Segmented_FACET_0.2_fixed_label\sa_10639296.jpg,7,6,1,5,6,1,1,0,1,1
G:\Thesis\FACET_Dataset\Segmented_FACET_0.2_fixed_label\sa_700587.jpg,7,6,1,4,5,1,2,0,0,1
G:\Thesis\FACET_Dataset\Segmented_FACET_0.2_fixed_label\sa_9159113.jpg,4,3,1,3,4,1,0,1,1,1
G:\Thesis\FACET_Dataset\Segmented_FACET_0.2_fixed_label\sa_4518361.jpg,7,6,1,5,6,1,1,0,1,1
G:\Thesis\FACET_Dataset\Segmented_FACET_0.2_fixed_label\sa_9940945.jpg,5,4,1,4,5,1,0,1,1,1
G:\Thesis\FACET_Dataset\Segmented_FACET_0.2_fixed_label\sa_3498011.jpg,5,4,1,2,3,0,2,0,0,0
G:\Thesis\FACET_Dataset\Segmented_FACET_0.2_fixed_label\sa_3063578.jpg,2,1,0,1,2,0,0,1,1,1
G:\Thesis\FACET_Dataset\Segmented_FACET_0.2_fixed_label\sa_1085632.jpg,3,2,0,3,4,1,1,0,1,0
G:\Thesis\FACET_Dataset\Segmented_FACET_0.2_fixed_label\sa_1649830.jpg,6,5,1,5,6,1,0,1,1,1
G:\Thesis\FACET_Dataset\Segmented_FACET_0.2_fixed_label\sa_7841522.jpg,6,5,1,4,5,1,1,0,1,1
G:\Thesis\FACET_Dataset\Segmented_FACET_0.2_fixed_label\sa_2257401.jpg,4,3,1,4,5,1,1,0,1,1
G:\Thesis\FACET_Dataset\Segmented_FACET_0.2_fixed_label\sa_3488835.jpg,3,2,0,5,6,1,3,0,0,0
G:\Thesis\FACET_Dataset\Segmented_FACET_0.2_fixed_label\sa_6181577.jpg,7,6,1,5,6,1,1,0,1,1
G:\Thesis\FACET_Dataset\Segmented_FACET_0.2_fixed_label\sa_7910640.jpg,9,8,2,5,6,1,3,0,0,0
G:\Thesis\FACET_Dataset\Segmented_FACET_0.2_fixed_label\sa_285591.jpg,2,1,0,3,4,1,2,0,0,0
G:\Thesis\FACET_Dataset\Segmented_FACET_0.2_fixed_label\sa_7080856.jpg,3,2,0,3,4,1,1,0,1,0
G:\Thesis\FACET_Dataset\Segmented_FACET_0.2_fixed_label\sa_4931458.jpg,4,3,1,4,5,1,1,0,1,1
G:\Thesis\FACET_Dataset\Segmented_FACET_0.2_fixed_label\sa_9336068.jpg,2,1,0,4,5,1,3,0,0,0
G:\Thesis\FACET_Dataset\Segmented_FACET_0.2_fixed_label\sa_3130679.jpg,7,6,1,5,6,1,1,0,1,1
G:\Thesis\FACET_Dataset\Segmented_FACET_0.2_fixed_label\sa_4596018.jpg,3,2,0,3,4,1,1,0,1,0
G:\Thesis\FACET_Dataset\Segmented_FACET_0.2_fixed_label\sa_116856.jpg,2,1,0,2,3,0,1,0,1,1
G:\Thesis\FACET_Dataset\Segmented_FACET_0.2_fixed_label\sa_10174018.jpg,5,4,1,4,5,1,0,1,1,1
G:\Thesis\FACET_Dataset\Segmented_FACET_0.2_fixed_label\sa_7425073.jpg,3,2,0,1,2,0,1,0,1,1
G:\Thesis\FACET_Dataset\Segmented_FACET_0.2_fixed_label\sa_2854264.jpg,1,0,0,2,3,0,2,0,0,1
G:\Thesis\FACET_Dataset\Segmented_FACET_0.2_fixed_label\sa_3342345.jpg,3,2,0,2,3,0,0,1,1,1
G:\Thesis\FACET_Dataset\Segmented_FACET_0.2_fixed_label\sa_6496164.jpg,2,1,0,2,3,0,1,0,1,1
G:\Thesis\FACET_Dataset\Segmented_FACET_0.2_fixed_label\sa_1019131.jpg,5,4,1,3,4,1,1,0,1,1
G:\Thesis\FACET_Dataset\Segmented_FACET_0.2_fixed_label\sa_9463288.jpg,6,5,1,3,4,1,2,0,0,1
G:\Thesis\FACET_Dataset\Segmented_FACET_0.2_fixed_label\sa_8493050.jpg,3,2,0,5,6,1,3,0,0,0
G:\Thesis\FACET_Dataset\Segmented_FACET_0.2_fixed_label\sa_3462857.jpg,3,2,0,3,4,1,1,0,1,0
G:\Thesis\FACET_Dataset\Segmented_FACET_0.2_fixed_label\sa_10174351.jpg,5,4,1,4,5,1,0,1,1,1
G:\Thesis\FACET_Dataset\Segmented_FACET_0.2_fixed_label\sa_395957.jpg,4,3,1,4,5,1,1,0,1,1
G:\Thesis\FACET_Dataset\Segmented_FACET_0.2_fixed_label\sa_3349120.jpg,2,1,0,1,2,0,0,1,1,1
G:\Thesis\FACET_Dataset\Segmented_FACET_0.2_fixed_label\sa_4883278.jpg,3,2,0,3,4,1,1,0,1,0
G:\Thesis\FACET_Dataset\Segmented_FACET_0.2_fixed_label\sa_1754250.jpg,3,2,0,4,5,1,2,0,0,0
G:\Thesis\FACET_Dataset\Segmented_FACET_0.2_fixed_label\sa_9623538.jpg,5,4,1,3,4,1,1,0,1,1
G:\Thesis\FACET_Dataset\Segmented_FACET_0.2_fixed_label\sa_6864676.jpg,5,4,1,1,2,0,3,0,0,0
G:\Thesis\FACET_Dataset\Segmented_FACET_0.2_fixed_label\sa_3528102.jpg,7,6,1,3,4,1,3,0,0,1
G:\Thesis\FACET_Dataset\Segmented_FACET_0.2_fixed_label\sa_3427390.jpg,5,4,1,6,7,1,2,0,0,1
G:\Thesis\FACET_Dataset\Segmented_FACET_0.2_fixed_label\sa_5720992.jpg,5,4,1,4,5,1,0,1,1,1
G:\Thesis\FACET_Dataset\Segmented_FACET_0.2_fixed_label\sa_5898213.jpg,3,2,0,6,7,1,4,0,0,0
G:\Thesis\FACET_Dataset\Segmented_FACET_0.2_fixed_label\sa_8427177.jpg,3,2,0,0,1,0,2,0,0,1
G:\Thesis\FACET_Dataset\Segmented_FACET_0.2_fixed_label\sa_2441429.jpg,2,1,0,3,4,1,2,0,0,0
G:\Thesis\FACET_Dataset\Segmented_FACET_0.2_fixed_label\sa_1083087.jpg,6,5,1,4,5,1,1,0,1,1
G:\Thesis\FACET_Dataset\Segmented_FACET_0.2_fixed_label\sa_3841968.jpg,2,1,0,3,4,1,2,0,0,0
G:\Thesis\FACET_Dataset\Segmented_FACET_0.2_fixed_label\sa_5493425.jpg,6,5,1,3,4,1,2,0,0,1
G:\Thesis\FACET_Dataset\Segmented_FACET_0.2_fixed_label\sa_7635564.jpg,3,2,0,1,2,0,1,0,1,1
G:\Thesis\FACET_Dataset\Segmented_FACET_0.2_fixed_label\sa_8142394.jpg,3,2,0,2,3,0,0,1,1,1
G:\Thesis\FACET_Dataset\Segmented_FACET_0.2_fixed_label\sa_4169142.jpg,7,6,1,3,4,1,3,0,0,1
G:\Thesis\FACET_Dataset\Segmented_FACET_0.2_fixed_label\sa_5735246.jpg,3,2,0,4,5,1,2,0,0,0
G:\Thesis\FACET_Dataset\Segmented_FACET_0.2_fixed_label\sa_11038125.jpg,2,1,0,4,5,1,3,0,0,0
G:\Thesis\FACET_Dataset\Segmented_FACET_0.2_fixed_label\sa_4069391.jpg,6,5,1,4,5,1,1,0,1,1
G:\Thesis\FACET_Dataset\Segmented_FACET_0.2_fixed_label\sa_5075984.jpg,7,6,1,4,5,1,2,0,0,1
G:\Thesis\FACET_Dataset\Segmented_FACET_0.2_fixed_label\sa_4678099.jpg,6,5,1,2,3,0,3,0,0,0
G:\Thesis\FACET_Dataset\Segmented_FACET_0.2_fixed_label\sa_3478678.jpg,8,7,2,5,6,1,2,0,0,0
G:\Thesis\FACET_Dataset\Segmented_FACET_0.2_fixed_label\sa_3130679.jpg,5,4,1,5,6,1,1,0,1,1
G:\Thesis\FACET_Dataset\Segmented_FACET_0.2_fixed_label\sa_10811834.jpg,3,2,0,4,5,1,2,0,0,0
G:\Thesis\FACET_Dataset\Segmented_FACET_0.2_fixed_label\sa_139877.jpg,6,5,1,6,7,1,1,0,1,1
G:\Thesis\FACET_Dataset\Segmented_FACET_0.2_fixed_label\sa_5176932.jpg,1,0,0,4,5,1,4,0,0,0
G:\Thesis\FACET_Dataset\Segmented_FACET_0.2_fixed_label\sa_8344021.jpg,2,1,0,3,4,1,2,0,0,0
G:\Thesis\FACET_Dataset\Segmented_FACET_0.2_fixed_label\sa_9110194.jpg,4,3,1,1,2,0,2,0,0,0
G:\Thesis\FACET_Dataset\Segmented_FACET_0.2_fixed_label\sa_4012126.jpg,4,3,1,4,5,1,1,0,1,1
G:\Thesis\FACET_Dataset\Segmented_FACET_0.2_fixed_label\sa_144272.jpg,5,4,1,3,4,1,1,0,1,1
G:\Thesis\FACET_Dataset\Segmented_FACET_0.2_fixed_label\sa_8836682.jpg,9,8,2,3,4,1,5,0,0,0
G:\Thesis\FACET_Dataset\Segmented_FACET_0.2_fixed_label\sa_5966367.jpg,2,1,0,1,2,0,0,1,1,1
G:\Thesis\FACET_Dataset\Segmented_FACET_0.2_fixed_label\sa_7474623.jpg,5,4,1,1,2,0,3,0,0,0
G:\Thesis\FACET_Dataset\Segmented_FACET_0.2_fixed_label\sa_10417254.jpg,4,3,1,4,5,1,1,0,1,1
G:\Thesis\FACET_Dataset\Segmented_FACET_0.2_fixed_label\sa_975478.jpg,3,2,0,3,4,1,1,0,1,0
G:\Thesis\FACET_Dataset\Segmented_FACET_0.2_fixed_label\sa_8408637.jpg,3,2,0,3,4,1,1,0,1,0
G:\Thesis\FACET_Dataset\Segmented_FACET_0.2_fixed_label\sa_43021.jpg,2,1,0,3,4,1,2,0,0,0
G:\Thesis\FACET_Dataset\Segmented_FACET_0.2_fixed_label\sa_756675.jpg,4,3,1,3,4,1,0,1,1,1
G:\Thesis\FACET_Dataset\Segmented_FACET_0.2_fixed_label\sa_8514320.jpg,4,3,1,4,5,1,1,0,1,1
G:\Thesis\FACET_Dataset\Segmented_FACET_0.2_fixed_label\sa_684150.jpg,3,2,0,1,2,0,1,0,1,1
G:\Thesis\FACET_Dataset\Segmented_FACET_0.2_fixed_label\sa_8759833.jpg,2,1,0,1,2,0,0,1,1,1
G:\Thesis\FACET_Dataset\Segmented_FACET_0.2_fixed_label\sa_2952491.jpg,6,5,1,5,6,1,0,1,1,1
G:\Thesis\FACET_Dataset\Segmented_FACET_0.2_fixed_label\sa_3743004.jpg,5,4,1,3,4,1,1,0,1,1
G:\Thesis\FACET_Dataset\Segmented_FACET_0.2_fixed_label\sa_8671362.jpg,3,2,0,3,4,1,1,0,1,0
G:\Thesis\FACET_Dataset\Segmented_FACET_0.2_fixed_label\sa_4512725.jpg,4,3,1,3,4,1,0,1,1,1
G:\Thesis\FACET_Dataset\Segmented_FACET_0.2_fixed_label\sa_10881675.jpg,7,6,1,7,8,2,1,0,1,0
G:\Thesis\FACET_Dataset\Segmented_FACET_0.2_fixed_label\sa_10480752.jpg,3,2,0,4,5,1,2,0,0,0
G:\Thesis\FACET_Dataset\Segmented_FACET_0.2_fixed_label\sa_7975682.jpg,3,2,0,5,6,1,3,0,0,0
G:\Thesis\FACET_Dataset\Segmented_FACET_0.2_fixed_label\sa_6101481.jpg,4,3,1,2,3,0,1,0,1,0
G:\Thesis\FACET_Dataset\Segmented_FACET_0.2_fixed_label\sa_7405457.jpg,2,1,0,3,4,1,2,0,0,0
G:\Thesis\FACET_Dataset\Segmented_FACET_0.2_fixed_label\sa_6761319.jpg,7,6,1,5,6,1,1,0,1,1
G:\Thesis\FACET_Dataset\Segmented_FACET_0.2_fixed_label\sa_11041036.jpg,2,1,0,3,4,1,2,0,0,0
G:\Thesis\FACET_Dataset\Segmented_FACET_0.2_fixed_label\sa_721088.jpg,2,1,0,2,3,0,1,0,1,1
G:\Thesis\FACET_Dataset\Segmented_FACET_0.2_fixed_label\sa_10621873.jpg,3,2,0,4,5,1,2,0,0,0
G:\Thesis\FACET_Dataset\Segmented_FACET_0.2_fixed_label\sa_2485477.jpg,5,4,1,3,4,1,1,0,1,1
G:\Thesis\FACET_Dataset\Segmented_FACET_0.2_fixed_label\sa_4352310.jpg,3,2,0,1,2,0,1,0,1,1
G:\Thesis\FACET_Dataset\Segmented_FACET_0.2_fixed_label\sa_6458048.jpg,3,2,0,5,6,1,3,0,0,0
G:\Thesis\FACET_Dataset\Segmented_FACET_0.2_fixed_label\sa_10802327.jpg,2,1,0,5,6,1,4,0,0,0
G:\Thesis\FACET_Dataset\Segmented_FACET_0.2_fixed_label\sa_1229254.jpg,3,2,0,6,7,1,4,0,0,0
G:\Thesis\FACET_Dataset\Segmented_FACET_0.2_fixed_label\sa_3176102.jpg,3,2,0,6,7,1,4,0,0,0
G:\Thesis\FACET_Dataset\Segmented_FACET_0.2_fixed_label\sa_6069199.jpg,7,6,1,5,6,1,1,0,1,1
G:\Thesis\FACET_Dataset\Segmented_FACET_0.2_fixed_label\sa_3625603.jpg,3,2,0,3,4,1,1,0,1,0
G:\Thesis\FACET_Dataset\Segmented_FACET_0.2_fixed_label\sa_832972.jpg,3,2,0,4,5,1,2,0,0,0
G:\Thesis\FACET_Dataset\Segmented_FACET_0.2_fixed_label\sa_10498237.jpg,2,1,0,3,4,1,2,0,0,0
G:\Thesis\FACET_Dataset\Segmented_FACET_0.2_fixed_label\sa_8748882.jpg,5,4,1,4,5,1,0,1,1,1
G:\Thesis\FACET_Dataset\Segmented_FACET_0.2_fixed_label\sa_5717218.jpg,4,3,1,3,4,1,0,1,1,1
G:\Thesis\FACET_Dataset\Segmented_FACET_0.2_fixed_label\sa_10003058.jpg,5,4,1,5,6,1,1,0,1,1
G:\Thesis\FACET_Dataset\Segmented_FACET_0.2_fixed_label\sa_1541786.jpg,5,4,1,4,5,1,0,1,1,1
G:\Thesis\FACET_Dataset\Segmented_FACET_0.2_fixed_label\sa_10899468.jpg,3,2,0,3,4,1,1,0,1,0
G:\Thesis\FACET_Dataset\Segmented_FACET_0.2_fixed_label\sa_4185296.jpg,4,3,1,2,3,0,1,0,1,0
G:\Thesis\FACET_Dataset\Segmented_FACET_0.2_fixed_label\sa_8313980.jpg,4,3,1,3,4,1,0,1,1,1
G:\Thesis\FACET_Dataset\Segmented_FACET_0.2_fixed_label\sa_6578720.jpg,2,1,0,3,4,1,2,0,0,0
G:\Thesis\FACET_Dataset\Segmented_FACET_0.2_fixed_label\sa_7853872.jpg,3,2,0,3,4,1,1,0,1,0
G:\Thesis\FACET_Dataset\Segmented_FACET_0.2_fixed_label\sa_3177886.jpg,4,3,1,4,5,1,1,0,1,1
G:\Thesis\FACET_Dataset\Segmented_FACET_0.2_fixed_label\sa_7828662.jpg,4,3,1,1,2,0,2,0,0,0
G:\Thesis\FACET_Dataset\Segmented_FACET_0.2_fixed_label\sa_10329456.jpg,2,1,0,1,2,0,0,1,1,1
G:\Thesis\FACET_Dataset\Segmented_FACET_0.2_fixed_label\sa_3699842.jpg,3,2,0,3,4,1,1,0,1,0
G:\Thesis\FACET_Dataset\Segmented_FACET_0.2_fixed_label\sa_2377855.jpg,8,7,2,5,6,1,2,0,0,0
G:\Thesis\FACET_Dataset\Segmented_FACET_0.2_fixed_label\sa_8690131.jpg,5,4,1,2,3,0,2,0,0,0
G:\Thesis\FACET_Dataset\Segmented_FACET_0.2_fixed_label\sa_3921809.jpg,5,4,1,2,3,0,2,0,0,0
G:\Thesis\FACET_Dataset\Segmented_FACET_0.2_fixed_label\sa_2684937.jpg,2,1,0,4,5,1,3,0,0,0
G:\Thesis\FACET_Dataset\Segmented_FACET_0.2_fixed_label\sa_9354391.jpg,3,2,0,7,8,2,5,0,0,0
G:\Thesis\FACET_Dataset\Segmented_FACET_0.2_fixed_label\sa_9564189.jpg,2,1,0,3,4,1,2,0,0,0
G:\Thesis\FACET_Dataset\Segmented_FACET_0.2_fixed_label\sa_8250972.jpg,6,5,1,4,5,1,1,0,1,1
G:\Thesis\FACET_Dataset\Segmented_FACET_0.2_fixed_label\sa_585794.jpg,4,3,1,5,6,1,2,0,0,1
G:\Thesis\FACET_Dataset\Segmented_FACET_0.2_fixed_label\sa_3152909.jpg,3,2,0,1,2,0,1,0,1,1
G:\Thesis\FACET_Dataset\Segmented_FACET_0.2_fixed_label\sa_3135328.jpg,5,4,1,5,6,1,1,0,1,1
G:\Thesis\FACET_Dataset\Segmented_FACET_0.2_fixed_label\sa_4588306.jpg,2,1,0,1,2,0,0,1,1,1
G:\Thesis\FACET_Dataset\Segmented_FACET_0.2_fixed_label\sa_1996974.jpg,5,4,1,3,4,1,1,0,1,1
G:\Thesis\FACET_Dataset\Segmented_FACET_0.2_fixed_label\sa_2889760.jpg,6,5,1,5,6,1,0,1,1,1
G:\Thesis\FACET_Dataset\Segmented_FACET_0.2_fixed_label\sa_1978583.jpg,5,4,1,4,5,1,0,1,1,1
G:\Thesis\FACET_Dataset\Segmented_FACET_0.2_fixed_label\sa_10002712.jpg,4,3,1,4,5,1,1,0,1,1
G:\Thesis\FACET_Dataset\Segmented_FACET_0.2_fixed_label\sa_5999444.jpg,6,5,1,4,5,1,1,0,1,1
G:\Thesis\FACET_Dataset\Segmented_FACET_0.2_fixed_label\sa_5858945.jpg,4,3,1,3,4,1,0,1,1,1
G:\Thesis\FACET_Dataset\Segmented_FACET_0.2_fixed_label\sa_3627160.jpg,3,2,0,6,7,1,4,0,0,0
G:\Thesis\FACET_Dataset\Segmented_FACET_0.2_fixed_label\sa_6812175.jpg,3,2,0,3,4,1,1,0,1,0
G:\Thesis\FACET_Dataset\Segmented_FACET_0.2_fixed_label\sa_9563959.jpg,3,2,0,3,4,1,1,0,1,0
G:\Thesis\FACET_Dataset\Segmented_FACET_0.2_fixed_label\sa_4521162.jpg,3,2,0,6,7,1,4,0,0,0
G:\Thesis\FACET_Dataset\Segmented_FACET_0.2_fixed_label\sa_10001648.jpg,6,5,1,5,6,1,0,1,1,1
G:\Thesis\FACET_Dataset\Segmented_FACET_0.2_fixed_label\sa_801379.jpg,4,3,1,5,6,1,2,0,0,1
G:\Thesis\FACET_Dataset\Segmented_FACET_0.2_fixed_label\sa_6546235.jpg,6,5,1,7,8,2,2,0,0,0
G:\Thesis\FACET_Dataset\Segmented_FACET_0.2_fixed_label\sa_2411349.jpg,4,3,1,3,4,1,0,1,1,1
G:\Thesis\FACET_Dataset\Segmented_FACET_0.2_fixed_label\sa_10821561.jpg,3,2,0,5,6,1,3,0,0,0
G:\Thesis\FACET_Dataset\Segmented_FACET_0.2_fixed_label\sa_1041700.jpg,2,1,0,5,6,1,4,0,0,0
G:\Thesis\FACET_Dataset\Segmented_FACET_0.2_fixed_label\sa_10964667.jpg,3,2,0,5,6,1,3,0,0,0
G:\Thesis\FACET_Dataset\Segmented_FACET_0.2_fixed_label\sa_3275694.jpg,6,5,1,5,6,1,0,1,1,1
G:\Thesis\FACET_Dataset\Segmented_FACET_0.2_fixed_label\sa_5982826.jpg,8,7,2,3,4,1,4,0,0,0
G:\Thesis\FACET_Dataset\Segmented_FACET_0.2_fixed_label\sa_4407036.jpg,1,0,0,3,4,1,3,0,0,0
G:\Thesis\FACET_Dataset\Segmented_FACET_0.2_fixed_label\sa_10189697.jpg,7,6,1,6,7,1,0,1,1,1
G:\Thesis\FACET_Dataset\Segmented_FACET_0.2_fixed_label\sa_8011527.jpg,2,1,0,4,5,1,3,0,0,0
G:\Thesis\FACET_Dataset\Segmented_FACET_0.2_fixed_label\sa_273420.jpg,4,3,1,3,4,1,0,1,1,1
G:\Thesis\FACET_Dataset\Segmented_FACET_0.2_fixed_label\sa_1809016.jpg,4,3,1,5,6,1,2,0,0,1
G:\Thesis\FACET_Dataset\Segmented_FACET_0.2_fixed_label\sa_8448924.jpg,7,6,1,5,6,1,1,0,1,1
G:\Thesis\FACET_Dataset\Segmented_FACET_0.2_fixed_label\sa_4781192.jpg,2,1,0,4,5,1,3,0,0,0
G:\Thesis\FACET_Dataset\Segmented_FACET_0.2_fixed_label\sa_2278640.jpg,2,1,0,2,3,0,1,0,1,1
G:\Thesis\FACET_Dataset\Segmented_FACET_0.2_fixed_label\sa_7429624.jpg,6,5,1,5,6,1,0,1,1,1
G:\Thesis\FACET_Dataset\Segmented_FACET_0.2_fixed_label\sa_3973611.jpg,4,3,1,6,7,1,3,0,0,1
G:\Thesis\FACET_Dataset\Segmented_FACET_0.2_fixed_label\sa_4586335.jpg,3,2,0,5,6,1,3,0,0,0
G:\Thesis\FACET_Dataset\Segmented_FACET_0.2_fixed_label\sa_7237800.jpg,7,6,1,5,6,1,1,0,1,1
G:\Thesis\FACET_Dataset\Segmented_FACET_0.2_fixed_label\sa_2965847.jpg,5,4,1,5,6,1,1,0,1,1
G:\Thesis\FACET_Dataset\Segmented_FACET_0.2_fixed_label\sa_10267437.jpg,4,3,1,3,4,1,0,1,1,1
G:\Thesis\FACET_Dataset\Segmented_FACET_0.2_fixed_label\sa_1874625.jpg,4,3,1,4,5,1,1,0,1,1
G:\Thesis\FACET_Dataset\Segmented_FACET_0.2_fixed_label\sa_10782000.jpg,7,6,1,4,5,1,2,0,0,1
G:\Thesis\FACET_Dataset\Segmented_FACET_0.2_fixed_label\sa_3681103.jpg,3,2,0,4,5,1,2,0,0,0
G:\Thesis\FACET_Dataset\Segmented_FACET_0.2_fixed_label\sa_7491961.jpg,4,3,1,2,3,0,1,0,1,0
G:\Thesis\FACET_Dataset\Segmented_FACET_0.2_fixed_label\sa_3841968.jpg,5,4,1,3,4,1,1,0,1,1
G:\Thesis\FACET_Dataset\Segmented_FACET_0.2_fixed_label\sa_5158655.jpg,7,6,1,5,6,1,1,0,1,1
G:\Thesis\FACET_Dataset\Segmented_FACET_0.2_fixed_label\sa_1249342.jpg,4,3,1,4,5,1,1,0,1,1
G:\Thesis\FACET_Dataset\Segmented_FACET_0.2_fixed_label\sa_1105627.jpg,3,2,0,3,4,1,1,0,1,0
G:\Thesis\FACET_Dataset\Segmented_FACET_0.2_fixed_label\sa_2785970.jpg,3,2,0,5,6,1,3,0,0,0
G:\Thesis\FACET_Dataset\Segmented_FACET_0.2_fixed_label\sa_1170848.jpg,3,2,0,4,5,1,2,0,0,0
G:\Thesis\FACET_Dataset\Segmented_FACET_0.2_fixed_label\sa_196464.jpg,8,7,2,7,8,2,0,1,1,1
G:\Thesis\FACET_Dataset\Segmented_FACET_0.2_fixed_label\sa_6229908.jpg,2,1,0,1,2,0,0,1,1,1
G:\Thesis\FACET_Dataset\Segmented_FACET_0.2_fixed_label\sa_6353199.jpg,2,1,0,5,6,1,4,0,0,0
G:\Thesis\FACET_Dataset\Segmented_FACET_0.2_fixed_label\sa_9249401.jpg,3,2,0,3,4,1,1,0,1,0
G:\Thesis\FACET_Dataset\Segmented_FACET_0.2_fixed_label\sa_639715.jpg,5,4,1,3,4,1,1,0,1,1
G:\Thesis\FACET_Dataset\Segmented_FACET_0.2_fixed_label\sa_4528508.jpg,5,4,1,3,4,1,1,0,1,1
G:\Thesis\FACET_Dataset\Segmented_FACET_0.2_fixed_label\sa_10022161.jpg,2,1,0,4,5,1,3,0,0,0
G:\Thesis\FACET_Dataset\Segmented_FACET_0.2_fixed_label\sa_7060267.jpg,2,1,0,4,5,1,3,0,0,0
G:\Thesis\FACET_Dataset\Segmented_FACET_0.2_fixed_label\sa_7771062.jpg,3,2,0,5,6,1,3,0,0,0
G:\Thesis\FACET_Dataset\Segmented_FACET_0.2_fixed_label\sa_1886950.jpg,8,7,2,5,6,1,2,0,0,0
G:\Thesis\FACET_Dataset\Segmented_FACET_0.2_fixed_label\sa_3065809.jpg,5,4,1,3,4,1,1,0,1,1
G:\Thesis\FACET_Dataset\Segmented_FACET_0.2_fixed_label\sa_6533539.jpg,6,5,1,4,5,1,1,0,1,1
G:\Thesis\FACET_Dataset\Segmented_FACET_0.2_fixed_label\sa_8867275.jpg,2,1,0,0,1,0,1,0,1,1
G:\Thesis\FACET_Dataset\Segmented_FACET_0.2_fixed_label\sa_6418033.jpg,4,3,1,5,6,1,2,0,0,1
G:\Thesis\FACET_Dataset\Segmented_FACET_0.2_fixed_label\sa_7680187.jpg,2,1,0,3,4,1,2,0,0,0
G:\Thesis\FACET_Dataset\Segmented_FACET_0.2_fixed_label\sa_9665972.jpg,2,1,0,5,6,1,4,0,0,0
G:\Thesis\FACET_Dataset\Segmented_FACET_0.2_fixed_label\sa_2320381.jpg,3,2,0,4,5,1,2,0,0,0
G:\Thesis\FACET_Dataset\Segmented_FACET_0.2_fixed_label\sa_9152044.jpg,4,3,1,4,5,1,1,0,1,1
G:\Thesis\FACET_Dataset\Segmented_FACET_0.2_fixed_label\sa_6106860.jpg,2,1,0,2,3,0,1,0,1,1
G:\Thesis\FACET_Dataset\Segmented_FACET_0.2_fixed_label\sa_4835154.jpg,5,4,1,4,5,1,0,1,1,1
G:\Thesis\FACET_Dataset\Segmented_FACET_0.2_fixed_label\sa_5589099.jpg,3,2,0,3,4,1,1,0,1,0
G:\Thesis\FACET_Dataset\Segmented_FACET_0.2_fixed_label\sa_9174572.jpg,2,1,0,3,4,1,2,0,0,0
G:\Thesis\FACET_Dataset\Segmented_FACET_0.2_fixed_label\sa_9464221.jpg,3,2,0,5,6,1,3,0,0,0
G:\Thesis\FACET_Dataset\Segmented_FACET_0.2_fixed_label\sa_4101104.jpg,4,3,1,3,4,1,0,1,1,1
G:\Thesis\FACET_Dataset\Segmented_FACET_0.2_fixed_label\sa_3900050.jpg,5,4,1,5,6,1,1,0,1,1
G:\Thesis\FACET_Dataset\Segmented_FACET_0.2_fixed_label\sa_2782825.jpg,4,3,1,4,5,1,1,0,1,1
G:\Thesis\FACET_Dataset\Segmented_FACET_0.2_fixed_label\sa_4462916.jpg,4,3,1,2,3,0,1,0,1,0
G:\Thesis\FACET_Dataset\Segmented_FACET_0.2_fixed_label\sa_4490676.jpg,6,5,1,4,5,1,1,0,1,1
G:\Thesis\FACET_Dataset\Segmented_FACET_0.2_fixed_label\sa_7841522.jpg,6,5,1,4,5,1,1,0,1,1
G:\Thesis\FACET_Dataset\Segmented_FACET_0.2_fixed_label\sa_7930860.jpg,5,4,1,4,5,1,0,1,1,1
G:\Thesis\FACET_Dataset\Segmented_FACET_0.2_fixed_label\sa_1163698.jpg,4,3,1,7,8,2,4,0,0,0
G:\Thesis\FACET_Dataset\Segmented_FACET_0.2_fixed_label\sa_11027219.jpg,3,2,0,4,5,1,2,0,0,0
G:\Thesis\FACET_Dataset\Segmented_FACET_0.2_fixed_label\sa_10531868.jpg,3,2,0,3,4,1,1,0,1,0
G:\Thesis\FACET_Dataset\Segmented_FACET_0.2_fixed_label\sa_10235089.jpg,8,7,2,3,4,1,4,0,0,0
G:\Thesis\FACET_Dataset\Segmented_FACET_0.2_fixed_label\sa_5889695.jpg,6,5,1,5,6,1,0,1,1,1
G:\Thesis\FACET_Dataset\Segmented_FACET_0.2_fixed_label\sa_5504254.jpg,2,1,0,2,3,0,1,0,1,1
G:\Thesis\FACET_Dataset\Segmented_FACET_0.2_fixed_label\sa_4138210.jpg,2,1,0,2,3,0,1,0,1,1
G:\Thesis\FACET_Dataset\Segmented_FACET_0.2_fixed_label\sa_1428763.jpg,5,4,1,4,5,1,0,1,1,1
G:\Thesis\FACET_Dataset\Segmented_FACET_0.2_fixed_label\sa_7377444.jpg,2,1,0,2,3,0,1,0,1,1
G:\Thesis\FACET_Dataset\Segmented_FACET_0.2_fixed_label\sa_3110162.jpg,4,3,1,5,6,1,2,0,0,1
G:\Thesis\FACET_Dataset\Segmented_FACET_0.2_fixed_label\sa_7447224.jpg,4,3,1,2,3,0,1,0,1,0
G:\Thesis\FACET_Dataset\Segmented_FACET_0.2_fixed_label\sa_11027874.jpg,2,1,0,5,6,1,4,0,0,0
G:\Thesis\FACET_Dataset\Segmented_FACET_0.2_fixed_label\sa_4501234.jpg,6,5,1,6,7,1,1,0,1,1
G:\Thesis\FACET_Dataset\Segmented_FACET_0.2_fixed_label\sa_2343576.jpg,3,2,0,1,2,0,1,0,1,1
G:\Thesis\FACET_Dataset\Segmented_FACET_0.2_fixed_label\sa_665782.jpg,2,1,0,3,4,1,2,0,0,0
G:\Thesis\FACET_Dataset\Segmented_FACET_0.2_fixed_label\sa_8553302.jpg,9,8,2,4,5,1,4,0,0,0
G:\Thesis\FACET_Dataset\Segmented_FACET_0.2_fixed_label\sa_10618926.jpg,4,3,1,3,4,1,0,1,1,1
G:\Thesis\FACET_Dataset\Segmented_FACET_0.2_fixed_label\sa_10408760.jpg,4,3,1,3,4,1,0,1,1,1
G:\Thesis\FACET_Dataset\Segmented_FACET_0.2_fixed_label\sa_8743424.jpg,2,1,0,3,4,1,2,0,0,0
G:\Thesis\FACET_Dataset\Segmented_FACET_0.2_fixed_label\sa_5633666.jpg,4,3,1,4,5,1,1,0,1,1
G:\Thesis\FACET_Dataset\Segmented_FACET_0.2_fixed_label\sa_5187236.jpg,3,2,0,2,3,0,0,1,1,1
G:\Thesis\FACET_Dataset\Segmented_FACET_0.2_fixed_label\sa_10786063.jpg,3,2,0,5,6,1,3,0,0,0
G:\Thesis\FACET_Dataset\Segmented_FACET_0.2_fixed_label\sa_2257401.jpg,4,3,1,4,5,1,1,0,1,1
G:\Thesis\FACET_Dataset\Segmented_FACET_0.2_fixed_label\sa_7593135.jpg,3,2,0,1,2,0,1,0,1,1
G:\Thesis\FACET_Dataset\Segmented_FACET_0.2_fixed_label\sa_5460606.jpg,2,1,0,1,2,0,0,1,1,1
G:\Thesis\FACET_Dataset\Segmented_FACET_0.2_fixed_label\sa_9198606.jpg,4,3,1,4,5,1,1,0,1,1
G:\Thesis\FACET_Dataset\Segmented_FACET_0.2_fixed_label\sa_5514513.jpg,2,1,0,4,5,1,3,0,0,0
G:\Thesis\FACET_Dataset\Segmented_FACET_0.2_fixed_label\sa_5574212.jpg,3,2,0,3,4,1,1,0,1,0
G:\Thesis\FACET_Dataset\Segmented_FACET_0.2_fixed_label\sa_9476713.jpg,6,5,1,6,7,1,1,0,1,1
G:\Thesis\FACET_Dataset\Segmented_FACET_0.2_fixed_label\sa_896542.jpg,5,4,1,4,5,1,0,1,1,1
G:\Thesis\FACET_Dataset\Segmented_FACET_0.2_fixed_label\sa_5834056.jpg,4,3,1,4,5,1,1,0,1,1
G:\Thesis\FACET_Dataset\Segmented_FACET_0.2_fixed_label\sa_10242779.jpg,9,8,2,2,3,0,6,0,0,0
G:\Thesis\FACET_Dataset\Segmented_FACET_0.2_fixed_label\sa_6269457.jpg,2,1,0,3,4,1,2,0,0,0
G:\Thesis\FACET_Dataset\Segmented_FACET_0.2_fixed_label\sa_4596018.jpg,2,1,0,3,4,1,2,0,0,0
G:\Thesis\FACET_Dataset\Segmented_FACET_0.2_fixed_label\sa_867907.jpg,4,3,1,2,3,0,1,0,1,0
G:\Thesis\FACET_Dataset\Segmented_FACET_0.2_fixed_label\sa_4512725.jpg,3,2,0,3,4,1,1,0,1,0
G:\Thesis\FACET_Dataset\Segmented_FACET_0.2_fixed_label\sa_7178590.jpg,3,2,0,2,3,0,0,1,1,1
G:\Thesis\FACET_Dataset\Segmented_FACET_0.2_fixed_label\sa_8079735.jpg,6,5,1,3,4,1,2,0,0,1
G:\Thesis\FACET_Dataset\Segmented_FACET_0.2_fixed_label\sa_8845214.jpg,3,2,0,3,4,1,1,0,1,0
G:\Thesis\FACET_Dataset\Segmented_FACET_0.2_fixed_label\sa_5716175.jpg,2,1,0,1,2,0,0,1,1,1
G:\Thesis\FACET_Dataset\Segmented_FACET_0.2_fixed_label\sa_6174904.jpg,2,1,0,3,4,1,2,0,0,0
G:\Thesis\FACET_Dataset\Segmented_FACET_0.2_fixed_label\sa_4040599.jpg,5,4,1,5,6,1,1,0,1,1
G:\Thesis\FACET_Dataset\Segmented_FACET_0.2_fixed_label\sa_9266267.jpg,5,4,1,4,5,1,0,1,1,1
G:\Thesis\FACET_Dataset\Segmented_FACET_0.2_fixed_label\sa_6174904.jpg,1,0,0,3,4,1,3,0,0,0
G:\Thesis\FACET_Dataset\Segmented_FACET_0.2_fixed_label\sa_3586298.jpg,4,3,1,4,5,1,1,0,1,1
G:\Thesis\FACET_Dataset\Segmented_FACET_0.2_fixed_label\sa_4302069.jpg,3,2,0,3,4,1,1,0,1,0
G:\Thesis\FACET_Dataset\Segmented_FACET_0.2_fixed_label\sa_2382091.jpg,2,1,0,4,5,1,3,0,0,0
G:\Thesis\FACET_Dataset\Segmented_FACET_0.2_fixed_label\sa_7086028.jpg,7,6,1,2,3,0,4,0,0,0
G:\Thesis\FACET_Dataset\Segmented_FACET_0.2_fixed_label\sa_6826297.jpg,6,5,1,5,6,1,0,1,1,1
G:\Thesis\FACET_Dataset\Segmented_FACET_0.2_fixed_label\sa_6988881.jpg,2,1,0,4,5,1,3,0,0,0
G:\Thesis\FACET_Dataset\Segmented_FACET_0.2_fixed_label\sa_10177472.jpg,4,3,1,3,4,1,0,1,1,1
G:\Thesis\FACET_Dataset\Segmented_FACET_0.2_fixed_label\sa_4686189.jpg,3,2,0,4,5,1,2,0,0,0
G:\Thesis\FACET_Dataset\Segmented_FACET_0.2_fixed_label\sa_9588623.jpg,2,1,0,3,4,1,2,0,0,0
G:\Thesis\FACET_Dataset\Segmented_FACET_0.2_fixed_label\sa_6846608.jpg,4,3,1,4,5,1,1,0,1,1
G:\Thesis\FACET_Dataset\Segmented_FACET_0.2_fixed_label\sa_1890196.jpg,2,1,0,3,4,1,2,0,0,0
G:\Thesis\FACET_Dataset\Segmented_FACET_0.2_fixed_label\sa_285338.jpg,2,1,0,5,6,1,4,0,0,0
G:\Thesis\FACET_Dataset\Segmented_FACET_0.2_fixed_label\sa_9042095.jpg,5,4,1,2,3,0,2,0,0,0
G:\Thesis\FACET_Dataset\Segmented_FACET_0.2_fixed_label\sa_5181105.jpg,5,4,1,5,6,1,1,0,1,1
G:\Thesis\FACET_Dataset\Segmented_FACET_0.2_fixed_label\sa_5420237.jpg,4,3,1,7,8,2,4,0,0,0
G:\Thesis\FACET_Dataset\Segmented_FACET_0.2_fixed_label\sa_10644487.jpg,2,1,0,5,6,1,4,0,0,0
G:\Thesis\FACET_Dataset\Segmented_FACET_0.2_fixed_label\sa_5391008.jpg,4,3,1,3,4,1,0,1,1,1
G:\Thesis\FACET_Dataset\Segmented_FACET_0.2_fixed_label\sa_1615446.jpg,6,5,1,5,6,1,0,1,1,1
G:\Thesis\FACET_Dataset\Segmented_FACET_0.2_fixed_label\sa_5390566.jpg,4,3,1,4,5,1,1,0,1,1
G:\Thesis\FACET_Dataset\Segmented_FACET_0.2_fixed_label\sa_8839215.jpg,3,2,0,4,5,1,2,0,0,0
G:\Thesis\FACET_Dataset\Segmented_FACET_0.2_fixed_label\sa_544772.jpg,3,2,0,5,6,1,3,0,0,0
G:\Thesis\FACET_Dataset\Segmented_FACET_0.2_fixed_label\sa_4231575.jpg,3,2,0,2,3,0,0,1,1,1
G:\Thesis\FACET_Dataset\Segmented_FACET_0.2_fixed_label\sa_6212263.jpg,8,7,2,7,8,2,0,1,1,1
G:\Thesis\FACET_Dataset\Segmented_FACET_0.2_fixed_label\sa_5324181.jpg,4,3,1,3,4,1,0,1,1,1
G:\Thesis\FACET_Dataset\Segmented_FACET_0.2_fixed_label\sa_10715525.jpg,5,4,1,2,3,0,2,0,0,0
G:\Thesis\FACET_Dataset\Segmented_FACET_0.2_fixed_label\sa_6494341.jpg,5,4,1,3,4,1,1,0,1,1
G:\Thesis\FACET_Dataset\Segmented_FACET_0.2_fixed_label\sa_4196530.jpg,6,5,1,5,6,1,0,1,1,1
G:\Thesis\FACET_Dataset\Segmented_FACET_0.2_fixed_label\sa_5299322.jpg,6,5,1,5,6,1,0,1,1,1
G:\Thesis\FACET_Dataset\Segmented_FACET_0.2_fixed_label\sa_9867555.jpg,4,3,1,3,4,1,0,1,1,1
G:\Thesis\FACET_Dataset\Segmented_FACET_0.2_fixed_label\sa_4518361.jpg,7,6,1,5,6,1,1,0,1,1
G:\Thesis\FACET_Dataset\Segmented_FACET_0.2_fixed_label\sa_5677264.jpg,6,5,1,5,6,1,0,1,1,1
G:\Thesis\FACET_Dataset\Segmented_FACET_0.2_fixed_label\sa_883786.jpg,3,2,0,4,5,1,2,0,0,0
G:\Thesis\FACET_Dataset\Segmented_FACET_0.2_fixed_label\sa_692778.jpg,3,2,0,3,4,1,1,0,1,0
G:\Thesis\FACET_Dataset\Segmented_FACET_0.2_fixed_label\sa_10800321.jpg,2,1,0,4,5,1,3,0,0,0
G:\Thesis\FACET_Dataset\Segmented_FACET_0.2_fixed_label\sa_10456065.jpg,2,1,0,5,6,1,4,0,0,0
G:\Thesis\FACET_Dataset\Segmented_FACET_0.2_fixed_label\sa_3709150.jpg,5,4,1,4,5,1,0,1,1,1
G:\Thesis\FACET_Dataset\Segmented_FACET_0.2_fixed_label\sa_9572300.jpg,2,1,0,3,4,1,2,0,0,0
G:\Thesis\FACET_Dataset\Segmented_FACET_0.2_fixed_label\sa_5088783.jpg,4,3,1,3,4,1,0,1,1,1
G:\Thesis\FACET_Dataset\Segmented_FACET_0.2_fixed_label\sa_8130237.jpg,4,3,1,3,4,1,0,1,1,1
G:\Thesis\FACET_Dataset\Segmented_FACET_0.2_fixed_label\sa_6526854.jpg,2,1,0,4,5,1,3,0,0,0
G:\Thesis\FACET_Dataset\Segmented_FACET_0.2_fixed_label\sa_2816086.jpg,2,1,0,5,6,1,4,0,0,0
G:\Thesis\FACET_Dataset\Segmented_FACET_0.2_fixed_label\sa_3529342.jpg,5,4,1,3,4,1,1,0,1,1
G:\Thesis\FACET_Dataset\Segmented_FACET_0.2_fixed_label\sa_883711.jpg,8,7,2,3,4,1,4,0,0,0
G:\Thesis\FACET_Dataset\Segmented_FACET_0.2_fixed_label\sa_3586006.jpg,6,5,1,5,6,1,0,1,1,1
G:\Thesis\FACET_Dataset\Segmented_FACET_0.2_fixed_label\sa_155230.jpg,4,3,1,3,4,1,0,1,1,1
G:\Thesis\FACET_Dataset\Segmented_FACET_0.2_fixed_label\sa_6761839.jpg,3,2,0,5,6,1,3,0,0,0
G:\Thesis\FACET_Dataset\Segmented_FACET_0.2_fixed_label\sa_1431341.jpg,4,3,1,2,3,0,1,0,1,0
G:\Thesis\FACET_Dataset\Segmented_FACET_0.2_fixed_label\sa_9496645.jpg,6,5,1,4,5,1,1,0,1,1
G:\Thesis\FACET_Dataset\Segmented_FACET_0.2_fixed_label\sa_5359669.jpg,2,1,0,7,8,2,6,0,0,0
G:\Thesis\FACET_Dataset\Segmented_FACET_0.2_fixed_label\sa_8265943.jpg,2,1,0,4,5,1,3,0,0,0
G:\Thesis\FACET_Dataset\Segmented_FACET_0.2_fixed_label\sa_7121746.jpg,2,1,0,2,3,0,1,0,1,1
G:\Thesis\FACET_Dataset\Segmented_FACET_0.2_fixed_label\sa_4442143.jpg,2,1,0,3,4,1,2,0,0,0
G:\Thesis\FACET_Dataset\Segmented_FACET_0.2_fixed_label\sa_919437.jpg,8,7,2,5,6,1,2,0,0,0
G:\Thesis\FACET_Dataset\Segmented_FACET_0.2_fixed_label\sa_2725465.jpg,2,1,0,2,3,0,1,0,1,1
G:\Thesis\FACET_Dataset\Segmented_FACET_0.2_fixed_label\sa_1117468.jpg,3,2,0,4,5,1,2,0,0,0
G:\Thesis\FACET_Dataset\Segmented_FACET_0.2_fixed_label\sa_7390064.jpg,3,2,0,3,4,1,1,0,1,0
G:\Thesis\FACET_Dataset\Segmented_FACET_0.2_fixed_label\sa_10242779.jpg,8,7,2,2,3,0,5,0,0,0
G:\Thesis\FACET_Dataset\Segmented_FACET_0.2_fixed_label\sa_6308480.jpg,2,1,0,3,4,1,2,0,0,0
G:\Thesis\FACET_Dataset\Segmented_FACET_0.2_fixed_label\sa_3874742.jpg,2,1,0,4,5,1,3,0,0,0
G:\Thesis\FACET_Dataset\Segmented_FACET_0.2_fixed_label\sa_116856.jpg,3,2,0,2,3,0,0,1,1,1
G:\Thesis\FACET_Dataset\Segmented_FACET_0.2_fixed_label\sa_8552386.jpg,4,3,1,3,4,1,0,1,1,1
G:\Thesis\FACET_Dataset\Segmented_FACET_0.2_fixed_label\sa_5471884.jpg,6,5,1,4,5,1,1,0,1,1
G:\Thesis\FACET_Dataset\Segmented_FACET_0.2_fixed_label\sa_9657168.jpg,2,1,0,2,3,0,1,0,1,1
G:\Thesis\FACET_Dataset\Segmented_FACET_0.2_fixed_label\sa_660174.jpg,4,3,1,5,6,1,2,0,0,1
G:\Thesis\FACET_Dataset\Segmented_FACET_0.2_fixed_label\sa_2718141.jpg,3,2,0,3,4,1,1,0,1,0
G:\Thesis\FACET_Dataset\Segmented_FACET_0.2_fixed_label\sa_609124.jpg,6,5,1,3,4,1,2,0,0,1
G:\Thesis\FACET_Dataset\Segmented_FACET_0.2_fixed_label\sa_1042307.jpg,9,8,2,3,4,1,5,0,0,0
G:\Thesis\FACET_Dataset\Segmented_FACET_0.2_fixed_label\sa_9588623.jpg,3,2,0,3,4,1,1,0,1,0
G:\Thesis\FACET_Dataset\Segmented_FACET_0.2_fixed_label\sa_5123803.jpg,2,1,0,2,3,0,1,0,1,1
G:\Thesis\FACET_Dataset\Segmented_FACET_0.2_fixed_label\sa_5848620.jpg,3,2,0,4,5,1,2,0,0,0
G:\Thesis\FACET_Dataset\Segmented_FACET_0.2_fixed_label\sa_2595451.jpg,6,5,1,1,2,0,4,0,0,0
G:\Thesis\FACET_Dataset\Segmented_FACET_0.2_fixed_label\sa_8243113.jpg,3,2,0,2,3,0,0,1,1,1
G:\Thesis\FACET_Dataset\Segmented_FACET_0.2_fixed_label\sa_4852075.jpg,5,4,1,5,6,1,1,0,1,1
G:\Thesis\FACET_Dataset\Segmented_FACET_0.2_fixed_label\sa_4399865.jpg,6,5,1,2,3,0,3,0,0,0
G:\Thesis\FACET_Dataset\Segmented_FACET_0.2_fixed_label\sa_7098997.jpg,6,5,1,5,6,1,0,1,1,1
G:\Thesis\FACET_Dataset\Segmented_FACET_0.2_fixed_label\sa_5078819.jpg,3,2,0,3,4,1,1,0,1,0
G:\Thesis\FACET_Dataset\Segmented_FACET_0.2_fixed_label\sa_4128629.jpg,3,2,0,4,5,1,2,0,0,0
G:\Thesis\FACET_Dataset\Segmented_FACET_0.2_fixed_label\sa_2552471.jpg,4,3,1,1,2,0,2,0,0,0
G:\Thesis\FACET_Dataset\Segmented_FACET_0.2_fixed_label\sa_9249762.jpg,4,3,1,4,5,1,1,0,1,1
G:\Thesis\FACET_Dataset\Segmented_FACET_0.2_fixed_label\sa_2996879.jpg,4,3,1,3,4,1,0,1,1,1
G:\Thesis\FACET_Dataset\Segmented_FACET_0.2_fixed_label\sa_2324883.jpg,5,4,1,3,4,1,1,0,1,1
G:\Thesis\FACET_Dataset\Segmented_FACET_0.2_fixed_label\sa_10374862.jpg,7,6,1,6,7,1,0,1,1,1
G:\Thesis\FACET_Dataset\Segmented_FACET_0.2_fixed_label\sa_2728703.jpg,4,3,1,3,4,1,0,1,1,1
G:\Thesis\FACET_Dataset\Segmented_FACET_0.2_fixed_label\sa_8980592.jpg,4,3,1,3,4,1,0,1,1,1
G:\Thesis\FACET_Dataset\Segmented_FACET_0.2_fixed_label\sa_2201669.jpg,5,4,1,6,7,1,2,0,0,1
G:\Thesis\FACET_Dataset\Segmented_FACET_0.2_fixed_label\sa_3688585.jpg,3,2,0,1,2,0,1,0,1,1
G:\Thesis\FACET_Dataset\Segmented_FACET_0.2_fixed_label\sa_10043362.jpg,6,5,1,5,6,1,0,1,1,1
G:\Thesis\FACET_Dataset\Segmented_FACET_0.2_fixed_label\sa_2517837.jpg,5,4,1,6,7,1,2,0,0,1
G:\Thesis\FACET_Dataset\Segmented_FACET_0.2_fixed_label\sa_10545112.jpg,4,3,1,3,4,1,0,1,1,1
G:\Thesis\FACET_Dataset\Segmented_FACET_0.2_fixed_label\sa_7707491.jpg,3,2,0,1,2,0,1,0,1,1
G:\Thesis\FACET_Dataset\Segmented_FACET_0.2_fixed_label\sa_8700475.jpg,4,3,1,3,4,1,0,1,1,1
G:\Thesis\FACET_Dataset\Segmented_FACET_0.2_fixed_label\sa_6505555.jpg,5,4,1,4,5,1,0,1,1,1
G:\Thesis\FACET_Dataset\Segmented_FACET_0.2_fixed_label\sa_902427.jpg,2,1,0,1,2,0,0,1,1,1
G:\Thesis\FACET_Dataset\Segmented_FACET_0.2_fixed_label\sa_3464544.jpg,3,2,0,4,5,1,2,0,0,0
G:\Thesis\FACET_Dataset\Segmented_FACET_0.2_fixed_label\sa_1219621.jpg,6,5,1,3,4,1,2,0,0,1
G:\Thesis\FACET_Dataset\Segmented_FACET_0.2_fixed_label\sa_5685445.jpg,3,2,0,4,5,1,2,0,0,0
G:\Thesis\FACET_Dataset\Segmented_FACET_0.2_fixed_label\sa_3663255.jpg,4,3,1,3,4,1,0,1,1,1
G:\Thesis\FACET_Dataset\Segmented_FACET_0.2_fixed_label\sa_3406079.jpg,3,2,0,3,4,1,1,0,1,0
G:\Thesis\FACET_Dataset\Segmented_FACET_0.2_fixed_label\sa_6427632.jpg,4,3,1,4,5,1,1,0,1,1
G:\Thesis\FACET_Dataset\Segmented_FACET_0.2_fixed_label\sa_9330307.jpg,3,2,0,2,3,0,0,1,1,1
G:\Thesis\FACET_Dataset\Segmented_FACET_0.2_fixed_label\sa_860266.jpg,3,2,0,2,3,0,0,1,1,1
G:\Thesis\FACET_Dataset\Segmented_FACET_0.2_fixed_label\sa_2471877.jpg,3,2,0,4,5,1,2,0,0,0
G:\Thesis\FACET_Dataset\Segmented_FACET_0.2_fixed_label\sa_2421354.jpg,2,1,0,2,3,0,1,0,1,1
G:\Thesis\FACET_Dataset\Segmented_FACET_0.2_fixed_label\sa_9793931.jpg,2,1,0,3,4,1,2,0,0,0
G:\Thesis\FACET_Dataset\Segmented_FACET_0.2_fixed_label\sa_9744269.jpg,4,3,1,5,6,1,2,0,0,1
G:\Thesis\FACET_Dataset\Segmented_FACET_0.2_fixed_label\sa_2191447.jpg,5,4,1,1,2,0,3,0,0,0
G:\Thesis\FACET_Dataset\Segmented_FACET_0.2_fixed_label\sa_7777646.jpg,1,0,0,1,2,0,1,0,1,1
G:\Thesis\FACET_Dataset\Segmented_FACET_0.2_fixed_label\sa_6732745.jpg,3,2,0,4,5,1,2,0,0,0
G:\Thesis\FACET_Dataset\Segmented_FACET_0.2_fixed_label\sa_8732684.jpg,3,2,0,4,5,1,2,0,0,0
G:\Thesis\FACET_Dataset\Segmented_FACET_0.2_fixed_label\sa_4423551.jpg,3,2,0,3,4,1,1,0,1,0
G:\Thesis\FACET_Dataset\Segmented_FACET_0.2_fixed_label\sa_6924719.jpg,3,2,0,3,4,1,1,0,1,0
G:\Thesis\FACET_Dataset\Segmented_FACET_0.2_fixed_label\sa_7086028.jpg,3,2,0,2,3,0,0,1,1,1
G:\Thesis\FACET_Dataset\Segmented_FACET_0.2_fixed_label\sa_6263407.jpg,2,1,0,4,5,1,3,0,0,0
G:\Thesis\FACET_Dataset\Segmented_FACET_0.2_fixed_label\sa_663266.jpg,7,6,1,3,4,1,3,0,0,1
G:\Thesis\FACET_Dataset\Segmented_FACET_0.2_fixed_label\sa_5314391.jpg,2,1,0,5,6,1,4,0,0,0
G:\Thesis\FACET_Dataset\Segmented_FACET_0.2_fixed_label\sa_1105037.jpg,6,5,1,4,5,1,1,0,1,1
G:\Thesis\FACET_Dataset\Segmented_FACET_0.2_fixed_label\sa_9307505.jpg,6,5,1,4,5,1,1,0,1,1
G:\Thesis\FACET_Dataset\Segmented_FACET_0.2_fixed_label\sa_5899097.jpg,6,5,1,5,6,1,0,1,1,1
G:\Thesis\FACET_Dataset\Segmented_FACET_0.2_fixed_label\sa_9752129.jpg,4,3,1,7,8,2,4,0,0,0
G:\Thesis\FACET_Dataset\Segmented_FACET_0.2_fixed_label\sa_3565059.jpg,3,2,0,3,4,1,1,0,1,0
G:\Thesis\FACET_Dataset\Segmented_FACET_0.2_fixed_label\sa_7409466.jpg,2,1,0,2,3,0,1,0,1,1
G:\Thesis\FACET_Dataset\Segmented_FACET_0.2_fixed_label\sa_10701431.jpg,5,4,1,4,5,1,0,1,1,1
G:\Thesis\FACET_Dataset\Segmented_FACET_0.2_fixed_label\sa_7860472.jpg,3,2,0,5,6,1,3,0,0,0
G:\Thesis\FACET_Dataset\Segmented_FACET_0.2_fixed_label\sa_160791.jpg,9,8,2,2,3,0,6,0,0,0
G:\Thesis\FACET_Dataset\Segmented_FACET_0.2_fixed_label\sa_9273948.jpg,5,4,1,4,5,1,0,1,1,1
G:\Thesis\FACET_Dataset\Segmented_FACET_0.2_fixed_label\sa_7835470.jpg,7,6,1,3,4,1,3,0,0,1
G:\Thesis\FACET_Dataset\Segmented_FACET_0.2_fixed_label\sa_9978837.jpg,2,1,0,1,2,0,0,1,1,1
G:\Thesis\FACET_Dataset\Segmented_FACET_0.2_fixed_label\sa_9857028.jpg,6,5,1,4,5,1,1,0,1,1
G:\Thesis\FACET_Dataset\Segmented_FACET_0.2_fixed_label\sa_8584101.jpg,5,4,1,4,5,1,0,1,1,1
G:\Thesis\FACET_Dataset\Segmented_FACET_0.2_fixed_label\sa_3497590.jpg,5,4,1,5,6,1,1,0,1,1
G:\Thesis\FACET_Dataset\Segmented_FACET_0.2_fixed_label\sa_9584844.jpg,4,3,1,4,5,1,1,0,1,1
G:\Thesis\FACET_Dataset\Segmented_FACET_0.2_fixed_label\sa_2389185.jpg,3,2,0,5,6,1,3,0,0,0
G:\Thesis\FACET_Dataset\Segmented_FACET_0.2_fixed_label\sa_1416348.jpg,4,3,1,4,5,1,1,0,1,1
G:\Thesis\FACET_Dataset\Segmented_FACET_0.2_fixed_label\sa_1196986.jpg,4,3,1,5,6,1,2,0,0,1
G:\Thesis\FACET_Dataset\Segmented_FACET_0.2_fixed_label\sa_11157701.jpg,3,2,0,4,5,1,2,0,0,0
G:\Thesis\FACET_Dataset\Segmented_FACET_0.2_fixed_label\sa_7857810.jpg,3,2,0,3,4,1,1,0,1,0
G:\Thesis\FACET_Dataset\Segmented_FACET_0.2_fixed_label\sa_2003237.jpg,3,2,0,3,4,1,1,0,1,0
G:\Thesis\FACET_Dataset\Segmented_FACET_0.2_fixed_label\sa_4671141.jpg,4,3,1,3,4,1,0,1,1,1
G:\Thesis\FACET_Dataset\Segmented_FACET_0.2_fixed_label\sa_7163178.jpg,9,8,2,5,6,1,3,0,0,0
G:\Thesis\FACET_Dataset\Segmented_FACET_0.2_fixed_label\sa_8565795.jpg,9,8,2,3,4,1,5,0,0,0
G:\Thesis\FACET_Dataset\Segmented_FACET_0.2_fixed_label\sa_10068666.jpg,4,3,1,1,2,0,2,0,0,0
G:\Thesis\FACET_Dataset\Segmented_FACET_0.2_fixed_label\sa_716764.jpg,2,1,0,6,7,1,5,0,0,0
G:\Thesis\FACET_Dataset\Segmented_FACET_0.2_fixed_label\sa_10624860.jpg,4,3,1,4,5,1,1,0,1,1
G:\Thesis\FACET_Dataset\Segmented_FACET_0.2_fixed_label\sa_4938852.jpg,6,5,1,2,3,0,3,0,0,0
G:\Thesis\FACET_Dataset\Segmented_FACET_0.2_fixed_label\sa_4086368.jpg,4,3,1,5,6,1,2,0,0,1
G:\Thesis\FACET_Dataset\Segmented_FACET_0.2_fixed_label\sa_5939518.jpg,3,2,0,4,5,1,2,0,0,0
G:\Thesis\FACET_Dataset\Segmented_FACET_0.2_fixed_label\sa_8489998.jpg,3,2,0,3,4,1,1,0,1,0
G:\Thesis\FACET_Dataset\Segmented_FACET_0.2_fixed_label\sa_10423635.jpg,6,5,1,3,4,1,2,0,0,1
G:\Thesis\FACET_Dataset\Segmented_FACET_0.2_fixed_label\sa_6045725.jpg,2,1,0,4,5,1,3,0,0,0
G:\Thesis\FACET_Dataset\Segmented_FACET_0.2_fixed_label\sa_9333221.jpg,3,2,0,3,4,1,1,0,1,0
G:\Thesis\FACET_Dataset\Segmented_FACET_0.2_fixed_label\sa_1229254.jpg,2,1,0,6,7,1,5,0,0,0
G:\Thesis\FACET_Dataset\Segmented_FACET_0.2_fixed_label\sa_4050216.jpg,1,0,0,5,6,1,5,0,0,0
G:\Thesis\FACET_Dataset\Segmented_FACET_0.2_fixed_label\sa_1237661.jpg,7,6,1,4,5,1,2,0,0,1
G:\Thesis\FACET_Dataset\Segmented_FACET_0.2_fixed_label\sa_2985552.jpg,4,3,1,2,3,0,1,0,1,0
G:\Thesis\FACET_Dataset\Segmented_FACET_0.2_fixed_label\sa_3236184.jpg,5,4,1,5,6,1,1,0,1,1
G:\Thesis\FACET_Dataset\Segmented_FACET_0.2_fixed_label\sa_6166560.jpg,5,4,1,4,5,1,0,1,1,1
G:\Thesis\FACET_Dataset\Segmented_FACET_0.2_fixed_label\sa_6840188.jpg,8,7,2,4,5,1,3,0,0,0
G:\Thesis\FACET_Dataset\Segmented_FACET_0.2_fixed_label\sa_349049.jpg,4,3,1,5,6,1,2,0,0,1
G:\Thesis\FACET_Dataset\Segmented_FACET_0.2_fixed_label\sa_3087418.jpg,7,6,1,4,5,1,2,0,0,1
G:\Thesis\FACET_Dataset\Segmented_FACET_0.2_fixed_label\sa_11175543.jpg,2,1,0,3,4,1,2,0,0,0
G:\Thesis\FACET_Dataset\Segmented_FACET_0.2_fixed_label\sa_7929832.jpg,4,3,1,2,3,0,1,0,1,0
G:\Thesis\FACET_Dataset\Segmented_FACET_0.2_fixed_label\sa_8601713.jpg,2,1,0,4,5,1,3,0,0,0
G:\Thesis\FACET_Dataset\Segmented_FACET_0.2_fixed_label\sa_5089105.jpg,3,2,0,1,2,0,1,0,1,1
G:\Thesis\FACET_Dataset\Segmented_FACET_0.2_fixed_label\sa_5748585.jpg,3,2,0,2,3,0,0,1,1,1
G:\Thesis\FACET_Dataset\Segmented_FACET_0.2_fixed_label\sa_2790434.jpg,4,3,1,5,6,1,2,0,0,1
G:\Thesis\FACET_Dataset\Segmented_FACET_0.2_fixed_label\sa_8974323.jpg,3,2,0,2,3,0,0,1,1,1
G:\Thesis\FACET_Dataset\Segmented_FACET_0.2_fixed_label\sa_10523774.jpg,5,4,1,4,5,1,0,1,1,1
G:\Thesis\FACET_Dataset\Segmented_FACET_0.2_fixed_label\sa_6561618.jpg,3,2,0,5,6,1,3,0,0,0
G:\Thesis\FACET_Dataset\Segmented_FACET_0.2_fixed_label\sa_3315917.jpg,5,4,1,5,6,1,1,0,1,1
G:\Thesis\FACET_Dataset\Segmented_FACET_0.2_fixed_label\sa_4547800.jpg,2,1,0,2,3,0,1,0,1,1
G:\Thesis\FACET_Dataset\Segmented_FACET_0.2_fixed_label\sa_5495152.jpg,5,4,1,3,4,1,1,0,1,1
G:\Thesis\FACET_Dataset\Segmented_FACET_0.2_fixed_label\sa_2396218.jpg,4,3,1,5,6,1,2,0,0,1
G:\Thesis\FACET_Dataset\Segmented_FACET_0.2_fixed_label\sa_9393101.jpg,3,2,0,4,5,1,2,0,0,0
G:\Thesis\FACET_Dataset\Segmented_FACET_0.2_fixed_label\sa_9174572.jpg,3,2,0,3,4,1,1,0,1,0
G:\Thesis\FACET_Dataset\Segmented_FACET_0.2_fixed_label\sa_8343708.jpg,2,1,0,5,6,1,4,0,0,0
G:\Thesis\FACET_Dataset\Segmented_FACET_0.2_fixed_label\sa_591356.jpg,3,2,0,5,6,1,3,0,0,0
G:\Thesis\FACET_Dataset\Segmented_FACET_0.2_fixed_label\sa_1523925.jpg,7,6,1,6,7,1,0,1,1,1
G:\Thesis\FACET_Dataset\Segmented_FACET_0.2_fixed_label\sa_2477538.jpg,5,4,1,2,3,0,2,0,0,0
G:\Thesis\FACET_Dataset\Segmented_FACET_0.2_fixed_label\sa_3288169.jpg,3,2,0,4,5,1,2,0,0,0
G:\Thesis\FACET_Dataset\Segmented_FACET_0.2_fixed_label\sa_9666302.jpg,4,3,1,5,6,1,2,0,0,1
G:\Thesis\FACET_Dataset\Segmented_FACET_0.2_fixed_label\sa_3632150.jpg,9,8,2,5,6,1,3,0,0,0
G:\Thesis\FACET_Dataset\Segmented_FACET_0.2_fixed_label\sa_9106399.jpg,3,2,0,1,2,0,1,0,1,1
G:\Thesis\FACET_Dataset\Segmented_FACET_0.2_fixed_label\sa_6611518.jpg,2,1,0,4,5,1,3,0,0,0
G:\Thesis\FACET_Dataset\Segmented_FACET_0.2_fixed_label\sa_7670598.jpg,3,2,0,6,7,1,4,0,0,0
G:\Thesis\FACET_Dataset\Segmented_FACET_0.2_fixed_label\sa_4128629.jpg,4,3,1,4,5,1,1,0,1,1
G:\Thesis\FACET_Dataset\Segmented_FACET_0.2_fixed_label\sa_8413619.jpg,4,3,1,6,7,1,3,0,0,1
G:\Thesis\FACET_Dataset\Segmented_FACET_0.2_fixed_label\sa_3248952.jpg,3,2,0,3,4,1,1,0,1,0
G:\Thesis\FACET_Dataset\Segmented_FACET_0.2_fixed_label\sa_1040211.jpg,1,0,0,2,3,0,2,0,0,1
G:\Thesis\FACET_Dataset\Segmented_FACET_0.2_fixed_label\sa_4950210.jpg,4,3,1,4,5,1,1,0,1,1
G:\Thesis\FACET_Dataset\Segmented_FACET_0.2_fixed_label\sa_2172153.jpg,3,2,0,5,6,1,3,0,0,0
G:\Thesis\FACET_Dataset\Segmented_FACET_0.2_fixed_label\sa_5963197.jpg,4,3,1,1,2,0,2,0,0,0
G:\Thesis\FACET_Dataset\Segmented_FACET_0.2_fixed_label\sa_4742474.jpg,2,1,0,3,4,1,2,0,0,0
G:\Thesis\FACET_Dataset\Segmented_FACET_0.2_fixed_label\sa_939348.jpg,3,2,0,4,5,1,2,0,0,0
G:\Thesis\FACET_Dataset\Segmented_FACET_0.2_fixed_label\sa_8715653.jpg,4,3,1,2,3,0,1,0,1,0
G:\Thesis\FACET_Dataset\Segmented_FACET_0.2_fixed_label\sa_7858116.jpg,2,1,0,1,2,0,0,1,1,1
G:\Thesis\FACET_Dataset\Segmented_FACET_0.2_fixed_label\sa_7083475.jpg,1,0,0,5,6,1,5,0,0,0
G:\Thesis\FACET_Dataset\Segmented_FACET_0.2_fixed_label\sa_9016742.jpg,3,2,0,1,2,0,1,0,1,1
G:\Thesis\FACET_Dataset\Segmented_FACET_0.2_fixed_label\sa_161276.jpg,3,2,0,1,2,0,1,0,1,1
G:\Thesis\FACET_Dataset\Segmented_FACET_0.2_fixed_label\sa_9274637.jpg,3,2,0,2,3,0,0,1,1,1
G:\Thesis\FACET_Dataset\Segmented_FACET_0.2_fixed_label\sa_11180829.jpg,4,3,1,3,4,1,0,1,1,1
G:\Thesis\FACET_Dataset\Segmented_FACET_0.2_fixed_label\sa_4676559.jpg,3,2,0,4,5,1,2,0,0,0
G:\Thesis\FACET_Dataset\Segmented_FACET_0.2_fixed_label\sa_5927098.jpg,3,2,0,4,5,1,2,0,0,0
G:\Thesis\FACET_Dataset\Segmented_FACET_0.2_fixed_label\sa_5536666.jpg,5,4,1,1,2,0,3,0,0,0
G:\Thesis\FACET_Dataset\Segmented_FACET_0.2_fixed_label\sa_2483799.jpg,4,3,1,0,1,0,3,0,0,0
G:\Thesis\FACET_Dataset\Segmented_FACET_0.2_fixed_label\sa_4692534.jpg,2,1,0,4,5,1,3,0,0,0
G:\Thesis\FACET_Dataset\Segmented_FACET_0.2_fixed_label\sa_10022161.jpg,5,4,1,4,5,1,0,1,1,1
G:\Thesis\FACET_Dataset\Segmented_FACET_0.2_fixed_label\sa_9595924.jpg,2,1,0,3,4,1,2,0,0,0
G:\Thesis\FACET_Dataset\Segmented_FACET_0.2_fixed_label\sa_4776817.jpg,7,6,1,2,3,0,4,0,0,0
G:\Thesis\FACET_Dataset\Segmented_FACET_0.2_fixed_label\sa_9462330.jpg,5,4,1,5,6,1,1,0,1,1
G:\Thesis\FACET_Dataset\Segmented_FACET_0.2_fixed_label\sa_9782484.jpg,3,2,0,3,4,1,1,0,1,0
G:\Thesis\FACET_Dataset\Segmented_FACET_0.2_fixed_label\sa_3735818.jpg,2,1,0,5,6,1,4,0,0,0
G:\Thesis\FACET_Dataset\Segmented_FACET_0.2_fixed_label\sa_8092047.jpg,8,7,2,4,5,1,3,0,0,0
G:\Thesis\FACET_Dataset\Segmented_FACET_0.2_fixed_label\sa_9203956.jpg,4,3,1,4,5,1,1,0,1,1
G:\Thesis\FACET_Dataset\Segmented_FACET_0.2_fixed_label\sa_5267764.jpg,3,2,0,5,6,1,3,0,0,0
G:\Thesis\FACET_Dataset\Segmented_FACET_0.2_fixed_label\sa_3379562.jpg,3,2,0,5,6,1,3,0,0,0
G:\Thesis\FACET_Dataset\Segmented_FACET_0.2_fixed_label\sa_733589.jpg,4,3,1,5,6,1,2,0,0,1
G:\Thesis\FACET_Dataset\Segmented_FACET_0.2_fixed_label\sa_10975486.jpg,3,2,0,7,8,2,5,0,0,0
G:\Thesis\FACET_Dataset\Segmented_FACET_0.2_fixed_label\sa_4792156.jpg,2,1,0,2,3,0,1,0,1,1
G:\Thesis\FACET_Dataset\Segmented_FACET_0.2_fixed_label\sa_22547.jpg,3,2,0,1,2,0,1,0,1,1
G:\Thesis\FACET_Dataset\Segmented_FACET_0.2_fixed_label\sa_3810302.jpg,4,3,1,3,4,1,0,1,1,1
G:\Thesis\FACET_Dataset\Segmented_FACET_0.2_fixed_label\sa_9646598.jpg,2,1,0,2,3,0,1,0,1,1
G:\Thesis\FACET_Dataset\Segmented_FACET_0.2_fixed_label\sa_9389226.jpg,3,2,0,3,4,1,1,0,1,0
G:\Thesis\FACET_Dataset\Segmented_FACET_0.2_fixed_label\sa_1229254.jpg,3,2,0,6,7,1,4,0,0,0
G:\Thesis\FACET_Dataset\Segmented_FACET_0.2_fixed_label\sa_1239725.jpg,7,6,1,7,8,2,1,0,1,0
G:\Thesis\FACET_Dataset\Segmented_FACET_0.2_fixed_label\sa_8480488.jpg,3,2,0,1,2,0,1,0,1,1
G:\Thesis\FACET_Dataset\Segmented_FACET_0.2_fixed_label\sa_4331908.jpg,3,2,0,5,6,1,3,0,0,0
G:\Thesis\FACET_Dataset\Segmented_FACET_0.2_fixed_label\sa_2836781.jpg,2,1,0,3,4,1,2,0,0,0
G:\Thesis\FACET_Dataset\Segmented_FACET_0.2_fixed_label\sa_7251813.jpg,3,2,0,1,2,0,1,0,1,1
G:\Thesis\FACET_Dataset\Segmented_FACET_0.2_fixed_label\sa_8307874.jpg,4,3,1,5,6,1,2,0,0,1
G:\Thesis\FACET_Dataset\Segmented_FACET_0.2_fixed_label\sa_9608704.jpg,4,3,1,5,6,1,2,0,0,1
G:\Thesis\FACET_Dataset\Segmented_FACET_0.2_fixed_label\sa_3103553.jpg,2,1,0,3,4,1,2,0,0,0
G:\Thesis\FACET_Dataset\Segmented_FACET_0.2_fixed_label\sa_9913515.jpg,2,1,0,5,6,1,4,0,0,0
G:\Thesis\FACET_Dataset\Segmented_FACET_0.2_fixed_label\sa_8206267.jpg,6,5,1,3,4,1,2,0,0,1
G:\Thesis\FACET_Dataset\Segmented_FACET_0.2_fixed_label\sa_6599988.jpg,3,2,0,3,4,1,1,0,1,0
G:\Thesis\FACET_Dataset\Segmented_FACET_0.2_fixed_label\sa_9956268.jpg,2,1,0,1,2,0,0,1,1,1
G:\Thesis\FACET_Dataset\Segmented_FACET_0.2_fixed_label\sa_347421.jpg,3,2,0,3,4,1,1,0,1,0
G:\Thesis\FACET_Dataset\Segmented_FACET_0.2_fixed_label\sa_1661550.jpg,3,2,0,3,4,1,1,0,1,0
G:\Thesis\FACET_Dataset\Segmented_FACET_0.2_fixed_label\sa_2993072.jpg,3,2,0,3,4,1,1,0,1,0
G:\Thesis\FACET_Dataset\Segmented_FACET_0.2_fixed_label\sa_8076889.jpg,3,2,0,6,7,1,4,0,0,0
G:\Thesis\FACET_Dataset\Segmented_FACET_0.2_fixed_label\sa_10662711.jpg,4,3,1,2,3,0,1,0,1,0
G:\Thesis\FACET_Dataset\Segmented_FACET_0.2_fixed_label\sa_3401144.jpg,4,3,1,6,7,1,3,0,0,1
G:\Thesis\FACET_Dataset\Segmented_FACET_0.2_fixed_label\sa_8470765.jpg,7,6,1,3,4,1,3,0,0,1
G:\Thesis\FACET_Dataset\Segmented_FACET_0.2_fixed_label\sa_5526742.jpg,6,5,1,3,4,1,2,0,0,1
G:\Thesis\FACET_Dataset\Segmented_FACET_0.2_fixed_label\sa_937545.jpg,5,4,1,4,5,1,0,1,1,1
G:\Thesis\FACET_Dataset\Segmented_FACET_0.2_fixed_label\sa_2100985.jpg,3,2,0,2,3,0,0,1,1,1
G:\Thesis\FACET_Dataset\Segmented_FACET_0.2_fixed_label\sa_8028499.jpg,4,3,1,3,4,1,0,1,1,1
G:\Thesis\FACET_Dataset\Segmented_FACET_0.2_fixed_label\sa_1005917.jpg,3,2,0,5,6,1,3,0,0,0
G:\Thesis\FACET_Dataset\Segmented_FACET_0.2_fixed_label\sa_9654190.jpg,3,2,0,4,5,1,2,0,0,0
G:\Thesis\FACET_Dataset\Segmented_FACET_0.2_fixed_label\sa_766081.jpg,4,3,1,2,3,0,1,0,1,0
G:\Thesis\FACET_Dataset\Segmented_FACET_0.2_fixed_label\sa_1181162.jpg,3,2,0,4,5,1,2,0,0,0
