image_path,true_label,true_mst,true_class,true_bin,pred_scalar,pred_mst_rounded,pred_label,pred_mst,pred_class,pred_bin,abs_error,match_exact,match_pm1,match_bin
G:\Thesis\FACET_Dataset\Segmented_FACET_0.2_fixed_label\sa_9697495.jpg,5,5,4,1,0.44073018431663513,5,5,5,4,1,0,1,1,1
G:\Thesis\FACET_Dataset\Segmented_FACET_0.2_fixed_label\sa_1932356.jpg,8,8,7,2,0.5432270169258118,6,6,6,5,1,2,0,0,0
G:\Thesis\FACET_Dataset\Segmented_FACET_0.2_fixed_label\sa_2886046.jpg,7,7,6,1,0.37724846601486206,4,4,4,3,1,3,0,0,1
G:\Thesis\FACET_Dataset\Segmented_FACET_0.2_fixed_label\sa_139877.jpg,6,6,5,1,0.45793044567108154,5,5,5,4,1,1,0,1,1
G:\Thesis\FACET_Dataset\Segmented_FACET_0.2_fixed_label\sa_2588919.jpg,1,1,0,0,0.4610828757286072,5,5,5,4,1,4,0,0,0
G:\Thesis\FACET_Dataset\Segmented_FACET_0.2_fixed_label\sa_1341163.jpg,2,2,1,0,0.469201922416687,5,5,5,4,1,3,0,0,0
G:\Thesis\FACET_Dataset\Segmented_FACET_0.2_fixed_label\sa_10944498.jpg,3,3,2,0,0.4112817645072937,5,5,5,4,1,2,0,0,0
G:\Thesis\FACET_Dataset\Segmented_FACET_0.2_fixed_label\sa_6541816.jpg,2,2,1,0,0.1929437816143036,3,3,3,2,0,1,0,1,1
G:\Thesis\FACET_Dataset\Segmented_FACET_0.2_fixed_label\sa_9204091.jpg,3,3,2,0,0.2682874798774719,3,3,3,2,0,0,1,1,1
G:\Thesis\FACET_Dataset\Segmented_FACET_0.2_fixed_label\sa_1794471.jpg,6,6,5,1,0.4338473677635193,5,5,5,4,1,1,0,1,1
G:\Thesis\FACET_Dataset\Segmented_FACET_0.2_fixed_label\sa_1202642.jpg,2,2,1,0,0.3206358850002289,4,4,4,3,1,2,0,0,0
G:\Thesis\FACET_Dataset\Segmented_FACET_0.2_fixed_label\sa_6451924.jpg,4,4,3,1,0.33813485503196716,4,4,4,3,1,0,1,1,1
G:\Thesis\FACET_Dataset\Segmented_FACET_0.2_fixed_label\sa_925056.jpg,2,2,1,0,0.36279115080833435,4,4,4,3,1,2,0,0,0
G:\Thesis\FACET_Dataset\Segmented_FACET_0.2_fixed_label\sa_2902486.jpg,5,5,4,1,0.4760775864124298,5,5,5,4,1,0,1,1,1
G:\Thesis\FACET_Dataset\Segmented_FACET_0.2_fixed_label\sa_8240546.jpg,6,6,5,1,0.38656795024871826,4,4,4,3,1,2,0,0,1
G:\Thesis\FACET_Dataset\Segmented_FACET_0.2_fixed_label\sa_7532286.jpg,7,7,6,1,0.4972480833530426,5,5,5,4,1,2,0,0,1
G:\Thesis\FACET_Dataset\Segmented_FACET_0.2_fixed_label\sa_9040041.jpg,2,2,1,0,0.4227059483528137,5,5,5,4,1,3,0,0,0
G:\Thesis\FACET_Dataset\Segmented_FACET_0.2_fixed_label\sa_8353651.jpg,6,6,5,1,0.6840867400169373,7,7,7,6,1,1,0,1,1
G:\Thesis\FACET_Dataset\Segmented_FACET_0.2_fixed_label\sa_1485699.jpg,4,4,3,1,0.45562756061553955,5,5,5,4,1,1,0,1,1
G:\Thesis\FACET_Dataset\Segmented_FACET_0.2_fixed_label\sa_9001690.jpg,6,6,5,1,0.36261868476867676,4,4,4,3,1,2,0,0,1
G:\Thesis\FACET_Dataset\Segmented_FACET_0.2_fixed_label\sa_3731678.jpg,3,3,2,0,0.203754723072052,3,3,3,2,0,0,1,1,1
G:\Thesis\FACET_Dataset\Segmented_FACET_0.2_fixed_label\sa_9831256.jpg,3,3,2,0,0.16939988732337952,3,3,3,2,0,0,1,1,1
G:\Thesis\FACET_Dataset\Segmented_FACET_0.2_fixed_label\sa_2113904.jpg,4,4,3,1,0.40541961789131165,5,5,5,4,1,1,0,1,1
G:\Thesis\FACET_Dataset\Segmented_FACET_0.2_fixed_label\sa_4231211.jpg,3,3,2,0,0.17977392673492432,3,3,3,2,0,0,1,1,1
G:\Thesis\FACET_Dataset\Segmented_FACET_0.2_fixed_label\sa_1042307.jpg,1,1,0,0,0.7592467069625854,8,8,8,7,2,7,0,0,0
G:\Thesis\FACET_Dataset\Segmented_FACET_0.2_fixed_label\sa_2413075.jpg,4,4,3,1,0.355714350938797,4,4,4,3,1,0,1,1,1
G:\Thesis\FACET_Dataset\Segmented_FACET_0.2_fixed_label\sa_4360530.jpg,4,4,3,1,0.2929745614528656,4,4,4,3,1,0,1,1,1
G:\Thesis\FACET_Dataset\Segmented_FACET_0.2_fixed_label\sa_1962392.jpg,1,1,0,0,0.4219270348548889,5,5,5,4,1,4,0,0,0
G:\Thesis\FACET_Dataset\Segmented_FACET_0.2_fixed_label\sa_7298856.jpg,3,3,2,0,0.29826363921165466,4,4,4,3,1,1,0,1,0
G:\Thesis\FACET_Dataset\Segmented_FACET_0.2_fixed_label\sa_3961443.jpg,4,4,3,1,0.3795876204967499,4,4,4,3,1,0,1,1,1
G:\Thesis\FACET_Dataset\Segmented_FACET_0.2_fixed_label\sa_5627781.jpg,3,3,2,0,0.315946489572525,4,4,4,3,1,1,0,1,0
G:\Thesis\FACET_Dataset\Segmented_FACET_0.2_fixed_label\sa_9703296.jpg,3,3,2,0,0.3089926242828369,4,4,4,3,1,1,0,1,0
G:\Thesis\FACET_Dataset\Segmented_FACET_0.2_fixed_label\sa_10229001.jpg,5,5,4,1,0.5329116582870483,6,6,6,5,1,1,0,1,1
G:\Thesis\FACET_Dataset\Segmented_FACET_0.2_fixed_label\sa_977124.jpg,4,4,3,1,0.5336936712265015,6,6,6,5,1,2,0,0,1
G:\Thesis\FACET_Dataset\Segmented_FACET_0.2_fixed_label\sa_1142603.jpg,1,1,0,0,0.24305474758148193,3,3,3,2,0,2,0,0,1
G:\Thesis\FACET_Dataset\Segmented_FACET_0.2_fixed_label\sa_9203310.jpg,5,5,4,1,0.457831472158432,5,5,5,4,1,0,1,1,1
G:\Thesis\FACET_Dataset\Segmented_FACET_0.2_fixed_label\sa_10205156.jpg,2,2,1,0,0.305123895406723,4,4,4,3,1,2,0,0,0
G:\Thesis\FACET_Dataset\Segmented_FACET_0.2_fixed_label\sa_6070288.jpg,2,2,1,0,0.5993883609771729,6,6,6,5,1,4,0,0,0
G:\Thesis\FACET_Dataset\Segmented_FACET_0.2_fixed_label\sa_1436790.jpg,5,5,4,1,0.18758058547973633,3,3,3,2,0,2,0,0,0
G:\Thesis\FACET_Dataset\Segmented_FACET_0.2_fixed_label\sa_7681701.jpg,8,8,7,2,0.6015579700469971,6,6,6,5,1,2,0,0,0
G:\Thesis\FACET_Dataset\Segmented_FACET_0.2_fixed_label\sa_1545952.jpg,5,5,4,1,0.5054324269294739,6,6,6,5,1,1,0,1,1
G:\Thesis\FACET_Dataset\Segmented_FACET_0.2_fixed_label\sa_1088001.jpg,4,4,3,1,0.35112348198890686,4,4,4,3,1,0,1,1,1
G:\Thesis\FACET_Dataset\Segmented_FACET_0.2_fixed_label\sa_10179814.jpg,3,3,2,0,0.4113878607749939,5,5,5,4,1,2,0,0,0
G:\Thesis\FACET_Dataset\Segmented_FACET_0.2_fixed_label\sa_1059464.jpg,3,3,2,0,0.2807120382785797,4,4,4,3,1,1,0,1,0
G:\Thesis\FACET_Dataset\Segmented_FACET_0.2_fixed_label\sa_3488835.jpg,2,2,1,0,0.5905604958534241,6,6,6,5,1,4,0,0,0
G:\Thesis\FACET_Dataset\Segmented_FACET_0.2_fixed_label\sa_2602587.jpg,6,6,5,1,0.40449583530426025,5,5,5,4,1,1,0,1,1
G:\Thesis\FACET_Dataset\Segmented_FACET_0.2_fixed_label\sa_6573159.jpg,2,2,1,0,0.23861286044120789,3,3,3,2,0,1,0,1,1
G:\Thesis\FACET_Dataset\Segmented_FACET_0.2_fixed_label\sa_7603598.jpg,4,4,3,1,0.4814954102039337,5,5,5,4,1,1,0,1,1
G:\Thesis\FACET_Dataset\Segmented_FACET_0.2_fixed_label\sa_952833.jpg,5,5,4,1,0.3798852860927582,4,4,4,3,1,1,0,1,1
G:\Thesis\FACET_Dataset\Segmented_FACET_0.2_fixed_label\sa_3092028.jpg,7,7,6,1,0.5957186222076416,6,6,6,5,1,1,0,1,1
G:\Thesis\FACET_Dataset\Segmented_FACET_0.2_fixed_label\sa_7820095.jpg,3,3,2,0,0.4599657952785492,5,5,5,4,1,2,0,0,0
G:\Thesis\FACET_Dataset\Segmented_FACET_0.2_fixed_label\sa_3331505.jpg,4,4,3,1,0.3217757046222687,4,4,4,3,1,0,1,1,1
G:\Thesis\FACET_Dataset\Segmented_FACET_0.2_fixed_label\sa_1105627.jpg,3,3,2,0,0.2891051173210144,4,4,4,3,1,1,0,1,0
G:\Thesis\FACET_Dataset\Segmented_FACET_0.2_fixed_label\sa_2052584.jpg,4,4,3,1,0.5618188977241516,6,6,6,5,1,2,0,0,1
G:\Thesis\FACET_Dataset\Segmented_FACET_0.2_fixed_label\sa_1794471.jpg,6,6,5,1,0.4338473677635193,5,5,5,4,1,1,0,1,1
G:\Thesis\FACET_Dataset\Segmented_FACET_0.2_fixed_label\sa_4372129.jpg,4,4,3,1,0.4970291256904602,5,5,5,4,1,1,0,1,1
G:\Thesis\FACET_Dataset\Segmented_FACET_0.2_fixed_label\sa_8445002.jpg,1,1,0,0,0.31034398078918457,4,4,4,3,1,3,0,0,0
G:\Thesis\FACET_Dataset\Segmented_FACET_0.2_fixed_label\sa_9972151.jpg,8,8,7,2,0.4323689639568329,5,5,5,4,1,3,0,0,0
G:\Thesis\FACET_Dataset\Segmented_FACET_0.2_fixed_label\sa_2387642.jpg,6,6,5,1,0.33122718334198,4,4,4,3,1,2,0,0,1
G:\Thesis\FACET_Dataset\Segmented_FACET_0.2_fixed_label\sa_11119461.jpg,6,6,5,1,0.29551854729652405,4,4,4,3,1,2,0,0,1
G:\Thesis\FACET_Dataset\Segmented_FACET_0.2_fixed_label\sa_4399865.jpg,5,5,4,1,0.2825118899345398,4,4,4,3,1,1,0,1,1
G:\Thesis\FACET_Dataset\Segmented_FACET_0.2_fixed_label\sa_9306004.jpg,7,7,6,1,0.2971669137477875,4,4,4,3,1,3,0,0,1
G:\Thesis\FACET_Dataset\Segmented_FACET_0.2_fixed_label\sa_5004972.jpg,5,5,4,1,0.4188210070133209,5,5,5,4,1,0,1,1,1
G:\Thesis\FACET_Dataset\Segmented_FACET_0.2_fixed_label\sa_7084183.jpg,4,4,3,1,0.2770995795726776,3,3,3,2,0,1,0,1,0
G:\Thesis\FACET_Dataset\Segmented_FACET_0.2_fixed_label\sa_629152.jpg,2,2,1,0,0.34902092814445496,4,4,4,3,1,2,0,0,0
G:\Thesis\FACET_Dataset\Segmented_FACET_0.2_fixed_label\sa_3533680.jpg,5,5,4,1,0.4102371037006378,5,5,5,4,1,0,1,1,1
G:\Thesis\FACET_Dataset\Segmented_FACET_0.2_fixed_label\sa_9391484.jpg,2,2,1,0,0.495675265789032,5,5,5,4,1,3,0,0,0
G:\Thesis\FACET_Dataset\Segmented_FACET_0.2_fixed_label\sa_10545112.jpg,4,4,3,1,0.23091743886470795,3,3,3,2,0,1,0,1,0
G:\Thesis\FACET_Dataset\Segmented_FACET_0.2_fixed_label\sa_8601645.jpg,4,4,3,1,0.394444078207016,5,5,5,4,1,1,0,1,1
G:\Thesis\FACET_Dataset\Segmented_FACET_0.2_fixed_label\sa_656234.jpg,3,3,2,0,0.264857679605484,3,3,3,2,0,0,1,1,1
G:\Thesis\FACET_Dataset\Segmented_FACET_0.2_fixed_label\sa_6799536.jpg,2,2,1,0,0.21555982530117035,3,3,3,2,0,1,0,1,1
G:\Thesis\FACET_Dataset\Segmented_FACET_0.2_fixed_label\sa_10322551.jpg,4,4,3,1,0.4423699378967285,5,5,5,4,1,1,0,1,1
G:\Thesis\FACET_Dataset\Segmented_FACET_0.2_fixed_label\sa_9063408.jpg,5,5,4,1,0.3919875919818878,5,5,5,4,1,0,1,1,1
G:\Thesis\FACET_Dataset\Segmented_FACET_0.2_fixed_label\sa_285338.jpg,3,3,2,0,0.44154277443885803,5,5,5,4,1,2,0,0,0
G:\Thesis\FACET_Dataset\Segmented_FACET_0.2_fixed_label\sa_7350370.jpg,4,4,3,1,0.26444771885871887,3,3,3,2,0,1,0,1,0
G:\Thesis\FACET_Dataset\Segmented_FACET_0.2_fixed_label\sa_7382036.jpg,6,6,5,1,0.5753254294395447,6,6,6,5,1,0,1,1,1
G:\Thesis\FACET_Dataset\Segmented_FACET_0.2_fixed_label\sa_7460164.jpg,8,8,7,2,0.762582540512085,8,8,8,7,2,0,1,1,1
G:\Thesis\FACET_Dataset\Segmented_FACET_0.2_fixed_label\sa_3780148.jpg,2,2,1,0,0.3836018443107605,4,4,4,3,1,2,0,0,0
G:\Thesis\FACET_Dataset\Segmented_FACET_0.2_fixed_label\sa_1219405.jpg,1,1,0,0,0.33780941367149353,4,4,4,3,1,3,0,0,0
G:\Thesis\FACET_Dataset\Segmented_FACET_0.2_fixed_label\sa_9634095.jpg,6,6,5,1,0.55360347032547,6,6,6,5,1,0,1,1,1
G:\Thesis\FACET_Dataset\Segmented_FACET_0.2_fixed_label\sa_2526175.jpg,2,2,1,0,0.5054080486297607,6,6,6,5,1,4,0,0,0
G:\Thesis\FACET_Dataset\Segmented_FACET_0.2_fixed_label\sa_3801954.jpg,3,3,2,0,0.2002101093530655,3,3,3,2,0,0,1,1,1
G:\Thesis\FACET_Dataset\Segmented_FACET_0.2_fixed_label\sa_1316937.jpg,5,5,4,1,0.45037344098091125,5,5,5,4,1,0,1,1,1
G:\Thesis\FACET_Dataset\Segmented_FACET_0.2_fixed_label\sa_672871.jpg,5,5,4,1,0.3679616153240204,4,4,4,3,1,1,0,1,1
G:\Thesis\FACET_Dataset\Segmented_FACET_0.2_fixed_label\sa_3434362.jpg,4,4,3,1,0.3822826147079468,4,4,4,3,1,0,1,1,1
G:\Thesis\FACET_Dataset\Segmented_FACET_0.2_fixed_label\sa_1115411.jpg,2,2,1,0,0.18262441456317902,3,3,3,2,0,1,0,1,1
G:\Thesis\FACET_Dataset\Segmented_FACET_0.2_fixed_label\sa_5690114.jpg,4,4,3,1,0.3504738509654999,4,4,4,3,1,0,1,1,1
G:\Thesis\FACET_Dataset\Segmented_FACET_0.2_fixed_label\sa_4612919.jpg,4,4,3,1,0.479486346244812,5,5,5,4,1,1,0,1,1
G:\Thesis\FACET_Dataset\Segmented_FACET_0.2_fixed_label\sa_8075696.jpg,1,1,0,0,0.33599284291267395,4,4,4,3,1,3,0,0,0
G:\Thesis\FACET_Dataset\Segmented_FACET_0.2_fixed_label\sa_5961197.jpg,4,4,3,1,0.48444315791130066,5,5,5,4,1,1,0,1,1
G:\Thesis\FACET_Dataset\Segmented_FACET_0.2_fixed_label\sa_6004743.jpg,3,3,2,0,0.33273065090179443,4,4,4,3,1,1,0,1,0
G:\Thesis\FACET_Dataset\Segmented_FACET_0.2_fixed_label\sa_5453598.jpg,4,4,3,1,0.25493478775024414,3,3,3,2,0,1,0,1,0
G:\Thesis\FACET_Dataset\Segmented_FACET_0.2_fixed_label\sa_1710488.jpg,2,2,1,0,0.3907000422477722,5,5,5,4,1,3,0,0,0
G:\Thesis\FACET_Dataset\Segmented_FACET_0.2_fixed_label\sa_5846110.jpg,3,3,2,0,0.26702454686164856,3,3,3,2,0,0,1,1,1
G:\Thesis\FACET_Dataset\Segmented_FACET_0.2_fixed_label\sa_9389226.jpg,3,3,2,0,0.5509682297706604,6,6,6,5,1,3,0,0,0
G:\Thesis\FACET_Dataset\Segmented_FACET_0.2_fixed_label\sa_9195129.jpg,3,3,2,0,0.40010860562324524,5,5,5,4,1,2,0,0,0
G:\Thesis\FACET_Dataset\Segmented_FACET_0.2_fixed_label\sa_10697571.jpg,5,5,4,1,0.5471598505973816,6,6,6,5,1,1,0,1,1
G:\Thesis\FACET_Dataset\Segmented_FACET_0.2_fixed_label\sa_804458.jpg,4,4,3,1,0.44208431243896484,5,5,5,4,1,1,0,1,1
G:\Thesis\FACET_Dataset\Segmented_FACET_0.2_fixed_label\sa_1535685.jpg,3,3,2,0,0.31722748279571533,4,4,4,3,1,1,0,1,0
G:\Thesis\FACET_Dataset\Segmented_FACET_0.2_fixed_label\sa_3257498.jpg,5,5,4,1,0.6648281812667847,7,7,7,6,1,2,0,0,1
G:\Thesis\FACET_Dataset\Segmented_FACET_0.2_fixed_label\sa_247280.jpg,4,4,3,1,0.28742754459381104,4,4,4,3,1,0,1,1,1
G:\Thesis\FACET_Dataset\Segmented_FACET_0.2_fixed_label\sa_2857909.jpg,3,3,2,0,0.3589099049568176,4,4,4,3,1,1,0,1,0
G:\Thesis\FACET_Dataset\Segmented_FACET_0.2_fixed_label\sa_9177167.jpg,3,3,2,0,0.3785448372364044,4,4,4,3,1,1,0,1,0
G:\Thesis\FACET_Dataset\Segmented_FACET_0.2_fixed_label\sa_5091001.jpg,4,4,3,1,0.4701541066169739,5,5,5,4,1,1,0,1,1
G:\Thesis\FACET_Dataset\Segmented_FACET_0.2_fixed_label\sa_1480212.jpg,6,6,5,1,0.3739404082298279,4,4,4,3,1,2,0,0,1
G:\Thesis\FACET_Dataset\Segmented_FACET_0.2_fixed_label\sa_978323.jpg,3,3,2,0,0.35860440135002136,4,4,4,3,1,1,0,1,0
G:\Thesis\FACET_Dataset\Segmented_FACET_0.2_fixed_label\sa_3918447.jpg,7,7,6,1,0.6107509136199951,6,6,6,5,1,1,0,1,1
G:\Thesis\FACET_Dataset\Segmented_FACET_0.2_fixed_label\sa_8855228.jpg,4,4,3,1,0.3389221429824829,4,4,4,3,1,0,1,1,1
G:\Thesis\FACET_Dataset\Segmented_FACET_0.2_fixed_label\sa_6685030.jpg,1,1,0,0,0.33413833379745483,4,4,4,3,1,3,0,0,0
G:\Thesis\FACET_Dataset\Segmented_FACET_0.2_fixed_label\sa_2110175.jpg,3,3,2,0,0.22584369778633118,3,3,3,2,0,0,1,1,1
G:\Thesis\FACET_Dataset\Segmented_FACET_0.2_fixed_label\sa_6189368.jpg,6,6,5,1,0.535306453704834,6,6,6,5,1,0,1,1,1
G:\Thesis\FACET_Dataset\Segmented_FACET_0.2_fixed_label\sa_2052584.jpg,7,7,6,1,0.5618188977241516,6,6,6,5,1,1,0,1,1
G:\Thesis\FACET_Dataset\Segmented_FACET_0.2_fixed_label\sa_4582280.jpg,3,3,2,0,0.4627179503440857,5,5,5,4,1,2,0,0,0
G:\Thesis\FACET_Dataset\Segmented_FACET_0.2_fixed_label\sa_122128.jpg,2,2,1,0,0.4161018431186676,5,5,5,4,1,3,0,0,0
G:\Thesis\FACET_Dataset\Segmented_FACET_0.2_fixed_label\sa_8576130.jpg,6,6,5,1,0.554885983467102,6,6,6,5,1,0,1,1,1
G:\Thesis\FACET_Dataset\Segmented_FACET_0.2_fixed_label\sa_7912660.jpg,5,5,4,1,0.3756468892097473,4,4,4,3,1,1,0,1,1
G:\Thesis\FACET_Dataset\Segmented_FACET_0.2_fixed_label\sa_4630686.jpg,5,5,4,1,0.35101404786109924,4,4,4,3,1,1,0,1,1
G:\Thesis\FACET_Dataset\Segmented_FACET_0.2_fixed_label\sa_1978583.jpg,2,2,1,0,0.39202186465263367,5,5,5,4,1,3,0,0,0
G:\Thesis\FACET_Dataset\Segmented_FACET_0.2_fixed_label\sa_284097.jpg,3,3,2,0,0.44452396035194397,5,5,5,4,1,2,0,0,0
G:\Thesis\FACET_Dataset\Segmented_FACET_0.2_fixed_label\sa_11053641.jpg,6,6,5,1,0.678821861743927,7,7,7,6,1,1,0,1,1
G:\Thesis\FACET_Dataset\Segmented_FACET_0.2_fixed_label\sa_4805863.jpg,4,4,3,1,0.12792156636714935,2,2,2,1,0,2,0,0,0
G:\Thesis\FACET_Dataset\Segmented_FACET_0.2_fixed_label\sa_113089.jpg,2,2,1,0,0.24872516095638275,3,3,3,2,0,1,0,1,1
G:\Thesis\FACET_Dataset\Segmented_FACET_0.2_fixed_label\sa_5100151.jpg,1,1,0,0,0.47194844484329224,5,5,5,4,1,4,0,0,0
G:\Thesis\FACET_Dataset\Segmented_FACET_0.2_fixed_label\sa_4107516.jpg,1,1,0,0,0.2415870577096939,3,3,3,2,0,2,0,0,1
G:\Thesis\FACET_Dataset\Segmented_FACET_0.2_fixed_label\sa_9382804.jpg,3,3,2,0,0.3009091317653656,4,4,4,3,1,1,0,1,0
G:\Thesis\FACET_Dataset\Segmented_FACET_0.2_fixed_label\sa_7484617.jpg,3,3,2,0,0.36895492672920227,4,4,4,3,1,1,0,1,0
G:\Thesis\FACET_Dataset\Segmented_FACET_0.2_fixed_label\sa_10915751.jpg,9,9,8,2,0.7317622900009155,8,8,8,7,2,1,0,1,1
G:\Thesis\FACET_Dataset\Segmented_FACET_0.2_fixed_label\sa_10582570.jpg,2,2,1,0,0.20698894560337067,3,3,3,2,0,1,0,1,1
G:\Thesis\FACET_Dataset\Segmented_FACET_0.2_fixed_label\sa_2799519.jpg,3,3,2,0,0.23129236698150635,3,3,3,2,0,0,1,1,1
G:\Thesis\FACET_Dataset\Segmented_FACET_0.2_fixed_label\sa_10173219.jpg,5,5,4,1,0.3228026032447815,4,4,4,3,1,1,0,1,1
G:\Thesis\FACET_Dataset\Segmented_FACET_0.2_fixed_label\sa_2233957.jpg,6,6,5,1,0.4516908824443817,5,5,5,4,1,1,0,1,1
G:\Thesis\FACET_Dataset\Segmented_FACET_0.2_fixed_label\sa_6753727.jpg,2,2,1,0,0.4311753511428833,5,5,5,4,1,3,0,0,0
G:\Thesis\FACET_Dataset\Segmented_FACET_0.2_fixed_label\sa_9744269.jpg,4,4,3,1,0.5809760093688965,6,6,6,5,1,2,0,0,1
G:\Thesis\FACET_Dataset\Segmented_FACET_0.2_fixed_label\sa_9822578.jpg,3,3,2,0,0.3900105059146881,5,5,5,4,1,2,0,0,0
G:\Thesis\FACET_Dataset\Segmented_FACET_0.2_fixed_label\sa_7969661.jpg,4,4,3,1,0.33020782470703125,4,4,4,3,1,0,1,1,1
G:\Thesis\FACET_Dataset\Segmented_FACET_0.2_fixed_label\sa_6240060.jpg,4,4,3,1,0.2249242216348648,3,3,3,2,0,1,0,1,0
G:\Thesis\FACET_Dataset\Segmented_FACET_0.2_fixed_label\sa_4674923.jpg,8,8,7,2,0.5683040022850037,6,6,6,5,1,2,0,0,0
G:\Thesis\FACET_Dataset\Segmented_FACET_0.2_fixed_label\sa_2212636.jpg,5,5,4,1,0.41969698667526245,5,5,5,4,1,0,1,1,1
G:\Thesis\FACET_Dataset\Segmented_FACET_0.2_fixed_label\sa_5695505.jpg,2,2,1,0,0.23474718630313873,3,3,3,2,0,1,0,1,1
G:\Thesis\FACET_Dataset\Segmented_FACET_0.2_fixed_label\sa_6926938.jpg,3,3,2,0,0.29024747014045715,4,4,4,3,1,1,0,1,0
G:\Thesis\FACET_Dataset\Segmented_FACET_0.2_fixed_label\sa_3856553.jpg,4,4,3,1,0.333758682012558,4,4,4,3,1,0,1,1,1
G:\Thesis\FACET_Dataset\Segmented_FACET_0.2_fixed_label\sa_364774.jpg,5,5,4,1,0.4366474151611328,5,5,5,4,1,0,1,1,1
G:\Thesis\FACET_Dataset\Segmented_FACET_0.2_fixed_label\sa_10456335.jpg,6,6,5,1,0.4375830888748169,5,5,5,4,1,1,0,1,1
G:\Thesis\FACET_Dataset\Segmented_FACET_0.2_fixed_label\sa_4811282.jpg,4,4,3,1,0.43029141426086426,5,5,5,4,1,1,0,1,1
G:\Thesis\FACET_Dataset\Segmented_FACET_0.2_fixed_label\sa_3411310.jpg,2,2,1,0,0.25671547651290894,3,3,3,2,0,1,0,1,1
G:\Thesis\FACET_Dataset\Segmented_FACET_0.2_fixed_label\sa_2288577.jpg,5,5,4,1,0.28088894486427307,4,4,4,3,1,1,0,1,1
G:\Thesis\FACET_Dataset\Segmented_FACET_0.2_fixed_label\sa_4086321.jpg,4,4,3,1,0.4883050322532654,5,5,5,4,1,1,0,1,1
G:\Thesis\FACET_Dataset\Segmented_FACET_0.2_fixed_label\sa_5733627.jpg,4,4,3,1,0.5144307613372803,6,6,6,5,1,2,0,0,1
G:\Thesis\FACET_Dataset\Segmented_FACET_0.2_fixed_label\sa_1987164.jpg,5,5,4,1,0.2532019317150116,3,3,3,2,0,2,0,0,0
G:\Thesis\FACET_Dataset\Segmented_FACET_0.2_fixed_label\sa_2649633.jpg,3,3,2,0,0.2736005485057831,3,3,3,2,0,0,1,1,1
G:\Thesis\FACET_Dataset\Segmented_FACET_0.2_fixed_label\sa_8683243.jpg,6,6,5,1,0.302476704120636,4,4,4,3,1,2,0,0,1
G:\Thesis\FACET_Dataset\Segmented_FACET_0.2_fixed_label\sa_4878921.jpg,4,4,3,1,0.40137237310409546,5,5,5,4,1,1,0,1,1
G:\Thesis\FACET_Dataset\Segmented_FACET_0.2_fixed_label\sa_3554706.jpg,2,2,1,0,0.30887705087661743,4,4,4,3,1,2,0,0,0
G:\Thesis\FACET_Dataset\Segmented_FACET_0.2_fixed_label\sa_9755513.jpg,2,2,1,0,0.35792842507362366,4,4,4,3,1,2,0,0,0
G:\Thesis\FACET_Dataset\Segmented_FACET_0.2_fixed_label\sa_4388342.jpg,6,6,5,1,0.6077902317047119,6,6,6,5,1,0,1,1,1
G:\Thesis\FACET_Dataset\Segmented_FACET_0.2_fixed_label\sa_896542.jpg,6,6,5,1,0.41058218479156494,5,5,5,4,1,1,0,1,1
G:\Thesis\FACET_Dataset\Segmented_FACET_0.2_fixed_label\sa_4185185.jpg,3,3,2,0,0.5098664164543152,6,6,6,5,1,3,0,0,0
G:\Thesis\FACET_Dataset\Segmented_FACET_0.2_fixed_label\sa_2784473.jpg,3,3,2,0,0.32164332270622253,4,4,4,3,1,1,0,1,0
G:\Thesis\FACET_Dataset\Segmented_FACET_0.2_fixed_label\sa_753963.jpg,3,3,2,0,0.29652342200279236,4,4,4,3,1,1,0,1,0
G:\Thesis\FACET_Dataset\Segmented_FACET_0.2_fixed_label\sa_5553191.jpg,2,2,1,0,0.1567271500825882,2,2,2,1,0,0,1,1,1
G:\Thesis\FACET_Dataset\Segmented_FACET_0.2_fixed_label\sa_5976402.jpg,3,3,2,0,0.4628174602985382,5,5,5,4,1,2,0,0,0
G:\Thesis\FACET_Dataset\Segmented_FACET_0.2_fixed_label\sa_5159556.jpg,4,4,3,1,0.42695850133895874,5,5,5,4,1,1,0,1,1
G:\Thesis\FACET_Dataset\Segmented_FACET_0.2_fixed_label\sa_5067573.jpg,2,2,1,0,0.22435492277145386,3,3,3,2,0,1,0,1,1
G:\Thesis\FACET_Dataset\Segmented_FACET_0.2_fixed_label\sa_6788791.jpg,4,4,3,1,0.2613365948200226,3,3,3,2,0,1,0,1,0
G:\Thesis\FACET_Dataset\Segmented_FACET_0.2_fixed_label\sa_6071782.jpg,4,4,3,1,0.23197372257709503,3,3,3,2,0,1,0,1,0
G:\Thesis\FACET_Dataset\Segmented_FACET_0.2_fixed_label\sa_4455432.jpg,7,7,6,1,0.8090438842773438,8,8,8,7,2,1,0,1,0
G:\Thesis\FACET_Dataset\Segmented_FACET_0.2_fixed_label\sa_6761839.jpg,3,3,2,0,0.4095154106616974,5,5,5,4,1,2,0,0,0
G:\Thesis\FACET_Dataset\Segmented_FACET_0.2_fixed_label\sa_10695373.jpg,6,6,5,1,0.4958270192146301,5,5,5,4,1,1,0,1,1
G:\Thesis\FACET_Dataset\Segmented_FACET_0.2_fixed_label\sa_5564154.jpg,5,5,4,1,0.2747553288936615,3,3,3,2,0,2,0,0,0
G:\Thesis\FACET_Dataset\Segmented_FACET_0.2_fixed_label\sa_1144511.jpg,2,2,1,0,0.4022006392478943,5,5,5,4,1,3,0,0,0
G:\Thesis\FACET_Dataset\Segmented_FACET_0.2_fixed_label\sa_3281135.jpg,4,4,3,1,0.2935589849948883,4,4,4,3,1,0,1,1,1
G:\Thesis\FACET_Dataset\Segmented_FACET_0.2_fixed_label\sa_11061925.jpg,6,6,5,1,0.49394774436950684,5,5,5,4,1,1,0,1,1
G:\Thesis\FACET_Dataset\Segmented_FACET_0.2_fixed_label\sa_10384128.jpg,2,2,1,0,0.5555580854415894,6,6,6,5,1,4,0,0,0
G:\Thesis\FACET_Dataset\Segmented_FACET_0.2_fixed_label\sa_1297854.jpg,4,4,3,1,0.2241739183664322,3,3,3,2,0,1,0,1,0
G:\Thesis\FACET_Dataset\Segmented_FACET_0.2_fixed_label\sa_4199584.jpg,2,2,1,0,0.43607231974601746,5,5,5,4,1,3,0,0,0
G:\Thesis\FACET_Dataset\Segmented_FACET_0.2_fixed_label\sa_8179971.jpg,7,7,6,1,0.4696744978427887,5,5,5,4,1,2,0,0,1
G:\Thesis\FACET_Dataset\Segmented_FACET_0.2_fixed_label\sa_4068101.jpg,3,3,2,0,0.2994791567325592,4,4,4,3,1,1,0,1,0
G:\Thesis\FACET_Dataset\Segmented_FACET_0.2_fixed_label\sa_2058617.jpg,3,3,2,0,0.16889533400535583,3,3,3,2,0,0,1,1,1
G:\Thesis\FACET_Dataset\Segmented_FACET_0.2_fixed_label\sa_155230.jpg,2,2,1,0,0.45649757981300354,5,5,5,4,1,3,0,0,0
G:\Thesis\FACET_Dataset\Segmented_FACET_0.2_fixed_label\sa_10181591.jpg,2,2,1,0,0.31001684069633484,4,4,4,3,1,2,0,0,0
G:\Thesis\FACET_Dataset\Segmented_FACET_0.2_fixed_label\sa_8677687.jpg,3,3,2,0,0.19540287554264069,3,3,3,2,0,0,1,1,1
G:\Thesis\FACET_Dataset\Segmented_FACET_0.2_fixed_label\sa_1950587.jpg,6,6,5,1,0.44138088822364807,5,5,5,4,1,1,0,1,1
G:\Thesis\FACET_Dataset\Segmented_FACET_0.2_fixed_label\sa_6286495.jpg,2,2,1,0,0.3194841146469116,4,4,4,3,1,2,0,0,0
G:\Thesis\FACET_Dataset\Segmented_FACET_0.2_fixed_label\sa_341686.jpg,4,4,3,1,0.3646303415298462,4,4,4,3,1,0,1,1,1
G:\Thesis\FACET_Dataset\Segmented_FACET_0.2_fixed_label\sa_1071665.jpg,3,3,2,0,0.33268460631370544,4,4,4,3,1,1,0,1,0
G:\Thesis\FACET_Dataset\Segmented_FACET_0.2_fixed_label\sa_4101522.jpg,6,6,5,1,0.5190807580947876,6,6,6,5,1,0,1,1,1
G:\Thesis\FACET_Dataset\Segmented_FACET_0.2_fixed_label\sa_1671319.jpg,3,3,2,0,0.2440738081932068,3,3,3,2,0,0,1,1,1
G:\Thesis\FACET_Dataset\Segmented_FACET_0.2_fixed_label\sa_3088315.jpg,4,4,3,1,0.34673410654067993,4,4,4,3,1,0,1,1,1
G:\Thesis\FACET_Dataset\Segmented_FACET_0.2_fixed_label\sa_2773879.jpg,3,3,2,0,0.4683721959590912,5,5,5,4,1,2,0,0,0
G:\Thesis\FACET_Dataset\Segmented_FACET_0.2_fixed_label\sa_125944.jpg,3,3,2,0,0.3241254687309265,4,4,4,3,1,1,0,1,0
G:\Thesis\FACET_Dataset\Segmented_FACET_0.2_fixed_label\sa_4209015.jpg,2,2,1,0,0.27059096097946167,3,3,3,2,0,1,0,1,1
G:\Thesis\FACET_Dataset\Segmented_FACET_0.2_fixed_label\sa_10375379.jpg,2,2,1,0,0.4479619860649109,5,5,5,4,1,3,0,0,0
G:\Thesis\FACET_Dataset\Segmented_FACET_0.2_fixed_label\sa_8915983.jpg,2,2,1,0,0.276775062084198,3,3,3,2,0,1,0,1,1
G:\Thesis\FACET_Dataset\Segmented_FACET_0.2_fixed_label\sa_2219379.jpg,3,3,2,0,0.24776528775691986,3,3,3,2,0,0,1,1,1
G:\Thesis\FACET_Dataset\Segmented_FACET_0.2_fixed_label\sa_4596362.jpg,3,3,2,0,0.1371796727180481,2,2,2,1,0,1,0,1,1
G:\Thesis\FACET_Dataset\Segmented_FACET_0.2_fixed_label\sa_5922100.jpg,2,2,1,0,0.28336867690086365,4,4,4,3,1,2,0,0,0
G:\Thesis\FACET_Dataset\Segmented_FACET_0.2_fixed_label\sa_5603229.jpg,4,4,3,1,0.23891320824623108,3,3,3,2,0,1,0,1,0
G:\Thesis\FACET_Dataset\Segmented_FACET_0.2_fixed_label\sa_11092989.jpg,4,4,3,1,0.38796642422676086,4,4,4,3,1,0,1,1,1
G:\Thesis\FACET_Dataset\Segmented_FACET_0.2_fixed_label\sa_752592.jpg,3,3,2,0,0.23266465961933136,3,3,3,2,0,0,1,1,1
G:\Thesis\FACET_Dataset\Segmented_FACET_0.2_fixed_label\sa_5678360.jpg,2,2,1,0,0.13961155712604523,2,2,2,1,0,0,1,1,1
G:\Thesis\FACET_Dataset\Segmented_FACET_0.2_fixed_label\sa_10151811.jpg,3,3,2,0,0.24356210231781006,3,3,3,2,0,0,1,1,1
G:\Thesis\FACET_Dataset\Segmented_FACET_0.2_fixed_label\sa_2831967.jpg,3,3,2,0,0.5220966339111328,6,6,6,5,1,3,0,0,0
G:\Thesis\FACET_Dataset\Segmented_FACET_0.2_fixed_label\sa_6777949.jpg,4,4,3,1,0.3250105679035187,4,4,4,3,1,0,1,1,1
G:\Thesis\FACET_Dataset\Segmented_FACET_0.2_fixed_label\sa_3097315.jpg,3,3,2,0,0.22839319705963135,3,3,3,2,0,0,1,1,1
G:\Thesis\FACET_Dataset\Segmented_FACET_0.2_fixed_label\sa_8492689.jpg,6,6,5,1,0.4034045934677124,5,5,5,4,1,1,0,1,1
G:\Thesis\FACET_Dataset\Segmented_FACET_0.2_fixed_label\sa_7201095.jpg,2,2,1,0,0.29329246282577515,4,4,4,3,1,2,0,0,0
G:\Thesis\FACET_Dataset\Segmented_FACET_0.2_fixed_label\sa_1780912.jpg,6,6,5,1,0.2912956774234772,4,4,4,3,1,2,0,0,1
G:\Thesis\FACET_Dataset\Segmented_FACET_0.2_fixed_label\sa_7747475.jpg,2,2,1,0,0.04779995232820511,1,1,1,0,0,1,0,1,1
G:\Thesis\FACET_Dataset\Segmented_FACET_0.2_fixed_label\sa_4313887.jpg,5,5,4,1,0.7289742231369019,8,8,8,7,2,3,0,0,0
G:\Thesis\FACET_Dataset\Segmented_FACET_0.2_fixed_label\sa_10229266.jpg,4,4,3,1,0.3051183819770813,4,4,4,3,1,0,1,1,1
G:\Thesis\FACET_Dataset\Segmented_FACET_0.2_fixed_label\sa_2800960.jpg,3,3,2,0,0.36524710059165955,4,4,4,3,1,1,0,1,0
G:\Thesis\FACET_Dataset\Segmented_FACET_0.2_fixed_label\sa_6370604.jpg,2,2,1,0,0.17728640139102936,3,3,3,2,0,1,0,1,1
G:\Thesis\FACET_Dataset\Segmented_FACET_0.2_fixed_label\sa_1736638.jpg,3,3,2,0,0.25642988085746765,3,3,3,2,0,0,1,1,1
G:\Thesis\FACET_Dataset\Segmented_FACET_0.2_fixed_label\sa_8814832.jpg,5,5,4,1,0.32909414172172546,4,4,4,3,1,1,0,1,1
G:\Thesis\FACET_Dataset\Segmented_FACET_0.2_fixed_label\sa_5812567.jpg,2,2,1,0,0.3398377597332001,4,4,4,3,1,2,0,0,0
G:\Thesis\FACET_Dataset\Segmented_FACET_0.2_fixed_label\sa_8331923.jpg,3,3,2,0,0.33603671193122864,4,4,4,3,1,1,0,1,0
G:\Thesis\FACET_Dataset\Segmented_FACET_0.2_fixed_label\sa_3789797.jpg,6,6,5,1,0.6218650937080383,7,7,7,6,1,1,0,1,1
G:\Thesis\FACET_Dataset\Segmented_FACET_0.2_fixed_label\sa_6741861.jpg,2,2,1,0,0.3066708743572235,4,4,4,3,1,2,0,0,0
G:\Thesis\FACET_Dataset\Segmented_FACET_0.2_fixed_label\sa_7391705.jpg,1,1,0,0,0.23931284248828888,3,3,3,2,0,2,0,0,1
G:\Thesis\FACET_Dataset\Segmented_FACET_0.2_fixed_label\sa_2068797.jpg,2,2,1,0,0.24844782054424286,3,3,3,2,0,1,0,1,1
G:\Thesis\FACET_Dataset\Segmented_FACET_0.2_fixed_label\sa_6045725.jpg,6,6,5,1,0.550755500793457,6,6,6,5,1,0,1,1,1
G:\Thesis\FACET_Dataset\Segmented_FACET_0.2_fixed_label\sa_8252861.jpg,3,3,2,0,0.2998008728027344,4,4,4,3,1,1,0,1,0
G:\Thesis\FACET_Dataset\Segmented_FACET_0.2_fixed_label\sa_8128966.jpg,2,2,1,0,0.2740146815776825,3,3,3,2,0,1,0,1,1
G:\Thesis\FACET_Dataset\Segmented_FACET_0.2_fixed_label\sa_9898095.jpg,3,3,2,0,0.24882543087005615,3,3,3,2,0,0,1,1,1
G:\Thesis\FACET_Dataset\Segmented_FACET_0.2_fixed_label\sa_359136.jpg,3,3,2,0,0.47522321343421936,5,5,5,4,1,2,0,0,0
G:\Thesis\FACET_Dataset\Segmented_FACET_0.2_fixed_label\sa_5963197.jpg,2,2,1,0,0.15657885372638702,2,2,2,1,0,0,1,1,1
G:\Thesis\FACET_Dataset\Segmented_FACET_0.2_fixed_label\sa_10900054.jpg,5,5,4,1,0.3632809817790985,4,4,4,3,1,1,0,1,1
G:\Thesis\FACET_Dataset\Segmented_FACET_0.2_fixed_label\sa_5085852.jpg,5,5,4,1,0.3775317966938019,4,4,4,3,1,1,0,1,1
G:\Thesis\FACET_Dataset\Segmented_FACET_0.2_fixed_label\sa_7244016.jpg,2,2,1,0,0.3703862130641937,4,4,4,3,1,2,0,0,0
G:\Thesis\FACET_Dataset\Segmented_FACET_0.2_fixed_label\sa_2215123.jpg,2,2,1,0,0.36903998255729675,4,4,4,3,1,2,0,0,0
G:\Thesis\FACET_Dataset\Segmented_FACET_0.2_fixed_label\sa_9062228.jpg,4,4,3,1,0.5753332376480103,6,6,6,5,1,2,0,0,1
G:\Thesis\FACET_Dataset\Segmented_FACET_0.2_fixed_label\sa_4871209.jpg,4,4,3,1,0.1954362690448761,3,3,3,2,0,1,0,1,0
G:\Thesis\FACET_Dataset\Segmented_FACET_0.2_fixed_label\sa_8140139.jpg,6,6,5,1,0.36527055501937866,4,4,4,3,1,2,0,0,1
G:\Thesis\FACET_Dataset\Segmented_FACET_0.2_fixed_label\sa_5651632.jpg,6,6,5,1,0.3628025949001312,4,4,4,3,1,2,0,0,1
G:\Thesis\FACET_Dataset\Segmented_FACET_0.2_fixed_label\sa_10189697.jpg,7,7,6,1,0.6797827482223511,7,7,7,6,1,0,1,1,1
G:\Thesis\FACET_Dataset\Segmented_FACET_0.2_fixed_label\sa_5633505.jpg,3,3,2,0,0.27981701493263245,4,4,4,3,1,1,0,1,0
G:\Thesis\FACET_Dataset\Segmented_FACET_0.2_fixed_label\sa_11074209.jpg,2,2,1,0,0.3555457890033722,4,4,4,3,1,2,0,0,0
G:\Thesis\FACET_Dataset\Segmented_FACET_0.2_fixed_label\sa_2583896.jpg,6,6,5,1,0.48935696482658386,5,5,5,4,1,1,0,1,1
G:\Thesis\FACET_Dataset\Segmented_FACET_0.2_fixed_label\sa_5980863.jpg,3,3,2,0,0.1741180270910263,3,3,3,2,0,0,1,1,1
G:\Thesis\FACET_Dataset\Segmented_FACET_0.2_fixed_label\sa_6275110.jpg,9,9,8,2,0.47321560978889465,5,5,5,4,1,4,0,0,0
G:\Thesis\FACET_Dataset\Segmented_FACET_0.2_fixed_label\sa_3099654.jpg,4,4,3,1,0.3400033414363861,4,4,4,3,1,0,1,1,1
G:\Thesis\FACET_Dataset\Segmented_FACET_0.2_fixed_label\sa_9336068.jpg,2,2,1,0,0.32809877395629883,4,4,4,3,1,2,0,0,0
G:\Thesis\FACET_Dataset\Segmented_FACET_0.2_fixed_label\sa_9014482.jpg,2,2,1,0,0.3861647844314575,4,4,4,3,1,2,0,0,0
G:\Thesis\FACET_Dataset\Segmented_FACET_0.2_fixed_label\sa_4931458.jpg,4,4,3,1,0.49157676100730896,5,5,5,4,1,1,0,1,1
G:\Thesis\FACET_Dataset\Segmented_FACET_0.2_fixed_label\sa_4335825.jpg,8,8,7,2,0.7003791928291321,7,7,7,6,1,1,0,1,0
G:\Thesis\FACET_Dataset\Segmented_FACET_0.2_fixed_label\sa_9383976.jpg,5,5,4,1,0.2273537814617157,3,3,3,2,0,2,0,0,0
G:\Thesis\FACET_Dataset\Segmented_FACET_0.2_fixed_label\sa_9054737.jpg,9,9,8,2,0.35586321353912354,4,4,4,3,1,5,0,0,0
G:\Thesis\FACET_Dataset\Segmented_FACET_0.2_fixed_label\sa_5234389.jpg,3,3,2,0,0.21066978573799133,3,3,3,2,0,0,1,1,1
G:\Thesis\FACET_Dataset\Segmented_FACET_0.2_fixed_label\sa_8295728.jpg,3,3,2,0,0.3898204267024994,5,5,5,4,1,2,0,0,0
G:\Thesis\FACET_Dataset\Segmented_FACET_0.2_fixed_label\sa_465720.jpg,3,3,2,0,0.367289274930954,4,4,4,3,1,1,0,1,0
G:\Thesis\FACET_Dataset\Segmented_FACET_0.2_fixed_label\sa_8686739.jpg,2,2,1,0,0.12336162477731705,2,2,2,1,0,0,1,1,1
G:\Thesis\FACET_Dataset\Segmented_FACET_0.2_fixed_label\sa_7592849.jpg,2,2,1,0,0.22145076096057892,3,3,3,2,0,1,0,1,1
G:\Thesis\FACET_Dataset\Segmented_FACET_0.2_fixed_label\sa_2843814.jpg,3,3,2,0,0.4076026976108551,5,5,5,4,1,2,0,0,0
G:\Thesis\FACET_Dataset\Segmented_FACET_0.2_fixed_label\sa_7831773.jpg,7,7,6,1,0.3610217273235321,4,4,4,3,1,3,0,0,1
G:\Thesis\FACET_Dataset\Segmented_FACET_0.2_fixed_label\sa_6207771.jpg,2,2,1,0,0.19544583559036255,3,3,3,2,0,1,0,1,1
G:\Thesis\FACET_Dataset\Segmented_FACET_0.2_fixed_label\sa_10181054.jpg,8,8,7,2,0.7231648564338684,8,8,8,7,2,0,1,1,1
G:\Thesis\FACET_Dataset\Segmented_FACET_0.2_fixed_label\sa_9668155.jpg,2,2,1,0,0.675133466720581,7,7,7,6,1,5,0,0,0
G:\Thesis\FACET_Dataset\Segmented_FACET_0.2_fixed_label\sa_7168838.jpg,4,4,3,1,0.29209738969802856,4,4,4,3,1,0,1,1,1
G:\Thesis\FACET_Dataset\Segmented_FACET_0.2_fixed_label\sa_8017438.jpg,3,3,2,0,0.28561803698539734,4,4,4,3,1,1,0,1,0
G:\Thesis\FACET_Dataset\Segmented_FACET_0.2_fixed_label\sa_6286621.jpg,4,4,3,1,0.4124792516231537,5,5,5,4,1,1,0,1,1
G:\Thesis\FACET_Dataset\Segmented_FACET_0.2_fixed_label\sa_853761.jpg,6,6,5,1,0.38819068670272827,4,4,4,3,1,2,0,0,1
G:\Thesis\FACET_Dataset\Segmented_FACET_0.2_fixed_label\sa_10885813.jpg,2,2,1,0,0.46273255348205566,5,5,5,4,1,3,0,0,0
G:\Thesis\FACET_Dataset\Segmented_FACET_0.2_fixed_label\sa_4686189.jpg,4,4,3,1,0.5469104647636414,6,6,6,5,1,2,0,0,1
G:\Thesis\FACET_Dataset\Segmented_FACET_0.2_fixed_label\sa_4708099.jpg,2,2,1,0,0.07845018059015274,2,2,2,1,0,0,1,1,1
G:\Thesis\FACET_Dataset\Segmented_FACET_0.2_fixed_label\sa_3499675.jpg,3,3,2,0,0.31739717721939087,4,4,4,3,1,1,0,1,0
G:\Thesis\FACET_Dataset\Segmented_FACET_0.2_fixed_label\sa_7063556.jpg,4,4,3,1,0.6099755167961121,6,6,6,5,1,2,0,0,1
G:\Thesis\FACET_Dataset\Segmented_FACET_0.2_fixed_label\sa_6004743.jpg,7,7,6,1,0.33273065090179443,4,4,4,3,1,3,0,0,1
G:\Thesis\FACET_Dataset\Segmented_FACET_0.2_fixed_label\sa_1117468.jpg,9,9,8,2,0.3508037328720093,4,4,4,3,1,5,0,0,0
G:\Thesis\FACET_Dataset\Segmented_FACET_0.2_fixed_label\sa_10058268.jpg,2,2,1,0,0.3406131863594055,4,4,4,3,1,2,0,0,0
G:\Thesis\FACET_Dataset\Segmented_FACET_0.2_fixed_label\sa_3723351.jpg,4,4,3,1,0.4598502218723297,5,5,5,4,1,1,0,1,1
G:\Thesis\FACET_Dataset\Segmented_FACET_0.2_fixed_label\sa_2163692.jpg,2,2,1,0,0.06262210756540298,2,2,2,1,0,0,1,1,1
G:\Thesis\FACET_Dataset\Segmented_FACET_0.2_fixed_label\sa_10887048.jpg,5,5,4,1,0.3372191786766052,4,4,4,3,1,1,0,1,1
G:\Thesis\FACET_Dataset\Segmented_FACET_0.2_fixed_label\sa_10124048.jpg,5,5,4,1,0.35965391993522644,4,4,4,3,1,1,0,1,1
G:\Thesis\FACET_Dataset\Segmented_FACET_0.2_fixed_label\sa_57719.jpg,6,6,5,1,0.31841009855270386,4,4,4,3,1,2,0,0,1
G:\Thesis\FACET_Dataset\Segmented_FACET_0.2_fixed_label\sa_5941759.jpg,2,2,1,0,0.19466206431388855,3,3,3,2,0,1,0,1,1
G:\Thesis\FACET_Dataset\Segmented_FACET_0.2_fixed_label\sa_8178058.jpg,4,4,3,1,0.3984861373901367,5,5,5,4,1,1,0,1,1
G:\Thesis\FACET_Dataset\Segmented_FACET_0.2_fixed_label\sa_4568408.jpg,1,1,0,0,0.2774201035499573,3,3,3,2,0,2,0,0,1
G:\Thesis\FACET_Dataset\Segmented_FACET_0.2_fixed_label\sa_8759422.jpg,6,6,5,1,0.24452625215053558,3,3,3,2,0,3,0,0,0
G:\Thesis\FACET_Dataset\Segmented_FACET_0.2_fixed_label\sa_8576130.jpg,6,6,5,1,0.554885983467102,6,6,6,5,1,0,1,1,1
G:\Thesis\FACET_Dataset\Segmented_FACET_0.2_fixed_label\sa_2751588.jpg,3,3,2,0,0.23815597593784332,3,3,3,2,0,0,1,1,1
G:\Thesis\FACET_Dataset\Segmented_FACET_0.2_fixed_label\sa_3463007.jpg,5,5,4,1,0.3799375593662262,4,4,4,3,1,1,0,1,1
G:\Thesis\FACET_Dataset\Segmented_FACET_0.2_fixed_label\sa_159399.jpg,1,1,0,0,0.2563436031341553,3,3,3,2,0,2,0,0,1
G:\Thesis\FACET_Dataset\Segmented_FACET_0.2_fixed_label\sa_9523370.jpg,6,6,5,1,0.4047974646091461,5,5,5,4,1,1,0,1,1
G:\Thesis\FACET_Dataset\Segmented_FACET_0.2_fixed_label\sa_8554933.jpg,4,4,3,1,0.2578890323638916,3,3,3,2,0,1,0,1,0
G:\Thesis\FACET_Dataset\Segmented_FACET_0.2_fixed_label\sa_4157147.jpg,3,3,2,0,0.750479519367218,8,8,8,7,2,5,0,0,0
G:\Thesis\FACET_Dataset\Segmented_FACET_0.2_fixed_label\sa_9113704.jpg,7,7,6,1,0.4967927038669586,5,5,5,4,1,2,0,0,1
G:\Thesis\FACET_Dataset\Segmented_FACET_0.2_fixed_label\sa_573426.jpg,3,3,2,0,0.19032442569732666,3,3,3,2,0,0,1,1,1
G:\Thesis\FACET_Dataset\Segmented_FACET_0.2_fixed_label\sa_3776318.jpg,3,3,2,0,0.36811119318008423,4,4,4,3,1,1,0,1,0
G:\Thesis\FACET_Dataset\Segmented_FACET_0.2_fixed_label\sa_6286240.jpg,5,5,4,1,0.3033199906349182,4,4,4,3,1,1,0,1,1
G:\Thesis\FACET_Dataset\Segmented_FACET_0.2_fixed_label\sa_9588623.jpg,2,2,1,0,0.3039860129356384,4,4,4,3,1,2,0,0,0
G:\Thesis\FACET_Dataset\Segmented_FACET_0.2_fixed_label\sa_9327356.jpg,3,3,2,0,0.3925134837627411,5,5,5,4,1,2,0,0,0
G:\Thesis\FACET_Dataset\Segmented_FACET_0.2_fixed_label\sa_9501793.jpg,5,5,4,1,0.2817123234272003,4,4,4,3,1,1,0,1,1
G:\Thesis\FACET_Dataset\Segmented_FACET_0.2_fixed_label\sa_5960784.jpg,3,3,2,0,0.20862463116645813,3,3,3,2,0,0,1,1,1
G:\Thesis\FACET_Dataset\Segmented_FACET_0.2_fixed_label\sa_2985350.jpg,3,3,2,0,0.3453923761844635,4,4,4,3,1,1,0,1,0
G:\Thesis\FACET_Dataset\Segmented_FACET_0.2_fixed_label\sa_2446740.jpg,6,6,5,1,0.4907819628715515,5,5,5,4,1,1,0,1,1
G:\Thesis\FACET_Dataset\Segmented_FACET_0.2_fixed_label\sa_5518827.jpg,4,4,3,1,0.6264804005622864,7,7,7,6,1,3,0,0,1
G:\Thesis\FACET_Dataset\Segmented_FACET_0.2_fixed_label\sa_9292471.jpg,9,9,8,2,0.5342985987663269,6,6,6,5,1,3,0,0,0
G:\Thesis\FACET_Dataset\Segmented_FACET_0.2_fixed_label\sa_3600328.jpg,3,3,2,0,0.2870231568813324,4,4,4,3,1,1,0,1,0
G:\Thesis\FACET_Dataset\Segmented_FACET_0.2_fixed_label\sa_1661550.jpg,5,5,4,1,0.24883532524108887,3,3,3,2,0,2,0,0,0
G:\Thesis\FACET_Dataset\Segmented_FACET_0.2_fixed_label\sa_5301054.jpg,5,5,4,1,0.3583339750766754,4,4,4,3,1,1,0,1,1
G:\Thesis\FACET_Dataset\Segmented_FACET_0.2_fixed_label\sa_6285910.jpg,3,3,2,0,0.3232077658176422,4,4,4,3,1,1,0,1,0
G:\Thesis\FACET_Dataset\Segmented_FACET_0.2_fixed_label\sa_9159113.jpg,1,1,0,0,0.3258028030395508,4,4,4,3,1,3,0,0,0
G:\Thesis\FACET_Dataset\Segmented_FACET_0.2_fixed_label\sa_10945785.jpg,4,4,3,1,0.38040825724601746,4,4,4,3,1,0,1,1,1
G:\Thesis\FACET_Dataset\Segmented_FACET_0.2_fixed_label\sa_3488835.jpg,4,4,3,1,0.5905604958534241,6,6,6,5,1,2,0,0,1
G:\Thesis\FACET_Dataset\Segmented_FACET_0.2_fixed_label\sa_719073.jpg,3,3,2,0,0.27391311526298523,3,3,3,2,0,0,1,1,1
G:\Thesis\FACET_Dataset\Segmented_FACET_0.2_fixed_label\sa_888831.jpg,1,1,0,0,0.31937021017074585,4,4,4,3,1,3,0,0,0
G:\Thesis\FACET_Dataset\Segmented_FACET_0.2_fixed_label\sa_4069391.jpg,6,6,5,1,0.44359657168388367,5,5,5,4,1,1,0,1,1
G:\Thesis\FACET_Dataset\Segmented_FACET_0.2_fixed_label\sa_9685500.jpg,4,4,3,1,0.4642396569252014,5,5,5,4,1,1,0,1,1
G:\Thesis\FACET_Dataset\Segmented_FACET_0.2_fixed_label\sa_4606917.jpg,2,2,1,0,0.2291751503944397,3,3,3,2,0,1,0,1,1
G:\Thesis\FACET_Dataset\Segmented_FACET_0.2_fixed_label\sa_10934428.jpg,4,4,3,1,0.2429012954235077,3,3,3,2,0,1,0,1,0
G:\Thesis\FACET_Dataset\Segmented_FACET_0.2_fixed_label\sa_6212263.jpg,8,8,7,2,0.7033360004425049,7,7,7,6,1,1,0,1,0
G:\Thesis\FACET_Dataset\Segmented_FACET_0.2_fixed_label\sa_357215.jpg,4,4,3,1,0.19844399392604828,3,3,3,2,0,1,0,1,0
G:\Thesis\FACET_Dataset\Segmented_FACET_0.2_fixed_label\sa_6965046.jpg,2,2,1,0,0.22425061464309692,3,3,3,2,0,1,0,1,1
G:\Thesis\FACET_Dataset\Segmented_FACET_0.2_fixed_label\sa_3385159.jpg,6,6,5,1,0.4125451445579529,5,5,5,4,1,1,0,1,1
G:\Thesis\FACET_Dataset\Segmented_FACET_0.2_fixed_label\sa_8485093.jpg,2,2,1,0,0.5982011556625366,6,6,6,5,1,4,0,0,0
G:\Thesis\FACET_Dataset\Segmented_FACET_0.2_fixed_label\sa_3236557.jpg,2,2,1,0,0.18568475544452667,3,3,3,2,0,1,0,1,1
G:\Thesis\FACET_Dataset\Segmented_FACET_0.2_fixed_label\sa_851188.jpg,3,3,2,0,0.3194078803062439,4,4,4,3,1,1,0,1,0
G:\Thesis\FACET_Dataset\Segmented_FACET_0.2_fixed_label\sa_8391678.jpg,2,2,1,0,0.30610331892967224,4,4,4,3,1,2,0,0,0
G:\Thesis\FACET_Dataset\Segmented_FACET_0.2_fixed_label\sa_1313425.jpg,4,4,3,1,0.3103781044483185,4,4,4,3,1,0,1,1,1
G:\Thesis\FACET_Dataset\Segmented_FACET_0.2_fixed_label\sa_2589434.jpg,2,2,1,0,0.316864550113678,4,4,4,3,1,2,0,0,0
G:\Thesis\FACET_Dataset\Segmented_FACET_0.2_fixed_label\sa_9831256.jpg,2,2,1,0,0.16939988732337952,3,3,3,2,0,1,0,1,1
G:\Thesis\FACET_Dataset\Segmented_FACET_0.2_fixed_label\sa_1571272.jpg,5,5,4,1,0.42613694071769714,5,5,5,4,1,0,1,1,1
G:\Thesis\FACET_Dataset\Segmented_FACET_0.2_fixed_label\sa_1417633.jpg,4,4,3,1,0.35190349817276,4,4,4,3,1,0,1,1,1
G:\Thesis\FACET_Dataset\Segmented_FACET_0.2_fixed_label\sa_5932520.jpg,6,6,5,1,0.651031494140625,7,7,7,6,1,1,0,1,1
G:\Thesis\FACET_Dataset\Segmented_FACET_0.2_fixed_label\sa_8650743.jpg,4,4,3,1,0.3068612217903137,4,4,4,3,1,0,1,1,1
G:\Thesis\FACET_Dataset\Segmented_FACET_0.2_fixed_label\sa_9336068.jpg,2,2,1,0,0.32809877395629883,4,4,4,3,1,2,0,0,0
G:\Thesis\FACET_Dataset\Segmented_FACET_0.2_fixed_label\sa_10626431.jpg,4,4,3,1,0.33651092648506165,4,4,4,3,1,0,1,1,1
G:\Thesis\FACET_Dataset\Segmented_FACET_0.2_fixed_label\sa_651791.jpg,2,2,1,0,0.33237239718437195,4,4,4,3,1,2,0,0,0
G:\Thesis\FACET_Dataset\Segmented_FACET_0.2_fixed_label\sa_4497947.jpg,2,2,1,0,0.20105133950710297,3,3,3,2,0,1,0,1,1
G:\Thesis\FACET_Dataset\Segmented_FACET_0.2_fixed_label\sa_2939623.jpg,6,6,5,1,0.5701419711112976,6,6,6,5,1,0,1,1,1
G:\Thesis\FACET_Dataset\Segmented_FACET_0.2_fixed_label\sa_7663575.jpg,2,2,1,0,0.19088047742843628,3,3,3,2,0,1,0,1,1
G:\Thesis\FACET_Dataset\Segmented_FACET_0.2_fixed_label\sa_6098534.jpg,4,4,3,1,0.5045562386512756,6,6,6,5,1,2,0,0,1
G:\Thesis\FACET_Dataset\Segmented_FACET_0.2_fixed_label\sa_7512346.jpg,3,3,2,0,0.29107415676116943,4,4,4,3,1,1,0,1,0
G:\Thesis\FACET_Dataset\Segmented_FACET_0.2_fixed_label\sa_3665560.jpg,4,4,3,1,0.341671347618103,4,4,4,3,1,0,1,1,1
G:\Thesis\FACET_Dataset\Segmented_FACET_0.2_fixed_label\sa_6957516.jpg,3,3,2,0,0.5744341611862183,6,6,6,5,1,3,0,0,0
G:\Thesis\FACET_Dataset\Segmented_FACET_0.2_fixed_label\sa_2730841.jpg,4,4,3,1,0.42120561003685,5,5,5,4,1,1,0,1,1
G:\Thesis\FACET_Dataset\Segmented_FACET_0.2_fixed_label\sa_8671362.jpg,2,2,1,0,0.36055541038513184,4,4,4,3,1,2,0,0,0
G:\Thesis\FACET_Dataset\Segmented_FACET_0.2_fixed_label\sa_5217983.jpg,6,6,5,1,0.6249957084655762,7,7,7,6,1,1,0,1,1
G:\Thesis\FACET_Dataset\Segmented_FACET_0.2_fixed_label\sa_897931.jpg,6,6,5,1,0.5038597583770752,6,6,6,5,1,0,1,1,1
G:\Thesis\FACET_Dataset\Segmented_FACET_0.2_fixed_label\sa_1377794.jpg,5,5,4,1,0.3741529583930969,4,4,4,3,1,1,0,1,1
G:\Thesis\FACET_Dataset\Segmented_FACET_0.2_fixed_label\sa_3385159.jpg,4,4,3,1,0.4125451445579529,5,5,5,4,1,1,0,1,1
G:\Thesis\FACET_Dataset\Segmented_FACET_0.2_fixed_label\sa_8293466.jpg,3,3,2,0,0.6749902367591858,7,7,7,6,1,4,0,0,0
G:\Thesis\FACET_Dataset\Segmented_FACET_0.2_fixed_label\sa_7374791.jpg,2,2,1,0,0.24226167798042297,3,3,3,2,0,1,0,1,1
G:\Thesis\FACET_Dataset\Segmented_FACET_0.2_fixed_label\sa_8576130.jpg,6,6,5,1,0.554885983467102,6,6,6,5,1,0,1,1,1
G:\Thesis\FACET_Dataset\Segmented_FACET_0.2_fixed_label\sa_3406079.jpg,2,2,1,0,0.2694958448410034,3,3,3,2,0,1,0,1,1
G:\Thesis\FACET_Dataset\Segmented_FACET_0.2_fixed_label\sa_10049145.jpg,5,5,4,1,0.455410361289978,5,5,5,4,1,0,1,1,1
G:\Thesis\FACET_Dataset\Segmented_FACET_0.2_fixed_label\sa_4092765.jpg,5,5,4,1,0.5496448278427124,6,6,6,5,1,1,0,1,1
G:\Thesis\FACET_Dataset\Segmented_FACET_0.2_fixed_label\sa_4208980.jpg,4,4,3,1,0.21790547668933868,3,3,3,2,0,1,0,1,0
G:\Thesis\FACET_Dataset\Segmented_FACET_0.2_fixed_label\sa_7587282.jpg,1,1,0,0,0.45774152874946594,5,5,5,4,1,4,0,0,0
G:\Thesis\FACET_Dataset\Segmented_FACET_0.2_fixed_label\sa_1195022.jpg,7,7,6,1,0.4863570034503937,5,5,5,4,1,2,0,0,1
G:\Thesis\FACET_Dataset\Segmented_FACET_0.2_fixed_label\sa_10040081.jpg,5,5,4,1,0.5914199352264404,6,6,6,5,1,1,0,1,1
G:\Thesis\FACET_Dataset\Segmented_FACET_0.2_fixed_label\sa_5525740.jpg,2,2,1,0,0.5460351705551147,6,6,6,5,1,4,0,0,0
G:\Thesis\FACET_Dataset\Segmented_FACET_0.2_fixed_label\sa_8006874.jpg,5,5,4,1,0.4518507421016693,5,5,5,4,1,0,1,1,1
G:\Thesis\FACET_Dataset\Segmented_FACET_0.2_fixed_label\sa_2382829.jpg,6,6,5,1,0.39786261320114136,5,5,5,4,1,1,0,1,1
G:\Thesis\FACET_Dataset\Segmented_FACET_0.2_fixed_label\sa_2520161.jpg,3,3,2,0,0.34108561277389526,4,4,4,3,1,1,0,1,0
G:\Thesis\FACET_Dataset\Segmented_FACET_0.2_fixed_label\sa_1594528.jpg,2,2,1,0,0.2130260467529297,3,3,3,2,0,1,0,1,1
G:\Thesis\FACET_Dataset\Segmented_FACET_0.2_fixed_label\sa_5983742.jpg,2,2,1,0,0.3297083079814911,4,4,4,3,1,2,0,0,0
G:\Thesis\FACET_Dataset\Segmented_FACET_0.2_fixed_label\sa_1000194.jpg,3,3,2,0,0.29558366537094116,4,4,4,3,1,1,0,1,0
G:\Thesis\FACET_Dataset\Segmented_FACET_0.2_fixed_label\sa_3836687.jpg,7,7,6,1,0.40847381949424744,5,5,5,4,1,2,0,0,1
G:\Thesis\FACET_Dataset\Segmented_FACET_0.2_fixed_label\sa_1489113.jpg,5,5,4,1,0.4333697259426117,5,5,5,4,1,0,1,1,1
G:\Thesis\FACET_Dataset\Segmented_FACET_0.2_fixed_label\sa_10369497.jpg,6,6,5,1,0.664269745349884,7,7,7,6,1,1,0,1,1
G:\Thesis\FACET_Dataset\Segmented_FACET_0.2_fixed_label\sa_4708740.jpg,4,4,3,1,0.5005295872688293,6,6,6,5,1,2,0,0,1
G:\Thesis\FACET_Dataset\Segmented_FACET_0.2_fixed_label\sa_9458625.jpg,2,2,1,0,0.2571905255317688,3,3,3,2,0,1,0,1,1
G:\Thesis\FACET_Dataset\Segmented_FACET_0.2_fixed_label\sa_793856.jpg,3,3,2,0,0.4060080051422119,5,5,5,4,1,2,0,0,0
G:\Thesis\FACET_Dataset\Segmented_FACET_0.2_fixed_label\sa_10405346.jpg,2,2,1,0,0.2163504958152771,3,3,3,2,0,1,0,1,1
G:\Thesis\FACET_Dataset\Segmented_FACET_0.2_fixed_label\sa_2021746.jpg,7,7,6,1,0.4463864266872406,5,5,5,4,1,2,0,0,1
G:\Thesis\FACET_Dataset\Segmented_FACET_0.2_fixed_label\sa_6327176.jpg,4,4,3,1,0.2753916084766388,3,3,3,2,0,1,0,1,0
G:\Thesis\FACET_Dataset\Segmented_FACET_0.2_fixed_label\sa_9327356.jpg,5,5,4,1,0.3925134837627411,5,5,5,4,1,0,1,1,1
G:\Thesis\FACET_Dataset\Segmented_FACET_0.2_fixed_label\sa_3359718.jpg,6,6,5,1,0.4986582100391388,5,5,5,4,1,1,0,1,1
G:\Thesis\FACET_Dataset\Segmented_FACET_0.2_fixed_label\sa_1754024.jpg,2,2,1,0,0.10219355672597885,2,2,2,1,0,0,1,1,1
G:\Thesis\FACET_Dataset\Segmented_FACET_0.2_fixed_label\sa_3077697.jpg,2,2,1,0,0.20390640199184418,3,3,3,2,0,1,0,1,1
G:\Thesis\FACET_Dataset\Segmented_FACET_0.2_fixed_label\sa_9193959.jpg,4,4,3,1,0.5164831876754761,6,6,6,5,1,2,0,0,1
G:\Thesis\FACET_Dataset\Segmented_FACET_0.2_fixed_label\sa_873102.jpg,7,7,6,1,0.5754088163375854,6,6,6,5,1,1,0,1,1
G:\Thesis\FACET_Dataset\Segmented_FACET_0.2_fixed_label\sa_7014620.jpg,4,4,3,1,0.3671528995037079,4,4,4,3,1,0,1,1,1
G:\Thesis\FACET_Dataset\Segmented_FACET_0.2_fixed_label\sa_6554992.jpg,5,5,4,1,0.5501139163970947,6,6,6,5,1,1,0,1,1
G:\Thesis\FACET_Dataset\Segmented_FACET_0.2_fixed_label\sa_10907435.jpg,7,7,6,1,0.4805692434310913,5,5,5,4,1,2,0,0,1
G:\Thesis\FACET_Dataset\Segmented_FACET_0.2_fixed_label\sa_6865579.jpg,5,5,4,1,0.5635705590248108,6,6,6,5,1,1,0,1,1
G:\Thesis\FACET_Dataset\Segmented_FACET_0.2_fixed_label\sa_6090348.jpg,5,5,4,1,0.5967227816581726,6,6,6,5,1,1,0,1,1
G:\Thesis\FACET_Dataset\Segmented_FACET_0.2_fixed_label\sa_3467319.jpg,4,4,3,1,0.2325742244720459,3,3,3,2,0,1,0,1,0
G:\Thesis\FACET_Dataset\Segmented_FACET_0.2_fixed_label\sa_4322243.jpg,2,2,1,0,0.21769125759601593,3,3,3,2,0,1,0,1,1
G:\Thesis\FACET_Dataset\Segmented_FACET_0.2_fixed_label\sa_85220.jpg,6,6,5,1,0.5734647512435913,6,6,6,5,1,0,1,1,1
G:\Thesis\FACET_Dataset\Segmented_FACET_0.2_fixed_label\sa_1249979.jpg,4,4,3,1,0.370563805103302,4,4,4,3,1,0,1,1,1
G:\Thesis\FACET_Dataset\Segmented_FACET_0.2_fixed_label\sa_10277350.jpg,5,5,4,1,0.483097642660141,5,5,5,4,1,0,1,1,1
G:\Thesis\FACET_Dataset\Segmented_FACET_0.2_fixed_label\sa_421883.jpg,2,2,1,0,0.3300473988056183,4,4,4,3,1,2,0,0,0
G:\Thesis\FACET_Dataset\Segmented_FACET_0.2_fixed_label\sa_8685437.jpg,8,8,7,2,0.5550460815429688,6,6,6,5,1,2,0,0,0
G:\Thesis\FACET_Dataset\Segmented_FACET_0.2_fixed_label\sa_175344.jpg,3,3,2,0,0.5193161368370056,6,6,6,5,1,3,0,0,0
G:\Thesis\FACET_Dataset\Segmented_FACET_0.2_fixed_label\sa_860266.jpg,2,2,1,0,0.20086972415447235,3,3,3,2,0,1,0,1,1
G:\Thesis\FACET_Dataset\Segmented_FACET_0.2_fixed_label\sa_7383904.jpg,3,3,2,0,0.2761242985725403,3,3,3,2,0,0,1,1,1
G:\Thesis\FACET_Dataset\Segmented_FACET_0.2_fixed_label\sa_4029134.jpg,5,5,4,1,0.20259371399879456,3,3,3,2,0,2,0,0,0
G:\Thesis\FACET_Dataset\Segmented_FACET_0.2_fixed_label\sa_9756684.jpg,6,6,5,1,0.36952534317970276,4,4,4,3,1,2,0,0,1
G:\Thesis\FACET_Dataset\Segmented_FACET_0.2_fixed_label\sa_6643714.jpg,3,3,2,0,0.3145136535167694,4,4,4,3,1,1,0,1,0
G:\Thesis\FACET_Dataset\Segmented_FACET_0.2_fixed_label\sa_583162.jpg,4,4,3,1,0.48296335339546204,5,5,5,4,1,1,0,1,1
G:\Thesis\FACET_Dataset\Segmented_FACET_0.2_fixed_label\sa_8105562.jpg,2,2,1,0,0.28307852149009705,4,4,4,3,1,2,0,0,0
G:\Thesis\FACET_Dataset\Segmented_FACET_0.2_fixed_label\sa_2762098.jpg,4,4,3,1,0.4116516709327698,5,5,5,4,1,1,0,1,1
G:\Thesis\FACET_Dataset\Segmented_FACET_0.2_fixed_label\sa_4808180.jpg,2,2,1,0,0.32851067185401917,4,4,4,3,1,2,0,0,0
G:\Thesis\FACET_Dataset\Segmented_FACET_0.2_fixed_label\sa_5987697.jpg,4,4,3,1,0.42558711767196655,5,5,5,4,1,1,0,1,1
G:\Thesis\FACET_Dataset\Segmented_FACET_0.2_fixed_label\sa_2135545.jpg,10,10,9,2,0.4803197681903839,5,5,5,4,1,5,0,0,0
G:\Thesis\FACET_Dataset\Segmented_FACET_0.2_fixed_label\sa_7217967.jpg,6,6,5,1,0.4846208095550537,5,5,5,4,1,1,0,1,1
G:\Thesis\FACET_Dataset\Segmented_FACET_0.2_fixed_label\sa_11065743.jpg,3,3,2,0,0.311395525932312,4,4,4,3,1,1,0,1,0
G:\Thesis\FACET_Dataset\Segmented_FACET_0.2_fixed_label\sa_4154127.jpg,7,7,6,1,0.6207996010780334,7,7,7,6,1,0,1,1,1
G:\Thesis\FACET_Dataset\Segmented_FACET_0.2_fixed_label\sa_8853368.jpg,2,2,1,0,0.19576336443424225,3,3,3,2,0,1,0,1,1
G:\Thesis\FACET_Dataset\Segmented_FACET_0.2_fixed_label\sa_4781314.jpg,2,2,1,0,0.18864016234874725,3,3,3,2,0,1,0,1,1
G:\Thesis\FACET_Dataset\Segmented_FACET_0.2_fixed_label\sa_8481601.jpg,1,1,0,0,0.19621098041534424,3,3,3,2,0,2,0,0,1
G:\Thesis\FACET_Dataset\Segmented_FACET_0.2_fixed_label\sa_5431500.jpg,3,3,2,0,0.45460245013237,5,5,5,4,1,2,0,0,0
G:\Thesis\FACET_Dataset\Segmented_FACET_0.2_fixed_label\sa_2872342.jpg,6,6,5,1,0.4847918748855591,5,5,5,4,1,1,0,1,1
G:\Thesis\FACET_Dataset\Segmented_FACET_0.2_fixed_label\sa_7126067.jpg,6,6,5,1,0.48854631185531616,5,5,5,4,1,1,0,1,1
G:\Thesis\FACET_Dataset\Segmented_FACET_0.2_fixed_label\sa_1608469.jpg,4,4,3,1,0.42057275772094727,5,5,5,4,1,1,0,1,1
G:\Thesis\FACET_Dataset\Segmented_FACET_0.2_fixed_label\sa_8728427.jpg,8,8,7,2,0.6409090757369995,7,7,7,6,1,1,0,1,0
G:\Thesis\FACET_Dataset\Segmented_FACET_0.2_fixed_label\sa_1206887.jpg,6,6,5,1,0.5809697508811951,6,6,6,5,1,0,1,1,1
G:\Thesis\FACET_Dataset\Segmented_FACET_0.2_fixed_label\sa_10576207.jpg,5,5,4,1,0.30858251452445984,4,4,4,3,1,1,0,1,1
G:\Thesis\FACET_Dataset\Segmented_FACET_0.2_fixed_label\sa_1621492.jpg,5,5,4,1,0.35011595487594604,4,4,4,3,1,1,0,1,1
G:\Thesis\FACET_Dataset\Segmented_FACET_0.2_fixed_label\sa_5254711.jpg,3,3,2,0,0.5921343564987183,6,6,6,5,1,3,0,0,0
G:\Thesis\FACET_Dataset\Segmented_FACET_0.2_fixed_label\sa_5088783.jpg,3,3,2,0,0.323974609375,4,4,4,3,1,1,0,1,0
G:\Thesis\FACET_Dataset\Segmented_FACET_0.2_fixed_label\sa_5792230.jpg,2,2,1,0,0.3010011613368988,4,4,4,3,1,2,0,0,0
G:\Thesis\FACET_Dataset\Segmented_FACET_0.2_fixed_label\sa_4792156.jpg,2,2,1,0,0.2594588100910187,3,3,3,2,0,1,0,1,1
G:\Thesis\FACET_Dataset\Segmented_FACET_0.2_fixed_label\sa_9651310.jpg,3,3,2,0,0.2672501802444458,3,3,3,2,0,0,1,1,1
G:\Thesis\FACET_Dataset\Segmented_FACET_0.2_fixed_label\sa_2051488.jpg,3,3,2,0,0.24668464064598083,3,3,3,2,0,0,1,1,1
G:\Thesis\FACET_Dataset\Segmented_FACET_0.2_fixed_label\sa_3592745.jpg,4,4,3,1,0.5212628245353699,6,6,6,5,1,2,0,0,1
G:\Thesis\FACET_Dataset\Segmented_FACET_0.2_fixed_label\sa_2196879.jpg,2,2,1,0,0.30369991064071655,4,4,4,3,1,2,0,0,0
G:\Thesis\FACET_Dataset\Segmented_FACET_0.2_fixed_label\sa_7855721.jpg,3,3,2,0,0.23669980466365814,3,3,3,2,0,0,1,1,1
G:\Thesis\FACET_Dataset\Segmented_FACET_0.2_fixed_label\sa_9412606.jpg,6,6,5,1,0.42215830087661743,5,5,5,4,1,1,0,1,1
G:\Thesis\FACET_Dataset\Segmented_FACET_0.2_fixed_label\sa_2086913.jpg,2,2,1,0,0.3608982563018799,4,4,4,3,1,2,0,0,0
G:\Thesis\FACET_Dataset\Segmented_FACET_0.2_fixed_label\sa_2765932.jpg,4,4,3,1,0.5805441737174988,6,6,6,5,1,2,0,0,1
G:\Thesis\FACET_Dataset\Segmented_FACET_0.2_fixed_label\sa_7246914.jpg,5,5,4,1,0.4428570866584778,5,5,5,4,1,0,1,1,1
G:\Thesis\FACET_Dataset\Segmented_FACET_0.2_fixed_label\sa_9543143.jpg,2,2,1,0,0.22455401718616486,3,3,3,2,0,1,0,1,1
G:\Thesis\FACET_Dataset\Segmented_FACET_0.2_fixed_label\sa_10576207.jpg,4,4,3,1,0.30858251452445984,4,4,4,3,1,0,1,1,1
G:\Thesis\FACET_Dataset\Segmented_FACET_0.2_fixed_label\sa_7048524.jpg,2,2,1,0,0.22849534451961517,3,3,3,2,0,1,0,1,1
G:\Thesis\FACET_Dataset\Segmented_FACET_0.2_fixed_label\sa_5587067.jpg,3,3,2,0,0.2185085117816925,3,3,3,2,0,0,1,1,1
G:\Thesis\FACET_Dataset\Segmented_FACET_0.2_fixed_label\sa_10456335.jpg,7,7,6,1,0.4375830888748169,5,5,5,4,1,2,0,0,1
G:\Thesis\FACET_Dataset\Segmented_FACET_0.2_fixed_label\sa_7841103.jpg,10,10,9,2,0.5930035710334778,6,6,6,5,1,4,0,0,0
G:\Thesis\FACET_Dataset\Segmented_FACET_0.2_fixed_label\sa_728560.jpg,2,2,1,0,0.20859651267528534,3,3,3,2,0,1,0,1,1
G:\Thesis\FACET_Dataset\Segmented_FACET_0.2_fixed_label\sa_957680.jpg,5,5,4,1,0.4934942126274109,5,5,5,4,1,0,1,1,1
G:\Thesis\FACET_Dataset\Segmented_FACET_0.2_fixed_label\sa_4017070.jpg,2,2,1,0,0.567107617855072,6,6,6,5,1,4,0,0,0
G:\Thesis\FACET_Dataset\Segmented_FACET_0.2_fixed_label\sa_302409.jpg,2,2,1,0,0.40077316761016846,5,5,5,4,1,3,0,0,0
G:\Thesis\FACET_Dataset\Segmented_FACET_0.2_fixed_label\sa_9100667.jpg,3,3,2,0,0.5057976245880127,6,6,6,5,1,3,0,0,0
G:\Thesis\FACET_Dataset\Segmented_FACET_0.2_fixed_label\sa_379520.jpg,3,3,2,0,0.33439409732818604,4,4,4,3,1,1,0,1,0
G:\Thesis\FACET_Dataset\Segmented_FACET_0.2_fixed_label\sa_8655801.jpg,8,8,7,2,0.7250000834465027,8,8,8,7,2,0,1,1,1
G:\Thesis\FACET_Dataset\Segmented_FACET_0.2_fixed_label\sa_8066897.jpg,3,3,2,0,0.24243132770061493,3,3,3,2,0,0,1,1,1
G:\Thesis\FACET_Dataset\Segmented_FACET_0.2_fixed_label\sa_4321306.jpg,3,3,2,0,0.4801311790943146,5,5,5,4,1,2,0,0,0
G:\Thesis\FACET_Dataset\Segmented_FACET_0.2_fixed_label\sa_2038959.jpg,6,6,5,1,0.4354248642921448,5,5,5,4,1,1,0,1,1
G:\Thesis\FACET_Dataset\Segmented_FACET_0.2_fixed_label\sa_10166336.jpg,3,3,2,0,0.21805691719055176,3,3,3,2,0,0,1,1,1
G:\Thesis\FACET_Dataset\Segmented_FACET_0.2_fixed_label\sa_9694710.jpg,5,5,4,1,0.39834845066070557,5,5,5,4,1,0,1,1,1
G:\Thesis\FACET_Dataset\Segmented_FACET_0.2_fixed_label\sa_6598653.jpg,3,3,2,0,0.27683860063552856,3,3,3,2,0,0,1,1,1
G:\Thesis\FACET_Dataset\Segmented_FACET_0.2_fixed_label\sa_6761319.jpg,8,8,7,2,0.3910660147666931,5,5,5,4,1,3,0,0,0
G:\Thesis\FACET_Dataset\Segmented_FACET_0.2_fixed_label\sa_7115295.jpg,6,6,5,1,0.4511878788471222,5,5,5,4,1,1,0,1,1
G:\Thesis\FACET_Dataset\Segmented_FACET_0.2_fixed_label\sa_6084308.jpg,2,2,1,0,0.5199651718139648,6,6,6,5,1,4,0,0,0
G:\Thesis\FACET_Dataset\Segmented_FACET_0.2_fixed_label\sa_10770169.jpg,3,3,2,0,0.36246955394744873,4,4,4,3,1,1,0,1,0
G:\Thesis\FACET_Dataset\Segmented_FACET_0.2_fixed_label\sa_10622761.jpg,6,6,5,1,0.29777640104293823,4,4,4,3,1,2,0,0,1
G:\Thesis\FACET_Dataset\Segmented_FACET_0.2_fixed_label\sa_1671385.jpg,3,3,2,0,0.4399062693119049,5,5,5,4,1,2,0,0,0
G:\Thesis\FACET_Dataset\Segmented_FACET_0.2_fixed_label\sa_4179516.jpg,8,8,7,2,0.4548758864402771,5,5,5,4,1,3,0,0,0
G:\Thesis\FACET_Dataset\Segmented_FACET_0.2_fixed_label\sa_5965769.jpg,2,2,1,0,0.3777787387371063,4,4,4,3,1,2,0,0,0
G:\Thesis\FACET_Dataset\Segmented_FACET_0.2_fixed_label\sa_9666634.jpg,4,4,3,1,0.42798513174057007,5,5,5,4,1,1,0,1,1
G:\Thesis\FACET_Dataset\Segmented_FACET_0.2_fixed_label\sa_3738839.jpg,4,4,3,1,0.33013299107551575,4,4,4,3,1,0,1,1,1
G:\Thesis\FACET_Dataset\Segmented_FACET_0.2_fixed_label\sa_3064041.jpg,8,8,7,2,0.6286389231681824,7,7,7,6,1,1,0,1,0
G:\Thesis\FACET_Dataset\Segmented_FACET_0.2_fixed_label\sa_214704.jpg,8,8,7,2,0.644348680973053,7,7,7,6,1,1,0,1,0
G:\Thesis\FACET_Dataset\Segmented_FACET_0.2_fixed_label\sa_5520569.jpg,2,2,1,0,0.6439070105552673,7,7,7,6,1,5,0,0,0
G:\Thesis\FACET_Dataset\Segmented_FACET_0.2_fixed_label\sa_6229908.jpg,2,2,1,0,0.19013625383377075,3,3,3,2,0,1,0,1,1
G:\Thesis\FACET_Dataset\Segmented_FACET_0.2_fixed_label\sa_9733985.jpg,7,7,6,1,0.5445156097412109,6,6,6,5,1,1,0,1,1
G:\Thesis\FACET_Dataset\Segmented_FACET_0.2_fixed_label\sa_8449552.jpg,5,5,4,1,0.4851793944835663,5,5,5,4,1,0,1,1,1
G:\Thesis\FACET_Dataset\Segmented_FACET_0.2_fixed_label\sa_7795286.jpg,6,6,5,1,0.6377428770065308,7,7,7,6,1,1,0,1,1
G:\Thesis\FACET_Dataset\Segmented_FACET_0.2_fixed_label\sa_9650867.jpg,6,6,5,1,0.5903003215789795,6,6,6,5,1,0,1,1,1
G:\Thesis\FACET_Dataset\Segmented_FACET_0.2_fixed_label\sa_10000407.jpg,4,4,3,1,0.412015438079834,5,5,5,4,1,1,0,1,1
G:\Thesis\FACET_Dataset\Segmented_FACET_0.2_fixed_label\sa_9243786.jpg,4,4,3,1,0.2964058518409729,4,4,4,3,1,0,1,1,1
G:\Thesis\FACET_Dataset\Segmented_FACET_0.2_fixed_label\sa_2078338.jpg,6,6,5,1,0.6326481103897095,7,7,7,6,1,1,0,1,1
G:\Thesis\FACET_Dataset\Segmented_FACET_0.2_fixed_label\sa_7334714.jpg,2,2,1,0,0.13172484934329987,2,2,2,1,0,0,1,1,1
G:\Thesis\FACET_Dataset\Segmented_FACET_0.2_fixed_label\sa_1519799.jpg,6,6,5,1,0.37760767340660095,4,4,4,3,1,2,0,0,1
G:\Thesis\FACET_Dataset\Segmented_FACET_0.2_fixed_label\sa_3094971.jpg,3,3,2,0,0.2816389799118042,4,4,4,3,1,1,0,1,0
G:\Thesis\FACET_Dataset\Segmented_FACET_0.2_fixed_label\sa_10331493.jpg,3,3,2,0,0.25916948914527893,3,3,3,2,0,0,1,1,1
G:\Thesis\FACET_Dataset\Segmented_FACET_0.2_fixed_label\sa_6428975.jpg,2,2,1,0,0.4965820014476776,5,5,5,4,1,3,0,0,0
G:\Thesis\FACET_Dataset\Segmented_FACET_0.2_fixed_label\sa_9051874.jpg,3,3,2,0,0.3158731162548065,4,4,4,3,1,1,0,1,0
G:\Thesis\FACET_Dataset\Segmented_FACET_0.2_fixed_label\sa_8307874.jpg,2,2,1,0,0.40717124938964844,5,5,5,4,1,3,0,0,0
G:\Thesis\FACET_Dataset\Segmented_FACET_0.2_fixed_label\sa_4140639.jpg,7,7,6,1,0.41839081048965454,5,5,5,4,1,2,0,0,1
G:\Thesis\FACET_Dataset\Segmented_FACET_0.2_fixed_label\sa_10268129.jpg,2,2,1,0,0.2823508381843567,4,4,4,3,1,2,0,0,0
G:\Thesis\FACET_Dataset\Segmented_FACET_0.2_fixed_label\sa_3913210.jpg,3,3,2,0,0.31404438614845276,4,4,4,3,1,1,0,1,0
G:\Thesis\FACET_Dataset\Segmented_FACET_0.2_fixed_label\sa_3126013.jpg,2,2,1,0,0.3708011507987976,4,4,4,3,1,2,0,0,0
G:\Thesis\FACET_Dataset\Segmented_FACET_0.2_fixed_label\sa_8864399.jpg,1,1,0,0,0.2892877161502838,4,4,4,3,1,3,0,0,0
G:\Thesis\FACET_Dataset\Segmented_FACET_0.2_fixed_label\sa_5265842.jpg,2,2,1,0,0.18285241723060608,3,3,3,2,0,1,0,1,1
G:\Thesis\FACET_Dataset\Segmented_FACET_0.2_fixed_label\sa_4565983.jpg,2,2,1,0,0.3031264841556549,4,4,4,3,1,2,0,0,0
G:\Thesis\FACET_Dataset\Segmented_FACET_0.2_fixed_label\sa_9588623.jpg,4,4,3,1,0.3039860129356384,4,4,4,3,1,0,1,1,1
G:\Thesis\FACET_Dataset\Segmented_FACET_0.2_fixed_label\sa_4024535.jpg,5,5,4,1,0.4273832440376282,5,5,5,4,1,0,1,1,1
G:\Thesis\FACET_Dataset\Segmented_FACET_0.2_fixed_label\sa_121431.jpg,5,5,4,1,0.33594971895217896,4,4,4,3,1,1,0,1,1
G:\Thesis\FACET_Dataset\Segmented_FACET_0.2_fixed_label\sa_6481738.jpg,2,2,1,0,0.2070905715227127,3,3,3,2,0,1,0,1,1
G:\Thesis\FACET_Dataset\Segmented_FACET_0.2_fixed_label\sa_4742474.jpg,3,3,2,0,0.3793991506099701,4,4,4,3,1,1,0,1,0
G:\Thesis\FACET_Dataset\Segmented_FACET_0.2_fixed_label\sa_172698.jpg,3,3,2,0,0.2109183669090271,3,3,3,2,0,0,1,1,1
G:\Thesis\FACET_Dataset\Segmented_FACET_0.2_fixed_label\sa_4333102.jpg,5,5,4,1,0.5418961048126221,6,6,6,5,1,1,0,1,1
G:\Thesis\FACET_Dataset\Segmented_FACET_0.2_fixed_label\sa_3602053.jpg,3,3,2,0,0.30375486612319946,4,4,4,3,1,1,0,1,0
G:\Thesis\FACET_Dataset\Segmented_FACET_0.2_fixed_label\sa_6843583.jpg,2,2,1,0,0.2940026521682739,4,4,4,3,1,2,0,0,0
G:\Thesis\FACET_Dataset\Segmented_FACET_0.2_fixed_label\sa_9128462.jpg,5,5,4,1,0.35350000858306885,4,4,4,3,1,1,0,1,1
G:\Thesis\FACET_Dataset\Segmented_FACET_0.2_fixed_label\sa_9754337.jpg,6,6,5,1,0.3215586841106415,4,4,4,3,1,2,0,0,1
G:\Thesis\FACET_Dataset\Segmented_FACET_0.2_fixed_label\sa_4258410.jpg,6,6,5,1,0.4475744068622589,5,5,5,4,1,1,0,1,1
G:\Thesis\FACET_Dataset\Segmented_FACET_0.2_fixed_label\sa_3151123.jpg,2,2,1,0,0.39209723472595215,5,5,5,4,1,3,0,0,0
G:\Thesis\FACET_Dataset\Segmented_FACET_0.2_fixed_label\sa_6556219.jpg,3,3,2,0,0.31977251172065735,4,4,4,3,1,1,0,1,0
G:\Thesis\FACET_Dataset\Segmented_FACET_0.2_fixed_label\sa_3896509.jpg,5,5,4,1,0.5180265307426453,6,6,6,5,1,1,0,1,1
G:\Thesis\FACET_Dataset\Segmented_FACET_0.2_fixed_label\sa_5782460.jpg,5,5,4,1,0.3669950067996979,4,4,4,3,1,1,0,1,1
G:\Thesis\FACET_Dataset\Segmented_FACET_0.2_fixed_label\sa_8053671.jpg,4,4,3,1,0.38071101903915405,4,4,4,3,1,0,1,1,1
G:\Thesis\FACET_Dataset\Segmented_FACET_0.2_fixed_label\sa_9437029.jpg,2,2,1,0,0.3591577112674713,4,4,4,3,1,2,0,0,0
G:\Thesis\FACET_Dataset\Segmented_FACET_0.2_fixed_label\sa_6964543.jpg,3,3,2,0,0.3087751567363739,4,4,4,3,1,1,0,1,0
G:\Thesis\FACET_Dataset\Segmented_FACET_0.2_fixed_label\sa_1350539.jpg,3,3,2,0,0.06554550677537918,2,2,2,1,0,1,0,1,1
G:\Thesis\FACET_Dataset\Segmented_FACET_0.2_fixed_label\sa_1103583.jpg,3,3,2,0,0.2918601334095001,4,4,4,3,1,1,0,1,0
G:\Thesis\FACET_Dataset\Segmented_FACET_0.2_fixed_label\sa_8915219.jpg,2,2,1,0,0.40025919675827026,5,5,5,4,1,3,0,0,0
G:\Thesis\FACET_Dataset\Segmented_FACET_0.2_fixed_label\sa_5590994.jpg,5,5,4,1,0.4627179503440857,5,5,5,4,1,0,1,1,1
G:\Thesis\FACET_Dataset\Segmented_FACET_0.2_fixed_label\sa_6045725.jpg,5,5,4,1,0.550755500793457,6,6,6,5,1,1,0,1,1
G:\Thesis\FACET_Dataset\Segmented_FACET_0.2_fixed_label\sa_9529408.jpg,3,3,2,0,0.34896916151046753,4,4,4,3,1,1,0,1,0
G:\Thesis\FACET_Dataset\Segmented_FACET_0.2_fixed_label\sa_11039142.jpg,5,5,4,1,0.41225770115852356,5,5,5,4,1,0,1,1,1
G:\Thesis\FACET_Dataset\Segmented_FACET_0.2_fixed_label\sa_6685030.jpg,3,3,2,0,0.33413833379745483,4,4,4,3,1,1,0,1,0
G:\Thesis\FACET_Dataset\Segmented_FACET_0.2_fixed_label\sa_2271095.jpg,6,6,5,1,0.32154110074043274,4,4,4,3,1,2,0,0,1
G:\Thesis\FACET_Dataset\Segmented_FACET_0.2_fixed_label\sa_4805863.jpg,3,3,2,0,0.12792156636714935,2,2,2,1,0,1,0,1,1
G:\Thesis\FACET_Dataset\Segmented_FACET_0.2_fixed_label\sa_5011257.jpg,6,6,5,1,0.5085169672966003,6,6,6,5,1,0,1,1,1
G:\Thesis\FACET_Dataset\Segmented_FACET_0.2_fixed_label\sa_499574.jpg,4,4,3,1,0.35080069303512573,4,4,4,3,1,0,1,1,1
G:\Thesis\FACET_Dataset\Segmented_FACET_0.2_fixed_label\sa_8293466.jpg,5,5,4,1,0.6749902367591858,7,7,7,6,1,2,0,0,1
G:\Thesis\FACET_Dataset\Segmented_FACET_0.2_fixed_label\sa_1578036.jpg,2,2,1,0,0.17705388367176056,3,3,3,2,0,1,0,1,1
G:\Thesis\FACET_Dataset\Segmented_FACET_0.2_fixed_label\sa_5486273.jpg,5,5,4,1,0.2519392669200897,3,3,3,2,0,2,0,0,0
G:\Thesis\FACET_Dataset\Segmented_FACET_0.2_fixed_label\sa_1387081.jpg,6,6,5,1,0.38495123386383057,4,4,4,3,1,2,0,0,1
G:\Thesis\FACET_Dataset\Segmented_FACET_0.2_fixed_label\sa_1964897.jpg,3,3,2,0,0.4155414402484894,5,5,5,4,1,2,0,0,0
G:\Thesis\FACET_Dataset\Segmented_FACET_0.2_fixed_label\sa_4078602.jpg,5,5,4,1,0.35534757375717163,4,4,4,3,1,1,0,1,1
G:\Thesis\FACET_Dataset\Segmented_FACET_0.2_fixed_label\sa_2739735.jpg,3,3,2,0,0.26579153537750244,3,3,3,2,0,0,1,1,1
G:\Thesis\FACET_Dataset\Segmented_FACET_0.2_fixed_label\sa_6221656.jpg,5,5,4,1,0.26680243015289307,3,3,3,2,0,2,0,0,0
G:\Thesis\FACET_Dataset\Segmented_FACET_0.2_fixed_label\sa_4275220.jpg,2,2,1,0,0.25117072463035583,3,3,3,2,0,1,0,1,1
G:\Thesis\FACET_Dataset\Segmented_FACET_0.2_fixed_label\sa_2243691.jpg,2,2,1,0,0.6002171039581299,6,6,6,5,1,4,0,0,0
G:\Thesis\FACET_Dataset\Segmented_FACET_0.2_fixed_label\sa_2525298.jpg,4,4,3,1,0.2973554730415344,4,4,4,3,1,0,1,1,1
G:\Thesis\FACET_Dataset\Segmented_FACET_0.2_fixed_label\sa_10690469.jpg,6,6,5,1,0.16963572800159454,3,3,3,2,0,3,0,0,0
G:\Thesis\FACET_Dataset\Segmented_FACET_0.2_fixed_label\sa_9059930.jpg,3,3,2,0,0.22177280485630035,3,3,3,2,0,0,1,1,1
G:\Thesis\FACET_Dataset\Segmented_FACET_0.2_fixed_label\sa_4248881.jpg,4,4,3,1,0.2707294225692749,3,3,3,2,0,1,0,1,0
G:\Thesis\FACET_Dataset\Segmented_FACET_0.2_fixed_label\sa_2949112.jpg,3,3,2,0,0.29878300428390503,4,4,4,3,1,1,0,1,0
G:\Thesis\FACET_Dataset\Segmented_FACET_0.2_fixed_label\sa_4655396.jpg,3,3,2,0,0.2867109775543213,4,4,4,3,1,1,0,1,0
G:\Thesis\FACET_Dataset\Segmented_FACET_0.2_fixed_label\sa_7378755.jpg,6,6,5,1,0.41830191016197205,5,5,5,4,1,1,0,1,1
G:\Thesis\FACET_Dataset\Segmented_FACET_0.2_fixed_label\sa_2863417.jpg,4,4,3,1,0.42910951375961304,5,5,5,4,1,1,0,1,1
G:\Thesis\FACET_Dataset\Segmented_FACET_0.2_fixed_label\sa_1005917.jpg,4,4,3,1,0.4368457794189453,5,5,5,4,1,1,0,1,1
G:\Thesis\FACET_Dataset\Segmented_FACET_0.2_fixed_label\sa_10641461.jpg,5,5,4,1,0.3905733525753021,5,5,5,4,1,0,1,1,1
G:\Thesis\FACET_Dataset\Segmented_FACET_0.2_fixed_label\sa_6267865.jpg,6,6,5,1,0.32462215423583984,4,4,4,3,1,2,0,0,1
G:\Thesis\FACET_Dataset\Segmented_FACET_0.2_fixed_label\sa_4601728.jpg,6,6,5,1,0.4524613320827484,5,5,5,4,1,1,0,1,1
G:\Thesis\FACET_Dataset\Segmented_FACET_0.2_fixed_label\sa_2892263.jpg,2,2,1,0,0.32646000385284424,4,4,4,3,1,2,0,0,0
G:\Thesis\FACET_Dataset\Segmented_FACET_0.2_fixed_label\sa_8521269.jpg,3,3,2,0,0.29653260111808777,4,4,4,3,1,1,0,1,0
G:\Thesis\FACET_Dataset\Segmented_FACET_0.2_fixed_label\sa_3322289.jpg,4,4,3,1,0.3425804376602173,4,4,4,3,1,0,1,1,1
G:\Thesis\FACET_Dataset\Segmented_FACET_0.2_fixed_label\sa_1417633.jpg,4,4,3,1,0.35190349817276,4,4,4,3,1,0,1,1,1
G:\Thesis\FACET_Dataset\Segmented_FACET_0.2_fixed_label\sa_5807865.jpg,6,6,5,1,0.5454767942428589,6,6,6,5,1,0,1,1,1
G:\Thesis\FACET_Dataset\Segmented_FACET_0.2_fixed_label\sa_2010303.jpg,4,4,3,1,0.36983180046081543,4,4,4,3,1,0,1,1,1
G:\Thesis\FACET_Dataset\Segmented_FACET_0.2_fixed_label\sa_3383320.jpg,3,3,2,0,0.42427536845207214,5,5,5,4,1,2,0,0,0
G:\Thesis\FACET_Dataset\Segmented_FACET_0.2_fixed_label\sa_1809016.jpg,2,2,1,0,0.2981893718242645,4,4,4,3,1,2,0,0,0
G:\Thesis\FACET_Dataset\Segmented_FACET_0.2_fixed_label\sa_7459634.jpg,3,3,2,0,0.3554736077785492,4,4,4,3,1,1,0,1,0
G:\Thesis\FACET_Dataset\Segmented_FACET_0.2_fixed_label\sa_10729003.jpg,2,2,1,0,0.17605632543563843,3,3,3,2,0,1,0,1,1
G:\Thesis\FACET_Dataset\Segmented_FACET_0.2_fixed_label\sa_8316301.jpg,4,4,3,1,0.3662630021572113,4,4,4,3,1,0,1,1,1
G:\Thesis\FACET_Dataset\Segmented_FACET_0.2_fixed_label\sa_2750557.jpg,1,1,0,0,0.22986306250095367,3,3,3,2,0,2,0,0,1
G:\Thesis\FACET_Dataset\Segmented_FACET_0.2_fixed_label\sa_3703361.jpg,3,3,2,0,0.47311002016067505,5,5,5,4,1,2,0,0,0
G:\Thesis\FACET_Dataset\Segmented_FACET_0.2_fixed_label\sa_3594622.jpg,1,1,0,0,0.13498586416244507,2,2,2,1,0,1,0,1,1
G:\Thesis\FACET_Dataset\Segmented_FACET_0.2_fixed_label\sa_5987697.jpg,2,2,1,0,0.42558711767196655,5,5,5,4,1,3,0,0,0
G:\Thesis\FACET_Dataset\Segmented_FACET_0.2_fixed_label\sa_8457220.jpg,3,3,2,0,0.32860198616981506,4,4,4,3,1,1,0,1,0
G:\Thesis\FACET_Dataset\Segmented_FACET_0.2_fixed_label\sa_1429866.jpg,4,4,3,1,0.3062543570995331,4,4,4,3,1,0,1,1,1
G:\Thesis\FACET_Dataset\Segmented_FACET_0.2_fixed_label\sa_4924842.jpg,3,3,2,0,0.3088342249393463,4,4,4,3,1,1,0,1,0
G:\Thesis\FACET_Dataset\Segmented_FACET_0.2_fixed_label\sa_2371782.jpg,4,4,3,1,0.2849067151546478,4,4,4,3,1,0,1,1,1
G:\Thesis\FACET_Dataset\Segmented_FACET_0.2_fixed_label\sa_6562153.jpg,2,2,1,0,0.19633279740810394,3,3,3,2,0,1,0,1,1
G:\Thesis\FACET_Dataset\Segmented_FACET_0.2_fixed_label\sa_7714795.jpg,5,5,4,1,0.26355576515197754,3,3,3,2,0,2,0,0,0
G:\Thesis\FACET_Dataset\Segmented_FACET_0.2_fixed_label\sa_675003.jpg,3,3,2,0,0.3030146360397339,4,4,4,3,1,1,0,1,0
G:\Thesis\FACET_Dataset\Segmented_FACET_0.2_fixed_label\sa_5458185.jpg,3,3,2,0,0.6200271844863892,7,7,7,6,1,4,0,0,0
G:\Thesis\FACET_Dataset\Segmented_FACET_0.2_fixed_label\sa_1852190.jpg,3,3,2,0,0.38630861043930054,4,4,4,3,1,1,0,1,0
G:\Thesis\FACET_Dataset\Segmented_FACET_0.2_fixed_label\sa_8091457.jpg,2,2,1,0,0.13910235464572906,2,2,2,1,0,0,1,1,1
G:\Thesis\FACET_Dataset\Segmented_FACET_0.2_fixed_label\sa_10342190.jpg,4,4,3,1,0.40316131711006165,5,5,5,4,1,1,0,1,1
G:\Thesis\FACET_Dataset\Segmented_FACET_0.2_fixed_label\sa_8308802.jpg,1,1,0,0,0.2833980619907379,4,4,4,3,1,3,0,0,0
G:\Thesis\FACET_Dataset\Segmented_FACET_0.2_fixed_label\sa_6245105.jpg,6,6,5,1,0.48364734649658203,5,5,5,4,1,1,0,1,1
G:\Thesis\FACET_Dataset\Segmented_FACET_0.2_fixed_label\sa_697137.jpg,4,4,3,1,0.2724460959434509,3,3,3,2,0,1,0,1,0
G:\Thesis\FACET_Dataset\Segmented_FACET_0.2_fixed_label\sa_8907368.jpg,2,2,1,0,0.5064151883125305,6,6,6,5,1,4,0,0,0
G:\Thesis\FACET_Dataset\Segmented_FACET_0.2_fixed_label\sa_1182365.jpg,3,3,2,0,0.3265385329723358,4,4,4,3,1,1,0,1,0
G:\Thesis\FACET_Dataset\Segmented_FACET_0.2_fixed_label\sa_7963403.jpg,6,6,5,1,0.6924671530723572,7,7,7,6,1,1,0,1,1
G:\Thesis\FACET_Dataset\Segmented_FACET_0.2_fixed_label\sa_9766431.jpg,3,3,2,0,0.4285871684551239,5,5,5,4,1,2,0,0,0
G:\Thesis\FACET_Dataset\Segmented_FACET_0.2_fixed_label\sa_10413840.jpg,4,4,3,1,0.34792637825012207,4,4,4,3,1,0,1,1,1
G:\Thesis\FACET_Dataset\Segmented_FACET_0.2_fixed_label\sa_10002783.jpg,4,4,3,1,0.2231541872024536,3,3,3,2,0,1,0,1,0
G:\Thesis\FACET_Dataset\Segmented_FACET_0.2_fixed_label\sa_1519627.jpg,3,3,2,0,0.382114440202713,4,4,4,3,1,1,0,1,0
G:\Thesis\FACET_Dataset\Segmented_FACET_0.2_fixed_label\sa_7261983.jpg,4,4,3,1,0.31548863649368286,4,4,4,3,1,0,1,1,1
G:\Thesis\FACET_Dataset\Segmented_FACET_0.2_fixed_label\sa_4390893.jpg,5,5,4,1,0.4915989935398102,5,5,5,4,1,0,1,1,1
G:\Thesis\FACET_Dataset\Segmented_FACET_0.2_fixed_label\sa_8012943.jpg,3,3,2,0,0.5235682129859924,6,6,6,5,1,3,0,0,0
G:\Thesis\FACET_Dataset\Segmented_FACET_0.2_fixed_label\sa_5732009.jpg,7,7,6,1,0.6873965263366699,7,7,7,6,1,0,1,1,1
G:\Thesis\FACET_Dataset\Segmented_FACET_0.2_fixed_label\sa_2444031.jpg,6,6,5,1,0.2868679165840149,4,4,4,3,1,2,0,0,1
G:\Thesis\FACET_Dataset\Segmented_FACET_0.2_fixed_label\sa_9715141.jpg,2,2,1,0,0.4328022599220276,5,5,5,4,1,3,0,0,0
G:\Thesis\FACET_Dataset\Segmented_FACET_0.2_fixed_label\sa_4647211.jpg,2,2,1,0,0.2262689471244812,3,3,3,2,0,1,0,1,1
G:\Thesis\FACET_Dataset\Segmented_FACET_0.2_fixed_label\sa_2779372.jpg,6,6,5,1,0.324542373418808,4,4,4,3,1,2,0,0,1
G:\Thesis\FACET_Dataset\Segmented_FACET_0.2_fixed_label\sa_9824033.jpg,3,3,2,0,0.24480292201042175,3,3,3,2,0,0,1,1,1
G:\Thesis\FACET_Dataset\Segmented_FACET_0.2_fixed_label\sa_3069658.jpg,7,7,6,1,0.6230869889259338,7,7,7,6,1,0,1,1,1
G:\Thesis\FACET_Dataset\Segmented_FACET_0.2_fixed_label\sa_9738258.jpg,4,4,3,1,0.36012038588523865,4,4,4,3,1,0,1,1,1
G:\Thesis\FACET_Dataset\Segmented_FACET_0.2_fixed_label\sa_9187531.jpg,3,3,2,0,0.30194488167762756,4,4,4,3,1,1,0,1,0
G:\Thesis\FACET_Dataset\Segmented_FACET_0.2_fixed_label\sa_3409064.jpg,4,4,3,1,0.1918695718050003,3,3,3,2,0,1,0,1,0
G:\Thesis\FACET_Dataset\Segmented_FACET_0.2_fixed_label\sa_9097188.jpg,5,5,4,1,0.5008419156074524,6,6,6,5,1,1,0,1,1
G:\Thesis\FACET_Dataset\Segmented_FACET_0.2_fixed_label\sa_2393989.jpg,3,3,2,0,0.2819877564907074,4,4,4,3,1,1,0,1,0
G:\Thesis\FACET_Dataset\Segmented_FACET_0.2_fixed_label\sa_5051216.jpg,3,3,2,0,0.20011736452579498,3,3,3,2,0,0,1,1,1
G:\Thesis\FACET_Dataset\Segmented_FACET_0.2_fixed_label\sa_3841968.jpg,3,3,2,0,0.2994459569454193,4,4,4,3,1,1,0,1,0
G:\Thesis\FACET_Dataset\Segmented_FACET_0.2_fixed_label\sa_2051488.jpg,2,2,1,0,0.24668464064598083,3,3,3,2,0,1,0,1,1
G:\Thesis\FACET_Dataset\Segmented_FACET_0.2_fixed_label\sa_1492570.jpg,6,6,5,1,0.3732905685901642,4,4,4,3,1,2,0,0,1
G:\Thesis\FACET_Dataset\Segmented_FACET_0.2_fixed_label\sa_7869421.jpg,3,3,2,0,0.3831993043422699,4,4,4,3,1,1,0,1,0
G:\Thesis\FACET_Dataset\Segmented_FACET_0.2_fixed_label\sa_1764818.jpg,5,5,4,1,0.4999278783798218,5,5,5,4,1,0,1,1,1
G:\Thesis\FACET_Dataset\Segmented_FACET_0.2_fixed_label\sa_4685439.jpg,2,2,1,0,0.2084869146347046,3,3,3,2,0,1,0,1,1
G:\Thesis\FACET_Dataset\Segmented_FACET_0.2_fixed_label\sa_10821539.jpg,5,5,4,1,0.30628007650375366,4,4,4,3,1,1,0,1,1
G:\Thesis\FACET_Dataset\Segmented_FACET_0.2_fixed_label\sa_10644164.jpg,5,5,4,1,0.4156845510005951,5,5,5,4,1,0,1,1,1
G:\Thesis\FACET_Dataset\Segmented_FACET_0.2_fixed_label\sa_10267437.jpg,4,4,3,1,0.45988893508911133,5,5,5,4,1,1,0,1,1
G:\Thesis\FACET_Dataset\Segmented_FACET_0.2_fixed_label\sa_3003103.jpg,3,3,2,0,0.2435763031244278,3,3,3,2,0,0,1,1,1
G:\Thesis\FACET_Dataset\Segmented_FACET_0.2_fixed_label\sa_4062423.jpg,3,3,2,0,0.4138968586921692,5,5,5,4,1,2,0,0,0
G:\Thesis\FACET_Dataset\Segmented_FACET_0.2_fixed_label\sa_8638154.jpg,5,5,4,1,0.5245140790939331,6,6,6,5,1,1,0,1,1
G:\Thesis\FACET_Dataset\Segmented_FACET_0.2_fixed_label\sa_7483270.jpg,5,5,4,1,0.28643518686294556,4,4,4,3,1,1,0,1,1
G:\Thesis\FACET_Dataset\Segmented_FACET_0.2_fixed_label\sa_9632291.jpg,2,2,1,0,0.24626564979553223,3,3,3,2,0,1,0,1,1
G:\Thesis\FACET_Dataset\Segmented_FACET_0.2_fixed_label\sa_9572029.jpg,6,6,5,1,0.6359081864356995,7,7,7,6,1,1,0,1,1
G:\Thesis\FACET_Dataset\Segmented_FACET_0.2_fixed_label\sa_1329626.jpg,2,2,1,0,0.32137370109558105,4,4,4,3,1,2,0,0,0
G:\Thesis\FACET_Dataset\Segmented_FACET_0.2_fixed_label\sa_5754708.jpg,4,4,3,1,0.5139051675796509,6,6,6,5,1,2,0,0,1
G:\Thesis\FACET_Dataset\Segmented_FACET_0.2_fixed_label\sa_8773397.jpg,4,4,3,1,0.471149206161499,5,5,5,4,1,1,0,1,1
G:\Thesis\FACET_Dataset\Segmented_FACET_0.2_fixed_label\sa_7043291.jpg,5,5,4,1,0.5047823190689087,6,6,6,5,1,1,0,1,1
G:\Thesis\FACET_Dataset\Segmented_FACET_0.2_fixed_label\sa_5453598.jpg,5,5,4,1,0.25493478775024414,3,3,3,2,0,2,0,0,0
G:\Thesis\FACET_Dataset\Segmented_FACET_0.2_fixed_label\sa_6110157.jpg,3,3,2,0,0.3813810646533966,4,4,4,3,1,1,0,1,0
G:\Thesis\FACET_Dataset\Segmented_FACET_0.2_fixed_label\sa_10902763.jpg,6,6,5,1,0.2287338674068451,3,3,3,2,0,3,0,0,0
G:\Thesis\FACET_Dataset\Segmented_FACET_0.2_fixed_label\sa_2503251.jpg,2,2,1,0,0.38548997044563293,4,4,4,3,1,2,0,0,0
G:\Thesis\FACET_Dataset\Segmented_FACET_0.2_fixed_label\sa_8609421.jpg,4,4,3,1,0.3080872893333435,4,4,4,3,1,0,1,1,1
G:\Thesis\FACET_Dataset\Segmented_FACET_0.2_fixed_label\sa_7208455.jpg,8,8,7,2,0.3570372760295868,4,4,4,3,1,4,0,0,0
G:\Thesis\FACET_Dataset\Segmented_FACET_0.2_fixed_label\sa_9831256.jpg,2,2,1,0,0.16939988732337952,3,3,3,2,0,1,0,1,1
G:\Thesis\FACET_Dataset\Segmented_FACET_0.2_fixed_label\sa_3602718.jpg,5,5,4,1,0.5333112478256226,6,6,6,5,1,1,0,1,1
G:\Thesis\FACET_Dataset\Segmented_FACET_0.2_fixed_label\sa_8226706.jpg,7,7,6,1,0.6850868463516235,7,7,7,6,1,0,1,1,1
G:\Thesis\FACET_Dataset\Segmented_FACET_0.2_fixed_label\sa_6603732.jpg,8,8,7,2,0.35790136456489563,4,4,4,3,1,4,0,0,0
G:\Thesis\FACET_Dataset\Segmented_FACET_0.2_fixed_label\sa_1174968.jpg,2,2,1,0,0.36591434478759766,4,4,4,3,1,2,0,0,0
G:\Thesis\FACET_Dataset\Segmented_FACET_0.2_fixed_label\sa_423768.jpg,7,7,6,1,0.7152196764945984,7,7,7,6,1,0,1,1,1
G:\Thesis\FACET_Dataset\Segmented_FACET_0.2_fixed_label\sa_10742813.jpg,2,2,1,0,0.30482614040374756,4,4,4,3,1,2,0,0,0
G:\Thesis\FACET_Dataset\Segmented_FACET_0.2_fixed_label\sa_5382719.jpg,3,3,2,0,0.3570343554019928,4,4,4,3,1,1,0,1,0
G:\Thesis\FACET_Dataset\Segmented_FACET_0.2_fixed_label\sa_4740572.jpg,5,5,4,1,0.4553169906139374,5,5,5,4,1,0,1,1,1
G:\Thesis\FACET_Dataset\Segmented_FACET_0.2_fixed_label\sa_5963319.jpg,2,2,1,0,0.22271721065044403,3,3,3,2,0,1,0,1,1
G:\Thesis\FACET_Dataset\Segmented_FACET_0.2_fixed_label\sa_3546228.jpg,2,2,1,0,0.280822217464447,4,4,4,3,1,2,0,0,0
G:\Thesis\FACET_Dataset\Segmented_FACET_0.2_fixed_label\sa_3120751.jpg,4,4,3,1,0.45746222138404846,5,5,5,4,1,1,0,1,1
G:\Thesis\FACET_Dataset\Segmented_FACET_0.2_fixed_label\sa_3467319.jpg,4,4,3,1,0.2325742244720459,3,3,3,2,0,1,0,1,0
G:\Thesis\FACET_Dataset\Segmented_FACET_0.2_fixed_label\sa_5044830.jpg,6,6,5,1,0.5177364945411682,6,6,6,5,1,0,1,1,1
G:\Thesis\FACET_Dataset\Segmented_FACET_0.2_fixed_label\sa_3636151.jpg,3,3,2,0,0.28039371967315674,4,4,4,3,1,1,0,1,0
G:\Thesis\FACET_Dataset\Segmented_FACET_0.2_fixed_label\sa_8775739.jpg,2,2,1,0,0.246780663728714,3,3,3,2,0,1,0,1,1
G:\Thesis\FACET_Dataset\Segmented_FACET_0.2_fixed_label\sa_4953176.jpg,4,4,3,1,0.48340731859207153,5,5,5,4,1,1,0,1,1
G:\Thesis\FACET_Dataset\Segmented_FACET_0.2_fixed_label\sa_7029681.jpg,4,4,3,1,0.3768347203731537,4,4,4,3,1,0,1,1,1
G:\Thesis\FACET_Dataset\Segmented_FACET_0.2_fixed_label\sa_7330766.jpg,5,5,4,1,0.309248149394989,4,4,4,3,1,1,0,1,1
G:\Thesis\FACET_Dataset\Segmented_FACET_0.2_fixed_label\sa_6193592.jpg,4,4,3,1,0.39227068424224854,5,5,5,4,1,1,0,1,1
G:\Thesis\FACET_Dataset\Segmented_FACET_0.2_fixed_label\sa_789737.jpg,3,3,2,0,0.48047658801078796,5,5,5,4,1,2,0,0,0
G:\Thesis\FACET_Dataset\Segmented_FACET_0.2_fixed_label\sa_3806685.jpg,2,2,1,0,0.43113067746162415,5,5,5,4,1,3,0,0,0
G:\Thesis\FACET_Dataset\Segmented_FACET_0.2_fixed_label\sa_4838675.jpg,7,7,6,1,0.674405038356781,7,7,7,6,1,0,1,1,1
G:\Thesis\FACET_Dataset\Segmented_FACET_0.2_fixed_label\sa_8786690.jpg,6,6,5,1,0.5249257683753967,6,6,6,5,1,0,1,1,1
G:\Thesis\FACET_Dataset\Segmented_FACET_0.2_fixed_label\sa_1429317.jpg,4,4,3,1,0.1924658715724945,3,3,3,2,0,1,0,1,0
G:\Thesis\FACET_Dataset\Segmented_FACET_0.2_fixed_label\sa_9825476.jpg,8,8,7,2,0.6752476096153259,7,7,7,6,1,1,0,1,0
G:\Thesis\FACET_Dataset\Segmented_FACET_0.2_fixed_label\sa_3305920.jpg,2,2,1,0,0.19185350835323334,3,3,3,2,0,1,0,1,1
G:\Thesis\FACET_Dataset\Segmented_FACET_0.2_fixed_label\sa_3143426.jpg,4,4,3,1,0.30509957671165466,4,4,4,3,1,0,1,1,1
G:\Thesis\FACET_Dataset\Segmented_FACET_0.2_fixed_label\sa_4662661.jpg,2,2,1,0,0.45996642112731934,5,5,5,4,1,3,0,0,0
G:\Thesis\FACET_Dataset\Segmented_FACET_0.2_fixed_label\sa_6222029.jpg,9,9,8,2,0.5927859544754028,6,6,6,5,1,3,0,0,0
G:\Thesis\FACET_Dataset\Segmented_FACET_0.2_fixed_label\sa_11083026.jpg,2,2,1,0,0.2753662168979645,3,3,3,2,0,1,0,1,1
G:\Thesis\FACET_Dataset\Segmented_FACET_0.2_fixed_label\sa_2474983.jpg,6,6,5,1,0.5447399616241455,6,6,6,5,1,0,1,1,1
G:\Thesis\FACET_Dataset\Segmented_FACET_0.2_fixed_label\sa_2060636.jpg,6,6,5,1,0.3437645137310028,4,4,4,3,1,2,0,0,1
G:\Thesis\FACET_Dataset\Segmented_FACET_0.2_fixed_label\sa_4433491.jpg,8,8,7,2,0.4396671950817108,5,5,5,4,1,3,0,0,0
G:\Thesis\FACET_Dataset\Segmented_FACET_0.2_fixed_label\sa_9194880.jpg,4,4,3,1,0.6199609041213989,7,7,7,6,1,3,0,0,1
G:\Thesis\FACET_Dataset\Segmented_FACET_0.2_fixed_label\sa_10486231.jpg,2,2,1,0,0.3074503242969513,4,4,4,3,1,2,0,0,0
G:\Thesis\FACET_Dataset\Segmented_FACET_0.2_fixed_label\sa_440710.jpg,2,2,1,0,0.3996773362159729,5,5,5,4,1,3,0,0,0
G:\Thesis\FACET_Dataset\Segmented_FACET_0.2_fixed_label\sa_4326242.jpg,2,2,1,0,0.18697373569011688,3,3,3,2,0,1,0,1,1
G:\Thesis\FACET_Dataset\Segmented_FACET_0.2_fixed_label\sa_2866617.jpg,5,5,4,1,0.2796078026294708,4,4,4,3,1,1,0,1,1
G:\Thesis\FACET_Dataset\Segmented_FACET_0.2_fixed_label\sa_8067007.jpg,3,3,2,0,0.3058013617992401,4,4,4,3,1,1,0,1,0
G:\Thesis\FACET_Dataset\Segmented_FACET_0.2_fixed_label\sa_1710488.jpg,5,5,4,1,0.3907000422477722,5,5,5,4,1,0,1,1,1
G:\Thesis\FACET_Dataset\Segmented_FACET_0.2_fixed_label\sa_5647694.jpg,3,3,2,0,0.35893580317497253,4,4,4,3,1,1,0,1,0
G:\Thesis\FACET_Dataset\Segmented_FACET_0.2_fixed_label\sa_200443.jpg,6,6,5,1,0.7069604992866516,7,7,7,6,1,1,0,1,1
G:\Thesis\FACET_Dataset\Segmented_FACET_0.2_fixed_label\sa_5790678.jpg,6,6,5,1,0.5718339085578918,6,6,6,5,1,0,1,1,1
G:\Thesis\FACET_Dataset\Segmented_FACET_0.2_fixed_label\sa_8033758.jpg,9,9,8,2,0.6846205592155457,7,7,7,6,1,2,0,0,0
G:\Thesis\FACET_Dataset\Segmented_FACET_0.2_fixed_label\sa_180993.jpg,4,4,3,1,0.25355055928230286,3,3,3,2,0,1,0,1,0
G:\Thesis\FACET_Dataset\Segmented_FACET_0.2_fixed_label\sa_1736343.jpg,2,2,1,0,0.35715052485466003,4,4,4,3,1,2,0,0,0
G:\Thesis\FACET_Dataset\Segmented_FACET_0.2_fixed_label\sa_9715141.jpg,2,2,1,0,0.4328022599220276,5,5,5,4,1,3,0,0,0
G:\Thesis\FACET_Dataset\Segmented_FACET_0.2_fixed_label\sa_9361089.jpg,4,4,3,1,0.28835055232048035,4,4,4,3,1,0,1,1,1
G:\Thesis\FACET_Dataset\Segmented_FACET_0.2_fixed_label\sa_2756309.jpg,2,2,1,0,0.3938214182853699,5,5,5,4,1,3,0,0,0
G:\Thesis\FACET_Dataset\Segmented_FACET_0.2_fixed_label\sa_1972608.jpg,2,2,1,0,0.22615152597427368,3,3,3,2,0,1,0,1,1
G:\Thesis\FACET_Dataset\Segmented_FACET_0.2_fixed_label\sa_9150781.jpg,2,2,1,0,0.23242147266864777,3,3,3,2,0,1,0,1,1
G:\Thesis\FACET_Dataset\Segmented_FACET_0.2_fixed_label\sa_5815343.jpg,7,7,6,1,0.6862280368804932,7,7,7,6,1,0,1,1,1
G:\Thesis\FACET_Dataset\Segmented_FACET_0.2_fixed_label\sa_7169229.jpg,7,7,6,1,0.3873269557952881,4,4,4,3,1,3,0,0,1
G:\Thesis\FACET_Dataset\Segmented_FACET_0.2_fixed_label\sa_2113904.jpg,7,7,6,1,0.40541961789131165,5,5,5,4,1,2,0,0,1
G:\Thesis\FACET_Dataset\Segmented_FACET_0.2_fixed_label\sa_7156233.jpg,2,2,1,0,0.32365310192108154,4,4,4,3,1,2,0,0,0
G:\Thesis\FACET_Dataset\Segmented_FACET_0.2_fixed_label\sa_7429624.jpg,5,5,4,1,0.5039098858833313,6,6,6,5,1,1,0,1,1
G:\Thesis\FACET_Dataset\Segmented_FACET_0.2_fixed_label\sa_5616531.jpg,2,2,1,0,0.15529027581214905,2,2,2,1,0,0,1,1,1
G:\Thesis\FACET_Dataset\Segmented_FACET_0.2_fixed_label\sa_1801279.jpg,5,5,4,1,0.3999090790748596,5,5,5,4,1,0,1,1,1
G:\Thesis\FACET_Dataset\Segmented_FACET_0.2_fixed_label\sa_395983.jpg,2,2,1,0,0.17349113523960114,3,3,3,2,0,1,0,1,1
G:\Thesis\FACET_Dataset\Segmented_FACET_0.2_fixed_label\sa_8421772.jpg,3,3,2,0,0.4259447157382965,5,5,5,4,1,2,0,0,0
G:\Thesis\FACET_Dataset\Segmented_FACET_0.2_fixed_label\sa_7342124.jpg,6,6,5,1,0.47827473282814026,5,5,5,4,1,1,0,1,1
G:\Thesis\FACET_Dataset\Segmented_FACET_0.2_fixed_label\sa_9395843.jpg,3,3,2,0,0.41816312074661255,5,5,5,4,1,2,0,0,0
G:\Thesis\FACET_Dataset\Segmented_FACET_0.2_fixed_label\sa_691673.jpg,5,5,4,1,0.48315659165382385,5,5,5,4,1,0,1,1,1
G:\Thesis\FACET_Dataset\Segmented_FACET_0.2_fixed_label\sa_2772191.jpg,3,3,2,0,0.22328877449035645,3,3,3,2,0,0,1,1,1
G:\Thesis\FACET_Dataset\Segmented_FACET_0.2_fixed_label\sa_1822211.jpg,4,4,3,1,0.31672370433807373,4,4,4,3,1,0,1,1,1
G:\Thesis\FACET_Dataset\Segmented_FACET_0.2_fixed_label\sa_8179339.jpg,4,4,3,1,0.18544822931289673,3,3,3,2,0,1,0,1,0
G:\Thesis\FACET_Dataset\Segmented_FACET_0.2_fixed_label\sa_5941759.jpg,2,2,1,0,0.19466206431388855,3,3,3,2,0,1,0,1,1
G:\Thesis\FACET_Dataset\Segmented_FACET_0.2_fixed_label\sa_4388194.jpg,6,6,5,1,0.35688406229019165,4,4,4,3,1,2,0,0,1
G:\Thesis\FACET_Dataset\Segmented_FACET_0.2_fixed_label\sa_4558161.jpg,6,6,5,1,0.3659551739692688,4,4,4,3,1,2,0,0,1
G:\Thesis\FACET_Dataset\Segmented_FACET_0.2_fixed_label\sa_9551744.jpg,8,8,7,2,0.3684179186820984,4,4,4,3,1,4,0,0,0
G:\Thesis\FACET_Dataset\Segmented_FACET_0.2_fixed_label\sa_10545112.jpg,2,2,1,0,0.23091743886470795,3,3,3,2,0,1,0,1,1
G:\Thesis\FACET_Dataset\Segmented_FACET_0.2_fixed_label\sa_9040041.jpg,2,2,1,0,0.4227059483528137,5,5,5,4,1,3,0,0,0
G:\Thesis\FACET_Dataset\Segmented_FACET_0.2_fixed_label\sa_1752858.jpg,6,6,5,1,0.44941914081573486,5,5,5,4,1,1,0,1,1
G:\Thesis\FACET_Dataset\Segmented_FACET_0.2_fixed_label\sa_1759645.jpg,3,3,2,0,0.3665481209754944,4,4,4,3,1,1,0,1,0
G:\Thesis\FACET_Dataset\Segmented_FACET_0.2_fixed_label\sa_8006279.jpg,2,2,1,0,0.4429759979248047,5,5,5,4,1,3,0,0,0
G:\Thesis\FACET_Dataset\Segmented_FACET_0.2_fixed_label\sa_7091043.jpg,5,5,4,1,0.31404975056648254,4,4,4,3,1,1,0,1,1
G:\Thesis\FACET_Dataset\Segmented_FACET_0.2_fixed_label\sa_8265943.jpg,2,2,1,0,0.364464670419693,4,4,4,3,1,2,0,0,0
G:\Thesis\FACET_Dataset\Segmented_FACET_0.2_fixed_label\sa_1873155.jpg,2,2,1,0,0.38967442512512207,5,5,5,4,1,3,0,0,0
G:\Thesis\FACET_Dataset\Segmented_FACET_0.2_fixed_label\sa_7907390.jpg,4,4,3,1,0.37876081466674805,4,4,4,3,1,0,1,1,1
G:\Thesis\FACET_Dataset\Segmented_FACET_0.2_fixed_label\sa_9646378.jpg,3,3,2,0,0.5298795104026794,6,6,6,5,1,3,0,0,0
G:\Thesis\FACET_Dataset\Segmented_FACET_0.2_fixed_label\sa_6946472.jpg,3,3,2,0,0.4485951066017151,5,5,5,4,1,2,0,0,0
G:\Thesis\FACET_Dataset\Segmented_FACET_0.2_fixed_label\sa_1440548.jpg,6,6,5,1,0.4501129686832428,5,5,5,4,1,1,0,1,1
G:\Thesis\FACET_Dataset\Segmented_FACET_0.2_fixed_label\sa_10408922.jpg,6,6,5,1,0.35112252831459045,4,4,4,3,1,2,0,0,1
G:\Thesis\FACET_Dataset\Segmented_FACET_0.2_fixed_label\sa_10928582.jpg,4,4,3,1,0.28659144043922424,4,4,4,3,1,0,1,1,1
G:\Thesis\FACET_Dataset\Segmented_FACET_0.2_fixed_label\sa_7744991.jpg,5,5,4,1,0.21849234402179718,3,3,3,2,0,2,0,0,0
G:\Thesis\FACET_Dataset\Segmented_FACET_0.2_fixed_label\sa_5915212.jpg,8,8,7,2,0.774713397026062,8,8,8,7,2,0,1,1,1
G:\Thesis\FACET_Dataset\Segmented_FACET_0.2_fixed_label\sa_8793135.jpg,3,3,2,0,0.2793126404285431,4,4,4,3,1,1,0,1,0
G:\Thesis\FACET_Dataset\Segmented_FACET_0.2_fixed_label\sa_3103297.jpg,5,5,4,1,0.4213508367538452,5,5,5,4,1,0,1,1,1
G:\Thesis\FACET_Dataset\Segmented_FACET_0.2_fixed_label\sa_4832952.jpg,4,4,3,1,0.3014046549797058,4,4,4,3,1,0,1,1,1
G:\Thesis\FACET_Dataset\Segmented_FACET_0.2_fixed_label\sa_7046113.jpg,5,5,4,1,0.41207388043403625,5,5,5,4,1,0,1,1,1
G:\Thesis\FACET_Dataset\Segmented_FACET_0.2_fixed_label\sa_7852192.jpg,3,3,2,0,0.4916093647480011,5,5,5,4,1,2,0,0,0
G:\Thesis\FACET_Dataset\Segmented_FACET_0.2_fixed_label\sa_606078.jpg,2,2,1,0,0.3350600302219391,4,4,4,3,1,2,0,0,0
G:\Thesis\FACET_Dataset\Segmented_FACET_0.2_fixed_label\sa_1635631.jpg,1,1,0,0,0.2828351557254791,4,4,4,3,1,3,0,0,0
G:\Thesis\FACET_Dataset\Segmented_FACET_0.2_fixed_label\sa_3991746.jpg,2,2,1,0,0.18486635386943817,3,3,3,2,0,1,0,1,1
G:\Thesis\FACET_Dataset\Segmented_FACET_0.2_fixed_label\sa_7424580.jpg,7,7,6,1,0.4512179493904114,5,5,5,4,1,2,0,0,1
G:\Thesis\FACET_Dataset\Segmented_FACET_0.2_fixed_label\sa_754926.jpg,7,7,6,1,0.6736069321632385,7,7,7,6,1,0,1,1,1
G:\Thesis\FACET_Dataset\Segmented_FACET_0.2_fixed_label\sa_10942581.jpg,5,5,4,1,0.3994261920452118,5,5,5,4,1,0,1,1,1
G:\Thesis\FACET_Dataset\Segmented_FACET_0.2_fixed_label\sa_11044385.jpg,2,2,1,0,0.07676323503255844,2,2,2,1,0,0,1,1,1
G:\Thesis\FACET_Dataset\Segmented_FACET_0.2_fixed_label\sa_4201272.jpg,4,4,3,1,0.40149274468421936,5,5,5,4,1,1,0,1,1
G:\Thesis\FACET_Dataset\Segmented_FACET_0.2_fixed_label\sa_3629885.jpg,3,3,2,0,0.3322054147720337,4,4,4,3,1,1,0,1,0
G:\Thesis\FACET_Dataset\Segmented_FACET_0.2_fixed_label\sa_10001648.jpg,6,6,5,1,0.4477775990962982,5,5,5,4,1,1,0,1,1
G:\Thesis\FACET_Dataset\Segmented_FACET_0.2_fixed_label\sa_3386657.jpg,3,3,2,0,0.24254806339740753,3,3,3,2,0,0,1,1,1
G:\Thesis\FACET_Dataset\Segmented_FACET_0.2_fixed_label\sa_6300862.jpg,8,8,7,2,0.594027578830719,6,6,6,5,1,2,0,0,0
G:\Thesis\FACET_Dataset\Segmented_FACET_0.2_fixed_label\sa_957680.jpg,5,5,4,1,0.4934942126274109,5,5,5,4,1,0,1,1,1
G:\Thesis\FACET_Dataset\Segmented_FACET_0.2_fixed_label\sa_5569974.jpg,10,10,9,2,0.8199782371520996,8,8,8,7,2,2,0,0,1
G:\Thesis\FACET_Dataset\Segmented_FACET_0.2_fixed_label\sa_6659824.jpg,3,3,2,0,0.3395545184612274,4,4,4,3,1,1,0,1,0
G:\Thesis\FACET_Dataset\Segmented_FACET_0.2_fixed_label\sa_9722807.jpg,3,3,2,0,0.38607698678970337,4,4,4,3,1,1,0,1,0
G:\Thesis\FACET_Dataset\Segmented_FACET_0.2_fixed_label\sa_10089288.jpg,2,2,1,0,0.4068266749382019,5,5,5,4,1,3,0,0,0
G:\Thesis\FACET_Dataset\Segmented_FACET_0.2_fixed_label\sa_4179445.jpg,2,2,1,0,0.47841864824295044,5,5,5,4,1,3,0,0,0
G:\Thesis\FACET_Dataset\Segmented_FACET_0.2_fixed_label\sa_10837279.jpg,6,6,5,1,0.5370064973831177,6,6,6,5,1,0,1,1,1
G:\Thesis\FACET_Dataset\Segmented_FACET_0.2_fixed_label\sa_4938852.jpg,3,3,2,0,0.5813168287277222,6,6,6,5,1,3,0,0,0
G:\Thesis\FACET_Dataset\Segmented_FACET_0.2_fixed_label\sa_2525298.jpg,3,3,2,0,0.2973554730415344,4,4,4,3,1,1,0,1,0
G:\Thesis\FACET_Dataset\Segmented_FACET_0.2_fixed_label\sa_3856553.jpg,4,4,3,1,0.333758682012558,4,4,4,3,1,0,1,1,1
G:\Thesis\FACET_Dataset\Segmented_FACET_0.2_fixed_label\sa_2265185.jpg,4,4,3,1,0.6380607485771179,7,7,7,6,1,3,0,0,1
G:\Thesis\FACET_Dataset\Segmented_FACET_0.2_fixed_label\sa_3612157.jpg,3,3,2,0,0.2609441876411438,3,3,3,2,0,0,1,1,1
G:\Thesis\FACET_Dataset\Segmented_FACET_0.2_fixed_label\sa_4237910.jpg,3,3,2,0,0.10485119372606277,2,2,2,1,0,1,0,1,1
G:\Thesis\FACET_Dataset\Segmented_FACET_0.2_fixed_label\sa_6846608.jpg,6,6,5,1,0.3412751853466034,4,4,4,3,1,2,0,0,1
G:\Thesis\FACET_Dataset\Segmented_FACET_0.2_fixed_label\sa_5068397.jpg,4,4,3,1,0.38708770275115967,4,4,4,3,1,0,1,1,1
G:\Thesis\FACET_Dataset\Segmented_FACET_0.2_fixed_label\sa_3680583.jpg,4,4,3,1,0.44112637639045715,5,5,5,4,1,1,0,1,1
G:\Thesis\FACET_Dataset\Segmented_FACET_0.2_fixed_label\sa_5633666.jpg,5,5,4,1,0.29745054244995117,4,4,4,3,1,1,0,1,1
G:\Thesis\FACET_Dataset\Segmented_FACET_0.2_fixed_label\sa_5153838.jpg,3,3,2,0,0.2155122607946396,3,3,3,2,0,0,1,1,1
G:\Thesis\FACET_Dataset\Segmented_FACET_0.2_fixed_label\sa_7145981.jpg,6,6,5,1,0.4256826639175415,5,5,5,4,1,1,0,1,1
G:\Thesis\FACET_Dataset\Segmented_FACET_0.2_fixed_label\sa_10987539.jpg,4,4,3,1,0.21408632397651672,3,3,3,2,0,1,0,1,0
G:\Thesis\FACET_Dataset\Segmented_FACET_0.2_fixed_label\sa_6479500.jpg,3,3,2,0,0.5012408494949341,6,6,6,5,1,3,0,0,0
G:\Thesis\FACET_Dataset\Segmented_FACET_0.2_fixed_label\sa_1367724.jpg,2,2,1,0,0.5019580125808716,6,6,6,5,1,4,0,0,0
G:\Thesis\FACET_Dataset\Segmented_FACET_0.2_fixed_label\sa_780544.jpg,2,2,1,0,0.4526265859603882,5,5,5,4,1,3,0,0,0
G:\Thesis\FACET_Dataset\Segmented_FACET_0.2_fixed_label\sa_6987576.jpg,6,6,5,1,0.3250029385089874,4,4,4,3,1,2,0,0,1
G:\Thesis\FACET_Dataset\Segmented_FACET_0.2_fixed_label\sa_6333629.jpg,3,3,2,0,0.5310505032539368,6,6,6,5,1,3,0,0,0
G:\Thesis\FACET_Dataset\Segmented_FACET_0.2_fixed_label\sa_6542756.jpg,4,4,3,1,0.2648090422153473,3,3,3,2,0,1,0,1,0
G:\Thesis\FACET_Dataset\Segmented_FACET_0.2_fixed_label\sa_4596086.jpg,3,3,2,0,0.6493716835975647,7,7,7,6,1,4,0,0,0
G:\Thesis\FACET_Dataset\Segmented_FACET_0.2_fixed_label\sa_5436532.jpg,5,5,4,1,0.46045804023742676,5,5,5,4,1,0,1,1,1
G:\Thesis\FACET_Dataset\Segmented_FACET_0.2_fixed_label\sa_10123527.jpg,2,2,1,0,0.24410197138786316,3,3,3,2,0,1,0,1,1
G:\Thesis\FACET_Dataset\Segmented_FACET_0.2_fixed_label\sa_2370129.jpg,4,4,3,1,0.4076562225818634,5,5,5,4,1,1,0,1,1
G:\Thesis\FACET_Dataset\Segmented_FACET_0.2_fixed_label\sa_875233.jpg,2,2,1,0,0.36100226640701294,4,4,4,3,1,2,0,0,0
G:\Thesis\FACET_Dataset\Segmented_FACET_0.2_fixed_label\sa_2325891.jpg,5,5,4,1,0.37559109926223755,4,4,4,3,1,1,0,1,1
G:\Thesis\FACET_Dataset\Segmented_FACET_0.2_fixed_label\sa_9575365.jpg,4,4,3,1,0.18628807365894318,3,3,3,2,0,1,0,1,0
G:\Thesis\FACET_Dataset\Segmented_FACET_0.2_fixed_label\sa_271879.jpg,4,4,3,1,0.4198088049888611,5,5,5,4,1,1,0,1,1
G:\Thesis\FACET_Dataset\Segmented_FACET_0.2_fixed_label\sa_10130929.jpg,3,3,2,0,0.3366815447807312,4,4,4,3,1,1,0,1,0
G:\Thesis\FACET_Dataset\Segmented_FACET_0.2_fixed_label\sa_587246.jpg,7,7,6,1,0.5737099647521973,6,6,6,5,1,1,0,1,1
G:\Thesis\FACET_Dataset\Segmented_FACET_0.2_fixed_label\sa_7907390.jpg,4,4,3,1,0.37876081466674805,4,4,4,3,1,0,1,1,1
G:\Thesis\FACET_Dataset\Segmented_FACET_0.2_fixed_label\sa_10034633.jpg,2,2,1,0,0.33152490854263306,4,4,4,3,1,2,0,0,0
G:\Thesis\FACET_Dataset\Segmented_FACET_0.2_fixed_label\sa_1059464.jpg,1,1,0,0,0.2807120382785797,4,4,4,3,1,3,0,0,0
G:\Thesis\FACET_Dataset\Segmented_FACET_0.2_fixed_label\sa_5374592.jpg,2,2,1,0,0.16365985572338104,2,2,2,1,0,0,1,1,1
G:\Thesis\FACET_Dataset\Segmented_FACET_0.2_fixed_label\sa_9545144.jpg,8,8,7,2,0.4421460032463074,5,5,5,4,1,3,0,0,0
G:\Thesis\FACET_Dataset\Segmented_FACET_0.2_fixed_label\sa_8253748.jpg,3,3,2,0,0.14959585666656494,2,2,2,1,0,1,0,1,1
G:\Thesis\FACET_Dataset\Segmented_FACET_0.2_fixed_label\sa_2674845.jpg,4,4,3,1,0.42969414591789246,5,5,5,4,1,1,0,1,1
G:\Thesis\FACET_Dataset\Segmented_FACET_0.2_fixed_label\sa_7674108.jpg,3,3,2,0,0.29186177253723145,4,4,4,3,1,1,0,1,0
G:\Thesis\FACET_Dataset\Segmented_FACET_0.2_fixed_label\sa_4953176.jpg,6,6,5,1,0.48340731859207153,5,5,5,4,1,1,0,1,1
G:\Thesis\FACET_Dataset\Segmented_FACET_0.2_fixed_label\sa_10861772.jpg,6,6,5,1,0.5380308032035828,6,6,6,5,1,0,1,1,1
G:\Thesis\FACET_Dataset\Segmented_FACET_0.2_fixed_label\sa_4009050.jpg,3,3,2,0,0.16488413512706757,2,2,2,1,0,1,0,1,1
G:\Thesis\FACET_Dataset\Segmented_FACET_0.2_fixed_label\sa_4786068.jpg,6,6,5,1,0.6476530432701111,7,7,7,6,1,1,0,1,1
G:\Thesis\FACET_Dataset\Segmented_FACET_0.2_fixed_label\sa_8786690.jpg,6,6,5,1,0.5249257683753967,6,6,6,5,1,0,1,1,1
G:\Thesis\FACET_Dataset\Segmented_FACET_0.2_fixed_label\sa_5453598.jpg,2,2,1,0,0.25493478775024414,3,3,3,2,0,1,0,1,1
G:\Thesis\FACET_Dataset\Segmented_FACET_0.2_fixed_label\sa_8343708.jpg,4,4,3,1,0.5711598992347717,6,6,6,5,1,2,0,0,1
G:\Thesis\FACET_Dataset\Segmented_FACET_0.2_fixed_label\sa_4185296.jpg,8,8,7,2,0.2363336980342865,3,3,3,2,0,5,0,0,0
G:\Thesis\FACET_Dataset\Segmented_FACET_0.2_fixed_label\sa_3920545.jpg,6,6,5,1,0.47796183824539185,5,5,5,4,1,1,0,1,1
G:\Thesis\FACET_Dataset\Segmented_FACET_0.2_fixed_label\sa_8836754.jpg,3,3,2,0,0.23734940588474274,3,3,3,2,0,0,1,1,1
G:\Thesis\FACET_Dataset\Segmented_FACET_0.2_fixed_label\sa_8447730.jpg,6,6,5,1,0.6850478053092957,7,7,7,6,1,1,0,1,1
G:\Thesis\FACET_Dataset\Segmented_FACET_0.2_fixed_label\sa_4667204.jpg,3,3,2,0,0.559317946434021,6,6,6,5,1,3,0,0,0
G:\Thesis\FACET_Dataset\Segmented_FACET_0.2_fixed_label\sa_7162201.jpg,2,2,1,0,0.2504635155200958,3,3,3,2,0,1,0,1,1
G:\Thesis\FACET_Dataset\Segmented_FACET_0.2_fixed_label\sa_6731934.jpg,3,3,2,0,0.3983812928199768,5,5,5,4,1,2,0,0,0
G:\Thesis\FACET_Dataset\Segmented_FACET_0.2_fixed_label\sa_236627.jpg,2,2,1,0,0.5355924367904663,6,6,6,5,1,4,0,0,0
G:\Thesis\FACET_Dataset\Segmented_FACET_0.2_fixed_label\sa_4370648.jpg,9,9,8,2,0.7015275359153748,7,7,7,6,1,2,0,0,0
G:\Thesis\FACET_Dataset\Segmented_FACET_0.2_fixed_label\sa_6189368.jpg,4,4,3,1,0.535306453704834,6,6,6,5,1,2,0,0,1
G:\Thesis\FACET_Dataset\Segmented_FACET_0.2_fixed_label\sa_9904439.jpg,7,7,6,1,0.4295392632484436,5,5,5,4,1,2,0,0,1
G:\Thesis\FACET_Dataset\Segmented_FACET_0.2_fixed_label\sa_3787193.jpg,5,5,4,1,0.5177153944969177,6,6,6,5,1,1,0,1,1
G:\Thesis\FACET_Dataset\Segmented_FACET_0.2_fixed_label\sa_619947.jpg,7,7,6,1,0.7681076526641846,8,8,8,7,2,1,0,1,0
G:\Thesis\FACET_Dataset\Segmented_FACET_0.2_fixed_label\sa_286716.jpg,3,3,2,0,0.5514271259307861,6,6,6,5,1,3,0,0,0
G:\Thesis\FACET_Dataset\Segmented_FACET_0.2_fixed_label\sa_8137950.jpg,3,3,2,0,0.2989484667778015,4,4,4,3,1,1,0,1,0
G:\Thesis\FACET_Dataset\Segmented_FACET_0.2_fixed_label\sa_10277350.jpg,5,5,4,1,0.483097642660141,5,5,5,4,1,0,1,1,1
G:\Thesis\FACET_Dataset\Segmented_FACET_0.2_fixed_label\sa_2949780.jpg,5,5,4,1,0.3101133108139038,4,4,4,3,1,1,0,1,1
G:\Thesis\FACET_Dataset\Segmented_FACET_0.2_fixed_label\sa_4416975.jpg,9,9,8,2,0.777786135673523,8,8,8,7,2,1,0,1,1
G:\Thesis\FACET_Dataset\Segmented_FACET_0.2_fixed_label\sa_6333458.jpg,6,6,5,1,0.3743780553340912,4,4,4,3,1,2,0,0,1
G:\Thesis\FACET_Dataset\Segmented_FACET_0.2_fixed_label\sa_5400620.jpg,6,6,5,1,0.4507535696029663,5,5,5,4,1,1,0,1,1
G:\Thesis\FACET_Dataset\Segmented_FACET_0.2_fixed_label\sa_2149703.jpg,4,4,3,1,0.5657622814178467,6,6,6,5,1,2,0,0,1
G:\Thesis\FACET_Dataset\Segmented_FACET_0.2_fixed_label\sa_4515275.jpg,7,7,6,1,0.4398750066757202,5,5,5,4,1,2,0,0,1
G:\Thesis\FACET_Dataset\Segmented_FACET_0.2_fixed_label\sa_4430152.jpg,2,2,1,0,0.26570266485214233,3,3,3,2,0,1,0,1,1
G:\Thesis\FACET_Dataset\Segmented_FACET_0.2_fixed_label\sa_10068268.jpg,3,3,2,0,0.2625860273838043,3,3,3,2,0,0,1,1,1
G:\Thesis\FACET_Dataset\Segmented_FACET_0.2_fixed_label\sa_8970413.jpg,8,8,7,2,0.5563551783561707,6,6,6,5,1,2,0,0,0
G:\Thesis\FACET_Dataset\Segmented_FACET_0.2_fixed_label\sa_8293466.jpg,7,7,6,1,0.6749902367591858,7,7,7,6,1,0,1,1,1
G:\Thesis\FACET_Dataset\Segmented_FACET_0.2_fixed_label\sa_3190414.jpg,3,3,2,0,0.4431968629360199,5,5,5,4,1,2,0,0,0
G:\Thesis\FACET_Dataset\Segmented_FACET_0.2_fixed_label\sa_1929122.jpg,5,5,4,1,0.5282527208328247,6,6,6,5,1,1,0,1,1
G:\Thesis\FACET_Dataset\Segmented_FACET_0.2_fixed_label\sa_7217967.jpg,5,5,4,1,0.4846208095550537,5,5,5,4,1,0,1,1,1
G:\Thesis\FACET_Dataset\Segmented_FACET_0.2_fixed_label\sa_9458625.jpg,3,3,2,0,0.2571905255317688,3,3,3,2,0,0,1,1,1
G:\Thesis\FACET_Dataset\Segmented_FACET_0.2_fixed_label\sa_8812021.jpg,4,4,3,1,0.44758445024490356,5,5,5,4,1,1,0,1,1
G:\Thesis\FACET_Dataset\Segmented_FACET_0.2_fixed_label\sa_870796.jpg,4,4,3,1,0.3276589512825012,4,4,4,3,1,0,1,1,1
G:\Thesis\FACET_Dataset\Segmented_FACET_0.2_fixed_label\sa_3012918.jpg,5,5,4,1,0.632910966873169,7,7,7,6,1,2,0,0,1
G:\Thesis\FACET_Dataset\Segmented_FACET_0.2_fixed_label\sa_2196161.jpg,3,3,2,0,0.3559577465057373,4,4,4,3,1,1,0,1,0
G:\Thesis\FACET_Dataset\Segmented_FACET_0.2_fixed_label\sa_2499281.jpg,1,1,0,0,0.39501312375068665,5,5,5,4,1,4,0,0,0
G:\Thesis\FACET_Dataset\Segmented_FACET_0.2_fixed_label\sa_4313887.jpg,5,5,4,1,0.7289742231369019,8,8,8,7,2,3,0,0,0
G:\Thesis\FACET_Dataset\Segmented_FACET_0.2_fixed_label\sa_4068101.jpg,3,3,2,0,0.2994791567325592,4,4,4,3,1,1,0,1,0
G:\Thesis\FACET_Dataset\Segmented_FACET_0.2_fixed_label\sa_4199584.jpg,4,4,3,1,0.43607231974601746,5,5,5,4,1,1,0,1,1
G:\Thesis\FACET_Dataset\Segmented_FACET_0.2_fixed_label\sa_8531277.jpg,3,3,2,0,0.3957136869430542,5,5,5,4,1,2,0,0,0
G:\Thesis\FACET_Dataset\Segmented_FACET_0.2_fixed_label\sa_1442214.jpg,2,2,1,0,0.2966102957725525,4,4,4,3,1,2,0,0,0
G:\Thesis\FACET_Dataset\Segmented_FACET_0.2_fixed_label\sa_4079700.jpg,5,5,4,1,0.5027055740356445,6,6,6,5,1,1,0,1,1
G:\Thesis\FACET_Dataset\Segmented_FACET_0.2_fixed_label\sa_5677264.jpg,4,4,3,1,0.4238258898258209,5,5,5,4,1,1,0,1,1
G:\Thesis\FACET_Dataset\Segmented_FACET_0.2_fixed_label\sa_5465335.jpg,3,3,2,0,0.3592072129249573,4,4,4,3,1,1,0,1,0
G:\Thesis\FACET_Dataset\Segmented_FACET_0.2_fixed_label\sa_1462121.jpg,4,4,3,1,0.3328119218349457,4,4,4,3,1,0,1,1,1
G:\Thesis\FACET_Dataset\Segmented_FACET_0.2_fixed_label\sa_5976402.jpg,2,2,1,0,0.4628174602985382,5,5,5,4,1,3,0,0,0
G:\Thesis\FACET_Dataset\Segmented_FACET_0.2_fixed_label\sa_1441403.jpg,3,3,2,0,0.07803794741630554,2,2,2,1,0,1,0,1,1
G:\Thesis\FACET_Dataset\Segmented_FACET_0.2_fixed_label\sa_1793094.jpg,2,2,1,0,0.2857629060745239,4,4,4,3,1,2,0,0,0
G:\Thesis\FACET_Dataset\Segmented_FACET_0.2_fixed_label\sa_8539185.jpg,2,2,1,0,0.16072317957878113,2,2,2,1,0,0,1,1,1
G:\Thesis\FACET_Dataset\Segmented_FACET_0.2_fixed_label\sa_7072705.jpg,5,5,4,1,0.36106446385383606,4,4,4,3,1,1,0,1,1
G:\Thesis\FACET_Dataset\Segmented_FACET_0.2_fixed_label\sa_350152.jpg,3,3,2,0,0.26122257113456726,3,3,3,2,0,0,1,1,1
G:\Thesis\FACET_Dataset\Segmented_FACET_0.2_fixed_label\sa_4563150.jpg,2,2,1,0,0.19422607123851776,3,3,3,2,0,1,0,1,1
G:\Thesis\FACET_Dataset\Segmented_FACET_0.2_fixed_label\sa_975478.jpg,5,5,4,1,0.27343475818634033,3,3,3,2,0,2,0,0,0
G:\Thesis\FACET_Dataset\Segmented_FACET_0.2_fixed_label\sa_2746131.jpg,5,5,4,1,0.42837005853652954,5,5,5,4,1,0,1,1,1
G:\Thesis\FACET_Dataset\Segmented_FACET_0.2_fixed_label\sa_6844966.jpg,4,4,3,1,0.3326849937438965,4,4,4,3,1,0,1,1,1
G:\Thesis\FACET_Dataset\Segmented_FACET_0.2_fixed_label\sa_7005202.jpg,3,3,2,0,0.2031238079071045,3,3,3,2,0,0,1,1,1
G:\Thesis\FACET_Dataset\Segmented_FACET_0.2_fixed_label\sa_7330766.jpg,3,3,2,0,0.309248149394989,4,4,4,3,1,1,0,1,0
G:\Thesis\FACET_Dataset\Segmented_FACET_0.2_fixed_label\sa_3436418.jpg,6,6,5,1,0.17730943858623505,3,3,3,2,0,3,0,0,0
G:\Thesis\FACET_Dataset\Segmented_FACET_0.2_fixed_label\sa_11053641.jpg,4,4,3,1,0.678821861743927,7,7,7,6,1,3,0,0,1
G:\Thesis\FACET_Dataset\Segmented_FACET_0.2_fixed_label\sa_8381515.jpg,4,4,3,1,0.4646918475627899,5,5,5,4,1,1,0,1,1
G:\Thesis\FACET_Dataset\Segmented_FACET_0.2_fixed_label\sa_1984040.jpg,6,6,5,1,0.5214571952819824,6,6,6,5,1,0,1,1,1
G:\Thesis\FACET_Dataset\Segmented_FACET_0.2_fixed_label\sa_8489176.jpg,9,9,8,2,0.7332088947296143,8,8,8,7,2,1,0,1,1
G:\Thesis\FACET_Dataset\Segmented_FACET_0.2_fixed_label\sa_1435095.jpg,4,4,3,1,0.4597901403903961,5,5,5,4,1,1,0,1,1
G:\Thesis\FACET_Dataset\Segmented_FACET_0.2_fixed_label\sa_10340266.jpg,4,4,3,1,0.2752276062965393,3,3,3,2,0,1,0,1,0
G:\Thesis\FACET_Dataset\Segmented_FACET_0.2_fixed_label\sa_15807.jpg,3,3,2,0,0.26893073320388794,3,3,3,2,0,0,1,1,1
G:\Thesis\FACET_Dataset\Segmented_FACET_0.2_fixed_label\sa_10887048.jpg,4,4,3,1,0.3372191786766052,4,4,4,3,1,0,1,1,1
G:\Thesis\FACET_Dataset\Segmented_FACET_0.2_fixed_label\sa_7113737.jpg,2,2,1,0,0.3069303631782532,4,4,4,3,1,2,0,0,0
G:\Thesis\FACET_Dataset\Segmented_FACET_0.2_fixed_label\sa_7344264.jpg,3,3,2,0,0.3607161343097687,4,4,4,3,1,1,0,1,0
G:\Thesis\FACET_Dataset\Segmented_FACET_0.2_fixed_label\sa_6390701.jpg,4,4,3,1,0.33400681614875793,4,4,4,3,1,0,1,1,1
G:\Thesis\FACET_Dataset\Segmented_FACET_0.2_fixed_label\sa_4450995.jpg,2,2,1,0,0.11672929674386978,2,2,2,1,0,0,1,1,1
G:\Thesis\FACET_Dataset\Segmented_FACET_0.2_fixed_label\sa_1195619.jpg,5,5,4,1,0.42878907918930054,5,5,5,4,1,0,1,1,1
G:\Thesis\FACET_Dataset\Segmented_FACET_0.2_fixed_label\sa_11054725.jpg,5,5,4,1,0.5444021821022034,6,6,6,5,1,1,0,1,1
G:\Thesis\FACET_Dataset\Segmented_FACET_0.2_fixed_label\sa_2255583.jpg,2,2,1,0,0.20959514379501343,3,3,3,2,0,1,0,1,1
G:\Thesis\FACET_Dataset\Segmented_FACET_0.2_fixed_label\sa_8743424.jpg,3,3,2,0,0.2424924075603485,3,3,3,2,0,0,1,1,1
G:\Thesis\FACET_Dataset\Segmented_FACET_0.2_fixed_label\sa_11034656.jpg,6,6,5,1,0.47343766689300537,5,5,5,4,1,1,0,1,1
G:\Thesis\FACET_Dataset\Segmented_FACET_0.2_fixed_label\sa_6110157.jpg,4,4,3,1,0.3813810646533966,4,4,4,3,1,0,1,1,1
G:\Thesis\FACET_Dataset\Segmented_FACET_0.2_fixed_label\sa_2559933.jpg,5,5,4,1,0.4223923087120056,5,5,5,4,1,0,1,1,1
G:\Thesis\FACET_Dataset\Segmented_FACET_0.2_fixed_label\sa_1404960.jpg,3,3,2,0,0.2780439555644989,4,4,4,3,1,1,0,1,0
G:\Thesis\FACET_Dataset\Segmented_FACET_0.2_fixed_label\sa_3437748.jpg,7,7,6,1,0.6702146530151367,7,7,7,6,1,0,1,1,1
G:\Thesis\FACET_Dataset\Segmented_FACET_0.2_fixed_label\sa_6166993.jpg,3,3,2,0,0.3409886956214905,4,4,4,3,1,1,0,1,0
G:\Thesis\FACET_Dataset\Segmented_FACET_0.2_fixed_label\sa_8438635.jpg,4,4,3,1,0.10055068135261536,2,2,2,1,0,2,0,0,0
G:\Thesis\FACET_Dataset\Segmented_FACET_0.2_fixed_label\sa_2937365.jpg,2,2,1,0,0.43379759788513184,5,5,5,4,1,3,0,0,0
G:\Thesis\FACET_Dataset\Segmented_FACET_0.2_fixed_label\sa_10202700.jpg,8,8,7,2,0.6471908688545227,7,7,7,6,1,1,0,1,0
G:\Thesis\FACET_Dataset\Segmented_FACET_0.2_fixed_label\sa_3513021.jpg,3,3,2,0,0.21751010417938232,3,3,3,2,0,0,1,1,1
G:\Thesis\FACET_Dataset\Segmented_FACET_0.2_fixed_label\sa_3878735.jpg,6,6,5,1,0.46865957975387573,5,5,5,4,1,1,0,1,1
G:\Thesis\FACET_Dataset\Segmented_FACET_0.2_fixed_label\sa_7971175.jpg,3,3,2,0,0.37422052025794983,4,4,4,3,1,1,0,1,0
G:\Thesis\FACET_Dataset\Segmented_FACET_0.2_fixed_label\sa_8022355.jpg,6,6,5,1,0.34427642822265625,4,4,4,3,1,2,0,0,1
G:\Thesis\FACET_Dataset\Segmented_FACET_0.2_fixed_label\sa_5712543.jpg,2,2,1,0,0.21462289988994598,3,3,3,2,0,1,0,1,1
G:\Thesis\FACET_Dataset\Segmented_FACET_0.2_fixed_label\sa_7943968.jpg,2,2,1,0,0.30712875723838806,4,4,4,3,1,2,0,0,0
G:\Thesis\FACET_Dataset\Segmented_FACET_0.2_fixed_label\sa_10217841.jpg,2,2,1,0,0.1615438461303711,2,2,2,1,0,0,1,1,1
G:\Thesis\FACET_Dataset\Segmented_FACET_0.2_fixed_label\sa_7213451.jpg,3,3,2,0,0.25347697734832764,3,3,3,2,0,0,1,1,1
G:\Thesis\FACET_Dataset\Segmented_FACET_0.2_fixed_label\sa_9604483.jpg,3,3,2,0,0.2461978793144226,3,3,3,2,0,0,1,1,1
G:\Thesis\FACET_Dataset\Segmented_FACET_0.2_fixed_label\sa_10498237.jpg,2,2,1,0,0.28395459055900574,4,4,4,3,1,2,0,0,0
G:\Thesis\FACET_Dataset\Segmented_FACET_0.2_fixed_label\sa_10459138.jpg,3,3,2,0,0.13285943865776062,2,2,2,1,0,1,0,1,1
G:\Thesis\FACET_Dataset\Segmented_FACET_0.2_fixed_label\sa_8539185.jpg,2,2,1,0,0.16072317957878113,2,2,2,1,0,0,1,1,1
G:\Thesis\FACET_Dataset\Segmented_FACET_0.2_fixed_label\sa_5093441.jpg,2,2,1,0,0.15545962750911713,2,2,2,1,0,0,1,1,1
G:\Thesis\FACET_Dataset\Segmented_FACET_0.2_fixed_label\sa_3665560.jpg,5,5,4,1,0.341671347618103,4,4,4,3,1,1,0,1,1
G:\Thesis\FACET_Dataset\Segmented_FACET_0.2_fixed_label\sa_1229148.jpg,5,5,4,1,0.3276576101779938,4,4,4,3,1,1,0,1,1
G:\Thesis\FACET_Dataset\Segmented_FACET_0.2_fixed_label\sa_7373385.jpg,4,4,3,1,0.2813161611557007,4,4,4,3,1,0,1,1,1
G:\Thesis\FACET_Dataset\Segmented_FACET_0.2_fixed_label\sa_4231211.jpg,5,5,4,1,0.17977392673492432,3,3,3,2,0,2,0,0,0
G:\Thesis\FACET_Dataset\Segmented_FACET_0.2_fixed_label\sa_3490225.jpg,9,9,8,2,0.7697567939758301,8,8,8,7,2,1,0,1,1
G:\Thesis\FACET_Dataset\Segmented_FACET_0.2_fixed_label\sa_4231211.jpg,2,2,1,0,0.17977392673492432,3,3,3,2,0,1,0,1,1
G:\Thesis\FACET_Dataset\Segmented_FACET_0.2_fixed_label\sa_1012178.jpg,5,5,4,1,0.2932710349559784,4,4,4,3,1,1,0,1,1
G:\Thesis\FACET_Dataset\Segmented_FACET_0.2_fixed_label\sa_5322173.jpg,3,3,2,0,0.2944508194923401,4,4,4,3,1,1,0,1,0
G:\Thesis\FACET_Dataset\Segmented_FACET_0.2_fixed_label\sa_10109543.jpg,5,5,4,1,0.38717666268348694,4,4,4,3,1,1,0,1,1
G:\Thesis\FACET_Dataset\Segmented_FACET_0.2_fixed_label\sa_2564768.jpg,3,3,2,0,0.3109835088253021,4,4,4,3,1,1,0,1,0
G:\Thesis\FACET_Dataset\Segmented_FACET_0.2_fixed_label\sa_7789823.jpg,7,7,6,1,0.5502700805664062,6,6,6,5,1,1,0,1,1
G:\Thesis\FACET_Dataset\Segmented_FACET_0.2_fixed_label\sa_5333185.jpg,5,5,4,1,0.6446545124053955,7,7,7,6,1,2,0,0,1
G:\Thesis\FACET_Dataset\Segmented_FACET_0.2_fixed_label\sa_8748950.jpg,6,6,5,1,0.5348291993141174,6,6,6,5,1,0,1,1,1
G:\Thesis\FACET_Dataset\Segmented_FACET_0.2_fixed_label\sa_10957218.jpg,8,8,7,2,0.5448769927024841,6,6,6,5,1,2,0,0,0
G:\Thesis\FACET_Dataset\Segmented_FACET_0.2_fixed_label\sa_1013900.jpg,2,2,1,0,0.31539133191108704,4,4,4,3,1,2,0,0,0
G:\Thesis\FACET_Dataset\Segmented_FACET_0.2_fixed_label\sa_6482255.jpg,2,2,1,0,0.18983441591262817,3,3,3,2,0,1,0,1,1
G:\Thesis\FACET_Dataset\Segmented_FACET_0.2_fixed_label\sa_7779201.jpg,4,4,3,1,0.34038424491882324,4,4,4,3,1,0,1,1,1
G:\Thesis\FACET_Dataset\Segmented_FACET_0.2_fixed_label\sa_9288427.jpg,4,4,3,1,0.3148818612098694,4,4,4,3,1,0,1,1,1
G:\Thesis\FACET_Dataset\Segmented_FACET_0.2_fixed_label\sa_3526045.jpg,1,1,0,0,0.286598801612854,4,4,4,3,1,3,0,0,0
G:\Thesis\FACET_Dataset\Segmented_FACET_0.2_fixed_label\sa_3024384.jpg,6,6,5,1,0.3232329189777374,4,4,4,3,1,2,0,0,1
G:\Thesis\FACET_Dataset\Segmented_FACET_0.2_fixed_label\sa_5476556.jpg,3,3,2,0,0.33076977729797363,4,4,4,3,1,1,0,1,0
G:\Thesis\FACET_Dataset\Segmented_FACET_0.2_fixed_label\sa_10720806.jpg,2,2,1,0,0.23544716835021973,3,3,3,2,0,1,0,1,1
G:\Thesis\FACET_Dataset\Segmented_FACET_0.2_fixed_label\sa_1442214.jpg,2,2,1,0,0.2966102957725525,4,4,4,3,1,2,0,0,0
G:\Thesis\FACET_Dataset\Segmented_FACET_0.2_fixed_label\sa_7453249.jpg,6,6,5,1,0.4668430685997009,5,5,5,4,1,1,0,1,1
G:\Thesis\FACET_Dataset\Segmented_FACET_0.2_fixed_label\sa_8880378.jpg,1,1,0,0,0.2477605640888214,3,3,3,2,0,2,0,0,1
G:\Thesis\FACET_Dataset\Segmented_FACET_0.2_fixed_label\sa_591356.jpg,4,4,3,1,0.4571392238140106,5,5,5,4,1,1,0,1,1
G:\Thesis\FACET_Dataset\Segmented_FACET_0.2_fixed_label\sa_8614714.jpg,4,4,3,1,0.408805787563324,5,5,5,4,1,1,0,1,1
G:\Thesis\FACET_Dataset\Segmented_FACET_0.2_fixed_label\sa_3924441.jpg,3,3,2,0,0.4649519920349121,5,5,5,4,1,2,0,0,0
G:\Thesis\FACET_Dataset\Segmented_FACET_0.2_fixed_label\sa_9454089.jpg,5,5,4,1,0.5681299567222595,6,6,6,5,1,1,0,1,1
G:\Thesis\FACET_Dataset\Segmented_FACET_0.2_fixed_label\sa_8273213.jpg,1,1,0,0,0.4308549463748932,5,5,5,4,1,4,0,0,0
G:\Thesis\FACET_Dataset\Segmented_FACET_0.2_fixed_label\sa_3069634.jpg,5,5,4,1,0.5616663694381714,6,6,6,5,1,1,0,1,1
G:\Thesis\FACET_Dataset\Segmented_FACET_0.2_fixed_label\sa_6418033.jpg,6,6,5,1,0.39851266145706177,5,5,5,4,1,1,0,1,1
G:\Thesis\FACET_Dataset\Segmented_FACET_0.2_fixed_label\sa_8970413.jpg,7,7,6,1,0.5563551783561707,6,6,6,5,1,1,0,1,1
G:\Thesis\FACET_Dataset\Segmented_FACET_0.2_fixed_label\sa_1049914.jpg,4,4,3,1,0.2997656762599945,4,4,4,3,1,0,1,1,1
G:\Thesis\FACET_Dataset\Segmented_FACET_0.2_fixed_label\sa_9197419.jpg,6,6,5,1,0.49099043011665344,5,5,5,4,1,1,0,1,1
G:\Thesis\FACET_Dataset\Segmented_FACET_0.2_fixed_label\sa_5284808.jpg,2,2,1,0,0.2947866916656494,4,4,4,3,1,2,0,0,0
G:\Thesis\FACET_Dataset\Segmented_FACET_0.2_fixed_label\sa_5633666.jpg,5,5,4,1,0.29745054244995117,4,4,4,3,1,1,0,1,1
G:\Thesis\FACET_Dataset\Segmented_FACET_0.2_fixed_label\sa_9573144.jpg,2,2,1,0,0.3527928292751312,4,4,4,3,1,2,0,0,0
G:\Thesis\FACET_Dataset\Segmented_FACET_0.2_fixed_label\sa_7593135.jpg,2,2,1,0,0.4836379885673523,5,5,5,4,1,3,0,0,0
G:\Thesis\FACET_Dataset\Segmented_FACET_0.2_fixed_label\sa_10705237.jpg,4,4,3,1,0.24638201296329498,3,3,3,2,0,1,0,1,0
G:\Thesis\FACET_Dataset\Segmented_FACET_0.2_fixed_label\sa_5526742.jpg,5,5,4,1,0.45889872312545776,5,5,5,4,1,0,1,1,1
G:\Thesis\FACET_Dataset\Segmented_FACET_0.2_fixed_label\sa_10189559.jpg,1,1,0,0,0.3534710109233856,4,4,4,3,1,3,0,0,0
G:\Thesis\FACET_Dataset\Segmented_FACET_0.2_fixed_label\sa_10206504.jpg,6,6,5,1,0.5000852346420288,6,6,6,5,1,0,1,1,1
G:\Thesis\FACET_Dataset\Segmented_FACET_0.2_fixed_label\sa_4808180.jpg,3,3,2,0,0.32851067185401917,4,4,4,3,1,1,0,1,0
G:\Thesis\FACET_Dataset\Segmented_FACET_0.2_fixed_label\sa_1468527.jpg,5,5,4,1,0.3856644034385681,4,4,4,3,1,1,0,1,1
G:\Thesis\FACET_Dataset\Segmented_FACET_0.2_fixed_label\sa_1229148.jpg,2,2,1,0,0.3276576101779938,4,4,4,3,1,2,0,0,0
G:\Thesis\FACET_Dataset\Segmented_FACET_0.2_fixed_label\sa_3409064.jpg,3,3,2,0,0.1918695718050003,3,3,3,2,0,0,1,1,1
G:\Thesis\FACET_Dataset\Segmented_FACET_0.2_fixed_label\sa_5515644.jpg,3,3,2,0,0.2824561297893524,4,4,4,3,1,1,0,1,0
G:\Thesis\FACET_Dataset\Segmented_FACET_0.2_fixed_label\sa_1741181.jpg,4,4,3,1,0.23166023194789886,3,3,3,2,0,1,0,1,0
G:\Thesis\FACET_Dataset\Segmented_FACET_0.2_fixed_label\sa_2813753.jpg,4,4,3,1,0.28357917070388794,4,4,4,3,1,0,1,1,1
G:\Thesis\FACET_Dataset\Segmented_FACET_0.2_fixed_label\sa_4455432.jpg,8,8,7,2,0.8090438842773438,8,8,8,7,2,0,1,1,1
G:\Thesis\FACET_Dataset\Segmented_FACET_0.2_fixed_label\sa_1282407.jpg,2,2,1,0,0.25525885820388794,3,3,3,2,0,1,0,1,1
G:\Thesis\FACET_Dataset\Segmented_FACET_0.2_fixed_label\sa_3087418.jpg,6,6,5,1,0.4450356066226959,5,5,5,4,1,1,0,1,1
G:\Thesis\FACET_Dataset\Segmented_FACET_0.2_fixed_label\sa_9467051.jpg,5,5,4,1,0.3232469856739044,4,4,4,3,1,1,0,1,1
G:\Thesis\FACET_Dataset\Segmented_FACET_0.2_fixed_label\sa_33770.jpg,3,3,2,0,0.32386747002601624,4,4,4,3,1,1,0,1,0
G:\Thesis\FACET_Dataset\Segmented_FACET_0.2_fixed_label\sa_5359669.jpg,9,9,8,2,0.7759654521942139,8,8,8,7,2,1,0,1,1
G:\Thesis\FACET_Dataset\Segmented_FACET_0.2_fixed_label\sa_5950493.jpg,4,4,3,1,0.4067237675189972,5,5,5,4,1,1,0,1,1
G:\Thesis\FACET_Dataset\Segmented_FACET_0.2_fixed_label\sa_10523359.jpg,4,4,3,1,0.4006045460700989,5,5,5,4,1,1,0,1,1
G:\Thesis\FACET_Dataset\Segmented_FACET_0.2_fixed_label\sa_1073347.jpg,3,3,2,0,0.35689303278923035,4,4,4,3,1,1,0,1,0
G:\Thesis\FACET_Dataset\Segmented_FACET_0.2_fixed_label\sa_7067411.jpg,3,3,2,0,0.35364705324172974,4,4,4,3,1,1,0,1,0
G:\Thesis\FACET_Dataset\Segmented_FACET_0.2_fixed_label\sa_4331908.jpg,3,3,2,0,0.30141597986221313,4,4,4,3,1,1,0,1,0
G:\Thesis\FACET_Dataset\Segmented_FACET_0.2_fixed_label\sa_7336637.jpg,3,3,2,0,0.3569087088108063,4,4,4,3,1,1,0,1,0
G:\Thesis\FACET_Dataset\Segmented_FACET_0.2_fixed_label\sa_11183987.jpg,5,5,4,1,0.4396209120750427,5,5,5,4,1,0,1,1,1
G:\Thesis\FACET_Dataset\Segmented_FACET_0.2_fixed_label\sa_4644720.jpg,4,4,3,1,0.4319062829017639,5,5,5,4,1,1,0,1,1
G:\Thesis\FACET_Dataset\Segmented_FACET_0.2_fixed_label\sa_7021900.jpg,3,3,2,0,0.2657972574234009,3,3,3,2,0,0,1,1,1
G:\Thesis\FACET_Dataset\Segmented_FACET_0.2_fixed_label\sa_8754701.jpg,2,2,1,0,0.47890251874923706,5,5,5,4,1,3,0,0,0
G:\Thesis\FACET_Dataset\Segmented_FACET_0.2_fixed_label\sa_6274456.jpg,4,4,3,1,0.37371310591697693,4,4,4,3,1,0,1,1,1
G:\Thesis\FACET_Dataset\Segmented_FACET_0.2_fixed_label\sa_3314883.jpg,2,2,1,0,0.3867189884185791,4,4,4,3,1,2,0,0,0
G:\Thesis\FACET_Dataset\Segmented_FACET_0.2_fixed_label\sa_6712641.jpg,7,7,6,1,0.5653119683265686,6,6,6,5,1,1,0,1,1
G:\Thesis\FACET_Dataset\Segmented_FACET_0.2_fixed_label\sa_9494962.jpg,9,9,8,2,0.6690446138381958,7,7,7,6,1,2,0,0,0
G:\Thesis\FACET_Dataset\Segmented_FACET_0.2_fixed_label\sa_3362329.jpg,8,8,7,2,0.6508122682571411,7,7,7,6,1,1,0,1,0
G:\Thesis\FACET_Dataset\Segmented_FACET_0.2_fixed_label\sa_8201612.jpg,7,7,6,1,0.5259419679641724,6,6,6,5,1,1,0,1,1
G:\Thesis\FACET_Dataset\Segmented_FACET_0.2_fixed_label\sa_7963944.jpg,3,3,2,0,0.2782714366912842,4,4,4,3,1,1,0,1,0
G:\Thesis\FACET_Dataset\Segmented_FACET_0.2_fixed_label\sa_7440898.jpg,2,2,1,0,0.45913979411125183,5,5,5,4,1,3,0,0,0
G:\Thesis\FACET_Dataset\Segmented_FACET_0.2_fixed_label\sa_9993648.jpg,3,3,2,0,0.2384500503540039,3,3,3,2,0,0,1,1,1
G:\Thesis\FACET_Dataset\Segmented_FACET_0.2_fixed_label\sa_6663509.jpg,6,6,5,1,0.3932112455368042,5,5,5,4,1,1,0,1,1
G:\Thesis\FACET_Dataset\Segmented_FACET_0.2_fixed_label\sa_9584356.jpg,3,3,2,0,0.1500123143196106,2,2,2,1,0,1,0,1,1
G:\Thesis\FACET_Dataset\Segmented_FACET_0.2_fixed_label\sa_974197.jpg,3,3,2,0,0.27703410387039185,3,3,3,2,0,0,1,1,1
G:\Thesis\FACET_Dataset\Segmented_FACET_0.2_fixed_label\sa_607894.jpg,3,3,2,0,0.21007457375526428,3,3,3,2,0,0,1,1,1
G:\Thesis\FACET_Dataset\Segmented_FACET_0.2_fixed_label\sa_443340.jpg,2,2,1,0,0.26207083463668823,3,3,3,2,0,1,0,1,1
G:\Thesis\FACET_Dataset\Segmented_FACET_0.2_fixed_label\sa_6934043.jpg,4,4,3,1,0.3701356053352356,4,4,4,3,1,0,1,1,1
G:\Thesis\FACET_Dataset\Segmented_FACET_0.2_fixed_label\sa_4211530.jpg,1,1,0,0,0.26787540316581726,3,3,3,2,0,2,0,0,1
G:\Thesis\FACET_Dataset\Segmented_FACET_0.2_fixed_label\sa_8119206.jpg,5,5,4,1,0.37078148126602173,4,4,4,3,1,1,0,1,1
G:\Thesis\FACET_Dataset\Segmented_FACET_0.2_fixed_label\sa_2225060.jpg,4,4,3,1,0.287441611289978,4,4,4,3,1,0,1,1,1
G:\Thesis\FACET_Dataset\Segmented_FACET_0.2_fixed_label\sa_416153.jpg,1,1,0,0,0.5649624466896057,6,6,6,5,1,5,0,0,0
G:\Thesis\FACET_Dataset\Segmented_FACET_0.2_fixed_label\sa_2204614.jpg,5,5,4,1,0.445212185382843,5,5,5,4,1,0,1,1,1
G:\Thesis\FACET_Dataset\Segmented_FACET_0.2_fixed_label\sa_312129.jpg,3,3,2,0,0.26527392864227295,3,3,3,2,0,0,1,1,1
G:\Thesis\FACET_Dataset\Segmented_FACET_0.2_fixed_label\sa_7723303.jpg,4,4,3,1,0.5274400115013123,6,6,6,5,1,2,0,0,1
G:\Thesis\FACET_Dataset\Segmented_FACET_0.2_fixed_label\sa_7256930.jpg,5,5,4,1,0.4096166491508484,5,5,5,4,1,0,1,1,1
G:\Thesis\FACET_Dataset\Segmented_FACET_0.2_fixed_label\sa_4570059.jpg,4,4,3,1,0.40132641792297363,5,5,5,4,1,1,0,1,1
G:\Thesis\FACET_Dataset\Segmented_FACET_0.2_fixed_label\sa_8531277.jpg,5,5,4,1,0.3957136869430542,5,5,5,4,1,0,1,1,1
G:\Thesis\FACET_Dataset\Segmented_FACET_0.2_fixed_label\sa_5574212.jpg,2,2,1,0,0.2548227906227112,3,3,3,2,0,1,0,1,1
G:\Thesis\FACET_Dataset\Segmented_FACET_0.2_fixed_label\sa_2215123.jpg,3,3,2,0,0.36903998255729675,4,4,4,3,1,1,0,1,0
G:\Thesis\FACET_Dataset\Segmented_FACET_0.2_fixed_label\sa_6977491.jpg,2,2,1,0,0.31841161847114563,4,4,4,3,1,2,0,0,0
G:\Thesis\FACET_Dataset\Segmented_FACET_0.2_fixed_label\sa_10553447.jpg,2,2,1,0,0.46591129899024963,5,5,5,4,1,3,0,0,0
G:\Thesis\FACET_Dataset\Segmented_FACET_0.2_fixed_label\sa_592062.jpg,7,7,6,1,0.3986344635486603,5,5,5,4,1,2,0,0,1
G:\Thesis\FACET_Dataset\Segmented_FACET_0.2_fixed_label\sa_817940.jpg,4,4,3,1,0.4327951967716217,5,5,5,4,1,1,0,1,1
G:\Thesis\FACET_Dataset\Segmented_FACET_0.2_fixed_label\sa_1005786.jpg,6,6,5,1,0.13947299122810364,2,2,2,1,0,4,0,0,0
G:\Thesis\FACET_Dataset\Segmented_FACET_0.2_fixed_label\sa_8700852.jpg,3,3,2,0,0.21583378314971924,3,3,3,2,0,0,1,1,1
G:\Thesis\FACET_Dataset\Segmented_FACET_0.2_fixed_label\sa_6411745.jpg,9,9,8,2,0.4969876706600189,5,5,5,4,1,4,0,0,0
G:\Thesis\FACET_Dataset\Segmented_FACET_0.2_fixed_label\sa_8815397.jpg,4,4,3,1,0.28962698578834534,4,4,4,3,1,0,1,1,1
G:\Thesis\FACET_Dataset\Segmented_FACET_0.2_fixed_label\sa_9040041.jpg,3,3,2,0,0.4227059483528137,5,5,5,4,1,2,0,0,0
G:\Thesis\FACET_Dataset\Segmented_FACET_0.2_fixed_label\sa_6481829.jpg,3,3,2,0,0.1894725263118744,3,3,3,2,0,0,1,1,1
G:\Thesis\FACET_Dataset\Segmented_FACET_0.2_fixed_label\sa_1611695.jpg,4,4,3,1,0.2847575843334198,4,4,4,3,1,0,1,1,1
G:\Thesis\FACET_Dataset\Segmented_FACET_0.2_fixed_label\sa_6440016.jpg,6,6,5,1,0.32216769456863403,4,4,4,3,1,2,0,0,1
G:\Thesis\FACET_Dataset\Segmented_FACET_0.2_fixed_label\sa_10040081.jpg,2,2,1,0,0.5914199352264404,6,6,6,5,1,4,0,0,0
G:\Thesis\FACET_Dataset\Segmented_FACET_0.2_fixed_label\sa_6195714.jpg,3,3,2,0,0.28750815987586975,4,4,4,3,1,1,0,1,0
G:\Thesis\FACET_Dataset\Segmented_FACET_0.2_fixed_label\sa_9360131.jpg,3,3,2,0,0.34101685881614685,4,4,4,3,1,1,0,1,0
G:\Thesis\FACET_Dataset\Segmented_FACET_0.2_fixed_label\sa_4273169.jpg,5,5,4,1,0.37233254313468933,4,4,4,3,1,1,0,1,1
G:\Thesis\FACET_Dataset\Segmented_FACET_0.2_fixed_label\sa_6969128.jpg,6,6,5,1,0.6481692790985107,7,7,7,6,1,1,0,1,1
G:\Thesis\FACET_Dataset\Segmented_FACET_0.2_fixed_label\sa_4489155.jpg,2,2,1,0,0.2747252881526947,3,3,3,2,0,1,0,1,1
G:\Thesis\FACET_Dataset\Segmented_FACET_0.2_fixed_label\sa_3306006.jpg,5,5,4,1,0.3598211109638214,4,4,4,3,1,1,0,1,1
G:\Thesis\FACET_Dataset\Segmented_FACET_0.2_fixed_label\sa_5341256.jpg,4,4,3,1,0.2817625105381012,4,4,4,3,1,0,1,1,1
G:\Thesis\FACET_Dataset\Segmented_FACET_0.2_fixed_label\sa_4326242.jpg,2,2,1,0,0.18697373569011688,3,3,3,2,0,1,0,1,1
G:\Thesis\FACET_Dataset\Segmented_FACET_0.2_fixed_label\sa_322016.jpg,7,7,6,1,0.7035233378410339,7,7,7,6,1,0,1,1,1
G:\Thesis\FACET_Dataset\Segmented_FACET_0.2_fixed_label\sa_9013849.jpg,2,2,1,0,0.214341938495636,3,3,3,2,0,1,0,1,1
G:\Thesis\FACET_Dataset\Segmented_FACET_0.2_fixed_label\sa_9195790.jpg,3,3,2,0,0.36273640394210815,4,4,4,3,1,1,0,1,0
G:\Thesis\FACET_Dataset\Segmented_FACET_0.2_fixed_label\sa_4218870.jpg,2,2,1,0,0.3925545811653137,5,5,5,4,1,3,0,0,0
G:\Thesis\FACET_Dataset\Segmented_FACET_0.2_fixed_label\sa_2718141.jpg,3,3,2,0,0.22724732756614685,3,3,3,2,0,0,1,1,1
G:\Thesis\FACET_Dataset\Segmented_FACET_0.2_fixed_label\sa_8427682.jpg,5,5,4,1,0.5600600242614746,6,6,6,5,1,1,0,1,1
G:\Thesis\FACET_Dataset\Segmented_FACET_0.2_fixed_label\sa_10168183.jpg,6,6,5,1,0.5427437424659729,6,6,6,5,1,0,1,1,1
G:\Thesis\FACET_Dataset\Segmented_FACET_0.2_fixed_label\sa_4974213.jpg,2,2,1,0,0.2635186016559601,3,3,3,2,0,1,0,1,1
G:\Thesis\FACET_Dataset\Segmented_FACET_0.2_fixed_label\sa_2773879.jpg,6,6,5,1,0.4683721959590912,5,5,5,4,1,1,0,1,1
G:\Thesis\FACET_Dataset\Segmented_FACET_0.2_fixed_label\sa_8620905.jpg,6,6,5,1,0.3349050283432007,4,4,4,3,1,2,0,0,1
G:\Thesis\FACET_Dataset\Segmented_FACET_0.2_fixed_label\sa_8889050.jpg,8,8,7,2,0.7134970426559448,7,7,7,6,1,1,0,1,0
G:\Thesis\FACET_Dataset\Segmented_FACET_0.2_fixed_label\sa_4935104.jpg,2,2,1,0,0.21563725173473358,3,3,3,2,0,1,0,1,1
G:\Thesis\FACET_Dataset\Segmented_FACET_0.2_fixed_label\sa_180358.jpg,4,4,3,1,0.6075604557991028,6,6,6,5,1,2,0,0,1
G:\Thesis\FACET_Dataset\Segmented_FACET_0.2_fixed_label\sa_4006046.jpg,3,3,2,0,0.3101879954338074,4,4,4,3,1,1,0,1,0
G:\Thesis\FACET_Dataset\Segmented_FACET_0.2_fixed_label\sa_7814016.jpg,2,2,1,0,0.39742276072502136,5,5,5,4,1,3,0,0,0
G:\Thesis\FACET_Dataset\Segmented_FACET_0.2_fixed_label\sa_6210762.jpg,4,4,3,1,0.17420442402362823,3,3,3,2,0,1,0,1,0
G:\Thesis\FACET_Dataset\Segmented_FACET_0.2_fixed_label\sa_10590855.jpg,6,6,5,1,0.44575774669647217,5,5,5,4,1,1,0,1,1
G:\Thesis\FACET_Dataset\Segmented_FACET_0.2_fixed_label\sa_3014967.jpg,3,3,2,0,0.47325342893600464,5,5,5,4,1,2,0,0,0
G:\Thesis\FACET_Dataset\Segmented_FACET_0.2_fixed_label\sa_7825044.jpg,6,6,5,1,0.5997827053070068,6,6,6,5,1,0,1,1,1
G:\Thesis\FACET_Dataset\Segmented_FACET_0.2_fixed_label\sa_7792076.jpg,2,2,1,0,0.30388712882995605,4,4,4,3,1,2,0,0,0
G:\Thesis\FACET_Dataset\Segmented_FACET_0.2_fixed_label\sa_8956098.jpg,3,3,2,0,0.31893637776374817,4,4,4,3,1,1,0,1,0
G:\Thesis\FACET_Dataset\Segmented_FACET_0.2_fixed_label\sa_10890435.jpg,4,4,3,1,0.37397000193595886,4,4,4,3,1,0,1,1,1
G:\Thesis\FACET_Dataset\Segmented_FACET_0.2_fixed_label\sa_10928966.jpg,5,5,4,1,0.42774686217308044,5,5,5,4,1,0,1,1,1
G:\Thesis\FACET_Dataset\Segmented_FACET_0.2_fixed_label\sa_7066244.jpg,3,3,2,0,0.31748726963996887,4,4,4,3,1,1,0,1,0
G:\Thesis\FACET_Dataset\Segmented_FACET_0.2_fixed_label\sa_346685.jpg,6,6,5,1,0.6920504570007324,7,7,7,6,1,1,0,1,1
G:\Thesis\FACET_Dataset\Segmented_FACET_0.2_fixed_label\sa_9616279.jpg,2,2,1,0,0.29800277948379517,4,4,4,3,1,2,0,0,0
G:\Thesis\FACET_Dataset\Segmented_FACET_0.2_fixed_label\sa_9249127.jpg,2,2,1,0,0.5502791404724121,6,6,6,5,1,4,0,0,0
G:\Thesis\FACET_Dataset\Segmented_FACET_0.2_fixed_label\sa_6166560.jpg,2,2,1,0,0.3559643626213074,4,4,4,3,1,2,0,0,0
G:\Thesis\FACET_Dataset\Segmented_FACET_0.2_fixed_label\sa_8822638.jpg,7,7,6,1,0.5846314430236816,6,6,6,5,1,1,0,1,1
G:\Thesis\FACET_Dataset\Segmented_FACET_0.2_fixed_label\sa_8813324.jpg,1,1,0,0,0.25267595052719116,3,3,3,2,0,2,0,0,1
G:\Thesis\FACET_Dataset\Segmented_FACET_0.2_fixed_label\sa_10125607.jpg,3,3,2,0,0.2518722116947174,3,3,3,2,0,0,1,1,1
G:\Thesis\FACET_Dataset\Segmented_FACET_0.2_fixed_label\sa_6937540.jpg,3,3,2,0,0.38935625553131104,5,5,5,4,1,2,0,0,0
G:\Thesis\FACET_Dataset\Segmented_FACET_0.2_fixed_label\sa_9766431.jpg,2,2,1,0,0.4285871684551239,5,5,5,4,1,3,0,0,0
G:\Thesis\FACET_Dataset\Segmented_FACET_0.2_fixed_label\sa_8104440.jpg,3,3,2,0,0.23058004677295685,3,3,3,2,0,0,1,1,1
G:\Thesis\FACET_Dataset\Segmented_FACET_0.2_fixed_label\sa_10901854.jpg,2,2,1,0,0.3290512263774872,4,4,4,3,1,2,0,0,0
G:\Thesis\FACET_Dataset\Segmented_FACET_0.2_fixed_label\sa_5677264.jpg,3,3,2,0,0.4238258898258209,5,5,5,4,1,2,0,0,0
G:\Thesis\FACET_Dataset\Segmented_FACET_0.2_fixed_label\sa_5342310.jpg,5,5,4,1,0.4822763204574585,5,5,5,4,1,0,1,1,1
G:\Thesis\FACET_Dataset\Segmented_FACET_0.2_fixed_label\sa_4954786.jpg,2,2,1,0,0.22894951701164246,3,3,3,2,0,1,0,1,1
G:\Thesis\FACET_Dataset\Segmented_FACET_0.2_fixed_label\sa_4758726.jpg,3,3,2,0,0.13475796580314636,2,2,2,1,0,1,0,1,1
G:\Thesis\FACET_Dataset\Segmented_FACET_0.2_fixed_label\sa_8881929.jpg,4,4,3,1,0.5309871435165405,6,6,6,5,1,2,0,0,1
G:\Thesis\FACET_Dataset\Segmented_FACET_0.2_fixed_label\sa_8313216.jpg,2,2,1,0,0.3413398861885071,4,4,4,3,1,2,0,0,0
G:\Thesis\FACET_Dataset\Segmented_FACET_0.2_fixed_label\sa_4150646.jpg,3,3,2,0,0.30392372608184814,4,4,4,3,1,1,0,1,0
G:\Thesis\FACET_Dataset\Segmented_FACET_0.2_fixed_label\sa_3051150.jpg,3,3,2,0,0.4224110245704651,5,5,5,4,1,2,0,0,0
G:\Thesis\FACET_Dataset\Segmented_FACET_0.2_fixed_label\sa_9253251.jpg,2,2,1,0,0.3597308397293091,4,4,4,3,1,2,0,0,0
G:\Thesis\FACET_Dataset\Segmented_FACET_0.2_fixed_label\sa_5817690.jpg,2,2,1,0,0.3317938446998596,4,4,4,3,1,2,0,0,0
G:\Thesis\FACET_Dataset\Segmented_FACET_0.2_fixed_label\sa_1246609.jpg,3,3,2,0,0.3692035377025604,4,4,4,3,1,1,0,1,0
G:\Thesis\FACET_Dataset\Segmented_FACET_0.2_fixed_label\sa_1819429.jpg,4,4,3,1,0.3407232463359833,4,4,4,3,1,0,1,1,1
G:\Thesis\FACET_Dataset\Segmented_FACET_0.2_fixed_label\sa_6862644.jpg,3,3,2,0,0.19066156446933746,3,3,3,2,0,0,1,1,1
G:\Thesis\FACET_Dataset\Segmented_FACET_0.2_fixed_label\sa_10765692.jpg,2,2,1,0,0.38493382930755615,4,4,4,3,1,2,0,0,0
G:\Thesis\FACET_Dataset\Segmented_FACET_0.2_fixed_label\sa_4736682.jpg,3,3,2,0,0.215021550655365,3,3,3,2,0,0,1,1,1
G:\Thesis\FACET_Dataset\Segmented_FACET_0.2_fixed_label\sa_6944635.jpg,7,7,6,1,0.3497583270072937,4,4,4,3,1,3,0,0,1
G:\Thesis\FACET_Dataset\Segmented_FACET_0.2_fixed_label\sa_6756150.jpg,4,4,3,1,0.49733468890190125,5,5,5,4,1,1,0,1,1
G:\Thesis\FACET_Dataset\Segmented_FACET_0.2_fixed_label\sa_2340787.jpg,6,6,5,1,0.48546090722084045,5,5,5,4,1,1,0,1,1
G:\Thesis\FACET_Dataset\Segmented_FACET_0.2_fixed_label\sa_196464.jpg,7,7,6,1,0.45701393485069275,5,5,5,4,1,2,0,0,1
G:\Thesis\FACET_Dataset\Segmented_FACET_0.2_fixed_label\sa_2665347.jpg,3,3,2,0,0.21896928548812866,3,3,3,2,0,0,1,1,1
G:\Thesis\FACET_Dataset\Segmented_FACET_0.2_fixed_label\sa_3437748.jpg,6,6,5,1,0.6702146530151367,7,7,7,6,1,1,0,1,1
G:\Thesis\FACET_Dataset\Segmented_FACET_0.2_fixed_label\sa_860266.jpg,2,2,1,0,0.20086972415447235,3,3,3,2,0,1,0,1,1
G:\Thesis\FACET_Dataset\Segmented_FACET_0.2_fixed_label\sa_70359.jpg,1,1,0,0,0.28158020973205566,4,4,4,3,1,3,0,0,0
G:\Thesis\FACET_Dataset\Segmented_FACET_0.2_fixed_label\sa_10756664.jpg,6,6,5,1,0.5158072710037231,6,6,6,5,1,0,1,1,1
G:\Thesis\FACET_Dataset\Segmented_FACET_0.2_fixed_label\sa_10621826.jpg,4,4,3,1,0.3759067952632904,4,4,4,3,1,0,1,1,1
G:\Thesis\FACET_Dataset\Segmented_FACET_0.2_fixed_label\sa_4457851.jpg,2,2,1,0,0.5535029768943787,6,6,6,5,1,4,0,0,0
G:\Thesis\FACET_Dataset\Segmented_FACET_0.2_fixed_label\sa_2481180.jpg,3,3,2,0,0.32458391785621643,4,4,4,3,1,1,0,1,0
G:\Thesis\FACET_Dataset\Segmented_FACET_0.2_fixed_label\sa_10423635.jpg,5,5,4,1,0.47000259160995483,5,5,5,4,1,0,1,1,1
G:\Thesis\FACET_Dataset\Segmented_FACET_0.2_fixed_label\sa_10842310.jpg,3,3,2,0,0.40427738428115845,5,5,5,4,1,2,0,0,0
G:\Thesis\FACET_Dataset\Segmented_FACET_0.2_fixed_label\sa_5084013.jpg,3,3,2,0,0.3427984416484833,4,4,4,3,1,1,0,1,0
G:\Thesis\FACET_Dataset\Segmented_FACET_0.2_fixed_label\sa_6693933.jpg,2,2,1,0,0.12155283242464066,2,2,2,1,0,0,1,1,1
G:\Thesis\FACET_Dataset\Segmented_FACET_0.2_fixed_label\sa_10675512.jpg,3,3,2,0,0.28249430656433105,4,4,4,3,1,1,0,1,0
G:\Thesis\FACET_Dataset\Segmented_FACET_0.2_fixed_label\sa_9181726.jpg,3,3,2,0,0.3423042595386505,4,4,4,3,1,1,0,1,0
G:\Thesis\FACET_Dataset\Segmented_FACET_0.2_fixed_label\sa_2832344.jpg,5,5,4,1,0.35365810990333557,4,4,4,3,1,1,0,1,1
G:\Thesis\FACET_Dataset\Segmented_FACET_0.2_fixed_label\sa_6489778.jpg,4,4,3,1,0.41458916664123535,5,5,5,4,1,1,0,1,1
G:\Thesis\FACET_Dataset\Segmented_FACET_0.2_fixed_label\sa_5601677.jpg,5,5,4,1,0.431803435087204,5,5,5,4,1,0,1,1,1
G:\Thesis\FACET_Dataset\Segmented_FACET_0.2_fixed_label\sa_133421.jpg,3,3,2,0,0.3552483916282654,4,4,4,3,1,1,0,1,0
G:\Thesis\FACET_Dataset\Segmented_FACET_0.2_fixed_label\sa_1886626.jpg,5,5,4,1,0.34604665637016296,4,4,4,3,1,1,0,1,1
G:\Thesis\FACET_Dataset\Segmented_FACET_0.2_fixed_label\sa_3393431.jpg,3,3,2,0,0.3359356224536896,4,4,4,3,1,1,0,1,0
G:\Thesis\FACET_Dataset\Segmented_FACET_0.2_fixed_label\sa_1761705.jpg,4,4,3,1,0.2463279664516449,3,3,3,2,0,1,0,1,0
G:\Thesis\FACET_Dataset\Segmented_FACET_0.2_fixed_label\sa_9294885.jpg,2,2,1,0,0.3433319628238678,4,4,4,3,1,2,0,0,0
G:\Thesis\FACET_Dataset\Segmented_FACET_0.2_fixed_label\sa_367976.jpg,4,4,3,1,0.2491873800754547,3,3,3,2,0,1,0,1,0
G:\Thesis\FACET_Dataset\Segmented_FACET_0.2_fixed_label\sa_6706811.jpg,4,4,3,1,0.2592338025569916,3,3,3,2,0,1,0,1,0
G:\Thesis\FACET_Dataset\Segmented_FACET_0.2_fixed_label\sa_8384730.jpg,6,6,5,1,0.43210268020629883,5,5,5,4,1,1,0,1,1
G:\Thesis\FACET_Dataset\Segmented_FACET_0.2_fixed_label\sa_7669781.jpg,2,2,1,0,0.19264701008796692,3,3,3,2,0,1,0,1,1
G:\Thesis\FACET_Dataset\Segmented_FACET_0.2_fixed_label\sa_9861488.jpg,2,2,1,0,0.16138117015361786,2,2,2,1,0,0,1,1,1
G:\Thesis\FACET_Dataset\Segmented_FACET_0.2_fixed_label\sa_1795411.jpg,3,3,2,0,0.15613867342472076,2,2,2,1,0,1,0,1,1
G:\Thesis\FACET_Dataset\Segmented_FACET_0.2_fixed_label\sa_3600328.jpg,3,3,2,0,0.2870231568813324,4,4,4,3,1,1,0,1,0
G:\Thesis\FACET_Dataset\Segmented_FACET_0.2_fixed_label\sa_6169865.jpg,4,4,3,1,0.36783409118652344,4,4,4,3,1,0,1,1,1
G:\Thesis\FACET_Dataset\Segmented_FACET_0.2_fixed_label\sa_8424797.jpg,2,2,1,0,0.1564997285604477,2,2,2,1,0,0,1,1,1
G:\Thesis\FACET_Dataset\Segmented_FACET_0.2_fixed_label\sa_4141927.jpg,4,4,3,1,0.48353952169418335,5,5,5,4,1,1,0,1,1
G:\Thesis\FACET_Dataset\Segmented_FACET_0.2_fixed_label\sa_9690755.jpg,3,3,2,0,0.153739795088768,2,2,2,1,0,1,0,1,1
G:\Thesis\FACET_Dataset\Segmented_FACET_0.2_fixed_label\sa_4188837.jpg,3,3,2,0,0.2510228157043457,3,3,3,2,0,0,1,1,1
G:\Thesis\FACET_Dataset\Segmented_FACET_0.2_fixed_label\sa_10295580.jpg,5,5,4,1,0.3037036657333374,4,4,4,3,1,1,0,1,1
G:\Thesis\FACET_Dataset\Segmented_FACET_0.2_fixed_label\sa_3285469.jpg,3,3,2,0,0.1856786459684372,3,3,3,2,0,0,1,1,1
G:\Thesis\FACET_Dataset\Segmented_FACET_0.2_fixed_label\sa_3490866.jpg,5,5,4,1,0.8029748201370239,8,8,8,7,2,3,0,0,0
G:\Thesis\FACET_Dataset\Segmented_FACET_0.2_fixed_label\sa_8896258.jpg,5,5,4,1,0.34270521998405457,4,4,4,3,1,1,0,1,1
G:\Thesis\FACET_Dataset\Segmented_FACET_0.2_fixed_label\sa_8903195.jpg,5,5,4,1,0.48721960186958313,5,5,5,4,1,0,1,1,1
G:\Thesis\FACET_Dataset\Segmented_FACET_0.2_fixed_label\sa_3245363.jpg,6,6,5,1,0.6778650879859924,7,7,7,6,1,1,0,1,1
G:\Thesis\FACET_Dataset\Segmented_FACET_0.2_fixed_label\sa_1436638.jpg,4,4,3,1,0.33650293946266174,4,4,4,3,1,0,1,1,1
G:\Thesis\FACET_Dataset\Segmented_FACET_0.2_fixed_label\sa_646706.jpg,5,5,4,1,0.4210834801197052,5,5,5,4,1,0,1,1,1
G:\Thesis\FACET_Dataset\Segmented_FACET_0.2_fixed_label\sa_2656002.jpg,5,5,4,1,0.3964749872684479,5,5,5,4,1,0,1,1,1
G:\Thesis\FACET_Dataset\Segmented_FACET_0.2_fixed_label\sa_4663245.jpg,6,6,5,1,0.5431653261184692,6,6,6,5,1,0,1,1,1
G:\Thesis\FACET_Dataset\Segmented_FACET_0.2_fixed_label\sa_1087621.jpg,4,4,3,1,0.29705220460891724,4,4,4,3,1,0,1,1,1
G:\Thesis\FACET_Dataset\Segmented_FACET_0.2_fixed_label\sa_1445501.jpg,3,3,2,0,0.20589150488376617,3,3,3,2,0,0,1,1,1
G:\Thesis\FACET_Dataset\Segmented_FACET_0.2_fixed_label\sa_2173036.jpg,3,3,2,0,0.19843974709510803,3,3,3,2,0,0,1,1,1
G:\Thesis\FACET_Dataset\Segmented_FACET_0.2_fixed_label\sa_3178044.jpg,4,4,3,1,0.3157770037651062,4,4,4,3,1,0,1,1,1
G:\Thesis\FACET_Dataset\Segmented_FACET_0.2_fixed_label\sa_1069784.jpg,2,2,1,0,0.18898287415504456,3,3,3,2,0,1,0,1,1
G:\Thesis\FACET_Dataset\Segmented_FACET_0.2_fixed_label\sa_3709150.jpg,5,5,4,1,0.5626465678215027,6,6,6,5,1,1,0,1,1
G:\Thesis\FACET_Dataset\Segmented_FACET_0.2_fixed_label\sa_986171.jpg,4,4,3,1,0.251137375831604,3,3,3,2,0,1,0,1,0
G:\Thesis\FACET_Dataset\Segmented_FACET_0.2_fixed_label\sa_579010.jpg,3,3,2,0,0.4965202212333679,5,5,5,4,1,2,0,0,0
G:\Thesis\FACET_Dataset\Segmented_FACET_0.2_fixed_label\sa_928557.jpg,4,4,3,1,0.17337410151958466,3,3,3,2,0,1,0,1,0
G:\Thesis\FACET_Dataset\Segmented_FACET_0.2_fixed_label\sa_9486927.jpg,2,2,1,0,0.1968473494052887,3,3,3,2,0,1,0,1,1
G:\Thesis\FACET_Dataset\Segmented_FACET_0.2_fixed_label\sa_2018170.jpg,3,3,2,0,0.322704553604126,4,4,4,3,1,1,0,1,0
G:\Thesis\FACET_Dataset\Segmented_FACET_0.2_fixed_label\sa_10644164.jpg,5,5,4,1,0.4156845510005951,5,5,5,4,1,0,1,1,1
G:\Thesis\FACET_Dataset\Segmented_FACET_0.2_fixed_label\sa_7466289.jpg,4,4,3,1,0.43678581714630127,5,5,5,4,1,1,0,1,1
G:\Thesis\FACET_Dataset\Segmented_FACET_0.2_fixed_label\sa_10312140.jpg,4,4,3,1,0.4093131124973297,5,5,5,4,1,1,0,1,1
G:\Thesis\FACET_Dataset\Segmented_FACET_0.2_fixed_label\sa_9940745.jpg,5,5,4,1,0.4811432659626007,5,5,5,4,1,0,1,1,1
G:\Thesis\FACET_Dataset\Segmented_FACET_0.2_fixed_label\sa_7036896.jpg,3,3,2,0,0.27313441038131714,3,3,3,2,0,0,1,1,1
G:\Thesis\FACET_Dataset\Segmented_FACET_0.2_fixed_label\sa_2408956.jpg,2,2,1,0,0.2116374969482422,3,3,3,2,0,1,0,1,1
G:\Thesis\FACET_Dataset\Segmented_FACET_0.2_fixed_label\sa_2805819.jpg,3,3,2,0,0.20956000685691833,3,3,3,2,0,0,1,1,1
G:\Thesis\FACET_Dataset\Segmented_FACET_0.2_fixed_label\sa_4175080.jpg,2,2,1,0,0.47643622756004333,5,5,5,4,1,3,0,0,0
G:\Thesis\FACET_Dataset\Segmented_FACET_0.2_fixed_label\sa_3748533.jpg,2,2,1,0,0.22534911334514618,3,3,3,2,0,1,0,1,1
G:\Thesis\FACET_Dataset\Segmented_FACET_0.2_fixed_label\sa_6274049.jpg,6,6,5,1,0.3205285370349884,4,4,4,3,1,2,0,0,1
G:\Thesis\FACET_Dataset\Segmented_FACET_0.2_fixed_label\sa_2113904.jpg,10,10,9,2,0.40541961789131165,5,5,5,4,1,5,0,0,0
G:\Thesis\FACET_Dataset\Segmented_FACET_0.2_fixed_label\sa_1403304.jpg,3,3,2,0,0.1991731822490692,3,3,3,2,0,0,1,1,1
G:\Thesis\FACET_Dataset\Segmented_FACET_0.2_fixed_label\sa_2893796.jpg,3,3,2,0,0.2608214020729065,3,3,3,2,0,0,1,1,1
G:\Thesis\FACET_Dataset\Segmented_FACET_0.2_fixed_label\sa_10039119.jpg,3,3,2,0,0.38266468048095703,4,4,4,3,1,1,0,1,0
G:\Thesis\FACET_Dataset\Segmented_FACET_0.2_fixed_label\sa_9210819.jpg,3,3,2,0,0.3676813840866089,4,4,4,3,1,1,0,1,0
G:\Thesis\FACET_Dataset\Segmented_FACET_0.2_fixed_label\sa_5474049.jpg,3,3,2,0,0.31490397453308105,4,4,4,3,1,1,0,1,0
G:\Thesis\FACET_Dataset\Segmented_FACET_0.2_fixed_label\sa_5880143.jpg,2,2,1,0,0.4835970103740692,5,5,5,4,1,3,0,0,0
G:\Thesis\FACET_Dataset\Segmented_FACET_0.2_fixed_label\sa_1404960.jpg,4,4,3,1,0.2780439555644989,4,4,4,3,1,0,1,1,1
G:\Thesis\FACET_Dataset\Segmented_FACET_0.2_fixed_label\sa_5975343.jpg,4,4,3,1,0.25491416454315186,3,3,3,2,0,1,0,1,0
G:\Thesis\FACET_Dataset\Segmented_FACET_0.2_fixed_label\sa_10225129.jpg,3,3,2,0,0.4378837049007416,5,5,5,4,1,2,0,0,0
G:\Thesis\FACET_Dataset\Segmented_FACET_0.2_fixed_label\sa_282221.jpg,3,3,2,0,0.3869200646877289,4,4,4,3,1,1,0,1,0
G:\Thesis\FACET_Dataset\Segmented_FACET_0.2_fixed_label\sa_7083078.jpg,5,5,4,1,0.16233143210411072,2,2,2,1,0,3,0,0,0
G:\Thesis\FACET_Dataset\Segmented_FACET_0.2_fixed_label\sa_8563211.jpg,6,6,5,1,0.2786344885826111,4,4,4,3,1,2,0,0,1
G:\Thesis\FACET_Dataset\Segmented_FACET_0.2_fixed_label\sa_9590050.jpg,3,3,2,0,0.19258546829223633,3,3,3,2,0,0,1,1,1
G:\Thesis\FACET_Dataset\Segmented_FACET_0.2_fixed_label\sa_10552214.jpg,5,5,4,1,0.6027133464813232,6,6,6,5,1,1,0,1,1
G:\Thesis\FACET_Dataset\Segmented_FACET_0.2_fixed_label\sa_4022916.jpg,1,1,0,0,0.2988508641719818,4,4,4,3,1,3,0,0,0
G:\Thesis\FACET_Dataset\Segmented_FACET_0.2_fixed_label\sa_4692534.jpg,2,2,1,0,0.3430579602718353,4,4,4,3,1,2,0,0,0
G:\Thesis\FACET_Dataset\Segmented_FACET_0.2_fixed_label\sa_10322370.jpg,2,2,1,0,0.4877113103866577,5,5,5,4,1,3,0,0,0
G:\Thesis\FACET_Dataset\Segmented_FACET_0.2_fixed_label\sa_3775087.jpg,3,3,2,0,0.2678551971912384,3,3,3,2,0,0,1,1,1
G:\Thesis\FACET_Dataset\Segmented_FACET_0.2_fixed_label\sa_2199069.jpg,4,4,3,1,0.3965565860271454,5,5,5,4,1,1,0,1,1
G:\Thesis\FACET_Dataset\Segmented_FACET_0.2_fixed_label\sa_1178518.jpg,3,3,2,0,0.4647010564804077,5,5,5,4,1,2,0,0,0
G:\Thesis\FACET_Dataset\Segmented_FACET_0.2_fixed_label\sa_6055755.jpg,3,3,2,0,0.2807687520980835,4,4,4,3,1,1,0,1,0
G:\Thesis\FACET_Dataset\Segmented_FACET_0.2_fixed_label\sa_9769051.jpg,5,5,4,1,0.4033297598361969,5,5,5,4,1,0,1,1,1
G:\Thesis\FACET_Dataset\Segmented_FACET_0.2_fixed_label\sa_2674845.jpg,4,4,3,1,0.42969414591789246,5,5,5,4,1,1,0,1,1
G:\Thesis\FACET_Dataset\Segmented_FACET_0.2_fixed_label\sa_6854701.jpg,3,3,2,0,0.3541511595249176,4,4,4,3,1,1,0,1,0
G:\Thesis\FACET_Dataset\Segmented_FACET_0.2_fixed_label\sa_189673.jpg,5,5,4,1,0.40924757719039917,5,5,5,4,1,0,1,1,1
G:\Thesis\FACET_Dataset\Segmented_FACET_0.2_fixed_label\sa_1387081.jpg,2,2,1,0,0.38495123386383057,4,4,4,3,1,2,0,0,0
G:\Thesis\FACET_Dataset\Segmented_FACET_0.2_fixed_label\sa_1754250.jpg,2,2,1,0,0.21031121909618378,3,3,3,2,0,1,0,1,1
G:\Thesis\FACET_Dataset\Segmented_FACET_0.2_fixed_label\sa_3085192.jpg,5,5,4,1,0.38587871193885803,4,4,4,3,1,1,0,1,1
G:\Thesis\FACET_Dataset\Segmented_FACET_0.2_fixed_label\sa_8956098.jpg,4,4,3,1,0.31893637776374817,4,4,4,3,1,0,1,1,1
G:\Thesis\FACET_Dataset\Segmented_FACET_0.2_fixed_label\sa_4601728.jpg,5,5,4,1,0.4524613320827484,5,5,5,4,1,0,1,1,1
G:\Thesis\FACET_Dataset\Segmented_FACET_0.2_fixed_label\sa_166968.jpg,5,5,4,1,0.38907185196876526,5,5,5,4,1,0,1,1,1
G:\Thesis\FACET_Dataset\Segmented_FACET_0.2_fixed_label\sa_2419552.jpg,5,5,4,1,0.23249001801013947,3,3,3,2,0,2,0,0,0
G:\Thesis\FACET_Dataset\Segmented_FACET_0.2_fixed_label\sa_6884512.jpg,4,4,3,1,0.3069242537021637,4,4,4,3,1,0,1,1,1
G:\Thesis\FACET_Dataset\Segmented_FACET_0.2_fixed_label\sa_9302571.jpg,9,9,8,2,0.5744723677635193,6,6,6,5,1,3,0,0,0
G:\Thesis\FACET_Dataset\Segmented_FACET_0.2_fixed_label\sa_10955369.jpg,4,4,3,1,0.36002832651138306,4,4,4,3,1,0,1,1,1
G:\Thesis\FACET_Dataset\Segmented_FACET_0.2_fixed_label\sa_10568659.jpg,2,2,1,0,0.23992052674293518,3,3,3,2,0,1,0,1,1
G:\Thesis\FACET_Dataset\Segmented_FACET_0.2_fixed_label\sa_3636991.jpg,2,2,1,0,0.3593420088291168,4,4,4,3,1,2,0,0,0
G:\Thesis\FACET_Dataset\Segmented_FACET_0.2_fixed_label\sa_3597267.jpg,4,4,3,1,0.49526819586753845,5,5,5,4,1,1,0,1,1
G:\Thesis\FACET_Dataset\Segmented_FACET_0.2_fixed_label\sa_10267437.jpg,5,5,4,1,0.45988893508911133,5,5,5,4,1,0,1,1,1
G:\Thesis\FACET_Dataset\Segmented_FACET_0.2_fixed_label\sa_5618149.jpg,3,3,2,0,0.1459963470697403,2,2,2,1,0,1,0,1,1
G:\Thesis\FACET_Dataset\Segmented_FACET_0.2_fixed_label\sa_7777229.jpg,3,3,2,0,0.227104052901268,3,3,3,2,0,0,1,1,1
G:\Thesis\FACET_Dataset\Segmented_FACET_0.2_fixed_label\sa_4914631.jpg,5,5,4,1,0.21591562032699585,3,3,3,2,0,2,0,0,0
G:\Thesis\FACET_Dataset\Segmented_FACET_0.2_fixed_label\sa_8477411.jpg,4,4,3,1,0.29929640889167786,4,4,4,3,1,0,1,1,1
G:\Thesis\FACET_Dataset\Segmented_FACET_0.2_fixed_label\sa_3007670.jpg,2,2,1,0,0.16371746361255646,2,2,2,1,0,0,1,1,1
G:\Thesis\FACET_Dataset\Segmented_FACET_0.2_fixed_label\sa_5927825.jpg,2,2,1,0,0.34451669454574585,4,4,4,3,1,2,0,0,0
G:\Thesis\FACET_Dataset\Segmented_FACET_0.2_fixed_label\sa_125835.jpg,3,3,2,0,0.23674985766410828,3,3,3,2,0,0,1,1,1
G:\Thesis\FACET_Dataset\Segmented_FACET_0.2_fixed_label\sa_4259202.jpg,3,3,2,0,0.3105599582195282,4,4,4,3,1,1,0,1,0
G:\Thesis\FACET_Dataset\Segmented_FACET_0.2_fixed_label\sa_5747966.jpg,2,2,1,0,0.2215120494365692,3,3,3,2,0,1,0,1,1
G:\Thesis\FACET_Dataset\Segmented_FACET_0.2_fixed_label\sa_1907768.jpg,5,5,4,1,0.3689943552017212,4,4,4,3,1,1,0,1,1
G:\Thesis\FACET_Dataset\Segmented_FACET_0.2_fixed_label\sa_8027624.jpg,3,3,2,0,0.4417228400707245,5,5,5,4,1,2,0,0,0
G:\Thesis\FACET_Dataset\Segmented_FACET_0.2_fixed_label\sa_4931458.jpg,4,4,3,1,0.49157676100730896,5,5,5,4,1,1,0,1,1
G:\Thesis\FACET_Dataset\Segmented_FACET_0.2_fixed_label\sa_9052032.jpg,1,1,0,0,0.20622679591178894,3,3,3,2,0,2,0,0,1
G:\Thesis\FACET_Dataset\Segmented_FACET_0.2_fixed_label\sa_3879774.jpg,5,5,4,1,0.45073822140693665,5,5,5,4,1,0,1,1,1
G:\Thesis\FACET_Dataset\Segmented_FACET_0.2_fixed_label\sa_1005917.jpg,4,4,3,1,0.4368457794189453,5,5,5,4,1,1,0,1,1
G:\Thesis\FACET_Dataset\Segmented_FACET_0.2_fixed_label\sa_7019100.jpg,3,3,2,0,0.2852352261543274,4,4,4,3,1,1,0,1,0
G:\Thesis\FACET_Dataset\Segmented_FACET_0.2_fixed_label\sa_10318561.jpg,2,2,1,0,0.6354951858520508,7,7,7,6,1,5,0,0,0
G:\Thesis\FACET_Dataset\Segmented_FACET_0.2_fixed_label\sa_2906647.jpg,4,4,3,1,0.27212026715278625,3,3,3,2,0,1,0,1,0
G:\Thesis\FACET_Dataset\Segmented_FACET_0.2_fixed_label\sa_6072401.jpg,5,5,4,1,0.43873655796051025,5,5,5,4,1,0,1,1,1
G:\Thesis\FACET_Dataset\Segmented_FACET_0.2_fixed_label\sa_10262407.jpg,5,5,4,1,0.3769102394580841,4,4,4,3,1,1,0,1,1
G:\Thesis\FACET_Dataset\Segmented_FACET_0.2_fixed_label\sa_8307196.jpg,3,3,2,0,0.35155707597732544,4,4,4,3,1,1,0,1,0
G:\Thesis\FACET_Dataset\Segmented_FACET_0.2_fixed_label\sa_5215943.jpg,6,6,5,1,0.45769158005714417,5,5,5,4,1,1,0,1,1
G:\Thesis\FACET_Dataset\Segmented_FACET_0.2_fixed_label\sa_8386852.jpg,3,3,2,0,0.354907751083374,4,4,4,3,1,1,0,1,0
G:\Thesis\FACET_Dataset\Segmented_FACET_0.2_fixed_label\sa_303365.jpg,3,3,2,0,0.3416220247745514,4,4,4,3,1,1,0,1,0
G:\Thesis\FACET_Dataset\Segmented_FACET_0.2_fixed_label\sa_4001138.jpg,3,3,2,0,0.293349951505661,4,4,4,3,1,1,0,1,0
G:\Thesis\FACET_Dataset\Segmented_FACET_0.2_fixed_label\sa_7190417.jpg,4,4,3,1,0.35178250074386597,4,4,4,3,1,0,1,1,1
G:\Thesis\FACET_Dataset\Segmented_FACET_0.2_fixed_label\sa_7720349.jpg,5,5,4,1,0.12877920269966125,2,2,2,1,0,3,0,0,0
G:\Thesis\FACET_Dataset\Segmented_FACET_0.2_fixed_label\sa_3879774.jpg,6,6,5,1,0.45073822140693665,5,5,5,4,1,1,0,1,1
G:\Thesis\FACET_Dataset\Segmented_FACET_0.2_fixed_label\sa_8319806.jpg,3,3,2,0,0.5188280344009399,6,6,6,5,1,3,0,0,0
G:\Thesis\FACET_Dataset\Segmented_FACET_0.2_fixed_label\sa_4035619.jpg,2,2,1,0,0.6268295049667358,7,7,7,6,1,5,0,0,0
G:\Thesis\FACET_Dataset\Segmented_FACET_0.2_fixed_label\sa_9695755.jpg,5,5,4,1,0.3578638732433319,4,4,4,3,1,1,0,1,1
G:\Thesis\FACET_Dataset\Segmented_FACET_0.2_fixed_label\sa_9502279.jpg,9,9,8,2,0.9085867404937744,9,9,9,8,2,0,1,1,1
G:\Thesis\FACET_Dataset\Segmented_FACET_0.2_fixed_label\sa_7516404.jpg,7,7,6,1,0.38746577501296997,4,4,4,3,1,3,0,0,1
G:\Thesis\FACET_Dataset\Segmented_FACET_0.2_fixed_label\sa_3680583.jpg,2,2,1,0,0.44112637639045715,5,5,5,4,1,3,0,0,0
G:\Thesis\FACET_Dataset\Segmented_FACET_0.2_fixed_label\sa_10167927.jpg,2,2,1,0,0.24398930370807648,3,3,3,2,0,1,0,1,1
G:\Thesis\FACET_Dataset\Segmented_FACET_0.2_fixed_label\sa_3739910.jpg,7,7,6,1,0.49039289355278015,5,5,5,4,1,2,0,0,1
G:\Thesis\FACET_Dataset\Segmented_FACET_0.2_fixed_label\sa_7841103.jpg,6,6,5,1,0.5930035710334778,6,6,6,5,1,0,1,1,1
G:\Thesis\FACET_Dataset\Segmented_FACET_0.2_fixed_label\sa_10124711.jpg,5,5,4,1,0.27798032760620117,4,4,4,3,1,1,0,1,1
G:\Thesis\FACET_Dataset\Segmented_FACET_0.2_fixed_label\sa_10044001.jpg,4,4,3,1,0.24325472116470337,3,3,3,2,0,1,0,1,0
G:\Thesis\FACET_Dataset\Segmented_FACET_0.2_fixed_label\sa_10351700.jpg,3,3,2,0,0.17466364800930023,3,3,3,2,0,0,1,1,1
G:\Thesis\FACET_Dataset\Segmented_FACET_0.2_fixed_label\sa_2066255.jpg,8,8,7,2,0.6990440487861633,7,7,7,6,1,1,0,1,0
G:\Thesis\FACET_Dataset\Segmented_FACET_0.2_fixed_label\sa_3349120.jpg,1,1,0,0,0.15948812663555145,2,2,2,1,0,1,0,1,1
G:\Thesis\FACET_Dataset\Segmented_FACET_0.2_fixed_label\sa_8063102.jpg,6,6,5,1,0.5006848573684692,6,6,6,5,1,0,1,1,1
G:\Thesis\FACET_Dataset\Segmented_FACET_0.2_fixed_label\sa_1205984.jpg,5,5,4,1,0.4032624661922455,5,5,5,4,1,0,1,1,1
G:\Thesis\FACET_Dataset\Segmented_FACET_0.2_fixed_label\sa_454914.jpg,3,3,2,0,0.4681902229785919,5,5,5,4,1,2,0,0,0
G:\Thesis\FACET_Dataset\Segmented_FACET_0.2_fixed_label\sa_8490725.jpg,6,6,5,1,0.6766711473464966,7,7,7,6,1,1,0,1,1
G:\Thesis\FACET_Dataset\Segmented_FACET_0.2_fixed_label\sa_8878628.jpg,1,1,0,0,0.30765512585639954,4,4,4,3,1,3,0,0,0
G:\Thesis\FACET_Dataset\Segmented_FACET_0.2_fixed_label\sa_4285468.jpg,4,4,3,1,0.5334109663963318,6,6,6,5,1,2,0,0,1
G:\Thesis\FACET_Dataset\Segmented_FACET_0.2_fixed_label\sa_9892402.jpg,3,3,2,0,0.16541258990764618,2,2,2,1,0,1,0,1,1
G:\Thesis\FACET_Dataset\Segmented_FACET_0.2_fixed_label\sa_9646794.jpg,2,2,1,0,0.28278055787086487,4,4,4,3,1,2,0,0,0
G:\Thesis\FACET_Dataset\Segmented_FACET_0.2_fixed_label\sa_9159113.jpg,5,5,4,1,0.3258028030395508,4,4,4,3,1,1,0,1,1
G:\Thesis\FACET_Dataset\Segmented_FACET_0.2_fixed_label\sa_6187423.jpg,1,1,0,0,0.23674878478050232,3,3,3,2,0,2,0,0,1
G:\Thesis\FACET_Dataset\Segmented_FACET_0.2_fixed_label\sa_438532.jpg,2,2,1,0,0.2880302667617798,4,4,4,3,1,2,0,0,0
G:\Thesis\FACET_Dataset\Segmented_FACET_0.2_fixed_label\sa_196464.jpg,8,8,7,2,0.45701393485069275,5,5,5,4,1,3,0,0,0
G:\Thesis\FACET_Dataset\Segmented_FACET_0.2_fixed_label\sa_8647083.jpg,4,4,3,1,0.37072038650512695,4,4,4,3,1,0,1,1,1
G:\Thesis\FACET_Dataset\Segmented_FACET_0.2_fixed_label\sa_4365060.jpg,3,3,2,0,0.4011112451553345,5,5,5,4,1,2,0,0,0
G:\Thesis\FACET_Dataset\Segmented_FACET_0.2_fixed_label\sa_7043291.jpg,5,5,4,1,0.5047823190689087,6,6,6,5,1,1,0,1,1
G:\Thesis\FACET_Dataset\Segmented_FACET_0.2_fixed_label\sa_10938917.jpg,3,3,2,0,0.36166542768478394,4,4,4,3,1,1,0,1,0
G:\Thesis\FACET_Dataset\Segmented_FACET_0.2_fixed_label\sa_7480499.jpg,2,2,1,0,0.38998308777809143,5,5,5,4,1,3,0,0,0
G:\Thesis\FACET_Dataset\Segmented_FACET_0.2_fixed_label\sa_6723644.jpg,5,5,4,1,0.41844436526298523,5,5,5,4,1,0,1,1,1
G:\Thesis\FACET_Dataset\Segmented_FACET_0.2_fixed_label\sa_3673622.jpg,2,2,1,0,0.1743813455104828,3,3,3,2,0,1,0,1,1
G:\Thesis\FACET_Dataset\Segmented_FACET_0.2_fixed_label\sa_4689629.jpg,4,4,3,1,0.49517107009887695,5,5,5,4,1,1,0,1,1
G:\Thesis\FACET_Dataset\Segmented_FACET_0.2_fixed_label\sa_4495151.jpg,4,4,3,1,0.2513695955276489,3,3,3,2,0,1,0,1,0
G:\Thesis\FACET_Dataset\Segmented_FACET_0.2_fixed_label\sa_4924937.jpg,3,3,2,0,0.5339165329933167,6,6,6,5,1,3,0,0,0
G:\Thesis\FACET_Dataset\Segmented_FACET_0.2_fixed_label\sa_11123518.jpg,6,6,5,1,0.6092815399169922,6,6,6,5,1,0,1,1,1
G:\Thesis\FACET_Dataset\Segmented_FACET_0.2_fixed_label\sa_944036.jpg,2,2,1,0,0.33729180693626404,4,4,4,3,1,2,0,0,0
G:\Thesis\FACET_Dataset\Segmented_FACET_0.2_fixed_label\sa_5574212.jpg,3,3,2,0,0.2548227906227112,3,3,3,2,0,0,1,1,1
G:\Thesis\FACET_Dataset\Segmented_FACET_0.2_fixed_label\sa_9700758.jpg,7,7,6,1,0.6241335272789001,7,7,7,6,1,0,1,1,1
G:\Thesis\FACET_Dataset\Segmented_FACET_0.2_fixed_label\sa_7256930.jpg,4,4,3,1,0.4096166491508484,5,5,5,4,1,1,0,1,1
G:\Thesis\FACET_Dataset\Segmented_FACET_0.2_fixed_label\sa_9916033.jpg,2,2,1,0,0.1195259690284729,2,2,2,1,0,0,1,1,1
G:\Thesis\FACET_Dataset\Segmented_FACET_0.2_fixed_label\sa_8001189.jpg,2,2,1,0,0.13088126480579376,2,2,2,1,0,0,1,1,1
G:\Thesis\FACET_Dataset\Segmented_FACET_0.2_fixed_label\sa_3699842.jpg,2,2,1,0,0.20410728454589844,3,3,3,2,0,1,0,1,1
G:\Thesis\FACET_Dataset\Segmented_FACET_0.2_fixed_label\sa_2567560.jpg,8,8,7,2,0.7068967223167419,7,7,7,6,1,1,0,1,0
G:\Thesis\FACET_Dataset\Segmented_FACET_0.2_fixed_label\sa_3121234.jpg,4,4,3,1,0.24658474326133728,3,3,3,2,0,1,0,1,0
G:\Thesis\FACET_Dataset\Segmented_FACET_0.2_fixed_label\sa_2133120.jpg,8,8,7,2,0.8086519837379456,8,8,8,7,2,0,1,1,1
G:\Thesis\FACET_Dataset\Segmented_FACET_0.2_fixed_label\sa_7180503.jpg,2,2,1,0,0.26270216703414917,3,3,3,2,0,1,0,1,1
G:\Thesis\FACET_Dataset\Segmented_FACET_0.2_fixed_label\sa_8756523.jpg,3,3,2,0,0.35900554060935974,4,4,4,3,1,1,0,1,0
G:\Thesis\FACET_Dataset\Segmented_FACET_0.2_fixed_label\sa_10364117.jpg,3,3,2,0,0.3193046748638153,4,4,4,3,1,1,0,1,0
G:\Thesis\FACET_Dataset\Segmented_FACET_0.2_fixed_label\sa_2503775.jpg,6,6,5,1,0.4042842984199524,5,5,5,4,1,1,0,1,1
G:\Thesis\FACET_Dataset\Segmented_FACET_0.2_fixed_label\sa_6722082.jpg,3,3,2,0,0.41085293889045715,5,5,5,4,1,2,0,0,0
G:\Thesis\FACET_Dataset\Segmented_FACET_0.2_fixed_label\sa_5521853.jpg,4,4,3,1,0.34994271397590637,4,4,4,3,1,0,1,1,1
G:\Thesis\FACET_Dataset\Segmented_FACET_0.2_fixed_label\sa_7325273.jpg,3,3,2,0,0.31130123138427734,4,4,4,3,1,1,0,1,0
G:\Thesis\FACET_Dataset\Segmented_FACET_0.2_fixed_label\sa_9612009.jpg,3,3,2,0,0.26977136731147766,3,3,3,2,0,0,1,1,1
G:\Thesis\FACET_Dataset\Segmented_FACET_0.2_fixed_label\sa_7943016.jpg,5,5,4,1,0.38291627168655396,4,4,4,3,1,1,0,1,1
G:\Thesis\FACET_Dataset\Segmented_FACET_0.2_fixed_label\sa_8698719.jpg,2,2,1,0,0.1413823664188385,2,2,2,1,0,0,1,1,1
G:\Thesis\FACET_Dataset\Segmented_FACET_0.2_fixed_label\sa_3009110.jpg,2,2,1,0,0.1790548413991928,3,3,3,2,0,1,0,1,1
G:\Thesis\FACET_Dataset\Segmented_FACET_0.2_fixed_label\sa_5088783.jpg,3,3,2,0,0.323974609375,4,4,4,3,1,1,0,1,0
G:\Thesis\FACET_Dataset\Segmented_FACET_0.2_fixed_label\sa_6470159.jpg,3,3,2,0,0.21130269765853882,3,3,3,2,0,0,1,1,1
G:\Thesis\FACET_Dataset\Segmented_FACET_0.2_fixed_label\sa_8962403.jpg,2,2,1,0,0.46851545572280884,5,5,5,4,1,3,0,0,0
G:\Thesis\FACET_Dataset\Segmented_FACET_0.2_fixed_label\sa_9100667.jpg,3,3,2,0,0.5057976245880127,6,6,6,5,1,3,0,0,0
G:\Thesis\FACET_Dataset\Segmented_FACET_0.2_fixed_label\sa_2150532.jpg,3,3,2,0,0.34809044003486633,4,4,4,3,1,1,0,1,0
G:\Thesis\FACET_Dataset\Segmented_FACET_0.2_fixed_label\sa_5889453.jpg,9,9,8,2,0.8328340649604797,8,8,8,7,2,1,0,1,1
G:\Thesis\FACET_Dataset\Segmented_FACET_0.2_fixed_label\sa_2595451.jpg,3,3,2,0,0.3599351942539215,4,4,4,3,1,1,0,1,0
G:\Thesis\FACET_Dataset\Segmented_FACET_0.2_fixed_label\sa_4709046.jpg,5,5,4,1,0.2693910002708435,3,3,3,2,0,2,0,0,0
G:\Thesis\FACET_Dataset\Segmented_FACET_0.2_fixed_label\sa_10000407.jpg,5,5,4,1,0.412015438079834,5,5,5,4,1,0,1,1,1
G:\Thesis\FACET_Dataset\Segmented_FACET_0.2_fixed_label\sa_721088.jpg,3,3,2,0,0.27010440826416016,3,3,3,2,0,0,1,1,1
G:\Thesis\FACET_Dataset\Segmented_FACET_0.2_fixed_label\sa_4087214.jpg,3,3,2,0,0.055142853409051895,1,1,1,0,0,2,0,0,1
G:\Thesis\FACET_Dataset\Segmented_FACET_0.2_fixed_label\sa_10632779.jpg,3,3,2,0,0.37421751022338867,4,4,4,3,1,1,0,1,0
G:\Thesis\FACET_Dataset\Segmented_FACET_0.2_fixed_label\sa_766499.jpg,2,2,1,0,0.232523575425148,3,3,3,2,0,1,0,1,1
G:\Thesis\FACET_Dataset\Segmented_FACET_0.2_fixed_label\sa_7637228.jpg,3,3,2,0,0.14435172080993652,2,2,2,1,0,1,0,1,1
G:\Thesis\FACET_Dataset\Segmented_FACET_0.2_fixed_label\sa_7103469.jpg,4,4,3,1,0.3828926384449005,4,4,4,3,1,0,1,1,1
G:\Thesis\FACET_Dataset\Segmented_FACET_0.2_fixed_label\sa_2964152.jpg,3,3,2,0,0.30750176310539246,4,4,4,3,1,1,0,1,0
G:\Thesis\FACET_Dataset\Segmented_FACET_0.2_fixed_label\sa_10911336.jpg,4,4,3,1,0.4411258399486542,5,5,5,4,1,1,0,1,1
G:\Thesis\FACET_Dataset\Segmented_FACET_0.2_fixed_label\sa_9446091.jpg,7,7,6,1,0.6692575812339783,7,7,7,6,1,0,1,1,1
G:\Thesis\FACET_Dataset\Segmented_FACET_0.2_fixed_label\sa_8112990.jpg,6,6,5,1,0.36536887288093567,4,4,4,3,1,2,0,0,1
G:\Thesis\FACET_Dataset\Segmented_FACET_0.2_fixed_label\sa_10742813.jpg,2,2,1,0,0.30482614040374756,4,4,4,3,1,2,0,0,0
G:\Thesis\FACET_Dataset\Segmented_FACET_0.2_fixed_label\sa_10765692.jpg,1,1,0,0,0.38493382930755615,4,4,4,3,1,3,0,0,0
G:\Thesis\FACET_Dataset\Segmented_FACET_0.2_fixed_label\sa_4105752.jpg,3,3,2,0,0.23854482173919678,3,3,3,2,0,0,1,1,1
G:\Thesis\FACET_Dataset\Segmented_FACET_0.2_fixed_label\sa_6708494.jpg,6,6,5,1,0.3399355113506317,4,4,4,3,1,2,0,0,1
G:\Thesis\FACET_Dataset\Segmented_FACET_0.2_fixed_label\sa_9340958.jpg,4,4,3,1,0.22595441341400146,3,3,3,2,0,1,0,1,0
G:\Thesis\FACET_Dataset\Segmented_FACET_0.2_fixed_label\sa_6980143.jpg,10,10,9,2,0.7927311658859253,8,8,8,7,2,2,0,0,1
G:\Thesis\FACET_Dataset\Segmented_FACET_0.2_fixed_label\sa_9301222.jpg,3,3,2,0,0.4818515181541443,5,5,5,4,1,2,0,0,0
G:\Thesis\FACET_Dataset\Segmented_FACET_0.2_fixed_label\sa_10603059.jpg,2,2,1,0,0.34600594639778137,4,4,4,3,1,2,0,0,0
G:\Thesis\FACET_Dataset\Segmented_FACET_0.2_fixed_label\sa_9590050.jpg,4,4,3,1,0.19258546829223633,3,3,3,2,0,1,0,1,0
G:\Thesis\FACET_Dataset\Segmented_FACET_0.2_fixed_label\sa_5207581.jpg,3,3,2,0,0.26167362928390503,3,3,3,2,0,0,1,1,1
G:\Thesis\FACET_Dataset\Segmented_FACET_0.2_fixed_label\sa_7742071.jpg,2,2,1,0,0.17916041612625122,3,3,3,2,0,1,0,1,1
G:\Thesis\FACET_Dataset\Segmented_FACET_0.2_fixed_label\sa_8750154.jpg,5,5,4,1,0.28862902522087097,4,4,4,3,1,1,0,1,1
G:\Thesis\FACET_Dataset\Segmented_FACET_0.2_fixed_label\sa_633733.jpg,4,4,3,1,0.4752330780029297,5,5,5,4,1,1,0,1,1
G:\Thesis\FACET_Dataset\Segmented_FACET_0.2_fixed_label\sa_9979863.jpg,4,4,3,1,0.49036818742752075,5,5,5,4,1,1,0,1,1
G:\Thesis\FACET_Dataset\Segmented_FACET_0.2_fixed_label\sa_8053671.jpg,4,4,3,1,0.38071101903915405,4,4,4,3,1,0,1,1,1
G:\Thesis\FACET_Dataset\Segmented_FACET_0.2_fixed_label\sa_1215483.jpg,2,2,1,0,0.379594087600708,4,4,4,3,1,2,0,0,0
G:\Thesis\FACET_Dataset\Segmented_FACET_0.2_fixed_label\sa_717932.jpg,3,3,2,0,0.3622492849826813,4,4,4,3,1,1,0,1,0
G:\Thesis\FACET_Dataset\Segmented_FACET_0.2_fixed_label\sa_8133298.jpg,4,4,3,1,0.12415163218975067,2,2,2,1,0,2,0,0,0
G:\Thesis\FACET_Dataset\Segmented_FACET_0.2_fixed_label\sa_1324440.jpg,4,4,3,1,0.4912915825843811,5,5,5,4,1,1,0,1,1
G:\Thesis\FACET_Dataset\Segmented_FACET_0.2_fixed_label\sa_6762221.jpg,3,3,2,0,0.41219717264175415,5,5,5,4,1,2,0,0,0
G:\Thesis\FACET_Dataset\Segmented_FACET_0.2_fixed_label\sa_5583056.jpg,1,1,0,0,0.46583667397499084,5,5,5,4,1,4,0,0,0
G:\Thesis\FACET_Dataset\Segmented_FACET_0.2_fixed_label\sa_516303.jpg,3,3,2,0,0.506986677646637,6,6,6,5,1,3,0,0,0
G:\Thesis\FACET_Dataset\Segmented_FACET_0.2_fixed_label\sa_4682469.jpg,2,2,1,0,0.24170923233032227,3,3,3,2,0,1,0,1,1
G:\Thesis\FACET_Dataset\Segmented_FACET_0.2_fixed_label\sa_10958268.jpg,2,2,1,0,0.41088786721229553,5,5,5,4,1,3,0,0,0
G:\Thesis\FACET_Dataset\Segmented_FACET_0.2_fixed_label\sa_5231153.jpg,6,6,5,1,0.503511905670166,6,6,6,5,1,0,1,1,1
G:\Thesis\FACET_Dataset\Segmented_FACET_0.2_fixed_label\sa_9383976.jpg,3,3,2,0,0.2273537814617157,3,3,3,2,0,0,1,1,1
G:\Thesis\FACET_Dataset\Segmented_FACET_0.2_fixed_label\sa_1996974.jpg,2,2,1,0,0.3203964829444885,4,4,4,3,1,2,0,0,0
G:\Thesis\FACET_Dataset\Segmented_FACET_0.2_fixed_label\sa_10706499.jpg,6,6,5,1,0.34953516721725464,4,4,4,3,1,2,0,0,1
G:\Thesis\FACET_Dataset\Segmented_FACET_0.2_fixed_label\sa_8566455.jpg,2,2,1,0,0.46062976121902466,5,5,5,4,1,3,0,0,0
G:\Thesis\FACET_Dataset\Segmented_FACET_0.2_fixed_label\sa_4953176.jpg,6,6,5,1,0.48340731859207153,5,5,5,4,1,1,0,1,1
G:\Thesis\FACET_Dataset\Segmented_FACET_0.2_fixed_label\sa_7452368.jpg,2,2,1,0,0.13082492351531982,2,2,2,1,0,0,1,1,1
G:\Thesis\FACET_Dataset\Segmented_FACET_0.2_fixed_label\sa_6606232.jpg,3,3,2,0,0.28481966257095337,4,4,4,3,1,1,0,1,0
G:\Thesis\FACET_Dataset\Segmented_FACET_0.2_fixed_label\sa_3614031.jpg,4,4,3,1,0.3847135305404663,4,4,4,3,1,0,1,1,1
G:\Thesis\FACET_Dataset\Segmented_FACET_0.2_fixed_label\sa_633733.jpg,5,5,4,1,0.4752330780029297,5,5,5,4,1,0,1,1,1
G:\Thesis\FACET_Dataset\Segmented_FACET_0.2_fixed_label\sa_4717530.jpg,6,6,5,1,0.4724504351615906,5,5,5,4,1,1,0,1,1
G:\Thesis\FACET_Dataset\Segmented_FACET_0.2_fixed_label\sa_7841103.jpg,5,5,4,1,0.5930035710334778,6,6,6,5,1,1,0,1,1
G:\Thesis\FACET_Dataset\Segmented_FACET_0.2_fixed_label\sa_1369172.jpg,5,5,4,1,0.42187440395355225,5,5,5,4,1,0,1,1,1
G:\Thesis\FACET_Dataset\Segmented_FACET_0.2_fixed_label\sa_800792.jpg,4,4,3,1,0.27862992882728577,4,4,4,3,1,0,1,1,1
G:\Thesis\FACET_Dataset\Segmented_FACET_0.2_fixed_label\sa_357215.jpg,2,2,1,0,0.19844399392604828,3,3,3,2,0,1,0,1,1
G:\Thesis\FACET_Dataset\Segmented_FACET_0.2_fixed_label\sa_6954166.jpg,2,2,1,0,0.2172720581293106,3,3,3,2,0,1,0,1,1
G:\Thesis\FACET_Dataset\Segmented_FACET_0.2_fixed_label\sa_6847085.jpg,2,2,1,0,0.3022408187389374,4,4,4,3,1,2,0,0,0
G:\Thesis\FACET_Dataset\Segmented_FACET_0.2_fixed_label\sa_8502381.jpg,3,3,2,0,0.22092624008655548,3,3,3,2,0,0,1,1,1
G:\Thesis\FACET_Dataset\Segmented_FACET_0.2_fixed_label\sa_829174.jpg,2,2,1,0,0.3996407389640808,5,5,5,4,1,3,0,0,0
G:\Thesis\FACET_Dataset\Segmented_FACET_0.2_fixed_label\sa_3995832.jpg,5,5,4,1,0.5961984395980835,6,6,6,5,1,1,0,1,1
G:\Thesis\FACET_Dataset\Segmented_FACET_0.2_fixed_label\sa_6741428.jpg,5,5,4,1,0.5917161107063293,6,6,6,5,1,1,0,1,1
G:\Thesis\FACET_Dataset\Segmented_FACET_0.2_fixed_label\sa_1313718.jpg,2,2,1,0,0.20972144603729248,3,3,3,2,0,1,0,1,1
G:\Thesis\FACET_Dataset\Segmented_FACET_0.2_fixed_label\sa_8956098.jpg,6,6,5,1,0.31893637776374817,4,4,4,3,1,2,0,0,1
G:\Thesis\FACET_Dataset\Segmented_FACET_0.2_fixed_label\sa_7166475.jpg,2,2,1,0,0.19015973806381226,3,3,3,2,0,1,0,1,1
G:\Thesis\FACET_Dataset\Segmented_FACET_0.2_fixed_label\sa_10068983.jpg,3,3,2,0,0.3851969242095947,4,4,4,3,1,1,0,1,0
G:\Thesis\FACET_Dataset\Segmented_FACET_0.2_fixed_label\sa_1813167.jpg,4,4,3,1,0.37964552640914917,4,4,4,3,1,0,1,1,1
G:\Thesis\FACET_Dataset\Segmented_FACET_0.2_fixed_label\sa_10915751.jpg,8,8,7,2,0.7317622900009155,8,8,8,7,2,0,1,1,1
G:\Thesis\FACET_Dataset\Segmented_FACET_0.2_fixed_label\sa_5589099.jpg,3,3,2,0,0.21244563162326813,3,3,3,2,0,0,1,1,1
G:\Thesis\FACET_Dataset\Segmented_FACET_0.2_fixed_label\sa_7908743.jpg,3,3,2,0,0.5064412951469421,6,6,6,5,1,3,0,0,0
G:\Thesis\FACET_Dataset\Segmented_FACET_0.2_fixed_label\sa_2558271.jpg,3,3,2,0,0.2228676974773407,3,3,3,2,0,0,1,1,1
G:\Thesis\FACET_Dataset\Segmented_FACET_0.2_fixed_label\sa_3231147.jpg,2,2,1,0,0.17381930351257324,3,3,3,2,0,1,0,1,1
G:\Thesis\FACET_Dataset\Segmented_FACET_0.2_fixed_label\sa_4499468.jpg,4,4,3,1,0.364099383354187,4,4,4,3,1,0,1,1,1
G:\Thesis\FACET_Dataset\Segmented_FACET_0.2_fixed_label\sa_83475.jpg,4,4,3,1,0.3152022361755371,4,4,4,3,1,0,1,1,1
G:\Thesis\FACET_Dataset\Segmented_FACET_0.2_fixed_label\sa_4629036.jpg,4,4,3,1,0.32885193824768066,4,4,4,3,1,0,1,1,1
G:\Thesis\FACET_Dataset\Segmented_FACET_0.2_fixed_label\sa_9040041.jpg,2,2,1,0,0.4227059483528137,5,5,5,4,1,3,0,0,0
G:\Thesis\FACET_Dataset\Segmented_FACET_0.2_fixed_label\sa_5804157.jpg,4,4,3,1,0.2571549415588379,3,3,3,2,0,1,0,1,0
G:\Thesis\FACET_Dataset\Segmented_FACET_0.2_fixed_label\sa_6677336.jpg,4,4,3,1,0.4096400737762451,5,5,5,4,1,1,0,1,1
G:\Thesis\FACET_Dataset\Segmented_FACET_0.2_fixed_label\sa_6573159.jpg,3,3,2,0,0.23861286044120789,3,3,3,2,0,0,1,1,1
G:\Thesis\FACET_Dataset\Segmented_FACET_0.2_fixed_label\sa_1237899.jpg,4,4,3,1,0.43933820724487305,5,5,5,4,1,1,0,1,1
G:\Thesis\FACET_Dataset\Segmented_FACET_0.2_fixed_label\sa_671770.jpg,4,4,3,1,0.35857582092285156,4,4,4,3,1,0,1,1,1
G:\Thesis\FACET_Dataset\Segmented_FACET_0.2_fixed_label\sa_2836781.jpg,5,5,4,1,0.2551068961620331,3,3,3,2,0,2,0,0,0
G:\Thesis\FACET_Dataset\Segmented_FACET_0.2_fixed_label\sa_7402139.jpg,8,8,7,2,0.7568243741989136,8,8,8,7,2,0,1,1,1
G:\Thesis\FACET_Dataset\Segmented_FACET_0.2_fixed_label\sa_4786449.jpg,2,2,1,0,0.3205609619617462,4,4,4,3,1,2,0,0,0
G:\Thesis\FACET_Dataset\Segmented_FACET_0.2_fixed_label\sa_1105627.jpg,3,3,2,0,0.2891051173210144,4,4,4,3,1,1,0,1,0
G:\Thesis\FACET_Dataset\Segmented_FACET_0.2_fixed_label\sa_6478910.jpg,2,2,1,0,0.3343234658241272,4,4,4,3,1,2,0,0,0
G:\Thesis\FACET_Dataset\Segmented_FACET_0.2_fixed_label\sa_6940862.jpg,2,2,1,0,0.20442481338977814,3,3,3,2,0,1,0,1,1
G:\Thesis\FACET_Dataset\Segmented_FACET_0.2_fixed_label\sa_10789209.jpg,4,4,3,1,0.516426146030426,6,6,6,5,1,2,0,0,1
G:\Thesis\FACET_Dataset\Segmented_FACET_0.2_fixed_label\sa_9277115.jpg,6,6,5,1,0.3875997066497803,4,4,4,3,1,2,0,0,1
G:\Thesis\FACET_Dataset\Segmented_FACET_0.2_fixed_label\sa_9979863.jpg,5,5,4,1,0.49036818742752075,5,5,5,4,1,0,1,1,1
G:\Thesis\FACET_Dataset\Segmented_FACET_0.2_fixed_label\sa_4423695.jpg,5,5,4,1,0.3891661763191223,5,5,5,4,1,0,1,1,1
G:\Thesis\FACET_Dataset\Segmented_FACET_0.2_fixed_label\sa_6290308.jpg,2,2,1,0,0.42671269178390503,5,5,5,4,1,3,0,0,0
G:\Thesis\FACET_Dataset\Segmented_FACET_0.2_fixed_label\sa_2545541.jpg,7,7,6,1,0.604404091835022,6,6,6,5,1,1,0,1,1
G:\Thesis\FACET_Dataset\Segmented_FACET_0.2_fixed_label\sa_5536666.jpg,3,3,2,0,0.5518707036972046,6,6,6,5,1,3,0,0,0
G:\Thesis\FACET_Dataset\Segmented_FACET_0.2_fixed_label\sa_6064034.jpg,3,3,2,0,0.5593863725662231,6,6,6,5,1,3,0,0,0
G:\Thesis\FACET_Dataset\Segmented_FACET_0.2_fixed_label\sa_1469498.jpg,3,3,2,0,0.24283981323242188,3,3,3,2,0,0,1,1,1
G:\Thesis\FACET_Dataset\Segmented_FACET_0.2_fixed_label\sa_7374791.jpg,2,2,1,0,0.24226167798042297,3,3,3,2,0,1,0,1,1
G:\Thesis\FACET_Dataset\Segmented_FACET_0.2_fixed_label\sa_1620585.jpg,5,5,4,1,0.4103916883468628,5,5,5,4,1,0,1,1,1
G:\Thesis\FACET_Dataset\Segmented_FACET_0.2_fixed_label\sa_4199584.jpg,2,2,1,0,0.43607231974601746,5,5,5,4,1,3,0,0,0
G:\Thesis\FACET_Dataset\Segmented_FACET_0.2_fixed_label\sa_525211.jpg,6,6,5,1,0.5574960112571716,6,6,6,5,1,0,1,1,1
G:\Thesis\FACET_Dataset\Segmented_FACET_0.2_fixed_label\sa_1730409.jpg,3,3,2,0,0.42888474464416504,5,5,5,4,1,2,0,0,0
G:\Thesis\FACET_Dataset\Segmented_FACET_0.2_fixed_label\sa_7121746.jpg,1,1,0,0,0.2872353196144104,4,4,4,3,1,3,0,0,0
G:\Thesis\FACET_Dataset\Segmented_FACET_0.2_fixed_label\sa_5606499.jpg,4,4,3,1,0.34368181228637695,4,4,4,3,1,0,1,1,1
G:\Thesis\FACET_Dataset\Segmented_FACET_0.2_fixed_label\sa_9722508.jpg,3,3,2,0,0.2645803689956665,3,3,3,2,0,0,1,1,1
G:\Thesis\FACET_Dataset\Segmented_FACET_0.2_fixed_label\sa_3067051.jpg,2,2,1,0,0.5302405953407288,6,6,6,5,1,4,0,0,0
G:\Thesis\FACET_Dataset\Segmented_FACET_0.2_fixed_label\sa_6897183.jpg,2,2,1,0,0.16565874218940735,2,2,2,1,0,0,1,1,1
G:\Thesis\FACET_Dataset\Segmented_FACET_0.2_fixed_label\sa_5647848.jpg,4,4,3,1,0.2768239676952362,3,3,3,2,0,1,0,1,0
G:\Thesis\FACET_Dataset\Segmented_FACET_0.2_fixed_label\sa_5131767.jpg,4,4,3,1,0.3258754014968872,4,4,4,3,1,0,1,1,1
G:\Thesis\FACET_Dataset\Segmented_FACET_0.2_fixed_label\sa_7334714.jpg,3,3,2,0,0.13172484934329987,2,2,2,1,0,1,0,1,1
G:\Thesis\FACET_Dataset\Segmented_FACET_0.2_fixed_label\sa_7479107.jpg,5,5,4,1,0.5090469717979431,6,6,6,5,1,1,0,1,1
G:\Thesis\FACET_Dataset\Segmented_FACET_0.2_fixed_label\sa_6326783.jpg,2,2,1,0,0.6055377721786499,6,6,6,5,1,4,0,0,0
G:\Thesis\FACET_Dataset\Segmented_FACET_0.2_fixed_label\sa_2095290.jpg,5,5,4,1,0.3975449800491333,5,5,5,4,1,0,1,1,1
G:\Thesis\FACET_Dataset\Segmented_FACET_0.2_fixed_label\sa_3594905.jpg,2,2,1,0,0.2466585338115692,3,3,3,2,0,1,0,1,1
G:\Thesis\FACET_Dataset\Segmented_FACET_0.2_fixed_label\sa_8110946.jpg,5,5,4,1,0.3906635642051697,5,5,5,4,1,0,1,1,1
G:\Thesis\FACET_Dataset\Segmented_FACET_0.2_fixed_label\sa_2212636.jpg,7,7,6,1,0.41969698667526245,5,5,5,4,1,2,0,0,1
G:\Thesis\FACET_Dataset\Segmented_FACET_0.2_fixed_label\sa_1206887.jpg,4,4,3,1,0.5809697508811951,6,6,6,5,1,2,0,0,1
G:\Thesis\FACET_Dataset\Segmented_FACET_0.2_fixed_label\sa_6170694.jpg,2,2,1,0,0.2628004550933838,3,3,3,2,0,1,0,1,1
G:\Thesis\FACET_Dataset\Segmented_FACET_0.2_fixed_label\sa_6193592.jpg,3,3,2,0,0.39227068424224854,5,5,5,4,1,2,0,0,0
G:\Thesis\FACET_Dataset\Segmented_FACET_0.2_fixed_label\sa_11017864.jpg,4,4,3,1,0.2828388214111328,4,4,4,3,1,0,1,1,1
G:\Thesis\FACET_Dataset\Segmented_FACET_0.2_fixed_label\sa_710222.jpg,2,2,1,0,0.25213631987571716,3,3,3,2,0,1,0,1,1
G:\Thesis\FACET_Dataset\Segmented_FACET_0.2_fixed_label\sa_1127212.jpg,4,4,3,1,0.06033332273364067,2,2,2,1,0,2,0,0,0
G:\Thesis\FACET_Dataset\Segmented_FACET_0.2_fixed_label\sa_3006340.jpg,2,2,1,0,0.27856120467185974,4,4,4,3,1,2,0,0,0
G:\Thesis\FACET_Dataset\Segmented_FACET_0.2_fixed_label\sa_7908835.jpg,2,2,1,0,0.4552214443683624,5,5,5,4,1,3,0,0,0
G:\Thesis\FACET_Dataset\Segmented_FACET_0.2_fixed_label\sa_904406.jpg,1,1,0,0,0.2920810878276825,4,4,4,3,1,3,0,0,0
G:\Thesis\FACET_Dataset\Segmented_FACET_0.2_fixed_label\sa_6262791.jpg,5,5,4,1,0.3669920265674591,4,4,4,3,1,1,0,1,1
G:\Thesis\FACET_Dataset\Segmented_FACET_0.2_fixed_label\sa_3023489.jpg,6,6,5,1,0.25607821345329285,3,3,3,2,0,3,0,0,0
G:\Thesis\FACET_Dataset\Segmented_FACET_0.2_fixed_label\sa_6193592.jpg,4,4,3,1,0.39227068424224854,5,5,5,4,1,1,0,1,1
G:\Thesis\FACET_Dataset\Segmented_FACET_0.2_fixed_label\sa_6585974.jpg,7,7,6,1,0.466743528842926,5,5,5,4,1,2,0,0,1
G:\Thesis\FACET_Dataset\Segmented_FACET_0.2_fixed_label\sa_4141927.jpg,5,5,4,1,0.48353952169418335,5,5,5,4,1,0,1,1,1
G:\Thesis\FACET_Dataset\Segmented_FACET_0.2_fixed_label\sa_2950759.jpg,5,5,4,1,0.4927727282047272,5,5,5,4,1,0,1,1,1
G:\Thesis\FACET_Dataset\Segmented_FACET_0.2_fixed_label\sa_5858945.jpg,6,6,5,1,0.5199308395385742,6,6,6,5,1,0,1,1,1
G:\Thesis\FACET_Dataset\Segmented_FACET_0.2_fixed_label\sa_658464.jpg,4,4,3,1,0.37658223509788513,4,4,4,3,1,0,1,1,1
G:\Thesis\FACET_Dataset\Segmented_FACET_0.2_fixed_label\sa_6474325.jpg,6,6,5,1,0.5623024702072144,6,6,6,5,1,0,1,1,1
G:\Thesis\FACET_Dataset\Segmented_FACET_0.2_fixed_label\sa_7946914.jpg,3,3,2,0,0.42444950342178345,5,5,5,4,1,2,0,0,0
G:\Thesis\FACET_Dataset\Segmented_FACET_0.2_fixed_label\sa_10012746.jpg,2,2,1,0,0.33878836035728455,4,4,4,3,1,2,0,0,0
G:\Thesis\FACET_Dataset\Segmented_FACET_0.2_fixed_label\sa_6044627.jpg,3,3,2,0,0.28725698590278625,4,4,4,3,1,1,0,1,0
G:\Thesis\FACET_Dataset\Segmented_FACET_0.2_fixed_label\sa_1299490.jpg,4,4,3,1,0.2840849757194519,4,4,4,3,1,0,1,1,1
G:\Thesis\FACET_Dataset\Segmented_FACET_0.2_fixed_label\sa_9973377.jpg,4,4,3,1,0.18904198706150055,3,3,3,2,0,1,0,1,0
G:\Thesis\FACET_Dataset\Segmented_FACET_0.2_fixed_label\sa_6665287.jpg,2,2,1,0,0.40479815006256104,5,5,5,4,1,3,0,0,0
G:\Thesis\FACET_Dataset\Segmented_FACET_0.2_fixed_label\sa_3995832.jpg,3,3,2,0,0.5961984395980835,6,6,6,5,1,3,0,0,0
G:\Thesis\FACET_Dataset\Segmented_FACET_0.2_fixed_label\sa_637625.jpg,3,3,2,0,0.2650715112686157,3,3,3,2,0,0,1,1,1
G:\Thesis\FACET_Dataset\Segmented_FACET_0.2_fixed_label\sa_5966913.jpg,7,7,6,1,0.6461567282676697,7,7,7,6,1,0,1,1,1
G:\Thesis\FACET_Dataset\Segmented_FACET_0.2_fixed_label\sa_4678099.jpg,5,5,4,1,0.45031464099884033,5,5,5,4,1,0,1,1,1
G:\Thesis\FACET_Dataset\Segmented_FACET_0.2_fixed_label\sa_8979198.jpg,2,2,1,0,0.2957645654678345,4,4,4,3,1,2,0,0,0
G:\Thesis\FACET_Dataset\Segmented_FACET_0.2_fixed_label\sa_9296641.jpg,2,2,1,0,0.37221696972846985,4,4,4,3,1,2,0,0,0
G:\Thesis\FACET_Dataset\Segmented_FACET_0.2_fixed_label\sa_2618454.jpg,4,4,3,1,0.40412285923957825,5,5,5,4,1,1,0,1,1
G:\Thesis\FACET_Dataset\Segmented_FACET_0.2_fixed_label\sa_7498680.jpg,6,6,5,1,0.34875568747520447,4,4,4,3,1,2,0,0,1
G:\Thesis\FACET_Dataset\Segmented_FACET_0.2_fixed_label\sa_7162201.jpg,3,3,2,0,0.2504635155200958,3,3,3,2,0,0,1,1,1
G:\Thesis\FACET_Dataset\Segmented_FACET_0.2_fixed_label\sa_9913515.jpg,3,3,2,0,0.3310886323451996,4,4,4,3,1,1,0,1,0
G:\Thesis\FACET_Dataset\Segmented_FACET_0.2_fixed_label\sa_545594.jpg,3,3,2,0,0.16752521693706512,3,3,3,2,0,0,1,1,1
G:\Thesis\FACET_Dataset\Segmented_FACET_0.2_fixed_label\sa_974197.jpg,3,3,2,0,0.27703410387039185,3,3,3,2,0,0,1,1,1
G:\Thesis\FACET_Dataset\Segmented_FACET_0.2_fixed_label\sa_1863172.jpg,3,3,2,0,0.34902524948120117,4,4,4,3,1,1,0,1,0
G:\Thesis\FACET_Dataset\Segmented_FACET_0.2_fixed_label\sa_6146563.jpg,4,4,3,1,0.30256232619285583,4,4,4,3,1,0,1,1,1
G:\Thesis\FACET_Dataset\Segmented_FACET_0.2_fixed_label\sa_9435674.jpg,3,3,2,0,0.1368493139743805,2,2,2,1,0,1,0,1,1
G:\Thesis\FACET_Dataset\Segmented_FACET_0.2_fixed_label\sa_2634488.jpg,4,4,3,1,0.4547552466392517,5,5,5,4,1,1,0,1,1
G:\Thesis\FACET_Dataset\Segmented_FACET_0.2_fixed_label\sa_10425489.jpg,8,8,7,2,0.45683902502059937,5,5,5,4,1,3,0,0,0
G:\Thesis\FACET_Dataset\Segmented_FACET_0.2_fixed_label\sa_629579.jpg,4,4,3,1,0.40883392095565796,5,5,5,4,1,1,0,1,1
G:\Thesis\FACET_Dataset\Segmented_FACET_0.2_fixed_label\sa_3579260.jpg,4,4,3,1,0.2837080657482147,4,4,4,3,1,0,1,1,1
G:\Thesis\FACET_Dataset\Segmented_FACET_0.2_fixed_label\sa_9588623.jpg,2,2,1,0,0.3039860129356384,4,4,4,3,1,2,0,0,0
G:\Thesis\FACET_Dataset\Segmented_FACET_0.2_fixed_label\sa_10235089.jpg,3,3,2,0,0.33588653802871704,4,4,4,3,1,1,0,1,0
G:\Thesis\FACET_Dataset\Segmented_FACET_0.2_fixed_label\sa_6857312.jpg,6,6,5,1,0.5577911138534546,6,6,6,5,1,0,1,1,1
G:\Thesis\FACET_Dataset\Segmented_FACET_0.2_fixed_label\sa_10789209.jpg,6,6,5,1,0.516426146030426,6,6,6,5,1,0,1,1,1
G:\Thesis\FACET_Dataset\Segmented_FACET_0.2_fixed_label\sa_8293466.jpg,5,5,4,1,0.6749902367591858,7,7,7,6,1,2,0,0,1
G:\Thesis\FACET_Dataset\Segmented_FACET_0.2_fixed_label\sa_1174613.jpg,4,4,3,1,0.3346777856349945,4,4,4,3,1,0,1,1,1
G:\Thesis\FACET_Dataset\Segmented_FACET_0.2_fixed_label\sa_6909647.jpg,4,4,3,1,0.24298179149627686,3,3,3,2,0,1,0,1,0
G:\Thesis\FACET_Dataset\Segmented_FACET_0.2_fixed_label\sa_11084494.jpg,3,3,2,0,0.33809828758239746,4,4,4,3,1,1,0,1,0
G:\Thesis\FACET_Dataset\Segmented_FACET_0.2_fixed_label\sa_9215947.jpg,3,3,2,0,0.3719955086708069,4,4,4,3,1,1,0,1,0
G:\Thesis\FACET_Dataset\Segmented_FACET_0.2_fixed_label\sa_7616093.jpg,3,3,2,0,0.3375982642173767,4,4,4,3,1,1,0,1,0
G:\Thesis\FACET_Dataset\Segmented_FACET_0.2_fixed_label\sa_2051647.jpg,3,3,2,0,0.2083522230386734,3,3,3,2,0,0,1,1,1
G:\Thesis\FACET_Dataset\Segmented_FACET_0.2_fixed_label\sa_3006854.jpg,3,3,2,0,0.41739311814308167,5,5,5,4,1,2,0,0,0
G:\Thesis\FACET_Dataset\Segmented_FACET_0.2_fixed_label\sa_9938142.jpg,3,3,2,0,0.2805442810058594,4,4,4,3,1,1,0,1,0
G:\Thesis\FACET_Dataset\Segmented_FACET_0.2_fixed_label\sa_4455432.jpg,6,6,5,1,0.8090438842773438,8,8,8,7,2,2,0,0,0
G:\Thesis\FACET_Dataset\Segmented_FACET_0.2_fixed_label\sa_10190599.jpg,3,3,2,0,0.5508716106414795,6,6,6,5,1,3,0,0,0
G:\Thesis\FACET_Dataset\Segmented_FACET_0.2_fixed_label\sa_899284.jpg,4,4,3,1,0.3927803933620453,5,5,5,4,1,1,0,1,1
G:\Thesis\FACET_Dataset\Segmented_FACET_0.2_fixed_label\sa_10277350.jpg,6,6,5,1,0.483097642660141,5,5,5,4,1,1,0,1,1
G:\Thesis\FACET_Dataset\Segmented_FACET_0.2_fixed_label\sa_210624.jpg,3,3,2,0,0.17516297101974487,3,3,3,2,0,0,1,1,1
G:\Thesis\FACET_Dataset\Segmented_FACET_0.2_fixed_label\sa_1282877.jpg,2,2,1,0,0.4361377954483032,5,5,5,4,1,3,0,0,0
G:\Thesis\FACET_Dataset\Segmented_FACET_0.2_fixed_label\sa_11135578.jpg,4,4,3,1,0.5017889738082886,6,6,6,5,1,2,0,0,1
G:\Thesis\FACET_Dataset\Segmented_FACET_0.2_fixed_label\sa_6075783.jpg,2,2,1,0,0.2959071397781372,4,4,4,3,1,2,0,0,0
G:\Thesis\FACET_Dataset\Segmented_FACET_0.2_fixed_label\sa_6620736.jpg,1,1,0,0,0.4001256823539734,5,5,5,4,1,4,0,0,0
G:\Thesis\FACET_Dataset\Segmented_FACET_0.2_fixed_label\sa_9799688.jpg,2,2,1,0,0.11987444013357162,2,2,2,1,0,0,1,1,1
G:\Thesis\FACET_Dataset\Segmented_FACET_0.2_fixed_label\sa_9580997.jpg,5,5,4,1,0.5653573274612427,6,6,6,5,1,1,0,1,1
G:\Thesis\FACET_Dataset\Segmented_FACET_0.2_fixed_label\sa_8420496.jpg,4,4,3,1,0.5441960692405701,6,6,6,5,1,2,0,0,1
G:\Thesis\FACET_Dataset\Segmented_FACET_0.2_fixed_label\sa_8744555.jpg,2,2,1,0,0.39259791374206543,5,5,5,4,1,3,0,0,0
G:\Thesis\FACET_Dataset\Segmented_FACET_0.2_fixed_label\sa_4091201.jpg,2,2,1,0,0.18032439053058624,3,3,3,2,0,1,0,1,1
G:\Thesis\FACET_Dataset\Segmented_FACET_0.2_fixed_label\sa_350837.jpg,3,3,2,0,0.4064355194568634,5,5,5,4,1,2,0,0,0
G:\Thesis\FACET_Dataset\Segmented_FACET_0.2_fixed_label\sa_5328957.jpg,6,6,5,1,0.6008149981498718,6,6,6,5,1,0,1,1,1
G:\Thesis\FACET_Dataset\Segmented_FACET_0.2_fixed_label\sa_4577723.jpg,5,5,4,1,0.2541460394859314,3,3,3,2,0,2,0,0,0
G:\Thesis\FACET_Dataset\Segmented_FACET_0.2_fixed_label\sa_1235335.jpg,6,6,5,1,0.5169166922569275,6,6,6,5,1,0,1,1,1
G:\Thesis\FACET_Dataset\Segmented_FACET_0.2_fixed_label\sa_6069199.jpg,6,6,5,1,0.6045032143592834,6,6,6,5,1,0,1,1,1
G:\Thesis\FACET_Dataset\Segmented_FACET_0.2_fixed_label\sa_944036.jpg,3,3,2,0,0.33729180693626404,4,4,4,3,1,1,0,1,0
G:\Thesis\FACET_Dataset\Segmented_FACET_0.2_fixed_label\sa_4272216.jpg,2,2,1,0,0.2801787257194519,4,4,4,3,1,2,0,0,0
G:\Thesis\FACET_Dataset\Segmented_FACET_0.2_fixed_label\sa_870796.jpg,3,3,2,0,0.3276589512825012,4,4,4,3,1,1,0,1,0
G:\Thesis\FACET_Dataset\Segmented_FACET_0.2_fixed_label\sa_11070013.jpg,3,3,2,0,0.30015668272972107,4,4,4,3,1,1,0,1,0
G:\Thesis\FACET_Dataset\Segmented_FACET_0.2_fixed_label\sa_9889742.jpg,5,5,4,1,0.42561885714530945,5,5,5,4,1,0,1,1,1
G:\Thesis\FACET_Dataset\Segmented_FACET_0.2_fixed_label\sa_6230343.jpg,4,4,3,1,0.36229759454727173,4,4,4,3,1,0,1,1,1
G:\Thesis\FACET_Dataset\Segmented_FACET_0.2_fixed_label\sa_4244420.jpg,6,6,5,1,0.3061350882053375,4,4,4,3,1,2,0,0,1
G:\Thesis\FACET_Dataset\Segmented_FACET_0.2_fixed_label\sa_5092276.jpg,4,4,3,1,0.04094477370381355,1,1,1,0,0,3,0,0,0
G:\Thesis\FACET_Dataset\Segmented_FACET_0.2_fixed_label\sa_2507958.jpg,3,3,2,0,0.4004751741886139,5,5,5,4,1,2,0,0,0
G:\Thesis\FACET_Dataset\Segmented_FACET_0.2_fixed_label\sa_10665143.jpg,9,9,8,2,0.7113905549049377,7,7,7,6,1,2,0,0,0
G:\Thesis\FACET_Dataset\Segmented_FACET_0.2_fixed_label\sa_2281927.jpg,4,4,3,1,0.45083367824554443,5,5,5,4,1,1,0,1,1
G:\Thesis\FACET_Dataset\Segmented_FACET_0.2_fixed_label\sa_651791.jpg,2,2,1,0,0.33237239718437195,4,4,4,3,1,2,0,0,0
G:\Thesis\FACET_Dataset\Segmented_FACET_0.2_fixed_label\sa_5300110.jpg,7,7,6,1,0.579582154750824,6,6,6,5,1,1,0,1,1
G:\Thesis\FACET_Dataset\Segmented_FACET_0.2_fixed_label\sa_2372177.jpg,7,7,6,1,0.7184537053108215,7,7,7,6,1,0,1,1,1
G:\Thesis\FACET_Dataset\Segmented_FACET_0.2_fixed_label\sa_9131252.jpg,2,2,1,0,0.12062647193670273,2,2,2,1,0,0,1,1,1
G:\Thesis\FACET_Dataset\Segmented_FACET_0.2_fixed_label\sa_6440016.jpg,5,5,4,1,0.32216769456863403,4,4,4,3,1,1,0,1,1
G:\Thesis\FACET_Dataset\Segmented_FACET_0.2_fixed_label\sa_8269547.jpg,2,2,1,0,0.3248705565929413,4,4,4,3,1,2,0,0,0
G:\Thesis\FACET_Dataset\Segmented_FACET_0.2_fixed_label\sa_4322243.jpg,2,2,1,0,0.21769125759601593,3,3,3,2,0,1,0,1,1
G:\Thesis\FACET_Dataset\Segmented_FACET_0.2_fixed_label\sa_2710563.jpg,3,3,2,0,0.18034504354000092,3,3,3,2,0,0,1,1,1
G:\Thesis\FACET_Dataset\Segmented_FACET_0.2_fixed_label\sa_3488589.jpg,6,6,5,1,0.41399872303009033,5,5,5,4,1,1,0,1,1
G:\Thesis\FACET_Dataset\Segmented_FACET_0.2_fixed_label\sa_8396142.jpg,7,7,6,1,0.6062571406364441,6,6,6,5,1,1,0,1,1
G:\Thesis\FACET_Dataset\Segmented_FACET_0.2_fixed_label\sa_3787423.jpg,7,7,6,1,0.7818119525909424,8,8,8,7,2,1,0,1,0
G:\Thesis\FACET_Dataset\Segmented_FACET_0.2_fixed_label\sa_2922016.jpg,3,3,2,0,0.422677606344223,5,5,5,4,1,2,0,0,0
G:\Thesis\FACET_Dataset\Segmented_FACET_0.2_fixed_label\sa_1545952.jpg,3,3,2,0,0.5054324269294739,6,6,6,5,1,3,0,0,0
G:\Thesis\FACET_Dataset\Segmented_FACET_0.2_fixed_label\sa_3496750.jpg,2,2,1,0,0.08233048766851425,2,2,2,1,0,0,1,1,1
G:\Thesis\FACET_Dataset\Segmented_FACET_0.2_fixed_label\sa_7664651.jpg,3,3,2,0,0.1918039470911026,3,3,3,2,0,0,1,1,1
G:\Thesis\FACET_Dataset\Segmented_FACET_0.2_fixed_label\sa_1816074.jpg,2,2,1,0,0.5297021269798279,6,6,6,5,1,4,0,0,0
G:\Thesis\FACET_Dataset\Segmented_FACET_0.2_fixed_label\sa_1909023.jpg,3,3,2,0,0.19652149081230164,3,3,3,2,0,0,1,1,1
G:\Thesis\FACET_Dataset\Segmented_FACET_0.2_fixed_label\sa_4194517.jpg,3,3,2,0,0.2138855904340744,3,3,3,2,0,0,1,1,1
G:\Thesis\FACET_Dataset\Segmented_FACET_0.2_fixed_label\sa_7382036.jpg,6,6,5,1,0.5753254294395447,6,6,6,5,1,0,1,1,1
G:\Thesis\FACET_Dataset\Segmented_FACET_0.2_fixed_label\sa_4808180.jpg,2,2,1,0,0.32851067185401917,4,4,4,3,1,2,0,0,0
G:\Thesis\FACET_Dataset\Segmented_FACET_0.2_fixed_label\sa_9527858.jpg,4,4,3,1,0.3163605034351349,4,4,4,3,1,0,1,1,1
G:\Thesis\FACET_Dataset\Segmented_FACET_0.2_fixed_label\sa_1608469.jpg,2,2,1,0,0.42057275772094727,5,5,5,4,1,3,0,0,0
G:\Thesis\FACET_Dataset\Segmented_FACET_0.2_fixed_label\sa_7480499.jpg,3,3,2,0,0.38998308777809143,5,5,5,4,1,2,0,0,0
G:\Thesis\FACET_Dataset\Segmented_FACET_0.2_fixed_label\sa_10377021.jpg,5,5,4,1,0.31342723965644836,4,4,4,3,1,1,0,1,1
G:\Thesis\FACET_Dataset\Segmented_FACET_0.2_fixed_label\sa_6414457.jpg,2,2,1,0,0.3252530097961426,4,4,4,3,1,2,0,0,0
G:\Thesis\FACET_Dataset\Segmented_FACET_0.2_fixed_label\sa_3436418.jpg,3,3,2,0,0.17730943858623505,3,3,3,2,0,0,1,1,1
G:\Thesis\FACET_Dataset\Segmented_FACET_0.2_fixed_label\sa_9729048.jpg,3,3,2,0,0.3406139612197876,4,4,4,3,1,1,0,1,0
G:\Thesis\FACET_Dataset\Segmented_FACET_0.2_fixed_label\sa_1809016.jpg,3,3,2,0,0.2981893718242645,4,4,4,3,1,1,0,1,0
G:\Thesis\FACET_Dataset\Segmented_FACET_0.2_fixed_label\sa_5825910.jpg,3,3,2,0,0.27103379368782043,3,3,3,2,0,0,1,1,1
G:\Thesis\FACET_Dataset\Segmented_FACET_0.2_fixed_label\sa_9100667.jpg,3,3,2,0,0.5057976245880127,6,6,6,5,1,3,0,0,0
G:\Thesis\FACET_Dataset\Segmented_FACET_0.2_fixed_label\sa_9597696.jpg,3,3,2,0,0.09987746924161911,2,2,2,1,0,1,0,1,1
G:\Thesis\FACET_Dataset\Segmented_FACET_0.2_fixed_label\sa_7493288.jpg,2,2,1,0,0.21566987037658691,3,3,3,2,0,1,0,1,1
G:\Thesis\FACET_Dataset\Segmented_FACET_0.2_fixed_label\sa_3963132.jpg,3,3,2,0,0.4460762143135071,5,5,5,4,1,2,0,0,0
G:\Thesis\FACET_Dataset\Segmented_FACET_0.2_fixed_label\sa_5936767.jpg,2,2,1,0,0.2672934830188751,3,3,3,2,0,1,0,1,1
G:\Thesis\FACET_Dataset\Segmented_FACET_0.2_fixed_label\sa_6049073.jpg,3,3,2,0,0.12394101917743683,2,2,2,1,0,1,0,1,1
G:\Thesis\FACET_Dataset\Segmented_FACET_0.2_fixed_label\sa_4792156.jpg,3,3,2,0,0.2594588100910187,3,3,3,2,0,0,1,1,1
G:\Thesis\FACET_Dataset\Segmented_FACET_0.2_fixed_label\sa_10071874.jpg,2,2,1,0,0.27050092816352844,3,3,3,2,0,1,0,1,1
G:\Thesis\FACET_Dataset\Segmented_FACET_0.2_fixed_label\sa_4128503.jpg,3,3,2,0,0.32934239506721497,4,4,4,3,1,1,0,1,0
G:\Thesis\FACET_Dataset\Segmented_FACET_0.2_fixed_label\sa_2727106.jpg,3,3,2,0,0.3729690611362457,4,4,4,3,1,1,0,1,0
G:\Thesis\FACET_Dataset\Segmented_FACET_0.2_fixed_label\sa_619947.jpg,8,8,7,2,0.7681076526641846,8,8,8,7,2,0,1,1,1
G:\Thesis\FACET_Dataset\Segmented_FACET_0.2_fixed_label\sa_4294278.jpg,3,3,2,0,0.38648274540901184,4,4,4,3,1,1,0,1,0
G:\Thesis\FACET_Dataset\Segmented_FACET_0.2_fixed_label\sa_5546260.jpg,5,5,4,1,0.37742507457733154,4,4,4,3,1,1,0,1,1
G:\Thesis\FACET_Dataset\Segmented_FACET_0.2_fixed_label\sa_5922023.jpg,3,3,2,0,0.2547098398208618,3,3,3,2,0,0,1,1,1
G:\Thesis\FACET_Dataset\Segmented_FACET_0.2_fixed_label\sa_3802557.jpg,2,2,1,0,0.1058230772614479,2,2,2,1,0,0,1,1,1
G:\Thesis\FACET_Dataset\Segmented_FACET_0.2_fixed_label\sa_3285842.jpg,7,7,6,1,0.46564677357673645,5,5,5,4,1,2,0,0,1
G:\Thesis\FACET_Dataset\Segmented_FACET_0.2_fixed_label\sa_6606232.jpg,2,2,1,0,0.28481966257095337,4,4,4,3,1,2,0,0,0
G:\Thesis\FACET_Dataset\Segmented_FACET_0.2_fixed_label\sa_5407149.jpg,2,2,1,0,0.31194353103637695,4,4,4,3,1,2,0,0,0
G:\Thesis\FACET_Dataset\Segmented_FACET_0.2_fixed_label\sa_10240335.jpg,3,3,2,0,0.21597035229206085,3,3,3,2,0,0,1,1,1
G:\Thesis\FACET_Dataset\Segmented_FACET_0.2_fixed_label\sa_1281876.jpg,2,2,1,0,0.30998873710632324,4,4,4,3,1,2,0,0,0
G:\Thesis\FACET_Dataset\Segmented_FACET_0.2_fixed_label\sa_10376905.jpg,3,3,2,0,0.4010106325149536,5,5,5,4,1,2,0,0,0
G:\Thesis\FACET_Dataset\Segmented_FACET_0.2_fixed_label\sa_9309029.jpg,9,9,8,2,0.26566383242607117,3,3,3,2,0,6,0,0,0
G:\Thesis\FACET_Dataset\Segmented_FACET_0.2_fixed_label\sa_6069498.jpg,6,6,5,1,0.37757056951522827,4,4,4,3,1,2,0,0,1
G:\Thesis\FACET_Dataset\Segmented_FACET_0.2_fixed_label\sa_4843615.jpg,3,3,2,0,0.3680388033390045,4,4,4,3,1,1,0,1,0
G:\Thesis\FACET_Dataset\Segmented_FACET_0.2_fixed_label\sa_10944498.jpg,3,3,2,0,0.4112817645072937,5,5,5,4,1,2,0,0,0
G:\Thesis\FACET_Dataset\Segmented_FACET_0.2_fixed_label\sa_839106.jpg,1,1,0,0,0.311280757188797,4,4,4,3,1,3,0,0,0
G:\Thesis\FACET_Dataset\Segmented_FACET_0.2_fixed_label\sa_10243045.jpg,5,5,4,1,0.42424988746643066,5,5,5,4,1,0,1,1,1
G:\Thesis\FACET_Dataset\Segmented_FACET_0.2_fixed_label\sa_1276128.jpg,3,3,2,0,0.3618879020214081,4,4,4,3,1,1,0,1,0
G:\Thesis\FACET_Dataset\Segmented_FACET_0.2_fixed_label\sa_3769342.jpg,3,3,2,0,0.2155631184577942,3,3,3,2,0,0,1,1,1
G:\Thesis\FACET_Dataset\Segmented_FACET_0.2_fixed_label\sa_11047388.jpg,2,2,1,0,0.22389055788516998,3,3,3,2,0,1,0,1,1
G:\Thesis\FACET_Dataset\Segmented_FACET_0.2_fixed_label\sa_3612157.jpg,3,3,2,0,0.2609441876411438,3,3,3,2,0,0,1,1,1
G:\Thesis\FACET_Dataset\Segmented_FACET_0.2_fixed_label\sa_1320082.jpg,5,5,4,1,0.32718563079833984,4,4,4,3,1,1,0,1,1
G:\Thesis\FACET_Dataset\Segmented_FACET_0.2_fixed_label\sa_4408822.jpg,2,2,1,0,0.16906028985977173,3,3,3,2,0,1,0,1,1
G:\Thesis\FACET_Dataset\Segmented_FACET_0.2_fixed_label\sa_6857312.jpg,6,6,5,1,0.5577911138534546,6,6,6,5,1,0,1,1,1
G:\Thesis\FACET_Dataset\Segmented_FACET_0.2_fixed_label\sa_7145981.jpg,5,5,4,1,0.4256826639175415,5,5,5,4,1,0,1,1,1
G:\Thesis\FACET_Dataset\Segmented_FACET_0.2_fixed_label\sa_1756709.jpg,4,4,3,1,0.34366080164909363,4,4,4,3,1,0,1,1,1
G:\Thesis\FACET_Dataset\Segmented_FACET_0.2_fixed_label\sa_6418033.jpg,4,4,3,1,0.39851266145706177,5,5,5,4,1,1,0,1,1
G:\Thesis\FACET_Dataset\Segmented_FACET_0.2_fixed_label\sa_8552803.jpg,3,3,2,0,0.3530566692352295,4,4,4,3,1,1,0,1,0
G:\Thesis\FACET_Dataset\Segmented_FACET_0.2_fixed_label\sa_10022161.jpg,4,4,3,1,0.14316898584365845,2,2,2,1,0,2,0,0,0
G:\Thesis\FACET_Dataset\Segmented_FACET_0.2_fixed_label\sa_25380.jpg,3,3,2,0,0.2784948945045471,4,4,4,3,1,1,0,1,0
G:\Thesis\FACET_Dataset\Segmented_FACET_0.2_fixed_label\sa_5031926.jpg,4,4,3,1,0.42450088262557983,5,5,5,4,1,1,0,1,1
G:\Thesis\FACET_Dataset\Segmented_FACET_0.2_fixed_label\sa_7823353.jpg,8,8,7,2,0.7238757610321045,8,8,8,7,2,0,1,1,1
G:\Thesis\FACET_Dataset\Segmented_FACET_0.2_fixed_label\sa_438352.jpg,4,4,3,1,0.23987090587615967,3,3,3,2,0,1,0,1,0
G:\Thesis\FACET_Dataset\Segmented_FACET_0.2_fixed_label\sa_10168183.jpg,6,6,5,1,0.5427437424659729,6,6,6,5,1,0,1,1,1
G:\Thesis\FACET_Dataset\Segmented_FACET_0.2_fixed_label\sa_9765418.jpg,3,3,2,0,0.3293924331665039,4,4,4,3,1,1,0,1,0
G:\Thesis\FACET_Dataset\Segmented_FACET_0.2_fixed_label\sa_6280313.jpg,2,2,1,0,0.3404575288295746,4,4,4,3,1,2,0,0,0
G:\Thesis\FACET_Dataset\Segmented_FACET_0.2_fixed_label\sa_7653623.jpg,2,2,1,0,0.14990639686584473,2,2,2,1,0,0,1,1,1
G:\Thesis\FACET_Dataset\Segmented_FACET_0.2_fixed_label\sa_6876737.jpg,4,4,3,1,0.29650139808654785,4,4,4,3,1,0,1,1,1
G:\Thesis\FACET_Dataset\Segmented_FACET_0.2_fixed_label\sa_411527.jpg,6,6,5,1,0.7402459979057312,8,8,8,7,2,2,0,0,0
G:\Thesis\FACET_Dataset\Segmented_FACET_0.2_fixed_label\sa_4912915.jpg,3,3,2,0,0.3088736832141876,4,4,4,3,1,1,0,1,0
G:\Thesis\FACET_Dataset\Segmented_FACET_0.2_fixed_label\sa_2942190.jpg,3,3,2,0,0.2723163366317749,3,3,3,2,0,0,1,1,1
G:\Thesis\FACET_Dataset\Segmented_FACET_0.2_fixed_label\sa_4445927.jpg,5,5,4,1,0.4563300609588623,5,5,5,4,1,0,1,1,1
G:\Thesis\FACET_Dataset\Segmented_FACET_0.2_fixed_label\sa_4979838.jpg,5,5,4,1,0.18571940064430237,3,3,3,2,0,2,0,0,0
G:\Thesis\FACET_Dataset\Segmented_FACET_0.2_fixed_label\sa_7266316.jpg,3,3,2,0,0.2889561355113983,4,4,4,3,1,1,0,1,0
G:\Thesis\FACET_Dataset\Segmented_FACET_0.2_fixed_label\sa_670066.jpg,5,5,4,1,0.2949558198451996,4,4,4,3,1,1,0,1,1
G:\Thesis\FACET_Dataset\Segmented_FACET_0.2_fixed_label\sa_8313751.jpg,2,2,1,0,0.23969615995883942,3,3,3,2,0,1,0,1,1
G:\Thesis\FACET_Dataset\Segmented_FACET_0.2_fixed_label\sa_9354133.jpg,3,3,2,0,0.3786475360393524,4,4,4,3,1,1,0,1,0
G:\Thesis\FACET_Dataset\Segmented_FACET_0.2_fixed_label\sa_5678381.jpg,6,6,5,1,0.33026549220085144,4,4,4,3,1,2,0,0,1
G:\Thesis\FACET_Dataset\Segmented_FACET_0.2_fixed_label\sa_1625191.jpg,2,2,1,0,0.35745152831077576,4,4,4,3,1,2,0,0,0
G:\Thesis\FACET_Dataset\Segmented_FACET_0.2_fixed_label\sa_5484129.jpg,4,4,3,1,0.33336710929870605,4,4,4,3,1,0,1,1,1
G:\Thesis\FACET_Dataset\Segmented_FACET_0.2_fixed_label\sa_10369497.jpg,9,9,8,2,0.664269745349884,7,7,7,6,1,2,0,0,0
G:\Thesis\FACET_Dataset\Segmented_FACET_0.2_fixed_label\sa_6707836.jpg,4,4,3,1,0.3122175335884094,4,4,4,3,1,0,1,1,1
G:\Thesis\FACET_Dataset\Segmented_FACET_0.2_fixed_label\sa_579010.jpg,4,4,3,1,0.4965202212333679,5,5,5,4,1,1,0,1,1
G:\Thesis\FACET_Dataset\Segmented_FACET_0.2_fixed_label\sa_2503775.jpg,8,8,7,2,0.4042842984199524,5,5,5,4,1,3,0,0,0
G:\Thesis\FACET_Dataset\Segmented_FACET_0.2_fixed_label\sa_3513876.jpg,3,3,2,0,0.1804244965314865,3,3,3,2,0,0,1,1,1
G:\Thesis\FACET_Dataset\Segmented_FACET_0.2_fixed_label\sa_11039006.jpg,6,6,5,1,0.6145850419998169,7,7,7,6,1,1,0,1,1
G:\Thesis\FACET_Dataset\Segmented_FACET_0.2_fixed_label\sa_10418756.jpg,3,3,2,0,0.2926606833934784,4,4,4,3,1,1,0,1,0
G:\Thesis\FACET_Dataset\Segmented_FACET_0.2_fixed_label\sa_1436047.jpg,5,5,4,1,0.22539551556110382,3,3,3,2,0,2,0,0,0
G:\Thesis\FACET_Dataset\Segmented_FACET_0.2_fixed_label\sa_5765006.jpg,1,1,0,0,0.15919367969036102,2,2,2,1,0,1,0,1,1
G:\Thesis\FACET_Dataset\Segmented_FACET_0.2_fixed_label\sa_1879225.jpg,2,2,1,0,0.19300803542137146,3,3,3,2,0,1,0,1,1
G:\Thesis\FACET_Dataset\Segmented_FACET_0.2_fixed_label\sa_9144359.jpg,2,2,1,0,0.1805267482995987,3,3,3,2,0,1,0,1,1
G:\Thesis\FACET_Dataset\Segmented_FACET_0.2_fixed_label\sa_4113099.jpg,4,4,3,1,0.24806201457977295,3,3,3,2,0,1,0,1,0
G:\Thesis\FACET_Dataset\Segmented_FACET_0.2_fixed_label\sa_921085.jpg,5,5,4,1,0.2979162931442261,4,4,4,3,1,1,0,1,1
G:\Thesis\FACET_Dataset\Segmented_FACET_0.2_fixed_label\sa_3276906.jpg,2,2,1,0,0.19860738515853882,3,3,3,2,0,1,0,1,1
G:\Thesis\FACET_Dataset\Segmented_FACET_0.2_fixed_label\sa_7474900.jpg,3,3,2,0,0.32712215185165405,4,4,4,3,1,1,0,1,0
G:\Thesis\FACET_Dataset\Segmented_FACET_0.2_fixed_label\sa_2864579.jpg,4,4,3,1,0.364371120929718,4,4,4,3,1,0,1,1,1
G:\Thesis\FACET_Dataset\Segmented_FACET_0.2_fixed_label\sa_2444031.jpg,4,4,3,1,0.2868679165840149,4,4,4,3,1,0,1,1,1
G:\Thesis\FACET_Dataset\Segmented_FACET_0.2_fixed_label\sa_707545.jpg,2,2,1,0,0.27499788999557495,3,3,3,2,0,1,0,1,1
G:\Thesis\FACET_Dataset\Segmented_FACET_0.2_fixed_label\sa_4901735.jpg,6,6,5,1,0.29802852869033813,4,4,4,3,1,2,0,0,1
G:\Thesis\FACET_Dataset\Segmented_FACET_0.2_fixed_label\sa_6380782.jpg,2,2,1,0,0.21240496635437012,3,3,3,2,0,1,0,1,1
G:\Thesis\FACET_Dataset\Segmented_FACET_0.2_fixed_label\sa_5485846.jpg,3,3,2,0,0.30875247716903687,4,4,4,3,1,1,0,1,0
G:\Thesis\FACET_Dataset\Segmented_FACET_0.2_fixed_label\sa_2041818.jpg,2,2,1,0,0.4604974091053009,5,5,5,4,1,3,0,0,0
G:\Thesis\FACET_Dataset\Segmented_FACET_0.2_fixed_label\sa_733589.jpg,5,5,4,1,0.46941256523132324,5,5,5,4,1,0,1,1,1
G:\Thesis\FACET_Dataset\Segmented_FACET_0.2_fixed_label\sa_10890103.jpg,4,4,3,1,0.3632046580314636,4,4,4,3,1,0,1,1,1
G:\Thesis\FACET_Dataset\Segmented_FACET_0.2_fixed_label\sa_9131252.jpg,3,3,2,0,0.12062647193670273,2,2,2,1,0,1,0,1,1
G:\Thesis\FACET_Dataset\Segmented_FACET_0.2_fixed_label\sa_3995832.jpg,3,3,2,0,0.5961984395980835,6,6,6,5,1,3,0,0,0
G:\Thesis\FACET_Dataset\Segmented_FACET_0.2_fixed_label\sa_6267865.jpg,6,6,5,1,0.32462215423583984,4,4,4,3,1,2,0,0,1
G:\Thesis\FACET_Dataset\Segmented_FACET_0.2_fixed_label\sa_354339.jpg,6,6,5,1,0.49047616124153137,5,5,5,4,1,1,0,1,1
G:\Thesis\FACET_Dataset\Segmented_FACET_0.2_fixed_label\sa_8484678.jpg,2,2,1,0,0.25486814975738525,3,3,3,2,0,1,0,1,1
G:\Thesis\FACET_Dataset\Segmented_FACET_0.2_fixed_label\sa_2731103.jpg,3,3,2,0,0.22431208193302155,3,3,3,2,0,0,1,1,1
G:\Thesis\FACET_Dataset\Segmented_FACET_0.2_fixed_label\sa_5534419.jpg,3,3,2,0,0.47022414207458496,5,5,5,4,1,2,0,0,0
G:\Thesis\FACET_Dataset\Segmented_FACET_0.2_fixed_label\sa_617592.jpg,6,6,5,1,0.3115434944629669,4,4,4,3,1,2,0,0,1
G:\Thesis\FACET_Dataset\Segmented_FACET_0.2_fixed_label\sa_4092765.jpg,6,6,5,1,0.5496448278427124,6,6,6,5,1,0,1,1,1
G:\Thesis\FACET_Dataset\Segmented_FACET_0.2_fixed_label\sa_411527.jpg,6,6,5,1,0.7402459979057312,8,8,8,7,2,2,0,0,0
G:\Thesis\FACET_Dataset\Segmented_FACET_0.2_fixed_label\sa_6718093.jpg,3,3,2,0,0.2681219279766083,3,3,3,2,0,0,1,1,1
G:\Thesis\FACET_Dataset\Segmented_FACET_0.2_fixed_label\sa_3874742.jpg,4,4,3,1,0.5356168746948242,6,6,6,5,1,2,0,0,1
G:\Thesis\FACET_Dataset\Segmented_FACET_0.2_fixed_label\sa_2162147.jpg,3,3,2,0,0.3656150698661804,4,4,4,3,1,1,0,1,0
G:\Thesis\FACET_Dataset\Segmented_FACET_0.2_fixed_label\sa_1130155.jpg,4,4,3,1,0.31155747175216675,4,4,4,3,1,0,1,1,1
G:\Thesis\FACET_Dataset\Segmented_FACET_0.2_fixed_label\sa_6847085.jpg,4,4,3,1,0.3022408187389374,4,4,4,3,1,0,1,1,1
G:\Thesis\FACET_Dataset\Segmented_FACET_0.2_fixed_label\sa_6969565.jpg,3,3,2,0,0.20734362304210663,3,3,3,2,0,0,1,1,1
G:\Thesis\FACET_Dataset\Segmented_FACET_0.2_fixed_label\sa_4149259.jpg,3,3,2,0,0.48215994238853455,5,5,5,4,1,2,0,0,0
G:\Thesis\FACET_Dataset\Segmented_FACET_0.2_fixed_label\sa_5512247.jpg,3,3,2,0,0.44889387488365173,5,5,5,4,1,2,0,0,0
G:\Thesis\FACET_Dataset\Segmented_FACET_0.2_fixed_label\sa_9138612.jpg,5,5,4,1,0.5074973702430725,6,6,6,5,1,1,0,1,1
G:\Thesis\FACET_Dataset\Segmented_FACET_0.2_fixed_label\sa_7519721.jpg,2,2,1,0,0.3733937442302704,4,4,4,3,1,2,0,0,0
G:\Thesis\FACET_Dataset\Segmented_FACET_0.2_fixed_label\sa_8314909.jpg,2,2,1,0,0.5545966625213623,6,6,6,5,1,4,0,0,0
G:\Thesis\FACET_Dataset\Segmented_FACET_0.2_fixed_label\sa_3826712.jpg,2,2,1,0,0.2397306263446808,3,3,3,2,0,1,0,1,1
G:\Thesis\FACET_Dataset\Segmented_FACET_0.2_fixed_label\sa_1920087.jpg,7,7,6,1,0.5357486605644226,6,6,6,5,1,1,0,1,1
G:\Thesis\FACET_Dataset\Segmented_FACET_0.2_fixed_label\sa_165670.jpg,4,4,3,1,0.5074245929718018,6,6,6,5,1,2,0,0,1
G:\Thesis\FACET_Dataset\Segmented_FACET_0.2_fixed_label\sa_5504254.jpg,2,2,1,0,0.16328996419906616,2,2,2,1,0,0,1,1,1
G:\Thesis\FACET_Dataset\Segmented_FACET_0.2_fixed_label\sa_9657164.jpg,6,6,5,1,0.4798145890235901,5,5,5,4,1,1,0,1,1
G:\Thesis\FACET_Dataset\Segmented_FACET_0.2_fixed_label\sa_3544259.jpg,4,4,3,1,0.5618367791175842,6,6,6,5,1,2,0,0,1
G:\Thesis\FACET_Dataset\Segmented_FACET_0.2_fixed_label\sa_6405551.jpg,4,4,3,1,0.6878286004066467,7,7,7,6,1,3,0,0,1
G:\Thesis\FACET_Dataset\Segmented_FACET_0.2_fixed_label\sa_10295763.jpg,2,2,1,0,0.03444334492087364,1,1,1,0,0,1,0,1,1
G:\Thesis\FACET_Dataset\Segmented_FACET_0.2_fixed_label\sa_4636248.jpg,3,3,2,0,0.4506163001060486,5,5,5,4,1,2,0,0,0
G:\Thesis\FACET_Dataset\Segmented_FACET_0.2_fixed_label\sa_10457029.jpg,2,2,1,0,0.19172874093055725,3,3,3,2,0,1,0,1,1
G:\Thesis\FACET_Dataset\Segmented_FACET_0.2_fixed_label\sa_7106501.jpg,3,3,2,0,0.18997851014137268,3,3,3,2,0,0,1,1,1
G:\Thesis\FACET_Dataset\Segmented_FACET_0.2_fixed_label\sa_3775087.jpg,5,5,4,1,0.2678551971912384,3,3,3,2,0,2,0,0,0
G:\Thesis\FACET_Dataset\Segmented_FACET_0.2_fixed_label\sa_4110462.jpg,7,7,6,1,0.6732865571975708,7,7,7,6,1,0,1,1,1
G:\Thesis\FACET_Dataset\Segmented_FACET_0.2_fixed_label\sa_7925399.jpg,6,6,5,1,0.38824522495269775,4,4,4,3,1,2,0,0,1
G:\Thesis\FACET_Dataset\Segmented_FACET_0.2_fixed_label\sa_4781192.jpg,2,2,1,0,0.3653584122657776,4,4,4,3,1,2,0,0,0
G:\Thesis\FACET_Dataset\Segmented_FACET_0.2_fixed_label\sa_3605845.jpg,2,2,1,0,0.16885092854499817,3,3,3,2,0,1,0,1,1
G:\Thesis\FACET_Dataset\Segmented_FACET_0.2_fixed_label\sa_7818314.jpg,3,3,2,0,0.36292800307273865,4,4,4,3,1,1,0,1,0
G:\Thesis\FACET_Dataset\Segmented_FACET_0.2_fixed_label\sa_2843945.jpg,6,6,5,1,0.5114818811416626,6,6,6,5,1,0,1,1,1
G:\Thesis\FACET_Dataset\Segmented_FACET_0.2_fixed_label\sa_2382829.jpg,6,6,5,1,0.39786261320114136,5,5,5,4,1,1,0,1,1
G:\Thesis\FACET_Dataset\Segmented_FACET_0.2_fixed_label\sa_1625191.jpg,2,2,1,0,0.35745152831077576,4,4,4,3,1,2,0,0,0
G:\Thesis\FACET_Dataset\Segmented_FACET_0.2_fixed_label\sa_10721835.jpg,2,2,1,0,0.2299472987651825,3,3,3,2,0,1,0,1,1
G:\Thesis\FACET_Dataset\Segmented_FACET_0.2_fixed_label\sa_10602863.jpg,2,2,1,0,0.25363239645957947,3,3,3,2,0,1,0,1,1
G:\Thesis\FACET_Dataset\Segmented_FACET_0.2_fixed_label\sa_10044214.jpg,6,6,5,1,0.37774768471717834,4,4,4,3,1,2,0,0,1
G:\Thesis\FACET_Dataset\Segmented_FACET_0.2_fixed_label\sa_7164258.jpg,4,4,3,1,0.39170271158218384,5,5,5,4,1,1,0,1,1
G:\Thesis\FACET_Dataset\Segmented_FACET_0.2_fixed_label\sa_10040081.jpg,2,2,1,0,0.5914199352264404,6,6,6,5,1,4,0,0,0
G:\Thesis\FACET_Dataset\Segmented_FACET_0.2_fixed_label\sa_4984009.jpg,4,4,3,1,0.3370261490345001,4,4,4,3,1,0,1,1,1
G:\Thesis\FACET_Dataset\Segmented_FACET_0.2_fixed_label\sa_9922073.jpg,2,2,1,0,0.25608283281326294,3,3,3,2,0,1,0,1,1
G:\Thesis\FACET_Dataset\Segmented_FACET_0.2_fixed_label\sa_77543.jpg,6,6,5,1,0.42781171202659607,5,5,5,4,1,1,0,1,1
G:\Thesis\FACET_Dataset\Segmented_FACET_0.2_fixed_label\sa_3835234.jpg,3,3,2,0,0.23599952459335327,3,3,3,2,0,0,1,1,1
G:\Thesis\FACET_Dataset\Segmented_FACET_0.2_fixed_label\sa_2272291.jpg,5,5,4,1,0.6258630156517029,7,7,7,6,1,2,0,0,1
G:\Thesis\FACET_Dataset\Segmented_FACET_0.2_fixed_label\sa_3956060.jpg,3,3,2,0,0.40726542472839355,5,5,5,4,1,2,0,0,0
G:\Thesis\FACET_Dataset\Segmented_FACET_0.2_fixed_label\sa_11004967.jpg,3,3,2,0,0.318588525056839,4,4,4,3,1,1,0,1,0
G:\Thesis\FACET_Dataset\Segmented_FACET_0.2_fixed_label\sa_5754708.jpg,4,4,3,1,0.5139051675796509,6,6,6,5,1,2,0,0,1
G:\Thesis\FACET_Dataset\Segmented_FACET_0.2_fixed_label\sa_10490584.jpg,5,5,4,1,0.5070055723190308,6,6,6,5,1,1,0,1,1
G:\Thesis\FACET_Dataset\Segmented_FACET_0.2_fixed_label\sa_1733255.jpg,2,2,1,0,0.23042532801628113,3,3,3,2,0,1,0,1,1
G:\Thesis\FACET_Dataset\Segmented_FACET_0.2_fixed_label\sa_9490418.jpg,5,5,4,1,0.4212632179260254,5,5,5,4,1,0,1,1,1
G:\Thesis\FACET_Dataset\Segmented_FACET_0.2_fixed_label\sa_4185296.jpg,3,3,2,0,0.2363336980342865,3,3,3,2,0,0,1,1,1
G:\Thesis\FACET_Dataset\Segmented_FACET_0.2_fixed_label\sa_5037130.jpg,3,3,2,0,0.3357245624065399,4,4,4,3,1,1,0,1,0
G:\Thesis\FACET_Dataset\Segmented_FACET_0.2_fixed_label\sa_926092.jpg,4,4,3,1,0.15783658623695374,2,2,2,1,0,2,0,0,0
G:\Thesis\FACET_Dataset\Segmented_FACET_0.2_fixed_label\sa_6249000.jpg,4,4,3,1,0.37257081270217896,4,4,4,3,1,0,1,1,1
G:\Thesis\FACET_Dataset\Segmented_FACET_0.2_fixed_label\sa_3225381.jpg,4,4,3,1,0.33281978964805603,4,4,4,3,1,0,1,1,1
G:\Thesis\FACET_Dataset\Segmented_FACET_0.2_fixed_label\sa_6440016.jpg,7,7,6,1,0.32216769456863403,4,4,4,3,1,3,0,0,1
G:\Thesis\FACET_Dataset\Segmented_FACET_0.2_fixed_label\sa_8036003.jpg,2,2,1,0,0.2758149802684784,3,3,3,2,0,1,0,1,1
G:\Thesis\FACET_Dataset\Segmented_FACET_0.2_fixed_label\sa_8284164.jpg,7,7,6,1,0.23388057947158813,3,3,3,2,0,4,0,0,0
G:\Thesis\FACET_Dataset\Segmented_FACET_0.2_fixed_label\sa_179530.jpg,2,2,1,0,0.1828247308731079,3,3,3,2,0,1,0,1,1
G:\Thesis\FACET_Dataset\Segmented_FACET_0.2_fixed_label\sa_2691838.jpg,2,2,1,0,0.3517990708351135,4,4,4,3,1,2,0,0,0
G:\Thesis\FACET_Dataset\Segmented_FACET_0.2_fixed_label\sa_5053918.jpg,4,4,3,1,0.26074525713920593,3,3,3,2,0,1,0,1,0
G:\Thesis\FACET_Dataset\Segmented_FACET_0.2_fixed_label\sa_8999830.jpg,5,5,4,1,0.5605682730674744,6,6,6,5,1,1,0,1,1
G:\Thesis\FACET_Dataset\Segmented_FACET_0.2_fixed_label\sa_8696432.jpg,2,2,1,0,0.26807472109794617,3,3,3,2,0,1,0,1,1
G:\Thesis\FACET_Dataset\Segmented_FACET_0.2_fixed_label\sa_6964543.jpg,2,2,1,0,0.3087751567363739,4,4,4,3,1,2,0,0,0
G:\Thesis\FACET_Dataset\Segmented_FACET_0.2_fixed_label\sa_4938313.jpg,3,3,2,0,0.28341686725616455,4,4,4,3,1,1,0,1,0
G:\Thesis\FACET_Dataset\Segmented_FACET_0.2_fixed_label\sa_8765513.jpg,6,6,5,1,0.5588718056678772,6,6,6,5,1,0,1,1,1
G:\Thesis\FACET_Dataset\Segmented_FACET_0.2_fixed_label\sa_797339.jpg,5,5,4,1,0.5398445725440979,6,6,6,5,1,1,0,1,1
G:\Thesis\FACET_Dataset\Segmented_FACET_0.2_fixed_label\sa_298962.jpg,4,4,3,1,0.38363054394721985,4,4,4,3,1,0,1,1,1
G:\Thesis\FACET_Dataset\Segmented_FACET_0.2_fixed_label\sa_6101600.jpg,5,5,4,1,0.32631486654281616,4,4,4,3,1,1,0,1,1
G:\Thesis\FACET_Dataset\Segmented_FACET_0.2_fixed_label\sa_6712604.jpg,4,4,3,1,0.20173658430576324,3,3,3,2,0,1,0,1,0
G:\Thesis\FACET_Dataset\Segmented_FACET_0.2_fixed_label\sa_7142513.jpg,5,5,4,1,0.4871941804885864,5,5,5,4,1,0,1,1,1
G:\Thesis\FACET_Dataset\Segmented_FACET_0.2_fixed_label\sa_8421772.jpg,5,5,4,1,0.4259447157382965,5,5,5,4,1,0,1,1,1
G:\Thesis\FACET_Dataset\Segmented_FACET_0.2_fixed_label\sa_8073534.jpg,3,3,2,0,0.14985284209251404,2,2,2,1,0,1,0,1,1
G:\Thesis\FACET_Dataset\Segmented_FACET_0.2_fixed_label\sa_204903.jpg,3,3,2,0,0.2682672441005707,3,3,3,2,0,0,1,1,1
G:\Thesis\FACET_Dataset\Segmented_FACET_0.2_fixed_label\sa_3151123.jpg,6,6,5,1,0.39209723472595215,5,5,5,4,1,1,0,1,1
G:\Thesis\FACET_Dataset\Segmented_FACET_0.2_fixed_label\sa_1429736.jpg,1,1,0,0,0.3477475643157959,4,4,4,3,1,3,0,0,0
G:\Thesis\FACET_Dataset\Segmented_FACET_0.2_fixed_label\sa_175148.jpg,3,3,2,0,0.2800314724445343,4,4,4,3,1,1,0,1,0
G:\Thesis\FACET_Dataset\Segmented_FACET_0.2_fixed_label\sa_5299693.jpg,3,3,2,0,0.3506685793399811,4,4,4,3,1,1,0,1,0
G:\Thesis\FACET_Dataset\Segmented_FACET_0.2_fixed_label\sa_6600088.jpg,4,4,3,1,0.258910596370697,3,3,3,2,0,1,0,1,0
G:\Thesis\FACET_Dataset\Segmented_FACET_0.2_fixed_label\sa_617687.jpg,7,7,6,1,0.6475581526756287,7,7,7,6,1,0,1,1,1
G:\Thesis\FACET_Dataset\Segmented_FACET_0.2_fixed_label\sa_3665560.jpg,6,6,5,1,0.341671347618103,4,4,4,3,1,2,0,0,1
G:\Thesis\FACET_Dataset\Segmented_FACET_0.2_fixed_label\sa_8119387.jpg,2,2,1,0,0.2928653657436371,4,4,4,3,1,2,0,0,0
G:\Thesis\FACET_Dataset\Segmented_FACET_0.2_fixed_label\sa_2752467.jpg,4,4,3,1,0.25903233885765076,3,3,3,2,0,1,0,1,0
G:\Thesis\FACET_Dataset\Segmented_FACET_0.2_fixed_label\sa_3843100.jpg,3,3,2,0,0.24388012290000916,3,3,3,2,0,0,1,1,1
G:\Thesis\FACET_Dataset\Segmented_FACET_0.2_fixed_label\sa_4937435.jpg,5,5,4,1,0.4606839120388031,5,5,5,4,1,0,1,1,1
G:\Thesis\FACET_Dataset\Segmented_FACET_0.2_fixed_label\sa_1990478.jpg,8,8,7,2,0.4639376997947693,5,5,5,4,1,3,0,0,0
G:\Thesis\FACET_Dataset\Segmented_FACET_0.2_fixed_label\sa_536276.jpg,3,3,2,0,0.3908551037311554,5,5,5,4,1,2,0,0,0
G:\Thesis\FACET_Dataset\Segmented_FACET_0.2_fixed_label\sa_1690805.jpg,3,3,2,0,0.2688678205013275,3,3,3,2,0,0,1,1,1
G:\Thesis\FACET_Dataset\Segmented_FACET_0.2_fixed_label\sa_42437.jpg,3,3,2,0,0.27818191051483154,4,4,4,3,1,1,0,1,0
G:\Thesis\FACET_Dataset\Segmented_FACET_0.2_fixed_label\sa_8046386.jpg,2,2,1,0,0.23649054765701294,3,3,3,2,0,1,0,1,1
G:\Thesis\FACET_Dataset\Segmented_FACET_0.2_fixed_label\sa_6322744.jpg,3,3,2,0,0.3547523021697998,4,4,4,3,1,1,0,1,0
G:\Thesis\FACET_Dataset\Segmented_FACET_0.2_fixed_label\sa_8738419.jpg,3,3,2,0,0.33564403653144836,4,4,4,3,1,1,0,1,0
G:\Thesis\FACET_Dataset\Segmented_FACET_0.2_fixed_label\sa_10229001.jpg,7,7,6,1,0.5329116582870483,6,6,6,5,1,1,0,1,1
G:\Thesis\FACET_Dataset\Segmented_FACET_0.2_fixed_label\sa_395192.jpg,2,2,1,0,0.24906864762306213,3,3,3,2,0,1,0,1,1
G:\Thesis\FACET_Dataset\Segmented_FACET_0.2_fixed_label\sa_1249979.jpg,6,6,5,1,0.370563805103302,4,4,4,3,1,2,0,0,1
G:\Thesis\FACET_Dataset\Segmented_FACET_0.2_fixed_label\sa_10055917.jpg,1,1,0,0,0.14750906825065613,2,2,2,1,0,1,0,1,1
G:\Thesis\FACET_Dataset\Segmented_FACET_0.2_fixed_label\sa_108383.jpg,2,2,1,0,0.23393505811691284,3,3,3,2,0,1,0,1,1
G:\Thesis\FACET_Dataset\Segmented_FACET_0.2_fixed_label\sa_9243786.jpg,4,4,3,1,0.2964058518409729,4,4,4,3,1,0,1,1,1
G:\Thesis\FACET_Dataset\Segmented_FACET_0.2_fixed_label\sa_6737529.jpg,2,2,1,0,0.31280410289764404,4,4,4,3,1,2,0,0,0
G:\Thesis\FACET_Dataset\Segmented_FACET_0.2_fixed_label\sa_7527991.jpg,5,5,4,1,0.41622844338417053,5,5,5,4,1,0,1,1,1
G:\Thesis\FACET_Dataset\Segmented_FACET_0.2_fixed_label\sa_10926586.jpg,3,3,2,0,0.4326809048652649,5,5,5,4,1,2,0,0,0
G:\Thesis\FACET_Dataset\Segmented_FACET_0.2_fixed_label\sa_2874722.jpg,3,3,2,0,0.3823149502277374,4,4,4,3,1,1,0,1,0
G:\Thesis\FACET_Dataset\Segmented_FACET_0.2_fixed_label\sa_9437029.jpg,4,4,3,1,0.3591577112674713,4,4,4,3,1,0,1,1,1
G:\Thesis\FACET_Dataset\Segmented_FACET_0.2_fixed_label\sa_6794572.jpg,3,3,2,0,0.215253546833992,3,3,3,2,0,0,1,1,1
G:\Thesis\FACET_Dataset\Segmented_FACET_0.2_fixed_label\sa_3665560.jpg,4,4,3,1,0.341671347618103,4,4,4,3,1,0,1,1,1
G:\Thesis\FACET_Dataset\Segmented_FACET_0.2_fixed_label\sa_6724609.jpg,1,1,0,0,0.2758096158504486,3,3,3,2,0,2,0,0,1
G:\Thesis\FACET_Dataset\Segmented_FACET_0.2_fixed_label\sa_9824941.jpg,3,3,2,0,0.31743064522743225,4,4,4,3,1,1,0,1,0
G:\Thesis\FACET_Dataset\Segmented_FACET_0.2_fixed_label\sa_7994318.jpg,7,7,6,1,0.6051162481307983,6,6,6,5,1,1,0,1,1
G:\Thesis\FACET_Dataset\Segmented_FACET_0.2_fixed_label\sa_6649824.jpg,6,6,5,1,0.3723890483379364,4,4,4,3,1,2,0,0,1
G:\Thesis\FACET_Dataset\Segmented_FACET_0.2_fixed_label\sa_10982798.jpg,5,5,4,1,0.2687939703464508,3,3,3,2,0,2,0,0,0
G:\Thesis\FACET_Dataset\Segmented_FACET_0.2_fixed_label\sa_3194133.jpg,1,1,0,0,0.530215859413147,6,6,6,5,1,5,0,0,0
G:\Thesis\FACET_Dataset\Segmented_FACET_0.2_fixed_label\sa_9276847.jpg,3,3,2,0,0.42255282402038574,5,5,5,4,1,2,0,0,0
G:\Thesis\FACET_Dataset\Segmented_FACET_0.2_fixed_label\sa_2649633.jpg,3,3,2,0,0.2736005485057831,3,3,3,2,0,0,1,1,1
G:\Thesis\FACET_Dataset\Segmented_FACET_0.2_fixed_label\sa_5073589.jpg,2,2,1,0,0.572737455368042,6,6,6,5,1,4,0,0,0
G:\Thesis\FACET_Dataset\Segmented_FACET_0.2_fixed_label\sa_11029989.jpg,6,6,5,1,0.43804123997688293,5,5,5,4,1,1,0,1,1
G:\Thesis\FACET_Dataset\Segmented_FACET_0.2_fixed_label\sa_10089288.jpg,4,4,3,1,0.4068266749382019,5,5,5,4,1,1,0,1,1
G:\Thesis\FACET_Dataset\Segmented_FACET_0.2_fixed_label\sa_9252349.jpg,2,2,1,0,0.21226191520690918,3,3,3,2,0,1,0,1,1
G:\Thesis\FACET_Dataset\Segmented_FACET_0.2_fixed_label\sa_3386067.jpg,4,4,3,1,0.3452601134777069,4,4,4,3,1,0,1,1,1
G:\Thesis\FACET_Dataset\Segmented_FACET_0.2_fixed_label\sa_9518416.jpg,3,3,2,0,0.33295881748199463,4,4,4,3,1,1,0,1,0
G:\Thesis\FACET_Dataset\Segmented_FACET_0.2_fixed_label\sa_6558338.jpg,3,3,2,0,0.2733273506164551,3,3,3,2,0,0,1,1,1
G:\Thesis\FACET_Dataset\Segmented_FACET_0.2_fixed_label\sa_9143722.jpg,3,3,2,0,0.2677091658115387,3,3,3,2,0,0,1,1,1
G:\Thesis\FACET_Dataset\Segmented_FACET_0.2_fixed_label\sa_5383621.jpg,6,6,5,1,0.49384480714797974,5,5,5,4,1,1,0,1,1
G:\Thesis\FACET_Dataset\Segmented_FACET_0.2_fixed_label\sa_10444801.jpg,3,3,2,0,0.32763341069221497,4,4,4,3,1,1,0,1,0
G:\Thesis\FACET_Dataset\Segmented_FACET_0.2_fixed_label\sa_4002326.jpg,5,5,4,1,0.5557041168212891,6,6,6,5,1,1,0,1,1
G:\Thesis\FACET_Dataset\Segmented_FACET_0.2_fixed_label\sa_221451.jpg,3,3,2,0,0.3309593200683594,4,4,4,3,1,1,0,1,0
G:\Thesis\FACET_Dataset\Segmented_FACET_0.2_fixed_label\sa_10789209.jpg,4,4,3,1,0.516426146030426,6,6,6,5,1,2,0,0,1
G:\Thesis\FACET_Dataset\Segmented_FACET_0.2_fixed_label\sa_2835904.jpg,4,4,3,1,0.42549243569374084,5,5,5,4,1,1,0,1,1
G:\Thesis\FACET_Dataset\Segmented_FACET_0.2_fixed_label\sa_159399.jpg,2,2,1,0,0.2563436031341553,3,3,3,2,0,1,0,1,1
G:\Thesis\FACET_Dataset\Segmented_FACET_0.2_fixed_label\sa_4542137.jpg,2,2,1,0,0.293306440114975,4,4,4,3,1,2,0,0,0
G:\Thesis\FACET_Dataset\Segmented_FACET_0.2_fixed_label\sa_4806371.jpg,2,2,1,0,0.2998104691505432,4,4,4,3,1,2,0,0,0
G:\Thesis\FACET_Dataset\Segmented_FACET_0.2_fixed_label\sa_2683194.jpg,9,9,8,2,0.5440130233764648,6,6,6,5,1,3,0,0,0
G:\Thesis\FACET_Dataset\Segmented_FACET_0.2_fixed_label\sa_9041127.jpg,2,2,1,0,0.14589016139507294,2,2,2,1,0,0,1,1,1
G:\Thesis\FACET_Dataset\Segmented_FACET_0.2_fixed_label\sa_350837.jpg,5,5,4,1,0.4064355194568634,5,5,5,4,1,0,1,1,1
G:\Thesis\FACET_Dataset\Segmented_FACET_0.2_fixed_label\sa_583162.jpg,2,2,1,0,0.48296335339546204,5,5,5,4,1,3,0,0,0
G:\Thesis\FACET_Dataset\Segmented_FACET_0.2_fixed_label\sa_4988179.jpg,3,3,2,0,0.255021870136261,3,3,3,2,0,0,1,1,1
G:\Thesis\FACET_Dataset\Segmented_FACET_0.2_fixed_label\sa_6069199.jpg,7,7,6,1,0.6045032143592834,6,6,6,5,1,1,0,1,1
G:\Thesis\FACET_Dataset\Segmented_FACET_0.2_fixed_label\sa_1003746.jpg,4,4,3,1,0.38700294494628906,4,4,4,3,1,0,1,1,1
G:\Thesis\FACET_Dataset\Segmented_FACET_0.2_fixed_label\sa_3497590.jpg,5,5,4,1,0.4090626537799835,5,5,5,4,1,0,1,1,1
G:\Thesis\FACET_Dataset\Segmented_FACET_0.2_fixed_label\sa_3416936.jpg,3,3,2,0,0.20747441053390503,3,3,3,2,0,0,1,1,1
G:\Thesis\FACET_Dataset\Segmented_FACET_0.2_fixed_label\sa_833968.jpg,3,3,2,0,0.5316843390464783,6,6,6,5,1,3,0,0,0
G:\Thesis\FACET_Dataset\Segmented_FACET_0.2_fixed_label\sa_10253712.jpg,2,2,1,0,0.25128060579299927,3,3,3,2,0,1,0,1,1
G:\Thesis\FACET_Dataset\Segmented_FACET_0.2_fixed_label\sa_3994290.jpg,5,5,4,1,0.4234996438026428,5,5,5,4,1,0,1,1,1
G:\Thesis\FACET_Dataset\Segmented_FACET_0.2_fixed_label\sa_1273560.jpg,2,2,1,0,0.2604721188545227,3,3,3,2,0,1,0,1,1
G:\Thesis\FACET_Dataset\Segmented_FACET_0.2_fixed_label\sa_11151514.jpg,3,3,2,0,0.3156656324863434,4,4,4,3,1,1,0,1,0
G:\Thesis\FACET_Dataset\Segmented_FACET_0.2_fixed_label\sa_10928464.jpg,1,1,0,0,0.3298046886920929,4,4,4,3,1,3,0,0,0
G:\Thesis\FACET_Dataset\Segmented_FACET_0.2_fixed_label\sa_8319806.jpg,5,5,4,1,0.5188280344009399,6,6,6,5,1,1,0,1,1
G:\Thesis\FACET_Dataset\Segmented_FACET_0.2_fixed_label\sa_10722596.jpg,2,2,1,0,0.2972904145717621,4,4,4,3,1,2,0,0,0
G:\Thesis\FACET_Dataset\Segmented_FACET_0.2_fixed_label\sa_8241890.jpg,2,2,1,0,0.3405459523200989,4,4,4,3,1,2,0,0,0
G:\Thesis\FACET_Dataset\Segmented_FACET_0.2_fixed_label\sa_1613358.jpg,3,3,2,0,0.18350327014923096,3,3,3,2,0,0,1,1,1
G:\Thesis\FACET_Dataset\Segmented_FACET_0.2_fixed_label\sa_7831773.jpg,5,5,4,1,0.3610217273235321,4,4,4,3,1,1,0,1,1
G:\Thesis\FACET_Dataset\Segmented_FACET_0.2_fixed_label\sa_7602333.jpg,4,4,3,1,0.30526265501976013,4,4,4,3,1,0,1,1,1
G:\Thesis\FACET_Dataset\Segmented_FACET_0.2_fixed_label\sa_10216089.jpg,3,3,2,0,0.2917255461215973,4,4,4,3,1,1,0,1,0
G:\Thesis\FACET_Dataset\Segmented_FACET_0.2_fixed_label\sa_5422200.jpg,6,6,5,1,0.2042347490787506,3,3,3,2,0,3,0,0,0
G:\Thesis\FACET_Dataset\Segmented_FACET_0.2_fixed_label\sa_2616356.jpg,4,4,3,1,0.6790817975997925,7,7,7,6,1,3,0,0,1
G:\Thesis\FACET_Dataset\Segmented_FACET_0.2_fixed_label\sa_1416348.jpg,4,4,3,1,0.3656068444252014,4,4,4,3,1,0,1,1,1
G:\Thesis\FACET_Dataset\Segmented_FACET_0.2_fixed_label\sa_737577.jpg,3,3,2,0,0.24300657212734222,3,3,3,2,0,0,1,1,1
G:\Thesis\FACET_Dataset\Segmented_FACET_0.2_fixed_label\sa_10622761.jpg,6,6,5,1,0.29777640104293823,4,4,4,3,1,2,0,0,1
G:\Thesis\FACET_Dataset\Segmented_FACET_0.2_fixed_label\sa_3897225.jpg,5,5,4,1,0.2217133492231369,3,3,3,2,0,2,0,0,0
G:\Thesis\FACET_Dataset\Segmented_FACET_0.2_fixed_label\sa_2157433.jpg,2,2,1,0,0.2662988305091858,3,3,3,2,0,1,0,1,1
G:\Thesis\FACET_Dataset\Segmented_FACET_0.2_fixed_label\sa_1990815.jpg,4,4,3,1,0.42350083589553833,5,5,5,4,1,1,0,1,1
G:\Thesis\FACET_Dataset\Segmented_FACET_0.2_fixed_label\sa_2706289.jpg,2,2,1,0,0.10639596730470657,2,2,2,1,0,0,1,1,1
G:\Thesis\FACET_Dataset\Segmented_FACET_0.2_fixed_label\sa_448028.jpg,5,5,4,1,0.4195546805858612,5,5,5,4,1,0,1,1,1
G:\Thesis\FACET_Dataset\Segmented_FACET_0.2_fixed_label\sa_6907056.jpg,2,2,1,0,0.27256691455841064,3,3,3,2,0,1,0,1,1
G:\Thesis\FACET_Dataset\Segmented_FACET_0.2_fixed_label\sa_1635631.jpg,3,3,2,0,0.2828351557254791,4,4,4,3,1,1,0,1,0
G:\Thesis\FACET_Dataset\Segmented_FACET_0.2_fixed_label\sa_1178518.jpg,4,4,3,1,0.4647010564804077,5,5,5,4,1,1,0,1,1
G:\Thesis\FACET_Dataset\Segmented_FACET_0.2_fixed_label\sa_9575873.jpg,3,3,2,0,0.2557959258556366,3,3,3,2,0,0,1,1,1
G:\Thesis\FACET_Dataset\Segmented_FACET_0.2_fixed_label\sa_4714974.jpg,6,6,5,1,0.3553456664085388,4,4,4,3,1,2,0,0,1
G:\Thesis\FACET_Dataset\Segmented_FACET_0.2_fixed_label\sa_232128.jpg,2,2,1,0,0.3488028347492218,4,4,4,3,1,2,0,0,0
G:\Thesis\FACET_Dataset\Segmented_FACET_0.2_fixed_label\sa_5786493.jpg,3,3,2,0,0.396995484828949,5,5,5,4,1,2,0,0,0
G:\Thesis\FACET_Dataset\Segmented_FACET_0.2_fixed_label\sa_11063942.jpg,4,4,3,1,0.40937644243240356,5,5,5,4,1,1,0,1,1
G:\Thesis\FACET_Dataset\Segmented_FACET_0.2_fixed_label\sa_1899095.jpg,3,3,2,0,0.3859640061855316,4,4,4,3,1,1,0,1,0
G:\Thesis\FACET_Dataset\Segmented_FACET_0.2_fixed_label\sa_5536666.jpg,6,6,5,1,0.5518707036972046,6,6,6,5,1,0,1,1,1
G:\Thesis\FACET_Dataset\Segmented_FACET_0.2_fixed_label\sa_7453249.jpg,3,3,2,0,0.4668430685997009,5,5,5,4,1,2,0,0,0
G:\Thesis\FACET_Dataset\Segmented_FACET_0.2_fixed_label\sa_1250469.jpg,5,5,4,1,0.2939687669277191,4,4,4,3,1,1,0,1,1
G:\Thesis\FACET_Dataset\Segmented_FACET_0.2_fixed_label\sa_8959752.jpg,4,4,3,1,0.40276190638542175,5,5,5,4,1,1,0,1,1
G:\Thesis\FACET_Dataset\Segmented_FACET_0.2_fixed_label\sa_3578835.jpg,5,5,4,1,0.3392479717731476,4,4,4,3,1,1,0,1,1
G:\Thesis\FACET_Dataset\Segmented_FACET_0.2_fixed_label\sa_10950755.jpg,4,4,3,1,0.13790179789066315,2,2,2,1,0,2,0,0,0
G:\Thesis\FACET_Dataset\Segmented_FACET_0.2_fixed_label\sa_6685030.jpg,3,3,2,0,0.33413833379745483,4,4,4,3,1,1,0,1,0
G:\Thesis\FACET_Dataset\Segmented_FACET_0.2_fixed_label\sa_9035855.jpg,2,2,1,0,0.2610926330089569,3,3,3,2,0,1,0,1,1
G:\Thesis\FACET_Dataset\Segmented_FACET_0.2_fixed_label\sa_4854635.jpg,4,4,3,1,0.4261927008628845,5,5,5,4,1,1,0,1,1
G:\Thesis\FACET_Dataset\Segmented_FACET_0.2_fixed_label\sa_7192067.jpg,3,3,2,0,0.6038523316383362,6,6,6,5,1,3,0,0,0
G:\Thesis\FACET_Dataset\Segmented_FACET_0.2_fixed_label\sa_6969565.jpg,2,2,1,0,0.20734362304210663,3,3,3,2,0,1,0,1,1
G:\Thesis\FACET_Dataset\Segmented_FACET_0.2_fixed_label\sa_6053919.jpg,5,5,4,1,0.45557519793510437,5,5,5,4,1,0,1,1,1
G:\Thesis\FACET_Dataset\Segmented_FACET_0.2_fixed_label\sa_3083767.jpg,3,3,2,0,0.3909645080566406,5,5,5,4,1,2,0,0,0
G:\Thesis\FACET_Dataset\Segmented_FACET_0.2_fixed_label\sa_1754250.jpg,2,2,1,0,0.21031121909618378,3,3,3,2,0,1,0,1,1
G:\Thesis\FACET_Dataset\Segmented_FACET_0.2_fixed_label\sa_10053259.jpg,5,5,4,1,0.6287649273872375,7,7,7,6,1,2,0,0,1
G:\Thesis\FACET_Dataset\Segmented_FACET_0.2_fixed_label\sa_3553059.jpg,3,3,2,0,0.2124268263578415,3,3,3,2,0,0,1,1,1
G:\Thesis\FACET_Dataset\Segmented_FACET_0.2_fixed_label\sa_7429624.jpg,5,5,4,1,0.5039098858833313,6,6,6,5,1,1,0,1,1
G:\Thesis\FACET_Dataset\Segmented_FACET_0.2_fixed_label\sa_6643714.jpg,2,2,1,0,0.3145136535167694,4,4,4,3,1,2,0,0,0
G:\Thesis\FACET_Dataset\Segmented_FACET_0.2_fixed_label\sa_9417441.jpg,3,3,2,0,0.28901368379592896,4,4,4,3,1,1,0,1,0
G:\Thesis\FACET_Dataset\Segmented_FACET_0.2_fixed_label\sa_4435088.jpg,4,4,3,1,0.4313589334487915,5,5,5,4,1,1,0,1,1
G:\Thesis\FACET_Dataset\Segmented_FACET_0.2_fixed_label\sa_3841968.jpg,5,5,4,1,0.2994459569454193,4,4,4,3,1,1,0,1,1
G:\Thesis\FACET_Dataset\Segmented_FACET_0.2_fixed_label\sa_3577491.jpg,8,8,7,2,0.7539303302764893,8,8,8,7,2,0,1,1,1
G:\Thesis\FACET_Dataset\Segmented_FACET_0.2_fixed_label\sa_10740689.jpg,3,3,2,0,0.0891902819275856,2,2,2,1,0,1,0,1,1
G:\Thesis\FACET_Dataset\Segmented_FACET_0.2_fixed_label\sa_9069702.jpg,2,2,1,0,0.28036007285118103,4,4,4,3,1,2,0,0,0
G:\Thesis\FACET_Dataset\Segmented_FACET_0.2_fixed_label\sa_5715395.jpg,3,3,2,0,0.556767463684082,6,6,6,5,1,3,0,0,0
G:\Thesis\FACET_Dataset\Segmented_FACET_0.2_fixed_label\sa_1231724.jpg,3,3,2,0,0.4825201630592346,5,5,5,4,1,2,0,0,0
G:\Thesis\FACET_Dataset\Segmented_FACET_0.2_fixed_label\sa_3953417.jpg,6,6,5,1,0.29886966943740845,4,4,4,3,1,2,0,0,1
G:\Thesis\FACET_Dataset\Segmented_FACET_0.2_fixed_label\sa_9339826.jpg,3,3,2,0,0.26674777269363403,3,3,3,2,0,0,1,1,1
G:\Thesis\FACET_Dataset\Segmented_FACET_0.2_fixed_label\sa_2512529.jpg,2,2,1,0,0.18854591250419617,3,3,3,2,0,1,0,1,1
G:\Thesis\FACET_Dataset\Segmented_FACET_0.2_fixed_label\sa_10490161.jpg,4,4,3,1,0.5734478235244751,6,6,6,5,1,2,0,0,1
G:\Thesis\FACET_Dataset\Segmented_FACET_0.2_fixed_label\sa_7180503.jpg,4,4,3,1,0.26270216703414917,3,3,3,2,0,1,0,1,0
G:\Thesis\FACET_Dataset\Segmented_FACET_0.2_fixed_label\sa_8314298.jpg,2,2,1,0,0.3680393099784851,4,4,4,3,1,2,0,0,0
G:\Thesis\FACET_Dataset\Segmented_FACET_0.2_fixed_label\sa_6127661.jpg,7,7,6,1,0.44296130537986755,5,5,5,4,1,2,0,0,1
G:\Thesis\FACET_Dataset\Segmented_FACET_0.2_fixed_label\sa_4116994.jpg,2,2,1,0,0.3424583673477173,4,4,4,3,1,2,0,0,0
G:\Thesis\FACET_Dataset\Segmented_FACET_0.2_fixed_label\sa_8346057.jpg,4,4,3,1,0.4662434458732605,5,5,5,4,1,1,0,1,1
G:\Thesis\FACET_Dataset\Segmented_FACET_0.2_fixed_label\sa_7929832.jpg,2,2,1,0,0.43504247069358826,5,5,5,4,1,3,0,0,0
G:\Thesis\FACET_Dataset\Segmented_FACET_0.2_fixed_label\sa_6958200.jpg,6,6,5,1,0.34006965160369873,4,4,4,3,1,2,0,0,1
G:\Thesis\FACET_Dataset\Segmented_FACET_0.2_fixed_label\sa_7571461.jpg,5,5,4,1,0.327297568321228,4,4,4,3,1,1,0,1,1
G:\Thesis\FACET_Dataset\Segmented_FACET_0.2_fixed_label\sa_6004743.jpg,3,3,2,0,0.33273065090179443,4,4,4,3,1,1,0,1,0
G:\Thesis\FACET_Dataset\Segmented_FACET_0.2_fixed_label\sa_8958355.jpg,3,3,2,0,0.24519997835159302,3,3,3,2,0,0,1,1,1
G:\Thesis\FACET_Dataset\Segmented_FACET_0.2_fixed_label\sa_9477941.jpg,5,5,4,1,0.4757843017578125,5,5,5,4,1,0,1,1,1
G:\Thesis\FACET_Dataset\Segmented_FACET_0.2_fixed_label\sa_8307231.jpg,6,6,5,1,0.5647181272506714,6,6,6,5,1,0,1,1,1
G:\Thesis\FACET_Dataset\Segmented_FACET_0.2_fixed_label\sa_3920752.jpg,3,3,2,0,0.2886280417442322,4,4,4,3,1,1,0,1,0
G:\Thesis\FACET_Dataset\Segmented_FACET_0.2_fixed_label\sa_1502766.jpg,3,3,2,0,0.2932640016078949,4,4,4,3,1,1,0,1,0
G:\Thesis\FACET_Dataset\Segmented_FACET_0.2_fixed_label\sa_6886908.jpg,4,4,3,1,0.17137862741947174,3,3,3,2,0,1,0,1,0
G:\Thesis\FACET_Dataset\Segmented_FACET_0.2_fixed_label\sa_9997224.jpg,2,2,1,0,0.13294708728790283,2,2,2,1,0,0,1,1,1
G:\Thesis\FACET_Dataset\Segmented_FACET_0.2_fixed_label\sa_730538.jpg,1,1,0,0,0.27175846695899963,3,3,3,2,0,2,0,0,1
G:\Thesis\FACET_Dataset\Segmented_FACET_0.2_fixed_label\sa_11142011.jpg,3,3,2,0,0.3600744307041168,4,4,4,3,1,1,0,1,0
G:\Thesis\FACET_Dataset\Segmented_FACET_0.2_fixed_label\sa_8043444.jpg,5,5,4,1,0.31687110662460327,4,4,4,3,1,1,0,1,1
G:\Thesis\FACET_Dataset\Segmented_FACET_0.2_fixed_label\sa_3236557.jpg,2,2,1,0,0.18568475544452667,3,3,3,2,0,1,0,1,1
G:\Thesis\FACET_Dataset\Segmented_FACET_0.2_fixed_label\sa_10489419.jpg,9,9,8,2,0.3830682635307312,4,4,4,3,1,5,0,0,0
G:\Thesis\FACET_Dataset\Segmented_FACET_0.2_fixed_label\sa_4662661.jpg,2,2,1,0,0.45996642112731934,5,5,5,4,1,3,0,0,0
G:\Thesis\FACET_Dataset\Segmented_FACET_0.2_fixed_label\sa_4390344.jpg,7,7,6,1,0.44465959072113037,5,5,5,4,1,2,0,0,1
G:\Thesis\FACET_Dataset\Segmented_FACET_0.2_fixed_label\sa_357215.jpg,3,3,2,0,0.19844399392604828,3,3,3,2,0,0,1,1,1
G:\Thesis\FACET_Dataset\Segmented_FACET_0.2_fixed_label\sa_1661605.jpg,3,3,2,0,0.1488703489303589,2,2,2,1,0,1,0,1,1
G:\Thesis\FACET_Dataset\Segmented_FACET_0.2_fixed_label\sa_7761847.jpg,8,8,7,2,0.5459630489349365,6,6,6,5,1,2,0,0,0
G:\Thesis\FACET_Dataset\Segmented_FACET_0.2_fixed_label\sa_3663255.jpg,5,5,4,1,0.29072731733322144,4,4,4,3,1,1,0,1,1
G:\Thesis\FACET_Dataset\Segmented_FACET_0.2_fixed_label\sa_3285842.jpg,6,6,5,1,0.46564677357673645,5,5,5,4,1,1,0,1,1
G:\Thesis\FACET_Dataset\Segmented_FACET_0.2_fixed_label\sa_6526854.jpg,5,5,4,1,0.5385829210281372,6,6,6,5,1,1,0,1,1
G:\Thesis\FACET_Dataset\Segmented_FACET_0.2_fixed_label\sa_4774424.jpg,2,2,1,0,0.17722156643867493,3,3,3,2,0,1,0,1,1
G:\Thesis\FACET_Dataset\Segmented_FACET_0.2_fixed_label\sa_6989042.jpg,4,4,3,1,0.29795223474502563,4,4,4,3,1,0,1,1,1
G:\Thesis\FACET_Dataset\Segmented_FACET_0.2_fixed_label\sa_3181099.jpg,3,3,2,0,0.2939944267272949,4,4,4,3,1,1,0,1,0
G:\Thesis\FACET_Dataset\Segmented_FACET_0.2_fixed_label\sa_4686144.jpg,5,5,4,1,0.3175702393054962,4,4,4,3,1,1,0,1,1
G:\Thesis\FACET_Dataset\Segmented_FACET_0.2_fixed_label\sa_7145981.jpg,9,9,8,2,0.4256826639175415,5,5,5,4,1,4,0,0,0
G:\Thesis\FACET_Dataset\Segmented_FACET_0.2_fixed_label\sa_7049617.jpg,4,4,3,1,0.17129766941070557,3,3,3,2,0,1,0,1,0
G:\Thesis\FACET_Dataset\Segmented_FACET_0.2_fixed_label\sa_4294663.jpg,4,4,3,1,0.20750732719898224,3,3,3,2,0,1,0,1,0
G:\Thesis\FACET_Dataset\Segmented_FACET_0.2_fixed_label\sa_3736363.jpg,7,7,6,1,0.6789100170135498,7,7,7,6,1,0,1,1,1
G:\Thesis\FACET_Dataset\Segmented_FACET_0.2_fixed_label\sa_634291.jpg,3,3,2,0,0.216032013297081,3,3,3,2,0,0,1,1,1
G:\Thesis\FACET_Dataset\Segmented_FACET_0.2_fixed_label\sa_5068060.jpg,8,8,7,2,0.531941294670105,6,6,6,5,1,2,0,0,0
G:\Thesis\FACET_Dataset\Segmented_FACET_0.2_fixed_label\sa_1572919.jpg,6,6,5,1,0.3432292640209198,4,4,4,3,1,2,0,0,1
G:\Thesis\FACET_Dataset\Segmented_FACET_0.2_fixed_label\sa_3666693.jpg,3,3,2,0,0.5236316323280334,6,6,6,5,1,3,0,0,0
G:\Thesis\FACET_Dataset\Segmented_FACET_0.2_fixed_label\sa_1830445.jpg,5,5,4,1,0.303742378950119,4,4,4,3,1,1,0,1,1
G:\Thesis\FACET_Dataset\Segmented_FACET_0.2_fixed_label\sa_8013957.jpg,2,2,1,0,0.15698504447937012,2,2,2,1,0,0,1,1,1
G:\Thesis\FACET_Dataset\Segmented_FACET_0.2_fixed_label\sa_2789167.jpg,5,5,4,1,0.4657047688961029,5,5,5,4,1,0,1,1,1
G:\Thesis\FACET_Dataset\Segmented_FACET_0.2_fixed_label\sa_7349182.jpg,3,3,2,0,0.3789691627025604,4,4,4,3,1,1,0,1,0
G:\Thesis\FACET_Dataset\Segmented_FACET_0.2_fixed_label\sa_5581495.jpg,4,4,3,1,0.33088329434394836,4,4,4,3,1,0,1,1,1
G:\Thesis\FACET_Dataset\Segmented_FACET_0.2_fixed_label\sa_2964374.jpg,7,7,6,1,0.7051386833190918,7,7,7,6,1,0,1,1,1
G:\Thesis\FACET_Dataset\Segmented_FACET_0.2_fixed_label\sa_1145342.jpg,3,3,2,0,0.6242818832397461,7,7,7,6,1,4,0,0,0
G:\Thesis\FACET_Dataset\Segmented_FACET_0.2_fixed_label\sa_2907796.jpg,2,2,1,0,0.2540431618690491,3,3,3,2,0,1,0,1,1
G:\Thesis\FACET_Dataset\Segmented_FACET_0.2_fixed_label\sa_7215736.jpg,2,2,1,0,0.2587085962295532,3,3,3,2,0,1,0,1,1
G:\Thesis\FACET_Dataset\Segmented_FACET_0.2_fixed_label\sa_1821746.jpg,5,5,4,1,0.4144599437713623,5,5,5,4,1,0,1,1,1
G:\Thesis\FACET_Dataset\Segmented_FACET_0.2_fixed_label\sa_3841968.jpg,4,4,3,1,0.2994459569454193,4,4,4,3,1,0,1,1,1
G:\Thesis\FACET_Dataset\Segmented_FACET_0.2_fixed_label\sa_3540315.jpg,5,5,4,1,0.5347269177436829,6,6,6,5,1,1,0,1,1
G:\Thesis\FACET_Dataset\Segmented_FACET_0.2_fixed_label\sa_5880398.jpg,3,3,2,0,0.3438968360424042,4,4,4,3,1,1,0,1,0
G:\Thesis\FACET_Dataset\Segmented_FACET_0.2_fixed_label\sa_3478678.jpg,7,7,6,1,0.5122516751289368,6,6,6,5,1,1,0,1,1
G:\Thesis\FACET_Dataset\Segmented_FACET_0.2_fixed_label\sa_5427674.jpg,1,1,0,0,0.24890188872814178,3,3,3,2,0,2,0,0,1
G:\Thesis\FACET_Dataset\Segmented_FACET_0.2_fixed_label\sa_5646608.jpg,6,6,5,1,0.4202290177345276,5,5,5,4,1,1,0,1,1
G:\Thesis\FACET_Dataset\Segmented_FACET_0.2_fixed_label\sa_9572029.jpg,7,7,6,1,0.6359081864356995,7,7,7,6,1,0,1,1,1
G:\Thesis\FACET_Dataset\Segmented_FACET_0.2_fixed_label\sa_3543183.jpg,4,4,3,1,0.3859579563140869,4,4,4,3,1,0,1,1,1
G:\Thesis\FACET_Dataset\Segmented_FACET_0.2_fixed_label\sa_10125607.jpg,5,5,4,1,0.2518722116947174,3,3,3,2,0,2,0,0,0
G:\Thesis\FACET_Dataset\Segmented_FACET_0.2_fixed_label\sa_4869053.jpg,5,5,4,1,0.520982563495636,6,6,6,5,1,1,0,1,1
G:\Thesis\FACET_Dataset\Segmented_FACET_0.2_fixed_label\sa_9685500.jpg,2,2,1,0,0.4642396569252014,5,5,5,4,1,3,0,0,0
G:\Thesis\FACET_Dataset\Segmented_FACET_0.2_fixed_label\sa_11016722.jpg,3,3,2,0,0.3907204866409302,5,5,5,4,1,2,0,0,0
G:\Thesis\FACET_Dataset\Segmented_FACET_0.2_fixed_label\sa_9247039.jpg,4,4,3,1,0.4293077290058136,5,5,5,4,1,1,0,1,1
G:\Thesis\FACET_Dataset\Segmented_FACET_0.2_fixed_label\sa_10366030.jpg,4,4,3,1,0.3505252003669739,4,4,4,3,1,0,1,1,1
G:\Thesis\FACET_Dataset\Segmented_FACET_0.2_fixed_label\sa_6630941.jpg,3,3,2,0,0.40535134077072144,5,5,5,4,1,2,0,0,0
G:\Thesis\FACET_Dataset\Segmented_FACET_0.2_fixed_label\sa_669056.jpg,8,8,7,2,0.5795484781265259,6,6,6,5,1,2,0,0,0
G:\Thesis\FACET_Dataset\Segmented_FACET_0.2_fixed_label\sa_7846393.jpg,5,5,4,1,0.18241283297538757,3,3,3,2,0,2,0,0,0
G:\Thesis\FACET_Dataset\Segmented_FACET_0.2_fixed_label\sa_4023638.jpg,6,6,5,1,0.2518720030784607,3,3,3,2,0,3,0,0,0
G:\Thesis\FACET_Dataset\Segmented_FACET_0.2_fixed_label\sa_8293927.jpg,7,7,6,1,0.564154326915741,6,6,6,5,1,1,0,1,1
G:\Thesis\FACET_Dataset\Segmented_FACET_0.2_fixed_label\sa_2368954.jpg,2,2,1,0,0.44923314452171326,5,5,5,4,1,3,0,0,0
G:\Thesis\FACET_Dataset\Segmented_FACET_0.2_fixed_label\sa_6231023.jpg,3,3,2,0,0.3642643690109253,4,4,4,3,1,1,0,1,0
G:\Thesis\FACET_Dataset\Segmented_FACET_0.2_fixed_label\sa_9941665.jpg,3,3,2,0,0.18734416365623474,3,3,3,2,0,0,1,1,1
G:\Thesis\FACET_Dataset\Segmented_FACET_0.2_fixed_label\sa_2869228.jpg,6,6,5,1,0.30366361141204834,4,4,4,3,1,2,0,0,1
G:\Thesis\FACET_Dataset\Segmented_FACET_0.2_fixed_label\sa_2142207.jpg,5,5,4,1,0.3026723861694336,4,4,4,3,1,1,0,1,1
G:\Thesis\FACET_Dataset\Segmented_FACET_0.2_fixed_label\sa_8042026.jpg,3,3,2,0,0.37512579560279846,4,4,4,3,1,1,0,1,0
G:\Thesis\FACET_Dataset\Segmented_FACET_0.2_fixed_label\sa_5603229.jpg,4,4,3,1,0.23891320824623108,3,3,3,2,0,1,0,1,0
G:\Thesis\FACET_Dataset\Segmented_FACET_0.2_fixed_label\sa_2190089.jpg,2,2,1,0,0.2839570939540863,4,4,4,3,1,2,0,0,0
G:\Thesis\FACET_Dataset\Segmented_FACET_0.2_fixed_label\sa_10318561.jpg,2,2,1,0,0.6354951858520508,7,7,7,6,1,5,0,0,0
G:\Thesis\FACET_Dataset\Segmented_FACET_0.2_fixed_label\sa_9917877.jpg,6,6,5,1,0.3687981069087982,4,4,4,3,1,2,0,0,1
G:\Thesis\FACET_Dataset\Segmented_FACET_0.2_fixed_label\sa_8320636.jpg,2,2,1,0,0.25102698802948,3,3,3,2,0,1,0,1,1
G:\Thesis\FACET_Dataset\Segmented_FACET_0.2_fixed_label\sa_3841968.jpg,3,3,2,0,0.2994459569454193,4,4,4,3,1,1,0,1,0
G:\Thesis\FACET_Dataset\Segmented_FACET_0.2_fixed_label\sa_6204252.jpg,2,2,1,0,0.25767266750335693,3,3,3,2,0,1,0,1,1
G:\Thesis\FACET_Dataset\Segmented_FACET_0.2_fixed_label\sa_10885813.jpg,4,4,3,1,0.46273255348205566,5,5,5,4,1,1,0,1,1
G:\Thesis\FACET_Dataset\Segmented_FACET_0.2_fixed_label\sa_3268067.jpg,3,3,2,0,0.2730511426925659,3,3,3,2,0,0,1,1,1
G:\Thesis\FACET_Dataset\Segmented_FACET_0.2_fixed_label\sa_10100996.jpg,2,2,1,0,0.3955608606338501,5,5,5,4,1,3,0,0,0
G:\Thesis\FACET_Dataset\Segmented_FACET_0.2_fixed_label\sa_10988208.jpg,2,2,1,0,0.35177358984947205,4,4,4,3,1,2,0,0,0
G:\Thesis\FACET_Dataset\Segmented_FACET_0.2_fixed_label\sa_6857312.jpg,6,6,5,1,0.5577911138534546,6,6,6,5,1,0,1,1,1
G:\Thesis\FACET_Dataset\Segmented_FACET_0.2_fixed_label\sa_10740561.jpg,3,3,2,0,0.4896202087402344,5,5,5,4,1,2,0,0,0
G:\Thesis\FACET_Dataset\Segmented_FACET_0.2_fixed_label\sa_8260580.jpg,4,4,3,1,0.4932229220867157,5,5,5,4,1,1,0,1,1
G:\Thesis\FACET_Dataset\Segmented_FACET_0.2_fixed_label\sa_3396473.jpg,4,4,3,1,0.30627843737602234,4,4,4,3,1,0,1,1,1
G:\Thesis\FACET_Dataset\Segmented_FACET_0.2_fixed_label\sa_1728502.jpg,6,6,5,1,0.39136675000190735,5,5,5,4,1,1,0,1,1
G:\Thesis\FACET_Dataset\Segmented_FACET_0.2_fixed_label\sa_8849260.jpg,2,2,1,0,0.21500511467456818,3,3,3,2,0,1,0,1,1
G:\Thesis\FACET_Dataset\Segmented_FACET_0.2_fixed_label\sa_1629995.jpg,4,4,3,1,0.2541344165802002,3,3,3,2,0,1,0,1,0
G:\Thesis\FACET_Dataset\Segmented_FACET_0.2_fixed_label\sa_6905699.jpg,3,3,2,0,0.19331957399845123,3,3,3,2,0,0,1,1,1
G:\Thesis\FACET_Dataset\Segmented_FACET_0.2_fixed_label\sa_8460336.jpg,2,2,1,0,0.46602770686149597,5,5,5,4,1,3,0,0,0
G:\Thesis\FACET_Dataset\Segmented_FACET_0.2_fixed_label\sa_5058554.jpg,3,3,2,0,0.4520379900932312,5,5,5,4,1,2,0,0,0
G:\Thesis\FACET_Dataset\Segmented_FACET_0.2_fixed_label\sa_6529342.jpg,3,3,2,0,0.38748547434806824,4,4,4,3,1,1,0,1,0
G:\Thesis\FACET_Dataset\Segmented_FACET_0.2_fixed_label\sa_6697876.jpg,3,3,2,0,0.5289826393127441,6,6,6,5,1,3,0,0,0
G:\Thesis\FACET_Dataset\Segmented_FACET_0.2_fixed_label\sa_7459329.jpg,7,7,6,1,0.7150866389274597,7,7,7,6,1,0,1,1,1
G:\Thesis\FACET_Dataset\Segmented_FACET_0.2_fixed_label\sa_1617546.jpg,2,2,1,0,0.25380939245224,3,3,3,2,0,1,0,1,1
G:\Thesis\FACET_Dataset\Segmented_FACET_0.2_fixed_label\sa_872518.jpg,3,3,2,0,0.24171096086502075,3,3,3,2,0,0,1,1,1
G:\Thesis\FACET_Dataset\Segmented_FACET_0.2_fixed_label\sa_539238.jpg,2,2,1,0,0.313046395778656,4,4,4,3,1,2,0,0,0
G:\Thesis\FACET_Dataset\Segmented_FACET_0.2_fixed_label\sa_6317020.jpg,2,2,1,0,0.5687366724014282,6,6,6,5,1,4,0,0,0
G:\Thesis\FACET_Dataset\Segmented_FACET_0.2_fixed_label\sa_3023613.jpg,6,6,5,1,0.46515968441963196,5,5,5,4,1,1,0,1,1
G:\Thesis\FACET_Dataset\Segmented_FACET_0.2_fixed_label\sa_2550540.jpg,4,4,3,1,0.35008782148361206,4,4,4,3,1,0,1,1,1
G:\Thesis\FACET_Dataset\Segmented_FACET_0.2_fixed_label\sa_9301300.jpg,4,4,3,1,0.31809425354003906,4,4,4,3,1,0,1,1,1
G:\Thesis\FACET_Dataset\Segmented_FACET_0.2_fixed_label\sa_10474444.jpg,2,2,1,0,0.31283020973205566,4,4,4,3,1,2,0,0,0
G:\Thesis\FACET_Dataset\Segmented_FACET_0.2_fixed_label\sa_3125094.jpg,4,4,3,1,0.4503377079963684,5,5,5,4,1,1,0,1,1
G:\Thesis\FACET_Dataset\Segmented_FACET_0.2_fixed_label\sa_6018608.jpg,5,5,4,1,0.23755697906017303,3,3,3,2,0,2,0,0,0
G:\Thesis\FACET_Dataset\Segmented_FACET_0.2_fixed_label\sa_2271095.jpg,4,4,3,1,0.32154110074043274,4,4,4,3,1,0,1,1,1
G:\Thesis\FACET_Dataset\Segmented_FACET_0.2_fixed_label\sa_3957675.jpg,4,4,3,1,0.41804832220077515,5,5,5,4,1,1,0,1,1
G:\Thesis\FACET_Dataset\Segmented_FACET_0.2_fixed_label\sa_9044717.jpg,2,2,1,0,0.4683730900287628,5,5,5,4,1,3,0,0,0
G:\Thesis\FACET_Dataset\Segmented_FACET_0.2_fixed_label\sa_3339255.jpg,3,3,2,0,0.41047000885009766,5,5,5,4,1,2,0,0,0
G:\Thesis\FACET_Dataset\Segmented_FACET_0.2_fixed_label\sa_268278.jpg,7,7,6,1,0.732591986656189,8,8,8,7,2,1,0,1,0
G:\Thesis\FACET_Dataset\Segmented_FACET_0.2_fixed_label\sa_2639664.jpg,3,3,2,0,0.24877625703811646,3,3,3,2,0,0,1,1,1
G:\Thesis\FACET_Dataset\Segmented_FACET_0.2_fixed_label\sa_10707244.jpg,3,3,2,0,0.39491161704063416,5,5,5,4,1,2,0,0,0
G:\Thesis\FACET_Dataset\Segmented_FACET_0.2_fixed_label\sa_8655801.jpg,6,6,5,1,0.7250000834465027,8,8,8,7,2,2,0,0,0
G:\Thesis\FACET_Dataset\Segmented_FACET_0.2_fixed_label\sa_6049073.jpg,1,1,0,0,0.12394101917743683,2,2,2,1,0,1,0,1,1
G:\Thesis\FACET_Dataset\Segmented_FACET_0.2_fixed_label\sa_1984040.jpg,5,5,4,1,0.5214571952819824,6,6,6,5,1,1,0,1,1
G:\Thesis\FACET_Dataset\Segmented_FACET_0.2_fixed_label\sa_4953176.jpg,6,6,5,1,0.48340731859207153,5,5,5,4,1,1,0,1,1
G:\Thesis\FACET_Dataset\Segmented_FACET_0.2_fixed_label\sa_6333629.jpg,3,3,2,0,0.5310505032539368,6,6,6,5,1,3,0,0,0
G:\Thesis\FACET_Dataset\Segmented_FACET_0.2_fixed_label\sa_4892742.jpg,3,3,2,0,0.370997816324234,4,4,4,3,1,1,0,1,0
G:\Thesis\FACET_Dataset\Segmented_FACET_0.2_fixed_label\sa_1008095.jpg,1,1,0,0,0.5221578478813171,6,6,6,5,1,5,0,0,0
G:\Thesis\FACET_Dataset\Segmented_FACET_0.2_fixed_label\sa_1911252.jpg,1,1,0,0,0.4043167233467102,5,5,5,4,1,4,0,0,0
G:\Thesis\FACET_Dataset\Segmented_FACET_0.2_fixed_label\sa_3437748.jpg,7,7,6,1,0.6702146530151367,7,7,7,6,1,0,1,1,1
G:\Thesis\FACET_Dataset\Segmented_FACET_0.2_fixed_label\sa_2855400.jpg,2,2,1,0,0.30328115820884705,4,4,4,3,1,2,0,0,0
G:\Thesis\FACET_Dataset\Segmented_FACET_0.2_fixed_label\sa_2316676.jpg,2,2,1,0,0.13080359995365143,2,2,2,1,0,0,1,1,1
G:\Thesis\FACET_Dataset\Segmented_FACET_0.2_fixed_label\sa_10695373.jpg,6,6,5,1,0.4958270192146301,5,5,5,4,1,1,0,1,1
G:\Thesis\FACET_Dataset\Segmented_FACET_0.2_fixed_label\sa_9785569.jpg,7,7,6,1,0.5813852548599243,6,6,6,5,1,1,0,1,1
G:\Thesis\FACET_Dataset\Segmented_FACET_0.2_fixed_label\sa_5884169.jpg,2,2,1,0,0.33394187688827515,4,4,4,3,1,2,0,0,0
G:\Thesis\FACET_Dataset\Segmented_FACET_0.2_fixed_label\sa_5058554.jpg,3,3,2,0,0.4520379900932312,5,5,5,4,1,2,0,0,0
G:\Thesis\FACET_Dataset\Segmented_FACET_0.2_fixed_label\sa_3988002.jpg,5,5,4,1,0.2796216607093811,4,4,4,3,1,1,0,1,1
G:\Thesis\FACET_Dataset\Segmented_FACET_0.2_fixed_label\sa_2766659.jpg,2,2,1,0,0.14829887449741364,2,2,2,1,0,0,1,1,1
G:\Thesis\FACET_Dataset\Segmented_FACET_0.2_fixed_label\sa_8826762.jpg,6,6,5,1,0.6066995859146118,6,6,6,5,1,0,1,1,1
G:\Thesis\FACET_Dataset\Segmented_FACET_0.2_fixed_label\sa_3314883.jpg,2,2,1,0,0.3867189884185791,4,4,4,3,1,2,0,0,0
G:\Thesis\FACET_Dataset\Segmented_FACET_0.2_fixed_label\sa_7671203.jpg,3,3,2,0,0.2628023326396942,3,3,3,2,0,0,1,1,1
G:\Thesis\FACET_Dataset\Segmented_FACET_0.2_fixed_label\sa_6695301.jpg,3,3,2,0,0.1990172117948532,3,3,3,2,0,0,1,1,1
G:\Thesis\FACET_Dataset\Segmented_FACET_0.2_fixed_label\sa_4973888.jpg,6,6,5,1,0.3362838625907898,4,4,4,3,1,2,0,0,1
G:\Thesis\FACET_Dataset\Segmented_FACET_0.2_fixed_label\sa_1040080.jpg,2,2,1,0,0.22314786911010742,3,3,3,2,0,1,0,1,1
G:\Thesis\FACET_Dataset\Segmented_FACET_0.2_fixed_label\sa_4790230.jpg,2,2,1,0,0.23384125530719757,3,3,3,2,0,1,0,1,1
G:\Thesis\FACET_Dataset\Segmented_FACET_0.2_fixed_label\sa_10454269.jpg,2,2,1,0,0.3151136338710785,4,4,4,3,1,2,0,0,0
G:\Thesis\FACET_Dataset\Segmented_FACET_0.2_fixed_label\sa_5556161.jpg,5,5,4,1,0.23816357553005219,3,3,3,2,0,2,0,0,0
G:\Thesis\FACET_Dataset\Segmented_FACET_0.2_fixed_label\sa_6926143.jpg,2,2,1,0,0.19808006286621094,3,3,3,2,0,1,0,1,1
G:\Thesis\FACET_Dataset\Segmented_FACET_0.2_fixed_label\sa_951035.jpg,3,3,2,0,0.418587863445282,5,5,5,4,1,2,0,0,0
G:\Thesis\FACET_Dataset\Segmented_FACET_0.2_fixed_label\sa_5114131.jpg,6,6,5,1,0.6846439242362976,7,7,7,6,1,1,0,1,1
G:\Thesis\FACET_Dataset\Segmented_FACET_0.2_fixed_label\sa_2813753.jpg,5,5,4,1,0.28357917070388794,4,4,4,3,1,1,0,1,1
G:\Thesis\FACET_Dataset\Segmented_FACET_0.2_fixed_label\sa_836717.jpg,3,3,2,0,0.239997997879982,3,3,3,2,0,0,1,1,1
G:\Thesis\FACET_Dataset\Segmented_FACET_0.2_fixed_label\sa_5884169.jpg,2,2,1,0,0.33394187688827515,4,4,4,3,1,2,0,0,0
G:\Thesis\FACET_Dataset\Segmented_FACET_0.2_fixed_label\sa_4528781.jpg,2,2,1,0,0.06389120221138,2,2,2,1,0,0,1,1,1
G:\Thesis\FACET_Dataset\Segmented_FACET_0.2_fixed_label\sa_9168495.jpg,3,3,2,0,0.5013105869293213,6,6,6,5,1,3,0,0,0
G:\Thesis\FACET_Dataset\Segmented_FACET_0.2_fixed_label\sa_1215620.jpg,5,5,4,1,0.4035208523273468,5,5,5,4,1,0,1,1,1
G:\Thesis\FACET_Dataset\Segmented_FACET_0.2_fixed_label\sa_7711635.jpg,2,2,1,0,0.31204330921173096,4,4,4,3,1,2,0,0,0
G:\Thesis\FACET_Dataset\Segmented_FACET_0.2_fixed_label\sa_4714974.jpg,6,6,5,1,0.3553456664085388,4,4,4,3,1,2,0,0,1
G:\Thesis\FACET_Dataset\Segmented_FACET_0.2_fixed_label\sa_7900209.jpg,4,4,3,1,0.4785720407962799,5,5,5,4,1,1,0,1,1
G:\Thesis\FACET_Dataset\Segmented_FACET_0.2_fixed_label\sa_9181726.jpg,3,3,2,0,0.3423042595386505,4,4,4,3,1,1,0,1,0
G:\Thesis\FACET_Dataset\Segmented_FACET_0.2_fixed_label\sa_10620705.jpg,6,6,5,1,0.42937684059143066,5,5,5,4,1,1,0,1,1
G:\Thesis\FACET_Dataset\Segmented_FACET_0.2_fixed_label\sa_8935203.jpg,8,8,7,2,0.5308034420013428,6,6,6,5,1,2,0,0,0
G:\Thesis\FACET_Dataset\Segmented_FACET_0.2_fixed_label\sa_9458625.jpg,3,3,2,0,0.2571905255317688,3,3,3,2,0,0,1,1,1
G:\Thesis\FACET_Dataset\Segmented_FACET_0.2_fixed_label\sa_5318109.jpg,2,2,1,0,0.027136433869600296,1,1,1,0,0,1,0,1,1
G:\Thesis\FACET_Dataset\Segmented_FACET_0.2_fixed_label\sa_2231078.jpg,1,1,0,0,0.5582112669944763,6,6,6,5,1,5,0,0,0
G:\Thesis\FACET_Dataset\Segmented_FACET_0.2_fixed_label\sa_5905339.jpg,5,5,4,1,0.6229236125946045,7,7,7,6,1,2,0,0,1
G:\Thesis\FACET_Dataset\Segmented_FACET_0.2_fixed_label\sa_7317173.jpg,3,3,2,0,0.3004024624824524,4,4,4,3,1,1,0,1,0
G:\Thesis\FACET_Dataset\Segmented_FACET_0.2_fixed_label\sa_2613318.jpg,2,2,1,0,0.2568052411079407,3,3,3,2,0,1,0,1,1
G:\Thesis\FACET_Dataset\Segmented_FACET_0.2_fixed_label\sa_2859420.jpg,6,6,5,1,0.2746787965297699,3,3,3,2,0,3,0,0,0
G:\Thesis\FACET_Dataset\Segmented_FACET_0.2_fixed_label\sa_1284858.jpg,6,6,5,1,0.45921051502227783,5,5,5,4,1,1,0,1,1
G:\Thesis\FACET_Dataset\Segmented_FACET_0.2_fixed_label\sa_2069389.jpg,4,4,3,1,0.28690803050994873,4,4,4,3,1,0,1,1,1
G:\Thesis\FACET_Dataset\Segmented_FACET_0.2_fixed_label\sa_5575349.jpg,3,3,2,0,0.2585824131965637,3,3,3,2,0,0,1,1,1
G:\Thesis\FACET_Dataset\Segmented_FACET_0.2_fixed_label\sa_10417989.jpg,7,7,6,1,0.6268808245658875,7,7,7,6,1,0,1,1,1
G:\Thesis\FACET_Dataset\Segmented_FACET_0.2_fixed_label\sa_1504821.jpg,4,4,3,1,0.3586759865283966,4,4,4,3,1,0,1,1,1
G:\Thesis\FACET_Dataset\Segmented_FACET_0.2_fixed_label\sa_9128433.jpg,4,4,3,1,0.379080593585968,4,4,4,3,1,0,1,1,1
G:\Thesis\FACET_Dataset\Segmented_FACET_0.2_fixed_label\sa_9052809.jpg,2,2,1,0,0.155808225274086,2,2,2,1,0,0,1,1,1
G:\Thesis\FACET_Dataset\Segmented_FACET_0.2_fixed_label\sa_6934043.jpg,2,2,1,0,0.3701356053352356,4,4,4,3,1,2,0,0,0
G:\Thesis\FACET_Dataset\Segmented_FACET_0.2_fixed_label\sa_793635.jpg,2,2,1,0,0.33561691641807556,4,4,4,3,1,2,0,0,0
G:\Thesis\FACET_Dataset\Segmented_FACET_0.2_fixed_label\sa_2442521.jpg,5,5,4,1,0.32289406657218933,4,4,4,3,1,1,0,1,1
G:\Thesis\FACET_Dataset\Segmented_FACET_0.2_fixed_label\sa_4810027.jpg,5,5,4,1,0.3337554633617401,4,4,4,3,1,1,0,1,1
G:\Thesis\FACET_Dataset\Segmented_FACET_0.2_fixed_label\sa_4978955.jpg,4,4,3,1,0.4003913998603821,5,5,5,4,1,1,0,1,1
G:\Thesis\FACET_Dataset\Segmented_FACET_0.2_fixed_label\sa_3957809.jpg,6,6,5,1,0.41634082794189453,5,5,5,4,1,1,0,1,1
G:\Thesis\FACET_Dataset\Segmented_FACET_0.2_fixed_label\sa_1233528.jpg,3,3,2,0,0.17425398528575897,3,3,3,2,0,0,1,1,1
G:\Thesis\FACET_Dataset\Segmented_FACET_0.2_fixed_label\sa_7907390.jpg,3,3,2,0,0.37876081466674805,4,4,4,3,1,1,0,1,0
G:\Thesis\FACET_Dataset\Segmented_FACET_0.2_fixed_label\sa_6049073.jpg,5,5,4,1,0.12394101917743683,2,2,2,1,0,3,0,0,0
G:\Thesis\FACET_Dataset\Segmented_FACET_0.2_fixed_label\sa_1852190.jpg,4,4,3,1,0.38630861043930054,4,4,4,3,1,0,1,1,1
G:\Thesis\FACET_Dataset\Segmented_FACET_0.2_fixed_label\sa_4179516.jpg,7,7,6,1,0.4548758864402771,5,5,5,4,1,2,0,0,1
G:\Thesis\FACET_Dataset\Segmented_FACET_0.2_fixed_label\sa_3663255.jpg,3,3,2,0,0.29072731733322144,4,4,4,3,1,1,0,1,0
G:\Thesis\FACET_Dataset\Segmented_FACET_0.2_fixed_label\sa_1071665.jpg,4,4,3,1,0.33268460631370544,4,4,4,3,1,0,1,1,1
G:\Thesis\FACET_Dataset\Segmented_FACET_0.2_fixed_label\sa_4674583.jpg,3,3,2,0,0.3825305700302124,4,4,4,3,1,1,0,1,0
G:\Thesis\FACET_Dataset\Segmented_FACET_0.2_fixed_label\sa_4489817.jpg,1,1,0,0,0.208064004778862,3,3,3,2,0,2,0,0,1
G:\Thesis\FACET_Dataset\Segmented_FACET_0.2_fixed_label\sa_5625107.jpg,3,3,2,0,0.25816580653190613,3,3,3,2,0,0,1,1,1
G:\Thesis\FACET_Dataset\Segmented_FACET_0.2_fixed_label\sa_4409716.jpg,4,4,3,1,0.26914045214653015,3,3,3,2,0,1,0,1,0
G:\Thesis\FACET_Dataset\Segmented_FACET_0.2_fixed_label\sa_2299962.jpg,5,5,4,1,0.4195007085800171,5,5,5,4,1,0,1,1,1
G:\Thesis\FACET_Dataset\Segmented_FACET_0.2_fixed_label\sa_2498335.jpg,3,3,2,0,0.263878732919693,3,3,3,2,0,0,1,1,1
G:\Thesis\FACET_Dataset\Segmented_FACET_0.2_fixed_label\sa_5487112.jpg,4,4,3,1,0.25259602069854736,3,3,3,2,0,1,0,1,0
G:\Thesis\FACET_Dataset\Segmented_FACET_0.2_fixed_label\sa_4338157.jpg,3,3,2,0,0.5591779351234436,6,6,6,5,1,3,0,0,0
G:\Thesis\FACET_Dataset\Segmented_FACET_0.2_fixed_label\sa_11153685.jpg,3,3,2,0,0.4597835838794708,5,5,5,4,1,2,0,0,0
G:\Thesis\FACET_Dataset\Segmented_FACET_0.2_fixed_label\sa_2578941.jpg,4,4,3,1,0.28454282879829407,4,4,4,3,1,0,1,1,1
G:\Thesis\FACET_Dataset\Segmented_FACET_0.2_fixed_label\sa_5285394.jpg,3,3,2,0,0.30891674757003784,4,4,4,3,1,1,0,1,0
G:\Thesis\FACET_Dataset\Segmented_FACET_0.2_fixed_label\sa_5114131.jpg,4,4,3,1,0.6846439242362976,7,7,7,6,1,3,0,0,1
G:\Thesis\FACET_Dataset\Segmented_FACET_0.2_fixed_label\sa_7926787.jpg,4,4,3,1,0.3132855296134949,4,4,4,3,1,0,1,1,1
G:\Thesis\FACET_Dataset\Segmented_FACET_0.2_fixed_label\sa_9044717.jpg,5,5,4,1,0.4683730900287628,5,5,5,4,1,0,1,1,1
G:\Thesis\FACET_Dataset\Segmented_FACET_0.2_fixed_label\sa_5459786.jpg,4,4,3,1,0.4591922163963318,5,5,5,4,1,1,0,1,1
G:\Thesis\FACET_Dataset\Segmented_FACET_0.2_fixed_label\sa_1196986.jpg,6,6,5,1,0.37858739495277405,4,4,4,3,1,2,0,0,1
G:\Thesis\FACET_Dataset\Segmented_FACET_0.2_fixed_label\sa_4284332.jpg,4,4,3,1,0.3172176778316498,4,4,4,3,1,0,1,1,1
G:\Thesis\FACET_Dataset\Segmented_FACET_0.2_fixed_label\sa_9711760.jpg,6,6,5,1,0.5854916572570801,6,6,6,5,1,0,1,1,1
G:\Thesis\FACET_Dataset\Segmented_FACET_0.2_fixed_label\sa_3577491.jpg,8,8,7,2,0.7539303302764893,8,8,8,7,2,0,1,1,1
G:\Thesis\FACET_Dataset\Segmented_FACET_0.2_fixed_label\sa_8605216.jpg,2,2,1,0,0.3068413734436035,4,4,4,3,1,2,0,0,0
G:\Thesis\FACET_Dataset\Segmented_FACET_0.2_fixed_label\sa_7772297.jpg,5,5,4,1,0.27592241764068604,3,3,3,2,0,2,0,0,0
G:\Thesis\FACET_Dataset\Segmented_FACET_0.2_fixed_label\sa_1735173.jpg,2,2,1,0,0.1994689255952835,3,3,3,2,0,1,0,1,1
G:\Thesis\FACET_Dataset\Segmented_FACET_0.2_fixed_label\sa_4786068.jpg,3,3,2,0,0.6476530432701111,7,7,7,6,1,4,0,0,0
G:\Thesis\FACET_Dataset\Segmented_FACET_0.2_fixed_label\sa_2300182.jpg,4,4,3,1,0.31563976407051086,4,4,4,3,1,0,1,1,1
G:\Thesis\FACET_Dataset\Segmented_FACET_0.2_fixed_label\sa_10408922.jpg,6,6,5,1,0.35112252831459045,4,4,4,3,1,2,0,0,1
G:\Thesis\FACET_Dataset\Segmented_FACET_0.2_fixed_label\sa_5429541.jpg,3,3,2,0,0.38772785663604736,4,4,4,3,1,1,0,1,0
G:\Thesis\FACET_Dataset\Segmented_FACET_0.2_fixed_label\sa_8262003.jpg,5,5,4,1,0.4272594153881073,5,5,5,4,1,0,1,1,1
G:\Thesis\FACET_Dataset\Segmented_FACET_0.2_fixed_label\sa_3478678.jpg,9,9,8,2,0.5122516751289368,6,6,6,5,1,3,0,0,0
G:\Thesis\FACET_Dataset\Segmented_FACET_0.2_fixed_label\sa_3826401.jpg,4,4,3,1,0.3342452645301819,4,4,4,3,1,0,1,1,1
G:\Thesis\FACET_Dataset\Segmented_FACET_0.2_fixed_label\sa_3626094.jpg,2,2,1,0,0.286916047334671,4,4,4,3,1,2,0,0,0
G:\Thesis\FACET_Dataset\Segmented_FACET_0.2_fixed_label\sa_159399.jpg,4,4,3,1,0.2563436031341553,3,3,3,2,0,1,0,1,0
G:\Thesis\FACET_Dataset\Segmented_FACET_0.2_fixed_label\sa_4790230.jpg,4,4,3,1,0.23384125530719757,3,3,3,2,0,1,0,1,0
G:\Thesis\FACET_Dataset\Segmented_FACET_0.2_fixed_label\sa_10408760.jpg,2,2,1,0,0.49651482701301575,5,5,5,4,1,3,0,0,0
G:\Thesis\FACET_Dataset\Segmented_FACET_0.2_fixed_label\sa_8560460.jpg,3,3,2,0,0.3069213926792145,4,4,4,3,1,1,0,1,0
G:\Thesis\FACET_Dataset\Segmented_FACET_0.2_fixed_label\sa_761497.jpg,3,3,2,0,0.3700336515903473,4,4,4,3,1,1,0,1,0
G:\Thesis\FACET_Dataset\Segmented_FACET_0.2_fixed_label\sa_5235024.jpg,3,3,2,0,0.2045857459306717,3,3,3,2,0,0,1,1,1
G:\Thesis\FACET_Dataset\Segmented_FACET_0.2_fixed_label\sa_5833346.jpg,7,7,6,1,0.6404113173484802,7,7,7,6,1,0,1,1,1
G:\Thesis\FACET_Dataset\Segmented_FACET_0.2_fixed_label\sa_6515832.jpg,4,4,3,1,0.43725934624671936,5,5,5,4,1,1,0,1,1
G:\Thesis\FACET_Dataset\Segmented_FACET_0.2_fixed_label\sa_10481434.jpg,5,5,4,1,0.48361021280288696,5,5,5,4,1,0,1,1,1
G:\Thesis\FACET_Dataset\Segmented_FACET_0.2_fixed_label\sa_5885714.jpg,5,5,4,1,0.41522714495658875,5,5,5,4,1,0,1,1,1
G:\Thesis\FACET_Dataset\Segmented_FACET_0.2_fixed_label\sa_393546.jpg,3,3,2,0,0.34003114700317383,4,4,4,3,1,1,0,1,0
G:\Thesis\FACET_Dataset\Segmented_FACET_0.2_fixed_label\sa_6477036.jpg,6,6,5,1,0.3947576582431793,5,5,5,4,1,1,0,1,1
G:\Thesis\FACET_Dataset\Segmented_FACET_0.2_fixed_label\sa_2849467.jpg,3,3,2,0,0.39509469270706177,5,5,5,4,1,2,0,0,0
G:\Thesis\FACET_Dataset\Segmented_FACET_0.2_fixed_label\sa_5222679.jpg,2,2,1,0,0.2576117217540741,3,3,3,2,0,1,0,1,1
G:\Thesis\FACET_Dataset\Segmented_FACET_0.2_fixed_label\sa_1161064.jpg,6,6,5,1,0.40303555130958557,5,5,5,4,1,1,0,1,1
G:\Thesis\FACET_Dataset\Segmented_FACET_0.2_fixed_label\sa_65743.jpg,9,9,8,2,0.8003956079483032,8,8,8,7,2,1,0,1,1
G:\Thesis\FACET_Dataset\Segmented_FACET_0.2_fixed_label\sa_2111165.jpg,6,6,5,1,0.35600554943084717,4,4,4,3,1,2,0,0,1
G:\Thesis\FACET_Dataset\Segmented_FACET_0.2_fixed_label\sa_4068101.jpg,6,6,5,1,0.2994791567325592,4,4,4,3,1,2,0,0,1
G:\Thesis\FACET_Dataset\Segmented_FACET_0.2_fixed_label\sa_6763195.jpg,3,3,2,0,0.5252182483673096,6,6,6,5,1,3,0,0,0
G:\Thesis\FACET_Dataset\Segmented_FACET_0.2_fixed_label\sa_8183514.jpg,7,7,6,1,0.3981601893901825,5,5,5,4,1,2,0,0,1
G:\Thesis\FACET_Dataset\Segmented_FACET_0.2_fixed_label\sa_3782304.jpg,9,9,8,2,0.818748414516449,8,8,8,7,2,1,0,1,1
G:\Thesis\FACET_Dataset\Segmented_FACET_0.2_fixed_label\sa_1706581.jpg,9,9,8,2,0.719767153263092,7,7,7,6,1,2,0,0,0
G:\Thesis\FACET_Dataset\Segmented_FACET_0.2_fixed_label\sa_1571272.jpg,5,5,4,1,0.42613694071769714,5,5,5,4,1,0,1,1,1
G:\Thesis\FACET_Dataset\Segmented_FACET_0.2_fixed_label\sa_10109543.jpg,3,3,2,0,0.38717666268348694,4,4,4,3,1,1,0,1,0
G:\Thesis\FACET_Dataset\Segmented_FACET_0.2_fixed_label\sa_2089512.jpg,3,3,2,0,0.34787750244140625,4,4,4,3,1,1,0,1,0
G:\Thesis\FACET_Dataset\Segmented_FACET_0.2_fixed_label\sa_3603389.jpg,7,7,6,1,0.6158143281936646,7,7,7,6,1,0,1,1,1
G:\Thesis\FACET_Dataset\Segmented_FACET_0.2_fixed_label\sa_10498237.jpg,2,2,1,0,0.28395459055900574,4,4,4,3,1,2,0,0,0
G:\Thesis\FACET_Dataset\Segmented_FACET_0.2_fixed_label\sa_3306596.jpg,3,3,2,0,0.3420145809650421,4,4,4,3,1,1,0,1,0
G:\Thesis\FACET_Dataset\Segmented_FACET_0.2_fixed_label\sa_1809016.jpg,4,4,3,1,0.2981893718242645,4,4,4,3,1,0,1,1,1
G:\Thesis\FACET_Dataset\Segmented_FACET_0.2_fixed_label\sa_883786.jpg,3,3,2,0,0.493329256772995,5,5,5,4,1,2,0,0,0
G:\Thesis\FACET_Dataset\Segmented_FACET_0.2_fixed_label\sa_6206180.jpg,6,6,5,1,0.47587281465530396,5,5,5,4,1,1,0,1,1
G:\Thesis\FACET_Dataset\Segmented_FACET_0.2_fixed_label\sa_9603108.jpg,7,7,6,1,0.6081724762916565,6,6,6,5,1,1,0,1,1
G:\Thesis\FACET_Dataset\Segmented_FACET_0.2_fixed_label\sa_7736075.jpg,3,3,2,0,0.23837991058826447,3,3,3,2,0,0,1,1,1
G:\Thesis\FACET_Dataset\Segmented_FACET_0.2_fixed_label\sa_2407728.jpg,4,4,3,1,0.4791547358036041,5,5,5,4,1,1,0,1,1
G:\Thesis\FACET_Dataset\Segmented_FACET_0.2_fixed_label\sa_9798002.jpg,5,5,4,1,0.5040513873100281,6,6,6,5,1,1,0,1,1
G:\Thesis\FACET_Dataset\Segmented_FACET_0.2_fixed_label\sa_2511562.jpg,9,9,8,2,0.7851946949958801,8,8,8,7,2,1,0,1,1
G:\Thesis\FACET_Dataset\Segmented_FACET_0.2_fixed_label\sa_4790913.jpg,5,5,4,1,0.3399065434932709,4,4,4,3,1,1,0,1,1
G:\Thesis\FACET_Dataset\Segmented_FACET_0.2_fixed_label\sa_6218726.jpg,2,2,1,0,0.2742350399494171,3,3,3,2,0,1,0,1,1
G:\Thesis\FACET_Dataset\Segmented_FACET_0.2_fixed_label\sa_10498237.jpg,2,2,1,0,0.28395459055900574,4,4,4,3,1,2,0,0,0
G:\Thesis\FACET_Dataset\Segmented_FACET_0.2_fixed_label\sa_5110954.jpg,2,2,1,0,0.22115930914878845,3,3,3,2,0,1,0,1,1
G:\Thesis\FACET_Dataset\Segmented_FACET_0.2_fixed_label\sa_4490073.jpg,3,3,2,0,0.30193424224853516,4,4,4,3,1,1,0,1,0
G:\Thesis\FACET_Dataset\Segmented_FACET_0.2_fixed_label\sa_10695373.jpg,6,6,5,1,0.4958270192146301,5,5,5,4,1,1,0,1,1
G:\Thesis\FACET_Dataset\Segmented_FACET_0.2_fixed_label\sa_8942635.jpg,7,7,6,1,0.4804697632789612,5,5,5,4,1,2,0,0,1
G:\Thesis\FACET_Dataset\Segmented_FACET_0.2_fixed_label\sa_476231.jpg,4,4,3,1,0.2892763614654541,4,4,4,3,1,0,1,1,1
G:\Thesis\FACET_Dataset\Segmented_FACET_0.2_fixed_label\sa_4379022.jpg,7,7,6,1,0.4338158965110779,5,5,5,4,1,2,0,0,1
G:\Thesis\FACET_Dataset\Segmented_FACET_0.2_fixed_label\sa_755916.jpg,7,7,6,1,0.33984866738319397,4,4,4,3,1,3,0,0,1
G:\Thesis\FACET_Dataset\Segmented_FACET_0.2_fixed_label\sa_3096740.jpg,2,2,1,0,0.3964843153953552,5,5,5,4,1,3,0,0,0
G:\Thesis\FACET_Dataset\Segmented_FACET_0.2_fixed_label\sa_4353992.jpg,4,4,3,1,0.24105089902877808,3,3,3,2,0,1,0,1,0
G:\Thesis\FACET_Dataset\Segmented_FACET_0.2_fixed_label\sa_7470218.jpg,8,8,7,2,0.8276550769805908,8,8,8,7,2,0,1,1,1
G:\Thesis\FACET_Dataset\Segmented_FACET_0.2_fixed_label\sa_4786068.jpg,3,3,2,0,0.6476530432701111,7,7,7,6,1,4,0,0,0
G:\Thesis\FACET_Dataset\Segmented_FACET_0.2_fixed_label\sa_1403304.jpg,5,5,4,1,0.1991731822490692,3,3,3,2,0,2,0,0,0
G:\Thesis\FACET_Dataset\Segmented_FACET_0.2_fixed_label\sa_1715410.jpg,2,2,1,0,0.1976141631603241,3,3,3,2,0,1,0,1,1
G:\Thesis\FACET_Dataset\Segmented_FACET_0.2_fixed_label\sa_8314298.jpg,2,2,1,0,0.3680393099784851,4,4,4,3,1,2,0,0,0
G:\Thesis\FACET_Dataset\Segmented_FACET_0.2_fixed_label\sa_10394555.jpg,1,1,0,0,0.3887658417224884,4,4,4,3,1,3,0,0,0
G:\Thesis\FACET_Dataset\Segmented_FACET_0.2_fixed_label\sa_7147347.jpg,9,9,8,2,0.778913676738739,8,8,8,7,2,1,0,1,1
G:\Thesis\FACET_Dataset\Segmented_FACET_0.2_fixed_label\sa_4592552.jpg,2,2,1,0,0.26415443420410156,3,3,3,2,0,1,0,1,1
G:\Thesis\FACET_Dataset\Segmented_FACET_0.2_fixed_label\sa_7795504.jpg,5,5,4,1,0.3608449399471283,4,4,4,3,1,1,0,1,1
G:\Thesis\FACET_Dataset\Segmented_FACET_0.2_fixed_label\sa_5116259.jpg,3,3,2,0,0.3792019188404083,4,4,4,3,1,1,0,1,0
G:\Thesis\FACET_Dataset\Segmented_FACET_0.2_fixed_label\sa_2165146.jpg,5,5,4,1,0.48695147037506104,5,5,5,4,1,0,1,1,1
G:\Thesis\FACET_Dataset\Segmented_FACET_0.2_fixed_label\sa_7624010.jpg,6,6,5,1,0.5034124851226807,6,6,6,5,1,0,1,1,1
G:\Thesis\FACET_Dataset\Segmented_FACET_0.2_fixed_label\sa_4839035.jpg,4,4,3,1,0.2723620533943176,3,3,3,2,0,1,0,1,0
G:\Thesis\FACET_Dataset\Segmented_FACET_0.2_fixed_label\sa_573605.jpg,5,5,4,1,0.4375160336494446,5,5,5,4,1,0,1,1,1
G:\Thesis\FACET_Dataset\Segmented_FACET_0.2_fixed_label\sa_2574228.jpg,5,5,4,1,0.39852142333984375,5,5,5,4,1,0,1,1,1
G:\Thesis\FACET_Dataset\Segmented_FACET_0.2_fixed_label\sa_9156613.jpg,8,8,7,2,0.7334824204444885,8,8,8,7,2,0,1,1,1
G:\Thesis\FACET_Dataset\Segmented_FACET_0.2_fixed_label\sa_7585283.jpg,3,3,2,0,0.49983692169189453,5,5,5,4,1,2,0,0,0
G:\Thesis\FACET_Dataset\Segmented_FACET_0.2_fixed_label\sa_7222394.jpg,2,2,1,0,0.4076334834098816,5,5,5,4,1,3,0,0,0
G:\Thesis\FACET_Dataset\Segmented_FACET_0.2_fixed_label\sa_4859292.jpg,3,3,2,0,0.38240712881088257,4,4,4,3,1,1,0,1,0
G:\Thesis\FACET_Dataset\Segmented_FACET_0.2_fixed_label\sa_10201472.jpg,3,3,2,0,0.22809594869613647,3,3,3,2,0,0,1,1,1
G:\Thesis\FACET_Dataset\Segmented_FACET_0.2_fixed_label\sa_2279901.jpg,2,2,1,0,0.5202552080154419,6,6,6,5,1,4,0,0,0
G:\Thesis\FACET_Dataset\Segmented_FACET_0.2_fixed_label\sa_5934891.jpg,4,4,3,1,0.377294659614563,4,4,4,3,1,0,1,1,1
G:\Thesis\FACET_Dataset\Segmented_FACET_0.2_fixed_label\sa_4024535.jpg,6,6,5,1,0.4273832440376282,5,5,5,4,1,1,0,1,1
G:\Thesis\FACET_Dataset\Segmented_FACET_0.2_fixed_label\sa_3660018.jpg,6,6,5,1,0.31938421726226807,4,4,4,3,1,2,0,0,1
G:\Thesis\FACET_Dataset\Segmented_FACET_0.2_fixed_label\sa_1429056.jpg,3,3,2,0,0.3339722454547882,4,4,4,3,1,1,0,1,0
G:\Thesis\FACET_Dataset\Segmented_FACET_0.2_fixed_label\sa_8189414.jpg,2,2,1,0,0.2831460237503052,4,4,4,3,1,2,0,0,0
G:\Thesis\FACET_Dataset\Segmented_FACET_0.2_fixed_label\sa_6273532.jpg,5,5,4,1,0.3105331063270569,4,4,4,3,1,1,0,1,1
G:\Thesis\FACET_Dataset\Segmented_FACET_0.2_fixed_label\sa_4686189.jpg,5,5,4,1,0.5469104647636414,6,6,6,5,1,1,0,1,1
G:\Thesis\FACET_Dataset\Segmented_FACET_0.2_fixed_label\sa_9748851.jpg,5,5,4,1,0.46345382928848267,5,5,5,4,1,0,1,1,1
G:\Thesis\FACET_Dataset\Segmented_FACET_0.2_fixed_label\sa_7613589.jpg,8,8,7,2,0.6404072046279907,7,7,7,6,1,1,0,1,0
G:\Thesis\FACET_Dataset\Segmented_FACET_0.2_fixed_label\sa_10564607.jpg,4,4,3,1,0.4924314320087433,5,5,5,4,1,1,0,1,1
G:\Thesis\FACET_Dataset\Segmented_FACET_0.2_fixed_label\sa_8324816.jpg,3,3,2,0,0.3778742849826813,4,4,4,3,1,1,0,1,0
G:\Thesis\FACET_Dataset\Segmented_FACET_0.2_fixed_label\sa_7940722.jpg,8,8,7,2,0.6702051162719727,7,7,7,6,1,1,0,1,0
G:\Thesis\FACET_Dataset\Segmented_FACET_0.2_fixed_label\sa_10301399.jpg,2,2,1,0,0.4660853445529938,5,5,5,4,1,3,0,0,0
G:\Thesis\FACET_Dataset\Segmented_FACET_0.2_fixed_label\sa_2135545.jpg,7,7,6,1,0.4803197681903839,5,5,5,4,1,2,0,0,1
G:\Thesis\FACET_Dataset\Segmented_FACET_0.2_fixed_label\sa_3264118.jpg,3,3,2,0,0.2689157724380493,3,3,3,2,0,0,1,1,1
G:\Thesis\FACET_Dataset\Segmented_FACET_0.2_fixed_label\sa_9122623.jpg,2,2,1,0,0.4174656867980957,5,5,5,4,1,3,0,0,0
G:\Thesis\FACET_Dataset\Segmented_FACET_0.2_fixed_label\sa_6297102.jpg,4,4,3,1,0.3793448209762573,4,4,4,3,1,0,1,1,1
G:\Thesis\FACET_Dataset\Segmented_FACET_0.2_fixed_label\sa_6664500.jpg,3,3,2,0,0.28569892048835754,4,4,4,3,1,1,0,1,0
G:\Thesis\FACET_Dataset\Segmented_FACET_0.2_fixed_label\sa_9547256.jpg,4,4,3,1,0.3293810486793518,4,4,4,3,1,0,1,1,1
G:\Thesis\FACET_Dataset\Segmented_FACET_0.2_fixed_label\sa_3775087.jpg,3,3,2,0,0.2678551971912384,3,3,3,2,0,0,1,1,1
G:\Thesis\FACET_Dataset\Segmented_FACET_0.2_fixed_label\sa_6045725.jpg,6,6,5,1,0.550755500793457,6,6,6,5,1,0,1,1,1
G:\Thesis\FACET_Dataset\Segmented_FACET_0.2_fixed_label\sa_8891072.jpg,7,7,6,1,0.3241903483867645,4,4,4,3,1,3,0,0,1
G:\Thesis\FACET_Dataset\Segmented_FACET_0.2_fixed_label\sa_8930122.jpg,4,4,3,1,0.36433079838752747,4,4,4,3,1,0,1,1,1
G:\Thesis\FACET_Dataset\Segmented_FACET_0.2_fixed_label\sa_6274049.jpg,3,3,2,0,0.3205285370349884,4,4,4,3,1,1,0,1,0
G:\Thesis\FACET_Dataset\Segmented_FACET_0.2_fixed_label\sa_5812781.jpg,3,3,2,0,0.3649090826511383,4,4,4,3,1,1,0,1,0
G:\Thesis\FACET_Dataset\Segmented_FACET_0.2_fixed_label\sa_1390223.jpg,4,4,3,1,0.21191951632499695,3,3,3,2,0,1,0,1,0
G:\Thesis\FACET_Dataset\Segmented_FACET_0.2_fixed_label\sa_4878664.jpg,3,3,2,0,0.22215105593204498,3,3,3,2,0,0,1,1,1
G:\Thesis\FACET_Dataset\Segmented_FACET_0.2_fixed_label\sa_10890218.jpg,4,4,3,1,0.35452207922935486,4,4,4,3,1,0,1,1,1
G:\Thesis\FACET_Dataset\Segmented_FACET_0.2_fixed_label\sa_1502766.jpg,3,3,2,0,0.2932640016078949,4,4,4,3,1,1,0,1,0
G:\Thesis\FACET_Dataset\Segmented_FACET_0.2_fixed_label\sa_2077818.jpg,5,5,4,1,0.4468846619129181,5,5,5,4,1,0,1,1,1
G:\Thesis\FACET_Dataset\Segmented_FACET_0.2_fixed_label\sa_5359669.jpg,9,9,8,2,0.7759654521942139,8,8,8,7,2,1,0,1,1
G:\Thesis\FACET_Dataset\Segmented_FACET_0.2_fixed_label\sa_4577723.jpg,4,4,3,1,0.2541460394859314,3,3,3,2,0,1,0,1,0
G:\Thesis\FACET_Dataset\Segmented_FACET_0.2_fixed_label\sa_8017136.jpg,6,6,5,1,0.3108125627040863,4,4,4,3,1,2,0,0,1
G:\Thesis\FACET_Dataset\Segmented_FACET_0.2_fixed_label\sa_1723739.jpg,2,2,1,0,0.2915790379047394,4,4,4,3,1,2,0,0,0
G:\Thesis\FACET_Dataset\Segmented_FACET_0.2_fixed_label\sa_9486856.jpg,7,7,6,1,0.5982470512390137,6,6,6,5,1,1,0,1,1
G:\Thesis\FACET_Dataset\Segmented_FACET_0.2_fixed_label\sa_10657950.jpg,3,3,2,0,0.3757333755493164,4,4,4,3,1,1,0,1,0
G:\Thesis\FACET_Dataset\Segmented_FACET_0.2_fixed_label\sa_9461045.jpg,4,4,3,1,0.22650080919265747,3,3,3,2,0,1,0,1,0
G:\Thesis\FACET_Dataset\Segmented_FACET_0.2_fixed_label\sa_9686118.jpg,3,3,2,0,0.4819762706756592,5,5,5,4,1,2,0,0,0
G:\Thesis\FACET_Dataset\Segmented_FACET_0.2_fixed_label\sa_7102163.jpg,3,3,2,0,0.14147593080997467,2,2,2,1,0,1,0,1,1
G:\Thesis\FACET_Dataset\Segmented_FACET_0.2_fixed_label\sa_2413075.jpg,4,4,3,1,0.355714350938797,4,4,4,3,1,0,1,1,1
G:\Thesis\FACET_Dataset\Segmented_FACET_0.2_fixed_label\sa_9377080.jpg,7,7,6,1,0.8150347471237183,8,8,8,7,2,1,0,1,0
G:\Thesis\FACET_Dataset\Segmented_FACET_0.2_fixed_label\sa_2299962.jpg,5,5,4,1,0.4195007085800171,5,5,5,4,1,0,1,1,1
G:\Thesis\FACET_Dataset\Segmented_FACET_0.2_fixed_label\sa_5705790.jpg,5,5,4,1,0.39749807119369507,5,5,5,4,1,0,1,1,1
G:\Thesis\FACET_Dataset\Segmented_FACET_0.2_fixed_label\sa_5735457.jpg,3,3,2,0,0.35122165083885193,4,4,4,3,1,1,0,1,0
G:\Thesis\FACET_Dataset\Segmented_FACET_0.2_fixed_label\sa_3411077.jpg,3,3,2,0,0.4149368107318878,5,5,5,4,1,2,0,0,0
G:\Thesis\FACET_Dataset\Segmented_FACET_0.2_fixed_label\sa_224638.jpg,2,2,1,0,0.2411411553621292,3,3,3,2,0,1,0,1,1
G:\Thesis\FACET_Dataset\Segmented_FACET_0.2_fixed_label\sa_233244.jpg,2,2,1,0,0.19526407122612,3,3,3,2,0,1,0,1,1
G:\Thesis\FACET_Dataset\Segmented_FACET_0.2_fixed_label\sa_2851336.jpg,4,4,3,1,0.20224308967590332,3,3,3,2,0,1,0,1,0
G:\Thesis\FACET_Dataset\Segmented_FACET_0.2_fixed_label\sa_2066148.jpg,5,5,4,1,0.426383912563324,5,5,5,4,1,0,1,1,1
G:\Thesis\FACET_Dataset\Segmented_FACET_0.2_fixed_label\sa_295473.jpg,3,3,2,0,0.2515309453010559,3,3,3,2,0,0,1,1,1
G:\Thesis\FACET_Dataset\Segmented_FACET_0.2_fixed_label\sa_1270708.jpg,5,5,4,1,0.3544014096260071,4,4,4,3,1,1,0,1,1
G:\Thesis\FACET_Dataset\Segmented_FACET_0.2_fixed_label\sa_5715395.jpg,2,2,1,0,0.556767463684082,6,6,6,5,1,4,0,0,0
G:\Thesis\FACET_Dataset\Segmented_FACET_0.2_fixed_label\sa_1126554.jpg,4,4,3,1,0.43594813346862793,5,5,5,4,1,1,0,1,1
G:\Thesis\FACET_Dataset\Segmented_FACET_0.2_fixed_label\sa_8252861.jpg,2,2,1,0,0.2998008728027344,4,4,4,3,1,2,0,0,0
G:\Thesis\FACET_Dataset\Segmented_FACET_0.2_fixed_label\sa_2221792.jpg,3,3,2,0,0.19639691710472107,3,3,3,2,0,0,1,1,1
G:\Thesis\FACET_Dataset\Segmented_FACET_0.2_fixed_label\sa_4971657.jpg,2,2,1,0,0.28726744651794434,4,4,4,3,1,2,0,0,0
G:\Thesis\FACET_Dataset\Segmented_FACET_0.2_fixed_label\sa_5574212.jpg,3,3,2,0,0.2548227906227112,3,3,3,2,0,0,1,1,1
G:\Thesis\FACET_Dataset\Segmented_FACET_0.2_fixed_label\sa_5819093.jpg,1,1,0,0,0.401379257440567,5,5,5,4,1,4,0,0,0
G:\Thesis\FACET_Dataset\Segmented_FACET_0.2_fixed_label\sa_4252975.jpg,4,4,3,1,0.35002610087394714,4,4,4,3,1,0,1,1,1
G:\Thesis\FACET_Dataset\Segmented_FACET_0.2_fixed_label\sa_10683802.jpg,8,8,7,2,0.3787311911582947,4,4,4,3,1,4,0,0,0
G:\Thesis\FACET_Dataset\Segmented_FACET_0.2_fixed_label\sa_9668155.jpg,9,9,8,2,0.675133466720581,7,7,7,6,1,2,0,0,0
G:\Thesis\FACET_Dataset\Segmented_FACET_0.2_fixed_label\sa_3443777.jpg,2,2,1,0,0.17962129414081573,3,3,3,2,0,1,0,1,1
G:\Thesis\FACET_Dataset\Segmented_FACET_0.2_fixed_label\sa_7108201.jpg,4,4,3,1,0.5123772025108337,6,6,6,5,1,2,0,0,1
G:\Thesis\FACET_Dataset\Segmented_FACET_0.2_fixed_label\sa_10448300.jpg,4,4,3,1,0.39399370551109314,5,5,5,4,1,1,0,1,1
G:\Thesis\FACET_Dataset\Segmented_FACET_0.2_fixed_label\sa_416878.jpg,6,6,5,1,0.5764089822769165,6,6,6,5,1,0,1,1,1
G:\Thesis\FACET_Dataset\Segmented_FACET_0.2_fixed_label\sa_9043875.jpg,3,3,2,0,0.3583254814147949,4,4,4,3,1,1,0,1,0
G:\Thesis\FACET_Dataset\Segmented_FACET_0.2_fixed_label\sa_9697643.jpg,9,9,8,2,0.8239643573760986,8,8,8,7,2,1,0,1,1
G:\Thesis\FACET_Dataset\Segmented_FACET_0.2_fixed_label\sa_9989289.jpg,3,3,2,0,0.3274345397949219,4,4,4,3,1,1,0,1,0
G:\Thesis\FACET_Dataset\Segmented_FACET_0.2_fixed_label\sa_10637831.jpg,5,5,4,1,0.3618428111076355,4,4,4,3,1,1,0,1,1
G:\Thesis\FACET_Dataset\Segmented_FACET_0.2_fixed_label\sa_10664435.jpg,4,4,3,1,0.2548620402812958,3,3,3,2,0,1,0,1,0
G:\Thesis\FACET_Dataset\Segmented_FACET_0.2_fixed_label\sa_10277350.jpg,6,6,5,1,0.483097642660141,5,5,5,4,1,1,0,1,1
G:\Thesis\FACET_Dataset\Segmented_FACET_0.2_fixed_label\sa_9470464.jpg,4,4,3,1,0.1550072580575943,2,2,2,1,0,2,0,0,0
G:\Thesis\FACET_Dataset\Segmented_FACET_0.2_fixed_label\sa_3993091.jpg,4,4,3,1,0.30656182765960693,4,4,4,3,1,0,1,1,1
G:\Thesis\FACET_Dataset\Segmented_FACET_0.2_fixed_label\sa_1161064.jpg,6,6,5,1,0.40303555130958557,5,5,5,4,1,1,0,1,1
G:\Thesis\FACET_Dataset\Segmented_FACET_0.2_fixed_label\sa_4367271.jpg,5,5,4,1,0.26535964012145996,3,3,3,2,0,2,0,0,0
G:\Thesis\FACET_Dataset\Segmented_FACET_0.2_fixed_label\sa_766499.jpg,2,2,1,0,0.232523575425148,3,3,3,2,0,1,0,1,1
G:\Thesis\FACET_Dataset\Segmented_FACET_0.2_fixed_label\sa_1040898.jpg,5,5,4,1,0.2566163241863251,3,3,3,2,0,2,0,0,0
G:\Thesis\FACET_Dataset\Segmented_FACET_0.2_fixed_label\sa_10650923.jpg,3,3,2,0,0.5355178713798523,6,6,6,5,1,3,0,0,0
G:\Thesis\FACET_Dataset\Segmented_FACET_0.2_fixed_label\sa_2526175.jpg,3,3,2,0,0.5054080486297607,6,6,6,5,1,3,0,0,0
G:\Thesis\FACET_Dataset\Segmented_FACET_0.2_fixed_label\sa_4984727.jpg,5,5,4,1,0.33219555020332336,4,4,4,3,1,1,0,1,1
G:\Thesis\FACET_Dataset\Segmented_FACET_0.2_fixed_label\sa_4244804.jpg,4,4,3,1,0.4900371730327606,5,5,5,4,1,1,0,1,1
G:\Thesis\FACET_Dataset\Segmented_FACET_0.2_fixed_label\sa_7993739.jpg,3,3,2,0,0.2801763117313385,4,4,4,3,1,1,0,1,0
G:\Thesis\FACET_Dataset\Segmented_FACET_0.2_fixed_label\sa_2949129.jpg,4,4,3,1,0.23131997883319855,3,3,3,2,0,1,0,1,0
G:\Thesis\FACET_Dataset\Segmented_FACET_0.2_fixed_label\sa_1722555.jpg,6,6,5,1,0.5183786749839783,6,6,6,5,1,0,1,1,1
G:\Thesis\FACET_Dataset\Segmented_FACET_0.2_fixed_label\sa_5572435.jpg,3,3,2,0,0.336899071931839,4,4,4,3,1,1,0,1,0
G:\Thesis\FACET_Dataset\Segmented_FACET_0.2_fixed_label\sa_4270095.jpg,4,4,3,1,0.32506367564201355,4,4,4,3,1,0,1,1,1
G:\Thesis\FACET_Dataset\Segmented_FACET_0.2_fixed_label\sa_4588306.jpg,2,2,1,0,0.4027062654495239,5,5,5,4,1,3,0,0,0
G:\Thesis\FACET_Dataset\Segmented_FACET_0.2_fixed_label\sa_10221582.jpg,2,2,1,0,0.2673995792865753,3,3,3,2,0,1,0,1,1
G:\Thesis\FACET_Dataset\Segmented_FACET_0.2_fixed_label\sa_7618611.jpg,2,2,1,0,0.3627936542034149,4,4,4,3,1,2,0,0,0
G:\Thesis\FACET_Dataset\Segmented_FACET_0.2_fixed_label\sa_1990478.jpg,6,6,5,1,0.4639376997947693,5,5,5,4,1,1,0,1,1
G:\Thesis\FACET_Dataset\Segmented_FACET_0.2_fixed_label\sa_735276.jpg,2,2,1,0,0.5040355920791626,6,6,6,5,1,4,0,0,0
G:\Thesis\FACET_Dataset\Segmented_FACET_0.2_fixed_label\sa_4594483.jpg,6,6,5,1,0.5087294578552246,6,6,6,5,1,0,1,1,1
G:\Thesis\FACET_Dataset\Segmented_FACET_0.2_fixed_label\sa_4809082.jpg,4,4,3,1,0.4174184501171112,5,5,5,4,1,1,0,1,1
G:\Thesis\FACET_Dataset\Segmented_FACET_0.2_fixed_label\sa_6822219.jpg,3,3,2,0,0.1654098629951477,2,2,2,1,0,1,0,1,1
G:\Thesis\FACET_Dataset\Segmented_FACET_0.2_fixed_label\sa_2087610.jpg,2,2,1,0,0.16533029079437256,2,2,2,1,0,0,1,1,1
G:\Thesis\FACET_Dataset\Segmented_FACET_0.2_fixed_label\sa_11174704.jpg,1,1,0,0,0.2777208089828491,3,3,3,2,0,2,0,0,1
G:\Thesis\FACET_Dataset\Segmented_FACET_0.2_fixed_label\sa_5638070.jpg,4,4,3,1,0.38440167903900146,4,4,4,3,1,0,1,1,1
G:\Thesis\FACET_Dataset\Segmented_FACET_0.2_fixed_label\sa_411527.jpg,8,8,7,2,0.7402459979057312,8,8,8,7,2,0,1,1,1
G:\Thesis\FACET_Dataset\Segmented_FACET_0.2_fixed_label\sa_6696049.jpg,6,6,5,1,0.40225622057914734,5,5,5,4,1,1,0,1,1
G:\Thesis\FACET_Dataset\Segmented_FACET_0.2_fixed_label\sa_4792156.jpg,2,2,1,0,0.2594588100910187,3,3,3,2,0,1,0,1,1
G:\Thesis\FACET_Dataset\Segmented_FACET_0.2_fixed_label\sa_3775087.jpg,1,1,0,0,0.2678551971912384,3,3,3,2,0,2,0,0,1
G:\Thesis\FACET_Dataset\Segmented_FACET_0.2_fixed_label\sa_7765443.jpg,3,3,2,0,0.43015867471694946,5,5,5,4,1,2,0,0,0
G:\Thesis\FACET_Dataset\Segmented_FACET_0.2_fixed_label\sa_4313183.jpg,2,2,1,0,0.713494598865509,7,7,7,6,1,5,0,0,0
G:\Thesis\FACET_Dataset\Segmented_FACET_0.2_fixed_label\sa_2324234.jpg,5,5,4,1,0.19734354317188263,3,3,3,2,0,2,0,0,0
G:\Thesis\FACET_Dataset\Segmented_FACET_0.2_fixed_label\sa_10720806.jpg,2,2,1,0,0.23544716835021973,3,3,3,2,0,1,0,1,1
G:\Thesis\FACET_Dataset\Segmented_FACET_0.2_fixed_label\sa_8896258.jpg,5,5,4,1,0.34270521998405457,4,4,4,3,1,1,0,1,1
G:\Thesis\FACET_Dataset\Segmented_FACET_0.2_fixed_label\sa_8063728.jpg,5,5,4,1,0.3783224821090698,4,4,4,3,1,1,0,1,1
G:\Thesis\FACET_Dataset\Segmented_FACET_0.2_fixed_label\sa_10456335.jpg,6,6,5,1,0.4375830888748169,5,5,5,4,1,1,0,1,1
G:\Thesis\FACET_Dataset\Segmented_FACET_0.2_fixed_label\sa_9987804.jpg,2,2,1,0,0.30633649230003357,4,4,4,3,1,2,0,0,0
G:\Thesis\FACET_Dataset\Segmented_FACET_0.2_fixed_label\sa_5045589.jpg,6,6,5,1,0.38797256350517273,4,4,4,3,1,2,0,0,1
G:\Thesis\FACET_Dataset\Segmented_FACET_0.2_fixed_label\sa_1206887.jpg,7,7,6,1,0.5809697508811951,6,6,6,5,1,1,0,1,1
G:\Thesis\FACET_Dataset\Segmented_FACET_0.2_fixed_label\sa_619947.jpg,7,7,6,1,0.7681076526641846,8,8,8,7,2,1,0,1,0
G:\Thesis\FACET_Dataset\Segmented_FACET_0.2_fixed_label\sa_9454089.jpg,6,6,5,1,0.5681299567222595,6,6,6,5,1,0,1,1,1
G:\Thesis\FACET_Dataset\Segmented_FACET_0.2_fixed_label\sa_2393989.jpg,3,3,2,0,0.2819877564907074,4,4,4,3,1,1,0,1,0
G:\Thesis\FACET_Dataset\Segmented_FACET_0.2_fixed_label\sa_8437405.jpg,5,5,4,1,0.27755117416381836,3,3,3,2,0,2,0,0,0
G:\Thesis\FACET_Dataset\Segmented_FACET_0.2_fixed_label\sa_9218280.jpg,2,2,1,0,0.21664448082447052,3,3,3,2,0,1,0,1,1
G:\Thesis\FACET_Dataset\Segmented_FACET_0.2_fixed_label\sa_208837.jpg,4,4,3,1,0.3629898428916931,4,4,4,3,1,0,1,1,1
G:\Thesis\FACET_Dataset\Segmented_FACET_0.2_fixed_label\sa_7689007.jpg,1,1,0,0,0.3778262436389923,4,4,4,3,1,3,0,0,0
G:\Thesis\FACET_Dataset\Segmented_FACET_0.2_fixed_label\sa_10267437.jpg,3,3,2,0,0.45988893508911133,5,5,5,4,1,2,0,0,0
G:\Thesis\FACET_Dataset\Segmented_FACET_0.2_fixed_label\sa_3083931.jpg,4,4,3,1,0.3106575906276703,4,4,4,3,1,0,1,1,1
G:\Thesis\FACET_Dataset\Segmented_FACET_0.2_fixed_label\sa_8554933.jpg,5,5,4,1,0.2578890323638916,3,3,3,2,0,2,0,0,0
G:\Thesis\FACET_Dataset\Segmented_FACET_0.2_fixed_label\sa_704393.jpg,3,3,2,0,0.4410358667373657,5,5,5,4,1,2,0,0,0
G:\Thesis\FACET_Dataset\Segmented_FACET_0.2_fixed_label\sa_2590827.jpg,5,5,4,1,0.4373239576816559,5,5,5,4,1,0,1,1,1
G:\Thesis\FACET_Dataset\Segmented_FACET_0.2_fixed_label\sa_3385159.jpg,4,4,3,1,0.4125451445579529,5,5,5,4,1,1,0,1,1
G:\Thesis\FACET_Dataset\Segmented_FACET_0.2_fixed_label\sa_9546707.jpg,3,3,2,0,0.2331288456916809,3,3,3,2,0,0,1,1,1
G:\Thesis\FACET_Dataset\Segmented_FACET_0.2_fixed_label\sa_9343855.jpg,5,5,4,1,0.18196368217468262,3,3,3,2,0,2,0,0,0
G:\Thesis\FACET_Dataset\Segmented_FACET_0.2_fixed_label\sa_6695624.jpg,4,4,3,1,0.24666917324066162,3,3,3,2,0,1,0,1,0
G:\Thesis\FACET_Dataset\Segmented_FACET_0.2_fixed_label\sa_4544085.jpg,4,4,3,1,0.14481845498085022,2,2,2,1,0,2,0,0,0
G:\Thesis\FACET_Dataset\Segmented_FACET_0.2_fixed_label\sa_8293466.jpg,6,6,5,1,0.6749902367591858,7,7,7,6,1,1,0,1,1
G:\Thesis\FACET_Dataset\Segmented_FACET_0.2_fixed_label\sa_1202392.jpg,5,5,4,1,0.48519185185432434,5,5,5,4,1,0,1,1,1
G:\Thesis\FACET_Dataset\Segmented_FACET_0.2_fixed_label\sa_1648600.jpg,3,3,2,0,0.46906593441963196,5,5,5,4,1,2,0,0,0
G:\Thesis\FACET_Dataset\Segmented_FACET_0.2_fixed_label\sa_8904381.jpg,4,4,3,1,0.5140080451965332,6,6,6,5,1,2,0,0,1
G:\Thesis\FACET_Dataset\Segmented_FACET_0.2_fixed_label\sa_7882255.jpg,2,2,1,0,0.33795374631881714,4,4,4,3,1,2,0,0,0
G:\Thesis\FACET_Dataset\Segmented_FACET_0.2_fixed_label\sa_3173210.jpg,3,3,2,0,0.34750834107398987,4,4,4,3,1,1,0,1,0
G:\Thesis\FACET_Dataset\Segmented_FACET_0.2_fixed_label\sa_3268349.jpg,3,3,2,0,0.2360362410545349,3,3,3,2,0,0,1,1,1
G:\Thesis\FACET_Dataset\Segmented_FACET_0.2_fixed_label\sa_2152898.jpg,3,3,2,0,0.2579670548439026,3,3,3,2,0,0,1,1,1
G:\Thesis\FACET_Dataset\Segmented_FACET_0.2_fixed_label\sa_2968574.jpg,3,3,2,0,0.23626825213432312,3,3,3,2,0,0,1,1,1
G:\Thesis\FACET_Dataset\Segmented_FACET_0.2_fixed_label\sa_10988208.jpg,2,2,1,0,0.35177358984947205,4,4,4,3,1,2,0,0,0
G:\Thesis\FACET_Dataset\Segmented_FACET_0.2_fixed_label\sa_11163732.jpg,5,5,4,1,0.2556360363960266,3,3,3,2,0,2,0,0,0
G:\Thesis\FACET_Dataset\Segmented_FACET_0.2_fixed_label\sa_2558271.jpg,6,6,5,1,0.2228676974773407,3,3,3,2,0,3,0,0,0
G:\Thesis\FACET_Dataset\Segmented_FACET_0.2_fixed_label\sa_4781667.jpg,5,5,4,1,0.28544333577156067,4,4,4,3,1,1,0,1,1
G:\Thesis\FACET_Dataset\Segmented_FACET_0.2_fixed_label\sa_10884287.jpg,2,2,1,0,0.5135495066642761,6,6,6,5,1,4,0,0,0
G:\Thesis\FACET_Dataset\Segmented_FACET_0.2_fixed_label\sa_5688024.jpg,3,3,2,0,0.11170584708452225,2,2,2,1,0,1,0,1,1
G:\Thesis\FACET_Dataset\Segmented_FACET_0.2_fixed_label\sa_7410480.jpg,2,2,1,0,0.1094883531332016,2,2,2,1,0,0,1,1,1
G:\Thesis\FACET_Dataset\Segmented_FACET_0.2_fixed_label\sa_2577444.jpg,3,3,2,0,0.3636697232723236,4,4,4,3,1,1,0,1,0
G:\Thesis\FACET_Dataset\Segmented_FACET_0.2_fixed_label\sa_3432349.jpg,1,1,0,0,0.1643170416355133,2,2,2,1,0,1,0,1,1
G:\Thesis\FACET_Dataset\Segmented_FACET_0.2_fixed_label\sa_7122408.jpg,4,4,3,1,0.27954766154289246,4,4,4,3,1,0,1,1,1
G:\Thesis\FACET_Dataset\Segmented_FACET_0.2_fixed_label\sa_10724087.jpg,8,8,7,2,0.8415629863739014,9,9,9,8,2,1,0,1,1
G:\Thesis\FACET_Dataset\Segmented_FACET_0.2_fixed_label\sa_4360530.jpg,2,2,1,0,0.2929745614528656,4,4,4,3,1,2,0,0,0
G:\Thesis\FACET_Dataset\Segmented_FACET_0.2_fixed_label\sa_6231023.jpg,3,3,2,0,0.3642643690109253,4,4,4,3,1,1,0,1,0
G:\Thesis\FACET_Dataset\Segmented_FACET_0.2_fixed_label\sa_5260864.jpg,3,3,2,0,0.6163545846939087,7,7,7,6,1,4,0,0,0
G:\Thesis\FACET_Dataset\Segmented_FACET_0.2_fixed_label\sa_9384747.jpg,4,4,3,1,0.3558812439441681,4,4,4,3,1,0,1,1,1
G:\Thesis\FACET_Dataset\Segmented_FACET_0.2_fixed_label\sa_11084494.jpg,2,2,1,0,0.33809828758239746,4,4,4,3,1,2,0,0,0
G:\Thesis\FACET_Dataset\Segmented_FACET_0.2_fixed_label\sa_3875043.jpg,5,5,4,1,0.4948188066482544,5,5,5,4,1,0,1,1,1
G:\Thesis\FACET_Dataset\Segmented_FACET_0.2_fixed_label\sa_4808180.jpg,3,3,2,0,0.32851067185401917,4,4,4,3,1,1,0,1,0
G:\Thesis\FACET_Dataset\Segmented_FACET_0.2_fixed_label\sa_164655.jpg,3,3,2,0,0.26574650406837463,3,3,3,2,0,0,1,1,1
G:\Thesis\FACET_Dataset\Segmented_FACET_0.2_fixed_label\sa_6837217.jpg,3,3,2,0,0.3737190365791321,4,4,4,3,1,1,0,1,0
G:\Thesis\FACET_Dataset\Segmented_FACET_0.2_fixed_label\sa_5282613.jpg,8,8,7,2,0.8795839548110962,9,9,9,8,2,1,0,1,1
G:\Thesis\FACET_Dataset\Segmented_FACET_0.2_fixed_label\sa_6229908.jpg,3,3,2,0,0.19013625383377075,3,3,3,2,0,0,1,1,1
G:\Thesis\FACET_Dataset\Segmented_FACET_0.2_fixed_label\sa_6350051.jpg,2,2,1,0,0.3959346115589142,5,5,5,4,1,3,0,0,0
G:\Thesis\FACET_Dataset\Segmented_FACET_0.2_fixed_label\sa_8197673.jpg,3,3,2,0,0.5212794542312622,6,6,6,5,1,3,0,0,0
G:\Thesis\FACET_Dataset\Segmented_FACET_0.2_fixed_label\sa_5459786.jpg,2,2,1,0,0.4591922163963318,5,5,5,4,1,3,0,0,0
G:\Thesis\FACET_Dataset\Segmented_FACET_0.2_fixed_label\sa_3468583.jpg,6,6,5,1,0.6921738386154175,7,7,7,6,1,1,0,1,1
G:\Thesis\FACET_Dataset\Segmented_FACET_0.2_fixed_label\sa_6801416.jpg,6,6,5,1,0.5641630291938782,6,6,6,5,1,0,1,1,1
G:\Thesis\FACET_Dataset\Segmented_FACET_0.2_fixed_label\sa_10639296.jpg,7,7,6,1,0.4073723554611206,5,5,5,4,1,2,0,0,1
G:\Thesis\FACET_Dataset\Segmented_FACET_0.2_fixed_label\sa_700587.jpg,7,7,6,1,0.2292117178440094,3,3,3,2,0,4,0,0,0
G:\Thesis\FACET_Dataset\Segmented_FACET_0.2_fixed_label\sa_9159113.jpg,4,4,3,1,0.3258028030395508,4,4,4,3,1,0,1,1,1
G:\Thesis\FACET_Dataset\Segmented_FACET_0.2_fixed_label\sa_4518361.jpg,7,7,6,1,0.6330662965774536,7,7,7,6,1,0,1,1,1
G:\Thesis\FACET_Dataset\Segmented_FACET_0.2_fixed_label\sa_9940945.jpg,5,5,4,1,0.4455152153968811,5,5,5,4,1,0,1,1,1
G:\Thesis\FACET_Dataset\Segmented_FACET_0.2_fixed_label\sa_3498011.jpg,5,5,4,1,0.4142325222492218,5,5,5,4,1,0,1,1,1
G:\Thesis\FACET_Dataset\Segmented_FACET_0.2_fixed_label\sa_3063578.jpg,2,2,1,0,0.3085688352584839,4,4,4,3,1,2,0,0,0
G:\Thesis\FACET_Dataset\Segmented_FACET_0.2_fixed_label\sa_1085632.jpg,3,3,2,0,0.2446533888578415,3,3,3,2,0,0,1,1,1
G:\Thesis\FACET_Dataset\Segmented_FACET_0.2_fixed_label\sa_1649830.jpg,6,6,5,1,0.45848599076271057,5,5,5,4,1,1,0,1,1
G:\Thesis\FACET_Dataset\Segmented_FACET_0.2_fixed_label\sa_7841522.jpg,6,6,5,1,0.39070725440979004,5,5,5,4,1,1,0,1,1
G:\Thesis\FACET_Dataset\Segmented_FACET_0.2_fixed_label\sa_2257401.jpg,4,4,3,1,0.308009535074234,4,4,4,3,1,0,1,1,1
G:\Thesis\FACET_Dataset\Segmented_FACET_0.2_fixed_label\sa_3488835.jpg,3,3,2,0,0.5905604958534241,6,6,6,5,1,3,0,0,0
G:\Thesis\FACET_Dataset\Segmented_FACET_0.2_fixed_label\sa_6181577.jpg,7,7,6,1,0.48783501982688904,5,5,5,4,1,2,0,0,1
G:\Thesis\FACET_Dataset\Segmented_FACET_0.2_fixed_label\sa_7910640.jpg,9,9,8,2,0.5500509738922119,6,6,6,5,1,3,0,0,0
G:\Thesis\FACET_Dataset\Segmented_FACET_0.2_fixed_label\sa_285591.jpg,2,2,1,0,0.22244766354560852,3,3,3,2,0,1,0,1,1
G:\Thesis\FACET_Dataset\Segmented_FACET_0.2_fixed_label\sa_7080856.jpg,3,3,2,0,0.3434683680534363,4,4,4,3,1,1,0,1,0
G:\Thesis\FACET_Dataset\Segmented_FACET_0.2_fixed_label\sa_4931458.jpg,4,4,3,1,0.49157676100730896,5,5,5,4,1,1,0,1,1
G:\Thesis\FACET_Dataset\Segmented_FACET_0.2_fixed_label\sa_9336068.jpg,2,2,1,0,0.32809877395629883,4,4,4,3,1,2,0,0,0
G:\Thesis\FACET_Dataset\Segmented_FACET_0.2_fixed_label\sa_3130679.jpg,7,7,6,1,0.27922818064689636,4,4,4,3,1,3,0,0,1
G:\Thesis\FACET_Dataset\Segmented_FACET_0.2_fixed_label\sa_4596018.jpg,3,3,2,0,0.2634503245353699,3,3,3,2,0,0,1,1,1
G:\Thesis\FACET_Dataset\Segmented_FACET_0.2_fixed_label\sa_116856.jpg,2,2,1,0,0.1923578977584839,3,3,3,2,0,1,0,1,1
G:\Thesis\FACET_Dataset\Segmented_FACET_0.2_fixed_label\sa_10174018.jpg,5,5,4,1,0.5361822843551636,6,6,6,5,1,1,0,1,1
G:\Thesis\FACET_Dataset\Segmented_FACET_0.2_fixed_label\sa_7425073.jpg,3,3,2,0,0.15599843859672546,2,2,2,1,0,1,0,1,1
G:\Thesis\FACET_Dataset\Segmented_FACET_0.2_fixed_label\sa_2854264.jpg,1,1,0,0,0.150967076420784,2,2,2,1,0,1,0,1,1
G:\Thesis\FACET_Dataset\Segmented_FACET_0.2_fixed_label\sa_3342345.jpg,3,3,2,0,0.223685622215271,3,3,3,2,0,0,1,1,1
G:\Thesis\FACET_Dataset\Segmented_FACET_0.2_fixed_label\sa_6496164.jpg,2,2,1,0,0.2537243366241455,3,3,3,2,0,1,0,1,1
G:\Thesis\FACET_Dataset\Segmented_FACET_0.2_fixed_label\sa_1019131.jpg,5,5,4,1,0.3695395290851593,4,4,4,3,1,1,0,1,1
G:\Thesis\FACET_Dataset\Segmented_FACET_0.2_fixed_label\sa_9463288.jpg,6,6,5,1,0.4501779079437256,5,5,5,4,1,1,0,1,1
G:\Thesis\FACET_Dataset\Segmented_FACET_0.2_fixed_label\sa_8493050.jpg,3,3,2,0,0.36082902550697327,4,4,4,3,1,1,0,1,0
G:\Thesis\FACET_Dataset\Segmented_FACET_0.2_fixed_label\sa_3462857.jpg,3,3,2,0,0.2336626499891281,3,3,3,2,0,0,1,1,1
G:\Thesis\FACET_Dataset\Segmented_FACET_0.2_fixed_label\sa_10174351.jpg,5,5,4,1,0.35394397377967834,4,4,4,3,1,1,0,1,1
G:\Thesis\FACET_Dataset\Segmented_FACET_0.2_fixed_label\sa_395957.jpg,4,4,3,1,0.4048139452934265,5,5,5,4,1,1,0,1,1
G:\Thesis\FACET_Dataset\Segmented_FACET_0.2_fixed_label\sa_3349120.jpg,2,2,1,0,0.15948812663555145,2,2,2,1,0,0,1,1,1
G:\Thesis\FACET_Dataset\Segmented_FACET_0.2_fixed_label\sa_4883278.jpg,3,3,2,0,0.23064427077770233,3,3,3,2,0,0,1,1,1
G:\Thesis\FACET_Dataset\Segmented_FACET_0.2_fixed_label\sa_1754250.jpg,3,3,2,0,0.21031121909618378,3,3,3,2,0,0,1,1,1
G:\Thesis\FACET_Dataset\Segmented_FACET_0.2_fixed_label\sa_9623538.jpg,5,5,4,1,0.39678463339805603,5,5,5,4,1,0,1,1,1
G:\Thesis\FACET_Dataset\Segmented_FACET_0.2_fixed_label\sa_6864676.jpg,5,5,4,1,0.24176713824272156,3,3,3,2,0,2,0,0,0
G:\Thesis\FACET_Dataset\Segmented_FACET_0.2_fixed_label\sa_3528102.jpg,7,7,6,1,0.6634696125984192,7,7,7,6,1,0,1,1,1
G:\Thesis\FACET_Dataset\Segmented_FACET_0.2_fixed_label\sa_3427390.jpg,5,5,4,1,0.47823116183280945,5,5,5,4,1,0,1,1,1
G:\Thesis\FACET_Dataset\Segmented_FACET_0.2_fixed_label\sa_5720992.jpg,5,5,4,1,0.4861239790916443,5,5,5,4,1,0,1,1,1
G:\Thesis\FACET_Dataset\Segmented_FACET_0.2_fixed_label\sa_5898213.jpg,3,3,2,0,0.31779590249061584,4,4,4,3,1,1,0,1,0
G:\Thesis\FACET_Dataset\Segmented_FACET_0.2_fixed_label\sa_8427177.jpg,3,3,2,0,0.32616278529167175,4,4,4,3,1,1,0,1,0
G:\Thesis\FACET_Dataset\Segmented_FACET_0.2_fixed_label\sa_2441429.jpg,2,2,1,0,0.4879027307033539,5,5,5,4,1,3,0,0,0
G:\Thesis\FACET_Dataset\Segmented_FACET_0.2_fixed_label\sa_1083087.jpg,6,6,5,1,0.486745148897171,5,5,5,4,1,1,0,1,1
G:\Thesis\FACET_Dataset\Segmented_FACET_0.2_fixed_label\sa_3841968.jpg,2,2,1,0,0.2994459569454193,4,4,4,3,1,2,0,0,0
G:\Thesis\FACET_Dataset\Segmented_FACET_0.2_fixed_label\sa_5493425.jpg,6,6,5,1,0.31176868081092834,4,4,4,3,1,2,0,0,1
G:\Thesis\FACET_Dataset\Segmented_FACET_0.2_fixed_label\sa_7635564.jpg,3,3,2,0,0.25798431038856506,3,3,3,2,0,0,1,1,1
G:\Thesis\FACET_Dataset\Segmented_FACET_0.2_fixed_label\sa_8142394.jpg,3,3,2,0,0.24088947474956512,3,3,3,2,0,0,1,1,1
G:\Thesis\FACET_Dataset\Segmented_FACET_0.2_fixed_label\sa_4169142.jpg,7,7,6,1,0.6294506192207336,7,7,7,6,1,0,1,1,1
G:\Thesis\FACET_Dataset\Segmented_FACET_0.2_fixed_label\sa_5735246.jpg,3,3,2,0,0.39376720786094666,5,5,5,4,1,2,0,0,0
G:\Thesis\FACET_Dataset\Segmented_FACET_0.2_fixed_label\sa_11038125.jpg,2,2,1,0,0.5552121996879578,6,6,6,5,1,4,0,0,0
G:\Thesis\FACET_Dataset\Segmented_FACET_0.2_fixed_label\sa_4069391.jpg,6,6,5,1,0.44359657168388367,5,5,5,4,1,1,0,1,1
G:\Thesis\FACET_Dataset\Segmented_FACET_0.2_fixed_label\sa_5075984.jpg,7,7,6,1,0.5172379016876221,6,6,6,5,1,1,0,1,1
G:\Thesis\FACET_Dataset\Segmented_FACET_0.2_fixed_label\sa_4678099.jpg,6,6,5,1,0.45031464099884033,5,5,5,4,1,1,0,1,1
G:\Thesis\FACET_Dataset\Segmented_FACET_0.2_fixed_label\sa_3478678.jpg,8,8,7,2,0.5122516751289368,6,6,6,5,1,2,0,0,0
G:\Thesis\FACET_Dataset\Segmented_FACET_0.2_fixed_label\sa_3130679.jpg,5,5,4,1,0.27922818064689636,4,4,4,3,1,1,0,1,1
G:\Thesis\FACET_Dataset\Segmented_FACET_0.2_fixed_label\sa_10811834.jpg,3,3,2,0,0.395072340965271,5,5,5,4,1,2,0,0,0
G:\Thesis\FACET_Dataset\Segmented_FACET_0.2_fixed_label\sa_139877.jpg,6,6,5,1,0.45793044567108154,5,5,5,4,1,1,0,1,1
G:\Thesis\FACET_Dataset\Segmented_FACET_0.2_fixed_label\sa_5176932.jpg,1,1,0,0,0.3385377526283264,4,4,4,3,1,3,0,0,0
G:\Thesis\FACET_Dataset\Segmented_FACET_0.2_fixed_label\sa_8344021.jpg,2,2,1,0,0.27840280532836914,4,4,4,3,1,2,0,0,0
G:\Thesis\FACET_Dataset\Segmented_FACET_0.2_fixed_label\sa_9110194.jpg,4,4,3,1,0.23983754217624664,3,3,3,2,0,1,0,1,0
G:\Thesis\FACET_Dataset\Segmented_FACET_0.2_fixed_label\sa_4012126.jpg,4,4,3,1,0.36415985226631165,4,4,4,3,1,0,1,1,1
G:\Thesis\FACET_Dataset\Segmented_FACET_0.2_fixed_label\sa_144272.jpg,5,5,4,1,0.17555417120456696,3,3,3,2,0,2,0,0,0
G:\Thesis\FACET_Dataset\Segmented_FACET_0.2_fixed_label\sa_8836682.jpg,9,9,8,2,0.2561632990837097,3,3,3,2,0,6,0,0,0
G:\Thesis\FACET_Dataset\Segmented_FACET_0.2_fixed_label\sa_5966367.jpg,2,2,1,0,0.2756974399089813,3,3,3,2,0,1,0,1,1
G:\Thesis\FACET_Dataset\Segmented_FACET_0.2_fixed_label\sa_7474623.jpg,5,5,4,1,0.360831618309021,4,4,4,3,1,1,0,1,1
G:\Thesis\FACET_Dataset\Segmented_FACET_0.2_fixed_label\sa_10417254.jpg,4,4,3,1,0.5621337294578552,6,6,6,5,1,2,0,0,1
G:\Thesis\FACET_Dataset\Segmented_FACET_0.2_fixed_label\sa_975478.jpg,3,3,2,0,0.27343475818634033,3,3,3,2,0,0,1,1,1
G:\Thesis\FACET_Dataset\Segmented_FACET_0.2_fixed_label\sa_8408637.jpg,3,3,2,0,0.2750316858291626,3,3,3,2,0,0,1,1,1
G:\Thesis\FACET_Dataset\Segmented_FACET_0.2_fixed_label\sa_43021.jpg,2,2,1,0,0.47865691781044006,5,5,5,4,1,3,0,0,0
G:\Thesis\FACET_Dataset\Segmented_FACET_0.2_fixed_label\sa_756675.jpg,4,4,3,1,0.382091224193573,4,4,4,3,1,0,1,1,1
G:\Thesis\FACET_Dataset\Segmented_FACET_0.2_fixed_label\sa_8514320.jpg,4,4,3,1,0.5858129262924194,6,6,6,5,1,2,0,0,1
G:\Thesis\FACET_Dataset\Segmented_FACET_0.2_fixed_label\sa_684150.jpg,3,3,2,0,0.20395097136497498,3,3,3,2,0,0,1,1,1
G:\Thesis\FACET_Dataset\Segmented_FACET_0.2_fixed_label\sa_8759833.jpg,2,2,1,0,0.4658489525318146,5,5,5,4,1,3,0,0,0
G:\Thesis\FACET_Dataset\Segmented_FACET_0.2_fixed_label\sa_2952491.jpg,6,6,5,1,0.23714996874332428,3,3,3,2,0,3,0,0,0
G:\Thesis\FACET_Dataset\Segmented_FACET_0.2_fixed_label\sa_3743004.jpg,5,5,4,1,0.23899726569652557,3,3,3,2,0,2,0,0,0
G:\Thesis\FACET_Dataset\Segmented_FACET_0.2_fixed_label\sa_8671362.jpg,3,3,2,0,0.36055541038513184,4,4,4,3,1,1,0,1,0
G:\Thesis\FACET_Dataset\Segmented_FACET_0.2_fixed_label\sa_4512725.jpg,4,4,3,1,0.3478849530220032,4,4,4,3,1,0,1,1,1
G:\Thesis\FACET_Dataset\Segmented_FACET_0.2_fixed_label\sa_10881675.jpg,7,7,6,1,0.5971367359161377,6,6,6,5,1,1,0,1,1
G:\Thesis\FACET_Dataset\Segmented_FACET_0.2_fixed_label\sa_10480752.jpg,3,3,2,0,0.41650986671447754,5,5,5,4,1,2,0,0,0
G:\Thesis\FACET_Dataset\Segmented_FACET_0.2_fixed_label\sa_7975682.jpg,3,3,2,0,0.41688549518585205,5,5,5,4,1,2,0,0,0
G:\Thesis\FACET_Dataset\Segmented_FACET_0.2_fixed_label\sa_6101481.jpg,4,4,3,1,0.2727228105068207,3,3,3,2,0,1,0,1,0
G:\Thesis\FACET_Dataset\Segmented_FACET_0.2_fixed_label\sa_7405457.jpg,2,2,1,0,0.21486717462539673,3,3,3,2,0,1,0,1,1
G:\Thesis\FACET_Dataset\Segmented_FACET_0.2_fixed_label\sa_6761319.jpg,7,7,6,1,0.3910660147666931,5,5,5,4,1,2,0,0,1
G:\Thesis\FACET_Dataset\Segmented_FACET_0.2_fixed_label\sa_11041036.jpg,2,2,1,0,0.14582982659339905,2,2,2,1,0,0,1,1,1
G:\Thesis\FACET_Dataset\Segmented_FACET_0.2_fixed_label\sa_721088.jpg,2,2,1,0,0.27010440826416016,3,3,3,2,0,1,0,1,1
G:\Thesis\FACET_Dataset\Segmented_FACET_0.2_fixed_label\sa_10621873.jpg,3,3,2,0,0.34522777795791626,4,4,4,3,1,1,0,1,0
G:\Thesis\FACET_Dataset\Segmented_FACET_0.2_fixed_label\sa_2485477.jpg,5,5,4,1,0.34610632061958313,4,4,4,3,1,1,0,1,1
G:\Thesis\FACET_Dataset\Segmented_FACET_0.2_fixed_label\sa_4352310.jpg,3,3,2,0,0.2989726662635803,4,4,4,3,1,1,0,1,0
G:\Thesis\FACET_Dataset\Segmented_FACET_0.2_fixed_label\sa_6458048.jpg,3,3,2,0,0.2587895393371582,3,3,3,2,0,0,1,1,1
G:\Thesis\FACET_Dataset\Segmented_FACET_0.2_fixed_label\sa_10802327.jpg,2,2,1,0,0.11735094338655472,2,2,2,1,0,0,1,1,1
G:\Thesis\FACET_Dataset\Segmented_FACET_0.2_fixed_label\sa_1229254.jpg,3,3,2,0,0.12482088059186935,2,2,2,1,0,1,0,1,1
G:\Thesis\FACET_Dataset\Segmented_FACET_0.2_fixed_label\sa_3176102.jpg,3,3,2,0,0.23332703113555908,3,3,3,2,0,0,1,1,1
G:\Thesis\FACET_Dataset\Segmented_FACET_0.2_fixed_label\sa_6069199.jpg,7,7,6,1,0.6045032143592834,6,6,6,5,1,1,0,1,1
G:\Thesis\FACET_Dataset\Segmented_FACET_0.2_fixed_label\sa_3625603.jpg,3,3,2,0,0.22176040709018707,3,3,3,2,0,0,1,1,1
G:\Thesis\FACET_Dataset\Segmented_FACET_0.2_fixed_label\sa_832972.jpg,3,3,2,0,0.12376798689365387,2,2,2,1,0,1,0,1,1
G:\Thesis\FACET_Dataset\Segmented_FACET_0.2_fixed_label\sa_10498237.jpg,2,2,1,0,0.28395459055900574,4,4,4,3,1,2,0,0,0
G:\Thesis\FACET_Dataset\Segmented_FACET_0.2_fixed_label\sa_8748882.jpg,5,5,4,1,0.433849960565567,5,5,5,4,1,0,1,1,1
G:\Thesis\FACET_Dataset\Segmented_FACET_0.2_fixed_label\sa_5717218.jpg,4,4,3,1,0.3713887929916382,4,4,4,3,1,0,1,1,1
G:\Thesis\FACET_Dataset\Segmented_FACET_0.2_fixed_label\sa_10003058.jpg,5,5,4,1,0.34950029850006104,4,4,4,3,1,1,0,1,1
G:\Thesis\FACET_Dataset\Segmented_FACET_0.2_fixed_label\sa_1541786.jpg,5,5,4,1,0.49535369873046875,5,5,5,4,1,0,1,1,1
G:\Thesis\FACET_Dataset\Segmented_FACET_0.2_fixed_label\sa_10899468.jpg,3,3,2,0,0.3007785379886627,4,4,4,3,1,1,0,1,0
G:\Thesis\FACET_Dataset\Segmented_FACET_0.2_fixed_label\sa_4185296.jpg,4,4,3,1,0.2363336980342865,3,3,3,2,0,1,0,1,0
G:\Thesis\FACET_Dataset\Segmented_FACET_0.2_fixed_label\sa_8313980.jpg,4,4,3,1,0.29845550656318665,4,4,4,3,1,0,1,1,1
G:\Thesis\FACET_Dataset\Segmented_FACET_0.2_fixed_label\sa_6578720.jpg,2,2,1,0,0.08747151494026184,2,2,2,1,0,0,1,1,1
G:\Thesis\FACET_Dataset\Segmented_FACET_0.2_fixed_label\sa_7853872.jpg,3,3,2,0,0.15692119300365448,2,2,2,1,0,1,0,1,1
G:\Thesis\FACET_Dataset\Segmented_FACET_0.2_fixed_label\sa_3177886.jpg,4,4,3,1,0.5449315309524536,6,6,6,5,1,2,0,0,1
G:\Thesis\FACET_Dataset\Segmented_FACET_0.2_fixed_label\sa_7828662.jpg,4,4,3,1,0.4887253940105438,5,5,5,4,1,1,0,1,1
G:\Thesis\FACET_Dataset\Segmented_FACET_0.2_fixed_label\sa_10329456.jpg,2,2,1,0,0.2808248996734619,4,4,4,3,1,2,0,0,0
G:\Thesis\FACET_Dataset\Segmented_FACET_0.2_fixed_label\sa_3699842.jpg,3,3,2,0,0.20410728454589844,3,3,3,2,0,0,1,1,1
G:\Thesis\FACET_Dataset\Segmented_FACET_0.2_fixed_label\sa_2377855.jpg,8,8,7,2,0.6383116841316223,7,7,7,6,1,1,0,1,0
G:\Thesis\FACET_Dataset\Segmented_FACET_0.2_fixed_label\sa_8690131.jpg,5,5,4,1,0.31082943081855774,4,4,4,3,1,1,0,1,1
G:\Thesis\FACET_Dataset\Segmented_FACET_0.2_fixed_label\sa_3921809.jpg,5,5,4,1,0.39271584153175354,5,5,5,4,1,0,1,1,1
G:\Thesis\FACET_Dataset\Segmented_FACET_0.2_fixed_label\sa_2684937.jpg,2,2,1,0,0.49093005061149597,5,5,5,4,1,3,0,0,0
G:\Thesis\FACET_Dataset\Segmented_FACET_0.2_fixed_label\sa_9354391.jpg,3,3,2,0,0.3239920437335968,4,4,4,3,1,1,0,1,0
G:\Thesis\FACET_Dataset\Segmented_FACET_0.2_fixed_label\sa_9564189.jpg,2,2,1,0,0.24645261466503143,3,3,3,2,0,1,0,1,1
G:\Thesis\FACET_Dataset\Segmented_FACET_0.2_fixed_label\sa_8250972.jpg,6,6,5,1,0.48722413182258606,5,5,5,4,1,1,0,1,1
G:\Thesis\FACET_Dataset\Segmented_FACET_0.2_fixed_label\sa_585794.jpg,4,4,3,1,0.46283313632011414,5,5,5,4,1,1,0,1,1
G:\Thesis\FACET_Dataset\Segmented_FACET_0.2_fixed_label\sa_3152909.jpg,3,3,2,0,0.37647488713264465,4,4,4,3,1,1,0,1,0
G:\Thesis\FACET_Dataset\Segmented_FACET_0.2_fixed_label\sa_3135328.jpg,5,5,4,1,0.5531631708145142,6,6,6,5,1,1,0,1,1
G:\Thesis\FACET_Dataset\Segmented_FACET_0.2_fixed_label\sa_4588306.jpg,2,2,1,0,0.4027062654495239,5,5,5,4,1,3,0,0,0
G:\Thesis\FACET_Dataset\Segmented_FACET_0.2_fixed_label\sa_1996974.jpg,5,5,4,1,0.3203964829444885,4,4,4,3,1,1,0,1,1
G:\Thesis\FACET_Dataset\Segmented_FACET_0.2_fixed_label\sa_2889760.jpg,6,6,5,1,0.46426698565483093,5,5,5,4,1,1,0,1,1
G:\Thesis\FACET_Dataset\Segmented_FACET_0.2_fixed_label\sa_1978583.jpg,5,5,4,1,0.39202186465263367,5,5,5,4,1,0,1,1,1
G:\Thesis\FACET_Dataset\Segmented_FACET_0.2_fixed_label\sa_10002712.jpg,4,4,3,1,0.3131418526172638,4,4,4,3,1,0,1,1,1
G:\Thesis\FACET_Dataset\Segmented_FACET_0.2_fixed_label\sa_5999444.jpg,6,6,5,1,0.4080636203289032,5,5,5,4,1,1,0,1,1
G:\Thesis\FACET_Dataset\Segmented_FACET_0.2_fixed_label\sa_5858945.jpg,4,4,3,1,0.5199308395385742,6,6,6,5,1,2,0,0,1
G:\Thesis\FACET_Dataset\Segmented_FACET_0.2_fixed_label\sa_3627160.jpg,3,3,2,0,0.5293030142784119,6,6,6,5,1,3,0,0,0
G:\Thesis\FACET_Dataset\Segmented_FACET_0.2_fixed_label\sa_6812175.jpg,3,3,2,0,0.4001687467098236,5,5,5,4,1,2,0,0,0
G:\Thesis\FACET_Dataset\Segmented_FACET_0.2_fixed_label\sa_9563959.jpg,3,3,2,0,0.3766205310821533,4,4,4,3,1,1,0,1,0
G:\Thesis\FACET_Dataset\Segmented_FACET_0.2_fixed_label\sa_4521162.jpg,3,3,2,0,0.4588536322116852,5,5,5,4,1,2,0,0,0
G:\Thesis\FACET_Dataset\Segmented_FACET_0.2_fixed_label\sa_10001648.jpg,6,6,5,1,0.4477775990962982,5,5,5,4,1,1,0,1,1
G:\Thesis\FACET_Dataset\Segmented_FACET_0.2_fixed_label\sa_801379.jpg,4,4,3,1,0.2742590606212616,3,3,3,2,0,1,0,1,0
G:\Thesis\FACET_Dataset\Segmented_FACET_0.2_fixed_label\sa_6546235.jpg,6,6,5,1,0.2950218915939331,4,4,4,3,1,2,0,0,1
G:\Thesis\FACET_Dataset\Segmented_FACET_0.2_fixed_label\sa_2411349.jpg,4,4,3,1,0.34681767225265503,4,4,4,3,1,0,1,1,1
G:\Thesis\FACET_Dataset\Segmented_FACET_0.2_fixed_label\sa_10821561.jpg,3,3,2,0,0.3217068314552307,4,4,4,3,1,1,0,1,0
G:\Thesis\FACET_Dataset\Segmented_FACET_0.2_fixed_label\sa_1041700.jpg,2,2,1,0,0.4417583644390106,5,5,5,4,1,3,0,0,0
G:\Thesis\FACET_Dataset\Segmented_FACET_0.2_fixed_label\sa_10964667.jpg,3,3,2,0,0.33491969108581543,4,4,4,3,1,1,0,1,0
G:\Thesis\FACET_Dataset\Segmented_FACET_0.2_fixed_label\sa_3275694.jpg,6,6,5,1,0.37810954451560974,4,4,4,3,1,2,0,0,1
G:\Thesis\FACET_Dataset\Segmented_FACET_0.2_fixed_label\sa_5982826.jpg,8,8,7,2,0.7291242480278015,8,8,8,7,2,0,1,1,1
G:\Thesis\FACET_Dataset\Segmented_FACET_0.2_fixed_label\sa_4407036.jpg,1,1,0,0,0.3686755895614624,4,4,4,3,1,3,0,0,0
G:\Thesis\FACET_Dataset\Segmented_FACET_0.2_fixed_label\sa_10189697.jpg,7,7,6,1,0.6797827482223511,7,7,7,6,1,0,1,1,1
G:\Thesis\FACET_Dataset\Segmented_FACET_0.2_fixed_label\sa_8011527.jpg,2,2,1,0,0.3234066367149353,4,4,4,3,1,2,0,0,0
G:\Thesis\FACET_Dataset\Segmented_FACET_0.2_fixed_label\sa_273420.jpg,4,4,3,1,0.22533845901489258,3,3,3,2,0,1,0,1,0
G:\Thesis\FACET_Dataset\Segmented_FACET_0.2_fixed_label\sa_1809016.jpg,4,4,3,1,0.2981893718242645,4,4,4,3,1,0,1,1,1
G:\Thesis\FACET_Dataset\Segmented_FACET_0.2_fixed_label\sa_8448924.jpg,7,7,6,1,0.4682855010032654,5,5,5,4,1,2,0,0,1
G:\Thesis\FACET_Dataset\Segmented_FACET_0.2_fixed_label\sa_4781192.jpg,2,2,1,0,0.3653584122657776,4,4,4,3,1,2,0,0,0
G:\Thesis\FACET_Dataset\Segmented_FACET_0.2_fixed_label\sa_2278640.jpg,2,2,1,0,0.34998586773872375,4,4,4,3,1,2,0,0,0
G:\Thesis\FACET_Dataset\Segmented_FACET_0.2_fixed_label\sa_7429624.jpg,6,6,5,1,0.5039098858833313,6,6,6,5,1,0,1,1,1
G:\Thesis\FACET_Dataset\Segmented_FACET_0.2_fixed_label\sa_3973611.jpg,4,4,3,1,0.7399771809577942,8,8,8,7,2,4,0,0,0
G:\Thesis\FACET_Dataset\Segmented_FACET_0.2_fixed_label\sa_4586335.jpg,3,3,2,0,0.4100944399833679,5,5,5,4,1,2,0,0,0
G:\Thesis\FACET_Dataset\Segmented_FACET_0.2_fixed_label\sa_7237800.jpg,7,7,6,1,0.505713701248169,6,6,6,5,1,1,0,1,1
G:\Thesis\FACET_Dataset\Segmented_FACET_0.2_fixed_label\sa_2965847.jpg,5,5,4,1,0.2815699279308319,4,4,4,3,1,1,0,1,1
G:\Thesis\FACET_Dataset\Segmented_FACET_0.2_fixed_label\sa_10267437.jpg,4,4,3,1,0.45988893508911133,5,5,5,4,1,1,0,1,1
G:\Thesis\FACET_Dataset\Segmented_FACET_0.2_fixed_label\sa_1874625.jpg,4,4,3,1,0.34612134099006653,4,4,4,3,1,0,1,1,1
G:\Thesis\FACET_Dataset\Segmented_FACET_0.2_fixed_label\sa_10782000.jpg,7,7,6,1,0.5703421235084534,6,6,6,5,1,1,0,1,1
G:\Thesis\FACET_Dataset\Segmented_FACET_0.2_fixed_label\sa_3681103.jpg,3,3,2,0,0.48147064447402954,5,5,5,4,1,2,0,0,0
G:\Thesis\FACET_Dataset\Segmented_FACET_0.2_fixed_label\sa_7491961.jpg,4,4,3,1,0.3509335219860077,4,4,4,3,1,0,1,1,1
G:\Thesis\FACET_Dataset\Segmented_FACET_0.2_fixed_label\sa_3841968.jpg,5,5,4,1,0.2994459569454193,4,4,4,3,1,1,0,1,1
G:\Thesis\FACET_Dataset\Segmented_FACET_0.2_fixed_label\sa_5158655.jpg,7,7,6,1,0.7315378189086914,8,8,8,7,2,1,0,1,0
G:\Thesis\FACET_Dataset\Segmented_FACET_0.2_fixed_label\sa_1249342.jpg,4,4,3,1,0.4646216332912445,5,5,5,4,1,1,0,1,1
G:\Thesis\FACET_Dataset\Segmented_FACET_0.2_fixed_label\sa_1105627.jpg,3,3,2,0,0.2891051173210144,4,4,4,3,1,1,0,1,0
G:\Thesis\FACET_Dataset\Segmented_FACET_0.2_fixed_label\sa_2785970.jpg,3,3,2,0,0.38022997975349426,4,4,4,3,1,1,0,1,0
G:\Thesis\FACET_Dataset\Segmented_FACET_0.2_fixed_label\sa_1170848.jpg,3,3,2,0,0.42010971903800964,5,5,5,4,1,2,0,0,0
G:\Thesis\FACET_Dataset\Segmented_FACET_0.2_fixed_label\sa_196464.jpg,8,8,7,2,0.45701393485069275,5,5,5,4,1,3,0,0,0
G:\Thesis\FACET_Dataset\Segmented_FACET_0.2_fixed_label\sa_6229908.jpg,2,2,1,0,0.19013625383377075,3,3,3,2,0,1,0,1,1
G:\Thesis\FACET_Dataset\Segmented_FACET_0.2_fixed_label\sa_6353199.jpg,2,2,1,0,0.48929736018180847,5,5,5,4,1,3,0,0,0
G:\Thesis\FACET_Dataset\Segmented_FACET_0.2_fixed_label\sa_9249401.jpg,3,3,2,0,0.3578075170516968,4,4,4,3,1,1,0,1,0
G:\Thesis\FACET_Dataset\Segmented_FACET_0.2_fixed_label\sa_639715.jpg,5,5,4,1,0.2748608887195587,3,3,3,2,0,2,0,0,0
G:\Thesis\FACET_Dataset\Segmented_FACET_0.2_fixed_label\sa_4528508.jpg,5,5,4,1,0.4023594260215759,5,5,5,4,1,0,1,1,1
G:\Thesis\FACET_Dataset\Segmented_FACET_0.2_fixed_label\sa_10022161.jpg,2,2,1,0,0.14316898584365845,2,2,2,1,0,0,1,1,1
G:\Thesis\FACET_Dataset\Segmented_FACET_0.2_fixed_label\sa_7060267.jpg,2,2,1,0,0.3285030126571655,4,4,4,3,1,2,0,0,0
G:\Thesis\FACET_Dataset\Segmented_FACET_0.2_fixed_label\sa_7771062.jpg,3,3,2,0,0.35707423090934753,4,4,4,3,1,1,0,1,0
G:\Thesis\FACET_Dataset\Segmented_FACET_0.2_fixed_label\sa_1886950.jpg,8,8,7,2,0.5207781791687012,6,6,6,5,1,2,0,0,0
G:\Thesis\FACET_Dataset\Segmented_FACET_0.2_fixed_label\sa_3065809.jpg,5,5,4,1,0.30337873101234436,4,4,4,3,1,1,0,1,1
G:\Thesis\FACET_Dataset\Segmented_FACET_0.2_fixed_label\sa_6533539.jpg,6,6,5,1,0.5736489295959473,6,6,6,5,1,0,1,1,1
G:\Thesis\FACET_Dataset\Segmented_FACET_0.2_fixed_label\sa_8867275.jpg,2,2,1,0,0.30462923645973206,4,4,4,3,1,2,0,0,0
G:\Thesis\FACET_Dataset\Segmented_FACET_0.2_fixed_label\sa_6418033.jpg,4,4,3,1,0.39851266145706177,5,5,5,4,1,1,0,1,1
G:\Thesis\FACET_Dataset\Segmented_FACET_0.2_fixed_label\sa_7680187.jpg,2,2,1,0,0.37632912397384644,4,4,4,3,1,2,0,0,0
G:\Thesis\FACET_Dataset\Segmented_FACET_0.2_fixed_label\sa_9665972.jpg,2,2,1,0,0.44484180212020874,5,5,5,4,1,3,0,0,0
G:\Thesis\FACET_Dataset\Segmented_FACET_0.2_fixed_label\sa_2320381.jpg,3,3,2,0,0.2473134696483612,3,3,3,2,0,0,1,1,1
G:\Thesis\FACET_Dataset\Segmented_FACET_0.2_fixed_label\sa_9152044.jpg,4,4,3,1,0.31980204582214355,4,4,4,3,1,0,1,1,1
G:\Thesis\FACET_Dataset\Segmented_FACET_0.2_fixed_label\sa_6106860.jpg,2,2,1,0,0.23454739153385162,3,3,3,2,0,1,0,1,1
G:\Thesis\FACET_Dataset\Segmented_FACET_0.2_fixed_label\sa_4835154.jpg,5,5,4,1,0.3532995879650116,4,4,4,3,1,1,0,1,1
G:\Thesis\FACET_Dataset\Segmented_FACET_0.2_fixed_label\sa_5589099.jpg,3,3,2,0,0.21244563162326813,3,3,3,2,0,0,1,1,1
G:\Thesis\FACET_Dataset\Segmented_FACET_0.2_fixed_label\sa_9174572.jpg,2,2,1,0,0.40083175897598267,5,5,5,4,1,3,0,0,0
G:\Thesis\FACET_Dataset\Segmented_FACET_0.2_fixed_label\sa_9464221.jpg,3,3,2,0,0.4828200340270996,5,5,5,4,1,2,0,0,0
G:\Thesis\FACET_Dataset\Segmented_FACET_0.2_fixed_label\sa_4101104.jpg,4,4,3,1,0.2547098696231842,3,3,3,2,0,1,0,1,0
G:\Thesis\FACET_Dataset\Segmented_FACET_0.2_fixed_label\sa_3900050.jpg,5,5,4,1,0.2857540249824524,4,4,4,3,1,1,0,1,1
G:\Thesis\FACET_Dataset\Segmented_FACET_0.2_fixed_label\sa_2782825.jpg,4,4,3,1,0.24045005440711975,3,3,3,2,0,1,0,1,0
G:\Thesis\FACET_Dataset\Segmented_FACET_0.2_fixed_label\sa_4462916.jpg,4,4,3,1,0.1681087613105774,3,3,3,2,0,1,0,1,0
G:\Thesis\FACET_Dataset\Segmented_FACET_0.2_fixed_label\sa_4490676.jpg,6,6,5,1,0.6765083074569702,7,7,7,6,1,1,0,1,1
G:\Thesis\FACET_Dataset\Segmented_FACET_0.2_fixed_label\sa_7841522.jpg,6,6,5,1,0.39070725440979004,5,5,5,4,1,1,0,1,1
G:\Thesis\FACET_Dataset\Segmented_FACET_0.2_fixed_label\sa_7930860.jpg,5,5,4,1,0.40098172426223755,5,5,5,4,1,0,1,1,1
G:\Thesis\FACET_Dataset\Segmented_FACET_0.2_fixed_label\sa_1163698.jpg,4,4,3,1,0.4658794105052948,5,5,5,4,1,1,0,1,1
G:\Thesis\FACET_Dataset\Segmented_FACET_0.2_fixed_label\sa_11027219.jpg,3,3,2,0,0.3346783220767975,4,4,4,3,1,1,0,1,0
G:\Thesis\FACET_Dataset\Segmented_FACET_0.2_fixed_label\sa_10531868.jpg,3,3,2,0,0.39289987087249756,5,5,5,4,1,2,0,0,0
G:\Thesis\FACET_Dataset\Segmented_FACET_0.2_fixed_label\sa_10235089.jpg,8,8,7,2,0.33588653802871704,4,4,4,3,1,4,0,0,0
G:\Thesis\FACET_Dataset\Segmented_FACET_0.2_fixed_label\sa_5889695.jpg,6,6,5,1,0.17523425817489624,3,3,3,2,0,3,0,0,0
G:\Thesis\FACET_Dataset\Segmented_FACET_0.2_fixed_label\sa_5504254.jpg,2,2,1,0,0.16328996419906616,2,2,2,1,0,0,1,1,1
G:\Thesis\FACET_Dataset\Segmented_FACET_0.2_fixed_label\sa_4138210.jpg,2,2,1,0,0.35442110896110535,4,4,4,3,1,2,0,0,0
G:\Thesis\FACET_Dataset\Segmented_FACET_0.2_fixed_label\sa_1428763.jpg,5,5,4,1,0.5254541635513306,6,6,6,5,1,1,0,1,1
G:\Thesis\FACET_Dataset\Segmented_FACET_0.2_fixed_label\sa_7377444.jpg,2,2,1,0,0.20896105468273163,3,3,3,2,0,1,0,1,1
G:\Thesis\FACET_Dataset\Segmented_FACET_0.2_fixed_label\sa_3110162.jpg,4,4,3,1,0.24547599256038666,3,3,3,2,0,1,0,1,0
G:\Thesis\FACET_Dataset\Segmented_FACET_0.2_fixed_label\sa_7447224.jpg,4,4,3,1,0.34911391139030457,4,4,4,3,1,0,1,1,1
G:\Thesis\FACET_Dataset\Segmented_FACET_0.2_fixed_label\sa_11027874.jpg,2,2,1,0,0.19439740478992462,3,3,3,2,0,1,0,1,1
G:\Thesis\FACET_Dataset\Segmented_FACET_0.2_fixed_label\sa_4501234.jpg,6,6,5,1,0.6469702124595642,7,7,7,6,1,1,0,1,1
G:\Thesis\FACET_Dataset\Segmented_FACET_0.2_fixed_label\sa_2343576.jpg,3,3,2,0,0.38432738184928894,4,4,4,3,1,1,0,1,0
G:\Thesis\FACET_Dataset\Segmented_FACET_0.2_fixed_label\sa_665782.jpg,2,2,1,0,0.28188449144363403,4,4,4,3,1,2,0,0,0
G:\Thesis\FACET_Dataset\Segmented_FACET_0.2_fixed_label\sa_8553302.jpg,9,9,8,2,0.5085834860801697,6,6,6,5,1,3,0,0,0
G:\Thesis\FACET_Dataset\Segmented_FACET_0.2_fixed_label\sa_10618926.jpg,4,4,3,1,0.3163900077342987,4,4,4,3,1,0,1,1,1
G:\Thesis\FACET_Dataset\Segmented_FACET_0.2_fixed_label\sa_10408760.jpg,4,4,3,1,0.49651482701301575,5,5,5,4,1,1,0,1,1
G:\Thesis\FACET_Dataset\Segmented_FACET_0.2_fixed_label\sa_8743424.jpg,2,2,1,0,0.2424924075603485,3,3,3,2,0,1,0,1,1
G:\Thesis\FACET_Dataset\Segmented_FACET_0.2_fixed_label\sa_5633666.jpg,4,4,3,1,0.29745054244995117,4,4,4,3,1,0,1,1,1
G:\Thesis\FACET_Dataset\Segmented_FACET_0.2_fixed_label\sa_5187236.jpg,3,3,2,0,0.23890842497348785,3,3,3,2,0,0,1,1,1
G:\Thesis\FACET_Dataset\Segmented_FACET_0.2_fixed_label\sa_10786063.jpg,3,3,2,0,0.6100766062736511,6,6,6,5,1,3,0,0,0
G:\Thesis\FACET_Dataset\Segmented_FACET_0.2_fixed_label\sa_2257401.jpg,4,4,3,1,0.308009535074234,4,4,4,3,1,0,1,1,1
G:\Thesis\FACET_Dataset\Segmented_FACET_0.2_fixed_label\sa_7593135.jpg,3,3,2,0,0.4836379885673523,5,5,5,4,1,2,0,0,0
G:\Thesis\FACET_Dataset\Segmented_FACET_0.2_fixed_label\sa_5460606.jpg,2,2,1,0,0.12804287672042847,2,2,2,1,0,0,1,1,1
G:\Thesis\FACET_Dataset\Segmented_FACET_0.2_fixed_label\sa_9198606.jpg,4,4,3,1,0.48432835936546326,5,5,5,4,1,1,0,1,1
G:\Thesis\FACET_Dataset\Segmented_FACET_0.2_fixed_label\sa_5514513.jpg,2,2,1,0,0.2901385724544525,4,4,4,3,1,2,0,0,0
G:\Thesis\FACET_Dataset\Segmented_FACET_0.2_fixed_label\sa_5574212.jpg,3,3,2,0,0.2548227906227112,3,3,3,2,0,0,1,1,1
G:\Thesis\FACET_Dataset\Segmented_FACET_0.2_fixed_label\sa_9476713.jpg,6,6,5,1,0.2087361365556717,3,3,3,2,0,3,0,0,0
G:\Thesis\FACET_Dataset\Segmented_FACET_0.2_fixed_label\sa_896542.jpg,5,5,4,1,0.41058218479156494,5,5,5,4,1,0,1,1,1
G:\Thesis\FACET_Dataset\Segmented_FACET_0.2_fixed_label\sa_5834056.jpg,4,4,3,1,0.43088647723197937,5,5,5,4,1,1,0,1,1
G:\Thesis\FACET_Dataset\Segmented_FACET_0.2_fixed_label\sa_10242779.jpg,9,9,8,2,0.423836350440979,5,5,5,4,1,4,0,0,0
G:\Thesis\FACET_Dataset\Segmented_FACET_0.2_fixed_label\sa_6269457.jpg,2,2,1,0,0.28489911556243896,4,4,4,3,1,2,0,0,0
G:\Thesis\FACET_Dataset\Segmented_FACET_0.2_fixed_label\sa_4596018.jpg,2,2,1,0,0.2634503245353699,3,3,3,2,0,1,0,1,1
G:\Thesis\FACET_Dataset\Segmented_FACET_0.2_fixed_label\sa_867907.jpg,4,4,3,1,0.22493362426757812,3,3,3,2,0,1,0,1,0
G:\Thesis\FACET_Dataset\Segmented_FACET_0.2_fixed_label\sa_4512725.jpg,3,3,2,0,0.3478849530220032,4,4,4,3,1,1,0,1,0
G:\Thesis\FACET_Dataset\Segmented_FACET_0.2_fixed_label\sa_7178590.jpg,3,3,2,0,0.31961071491241455,4,4,4,3,1,1,0,1,0
G:\Thesis\FACET_Dataset\Segmented_FACET_0.2_fixed_label\sa_8079735.jpg,6,6,5,1,0.4698789417743683,5,5,5,4,1,1,0,1,1
G:\Thesis\FACET_Dataset\Segmented_FACET_0.2_fixed_label\sa_8845214.jpg,3,3,2,0,0.22961395978927612,3,3,3,2,0,0,1,1,1
G:\Thesis\FACET_Dataset\Segmented_FACET_0.2_fixed_label\sa_5716175.jpg,2,2,1,0,0.15223786234855652,2,2,2,1,0,0,1,1,1
G:\Thesis\FACET_Dataset\Segmented_FACET_0.2_fixed_label\sa_6174904.jpg,2,2,1,0,0.14436104893684387,2,2,2,1,0,0,1,1,1
G:\Thesis\FACET_Dataset\Segmented_FACET_0.2_fixed_label\sa_4040599.jpg,5,5,4,1,0.3961036801338196,5,5,5,4,1,0,1,1,1
G:\Thesis\FACET_Dataset\Segmented_FACET_0.2_fixed_label\sa_9266267.jpg,5,5,4,1,0.4050341844558716,5,5,5,4,1,0,1,1,1
G:\Thesis\FACET_Dataset\Segmented_FACET_0.2_fixed_label\sa_6174904.jpg,1,1,0,0,0.14436104893684387,2,2,2,1,0,1,0,1,1
G:\Thesis\FACET_Dataset\Segmented_FACET_0.2_fixed_label\sa_3586298.jpg,4,4,3,1,0.3930598497390747,5,5,5,4,1,1,0,1,1
G:\Thesis\FACET_Dataset\Segmented_FACET_0.2_fixed_label\sa_4302069.jpg,3,3,2,0,0.22511248290538788,3,3,3,2,0,0,1,1,1
G:\Thesis\FACET_Dataset\Segmented_FACET_0.2_fixed_label\sa_2382091.jpg,2,2,1,0,0.2619577944278717,3,3,3,2,0,1,0,1,1
G:\Thesis\FACET_Dataset\Segmented_FACET_0.2_fixed_label\sa_7086028.jpg,7,7,6,1,0.44357696175575256,5,5,5,4,1,2,0,0,1
G:\Thesis\FACET_Dataset\Segmented_FACET_0.2_fixed_label\sa_6826297.jpg,6,6,5,1,0.46437132358551025,5,5,5,4,1,1,0,1,1
G:\Thesis\FACET_Dataset\Segmented_FACET_0.2_fixed_label\sa_6988881.jpg,2,2,1,0,0.26251643896102905,3,3,3,2,0,1,0,1,1
G:\Thesis\FACET_Dataset\Segmented_FACET_0.2_fixed_label\sa_10177472.jpg,4,4,3,1,0.3188270926475525,4,4,4,3,1,0,1,1,1
G:\Thesis\FACET_Dataset\Segmented_FACET_0.2_fixed_label\sa_4686189.jpg,3,3,2,0,0.5469104647636414,6,6,6,5,1,3,0,0,0
G:\Thesis\FACET_Dataset\Segmented_FACET_0.2_fixed_label\sa_9588623.jpg,2,2,1,0,0.3039860129356384,4,4,4,3,1,2,0,0,0
G:\Thesis\FACET_Dataset\Segmented_FACET_0.2_fixed_label\sa_6846608.jpg,4,4,3,1,0.3412751853466034,4,4,4,3,1,0,1,1,1
G:\Thesis\FACET_Dataset\Segmented_FACET_0.2_fixed_label\sa_1890196.jpg,2,2,1,0,0.2801099121570587,4,4,4,3,1,2,0,0,0
G:\Thesis\FACET_Dataset\Segmented_FACET_0.2_fixed_label\sa_285338.jpg,2,2,1,0,0.44154277443885803,5,5,5,4,1,3,0,0,0
G:\Thesis\FACET_Dataset\Segmented_FACET_0.2_fixed_label\sa_9042095.jpg,5,5,4,1,0.3333517611026764,4,4,4,3,1,1,0,1,1
G:\Thesis\FACET_Dataset\Segmented_FACET_0.2_fixed_label\sa_5181105.jpg,5,5,4,1,0.2903037667274475,4,4,4,3,1,1,0,1,1
G:\Thesis\FACET_Dataset\Segmented_FACET_0.2_fixed_label\sa_5420237.jpg,4,4,3,1,0.42747634649276733,5,5,5,4,1,1,0,1,1
G:\Thesis\FACET_Dataset\Segmented_FACET_0.2_fixed_label\sa_10644487.jpg,2,2,1,0,0.32478851079940796,4,4,4,3,1,2,0,0,0
G:\Thesis\FACET_Dataset\Segmented_FACET_0.2_fixed_label\sa_5391008.jpg,4,4,3,1,0.4453558921813965,5,5,5,4,1,1,0,1,1
G:\Thesis\FACET_Dataset\Segmented_FACET_0.2_fixed_label\sa_1615446.jpg,6,6,5,1,0.6054250001907349,6,6,6,5,1,0,1,1,1
G:\Thesis\FACET_Dataset\Segmented_FACET_0.2_fixed_label\sa_5390566.jpg,4,4,3,1,0.47717511653900146,5,5,5,4,1,1,0,1,1
G:\Thesis\FACET_Dataset\Segmented_FACET_0.2_fixed_label\sa_8839215.jpg,3,3,2,0,0.21247822046279907,3,3,3,2,0,0,1,1,1
G:\Thesis\FACET_Dataset\Segmented_FACET_0.2_fixed_label\sa_544772.jpg,3,3,2,0,0.4183611571788788,5,5,5,4,1,2,0,0,0
G:\Thesis\FACET_Dataset\Segmented_FACET_0.2_fixed_label\sa_4231575.jpg,3,3,2,0,0.5681655406951904,6,6,6,5,1,3,0,0,0
G:\Thesis\FACET_Dataset\Segmented_FACET_0.2_fixed_label\sa_6212263.jpg,8,8,7,2,0.7033360004425049,7,7,7,6,1,1,0,1,0
G:\Thesis\FACET_Dataset\Segmented_FACET_0.2_fixed_label\sa_5324181.jpg,4,4,3,1,0.14097322523593903,2,2,2,1,0,2,0,0,0
G:\Thesis\FACET_Dataset\Segmented_FACET_0.2_fixed_label\sa_10715525.jpg,5,5,4,1,0.061225488781929016,2,2,2,1,0,3,0,0,0
G:\Thesis\FACET_Dataset\Segmented_FACET_0.2_fixed_label\sa_6494341.jpg,5,5,4,1,0.20652133226394653,3,3,3,2,0,2,0,0,0
G:\Thesis\FACET_Dataset\Segmented_FACET_0.2_fixed_label\sa_4196530.jpg,6,6,5,1,0.38345804810523987,4,4,4,3,1,2,0,0,1
G:\Thesis\FACET_Dataset\Segmented_FACET_0.2_fixed_label\sa_5299322.jpg,6,6,5,1,0.4639088213443756,5,5,5,4,1,1,0,1,1
G:\Thesis\FACET_Dataset\Segmented_FACET_0.2_fixed_label\sa_9867555.jpg,4,4,3,1,0.22926615178585052,3,3,3,2,0,1,0,1,0
G:\Thesis\FACET_Dataset\Segmented_FACET_0.2_fixed_label\sa_4518361.jpg,7,7,6,1,0.6330662965774536,7,7,7,6,1,0,1,1,1
G:\Thesis\FACET_Dataset\Segmented_FACET_0.2_fixed_label\sa_5677264.jpg,6,6,5,1,0.4238258898258209,5,5,5,4,1,1,0,1,1
G:\Thesis\FACET_Dataset\Segmented_FACET_0.2_fixed_label\sa_883786.jpg,3,3,2,0,0.493329256772995,5,5,5,4,1,2,0,0,0
G:\Thesis\FACET_Dataset\Segmented_FACET_0.2_fixed_label\sa_692778.jpg,3,3,2,0,0.5280488729476929,6,6,6,5,1,3,0,0,0
G:\Thesis\FACET_Dataset\Segmented_FACET_0.2_fixed_label\sa_10800321.jpg,2,2,1,0,0.19098466634750366,3,3,3,2,0,1,0,1,1
G:\Thesis\FACET_Dataset\Segmented_FACET_0.2_fixed_label\sa_10456065.jpg,2,2,1,0,0.4366820454597473,5,5,5,4,1,3,0,0,0
G:\Thesis\FACET_Dataset\Segmented_FACET_0.2_fixed_label\sa_3709150.jpg,5,5,4,1,0.5626465678215027,6,6,6,5,1,1,0,1,1
G:\Thesis\FACET_Dataset\Segmented_FACET_0.2_fixed_label\sa_9572300.jpg,2,2,1,0,0.17773018777370453,3,3,3,2,0,1,0,1,1
G:\Thesis\FACET_Dataset\Segmented_FACET_0.2_fixed_label\sa_5088783.jpg,4,4,3,1,0.323974609375,4,4,4,3,1,0,1,1,1
G:\Thesis\FACET_Dataset\Segmented_FACET_0.2_fixed_label\sa_8130237.jpg,4,4,3,1,0.4611683487892151,5,5,5,4,1,1,0,1,1
G:\Thesis\FACET_Dataset\Segmented_FACET_0.2_fixed_label\sa_6526854.jpg,2,2,1,0,0.5385829210281372,6,6,6,5,1,4,0,0,0
G:\Thesis\FACET_Dataset\Segmented_FACET_0.2_fixed_label\sa_2816086.jpg,2,2,1,0,0.26357302069664,3,3,3,2,0,1,0,1,1
G:\Thesis\FACET_Dataset\Segmented_FACET_0.2_fixed_label\sa_3529342.jpg,5,5,4,1,0.16567739844322205,2,2,2,1,0,3,0,0,0
G:\Thesis\FACET_Dataset\Segmented_FACET_0.2_fixed_label\sa_883711.jpg,8,8,7,2,0.5451728105545044,6,6,6,5,1,2,0,0,0
G:\Thesis\FACET_Dataset\Segmented_FACET_0.2_fixed_label\sa_3586006.jpg,6,6,5,1,0.3238706588745117,4,4,4,3,1,2,0,0,1
G:\Thesis\FACET_Dataset\Segmented_FACET_0.2_fixed_label\sa_155230.jpg,4,4,3,1,0.45649757981300354,5,5,5,4,1,1,0,1,1
G:\Thesis\FACET_Dataset\Segmented_FACET_0.2_fixed_label\sa_6761839.jpg,3,3,2,0,0.4095154106616974,5,5,5,4,1,2,0,0,0
G:\Thesis\FACET_Dataset\Segmented_FACET_0.2_fixed_label\sa_1431341.jpg,4,4,3,1,0.37007927894592285,4,4,4,3,1,0,1,1,1
G:\Thesis\FACET_Dataset\Segmented_FACET_0.2_fixed_label\sa_9496645.jpg,6,6,5,1,0.7159401774406433,7,7,7,6,1,1,0,1,1
G:\Thesis\FACET_Dataset\Segmented_FACET_0.2_fixed_label\sa_5359669.jpg,2,2,1,0,0.7759654521942139,8,8,8,7,2,6,0,0,0
G:\Thesis\FACET_Dataset\Segmented_FACET_0.2_fixed_label\sa_8265943.jpg,2,2,1,0,0.364464670419693,4,4,4,3,1,2,0,0,0
G:\Thesis\FACET_Dataset\Segmented_FACET_0.2_fixed_label\sa_7121746.jpg,2,2,1,0,0.2872353196144104,4,4,4,3,1,2,0,0,0
G:\Thesis\FACET_Dataset\Segmented_FACET_0.2_fixed_label\sa_4442143.jpg,2,2,1,0,0.2889386713504791,4,4,4,3,1,2,0,0,0
G:\Thesis\FACET_Dataset\Segmented_FACET_0.2_fixed_label\sa_919437.jpg,8,8,7,2,0.6092162728309631,6,6,6,5,1,2,0,0,0
G:\Thesis\FACET_Dataset\Segmented_FACET_0.2_fixed_label\sa_2725465.jpg,2,2,1,0,0.22973796725273132,3,3,3,2,0,1,0,1,1
G:\Thesis\FACET_Dataset\Segmented_FACET_0.2_fixed_label\sa_1117468.jpg,3,3,2,0,0.3508037328720093,4,4,4,3,1,1,0,1,0
G:\Thesis\FACET_Dataset\Segmented_FACET_0.2_fixed_label\sa_7390064.jpg,3,3,2,0,0.4815253019332886,5,5,5,4,1,2,0,0,0
G:\Thesis\FACET_Dataset\Segmented_FACET_0.2_fixed_label\sa_10242779.jpg,8,8,7,2,0.423836350440979,5,5,5,4,1,3,0,0,0
G:\Thesis\FACET_Dataset\Segmented_FACET_0.2_fixed_label\sa_6308480.jpg,2,2,1,0,0.29221707582473755,4,4,4,3,1,2,0,0,0
G:\Thesis\FACET_Dataset\Segmented_FACET_0.2_fixed_label\sa_3874742.jpg,2,2,1,0,0.5356168746948242,6,6,6,5,1,4,0,0,0
G:\Thesis\FACET_Dataset\Segmented_FACET_0.2_fixed_label\sa_116856.jpg,3,3,2,0,0.1923578977584839,3,3,3,2,0,0,1,1,1
G:\Thesis\FACET_Dataset\Segmented_FACET_0.2_fixed_label\sa_8552386.jpg,4,4,3,1,0.3111819624900818,4,4,4,3,1,0,1,1,1
G:\Thesis\FACET_Dataset\Segmented_FACET_0.2_fixed_label\sa_5471884.jpg,6,6,5,1,0.47646811604499817,5,5,5,4,1,1,0,1,1
G:\Thesis\FACET_Dataset\Segmented_FACET_0.2_fixed_label\sa_9657168.jpg,2,2,1,0,0.29228952527046204,4,4,4,3,1,2,0,0,0
G:\Thesis\FACET_Dataset\Segmented_FACET_0.2_fixed_label\sa_660174.jpg,4,4,3,1,0.506072461605072,6,6,6,5,1,2,0,0,1
G:\Thesis\FACET_Dataset\Segmented_FACET_0.2_fixed_label\sa_2718141.jpg,3,3,2,0,0.22724732756614685,3,3,3,2,0,0,1,1,1
G:\Thesis\FACET_Dataset\Segmented_FACET_0.2_fixed_label\sa_609124.jpg,6,6,5,1,0.43148308992385864,5,5,5,4,1,1,0,1,1
G:\Thesis\FACET_Dataset\Segmented_FACET_0.2_fixed_label\sa_1042307.jpg,9,9,8,2,0.7592467069625854,8,8,8,7,2,1,0,1,1
G:\Thesis\FACET_Dataset\Segmented_FACET_0.2_fixed_label\sa_9588623.jpg,3,3,2,0,0.3039860129356384,4,4,4,3,1,1,0,1,0
G:\Thesis\FACET_Dataset\Segmented_FACET_0.2_fixed_label\sa_5123803.jpg,2,2,1,0,0.35315895080566406,4,4,4,3,1,2,0,0,0
G:\Thesis\FACET_Dataset\Segmented_FACET_0.2_fixed_label\sa_5848620.jpg,3,3,2,0,0.2107197493314743,3,3,3,2,0,0,1,1,1
G:\Thesis\FACET_Dataset\Segmented_FACET_0.2_fixed_label\sa_2595451.jpg,6,6,5,1,0.3599351942539215,4,4,4,3,1,2,0,0,1
G:\Thesis\FACET_Dataset\Segmented_FACET_0.2_fixed_label\sa_8243113.jpg,3,3,2,0,0.23727501928806305,3,3,3,2,0,0,1,1,1
G:\Thesis\FACET_Dataset\Segmented_FACET_0.2_fixed_label\sa_4852075.jpg,5,5,4,1,0.5353637337684631,6,6,6,5,1,1,0,1,1
G:\Thesis\FACET_Dataset\Segmented_FACET_0.2_fixed_label\sa_4399865.jpg,6,6,5,1,0.2825118899345398,4,4,4,3,1,2,0,0,1
G:\Thesis\FACET_Dataset\Segmented_FACET_0.2_fixed_label\sa_7098997.jpg,6,6,5,1,0.45900195837020874,5,5,5,4,1,1,0,1,1
G:\Thesis\FACET_Dataset\Segmented_FACET_0.2_fixed_label\sa_5078819.jpg,3,3,2,0,0.36852508783340454,4,4,4,3,1,1,0,1,0
G:\Thesis\FACET_Dataset\Segmented_FACET_0.2_fixed_label\sa_4128629.jpg,3,3,2,0,0.22517479956150055,3,3,3,2,0,0,1,1,1
G:\Thesis\FACET_Dataset\Segmented_FACET_0.2_fixed_label\sa_2552471.jpg,4,4,3,1,0.39971688389778137,5,5,5,4,1,1,0,1,1
G:\Thesis\FACET_Dataset\Segmented_FACET_0.2_fixed_label\sa_9249762.jpg,4,4,3,1,0.31370413303375244,4,4,4,3,1,0,1,1,1
G:\Thesis\FACET_Dataset\Segmented_FACET_0.2_fixed_label\sa_2996879.jpg,4,4,3,1,0.4019829332828522,5,5,5,4,1,1,0,1,1
G:\Thesis\FACET_Dataset\Segmented_FACET_0.2_fixed_label\sa_2324883.jpg,5,5,4,1,0.5389828681945801,6,6,6,5,1,1,0,1,1
G:\Thesis\FACET_Dataset\Segmented_FACET_0.2_fixed_label\sa_10374862.jpg,7,7,6,1,0.7888131141662598,8,8,8,7,2,1,0,1,0
G:\Thesis\FACET_Dataset\Segmented_FACET_0.2_fixed_label\sa_2728703.jpg,4,4,3,1,0.32700932025909424,4,4,4,3,1,0,1,1,1
G:\Thesis\FACET_Dataset\Segmented_FACET_0.2_fixed_label\sa_8980592.jpg,4,4,3,1,0.5147343873977661,6,6,6,5,1,2,0,0,1
G:\Thesis\FACET_Dataset\Segmented_FACET_0.2_fixed_label\sa_2201669.jpg,5,5,4,1,0.4589766561985016,5,5,5,4,1,0,1,1,1
G:\Thesis\FACET_Dataset\Segmented_FACET_0.2_fixed_label\sa_3688585.jpg,3,3,2,0,0.29288023710250854,4,4,4,3,1,1,0,1,0
G:\Thesis\FACET_Dataset\Segmented_FACET_0.2_fixed_label\sa_10043362.jpg,6,6,5,1,0.3353867828845978,4,4,4,3,1,2,0,0,1
G:\Thesis\FACET_Dataset\Segmented_FACET_0.2_fixed_label\sa_2517837.jpg,5,5,4,1,0.3830583989620209,4,4,4,3,1,1,0,1,1
G:\Thesis\FACET_Dataset\Segmented_FACET_0.2_fixed_label\sa_10545112.jpg,4,4,3,1,0.23091743886470795,3,3,3,2,0,1,0,1,0
G:\Thesis\FACET_Dataset\Segmented_FACET_0.2_fixed_label\sa_7707491.jpg,3,3,2,0,0.2726903557777405,3,3,3,2,0,0,1,1,1
G:\Thesis\FACET_Dataset\Segmented_FACET_0.2_fixed_label\sa_8700475.jpg,4,4,3,1,0.3785436153411865,4,4,4,3,1,0,1,1,1
G:\Thesis\FACET_Dataset\Segmented_FACET_0.2_fixed_label\sa_6505555.jpg,5,5,4,1,0.4902380406856537,5,5,5,4,1,0,1,1,1
G:\Thesis\FACET_Dataset\Segmented_FACET_0.2_fixed_label\sa_902427.jpg,2,2,1,0,0.11740255355834961,2,2,2,1,0,0,1,1,1
G:\Thesis\FACET_Dataset\Segmented_FACET_0.2_fixed_label\sa_3464544.jpg,3,3,2,0,0.29451292753219604,4,4,4,3,1,1,0,1,0
G:\Thesis\FACET_Dataset\Segmented_FACET_0.2_fixed_label\sa_1219621.jpg,6,6,5,1,0.4567476809024811,5,5,5,4,1,1,0,1,1
G:\Thesis\FACET_Dataset\Segmented_FACET_0.2_fixed_label\sa_5685445.jpg,3,3,2,0,0.3008744716644287,4,4,4,3,1,1,0,1,0
G:\Thesis\FACET_Dataset\Segmented_FACET_0.2_fixed_label\sa_3663255.jpg,4,4,3,1,0.29072731733322144,4,4,4,3,1,0,1,1,1
G:\Thesis\FACET_Dataset\Segmented_FACET_0.2_fixed_label\sa_3406079.jpg,3,3,2,0,0.2694958448410034,3,3,3,2,0,0,1,1,1
G:\Thesis\FACET_Dataset\Segmented_FACET_0.2_fixed_label\sa_6427632.jpg,4,4,3,1,0.45782792568206787,5,5,5,4,1,1,0,1,1
G:\Thesis\FACET_Dataset\Segmented_FACET_0.2_fixed_label\sa_9330307.jpg,3,3,2,0,0.40258410573005676,5,5,5,4,1,2,0,0,0
G:\Thesis\FACET_Dataset\Segmented_FACET_0.2_fixed_label\sa_860266.jpg,3,3,2,0,0.20086972415447235,3,3,3,2,0,0,1,1,1
G:\Thesis\FACET_Dataset\Segmented_FACET_0.2_fixed_label\sa_2471877.jpg,3,3,2,0,0.539169430732727,6,6,6,5,1,3,0,0,0
G:\Thesis\FACET_Dataset\Segmented_FACET_0.2_fixed_label\sa_2421354.jpg,2,2,1,0,0.1698431521654129,3,3,3,2,0,1,0,1,1
G:\Thesis\FACET_Dataset\Segmented_FACET_0.2_fixed_label\sa_9793931.jpg,2,2,1,0,0.1635402888059616,2,2,2,1,0,0,1,1,1
G:\Thesis\FACET_Dataset\Segmented_FACET_0.2_fixed_label\sa_9744269.jpg,4,4,3,1,0.5809760093688965,6,6,6,5,1,2,0,0,1
G:\Thesis\FACET_Dataset\Segmented_FACET_0.2_fixed_label\sa_2191447.jpg,5,5,4,1,0.3819410502910614,4,4,4,3,1,1,0,1,1
G:\Thesis\FACET_Dataset\Segmented_FACET_0.2_fixed_label\sa_7777646.jpg,1,1,0,0,0.4205552041530609,5,5,5,4,1,4,0,0,0
G:\Thesis\FACET_Dataset\Segmented_FACET_0.2_fixed_label\sa_6732745.jpg,3,3,2,0,0.3479587137699127,4,4,4,3,1,1,0,1,0
G:\Thesis\FACET_Dataset\Segmented_FACET_0.2_fixed_label\sa_8732684.jpg,3,3,2,0,0.354434996843338,4,4,4,3,1,1,0,1,0
G:\Thesis\FACET_Dataset\Segmented_FACET_0.2_fixed_label\sa_4423551.jpg,3,3,2,0,0.15678326785564423,2,2,2,1,0,1,0,1,1
G:\Thesis\FACET_Dataset\Segmented_FACET_0.2_fixed_label\sa_6924719.jpg,3,3,2,0,0.35263916850090027,4,4,4,3,1,1,0,1,0
G:\Thesis\FACET_Dataset\Segmented_FACET_0.2_fixed_label\sa_7086028.jpg,3,3,2,0,0.44357696175575256,5,5,5,4,1,2,0,0,0
G:\Thesis\FACET_Dataset\Segmented_FACET_0.2_fixed_label\sa_6263407.jpg,2,2,1,0,0.4552263915538788,5,5,5,4,1,3,0,0,0
G:\Thesis\FACET_Dataset\Segmented_FACET_0.2_fixed_label\sa_663266.jpg,7,7,6,1,0.6881517171859741,7,7,7,6,1,0,1,1,1
G:\Thesis\FACET_Dataset\Segmented_FACET_0.2_fixed_label\sa_5314391.jpg,2,2,1,0,0.4746653139591217,5,5,5,4,1,3,0,0,0
G:\Thesis\FACET_Dataset\Segmented_FACET_0.2_fixed_label\sa_1105037.jpg,6,6,5,1,0.4878953993320465,5,5,5,4,1,1,0,1,1
G:\Thesis\FACET_Dataset\Segmented_FACET_0.2_fixed_label\sa_9307505.jpg,6,6,5,1,0.4802905023097992,5,5,5,4,1,1,0,1,1
G:\Thesis\FACET_Dataset\Segmented_FACET_0.2_fixed_label\sa_5899097.jpg,6,6,5,1,0.6065046787261963,6,6,6,5,1,0,1,1,1
G:\Thesis\FACET_Dataset\Segmented_FACET_0.2_fixed_label\sa_9752129.jpg,4,4,3,1,0.42389827966690063,5,5,5,4,1,1,0,1,1
G:\Thesis\FACET_Dataset\Segmented_FACET_0.2_fixed_label\sa_3565059.jpg,3,3,2,0,0.1699303686618805,3,3,3,2,0,0,1,1,1
G:\Thesis\FACET_Dataset\Segmented_FACET_0.2_fixed_label\sa_7409466.jpg,2,2,1,0,0.31116530299186707,4,4,4,3,1,2,0,0,0
G:\Thesis\FACET_Dataset\Segmented_FACET_0.2_fixed_label\sa_10701431.jpg,5,5,4,1,0.511931300163269,6,6,6,5,1,1,0,1,1
G:\Thesis\FACET_Dataset\Segmented_FACET_0.2_fixed_label\sa_7860472.jpg,3,3,2,0,0.3799610137939453,4,4,4,3,1,1,0,1,0
G:\Thesis\FACET_Dataset\Segmented_FACET_0.2_fixed_label\sa_160791.jpg,9,9,8,2,0.46879833936691284,5,5,5,4,1,4,0,0,0
G:\Thesis\FACET_Dataset\Segmented_FACET_0.2_fixed_label\sa_9273948.jpg,5,5,4,1,0.5241932272911072,6,6,6,5,1,1,0,1,1
G:\Thesis\FACET_Dataset\Segmented_FACET_0.2_fixed_label\sa_7835470.jpg,7,7,6,1,0.28095200657844543,4,4,4,3,1,3,0,0,1
G:\Thesis\FACET_Dataset\Segmented_FACET_0.2_fixed_label\sa_9978837.jpg,2,2,1,0,0.1704452633857727,3,3,3,2,0,1,0,1,1
G:\Thesis\FACET_Dataset\Segmented_FACET_0.2_fixed_label\sa_9857028.jpg,6,6,5,1,0.5843381881713867,6,6,6,5,1,0,1,1,1
G:\Thesis\FACET_Dataset\Segmented_FACET_0.2_fixed_label\sa_8584101.jpg,5,5,4,1,0.4583011269569397,5,5,5,4,1,0,1,1,1
G:\Thesis\FACET_Dataset\Segmented_FACET_0.2_fixed_label\sa_3497590.jpg,5,5,4,1,0.4090626537799835,5,5,5,4,1,0,1,1,1
G:\Thesis\FACET_Dataset\Segmented_FACET_0.2_fixed_label\sa_9584844.jpg,4,4,3,1,0.6198617815971375,7,7,7,6,1,3,0,0,1
G:\Thesis\FACET_Dataset\Segmented_FACET_0.2_fixed_label\sa_2389185.jpg,3,3,2,0,0.23356160521507263,3,3,3,2,0,0,1,1,1
G:\Thesis\FACET_Dataset\Segmented_FACET_0.2_fixed_label\sa_1416348.jpg,4,4,3,1,0.3656068444252014,4,4,4,3,1,0,1,1,1
G:\Thesis\FACET_Dataset\Segmented_FACET_0.2_fixed_label\sa_1196986.jpg,4,4,3,1,0.37858739495277405,4,4,4,3,1,0,1,1,1
G:\Thesis\FACET_Dataset\Segmented_FACET_0.2_fixed_label\sa_11157701.jpg,3,3,2,0,0.4292009770870209,5,5,5,4,1,2,0,0,0
G:\Thesis\FACET_Dataset\Segmented_FACET_0.2_fixed_label\sa_7857810.jpg,3,3,2,0,0.28138992190361023,4,4,4,3,1,1,0,1,0
G:\Thesis\FACET_Dataset\Segmented_FACET_0.2_fixed_label\sa_2003237.jpg,3,3,2,0,0.3254448473453522,4,4,4,3,1,1,0,1,0
G:\Thesis\FACET_Dataset\Segmented_FACET_0.2_fixed_label\sa_4671141.jpg,4,4,3,1,0.23940664529800415,3,3,3,2,0,1,0,1,0
G:\Thesis\FACET_Dataset\Segmented_FACET_0.2_fixed_label\sa_7163178.jpg,9,9,8,2,0.7507357597351074,8,8,8,7,2,1,0,1,1
G:\Thesis\FACET_Dataset\Segmented_FACET_0.2_fixed_label\sa_8565795.jpg,9,9,8,2,0.8446962237358093,9,9,9,8,2,0,1,1,1
G:\Thesis\FACET_Dataset\Segmented_FACET_0.2_fixed_label\sa_10068666.jpg,4,4,3,1,0.3598497807979584,4,4,4,3,1,0,1,1,1
G:\Thesis\FACET_Dataset\Segmented_FACET_0.2_fixed_label\sa_716764.jpg,2,2,1,0,0.3713608682155609,4,4,4,3,1,2,0,0,0
G:\Thesis\FACET_Dataset\Segmented_FACET_0.2_fixed_label\sa_10624860.jpg,4,4,3,1,0.38194918632507324,4,4,4,3,1,0,1,1,1
G:\Thesis\FACET_Dataset\Segmented_FACET_0.2_fixed_label\sa_4938852.jpg,6,6,5,1,0.5813168287277222,6,6,6,5,1,0,1,1,1
G:\Thesis\FACET_Dataset\Segmented_FACET_0.2_fixed_label\sa_4086368.jpg,4,4,3,1,0.33587002754211426,4,4,4,3,1,0,1,1,1
G:\Thesis\FACET_Dataset\Segmented_FACET_0.2_fixed_label\sa_5939518.jpg,3,3,2,0,0.4621879756450653,5,5,5,4,1,2,0,0,0
G:\Thesis\FACET_Dataset\Segmented_FACET_0.2_fixed_label\sa_8489998.jpg,3,3,2,0,0.26093095541000366,3,3,3,2,0,0,1,1,1
G:\Thesis\FACET_Dataset\Segmented_FACET_0.2_fixed_label\sa_10423635.jpg,6,6,5,1,0.47000259160995483,5,5,5,4,1,1,0,1,1
G:\Thesis\FACET_Dataset\Segmented_FACET_0.2_fixed_label\sa_6045725.jpg,2,2,1,0,0.550755500793457,6,6,6,5,1,4,0,0,0
G:\Thesis\FACET_Dataset\Segmented_FACET_0.2_fixed_label\sa_9333221.jpg,3,3,2,0,0.3922131657600403,5,5,5,4,1,2,0,0,0
G:\Thesis\FACET_Dataset\Segmented_FACET_0.2_fixed_label\sa_1229254.jpg,2,2,1,0,0.12482088059186935,2,2,2,1,0,0,1,1,1
G:\Thesis\FACET_Dataset\Segmented_FACET_0.2_fixed_label\sa_4050216.jpg,1,1,0,0,0.24931256473064423,3,3,3,2,0,2,0,0,1
G:\Thesis\FACET_Dataset\Segmented_FACET_0.2_fixed_label\sa_1237661.jpg,7,7,6,1,0.5632123351097107,6,6,6,5,1,1,0,1,1
G:\Thesis\FACET_Dataset\Segmented_FACET_0.2_fixed_label\sa_2985552.jpg,4,4,3,1,0.3778098523616791,4,4,4,3,1,0,1,1,1
G:\Thesis\FACET_Dataset\Segmented_FACET_0.2_fixed_label\sa_3236184.jpg,5,5,4,1,0.2194128781557083,3,3,3,2,0,2,0,0,0
G:\Thesis\FACET_Dataset\Segmented_FACET_0.2_fixed_label\sa_6166560.jpg,5,5,4,1,0.3559643626213074,4,4,4,3,1,1,0,1,1
G:\Thesis\FACET_Dataset\Segmented_FACET_0.2_fixed_label\sa_6840188.jpg,8,8,7,2,0.4446995258331299,5,5,5,4,1,3,0,0,0
G:\Thesis\FACET_Dataset\Segmented_FACET_0.2_fixed_label\sa_349049.jpg,4,4,3,1,0.373470276594162,4,4,4,3,1,0,1,1,1
G:\Thesis\FACET_Dataset\Segmented_FACET_0.2_fixed_label\sa_3087418.jpg,7,7,6,1,0.4450356066226959,5,5,5,4,1,2,0,0,1
G:\Thesis\FACET_Dataset\Segmented_FACET_0.2_fixed_label\sa_11175543.jpg,2,2,1,0,0.35800081491470337,4,4,4,3,1,2,0,0,0
G:\Thesis\FACET_Dataset\Segmented_FACET_0.2_fixed_label\sa_7929832.jpg,4,4,3,1,0.43504247069358826,5,5,5,4,1,1,0,1,1
G:\Thesis\FACET_Dataset\Segmented_FACET_0.2_fixed_label\sa_8601713.jpg,2,2,1,0,0.30182909965515137,4,4,4,3,1,2,0,0,0
G:\Thesis\FACET_Dataset\Segmented_FACET_0.2_fixed_label\sa_5089105.jpg,3,3,2,0,0.27119383215904236,3,3,3,2,0,0,1,1,1
G:\Thesis\FACET_Dataset\Segmented_FACET_0.2_fixed_label\sa_5748585.jpg,3,3,2,0,0.17506083846092224,3,3,3,2,0,0,1,1,1
G:\Thesis\FACET_Dataset\Segmented_FACET_0.2_fixed_label\sa_2790434.jpg,4,4,3,1,0.6031337380409241,6,6,6,5,1,2,0,0,1
G:\Thesis\FACET_Dataset\Segmented_FACET_0.2_fixed_label\sa_8974323.jpg,3,3,2,0,0.2881876826286316,4,4,4,3,1,1,0,1,0
G:\Thesis\FACET_Dataset\Segmented_FACET_0.2_fixed_label\sa_10523774.jpg,5,5,4,1,0.3969702124595642,5,5,5,4,1,0,1,1,1
G:\Thesis\FACET_Dataset\Segmented_FACET_0.2_fixed_label\sa_6561618.jpg,3,3,2,0,0.3066263496875763,4,4,4,3,1,1,0,1,0
G:\Thesis\FACET_Dataset\Segmented_FACET_0.2_fixed_label\sa_3315917.jpg,5,5,4,1,0.5090531706809998,6,6,6,5,1,1,0,1,1
G:\Thesis\FACET_Dataset\Segmented_FACET_0.2_fixed_label\sa_4547800.jpg,2,2,1,0,0.30708932876586914,4,4,4,3,1,2,0,0,0
G:\Thesis\FACET_Dataset\Segmented_FACET_0.2_fixed_label\sa_5495152.jpg,5,5,4,1,0.3132493495941162,4,4,4,3,1,1,0,1,1
G:\Thesis\FACET_Dataset\Segmented_FACET_0.2_fixed_label\sa_2396218.jpg,4,4,3,1,0.5191792249679565,6,6,6,5,1,2,0,0,1
G:\Thesis\FACET_Dataset\Segmented_FACET_0.2_fixed_label\sa_9393101.jpg,3,3,2,0,0.4308789372444153,5,5,5,4,1,2,0,0,0
G:\Thesis\FACET_Dataset\Segmented_FACET_0.2_fixed_label\sa_9174572.jpg,3,3,2,0,0.40083175897598267,5,5,5,4,1,2,0,0,0
G:\Thesis\FACET_Dataset\Segmented_FACET_0.2_fixed_label\sa_8343708.jpg,2,2,1,0,0.5711598992347717,6,6,6,5,1,4,0,0,0
G:\Thesis\FACET_Dataset\Segmented_FACET_0.2_fixed_label\sa_591356.jpg,3,3,2,0,0.4571392238140106,5,5,5,4,1,2,0,0,0
G:\Thesis\FACET_Dataset\Segmented_FACET_0.2_fixed_label\sa_1523925.jpg,7,7,6,1,0.2546074390411377,3,3,3,2,0,4,0,0,0
G:\Thesis\FACET_Dataset\Segmented_FACET_0.2_fixed_label\sa_2477538.jpg,5,5,4,1,0.4074385166168213,5,5,5,4,1,0,1,1,1
G:\Thesis\FACET_Dataset\Segmented_FACET_0.2_fixed_label\sa_3288169.jpg,3,3,2,0,0.2475094199180603,3,3,3,2,0,0,1,1,1
G:\Thesis\FACET_Dataset\Segmented_FACET_0.2_fixed_label\sa_9666302.jpg,4,4,3,1,0.3594038486480713,4,4,4,3,1,0,1,1,1
G:\Thesis\FACET_Dataset\Segmented_FACET_0.2_fixed_label\sa_3632150.jpg,9,9,8,2,0.41046595573425293,5,5,5,4,1,4,0,0,0
G:\Thesis\FACET_Dataset\Segmented_FACET_0.2_fixed_label\sa_9106399.jpg,3,3,2,0,0.21527603268623352,3,3,3,2,0,0,1,1,1
G:\Thesis\FACET_Dataset\Segmented_FACET_0.2_fixed_label\sa_6611518.jpg,2,2,1,0,0.31101691722869873,4,4,4,3,1,2,0,0,0
G:\Thesis\FACET_Dataset\Segmented_FACET_0.2_fixed_label\sa_7670598.jpg,3,3,2,0,0.3629773259162903,4,4,4,3,1,1,0,1,0
G:\Thesis\FACET_Dataset\Segmented_FACET_0.2_fixed_label\sa_4128629.jpg,4,4,3,1,0.22517479956150055,3,3,3,2,0,1,0,1,0
G:\Thesis\FACET_Dataset\Segmented_FACET_0.2_fixed_label\sa_8413619.jpg,4,4,3,1,0.5202549695968628,6,6,6,5,1,2,0,0,1
G:\Thesis\FACET_Dataset\Segmented_FACET_0.2_fixed_label\sa_3248952.jpg,3,3,2,0,0.27544793486595154,3,3,3,2,0,0,1,1,1
G:\Thesis\FACET_Dataset\Segmented_FACET_0.2_fixed_label\sa_1040211.jpg,1,1,0,0,0.1645418405532837,2,2,2,1,0,1,0,1,1
G:\Thesis\FACET_Dataset\Segmented_FACET_0.2_fixed_label\sa_4950210.jpg,4,4,3,1,0.25132083892822266,3,3,3,2,0,1,0,1,0
G:\Thesis\FACET_Dataset\Segmented_FACET_0.2_fixed_label\sa_2172153.jpg,3,3,2,0,0.3876090943813324,4,4,4,3,1,1,0,1,0
G:\Thesis\FACET_Dataset\Segmented_FACET_0.2_fixed_label\sa_5963197.jpg,4,4,3,1,0.15657885372638702,2,2,2,1,0,2,0,0,0
G:\Thesis\FACET_Dataset\Segmented_FACET_0.2_fixed_label\sa_4742474.jpg,2,2,1,0,0.3793991506099701,4,4,4,3,1,2,0,0,0
G:\Thesis\FACET_Dataset\Segmented_FACET_0.2_fixed_label\sa_939348.jpg,3,3,2,0,0.32642337679862976,4,4,4,3,1,1,0,1,0
G:\Thesis\FACET_Dataset\Segmented_FACET_0.2_fixed_label\sa_8715653.jpg,4,4,3,1,0.38163045048713684,4,4,4,3,1,0,1,1,1
G:\Thesis\FACET_Dataset\Segmented_FACET_0.2_fixed_label\sa_7858116.jpg,2,2,1,0,0.23318986594676971,3,3,3,2,0,1,0,1,1
G:\Thesis\FACET_Dataset\Segmented_FACET_0.2_fixed_label\sa_7083475.jpg,1,1,0,0,0.21829500794410706,3,3,3,2,0,2,0,0,1
G:\Thesis\FACET_Dataset\Segmented_FACET_0.2_fixed_label\sa_9016742.jpg,3,3,2,0,0.3269842267036438,4,4,4,3,1,1,0,1,0
G:\Thesis\FACET_Dataset\Segmented_FACET_0.2_fixed_label\sa_161276.jpg,3,3,2,0,0.6125353574752808,7,7,7,6,1,4,0,0,0
G:\Thesis\FACET_Dataset\Segmented_FACET_0.2_fixed_label\sa_9274637.jpg,3,3,2,0,0.3385416269302368,4,4,4,3,1,1,0,1,0
G:\Thesis\FACET_Dataset\Segmented_FACET_0.2_fixed_label\sa_11180829.jpg,4,4,3,1,0.4187809228897095,5,5,5,4,1,1,0,1,1
G:\Thesis\FACET_Dataset\Segmented_FACET_0.2_fixed_label\sa_4676559.jpg,3,3,2,0,0.27729183435440063,3,3,3,2,0,0,1,1,1
G:\Thesis\FACET_Dataset\Segmented_FACET_0.2_fixed_label\sa_5927098.jpg,3,3,2,0,0.522818922996521,6,6,6,5,1,3,0,0,0
G:\Thesis\FACET_Dataset\Segmented_FACET_0.2_fixed_label\sa_5536666.jpg,5,5,4,1,0.5518707036972046,6,6,6,5,1,1,0,1,1
G:\Thesis\FACET_Dataset\Segmented_FACET_0.2_fixed_label\sa_2483799.jpg,4,4,3,1,0.33882418274879456,4,4,4,3,1,0,1,1,1
G:\Thesis\FACET_Dataset\Segmented_FACET_0.2_fixed_label\sa_4692534.jpg,2,2,1,0,0.3430579602718353,4,4,4,3,1,2,0,0,0
G:\Thesis\FACET_Dataset\Segmented_FACET_0.2_fixed_label\sa_10022161.jpg,5,5,4,1,0.14316898584365845,2,2,2,1,0,3,0,0,0
G:\Thesis\FACET_Dataset\Segmented_FACET_0.2_fixed_label\sa_9595924.jpg,2,2,1,0,0.38599395751953125,4,4,4,3,1,2,0,0,0
G:\Thesis\FACET_Dataset\Segmented_FACET_0.2_fixed_label\sa_4776817.jpg,7,7,6,1,0.45504751801490784,5,5,5,4,1,2,0,0,1
G:\Thesis\FACET_Dataset\Segmented_FACET_0.2_fixed_label\sa_9462330.jpg,5,5,4,1,0.4662204682826996,5,5,5,4,1,0,1,1,1
G:\Thesis\FACET_Dataset\Segmented_FACET_0.2_fixed_label\sa_9782484.jpg,3,3,2,0,0.17675450444221497,3,3,3,2,0,0,1,1,1
G:\Thesis\FACET_Dataset\Segmented_FACET_0.2_fixed_label\sa_3735818.jpg,2,2,1,0,0.3627632260322571,4,4,4,3,1,2,0,0,0
G:\Thesis\FACET_Dataset\Segmented_FACET_0.2_fixed_label\sa_8092047.jpg,8,8,7,2,0.8193392157554626,8,8,8,7,2,0,1,1,1
G:\Thesis\FACET_Dataset\Segmented_FACET_0.2_fixed_label\sa_9203956.jpg,4,4,3,1,0.4322780966758728,5,5,5,4,1,1,0,1,1
G:\Thesis\FACET_Dataset\Segmented_FACET_0.2_fixed_label\sa_5267764.jpg,3,3,2,0,0.2613278031349182,3,3,3,2,0,0,1,1,1
G:\Thesis\FACET_Dataset\Segmented_FACET_0.2_fixed_label\sa_3379562.jpg,3,3,2,0,0.2955375611782074,4,4,4,3,1,1,0,1,0
G:\Thesis\FACET_Dataset\Segmented_FACET_0.2_fixed_label\sa_733589.jpg,4,4,3,1,0.46941256523132324,5,5,5,4,1,1,0,1,1
G:\Thesis\FACET_Dataset\Segmented_FACET_0.2_fixed_label\sa_10975486.jpg,3,3,2,0,0.3154926300048828,4,4,4,3,1,1,0,1,0
G:\Thesis\FACET_Dataset\Segmented_FACET_0.2_fixed_label\sa_4792156.jpg,2,2,1,0,0.2594588100910187,3,3,3,2,0,1,0,1,1
G:\Thesis\FACET_Dataset\Segmented_FACET_0.2_fixed_label\sa_22547.jpg,3,3,2,0,0.14887158572673798,2,2,2,1,0,1,0,1,1
G:\Thesis\FACET_Dataset\Segmented_FACET_0.2_fixed_label\sa_3810302.jpg,4,4,3,1,0.31873375177383423,4,4,4,3,1,0,1,1,1
G:\Thesis\FACET_Dataset\Segmented_FACET_0.2_fixed_label\sa_9646598.jpg,2,2,1,0,0.18194091320037842,3,3,3,2,0,1,0,1,1
G:\Thesis\FACET_Dataset\Segmented_FACET_0.2_fixed_label\sa_9389226.jpg,3,3,2,0,0.5509682297706604,6,6,6,5,1,3,0,0,0
G:\Thesis\FACET_Dataset\Segmented_FACET_0.2_fixed_label\sa_1229254.jpg,3,3,2,0,0.12482088059186935,2,2,2,1,0,1,0,1,1
G:\Thesis\FACET_Dataset\Segmented_FACET_0.2_fixed_label\sa_1239725.jpg,7,7,6,1,0.7771315574645996,8,8,8,7,2,1,0,1,0
G:\Thesis\FACET_Dataset\Segmented_FACET_0.2_fixed_label\sa_8480488.jpg,3,3,2,0,0.393301784992218,5,5,5,4,1,2,0,0,0
G:\Thesis\FACET_Dataset\Segmented_FACET_0.2_fixed_label\sa_4331908.jpg,3,3,2,0,0.30141597986221313,4,4,4,3,1,1,0,1,0
G:\Thesis\FACET_Dataset\Segmented_FACET_0.2_fixed_label\sa_2836781.jpg,2,2,1,0,0.2551068961620331,3,3,3,2,0,1,0,1,1
G:\Thesis\FACET_Dataset\Segmented_FACET_0.2_fixed_label\sa_7251813.jpg,3,3,2,0,0.24905095994472504,3,3,3,2,0,0,1,1,1
G:\Thesis\FACET_Dataset\Segmented_FACET_0.2_fixed_label\sa_8307874.jpg,4,4,3,1,0.40717124938964844,5,5,5,4,1,1,0,1,1
G:\Thesis\FACET_Dataset\Segmented_FACET_0.2_fixed_label\sa_9608704.jpg,4,4,3,1,0.32475316524505615,4,4,4,3,1,0,1,1,1
G:\Thesis\FACET_Dataset\Segmented_FACET_0.2_fixed_label\sa_3103553.jpg,2,2,1,0,0.32521194219589233,4,4,4,3,1,2,0,0,0
G:\Thesis\FACET_Dataset\Segmented_FACET_0.2_fixed_label\sa_9913515.jpg,2,2,1,0,0.3310886323451996,4,4,4,3,1,2,0,0,0
G:\Thesis\FACET_Dataset\Segmented_FACET_0.2_fixed_label\sa_8206267.jpg,6,6,5,1,0.35815879702568054,4,4,4,3,1,2,0,0,1
G:\Thesis\FACET_Dataset\Segmented_FACET_0.2_fixed_label\sa_6599988.jpg,3,3,2,0,0.3531009554862976,4,4,4,3,1,1,0,1,0
G:\Thesis\FACET_Dataset\Segmented_FACET_0.2_fixed_label\sa_9956268.jpg,2,2,1,0,0.30986401438713074,4,4,4,3,1,2,0,0,0
G:\Thesis\FACET_Dataset\Segmented_FACET_0.2_fixed_label\sa_347421.jpg,3,3,2,0,0.20390675961971283,3,3,3,2,0,0,1,1,1
G:\Thesis\FACET_Dataset\Segmented_FACET_0.2_fixed_label\sa_1661550.jpg,3,3,2,0,0.24883532524108887,3,3,3,2,0,0,1,1,1
G:\Thesis\FACET_Dataset\Segmented_FACET_0.2_fixed_label\sa_2993072.jpg,3,3,2,0,0.44460102915763855,5,5,5,4,1,2,0,0,0
G:\Thesis\FACET_Dataset\Segmented_FACET_0.2_fixed_label\sa_8076889.jpg,3,3,2,0,0.33058011531829834,4,4,4,3,1,1,0,1,0
G:\Thesis\FACET_Dataset\Segmented_FACET_0.2_fixed_label\sa_10662711.jpg,4,4,3,1,0.2666638493537903,3,3,3,2,0,1,0,1,0
G:\Thesis\FACET_Dataset\Segmented_FACET_0.2_fixed_label\sa_3401144.jpg,4,4,3,1,0.42569440603256226,5,5,5,4,1,1,0,1,1
G:\Thesis\FACET_Dataset\Segmented_FACET_0.2_fixed_label\sa_8470765.jpg,7,7,6,1,0.6455435752868652,7,7,7,6,1,0,1,1,1
G:\Thesis\FACET_Dataset\Segmented_FACET_0.2_fixed_label\sa_5526742.jpg,6,6,5,1,0.45889872312545776,5,5,5,4,1,1,0,1,1
G:\Thesis\FACET_Dataset\Segmented_FACET_0.2_fixed_label\sa_937545.jpg,5,5,4,1,0.2996244430541992,4,4,4,3,1,1,0,1,1
G:\Thesis\FACET_Dataset\Segmented_FACET_0.2_fixed_label\sa_2100985.jpg,3,3,2,0,0.5068292617797852,6,6,6,5,1,3,0,0,0
G:\Thesis\FACET_Dataset\Segmented_FACET_0.2_fixed_label\sa_8028499.jpg,4,4,3,1,0.5825605988502502,6,6,6,5,1,2,0,0,1
G:\Thesis\FACET_Dataset\Segmented_FACET_0.2_fixed_label\sa_1005917.jpg,3,3,2,0,0.4368457794189453,5,5,5,4,1,2,0,0,0
G:\Thesis\FACET_Dataset\Segmented_FACET_0.2_fixed_label\sa_9654190.jpg,3,3,2,0,0.2939973771572113,4,4,4,3,1,1,0,1,0
G:\Thesis\FACET_Dataset\Segmented_FACET_0.2_fixed_label\sa_766081.jpg,4,4,3,1,0.2712646722793579,3,3,3,2,0,1,0,1,0
G:\Thesis\FACET_Dataset\Segmented_FACET_0.2_fixed_label\sa_1181162.jpg,3,3,2,0,0.32018956542015076,4,4,4,3,1,1,0,1,0
