image_path,true_label,true_mst,true_class,true_bin,pred_scalar,pred_mst_rounded,pred_label,pred_mst,pred_class,pred_bin,abs_error,match_exact,match_pm1,match_bin
G:\Thesis\FACET_Dataset\Segmented_FACET_0.2_fixed_label\sa_9697495.jpg,5,5,4,1,0.47635701298713684,5,5,5,4,1,0,1,1,1
G:\Thesis\FACET_Dataset\Segmented_FACET_0.2_fixed_label\sa_1932356.jpg,8,8,7,2,0.5899757146835327,6,6,6,5,1,2,0,0,0
G:\Thesis\FACET_Dataset\Segmented_FACET_0.2_fixed_label\sa_2886046.jpg,7,7,6,1,0.6538046598434448,7,7,7,6,1,0,1,1,1
G:\Thesis\FACET_Dataset\Segmented_FACET_0.2_fixed_label\sa_139877.jpg,6,6,5,1,0.5241102576255798,6,6,6,5,1,0,1,1,1
G:\Thesis\FACET_Dataset\Segmented_FACET_0.2_fixed_label\sa_2588919.jpg,1,1,0,0,0.5443425178527832,6,6,6,5,1,5,0,0,0
G:\Thesis\FACET_Dataset\Segmented_FACET_0.2_fixed_label\sa_1341163.jpg,2,2,1,0,0.4371979534626007,5,5,5,4,1,3,0,0,0
G:\Thesis\FACET_Dataset\Segmented_FACET_0.2_fixed_label\sa_10944498.jpg,3,3,2,0,0.61152184009552,7,7,7,6,1,4,0,0,0
G:\Thesis\FACET_Dataset\Segmented_FACET_0.2_fixed_label\sa_6541816.jpg,2,2,1,0,0.21009324491024017,3,3,3,2,0,1,0,1,1
G:\Thesis\FACET_Dataset\Segmented_FACET_0.2_fixed_label\sa_9204091.jpg,3,3,2,0,0.5148534178733826,6,6,6,5,1,3,0,0,0
G:\Thesis\FACET_Dataset\Segmented_FACET_0.2_fixed_label\sa_1794471.jpg,6,6,5,1,0.32670265436172485,4,4,4,3,1,2,0,0,1
G:\Thesis\FACET_Dataset\Segmented_FACET_0.2_fixed_label\sa_1202642.jpg,2,2,1,0,0.2558799386024475,3,3,3,2,0,1,0,1,1
G:\Thesis\FACET_Dataset\Segmented_FACET_0.2_fixed_label\sa_6451924.jpg,4,4,3,1,0.30021119117736816,4,4,4,3,1,0,1,1,1
G:\Thesis\FACET_Dataset\Segmented_FACET_0.2_fixed_label\sa_925056.jpg,2,2,1,0,0.2603677213191986,3,3,3,2,0,1,0,1,1
G:\Thesis\FACET_Dataset\Segmented_FACET_0.2_fixed_label\sa_2902486.jpg,5,5,4,1,0.4944109320640564,5,5,5,4,1,0,1,1,1
G:\Thesis\FACET_Dataset\Segmented_FACET_0.2_fixed_label\sa_8240546.jpg,6,6,5,1,0.5142898559570312,6,6,6,5,1,0,1,1,1
G:\Thesis\FACET_Dataset\Segmented_FACET_0.2_fixed_label\sa_7532286.jpg,7,7,6,1,0.4938390552997589,5,5,5,4,1,2,0,0,1
G:\Thesis\FACET_Dataset\Segmented_FACET_0.2_fixed_label\sa_9040041.jpg,2,2,1,0,0.41918835043907166,5,5,5,4,1,3,0,0,0
G:\Thesis\FACET_Dataset\Segmented_FACET_0.2_fixed_label\sa_8353651.jpg,6,6,5,1,0.34383293986320496,4,4,4,3,1,2,0,0,1
G:\Thesis\FACET_Dataset\Segmented_FACET_0.2_fixed_label\sa_1485699.jpg,4,4,3,1,0.35011234879493713,4,4,4,3,1,0,1,1,1
G:\Thesis\FACET_Dataset\Segmented_FACET_0.2_fixed_label\sa_9001690.jpg,6,6,5,1,0.35473984479904175,4,4,4,3,1,2,0,0,1
G:\Thesis\FACET_Dataset\Segmented_FACET_0.2_fixed_label\sa_3731678.jpg,3,3,2,0,0.23925796151161194,3,3,3,2,0,0,1,1,1
G:\Thesis\FACET_Dataset\Segmented_FACET_0.2_fixed_label\sa_9831256.jpg,3,3,2,0,0.35712337493896484,4,4,4,3,1,1,0,1,0
G:\Thesis\FACET_Dataset\Segmented_FACET_0.2_fixed_label\sa_2113904.jpg,4,4,3,1,0.5856534242630005,6,6,6,5,1,2,0,0,1
G:\Thesis\FACET_Dataset\Segmented_FACET_0.2_fixed_label\sa_4231211.jpg,3,3,2,0,0.4407691955566406,5,5,5,4,1,2,0,0,0
G:\Thesis\FACET_Dataset\Segmented_FACET_0.2_fixed_label\sa_1042307.jpg,1,1,0,0,0.5923517942428589,6,6,6,5,1,5,0,0,0
G:\Thesis\FACET_Dataset\Segmented_FACET_0.2_fixed_label\sa_2413075.jpg,4,4,3,1,0.29430896043777466,4,4,4,3,1,0,1,1,1
G:\Thesis\FACET_Dataset\Segmented_FACET_0.2_fixed_label\sa_4360530.jpg,4,4,3,1,0.4666860103607178,5,5,5,4,1,1,0,1,1
G:\Thesis\FACET_Dataset\Segmented_FACET_0.2_fixed_label\sa_1962392.jpg,1,1,0,0,0.47304749488830566,5,5,5,4,1,4,0,0,0
G:\Thesis\FACET_Dataset\Segmented_FACET_0.2_fixed_label\sa_7298856.jpg,3,3,2,0,0.41628652811050415,5,5,5,4,1,2,0,0,0
G:\Thesis\FACET_Dataset\Segmented_FACET_0.2_fixed_label\sa_3961443.jpg,4,4,3,1,0.28483083844184875,4,4,4,3,1,0,1,1,1
G:\Thesis\FACET_Dataset\Segmented_FACET_0.2_fixed_label\sa_5627781.jpg,3,3,2,0,0.47884824872016907,5,5,5,4,1,2,0,0,0
G:\Thesis\FACET_Dataset\Segmented_FACET_0.2_fixed_label\sa_9703296.jpg,3,3,2,0,0.2001274973154068,3,3,3,2,0,0,1,1,1
G:\Thesis\FACET_Dataset\Segmented_FACET_0.2_fixed_label\sa_10229001.jpg,5,5,4,1,0.5802338719367981,6,6,6,5,1,1,0,1,1
G:\Thesis\FACET_Dataset\Segmented_FACET_0.2_fixed_label\sa_977124.jpg,4,4,3,1,0.44464030861854553,5,5,5,4,1,1,0,1,1
G:\Thesis\FACET_Dataset\Segmented_FACET_0.2_fixed_label\sa_1142603.jpg,1,1,0,0,0.36389002203941345,4,4,4,3,1,3,0,0,0
G:\Thesis\FACET_Dataset\Segmented_FACET_0.2_fixed_label\sa_9203310.jpg,5,5,4,1,0.27798041701316833,4,4,4,3,1,1,0,1,1
G:\Thesis\FACET_Dataset\Segmented_FACET_0.2_fixed_label\sa_10205156.jpg,2,2,1,0,0.5893175601959229,6,6,6,5,1,4,0,0,0
G:\Thesis\FACET_Dataset\Segmented_FACET_0.2_fixed_label\sa_6070288.jpg,2,2,1,0,0.2346547245979309,3,3,3,2,0,1,0,1,1
G:\Thesis\FACET_Dataset\Segmented_FACET_0.2_fixed_label\sa_1436790.jpg,5,5,4,1,0.20522986352443695,3,3,3,2,0,2,0,0,0
G:\Thesis\FACET_Dataset\Segmented_FACET_0.2_fixed_label\sa_7681701.jpg,8,8,7,2,0.6169784665107727,7,7,7,6,1,1,0,1,0
G:\Thesis\FACET_Dataset\Segmented_FACET_0.2_fixed_label\sa_1545952.jpg,5,5,4,1,0.43888959288597107,5,5,5,4,1,0,1,1,1
G:\Thesis\FACET_Dataset\Segmented_FACET_0.2_fixed_label\sa_1088001.jpg,4,4,3,1,0.40157949924468994,5,5,5,4,1,1,0,1,1
G:\Thesis\FACET_Dataset\Segmented_FACET_0.2_fixed_label\sa_10179814.jpg,3,3,2,0,0.5519723892211914,6,6,6,5,1,3,0,0,0
G:\Thesis\FACET_Dataset\Segmented_FACET_0.2_fixed_label\sa_1059464.jpg,3,3,2,0,0.29853084683418274,4,4,4,3,1,1,0,1,0
G:\Thesis\FACET_Dataset\Segmented_FACET_0.2_fixed_label\sa_3488835.jpg,2,2,1,0,0.4946615993976593,5,5,5,4,1,3,0,0,0
G:\Thesis\FACET_Dataset\Segmented_FACET_0.2_fixed_label\sa_2602587.jpg,6,6,5,1,0.6491404175758362,7,7,7,6,1,1,0,1,1
G:\Thesis\FACET_Dataset\Segmented_FACET_0.2_fixed_label\sa_6573159.jpg,2,2,1,0,0.37915030121803284,4,4,4,3,1,2,0,0,0
G:\Thesis\FACET_Dataset\Segmented_FACET_0.2_fixed_label\sa_7603598.jpg,4,4,3,1,0.47563984990119934,5,5,5,4,1,1,0,1,1
G:\Thesis\FACET_Dataset\Segmented_FACET_0.2_fixed_label\sa_952833.jpg,5,5,4,1,0.48310309648513794,5,5,5,4,1,0,1,1,1
G:\Thesis\FACET_Dataset\Segmented_FACET_0.2_fixed_label\sa_3092028.jpg,7,7,6,1,0.6363822817802429,7,7,7,6,1,0,1,1,1
G:\Thesis\FACET_Dataset\Segmented_FACET_0.2_fixed_label\sa_7820095.jpg,3,3,2,0,0.40512025356292725,5,5,5,4,1,2,0,0,0
G:\Thesis\FACET_Dataset\Segmented_FACET_0.2_fixed_label\sa_3331505.jpg,4,4,3,1,0.37372249364852905,4,4,4,3,1,0,1,1,1
G:\Thesis\FACET_Dataset\Segmented_FACET_0.2_fixed_label\sa_1105627.jpg,3,3,2,0,0.3376654386520386,4,4,4,3,1,1,0,1,0
G:\Thesis\FACET_Dataset\Segmented_FACET_0.2_fixed_label\sa_2052584.jpg,4,4,3,1,0.5367767214775085,6,6,6,5,1,2,0,0,1
G:\Thesis\FACET_Dataset\Segmented_FACET_0.2_fixed_label\sa_1794471.jpg,6,6,5,1,0.32670265436172485,4,4,4,3,1,2,0,0,1
G:\Thesis\FACET_Dataset\Segmented_FACET_0.2_fixed_label\sa_4372129.jpg,4,4,3,1,0.4779455065727234,5,5,5,4,1,1,0,1,1
G:\Thesis\FACET_Dataset\Segmented_FACET_0.2_fixed_label\sa_8445002.jpg,1,1,0,0,0.4422418475151062,5,5,5,4,1,4,0,0,0
G:\Thesis\FACET_Dataset\Segmented_FACET_0.2_fixed_label\sa_9972151.jpg,8,8,7,2,0.36928096413612366,4,4,4,3,1,4,0,0,0
G:\Thesis\FACET_Dataset\Segmented_FACET_0.2_fixed_label\sa_2387642.jpg,6,6,5,1,0.4813116788864136,5,5,5,4,1,1,0,1,1
G:\Thesis\FACET_Dataset\Segmented_FACET_0.2_fixed_label\sa_11119461.jpg,6,6,5,1,0.45336171984672546,5,5,5,4,1,1,0,1,1
G:\Thesis\FACET_Dataset\Segmented_FACET_0.2_fixed_label\sa_4399865.jpg,5,5,4,1,0.32339850068092346,4,4,4,3,1,1,0,1,1
G:\Thesis\FACET_Dataset\Segmented_FACET_0.2_fixed_label\sa_9306004.jpg,7,7,6,1,0.31213879585266113,4,4,4,3,1,3,0,0,1
G:\Thesis\FACET_Dataset\Segmented_FACET_0.2_fixed_label\sa_5004972.jpg,5,5,4,1,0.5564364790916443,6,6,6,5,1,1,0,1,1
G:\Thesis\FACET_Dataset\Segmented_FACET_0.2_fixed_label\sa_7084183.jpg,4,4,3,1,0.5357125401496887,6,6,6,5,1,2,0,0,1
G:\Thesis\FACET_Dataset\Segmented_FACET_0.2_fixed_label\sa_629152.jpg,2,2,1,0,0.47489866614341736,5,5,5,4,1,3,0,0,0
G:\Thesis\FACET_Dataset\Segmented_FACET_0.2_fixed_label\sa_3533680.jpg,5,5,4,1,0.5647534728050232,6,6,6,5,1,1,0,1,1
G:\Thesis\FACET_Dataset\Segmented_FACET_0.2_fixed_label\sa_9391484.jpg,2,2,1,0,0.38303565979003906,4,4,4,3,1,2,0,0,0
G:\Thesis\FACET_Dataset\Segmented_FACET_0.2_fixed_label\sa_10545112.jpg,4,4,3,1,0.16787926852703094,3,3,3,2,0,1,0,1,0
G:\Thesis\FACET_Dataset\Segmented_FACET_0.2_fixed_label\sa_8601645.jpg,4,4,3,1,0.38188421726226807,4,4,4,3,1,0,1,1,1
G:\Thesis\FACET_Dataset\Segmented_FACET_0.2_fixed_label\sa_656234.jpg,3,3,2,0,0.37906667590141296,4,4,4,3,1,1,0,1,0
G:\Thesis\FACET_Dataset\Segmented_FACET_0.2_fixed_label\sa_6799536.jpg,2,2,1,0,0.3126388192176819,4,4,4,3,1,2,0,0,0
G:\Thesis\FACET_Dataset\Segmented_FACET_0.2_fixed_label\sa_10322551.jpg,4,4,3,1,0.5759770274162292,6,6,6,5,1,2,0,0,1
G:\Thesis\FACET_Dataset\Segmented_FACET_0.2_fixed_label\sa_9063408.jpg,5,5,4,1,0.6165916919708252,7,7,7,6,1,2,0,0,1
G:\Thesis\FACET_Dataset\Segmented_FACET_0.2_fixed_label\sa_285338.jpg,3,3,2,0,0.41306620836257935,5,5,5,4,1,2,0,0,0
G:\Thesis\FACET_Dataset\Segmented_FACET_0.2_fixed_label\sa_7350370.jpg,4,4,3,1,0.5337275266647339,6,6,6,5,1,2,0,0,1
G:\Thesis\FACET_Dataset\Segmented_FACET_0.2_fixed_label\sa_7382036.jpg,6,6,5,1,0.4792141914367676,5,5,5,4,1,1,0,1,1
G:\Thesis\FACET_Dataset\Segmented_FACET_0.2_fixed_label\sa_7460164.jpg,8,8,7,2,0.7639214992523193,8,8,8,7,2,0,1,1,1
G:\Thesis\FACET_Dataset\Segmented_FACET_0.2_fixed_label\sa_3780148.jpg,2,2,1,0,0.5345461964607239,6,6,6,5,1,4,0,0,0
G:\Thesis\FACET_Dataset\Segmented_FACET_0.2_fixed_label\sa_1219405.jpg,1,1,0,0,0.32647091150283813,4,4,4,3,1,3,0,0,0
G:\Thesis\FACET_Dataset\Segmented_FACET_0.2_fixed_label\sa_9634095.jpg,6,6,5,1,0.4074570834636688,5,5,5,4,1,1,0,1,1
G:\Thesis\FACET_Dataset\Segmented_FACET_0.2_fixed_label\sa_2526175.jpg,2,2,1,0,0.3665787875652313,4,4,4,3,1,2,0,0,0
G:\Thesis\FACET_Dataset\Segmented_FACET_0.2_fixed_label\sa_3801954.jpg,3,3,2,0,0.5373057126998901,6,6,6,5,1,3,0,0,0
G:\Thesis\FACET_Dataset\Segmented_FACET_0.2_fixed_label\sa_1316937.jpg,5,5,4,1,0.4879962205886841,5,5,5,4,1,0,1,1,1
G:\Thesis\FACET_Dataset\Segmented_FACET_0.2_fixed_label\sa_672871.jpg,5,5,4,1,0.505125880241394,6,6,6,5,1,1,0,1,1
G:\Thesis\FACET_Dataset\Segmented_FACET_0.2_fixed_label\sa_3434362.jpg,4,4,3,1,0.39838945865631104,5,5,5,4,1,1,0,1,1
G:\Thesis\FACET_Dataset\Segmented_FACET_0.2_fixed_label\sa_1115411.jpg,2,2,1,0,0.3930971324443817,5,5,5,4,1,3,0,0,0
G:\Thesis\FACET_Dataset\Segmented_FACET_0.2_fixed_label\sa_5690114.jpg,4,4,3,1,0.5068759918212891,6,6,6,5,1,2,0,0,1
G:\Thesis\FACET_Dataset\Segmented_FACET_0.2_fixed_label\sa_4612919.jpg,4,4,3,1,0.42129048705101013,5,5,5,4,1,1,0,1,1
G:\Thesis\FACET_Dataset\Segmented_FACET_0.2_fixed_label\sa_8075696.jpg,1,1,0,0,0.35505545139312744,4,4,4,3,1,3,0,0,0
G:\Thesis\FACET_Dataset\Segmented_FACET_0.2_fixed_label\sa_5961197.jpg,4,4,3,1,0.6433840394020081,7,7,7,6,1,3,0,0,1
G:\Thesis\FACET_Dataset\Segmented_FACET_0.2_fixed_label\sa_6004743.jpg,3,3,2,0,0.12125416845083237,2,2,2,1,0,1,0,1,1
G:\Thesis\FACET_Dataset\Segmented_FACET_0.2_fixed_label\sa_5453598.jpg,4,4,3,1,0.5647174715995789,6,6,6,5,1,2,0,0,1
G:\Thesis\FACET_Dataset\Segmented_FACET_0.2_fixed_label\sa_1710488.jpg,2,2,1,0,0.49682506918907166,5,5,5,4,1,3,0,0,0
G:\Thesis\FACET_Dataset\Segmented_FACET_0.2_fixed_label\sa_5846110.jpg,3,3,2,0,0.26897644996643066,3,3,3,2,0,0,1,1,1
G:\Thesis\FACET_Dataset\Segmented_FACET_0.2_fixed_label\sa_9389226.jpg,3,3,2,0,0.4226893484592438,5,5,5,4,1,2,0,0,0
G:\Thesis\FACET_Dataset\Segmented_FACET_0.2_fixed_label\sa_9195129.jpg,3,3,2,0,0.44441401958465576,5,5,5,4,1,2,0,0,0
G:\Thesis\FACET_Dataset\Segmented_FACET_0.2_fixed_label\sa_10697571.jpg,5,5,4,1,0.41162872314453125,5,5,5,4,1,0,1,1,1
G:\Thesis\FACET_Dataset\Segmented_FACET_0.2_fixed_label\sa_804458.jpg,4,4,3,1,0.5790473222732544,6,6,6,5,1,2,0,0,1
G:\Thesis\FACET_Dataset\Segmented_FACET_0.2_fixed_label\sa_1535685.jpg,3,3,2,0,0.35524633526802063,4,4,4,3,1,1,0,1,0
G:\Thesis\FACET_Dataset\Segmented_FACET_0.2_fixed_label\sa_3257498.jpg,5,5,4,1,0.5961748361587524,6,6,6,5,1,1,0,1,1
G:\Thesis\FACET_Dataset\Segmented_FACET_0.2_fixed_label\sa_247280.jpg,4,4,3,1,0.2285689413547516,3,3,3,2,0,1,0,1,0
G:\Thesis\FACET_Dataset\Segmented_FACET_0.2_fixed_label\sa_2857909.jpg,3,3,2,0,0.3051708936691284,4,4,4,3,1,1,0,1,0
G:\Thesis\FACET_Dataset\Segmented_FACET_0.2_fixed_label\sa_9177167.jpg,3,3,2,0,0.27970245480537415,4,4,4,3,1,1,0,1,0
G:\Thesis\FACET_Dataset\Segmented_FACET_0.2_fixed_label\sa_5091001.jpg,4,4,3,1,0.4558638632297516,5,5,5,4,1,1,0,1,1
G:\Thesis\FACET_Dataset\Segmented_FACET_0.2_fixed_label\sa_1480212.jpg,6,6,5,1,0.5759416222572327,6,6,6,5,1,0,1,1,1
G:\Thesis\FACET_Dataset\Segmented_FACET_0.2_fixed_label\sa_978323.jpg,3,3,2,0,0.2593936324119568,3,3,3,2,0,0,1,1,1
G:\Thesis\FACET_Dataset\Segmented_FACET_0.2_fixed_label\sa_3918447.jpg,7,7,6,1,0.5596306920051575,6,6,6,5,1,1,0,1,1
G:\Thesis\FACET_Dataset\Segmented_FACET_0.2_fixed_label\sa_8855228.jpg,4,4,3,1,0.3994177281856537,5,5,5,4,1,1,0,1,1
G:\Thesis\FACET_Dataset\Segmented_FACET_0.2_fixed_label\sa_6685030.jpg,1,1,0,0,0.4829263687133789,5,5,5,4,1,4,0,0,0
G:\Thesis\FACET_Dataset\Segmented_FACET_0.2_fixed_label\sa_2110175.jpg,3,3,2,0,0.1221504956483841,2,2,2,1,0,1,0,1,1
G:\Thesis\FACET_Dataset\Segmented_FACET_0.2_fixed_label\sa_6189368.jpg,6,6,5,1,0.4607546627521515,5,5,5,4,1,1,0,1,1
G:\Thesis\FACET_Dataset\Segmented_FACET_0.2_fixed_label\sa_2052584.jpg,7,7,6,1,0.5367767214775085,6,6,6,5,1,1,0,1,1
G:\Thesis\FACET_Dataset\Segmented_FACET_0.2_fixed_label\sa_4582280.jpg,3,3,2,0,0.3982873857021332,5,5,5,4,1,2,0,0,0
G:\Thesis\FACET_Dataset\Segmented_FACET_0.2_fixed_label\sa_122128.jpg,2,2,1,0,0.253853440284729,3,3,3,2,0,1,0,1,1
G:\Thesis\FACET_Dataset\Segmented_FACET_0.2_fixed_label\sa_8576130.jpg,6,6,5,1,0.5415799617767334,6,6,6,5,1,0,1,1,1
G:\Thesis\FACET_Dataset\Segmented_FACET_0.2_fixed_label\sa_7912660.jpg,5,5,4,1,0.4763033986091614,5,5,5,4,1,0,1,1,1
G:\Thesis\FACET_Dataset\Segmented_FACET_0.2_fixed_label\sa_4630686.jpg,5,5,4,1,0.6018439531326294,6,6,6,5,1,1,0,1,1
G:\Thesis\FACET_Dataset\Segmented_FACET_0.2_fixed_label\sa_1978583.jpg,2,2,1,0,0.4540303349494934,5,5,5,4,1,3,0,0,0
G:\Thesis\FACET_Dataset\Segmented_FACET_0.2_fixed_label\sa_284097.jpg,3,3,2,0,0.47355979681015015,5,5,5,4,1,2,0,0,0
G:\Thesis\FACET_Dataset\Segmented_FACET_0.2_fixed_label\sa_11053641.jpg,6,6,5,1,0.5091233849525452,6,6,6,5,1,0,1,1,1
G:\Thesis\FACET_Dataset\Segmented_FACET_0.2_fixed_label\sa_4805863.jpg,4,4,3,1,0.33678704500198364,4,4,4,3,1,0,1,1,1
G:\Thesis\FACET_Dataset\Segmented_FACET_0.2_fixed_label\sa_113089.jpg,2,2,1,0,0.2717058062553406,3,3,3,2,0,1,0,1,1
G:\Thesis\FACET_Dataset\Segmented_FACET_0.2_fixed_label\sa_5100151.jpg,1,1,0,0,0.273375928401947,3,3,3,2,0,2,0,0,1
G:\Thesis\FACET_Dataset\Segmented_FACET_0.2_fixed_label\sa_4107516.jpg,1,1,0,0,0.13105367124080658,2,2,2,1,0,1,0,1,1
G:\Thesis\FACET_Dataset\Segmented_FACET_0.2_fixed_label\sa_9382804.jpg,3,3,2,0,0.33014875650405884,4,4,4,3,1,1,0,1,0
G:\Thesis\FACET_Dataset\Segmented_FACET_0.2_fixed_label\sa_7484617.jpg,3,3,2,0,0.196919783949852,3,3,3,2,0,0,1,1,1
G:\Thesis\FACET_Dataset\Segmented_FACET_0.2_fixed_label\sa_10915751.jpg,9,9,8,2,0.5161529779434204,6,6,6,5,1,3,0,0,0
G:\Thesis\FACET_Dataset\Segmented_FACET_0.2_fixed_label\sa_10582570.jpg,2,2,1,0,0.26890406012535095,3,3,3,2,0,1,0,1,1
G:\Thesis\FACET_Dataset\Segmented_FACET_0.2_fixed_label\sa_2799519.jpg,3,3,2,0,0.2773992121219635,3,3,3,2,0,0,1,1,1
G:\Thesis\FACET_Dataset\Segmented_FACET_0.2_fixed_label\sa_10173219.jpg,5,5,4,1,0.30063003301620483,4,4,4,3,1,1,0,1,1
G:\Thesis\FACET_Dataset\Segmented_FACET_0.2_fixed_label\sa_2233957.jpg,6,6,5,1,0.6303132772445679,7,7,7,6,1,1,0,1,1
G:\Thesis\FACET_Dataset\Segmented_FACET_0.2_fixed_label\sa_6753727.jpg,2,2,1,0,0.34256604313850403,4,4,4,3,1,2,0,0,0
G:\Thesis\FACET_Dataset\Segmented_FACET_0.2_fixed_label\sa_9744269.jpg,4,4,3,1,0.45072394609451294,5,5,5,4,1,1,0,1,1
G:\Thesis\FACET_Dataset\Segmented_FACET_0.2_fixed_label\sa_9822578.jpg,3,3,2,0,0.45150086283683777,5,5,5,4,1,2,0,0,0
G:\Thesis\FACET_Dataset\Segmented_FACET_0.2_fixed_label\sa_7969661.jpg,4,4,3,1,0.5310792922973633,6,6,6,5,1,2,0,0,1
G:\Thesis\FACET_Dataset\Segmented_FACET_0.2_fixed_label\sa_6240060.jpg,4,4,3,1,0.35963577032089233,4,4,4,3,1,0,1,1,1
G:\Thesis\FACET_Dataset\Segmented_FACET_0.2_fixed_label\sa_4674923.jpg,8,8,7,2,0.5244712233543396,6,6,6,5,1,2,0,0,0
G:\Thesis\FACET_Dataset\Segmented_FACET_0.2_fixed_label\sa_2212636.jpg,5,5,4,1,0.5671142339706421,6,6,6,5,1,1,0,1,1
G:\Thesis\FACET_Dataset\Segmented_FACET_0.2_fixed_label\sa_5695505.jpg,2,2,1,0,0.3691752851009369,4,4,4,3,1,2,0,0,0
G:\Thesis\FACET_Dataset\Segmented_FACET_0.2_fixed_label\sa_6926938.jpg,3,3,2,0,0.26004311442375183,3,3,3,2,0,0,1,1,1
G:\Thesis\FACET_Dataset\Segmented_FACET_0.2_fixed_label\sa_3856553.jpg,4,4,3,1,0.36339130997657776,4,4,4,3,1,0,1,1,1
G:\Thesis\FACET_Dataset\Segmented_FACET_0.2_fixed_label\sa_364774.jpg,5,5,4,1,0.47325369715690613,5,5,5,4,1,0,1,1,1
G:\Thesis\FACET_Dataset\Segmented_FACET_0.2_fixed_label\sa_10456335.jpg,6,6,5,1,0.49535563588142395,5,5,5,4,1,1,0,1,1
G:\Thesis\FACET_Dataset\Segmented_FACET_0.2_fixed_label\sa_4811282.jpg,4,4,3,1,0.37932318449020386,4,4,4,3,1,0,1,1,1
G:\Thesis\FACET_Dataset\Segmented_FACET_0.2_fixed_label\sa_3411310.jpg,2,2,1,0,0.3193083703517914,4,4,4,3,1,2,0,0,0
G:\Thesis\FACET_Dataset\Segmented_FACET_0.2_fixed_label\sa_2288577.jpg,5,5,4,1,0.31828561425209045,4,4,4,3,1,1,0,1,1
G:\Thesis\FACET_Dataset\Segmented_FACET_0.2_fixed_label\sa_4086321.jpg,4,4,3,1,0.5701841115951538,6,6,6,5,1,2,0,0,1
G:\Thesis\FACET_Dataset\Segmented_FACET_0.2_fixed_label\sa_5733627.jpg,4,4,3,1,0.6092895269393921,6,6,6,5,1,2,0,0,1
G:\Thesis\FACET_Dataset\Segmented_FACET_0.2_fixed_label\sa_1987164.jpg,5,5,4,1,0.3048994839191437,4,4,4,3,1,1,0,1,1
G:\Thesis\FACET_Dataset\Segmented_FACET_0.2_fixed_label\sa_2649633.jpg,3,3,2,0,0.33632606267929077,4,4,4,3,1,1,0,1,0
G:\Thesis\FACET_Dataset\Segmented_FACET_0.2_fixed_label\sa_8683243.jpg,6,6,5,1,0.49436840415000916,5,5,5,4,1,1,0,1,1
G:\Thesis\FACET_Dataset\Segmented_FACET_0.2_fixed_label\sa_4878921.jpg,4,4,3,1,0.4417569637298584,5,5,5,4,1,1,0,1,1
G:\Thesis\FACET_Dataset\Segmented_FACET_0.2_fixed_label\sa_3554706.jpg,2,2,1,0,0.2948065400123596,4,4,4,3,1,2,0,0,0
G:\Thesis\FACET_Dataset\Segmented_FACET_0.2_fixed_label\sa_9755513.jpg,2,2,1,0,0.4031730592250824,5,5,5,4,1,3,0,0,0
G:\Thesis\FACET_Dataset\Segmented_FACET_0.2_fixed_label\sa_4388342.jpg,6,6,5,1,0.6328182816505432,7,7,7,6,1,1,0,1,1
G:\Thesis\FACET_Dataset\Segmented_FACET_0.2_fixed_label\sa_896542.jpg,6,6,5,1,0.49688103795051575,5,5,5,4,1,1,0,1,1
G:\Thesis\FACET_Dataset\Segmented_FACET_0.2_fixed_label\sa_4185185.jpg,3,3,2,0,0.6469225287437439,7,7,7,6,1,4,0,0,0
G:\Thesis\FACET_Dataset\Segmented_FACET_0.2_fixed_label\sa_2784473.jpg,3,3,2,0,0.26956906914711,3,3,3,2,0,0,1,1,1
G:\Thesis\FACET_Dataset\Segmented_FACET_0.2_fixed_label\sa_753963.jpg,3,3,2,0,0.528320848941803,6,6,6,5,1,3,0,0,0
G:\Thesis\FACET_Dataset\Segmented_FACET_0.2_fixed_label\sa_5553191.jpg,2,2,1,0,0.1386508345603943,2,2,2,1,0,0,1,1,1
G:\Thesis\FACET_Dataset\Segmented_FACET_0.2_fixed_label\sa_5976402.jpg,3,3,2,0,0.4742230176925659,5,5,5,4,1,2,0,0,0
G:\Thesis\FACET_Dataset\Segmented_FACET_0.2_fixed_label\sa_5159556.jpg,4,4,3,1,0.5007712841033936,6,6,6,5,1,2,0,0,1
G:\Thesis\FACET_Dataset\Segmented_FACET_0.2_fixed_label\sa_5067573.jpg,2,2,1,0,0.3534524142742157,4,4,4,3,1,2,0,0,0
G:\Thesis\FACET_Dataset\Segmented_FACET_0.2_fixed_label\sa_6788791.jpg,4,4,3,1,0.5611612200737,6,6,6,5,1,2,0,0,1
G:\Thesis\FACET_Dataset\Segmented_FACET_0.2_fixed_label\sa_6071782.jpg,4,4,3,1,0.4337683916091919,5,5,5,4,1,1,0,1,1
G:\Thesis\FACET_Dataset\Segmented_FACET_0.2_fixed_label\sa_4455432.jpg,7,7,6,1,0.7331838607788086,8,8,8,7,2,1,0,1,0
G:\Thesis\FACET_Dataset\Segmented_FACET_0.2_fixed_label\sa_6761839.jpg,3,3,2,0,0.522709310054779,6,6,6,5,1,3,0,0,0
G:\Thesis\FACET_Dataset\Segmented_FACET_0.2_fixed_label\sa_10695373.jpg,6,6,5,1,0.4824310839176178,5,5,5,4,1,1,0,1,1
G:\Thesis\FACET_Dataset\Segmented_FACET_0.2_fixed_label\sa_5564154.jpg,5,5,4,1,0.40818101167678833,5,5,5,4,1,0,1,1,1
G:\Thesis\FACET_Dataset\Segmented_FACET_0.2_fixed_label\sa_1144511.jpg,2,2,1,0,0.4367227852344513,5,5,5,4,1,3,0,0,0
G:\Thesis\FACET_Dataset\Segmented_FACET_0.2_fixed_label\sa_3281135.jpg,4,4,3,1,0.34797483682632446,4,4,4,3,1,0,1,1,1
G:\Thesis\FACET_Dataset\Segmented_FACET_0.2_fixed_label\sa_11061925.jpg,6,6,5,1,0.41109004616737366,5,5,5,4,1,1,0,1,1
G:\Thesis\FACET_Dataset\Segmented_FACET_0.2_fixed_label\sa_10384128.jpg,2,2,1,0,0.1688445508480072,3,3,3,2,0,1,0,1,1
G:\Thesis\FACET_Dataset\Segmented_FACET_0.2_fixed_label\sa_1297854.jpg,4,4,3,1,0.4622005820274353,5,5,5,4,1,1,0,1,1
G:\Thesis\FACET_Dataset\Segmented_FACET_0.2_fixed_label\sa_4199584.jpg,2,2,1,0,0.36379632353782654,4,4,4,3,1,2,0,0,0
G:\Thesis\FACET_Dataset\Segmented_FACET_0.2_fixed_label\sa_8179971.jpg,7,7,6,1,0.4219481647014618,5,5,5,4,1,2,0,0,1
G:\Thesis\FACET_Dataset\Segmented_FACET_0.2_fixed_label\sa_4068101.jpg,3,3,2,0,0.24470220506191254,3,3,3,2,0,0,1,1,1
G:\Thesis\FACET_Dataset\Segmented_FACET_0.2_fixed_label\sa_2058617.jpg,3,3,2,0,0.40561264753341675,5,5,5,4,1,2,0,0,0
G:\Thesis\FACET_Dataset\Segmented_FACET_0.2_fixed_label\sa_155230.jpg,2,2,1,0,0.3888377845287323,4,4,4,3,1,2,0,0,0
G:\Thesis\FACET_Dataset\Segmented_FACET_0.2_fixed_label\sa_10181591.jpg,2,2,1,0,0.32800179719924927,4,4,4,3,1,2,0,0,0
G:\Thesis\FACET_Dataset\Segmented_FACET_0.2_fixed_label\sa_8677687.jpg,3,3,2,0,0.25078263878822327,3,3,3,2,0,0,1,1,1
G:\Thesis\FACET_Dataset\Segmented_FACET_0.2_fixed_label\sa_1950587.jpg,6,6,5,1,0.4100934863090515,5,5,5,4,1,1,0,1,1
G:\Thesis\FACET_Dataset\Segmented_FACET_0.2_fixed_label\sa_6286495.jpg,2,2,1,0,0.2481764405965805,3,3,3,2,0,1,0,1,1
G:\Thesis\FACET_Dataset\Segmented_FACET_0.2_fixed_label\sa_341686.jpg,4,4,3,1,0.5322262048721313,6,6,6,5,1,2,0,0,1
G:\Thesis\FACET_Dataset\Segmented_FACET_0.2_fixed_label\sa_1071665.jpg,3,3,2,0,0.518936276435852,6,6,6,5,1,3,0,0,0
G:\Thesis\FACET_Dataset\Segmented_FACET_0.2_fixed_label\sa_4101522.jpg,6,6,5,1,0.4896390736103058,5,5,5,4,1,1,0,1,1
G:\Thesis\FACET_Dataset\Segmented_FACET_0.2_fixed_label\sa_1671319.jpg,3,3,2,0,0.41567090153694153,5,5,5,4,1,2,0,0,0
G:\Thesis\FACET_Dataset\Segmented_FACET_0.2_fixed_label\sa_3088315.jpg,4,4,3,1,0.4231824576854706,5,5,5,4,1,1,0,1,1
G:\Thesis\FACET_Dataset\Segmented_FACET_0.2_fixed_label\sa_2773879.jpg,3,3,2,0,0.5325173139572144,6,6,6,5,1,3,0,0,0
G:\Thesis\FACET_Dataset\Segmented_FACET_0.2_fixed_label\sa_125944.jpg,3,3,2,0,0.4155409336090088,5,5,5,4,1,2,0,0,0
G:\Thesis\FACET_Dataset\Segmented_FACET_0.2_fixed_label\sa_4209015.jpg,2,2,1,0,0.4326128363609314,5,5,5,4,1,3,0,0,0
G:\Thesis\FACET_Dataset\Segmented_FACET_0.2_fixed_label\sa_10375379.jpg,2,2,1,0,0.3628764748573303,4,4,4,3,1,2,0,0,0
G:\Thesis\FACET_Dataset\Segmented_FACET_0.2_fixed_label\sa_8915983.jpg,2,2,1,0,0.4819682836532593,5,5,5,4,1,3,0,0,0
G:\Thesis\FACET_Dataset\Segmented_FACET_0.2_fixed_label\sa_2219379.jpg,3,3,2,0,0.2506517469882965,3,3,3,2,0,0,1,1,1
G:\Thesis\FACET_Dataset\Segmented_FACET_0.2_fixed_label\sa_4596362.jpg,3,3,2,0,0.4126119017601013,5,5,5,4,1,2,0,0,0
G:\Thesis\FACET_Dataset\Segmented_FACET_0.2_fixed_label\sa_5922100.jpg,2,2,1,0,0.33592361211776733,4,4,4,3,1,2,0,0,0
G:\Thesis\FACET_Dataset\Segmented_FACET_0.2_fixed_label\sa_5603229.jpg,4,4,3,1,0.2817988395690918,4,4,4,3,1,0,1,1,1
G:\Thesis\FACET_Dataset\Segmented_FACET_0.2_fixed_label\sa_11092989.jpg,4,4,3,1,0.4984954595565796,5,5,5,4,1,1,0,1,1
G:\Thesis\FACET_Dataset\Segmented_FACET_0.2_fixed_label\sa_752592.jpg,3,3,2,0,0.40751221776008606,5,5,5,4,1,2,0,0,0
G:\Thesis\FACET_Dataset\Segmented_FACET_0.2_fixed_label\sa_5678360.jpg,2,2,1,0,0.2538275420665741,3,3,3,2,0,1,0,1,1
G:\Thesis\FACET_Dataset\Segmented_FACET_0.2_fixed_label\sa_10151811.jpg,3,3,2,0,0.3676001727581024,4,4,4,3,1,1,0,1,0
G:\Thesis\FACET_Dataset\Segmented_FACET_0.2_fixed_label\sa_2831967.jpg,3,3,2,0,0.42725419998168945,5,5,5,4,1,2,0,0,0
G:\Thesis\FACET_Dataset\Segmented_FACET_0.2_fixed_label\sa_6777949.jpg,4,4,3,1,0.4014165997505188,5,5,5,4,1,1,0,1,1
G:\Thesis\FACET_Dataset\Segmented_FACET_0.2_fixed_label\sa_3097315.jpg,3,3,2,0,0.45798930525779724,5,5,5,4,1,2,0,0,0
G:\Thesis\FACET_Dataset\Segmented_FACET_0.2_fixed_label\sa_8492689.jpg,6,6,5,1,0.5096843838691711,6,6,6,5,1,0,1,1,1
G:\Thesis\FACET_Dataset\Segmented_FACET_0.2_fixed_label\sa_7201095.jpg,2,2,1,0,0.3386077582836151,4,4,4,3,1,2,0,0,0
G:\Thesis\FACET_Dataset\Segmented_FACET_0.2_fixed_label\sa_1780912.jpg,6,6,5,1,0.4598006308078766,5,5,5,4,1,1,0,1,1
G:\Thesis\FACET_Dataset\Segmented_FACET_0.2_fixed_label\sa_7747475.jpg,2,2,1,0,0.20589976012706757,3,3,3,2,0,1,0,1,1
G:\Thesis\FACET_Dataset\Segmented_FACET_0.2_fixed_label\sa_4313887.jpg,5,5,4,1,0.42479297518730164,5,5,5,4,1,0,1,1,1
G:\Thesis\FACET_Dataset\Segmented_FACET_0.2_fixed_label\sa_10229266.jpg,4,4,3,1,0.5303001403808594,6,6,6,5,1,2,0,0,1
G:\Thesis\FACET_Dataset\Segmented_FACET_0.2_fixed_label\sa_2800960.jpg,3,3,2,0,0.21971766650676727,3,3,3,2,0,0,1,1,1
G:\Thesis\FACET_Dataset\Segmented_FACET_0.2_fixed_label\sa_6370604.jpg,2,2,1,0,0.12792980670928955,2,2,2,1,0,0,1,1,1
G:\Thesis\FACET_Dataset\Segmented_FACET_0.2_fixed_label\sa_1736638.jpg,3,3,2,0,0.3254483640193939,4,4,4,3,1,1,0,1,0
G:\Thesis\FACET_Dataset\Segmented_FACET_0.2_fixed_label\sa_8814832.jpg,5,5,4,1,0.47469162940979004,5,5,5,4,1,0,1,1,1
G:\Thesis\FACET_Dataset\Segmented_FACET_0.2_fixed_label\sa_5812567.jpg,2,2,1,0,0.4174356460571289,5,5,5,4,1,3,0,0,0
G:\Thesis\FACET_Dataset\Segmented_FACET_0.2_fixed_label\sa_8331923.jpg,3,3,2,0,0.43949949741363525,5,5,5,4,1,2,0,0,0
G:\Thesis\FACET_Dataset\Segmented_FACET_0.2_fixed_label\sa_3789797.jpg,6,6,5,1,0.41967594623565674,5,5,5,4,1,1,0,1,1
G:\Thesis\FACET_Dataset\Segmented_FACET_0.2_fixed_label\sa_6741861.jpg,2,2,1,0,0.24476557970046997,3,3,3,2,0,1,0,1,1
G:\Thesis\FACET_Dataset\Segmented_FACET_0.2_fixed_label\sa_7391705.jpg,1,1,0,0,0.2735965847969055,3,3,3,2,0,2,0,0,1
G:\Thesis\FACET_Dataset\Segmented_FACET_0.2_fixed_label\sa_2068797.jpg,2,2,1,0,0.1999560296535492,3,3,3,2,0,1,0,1,1
G:\Thesis\FACET_Dataset\Segmented_FACET_0.2_fixed_label\sa_6045725.jpg,6,6,5,1,0.4328545928001404,5,5,5,4,1,1,0,1,1
G:\Thesis\FACET_Dataset\Segmented_FACET_0.2_fixed_label\sa_8252861.jpg,3,3,2,0,0.39808037877082825,5,5,5,4,1,2,0,0,0
G:\Thesis\FACET_Dataset\Segmented_FACET_0.2_fixed_label\sa_8128966.jpg,2,2,1,0,0.1532820761203766,2,2,2,1,0,0,1,1,1
G:\Thesis\FACET_Dataset\Segmented_FACET_0.2_fixed_label\sa_9898095.jpg,3,3,2,0,0.38347795605659485,4,4,4,3,1,1,0,1,0
G:\Thesis\FACET_Dataset\Segmented_FACET_0.2_fixed_label\sa_359136.jpg,3,3,2,0,0.48912447690963745,5,5,5,4,1,2,0,0,0
G:\Thesis\FACET_Dataset\Segmented_FACET_0.2_fixed_label\sa_5963197.jpg,2,2,1,0,0.3708699643611908,4,4,4,3,1,2,0,0,0
G:\Thesis\FACET_Dataset\Segmented_FACET_0.2_fixed_label\sa_10900054.jpg,5,5,4,1,0.34551122784614563,4,4,4,3,1,1,0,1,1
G:\Thesis\FACET_Dataset\Segmented_FACET_0.2_fixed_label\sa_5085852.jpg,5,5,4,1,0.43255484104156494,5,5,5,4,1,0,1,1,1
G:\Thesis\FACET_Dataset\Segmented_FACET_0.2_fixed_label\sa_7244016.jpg,2,2,1,0,0.3118543326854706,4,4,4,3,1,2,0,0,0
G:\Thesis\FACET_Dataset\Segmented_FACET_0.2_fixed_label\sa_2215123.jpg,2,2,1,0,0.2890112102031708,4,4,4,3,1,2,0,0,0
G:\Thesis\FACET_Dataset\Segmented_FACET_0.2_fixed_label\sa_9062228.jpg,4,4,3,1,0.5436356663703918,6,6,6,5,1,2,0,0,1
G:\Thesis\FACET_Dataset\Segmented_FACET_0.2_fixed_label\sa_4871209.jpg,4,4,3,1,0.3242272734642029,4,4,4,3,1,0,1,1,1
G:\Thesis\FACET_Dataset\Segmented_FACET_0.2_fixed_label\sa_8140139.jpg,6,6,5,1,0.44747790694236755,5,5,5,4,1,1,0,1,1
G:\Thesis\FACET_Dataset\Segmented_FACET_0.2_fixed_label\sa_5651632.jpg,6,6,5,1,0.5170637965202332,6,6,6,5,1,0,1,1,1
G:\Thesis\FACET_Dataset\Segmented_FACET_0.2_fixed_label\sa_10189697.jpg,7,7,6,1,0.6676613688468933,7,7,7,6,1,0,1,1,1
G:\Thesis\FACET_Dataset\Segmented_FACET_0.2_fixed_label\sa_5633505.jpg,3,3,2,0,0.42198646068573,5,5,5,4,1,2,0,0,0
G:\Thesis\FACET_Dataset\Segmented_FACET_0.2_fixed_label\sa_11074209.jpg,2,2,1,0,0.6784985065460205,7,7,7,6,1,5,0,0,0
G:\Thesis\FACET_Dataset\Segmented_FACET_0.2_fixed_label\sa_2583896.jpg,6,6,5,1,0.49737852811813354,5,5,5,4,1,1,0,1,1
G:\Thesis\FACET_Dataset\Segmented_FACET_0.2_fixed_label\sa_5980863.jpg,3,3,2,0,0.3634412884712219,4,4,4,3,1,1,0,1,0
G:\Thesis\FACET_Dataset\Segmented_FACET_0.2_fixed_label\sa_6275110.jpg,9,9,8,2,0.5497729182243347,6,6,6,5,1,3,0,0,0
G:\Thesis\FACET_Dataset\Segmented_FACET_0.2_fixed_label\sa_3099654.jpg,4,4,3,1,0.5187626481056213,6,6,6,5,1,2,0,0,1
G:\Thesis\FACET_Dataset\Segmented_FACET_0.2_fixed_label\sa_9336068.jpg,2,2,1,0,0.19997847080230713,3,3,3,2,0,1,0,1,1
G:\Thesis\FACET_Dataset\Segmented_FACET_0.2_fixed_label\sa_9014482.jpg,2,2,1,0,0.5934350490570068,6,6,6,5,1,4,0,0,0
G:\Thesis\FACET_Dataset\Segmented_FACET_0.2_fixed_label\sa_4931458.jpg,4,4,3,1,0.46531590819358826,5,5,5,4,1,1,0,1,1
G:\Thesis\FACET_Dataset\Segmented_FACET_0.2_fixed_label\sa_4335825.jpg,8,8,7,2,0.6184419989585876,7,7,7,6,1,1,0,1,0
G:\Thesis\FACET_Dataset\Segmented_FACET_0.2_fixed_label\sa_9383976.jpg,5,5,4,1,0.40174031257629395,5,5,5,4,1,0,1,1,1
G:\Thesis\FACET_Dataset\Segmented_FACET_0.2_fixed_label\sa_9054737.jpg,9,9,8,2,0.5139999985694885,6,6,6,5,1,3,0,0,0
G:\Thesis\FACET_Dataset\Segmented_FACET_0.2_fixed_label\sa_5234389.jpg,3,3,2,0,0.4412982165813446,5,5,5,4,1,2,0,0,0
G:\Thesis\FACET_Dataset\Segmented_FACET_0.2_fixed_label\sa_8295728.jpg,3,3,2,0,0.42081376910209656,5,5,5,4,1,2,0,0,0
G:\Thesis\FACET_Dataset\Segmented_FACET_0.2_fixed_label\sa_465720.jpg,3,3,2,0,0.1769113540649414,3,3,3,2,0,0,1,1,1
G:\Thesis\FACET_Dataset\Segmented_FACET_0.2_fixed_label\sa_8686739.jpg,2,2,1,0,0.12142746895551682,2,2,2,1,0,0,1,1,1
G:\Thesis\FACET_Dataset\Segmented_FACET_0.2_fixed_label\sa_7592849.jpg,2,2,1,0,0.2853013873100281,4,4,4,3,1,2,0,0,0
G:\Thesis\FACET_Dataset\Segmented_FACET_0.2_fixed_label\sa_2843814.jpg,3,3,2,0,0.46459662914276123,5,5,5,4,1,2,0,0,0
G:\Thesis\FACET_Dataset\Segmented_FACET_0.2_fixed_label\sa_7831773.jpg,7,7,6,1,0.5921204090118408,6,6,6,5,1,1,0,1,1
G:\Thesis\FACET_Dataset\Segmented_FACET_0.2_fixed_label\sa_6207771.jpg,2,2,1,0,0.5014592409133911,6,6,6,5,1,4,0,0,0
G:\Thesis\FACET_Dataset\Segmented_FACET_0.2_fixed_label\sa_10181054.jpg,8,8,7,2,0.6966440081596375,7,7,7,6,1,1,0,1,0
G:\Thesis\FACET_Dataset\Segmented_FACET_0.2_fixed_label\sa_9668155.jpg,2,2,1,0,0.4921220541000366,5,5,5,4,1,3,0,0,0
G:\Thesis\FACET_Dataset\Segmented_FACET_0.2_fixed_label\sa_7168838.jpg,4,4,3,1,0.4141696095466614,5,5,5,4,1,1,0,1,1
G:\Thesis\FACET_Dataset\Segmented_FACET_0.2_fixed_label\sa_8017438.jpg,3,3,2,0,0.4798501133918762,5,5,5,4,1,2,0,0,0
G:\Thesis\FACET_Dataset\Segmented_FACET_0.2_fixed_label\sa_6286621.jpg,4,4,3,1,0.5688664317131042,6,6,6,5,1,2,0,0,1
G:\Thesis\FACET_Dataset\Segmented_FACET_0.2_fixed_label\sa_853761.jpg,6,6,5,1,0.5711317658424377,6,6,6,5,1,0,1,1,1
G:\Thesis\FACET_Dataset\Segmented_FACET_0.2_fixed_label\sa_10885813.jpg,2,2,1,0,0.2646230459213257,3,3,3,2,0,1,0,1,1
G:\Thesis\FACET_Dataset\Segmented_FACET_0.2_fixed_label\sa_4686189.jpg,4,4,3,1,0.2764725387096405,3,3,3,2,0,1,0,1,0
G:\Thesis\FACET_Dataset\Segmented_FACET_0.2_fixed_label\sa_4708099.jpg,2,2,1,0,0.4039269983768463,5,5,5,4,1,3,0,0,0
G:\Thesis\FACET_Dataset\Segmented_FACET_0.2_fixed_label\sa_3499675.jpg,3,3,2,0,0.2786940634250641,4,4,4,3,1,1,0,1,0
G:\Thesis\FACET_Dataset\Segmented_FACET_0.2_fixed_label\sa_7063556.jpg,4,4,3,1,0.4962070882320404,5,5,5,4,1,1,0,1,1
G:\Thesis\FACET_Dataset\Segmented_FACET_0.2_fixed_label\sa_6004743.jpg,7,7,6,1,0.12125416845083237,2,2,2,1,0,5,0,0,0
G:\Thesis\FACET_Dataset\Segmented_FACET_0.2_fixed_label\sa_1117468.jpg,9,9,8,2,0.5416951775550842,6,6,6,5,1,3,0,0,0
G:\Thesis\FACET_Dataset\Segmented_FACET_0.2_fixed_label\sa_10058268.jpg,2,2,1,0,0.5832333564758301,6,6,6,5,1,4,0,0,0
G:\Thesis\FACET_Dataset\Segmented_FACET_0.2_fixed_label\sa_3723351.jpg,4,4,3,1,0.4161655008792877,5,5,5,4,1,1,0,1,1
G:\Thesis\FACET_Dataset\Segmented_FACET_0.2_fixed_label\sa_2163692.jpg,2,2,1,0,0.33221104741096497,4,4,4,3,1,2,0,0,0
G:\Thesis\FACET_Dataset\Segmented_FACET_0.2_fixed_label\sa_10887048.jpg,5,5,4,1,0.4426657557487488,5,5,5,4,1,0,1,1,1
G:\Thesis\FACET_Dataset\Segmented_FACET_0.2_fixed_label\sa_10124048.jpg,5,5,4,1,0.38603901863098145,4,4,4,3,1,1,0,1,1
G:\Thesis\FACET_Dataset\Segmented_FACET_0.2_fixed_label\sa_57719.jpg,6,6,5,1,0.4817022681236267,5,5,5,4,1,1,0,1,1
G:\Thesis\FACET_Dataset\Segmented_FACET_0.2_fixed_label\sa_5941759.jpg,2,2,1,0,0.2195471078157425,3,3,3,2,0,1,0,1,1
G:\Thesis\FACET_Dataset\Segmented_FACET_0.2_fixed_label\sa_8178058.jpg,4,4,3,1,0.34056001901626587,4,4,4,3,1,0,1,1,1
G:\Thesis\FACET_Dataset\Segmented_FACET_0.2_fixed_label\sa_4568408.jpg,1,1,0,0,0.3181094527244568,4,4,4,3,1,3,0,0,0
G:\Thesis\FACET_Dataset\Segmented_FACET_0.2_fixed_label\sa_8759422.jpg,6,6,5,1,0.3440128564834595,4,4,4,3,1,2,0,0,1
G:\Thesis\FACET_Dataset\Segmented_FACET_0.2_fixed_label\sa_8576130.jpg,6,6,5,1,0.5415799617767334,6,6,6,5,1,0,1,1,1
G:\Thesis\FACET_Dataset\Segmented_FACET_0.2_fixed_label\sa_2751588.jpg,3,3,2,0,0.3694607615470886,4,4,4,3,1,1,0,1,0
G:\Thesis\FACET_Dataset\Segmented_FACET_0.2_fixed_label\sa_3463007.jpg,5,5,4,1,0.4267250895500183,5,5,5,4,1,0,1,1,1
G:\Thesis\FACET_Dataset\Segmented_FACET_0.2_fixed_label\sa_159399.jpg,1,1,0,0,0.5273181200027466,6,6,6,5,1,5,0,0,0
G:\Thesis\FACET_Dataset\Segmented_FACET_0.2_fixed_label\sa_9523370.jpg,6,6,5,1,0.4210399389266968,5,5,5,4,1,1,0,1,1
G:\Thesis\FACET_Dataset\Segmented_FACET_0.2_fixed_label\sa_8554933.jpg,4,4,3,1,0.32827818393707275,4,4,4,3,1,0,1,1,1
G:\Thesis\FACET_Dataset\Segmented_FACET_0.2_fixed_label\sa_4157147.jpg,3,3,2,0,0.7306308746337891,8,8,8,7,2,5,0,0,0
G:\Thesis\FACET_Dataset\Segmented_FACET_0.2_fixed_label\sa_9113704.jpg,7,7,6,1,0.55730801820755,6,6,6,5,1,1,0,1,1
G:\Thesis\FACET_Dataset\Segmented_FACET_0.2_fixed_label\sa_573426.jpg,3,3,2,0,0.3436248302459717,4,4,4,3,1,1,0,1,0
G:\Thesis\FACET_Dataset\Segmented_FACET_0.2_fixed_label\sa_3776318.jpg,3,3,2,0,0.5634664297103882,6,6,6,5,1,3,0,0,0
G:\Thesis\FACET_Dataset\Segmented_FACET_0.2_fixed_label\sa_6286240.jpg,5,5,4,1,0.33130547404289246,4,4,4,3,1,1,0,1,1
G:\Thesis\FACET_Dataset\Segmented_FACET_0.2_fixed_label\sa_9588623.jpg,2,2,1,0,0.4323929250240326,5,5,5,4,1,3,0,0,0
G:\Thesis\FACET_Dataset\Segmented_FACET_0.2_fixed_label\sa_9327356.jpg,3,3,2,0,0.40669459104537964,5,5,5,4,1,2,0,0,0
G:\Thesis\FACET_Dataset\Segmented_FACET_0.2_fixed_label\sa_9501793.jpg,5,5,4,1,0.36788666248321533,4,4,4,3,1,1,0,1,1
G:\Thesis\FACET_Dataset\Segmented_FACET_0.2_fixed_label\sa_5960784.jpg,3,3,2,0,0.4740006625652313,5,5,5,4,1,2,0,0,0
G:\Thesis\FACET_Dataset\Segmented_FACET_0.2_fixed_label\sa_2985350.jpg,3,3,2,0,0.5020375847816467,6,6,6,5,1,3,0,0,0
G:\Thesis\FACET_Dataset\Segmented_FACET_0.2_fixed_label\sa_2446740.jpg,6,6,5,1,0.29605284333229065,4,4,4,3,1,2,0,0,1
G:\Thesis\FACET_Dataset\Segmented_FACET_0.2_fixed_label\sa_5518827.jpg,4,4,3,1,0.5500616431236267,6,6,6,5,1,2,0,0,1
G:\Thesis\FACET_Dataset\Segmented_FACET_0.2_fixed_label\sa_9292471.jpg,9,9,8,2,0.5201367139816284,6,6,6,5,1,3,0,0,0
G:\Thesis\FACET_Dataset\Segmented_FACET_0.2_fixed_label\sa_3600328.jpg,3,3,2,0,0.37148821353912354,4,4,4,3,1,1,0,1,0
G:\Thesis\FACET_Dataset\Segmented_FACET_0.2_fixed_label\sa_1661550.jpg,5,5,4,1,0.5120378732681274,6,6,6,5,1,1,0,1,1
G:\Thesis\FACET_Dataset\Segmented_FACET_0.2_fixed_label\sa_5301054.jpg,5,5,4,1,0.39374005794525146,5,5,5,4,1,0,1,1,1
G:\Thesis\FACET_Dataset\Segmented_FACET_0.2_fixed_label\sa_6285910.jpg,3,3,2,0,0.26363405585289,3,3,3,2,0,0,1,1,1
G:\Thesis\FACET_Dataset\Segmented_FACET_0.2_fixed_label\sa_9159113.jpg,1,1,0,0,0.44400283694267273,5,5,5,4,1,4,0,0,0
G:\Thesis\FACET_Dataset\Segmented_FACET_0.2_fixed_label\sa_10945785.jpg,4,4,3,1,0.4593530595302582,5,5,5,4,1,1,0,1,1
G:\Thesis\FACET_Dataset\Segmented_FACET_0.2_fixed_label\sa_3488835.jpg,4,4,3,1,0.4946615993976593,5,5,5,4,1,1,0,1,1
G:\Thesis\FACET_Dataset\Segmented_FACET_0.2_fixed_label\sa_719073.jpg,3,3,2,0,0.523499608039856,6,6,6,5,1,3,0,0,0
G:\Thesis\FACET_Dataset\Segmented_FACET_0.2_fixed_label\sa_888831.jpg,1,1,0,0,0.42683956027030945,5,5,5,4,1,4,0,0,0
G:\Thesis\FACET_Dataset\Segmented_FACET_0.2_fixed_label\sa_4069391.jpg,6,6,5,1,0.4065476059913635,5,5,5,4,1,1,0,1,1
G:\Thesis\FACET_Dataset\Segmented_FACET_0.2_fixed_label\sa_9685500.jpg,4,4,3,1,0.2621179223060608,3,3,3,2,0,1,0,1,0
G:\Thesis\FACET_Dataset\Segmented_FACET_0.2_fixed_label\sa_4606917.jpg,2,2,1,0,0.18585243821144104,3,3,3,2,0,1,0,1,1
G:\Thesis\FACET_Dataset\Segmented_FACET_0.2_fixed_label\sa_10934428.jpg,4,4,3,1,0.379170298576355,4,4,4,3,1,0,1,1,1
G:\Thesis\FACET_Dataset\Segmented_FACET_0.2_fixed_label\sa_6212263.jpg,8,8,7,2,0.6380492448806763,7,7,7,6,1,1,0,1,0
G:\Thesis\FACET_Dataset\Segmented_FACET_0.2_fixed_label\sa_357215.jpg,4,4,3,1,0.3145574927330017,4,4,4,3,1,0,1,1,1
G:\Thesis\FACET_Dataset\Segmented_FACET_0.2_fixed_label\sa_6965046.jpg,2,2,1,0,0.3025214970111847,4,4,4,3,1,2,0,0,0
G:\Thesis\FACET_Dataset\Segmented_FACET_0.2_fixed_label\sa_3385159.jpg,6,6,5,1,0.5099451541900635,6,6,6,5,1,0,1,1,1
G:\Thesis\FACET_Dataset\Segmented_FACET_0.2_fixed_label\sa_8485093.jpg,2,2,1,0,0.28017982840538025,4,4,4,3,1,2,0,0,0
G:\Thesis\FACET_Dataset\Segmented_FACET_0.2_fixed_label\sa_3236557.jpg,2,2,1,0,0.22521646320819855,3,3,3,2,0,1,0,1,1
G:\Thesis\FACET_Dataset\Segmented_FACET_0.2_fixed_label\sa_851188.jpg,3,3,2,0,0.3197374939918518,4,4,4,3,1,1,0,1,0
G:\Thesis\FACET_Dataset\Segmented_FACET_0.2_fixed_label\sa_8391678.jpg,2,2,1,0,0.21501940488815308,3,3,3,2,0,1,0,1,1
G:\Thesis\FACET_Dataset\Segmented_FACET_0.2_fixed_label\sa_1313425.jpg,4,4,3,1,0.2870856523513794,4,4,4,3,1,0,1,1,1
G:\Thesis\FACET_Dataset\Segmented_FACET_0.2_fixed_label\sa_2589434.jpg,2,2,1,0,0.5056969523429871,6,6,6,5,1,4,0,0,0
G:\Thesis\FACET_Dataset\Segmented_FACET_0.2_fixed_label\sa_9831256.jpg,2,2,1,0,0.35712337493896484,4,4,4,3,1,2,0,0,0
G:\Thesis\FACET_Dataset\Segmented_FACET_0.2_fixed_label\sa_1571272.jpg,5,5,4,1,0.4683535397052765,5,5,5,4,1,0,1,1,1
G:\Thesis\FACET_Dataset\Segmented_FACET_0.2_fixed_label\sa_1417633.jpg,4,4,3,1,0.5748913884162903,6,6,6,5,1,2,0,0,1
G:\Thesis\FACET_Dataset\Segmented_FACET_0.2_fixed_label\sa_5932520.jpg,6,6,5,1,0.5767398476600647,6,6,6,5,1,0,1,1,1
G:\Thesis\FACET_Dataset\Segmented_FACET_0.2_fixed_label\sa_8650743.jpg,4,4,3,1,0.4375946521759033,5,5,5,4,1,1,0,1,1
G:\Thesis\FACET_Dataset\Segmented_FACET_0.2_fixed_label\sa_9336068.jpg,2,2,1,0,0.19997847080230713,3,3,3,2,0,1,0,1,1
G:\Thesis\FACET_Dataset\Segmented_FACET_0.2_fixed_label\sa_10626431.jpg,4,4,3,1,0.43387919664382935,5,5,5,4,1,1,0,1,1
G:\Thesis\FACET_Dataset\Segmented_FACET_0.2_fixed_label\sa_651791.jpg,2,2,1,0,0.45226603746414185,5,5,5,4,1,3,0,0,0
G:\Thesis\FACET_Dataset\Segmented_FACET_0.2_fixed_label\sa_4497947.jpg,2,2,1,0,0.390307754278183,5,5,5,4,1,3,0,0,0
G:\Thesis\FACET_Dataset\Segmented_FACET_0.2_fixed_label\sa_2939623.jpg,6,6,5,1,0.579440176486969,6,6,6,5,1,0,1,1,1
G:\Thesis\FACET_Dataset\Segmented_FACET_0.2_fixed_label\sa_7663575.jpg,2,2,1,0,0.38120895624160767,4,4,4,3,1,2,0,0,0
G:\Thesis\FACET_Dataset\Segmented_FACET_0.2_fixed_label\sa_6098534.jpg,4,4,3,1,0.47477245330810547,5,5,5,4,1,1,0,1,1
G:\Thesis\FACET_Dataset\Segmented_FACET_0.2_fixed_label\sa_7512346.jpg,3,3,2,0,0.5181161165237427,6,6,6,5,1,3,0,0,0
G:\Thesis\FACET_Dataset\Segmented_FACET_0.2_fixed_label\sa_3665560.jpg,4,4,3,1,0.501766562461853,6,6,6,5,1,2,0,0,1
G:\Thesis\FACET_Dataset\Segmented_FACET_0.2_fixed_label\sa_6957516.jpg,3,3,2,0,0.18784581124782562,3,3,3,2,0,0,1,1,1
G:\Thesis\FACET_Dataset\Segmented_FACET_0.2_fixed_label\sa_2730841.jpg,4,4,3,1,0.40528732538223267,5,5,5,4,1,1,0,1,1
G:\Thesis\FACET_Dataset\Segmented_FACET_0.2_fixed_label\sa_8671362.jpg,2,2,1,0,0.5691842436790466,6,6,6,5,1,4,0,0,0
G:\Thesis\FACET_Dataset\Segmented_FACET_0.2_fixed_label\sa_5217983.jpg,6,6,5,1,0.5846586227416992,6,6,6,5,1,0,1,1,1
G:\Thesis\FACET_Dataset\Segmented_FACET_0.2_fixed_label\sa_897931.jpg,6,6,5,1,0.449398934841156,5,5,5,4,1,1,0,1,1
G:\Thesis\FACET_Dataset\Segmented_FACET_0.2_fixed_label\sa_1377794.jpg,5,5,4,1,0.4524013102054596,5,5,5,4,1,0,1,1,1
G:\Thesis\FACET_Dataset\Segmented_FACET_0.2_fixed_label\sa_3385159.jpg,4,4,3,1,0.5099451541900635,6,6,6,5,1,2,0,0,1
G:\Thesis\FACET_Dataset\Segmented_FACET_0.2_fixed_label\sa_8293466.jpg,3,3,2,0,0.6640952825546265,7,7,7,6,1,4,0,0,0
G:\Thesis\FACET_Dataset\Segmented_FACET_0.2_fixed_label\sa_7374791.jpg,2,2,1,0,0.2856539189815521,4,4,4,3,1,2,0,0,0
G:\Thesis\FACET_Dataset\Segmented_FACET_0.2_fixed_label\sa_8576130.jpg,6,6,5,1,0.5415799617767334,6,6,6,5,1,0,1,1,1
G:\Thesis\FACET_Dataset\Segmented_FACET_0.2_fixed_label\sa_3406079.jpg,2,2,1,0,0.38628196716308594,4,4,4,3,1,2,0,0,0
G:\Thesis\FACET_Dataset\Segmented_FACET_0.2_fixed_label\sa_10049145.jpg,5,5,4,1,0.5354229807853699,6,6,6,5,1,1,0,1,1
G:\Thesis\FACET_Dataset\Segmented_FACET_0.2_fixed_label\sa_4092765.jpg,5,5,4,1,0.4424622058868408,5,5,5,4,1,0,1,1,1
G:\Thesis\FACET_Dataset\Segmented_FACET_0.2_fixed_label\sa_4208980.jpg,4,4,3,1,0.31672051548957825,4,4,4,3,1,0,1,1,1
G:\Thesis\FACET_Dataset\Segmented_FACET_0.2_fixed_label\sa_7587282.jpg,1,1,0,0,0.4640369713306427,5,5,5,4,1,4,0,0,0
G:\Thesis\FACET_Dataset\Segmented_FACET_0.2_fixed_label\sa_1195022.jpg,7,7,6,1,0.579207718372345,6,6,6,5,1,1,0,1,1
G:\Thesis\FACET_Dataset\Segmented_FACET_0.2_fixed_label\sa_10040081.jpg,5,5,4,1,0.5592536926269531,6,6,6,5,1,1,0,1,1
G:\Thesis\FACET_Dataset\Segmented_FACET_0.2_fixed_label\sa_5525740.jpg,2,2,1,0,0.3957939147949219,5,5,5,4,1,3,0,0,0
G:\Thesis\FACET_Dataset\Segmented_FACET_0.2_fixed_label\sa_8006874.jpg,5,5,4,1,0.3843611478805542,4,4,4,3,1,1,0,1,1
G:\Thesis\FACET_Dataset\Segmented_FACET_0.2_fixed_label\sa_2382829.jpg,6,6,5,1,0.41553208231925964,5,5,5,4,1,1,0,1,1
G:\Thesis\FACET_Dataset\Segmented_FACET_0.2_fixed_label\sa_2520161.jpg,3,3,2,0,0.4926995635032654,5,5,5,4,1,2,0,0,0
G:\Thesis\FACET_Dataset\Segmented_FACET_0.2_fixed_label\sa_1594528.jpg,2,2,1,0,0.417904794216156,5,5,5,4,1,3,0,0,0
G:\Thesis\FACET_Dataset\Segmented_FACET_0.2_fixed_label\sa_5983742.jpg,2,2,1,0,0.4874919354915619,5,5,5,4,1,3,0,0,0
G:\Thesis\FACET_Dataset\Segmented_FACET_0.2_fixed_label\sa_1000194.jpg,3,3,2,0,0.4640202522277832,5,5,5,4,1,2,0,0,0
G:\Thesis\FACET_Dataset\Segmented_FACET_0.2_fixed_label\sa_3836687.jpg,7,7,6,1,0.3092147707939148,4,4,4,3,1,3,0,0,1
G:\Thesis\FACET_Dataset\Segmented_FACET_0.2_fixed_label\sa_1489113.jpg,5,5,4,1,0.4768478274345398,5,5,5,4,1,0,1,1,1
G:\Thesis\FACET_Dataset\Segmented_FACET_0.2_fixed_label\sa_10369497.jpg,6,6,5,1,0.6756901144981384,7,7,7,6,1,1,0,1,1
G:\Thesis\FACET_Dataset\Segmented_FACET_0.2_fixed_label\sa_4708740.jpg,4,4,3,1,0.40388891100883484,5,5,5,4,1,1,0,1,1
G:\Thesis\FACET_Dataset\Segmented_FACET_0.2_fixed_label\sa_9458625.jpg,2,2,1,0,0.40569400787353516,5,5,5,4,1,3,0,0,0
G:\Thesis\FACET_Dataset\Segmented_FACET_0.2_fixed_label\sa_793856.jpg,3,3,2,0,0.49724650382995605,5,5,5,4,1,2,0,0,0
G:\Thesis\FACET_Dataset\Segmented_FACET_0.2_fixed_label\sa_10405346.jpg,2,2,1,0,0.40751293301582336,5,5,5,4,1,3,0,0,0
G:\Thesis\FACET_Dataset\Segmented_FACET_0.2_fixed_label\sa_2021746.jpg,7,7,6,1,0.5547118782997131,6,6,6,5,1,1,0,1,1
G:\Thesis\FACET_Dataset\Segmented_FACET_0.2_fixed_label\sa_6327176.jpg,4,4,3,1,0.48991090059280396,5,5,5,4,1,1,0,1,1
G:\Thesis\FACET_Dataset\Segmented_FACET_0.2_fixed_label\sa_9327356.jpg,5,5,4,1,0.40669459104537964,5,5,5,4,1,0,1,1,1
G:\Thesis\FACET_Dataset\Segmented_FACET_0.2_fixed_label\sa_3359718.jpg,6,6,5,1,0.5205551385879517,6,6,6,5,1,0,1,1,1
G:\Thesis\FACET_Dataset\Segmented_FACET_0.2_fixed_label\sa_1754024.jpg,2,2,1,0,0.1922081857919693,3,3,3,2,0,1,0,1,1
G:\Thesis\FACET_Dataset\Segmented_FACET_0.2_fixed_label\sa_3077697.jpg,2,2,1,0,0.3630225360393524,4,4,4,3,1,2,0,0,0
G:\Thesis\FACET_Dataset\Segmented_FACET_0.2_fixed_label\sa_9193959.jpg,4,4,3,1,0.31147846579551697,4,4,4,3,1,0,1,1,1
G:\Thesis\FACET_Dataset\Segmented_FACET_0.2_fixed_label\sa_873102.jpg,7,7,6,1,0.5567245483398438,6,6,6,5,1,1,0,1,1
G:\Thesis\FACET_Dataset\Segmented_FACET_0.2_fixed_label\sa_7014620.jpg,4,4,3,1,0.2799794375896454,4,4,4,3,1,0,1,1,1
G:\Thesis\FACET_Dataset\Segmented_FACET_0.2_fixed_label\sa_6554992.jpg,5,5,4,1,0.5032005310058594,6,6,6,5,1,1,0,1,1
G:\Thesis\FACET_Dataset\Segmented_FACET_0.2_fixed_label\sa_10907435.jpg,7,7,6,1,0.3506256639957428,4,4,4,3,1,3,0,0,1
G:\Thesis\FACET_Dataset\Segmented_FACET_0.2_fixed_label\sa_6865579.jpg,5,5,4,1,0.39229217171669006,5,5,5,4,1,0,1,1,1
G:\Thesis\FACET_Dataset\Segmented_FACET_0.2_fixed_label\sa_6090348.jpg,5,5,4,1,0.353273868560791,4,4,4,3,1,1,0,1,1
G:\Thesis\FACET_Dataset\Segmented_FACET_0.2_fixed_label\sa_3467319.jpg,4,4,3,1,0.2560596168041229,3,3,3,2,0,1,0,1,0
G:\Thesis\FACET_Dataset\Segmented_FACET_0.2_fixed_label\sa_4322243.jpg,2,2,1,0,0.21998418867588043,3,3,3,2,0,1,0,1,1
G:\Thesis\FACET_Dataset\Segmented_FACET_0.2_fixed_label\sa_85220.jpg,6,6,5,1,0.546256959438324,6,6,6,5,1,0,1,1,1
G:\Thesis\FACET_Dataset\Segmented_FACET_0.2_fixed_label\sa_1249979.jpg,4,4,3,1,0.326130211353302,4,4,4,3,1,0,1,1,1
G:\Thesis\FACET_Dataset\Segmented_FACET_0.2_fixed_label\sa_10277350.jpg,5,5,4,1,0.4479335844516754,5,5,5,4,1,0,1,1,1
G:\Thesis\FACET_Dataset\Segmented_FACET_0.2_fixed_label\sa_421883.jpg,2,2,1,0,0.4375722408294678,5,5,5,4,1,3,0,0,0
G:\Thesis\FACET_Dataset\Segmented_FACET_0.2_fixed_label\sa_8685437.jpg,8,8,7,2,0.5359964370727539,6,6,6,5,1,2,0,0,0
G:\Thesis\FACET_Dataset\Segmented_FACET_0.2_fixed_label\sa_175344.jpg,3,3,2,0,0.5039864182472229,6,6,6,5,1,3,0,0,0
G:\Thesis\FACET_Dataset\Segmented_FACET_0.2_fixed_label\sa_860266.jpg,2,2,1,0,0.29620784521102905,4,4,4,3,1,2,0,0,0
G:\Thesis\FACET_Dataset\Segmented_FACET_0.2_fixed_label\sa_7383904.jpg,3,3,2,0,0.37234070897102356,4,4,4,3,1,1,0,1,0
G:\Thesis\FACET_Dataset\Segmented_FACET_0.2_fixed_label\sa_4029134.jpg,5,5,4,1,0.3913864493370056,5,5,5,4,1,0,1,1,1
G:\Thesis\FACET_Dataset\Segmented_FACET_0.2_fixed_label\sa_9756684.jpg,6,6,5,1,0.5690564513206482,6,6,6,5,1,0,1,1,1
G:\Thesis\FACET_Dataset\Segmented_FACET_0.2_fixed_label\sa_6643714.jpg,3,3,2,0,0.5860561728477478,6,6,6,5,1,3,0,0,0
G:\Thesis\FACET_Dataset\Segmented_FACET_0.2_fixed_label\sa_583162.jpg,4,4,3,1,0.34169554710388184,4,4,4,3,1,0,1,1,1
G:\Thesis\FACET_Dataset\Segmented_FACET_0.2_fixed_label\sa_8105562.jpg,2,2,1,0,0.5501908659934998,6,6,6,5,1,4,0,0,0
G:\Thesis\FACET_Dataset\Segmented_FACET_0.2_fixed_label\sa_2762098.jpg,4,4,3,1,0.514062762260437,6,6,6,5,1,2,0,0,1
G:\Thesis\FACET_Dataset\Segmented_FACET_0.2_fixed_label\sa_4808180.jpg,2,2,1,0,0.4954656958580017,5,5,5,4,1,3,0,0,0
G:\Thesis\FACET_Dataset\Segmented_FACET_0.2_fixed_label\sa_5987697.jpg,4,4,3,1,0.3462984263896942,4,4,4,3,1,0,1,1,1
G:\Thesis\FACET_Dataset\Segmented_FACET_0.2_fixed_label\sa_2135545.jpg,10,10,9,2,0.5416706800460815,6,6,6,5,1,4,0,0,0
G:\Thesis\FACET_Dataset\Segmented_FACET_0.2_fixed_label\sa_7217967.jpg,6,6,5,1,0.45162084698677063,5,5,5,4,1,1,0,1,1
G:\Thesis\FACET_Dataset\Segmented_FACET_0.2_fixed_label\sa_11065743.jpg,3,3,2,0,0.5786739587783813,6,6,6,5,1,3,0,0,0
G:\Thesis\FACET_Dataset\Segmented_FACET_0.2_fixed_label\sa_4154127.jpg,7,7,6,1,0.5081334114074707,6,6,6,5,1,1,0,1,1
G:\Thesis\FACET_Dataset\Segmented_FACET_0.2_fixed_label\sa_8853368.jpg,2,2,1,0,0.29176071286201477,4,4,4,3,1,2,0,0,0
G:\Thesis\FACET_Dataset\Segmented_FACET_0.2_fixed_label\sa_4781314.jpg,2,2,1,0,0.27844715118408203,4,4,4,3,1,2,0,0,0
G:\Thesis\FACET_Dataset\Segmented_FACET_0.2_fixed_label\sa_8481601.jpg,1,1,0,0,0.2758904695510864,3,3,3,2,0,2,0,0,1
G:\Thesis\FACET_Dataset\Segmented_FACET_0.2_fixed_label\sa_5431500.jpg,3,3,2,0,0.5563636422157288,6,6,6,5,1,3,0,0,0
G:\Thesis\FACET_Dataset\Segmented_FACET_0.2_fixed_label\sa_2872342.jpg,6,6,5,1,0.5861918926239014,6,6,6,5,1,0,1,1,1
G:\Thesis\FACET_Dataset\Segmented_FACET_0.2_fixed_label\sa_7126067.jpg,6,6,5,1,0.3667028546333313,4,4,4,3,1,2,0,0,1
G:\Thesis\FACET_Dataset\Segmented_FACET_0.2_fixed_label\sa_1608469.jpg,4,4,3,1,0.26243504881858826,3,3,3,2,0,1,0,1,0
G:\Thesis\FACET_Dataset\Segmented_FACET_0.2_fixed_label\sa_8728427.jpg,8,8,7,2,0.5252366065979004,6,6,6,5,1,2,0,0,0
G:\Thesis\FACET_Dataset\Segmented_FACET_0.2_fixed_label\sa_1206887.jpg,6,6,5,1,0.3735268712043762,4,4,4,3,1,2,0,0,1
G:\Thesis\FACET_Dataset\Segmented_FACET_0.2_fixed_label\sa_10576207.jpg,5,5,4,1,0.5612285733222961,6,6,6,5,1,1,0,1,1
G:\Thesis\FACET_Dataset\Segmented_FACET_0.2_fixed_label\sa_1621492.jpg,5,5,4,1,0.4012741148471832,5,5,5,4,1,0,1,1,1
G:\Thesis\FACET_Dataset\Segmented_FACET_0.2_fixed_label\sa_5254711.jpg,3,3,2,0,0.3040834963321686,4,4,4,3,1,1,0,1,0
G:\Thesis\FACET_Dataset\Segmented_FACET_0.2_fixed_label\sa_5088783.jpg,3,3,2,0,0.4357052147388458,5,5,5,4,1,2,0,0,0
G:\Thesis\FACET_Dataset\Segmented_FACET_0.2_fixed_label\sa_5792230.jpg,2,2,1,0,0.3584136664867401,4,4,4,3,1,2,0,0,0
G:\Thesis\FACET_Dataset\Segmented_FACET_0.2_fixed_label\sa_4792156.jpg,2,2,1,0,0.23396295309066772,3,3,3,2,0,1,0,1,1
G:\Thesis\FACET_Dataset\Segmented_FACET_0.2_fixed_label\sa_9651310.jpg,3,3,2,0,0.319508820772171,4,4,4,3,1,1,0,1,0
G:\Thesis\FACET_Dataset\Segmented_FACET_0.2_fixed_label\sa_2051488.jpg,3,3,2,0,0.5658780336380005,6,6,6,5,1,3,0,0,0
G:\Thesis\FACET_Dataset\Segmented_FACET_0.2_fixed_label\sa_3592745.jpg,4,4,3,1,0.5470441579818726,6,6,6,5,1,2,0,0,1
G:\Thesis\FACET_Dataset\Segmented_FACET_0.2_fixed_label\sa_2196879.jpg,2,2,1,0,0.533958911895752,6,6,6,5,1,4,0,0,0
G:\Thesis\FACET_Dataset\Segmented_FACET_0.2_fixed_label\sa_7855721.jpg,3,3,2,0,0.45141416788101196,5,5,5,4,1,2,0,0,0
G:\Thesis\FACET_Dataset\Segmented_FACET_0.2_fixed_label\sa_9412606.jpg,6,6,5,1,0.430368036031723,5,5,5,4,1,1,0,1,1
G:\Thesis\FACET_Dataset\Segmented_FACET_0.2_fixed_label\sa_2086913.jpg,2,2,1,0,0.20845799148082733,3,3,3,2,0,1,0,1,1
G:\Thesis\FACET_Dataset\Segmented_FACET_0.2_fixed_label\sa_2765932.jpg,4,4,3,1,0.4906061589717865,5,5,5,4,1,1,0,1,1
G:\Thesis\FACET_Dataset\Segmented_FACET_0.2_fixed_label\sa_7246914.jpg,5,5,4,1,0.5136395692825317,6,6,6,5,1,1,0,1,1
G:\Thesis\FACET_Dataset\Segmented_FACET_0.2_fixed_label\sa_9543143.jpg,2,2,1,0,0.3481966257095337,4,4,4,3,1,2,0,0,0
G:\Thesis\FACET_Dataset\Segmented_FACET_0.2_fixed_label\sa_10576207.jpg,4,4,3,1,0.5612285733222961,6,6,6,5,1,2,0,0,1
G:\Thesis\FACET_Dataset\Segmented_FACET_0.2_fixed_label\sa_7048524.jpg,2,2,1,0,0.24338650703430176,3,3,3,2,0,1,0,1,1
G:\Thesis\FACET_Dataset\Segmented_FACET_0.2_fixed_label\sa_5587067.jpg,3,3,2,0,0.2408904731273651,3,3,3,2,0,0,1,1,1
G:\Thesis\FACET_Dataset\Segmented_FACET_0.2_fixed_label\sa_10456335.jpg,7,7,6,1,0.49535563588142395,5,5,5,4,1,2,0,0,1
G:\Thesis\FACET_Dataset\Segmented_FACET_0.2_fixed_label\sa_7841103.jpg,10,10,9,2,0.7219536900520325,7,7,7,6,1,3,0,0,0
G:\Thesis\FACET_Dataset\Segmented_FACET_0.2_fixed_label\sa_728560.jpg,2,2,1,0,0.3772888779640198,4,4,4,3,1,2,0,0,0
G:\Thesis\FACET_Dataset\Segmented_FACET_0.2_fixed_label\sa_957680.jpg,5,5,4,1,0.6631494164466858,7,7,7,6,1,2,0,0,1
G:\Thesis\FACET_Dataset\Segmented_FACET_0.2_fixed_label\sa_4017070.jpg,2,2,1,0,0.3919900059700012,5,5,5,4,1,3,0,0,0
G:\Thesis\FACET_Dataset\Segmented_FACET_0.2_fixed_label\sa_302409.jpg,2,2,1,0,0.49280861020088196,5,5,5,4,1,3,0,0,0
G:\Thesis\FACET_Dataset\Segmented_FACET_0.2_fixed_label\sa_9100667.jpg,3,3,2,0,0.34447363018989563,4,4,4,3,1,1,0,1,0
G:\Thesis\FACET_Dataset\Segmented_FACET_0.2_fixed_label\sa_379520.jpg,3,3,2,0,0.5249534845352173,6,6,6,5,1,3,0,0,0
G:\Thesis\FACET_Dataset\Segmented_FACET_0.2_fixed_label\sa_8655801.jpg,8,8,7,2,0.5692043304443359,6,6,6,5,1,2,0,0,0
G:\Thesis\FACET_Dataset\Segmented_FACET_0.2_fixed_label\sa_8066897.jpg,3,3,2,0,0.4106205403804779,5,5,5,4,1,2,0,0,0
G:\Thesis\FACET_Dataset\Segmented_FACET_0.2_fixed_label\sa_4321306.jpg,3,3,2,0,0.4347279667854309,5,5,5,4,1,2,0,0,0
G:\Thesis\FACET_Dataset\Segmented_FACET_0.2_fixed_label\sa_2038959.jpg,6,6,5,1,0.4496341347694397,5,5,5,4,1,1,0,1,1
G:\Thesis\FACET_Dataset\Segmented_FACET_0.2_fixed_label\sa_10166336.jpg,3,3,2,0,0.3175344467163086,4,4,4,3,1,1,0,1,0
G:\Thesis\FACET_Dataset\Segmented_FACET_0.2_fixed_label\sa_9694710.jpg,5,5,4,1,0.4644307792186737,5,5,5,4,1,0,1,1,1
G:\Thesis\FACET_Dataset\Segmented_FACET_0.2_fixed_label\sa_6598653.jpg,3,3,2,0,0.3047722578048706,4,4,4,3,1,1,0,1,0
G:\Thesis\FACET_Dataset\Segmented_FACET_0.2_fixed_label\sa_6761319.jpg,8,8,7,2,0.48705241084098816,5,5,5,4,1,3,0,0,0
G:\Thesis\FACET_Dataset\Segmented_FACET_0.2_fixed_label\sa_7115295.jpg,6,6,5,1,0.6031811833381653,6,6,6,5,1,0,1,1,1
G:\Thesis\FACET_Dataset\Segmented_FACET_0.2_fixed_label\sa_6084308.jpg,2,2,1,0,0.3755478262901306,4,4,4,3,1,2,0,0,0
G:\Thesis\FACET_Dataset\Segmented_FACET_0.2_fixed_label\sa_10770169.jpg,3,3,2,0,0.44085636734962463,5,5,5,4,1,2,0,0,0
G:\Thesis\FACET_Dataset\Segmented_FACET_0.2_fixed_label\sa_10622761.jpg,6,6,5,1,0.5533284544944763,6,6,6,5,1,0,1,1,1
G:\Thesis\FACET_Dataset\Segmented_FACET_0.2_fixed_label\sa_1671385.jpg,3,3,2,0,0.29472246766090393,4,4,4,3,1,1,0,1,0
G:\Thesis\FACET_Dataset\Segmented_FACET_0.2_fixed_label\sa_4179516.jpg,8,8,7,2,0.6013208627700806,6,6,6,5,1,2,0,0,0
G:\Thesis\FACET_Dataset\Segmented_FACET_0.2_fixed_label\sa_5965769.jpg,2,2,1,0,0.44884300231933594,5,5,5,4,1,3,0,0,0
G:\Thesis\FACET_Dataset\Segmented_FACET_0.2_fixed_label\sa_9666634.jpg,4,4,3,1,0.4967975914478302,5,5,5,4,1,1,0,1,1
G:\Thesis\FACET_Dataset\Segmented_FACET_0.2_fixed_label\sa_3738839.jpg,4,4,3,1,0.4557541012763977,5,5,5,4,1,1,0,1,1
G:\Thesis\FACET_Dataset\Segmented_FACET_0.2_fixed_label\sa_3064041.jpg,8,8,7,2,0.5341865420341492,6,6,6,5,1,2,0,0,0
G:\Thesis\FACET_Dataset\Segmented_FACET_0.2_fixed_label\sa_214704.jpg,8,8,7,2,0.5599836111068726,6,6,6,5,1,2,0,0,0
G:\Thesis\FACET_Dataset\Segmented_FACET_0.2_fixed_label\sa_5520569.jpg,2,2,1,0,0.5264418125152588,6,6,6,5,1,4,0,0,0
G:\Thesis\FACET_Dataset\Segmented_FACET_0.2_fixed_label\sa_6229908.jpg,2,2,1,0,0.3423885405063629,4,4,4,3,1,2,0,0,0
G:\Thesis\FACET_Dataset\Segmented_FACET_0.2_fixed_label\sa_9733985.jpg,7,7,6,1,0.5065690279006958,6,6,6,5,1,1,0,1,1
G:\Thesis\FACET_Dataset\Segmented_FACET_0.2_fixed_label\sa_8449552.jpg,5,5,4,1,0.49660593271255493,5,5,5,4,1,0,1,1,1
G:\Thesis\FACET_Dataset\Segmented_FACET_0.2_fixed_label\sa_7795286.jpg,6,6,5,1,0.4255569875240326,5,5,5,4,1,1,0,1,1
G:\Thesis\FACET_Dataset\Segmented_FACET_0.2_fixed_label\sa_9650867.jpg,6,6,5,1,0.4693162739276886,5,5,5,4,1,1,0,1,1
G:\Thesis\FACET_Dataset\Segmented_FACET_0.2_fixed_label\sa_10000407.jpg,4,4,3,1,0.6834887266159058,7,7,7,6,1,3,0,0,1
G:\Thesis\FACET_Dataset\Segmented_FACET_0.2_fixed_label\sa_9243786.jpg,4,4,3,1,0.17019891738891602,3,3,3,2,0,1,0,1,0
G:\Thesis\FACET_Dataset\Segmented_FACET_0.2_fixed_label\sa_2078338.jpg,6,6,5,1,0.5936775803565979,6,6,6,5,1,0,1,1,1
G:\Thesis\FACET_Dataset\Segmented_FACET_0.2_fixed_label\sa_7334714.jpg,2,2,1,0,0.3825938403606415,4,4,4,3,1,2,0,0,0
G:\Thesis\FACET_Dataset\Segmented_FACET_0.2_fixed_label\sa_1519799.jpg,6,6,5,1,0.5076578855514526,6,6,6,5,1,0,1,1,1
G:\Thesis\FACET_Dataset\Segmented_FACET_0.2_fixed_label\sa_3094971.jpg,3,3,2,0,0.5547096133232117,6,6,6,5,1,3,0,0,0
G:\Thesis\FACET_Dataset\Segmented_FACET_0.2_fixed_label\sa_10331493.jpg,3,3,2,0,0.4257698059082031,5,5,5,4,1,2,0,0,0
G:\Thesis\FACET_Dataset\Segmented_FACET_0.2_fixed_label\sa_6428975.jpg,2,2,1,0,0.2810186445713043,4,4,4,3,1,2,0,0,0
G:\Thesis\FACET_Dataset\Segmented_FACET_0.2_fixed_label\sa_9051874.jpg,3,3,2,0,0.3358575105667114,4,4,4,3,1,1,0,1,0
G:\Thesis\FACET_Dataset\Segmented_FACET_0.2_fixed_label\sa_8307874.jpg,2,2,1,0,0.31836560368537903,4,4,4,3,1,2,0,0,0
G:\Thesis\FACET_Dataset\Segmented_FACET_0.2_fixed_label\sa_4140639.jpg,7,7,6,1,0.45546042919158936,5,5,5,4,1,2,0,0,1
G:\Thesis\FACET_Dataset\Segmented_FACET_0.2_fixed_label\sa_10268129.jpg,2,2,1,0,0.3297632038593292,4,4,4,3,1,2,0,0,0
G:\Thesis\FACET_Dataset\Segmented_FACET_0.2_fixed_label\sa_3913210.jpg,3,3,2,0,0.4310818612575531,5,5,5,4,1,2,0,0,0
G:\Thesis\FACET_Dataset\Segmented_FACET_0.2_fixed_label\sa_3126013.jpg,2,2,1,0,0.3355308175086975,4,4,4,3,1,2,0,0,0
G:\Thesis\FACET_Dataset\Segmented_FACET_0.2_fixed_label\sa_8864399.jpg,1,1,0,0,0.3768385350704193,4,4,4,3,1,3,0,0,0
G:\Thesis\FACET_Dataset\Segmented_FACET_0.2_fixed_label\sa_5265842.jpg,2,2,1,0,0.12714655697345734,2,2,2,1,0,0,1,1,1
G:\Thesis\FACET_Dataset\Segmented_FACET_0.2_fixed_label\sa_4565983.jpg,2,2,1,0,0.4570425748825073,5,5,5,4,1,3,0,0,0
G:\Thesis\FACET_Dataset\Segmented_FACET_0.2_fixed_label\sa_9588623.jpg,4,4,3,1,0.4323929250240326,5,5,5,4,1,1,0,1,1
G:\Thesis\FACET_Dataset\Segmented_FACET_0.2_fixed_label\sa_4024535.jpg,5,5,4,1,0.3112531304359436,4,4,4,3,1,1,0,1,1
G:\Thesis\FACET_Dataset\Segmented_FACET_0.2_fixed_label\sa_121431.jpg,5,5,4,1,0.5886104702949524,6,6,6,5,1,1,0,1,1
G:\Thesis\FACET_Dataset\Segmented_FACET_0.2_fixed_label\sa_6481738.jpg,2,2,1,0,0.2603713572025299,3,3,3,2,0,1,0,1,1
G:\Thesis\FACET_Dataset\Segmented_FACET_0.2_fixed_label\sa_4742474.jpg,3,3,2,0,0.43346917629241943,5,5,5,4,1,2,0,0,0
G:\Thesis\FACET_Dataset\Segmented_FACET_0.2_fixed_label\sa_172698.jpg,3,3,2,0,0.3046514391899109,4,4,4,3,1,1,0,1,0
G:\Thesis\FACET_Dataset\Segmented_FACET_0.2_fixed_label\sa_4333102.jpg,5,5,4,1,0.5669967532157898,6,6,6,5,1,1,0,1,1
G:\Thesis\FACET_Dataset\Segmented_FACET_0.2_fixed_label\sa_3602053.jpg,3,3,2,0,0.5027938485145569,6,6,6,5,1,3,0,0,0
G:\Thesis\FACET_Dataset\Segmented_FACET_0.2_fixed_label\sa_6843583.jpg,2,2,1,0,0.34419065713882446,4,4,4,3,1,2,0,0,0
G:\Thesis\FACET_Dataset\Segmented_FACET_0.2_fixed_label\sa_9128462.jpg,5,5,4,1,0.45248761773109436,5,5,5,4,1,0,1,1,1
G:\Thesis\FACET_Dataset\Segmented_FACET_0.2_fixed_label\sa_9754337.jpg,6,6,5,1,0.465640664100647,5,5,5,4,1,1,0,1,1
G:\Thesis\FACET_Dataset\Segmented_FACET_0.2_fixed_label\sa_4258410.jpg,6,6,5,1,0.4724236726760864,5,5,5,4,1,1,0,1,1
G:\Thesis\FACET_Dataset\Segmented_FACET_0.2_fixed_label\sa_3151123.jpg,2,2,1,0,0.4751800298690796,5,5,5,4,1,3,0,0,0
G:\Thesis\FACET_Dataset\Segmented_FACET_0.2_fixed_label\sa_6556219.jpg,3,3,2,0,0.3223523795604706,4,4,4,3,1,1,0,1,0
G:\Thesis\FACET_Dataset\Segmented_FACET_0.2_fixed_label\sa_3896509.jpg,5,5,4,1,0.48522329330444336,5,5,5,4,1,0,1,1,1
G:\Thesis\FACET_Dataset\Segmented_FACET_0.2_fixed_label\sa_5782460.jpg,5,5,4,1,0.5937747359275818,6,6,6,5,1,1,0,1,1
G:\Thesis\FACET_Dataset\Segmented_FACET_0.2_fixed_label\sa_8053671.jpg,4,4,3,1,0.5022841691970825,6,6,6,5,1,2,0,0,1
G:\Thesis\FACET_Dataset\Segmented_FACET_0.2_fixed_label\sa_9437029.jpg,2,2,1,0,0.513897716999054,6,6,6,5,1,4,0,0,0
G:\Thesis\FACET_Dataset\Segmented_FACET_0.2_fixed_label\sa_6964543.jpg,3,3,2,0,0.5122490525245667,6,6,6,5,1,3,0,0,0
G:\Thesis\FACET_Dataset\Segmented_FACET_0.2_fixed_label\sa_1350539.jpg,3,3,2,0,0.07340757548809052,2,2,2,1,0,1,0,1,1
G:\Thesis\FACET_Dataset\Segmented_FACET_0.2_fixed_label\sa_1103583.jpg,3,3,2,0,0.3931560814380646,5,5,5,4,1,2,0,0,0
G:\Thesis\FACET_Dataset\Segmented_FACET_0.2_fixed_label\sa_8915219.jpg,2,2,1,0,0.33103516697883606,4,4,4,3,1,2,0,0,0
G:\Thesis\FACET_Dataset\Segmented_FACET_0.2_fixed_label\sa_5590994.jpg,5,5,4,1,0.59522944688797,6,6,6,5,1,1,0,1,1
G:\Thesis\FACET_Dataset\Segmented_FACET_0.2_fixed_label\sa_6045725.jpg,5,5,4,1,0.4328545928001404,5,5,5,4,1,0,1,1,1
G:\Thesis\FACET_Dataset\Segmented_FACET_0.2_fixed_label\sa_9529408.jpg,3,3,2,0,0.3578154444694519,4,4,4,3,1,1,0,1,0
G:\Thesis\FACET_Dataset\Segmented_FACET_0.2_fixed_label\sa_11039142.jpg,5,5,4,1,0.32260215282440186,4,4,4,3,1,1,0,1,1
G:\Thesis\FACET_Dataset\Segmented_FACET_0.2_fixed_label\sa_6685030.jpg,3,3,2,0,0.4829263687133789,5,5,5,4,1,2,0,0,0
G:\Thesis\FACET_Dataset\Segmented_FACET_0.2_fixed_label\sa_2271095.jpg,6,6,5,1,0.5803999304771423,6,6,6,5,1,0,1,1,1
G:\Thesis\FACET_Dataset\Segmented_FACET_0.2_fixed_label\sa_4805863.jpg,3,3,2,0,0.33678704500198364,4,4,4,3,1,1,0,1,0
G:\Thesis\FACET_Dataset\Segmented_FACET_0.2_fixed_label\sa_5011257.jpg,6,6,5,1,0.46120485663414,5,5,5,4,1,1,0,1,1
G:\Thesis\FACET_Dataset\Segmented_FACET_0.2_fixed_label\sa_499574.jpg,4,4,3,1,0.5650099515914917,6,6,6,5,1,2,0,0,1
G:\Thesis\FACET_Dataset\Segmented_FACET_0.2_fixed_label\sa_8293466.jpg,5,5,4,1,0.6640952825546265,7,7,7,6,1,2,0,0,1
G:\Thesis\FACET_Dataset\Segmented_FACET_0.2_fixed_label\sa_1578036.jpg,2,2,1,0,0.3082764148712158,4,4,4,3,1,2,0,0,0
G:\Thesis\FACET_Dataset\Segmented_FACET_0.2_fixed_label\sa_5486273.jpg,5,5,4,1,0.45567744970321655,5,5,5,4,1,0,1,1,1
G:\Thesis\FACET_Dataset\Segmented_FACET_0.2_fixed_label\sa_1387081.jpg,6,6,5,1,0.522554337978363,6,6,6,5,1,0,1,1,1
G:\Thesis\FACET_Dataset\Segmented_FACET_0.2_fixed_label\sa_1964897.jpg,3,3,2,0,0.3794688880443573,4,4,4,3,1,1,0,1,0
G:\Thesis\FACET_Dataset\Segmented_FACET_0.2_fixed_label\sa_4078602.jpg,5,5,4,1,0.5248013734817505,6,6,6,5,1,1,0,1,1
G:\Thesis\FACET_Dataset\Segmented_FACET_0.2_fixed_label\sa_2739735.jpg,3,3,2,0,0.36630454659461975,4,4,4,3,1,1,0,1,0
G:\Thesis\FACET_Dataset\Segmented_FACET_0.2_fixed_label\sa_6221656.jpg,5,5,4,1,0.2675340175628662,3,3,3,2,0,2,0,0,0
G:\Thesis\FACET_Dataset\Segmented_FACET_0.2_fixed_label\sa_4275220.jpg,2,2,1,0,0.3323192596435547,4,4,4,3,1,2,0,0,0
G:\Thesis\FACET_Dataset\Segmented_FACET_0.2_fixed_label\sa_2243691.jpg,2,2,1,0,0.5361974239349365,6,6,6,5,1,4,0,0,0
G:\Thesis\FACET_Dataset\Segmented_FACET_0.2_fixed_label\sa_2525298.jpg,4,4,3,1,0.20786647498607635,3,3,3,2,0,1,0,1,0
G:\Thesis\FACET_Dataset\Segmented_FACET_0.2_fixed_label\sa_10690469.jpg,6,6,5,1,0.35015904903411865,4,4,4,3,1,2,0,0,1
G:\Thesis\FACET_Dataset\Segmented_FACET_0.2_fixed_label\sa_9059930.jpg,3,3,2,0,0.41639503836631775,5,5,5,4,1,2,0,0,0
G:\Thesis\FACET_Dataset\Segmented_FACET_0.2_fixed_label\sa_4248881.jpg,4,4,3,1,0.40792274475097656,5,5,5,4,1,1,0,1,1
G:\Thesis\FACET_Dataset\Segmented_FACET_0.2_fixed_label\sa_2949112.jpg,3,3,2,0,0.3245212733745575,4,4,4,3,1,1,0,1,0
G:\Thesis\FACET_Dataset\Segmented_FACET_0.2_fixed_label\sa_4655396.jpg,3,3,2,0,0.5285945534706116,6,6,6,5,1,3,0,0,0
G:\Thesis\FACET_Dataset\Segmented_FACET_0.2_fixed_label\sa_7378755.jpg,6,6,5,1,0.3990654945373535,5,5,5,4,1,1,0,1,1
G:\Thesis\FACET_Dataset\Segmented_FACET_0.2_fixed_label\sa_2863417.jpg,4,4,3,1,0.3704884350299835,4,4,4,3,1,0,1,1,1
G:\Thesis\FACET_Dataset\Segmented_FACET_0.2_fixed_label\sa_1005917.jpg,4,4,3,1,0.5453331470489502,6,6,6,5,1,2,0,0,1
G:\Thesis\FACET_Dataset\Segmented_FACET_0.2_fixed_label\sa_10641461.jpg,5,5,4,1,0.3056086003780365,4,4,4,3,1,1,0,1,1
G:\Thesis\FACET_Dataset\Segmented_FACET_0.2_fixed_label\sa_6267865.jpg,6,6,5,1,0.5274666547775269,6,6,6,5,1,0,1,1,1
G:\Thesis\FACET_Dataset\Segmented_FACET_0.2_fixed_label\sa_4601728.jpg,6,6,5,1,0.36009716987609863,4,4,4,3,1,2,0,0,1
G:\Thesis\FACET_Dataset\Segmented_FACET_0.2_fixed_label\sa_2892263.jpg,2,2,1,0,0.5493872165679932,6,6,6,5,1,4,0,0,0
G:\Thesis\FACET_Dataset\Segmented_FACET_0.2_fixed_label\sa_8521269.jpg,3,3,2,0,0.276244580745697,3,3,3,2,0,0,1,1,1
G:\Thesis\FACET_Dataset\Segmented_FACET_0.2_fixed_label\sa_3322289.jpg,4,4,3,1,0.2864541709423065,4,4,4,3,1,0,1,1,1
G:\Thesis\FACET_Dataset\Segmented_FACET_0.2_fixed_label\sa_1417633.jpg,4,4,3,1,0.5748913884162903,6,6,6,5,1,2,0,0,1
G:\Thesis\FACET_Dataset\Segmented_FACET_0.2_fixed_label\sa_5807865.jpg,6,6,5,1,0.6183838248252869,7,7,7,6,1,1,0,1,1
G:\Thesis\FACET_Dataset\Segmented_FACET_0.2_fixed_label\sa_2010303.jpg,4,4,3,1,0.49525508284568787,5,5,5,4,1,1,0,1,1
G:\Thesis\FACET_Dataset\Segmented_FACET_0.2_fixed_label\sa_3383320.jpg,3,3,2,0,0.5381962656974792,6,6,6,5,1,3,0,0,0
G:\Thesis\FACET_Dataset\Segmented_FACET_0.2_fixed_label\sa_1809016.jpg,2,2,1,0,0.5822710394859314,6,6,6,5,1,4,0,0,0
G:\Thesis\FACET_Dataset\Segmented_FACET_0.2_fixed_label\sa_7459634.jpg,3,3,2,0,0.3042936325073242,4,4,4,3,1,1,0,1,0
G:\Thesis\FACET_Dataset\Segmented_FACET_0.2_fixed_label\sa_10729003.jpg,2,2,1,0,0.18393634259700775,3,3,3,2,0,1,0,1,1
G:\Thesis\FACET_Dataset\Segmented_FACET_0.2_fixed_label\sa_8316301.jpg,4,4,3,1,0.4859301447868347,5,5,5,4,1,1,0,1,1
G:\Thesis\FACET_Dataset\Segmented_FACET_0.2_fixed_label\sa_2750557.jpg,1,1,0,0,0.5012229084968567,6,6,6,5,1,5,0,0,0
G:\Thesis\FACET_Dataset\Segmented_FACET_0.2_fixed_label\sa_3703361.jpg,3,3,2,0,0.44815173745155334,5,5,5,4,1,2,0,0,0
G:\Thesis\FACET_Dataset\Segmented_FACET_0.2_fixed_label\sa_3594622.jpg,1,1,0,0,0.1857208013534546,3,3,3,2,0,2,0,0,1
G:\Thesis\FACET_Dataset\Segmented_FACET_0.2_fixed_label\sa_5987697.jpg,2,2,1,0,0.3462984263896942,4,4,4,3,1,2,0,0,0
G:\Thesis\FACET_Dataset\Segmented_FACET_0.2_fixed_label\sa_8457220.jpg,3,3,2,0,0.5947663187980652,6,6,6,5,1,3,0,0,0
G:\Thesis\FACET_Dataset\Segmented_FACET_0.2_fixed_label\sa_1429866.jpg,4,4,3,1,0.47589075565338135,5,5,5,4,1,1,0,1,1
G:\Thesis\FACET_Dataset\Segmented_FACET_0.2_fixed_label\sa_4924842.jpg,3,3,2,0,0.3681614398956299,4,4,4,3,1,1,0,1,0
G:\Thesis\FACET_Dataset\Segmented_FACET_0.2_fixed_label\sa_2371782.jpg,4,4,3,1,0.3805176317691803,4,4,4,3,1,0,1,1,1
G:\Thesis\FACET_Dataset\Segmented_FACET_0.2_fixed_label\sa_6562153.jpg,2,2,1,0,0.4202203154563904,5,5,5,4,1,3,0,0,0
G:\Thesis\FACET_Dataset\Segmented_FACET_0.2_fixed_label\sa_7714795.jpg,5,5,4,1,0.3524746000766754,4,4,4,3,1,1,0,1,1
G:\Thesis\FACET_Dataset\Segmented_FACET_0.2_fixed_label\sa_675003.jpg,3,3,2,0,0.4927438795566559,5,5,5,4,1,2,0,0,0
G:\Thesis\FACET_Dataset\Segmented_FACET_0.2_fixed_label\sa_5458185.jpg,3,3,2,0,0.5737071633338928,6,6,6,5,1,3,0,0,0
G:\Thesis\FACET_Dataset\Segmented_FACET_0.2_fixed_label\sa_1852190.jpg,3,3,2,0,0.2359085977077484,3,3,3,2,0,0,1,1,1
G:\Thesis\FACET_Dataset\Segmented_FACET_0.2_fixed_label\sa_8091457.jpg,2,2,1,0,0.3360356092453003,4,4,4,3,1,2,0,0,0
G:\Thesis\FACET_Dataset\Segmented_FACET_0.2_fixed_label\sa_10342190.jpg,4,4,3,1,0.5910521149635315,6,6,6,5,1,2,0,0,1
G:\Thesis\FACET_Dataset\Segmented_FACET_0.2_fixed_label\sa_8308802.jpg,1,1,0,0,0.2574514150619507,3,3,3,2,0,2,0,0,1
G:\Thesis\FACET_Dataset\Segmented_FACET_0.2_fixed_label\sa_6245105.jpg,6,6,5,1,0.6546759605407715,7,7,7,6,1,1,0,1,1
G:\Thesis\FACET_Dataset\Segmented_FACET_0.2_fixed_label\sa_697137.jpg,4,4,3,1,0.16783370077610016,3,3,3,2,0,1,0,1,0
G:\Thesis\FACET_Dataset\Segmented_FACET_0.2_fixed_label\sa_8907368.jpg,2,2,1,0,0.4397794306278229,5,5,5,4,1,3,0,0,0
G:\Thesis\FACET_Dataset\Segmented_FACET_0.2_fixed_label\sa_1182365.jpg,3,3,2,0,0.40569713711738586,5,5,5,4,1,2,0,0,0
G:\Thesis\FACET_Dataset\Segmented_FACET_0.2_fixed_label\sa_7963403.jpg,6,6,5,1,0.42162904143333435,5,5,5,4,1,1,0,1,1
G:\Thesis\FACET_Dataset\Segmented_FACET_0.2_fixed_label\sa_9766431.jpg,3,3,2,0,0.45401689410209656,5,5,5,4,1,2,0,0,0
G:\Thesis\FACET_Dataset\Segmented_FACET_0.2_fixed_label\sa_10413840.jpg,4,4,3,1,0.5911267399787903,6,6,6,5,1,2,0,0,1
G:\Thesis\FACET_Dataset\Segmented_FACET_0.2_fixed_label\sa_10002783.jpg,4,4,3,1,0.42925941944122314,5,5,5,4,1,1,0,1,1
G:\Thesis\FACET_Dataset\Segmented_FACET_0.2_fixed_label\sa_1519627.jpg,3,3,2,0,0.41783177852630615,5,5,5,4,1,2,0,0,0
G:\Thesis\FACET_Dataset\Segmented_FACET_0.2_fixed_label\sa_7261983.jpg,4,4,3,1,0.4619100093841553,5,5,5,4,1,1,0,1,1
G:\Thesis\FACET_Dataset\Segmented_FACET_0.2_fixed_label\sa_4390893.jpg,5,5,4,1,0.5268736481666565,6,6,6,5,1,1,0,1,1
G:\Thesis\FACET_Dataset\Segmented_FACET_0.2_fixed_label\sa_8012943.jpg,3,3,2,0,0.29828476905822754,4,4,4,3,1,1,0,1,0
G:\Thesis\FACET_Dataset\Segmented_FACET_0.2_fixed_label\sa_5732009.jpg,7,7,6,1,0.5950717926025391,6,6,6,5,1,1,0,1,1
G:\Thesis\FACET_Dataset\Segmented_FACET_0.2_fixed_label\sa_2444031.jpg,6,6,5,1,0.4100787937641144,5,5,5,4,1,1,0,1,1
G:\Thesis\FACET_Dataset\Segmented_FACET_0.2_fixed_label\sa_9715141.jpg,2,2,1,0,0.46762213110923767,5,5,5,4,1,3,0,0,0
G:\Thesis\FACET_Dataset\Segmented_FACET_0.2_fixed_label\sa_4647211.jpg,2,2,1,0,0.29328227043151855,4,4,4,3,1,2,0,0,0
G:\Thesis\FACET_Dataset\Segmented_FACET_0.2_fixed_label\sa_2779372.jpg,6,6,5,1,0.5608900785446167,6,6,6,5,1,0,1,1,1
G:\Thesis\FACET_Dataset\Segmented_FACET_0.2_fixed_label\sa_9824033.jpg,3,3,2,0,0.5015087127685547,6,6,6,5,1,3,0,0,0
G:\Thesis\FACET_Dataset\Segmented_FACET_0.2_fixed_label\sa_3069658.jpg,7,7,6,1,0.5460089445114136,6,6,6,5,1,1,0,1,1
G:\Thesis\FACET_Dataset\Segmented_FACET_0.2_fixed_label\sa_9738258.jpg,4,4,3,1,0.586514949798584,6,6,6,5,1,2,0,0,1
G:\Thesis\FACET_Dataset\Segmented_FACET_0.2_fixed_label\sa_9187531.jpg,3,3,2,0,0.3880079686641693,4,4,4,3,1,1,0,1,0
G:\Thesis\FACET_Dataset\Segmented_FACET_0.2_fixed_label\sa_3409064.jpg,4,4,3,1,0.25869622826576233,3,3,3,2,0,1,0,1,0
G:\Thesis\FACET_Dataset\Segmented_FACET_0.2_fixed_label\sa_9097188.jpg,5,5,4,1,0.549738883972168,6,6,6,5,1,1,0,1,1
G:\Thesis\FACET_Dataset\Segmented_FACET_0.2_fixed_label\sa_2393989.jpg,3,3,2,0,0.5232405662536621,6,6,6,5,1,3,0,0,0
G:\Thesis\FACET_Dataset\Segmented_FACET_0.2_fixed_label\sa_5051216.jpg,3,3,2,0,0.3780829608440399,4,4,4,3,1,1,0,1,0
G:\Thesis\FACET_Dataset\Segmented_FACET_0.2_fixed_label\sa_3841968.jpg,3,3,2,0,0.39433351159095764,5,5,5,4,1,2,0,0,0
G:\Thesis\FACET_Dataset\Segmented_FACET_0.2_fixed_label\sa_2051488.jpg,2,2,1,0,0.5658780336380005,6,6,6,5,1,4,0,0,0
G:\Thesis\FACET_Dataset\Segmented_FACET_0.2_fixed_label\sa_1492570.jpg,6,6,5,1,0.5310259461402893,6,6,6,5,1,0,1,1,1
G:\Thesis\FACET_Dataset\Segmented_FACET_0.2_fixed_label\sa_7869421.jpg,3,3,2,0,0.550933301448822,6,6,6,5,1,3,0,0,0
G:\Thesis\FACET_Dataset\Segmented_FACET_0.2_fixed_label\sa_1764818.jpg,5,5,4,1,0.48730361461639404,5,5,5,4,1,0,1,1,1
G:\Thesis\FACET_Dataset\Segmented_FACET_0.2_fixed_label\sa_4685439.jpg,2,2,1,0,0.46185368299484253,5,5,5,4,1,3,0,0,0
G:\Thesis\FACET_Dataset\Segmented_FACET_0.2_fixed_label\sa_10821539.jpg,5,5,4,1,0.30636557936668396,4,4,4,3,1,1,0,1,1
G:\Thesis\FACET_Dataset\Segmented_FACET_0.2_fixed_label\sa_10644164.jpg,5,5,4,1,0.51542067527771,6,6,6,5,1,1,0,1,1
G:\Thesis\FACET_Dataset\Segmented_FACET_0.2_fixed_label\sa_10267437.jpg,4,4,3,1,0.45173242688179016,5,5,5,4,1,1,0,1,1
G:\Thesis\FACET_Dataset\Segmented_FACET_0.2_fixed_label\sa_3003103.jpg,3,3,2,0,0.5148912072181702,6,6,6,5,1,3,0,0,0
G:\Thesis\FACET_Dataset\Segmented_FACET_0.2_fixed_label\sa_4062423.jpg,3,3,2,0,0.49337565898895264,5,5,5,4,1,2,0,0,0
G:\Thesis\FACET_Dataset\Segmented_FACET_0.2_fixed_label\sa_8638154.jpg,5,5,4,1,0.5056649446487427,6,6,6,5,1,1,0,1,1
G:\Thesis\FACET_Dataset\Segmented_FACET_0.2_fixed_label\sa_7483270.jpg,5,5,4,1,0.32645660638809204,4,4,4,3,1,1,0,1,1
G:\Thesis\FACET_Dataset\Segmented_FACET_0.2_fixed_label\sa_9632291.jpg,2,2,1,0,0.4886776804924011,5,5,5,4,1,3,0,0,0
G:\Thesis\FACET_Dataset\Segmented_FACET_0.2_fixed_label\sa_9572029.jpg,6,6,5,1,0.6451628804206848,7,7,7,6,1,1,0,1,1
G:\Thesis\FACET_Dataset\Segmented_FACET_0.2_fixed_label\sa_1329626.jpg,2,2,1,0,0.4136974513530731,5,5,5,4,1,3,0,0,0
G:\Thesis\FACET_Dataset\Segmented_FACET_0.2_fixed_label\sa_5754708.jpg,4,4,3,1,0.44649162888526917,5,5,5,4,1,1,0,1,1
G:\Thesis\FACET_Dataset\Segmented_FACET_0.2_fixed_label\sa_8773397.jpg,4,4,3,1,0.3285802900791168,4,4,4,3,1,0,1,1,1
G:\Thesis\FACET_Dataset\Segmented_FACET_0.2_fixed_label\sa_7043291.jpg,5,5,4,1,0.5070934295654297,6,6,6,5,1,1,0,1,1
G:\Thesis\FACET_Dataset\Segmented_FACET_0.2_fixed_label\sa_5453598.jpg,5,5,4,1,0.5647174715995789,6,6,6,5,1,1,0,1,1
G:\Thesis\FACET_Dataset\Segmented_FACET_0.2_fixed_label\sa_6110157.jpg,3,3,2,0,0.4627431631088257,5,5,5,4,1,2,0,0,0
G:\Thesis\FACET_Dataset\Segmented_FACET_0.2_fixed_label\sa_10902763.jpg,6,6,5,1,0.6140151023864746,7,7,7,6,1,1,0,1,1
G:\Thesis\FACET_Dataset\Segmented_FACET_0.2_fixed_label\sa_2503251.jpg,2,2,1,0,0.2952219247817993,4,4,4,3,1,2,0,0,0
G:\Thesis\FACET_Dataset\Segmented_FACET_0.2_fixed_label\sa_8609421.jpg,4,4,3,1,0.48812809586524963,5,5,5,4,1,1,0,1,1
G:\Thesis\FACET_Dataset\Segmented_FACET_0.2_fixed_label\sa_7208455.jpg,8,8,7,2,0.6624616980552673,7,7,7,6,1,1,0,1,0
G:\Thesis\FACET_Dataset\Segmented_FACET_0.2_fixed_label\sa_9831256.jpg,2,2,1,0,0.35712337493896484,4,4,4,3,1,2,0,0,0
G:\Thesis\FACET_Dataset\Segmented_FACET_0.2_fixed_label\sa_3602718.jpg,5,5,4,1,0.48613446950912476,5,5,5,4,1,0,1,1,1
G:\Thesis\FACET_Dataset\Segmented_FACET_0.2_fixed_label\sa_8226706.jpg,7,7,6,1,0.6753748059272766,7,7,7,6,1,0,1,1,1
G:\Thesis\FACET_Dataset\Segmented_FACET_0.2_fixed_label\sa_6603732.jpg,8,8,7,2,0.523170530796051,6,6,6,5,1,2,0,0,0
G:\Thesis\FACET_Dataset\Segmented_FACET_0.2_fixed_label\sa_1174968.jpg,2,2,1,0,0.6426339149475098,7,7,7,6,1,5,0,0,0
G:\Thesis\FACET_Dataset\Segmented_FACET_0.2_fixed_label\sa_423768.jpg,7,7,6,1,0.6699777245521545,7,7,7,6,1,0,1,1,1
G:\Thesis\FACET_Dataset\Segmented_FACET_0.2_fixed_label\sa_10742813.jpg,2,2,1,0,0.455922931432724,5,5,5,4,1,3,0,0,0
G:\Thesis\FACET_Dataset\Segmented_FACET_0.2_fixed_label\sa_5382719.jpg,3,3,2,0,0.28892743587493896,4,4,4,3,1,1,0,1,0
G:\Thesis\FACET_Dataset\Segmented_FACET_0.2_fixed_label\sa_4740572.jpg,5,5,4,1,0.5649181008338928,6,6,6,5,1,1,0,1,1
G:\Thesis\FACET_Dataset\Segmented_FACET_0.2_fixed_label\sa_5963319.jpg,2,2,1,0,0.6037806868553162,6,6,6,5,1,4,0,0,0
G:\Thesis\FACET_Dataset\Segmented_FACET_0.2_fixed_label\sa_3546228.jpg,2,2,1,0,0.2920020520687103,4,4,4,3,1,2,0,0,0
G:\Thesis\FACET_Dataset\Segmented_FACET_0.2_fixed_label\sa_3120751.jpg,4,4,3,1,0.5467212796211243,6,6,6,5,1,2,0,0,1
G:\Thesis\FACET_Dataset\Segmented_FACET_0.2_fixed_label\sa_3467319.jpg,4,4,3,1,0.2560596168041229,3,3,3,2,0,1,0,1,0
G:\Thesis\FACET_Dataset\Segmented_FACET_0.2_fixed_label\sa_5044830.jpg,6,6,5,1,0.4767322838306427,5,5,5,4,1,1,0,1,1
G:\Thesis\FACET_Dataset\Segmented_FACET_0.2_fixed_label\sa_3636151.jpg,3,3,2,0,0.4589191973209381,5,5,5,4,1,2,0,0,0
G:\Thesis\FACET_Dataset\Segmented_FACET_0.2_fixed_label\sa_8775739.jpg,2,2,1,0,0.46585091948509216,5,5,5,4,1,3,0,0,0
G:\Thesis\FACET_Dataset\Segmented_FACET_0.2_fixed_label\sa_4953176.jpg,4,4,3,1,0.5175153613090515,6,6,6,5,1,2,0,0,1
G:\Thesis\FACET_Dataset\Segmented_FACET_0.2_fixed_label\sa_7029681.jpg,4,4,3,1,0.35752400755882263,4,4,4,3,1,0,1,1,1
G:\Thesis\FACET_Dataset\Segmented_FACET_0.2_fixed_label\sa_7330766.jpg,5,5,4,1,0.5629040002822876,6,6,6,5,1,1,0,1,1
G:\Thesis\FACET_Dataset\Segmented_FACET_0.2_fixed_label\sa_6193592.jpg,4,4,3,1,0.46646955609321594,5,5,5,4,1,1,0,1,1
G:\Thesis\FACET_Dataset\Segmented_FACET_0.2_fixed_label\sa_789737.jpg,3,3,2,0,0.45794254541397095,5,5,5,4,1,2,0,0,0
G:\Thesis\FACET_Dataset\Segmented_FACET_0.2_fixed_label\sa_3806685.jpg,2,2,1,0,0.5434778928756714,6,6,6,5,1,4,0,0,0
G:\Thesis\FACET_Dataset\Segmented_FACET_0.2_fixed_label\sa_4838675.jpg,7,7,6,1,0.46121516823768616,5,5,5,4,1,2,0,0,1
G:\Thesis\FACET_Dataset\Segmented_FACET_0.2_fixed_label\sa_8786690.jpg,6,6,5,1,0.5390124917030334,6,6,6,5,1,0,1,1,1
G:\Thesis\FACET_Dataset\Segmented_FACET_0.2_fixed_label\sa_1429317.jpg,4,4,3,1,0.4958304762840271,5,5,5,4,1,1,0,1,1
G:\Thesis\FACET_Dataset\Segmented_FACET_0.2_fixed_label\sa_9825476.jpg,8,8,7,2,0.7232759594917297,8,8,8,7,2,0,1,1,1
G:\Thesis\FACET_Dataset\Segmented_FACET_0.2_fixed_label\sa_3305920.jpg,2,2,1,0,0.21931858360767365,3,3,3,2,0,1,0,1,1
G:\Thesis\FACET_Dataset\Segmented_FACET_0.2_fixed_label\sa_3143426.jpg,4,4,3,1,0.33038944005966187,4,4,4,3,1,0,1,1,1
G:\Thesis\FACET_Dataset\Segmented_FACET_0.2_fixed_label\sa_4662661.jpg,2,2,1,0,0.516864001750946,6,6,6,5,1,4,0,0,0
G:\Thesis\FACET_Dataset\Segmented_FACET_0.2_fixed_label\sa_6222029.jpg,9,9,8,2,0.44114282727241516,5,5,5,4,1,4,0,0,0
G:\Thesis\FACET_Dataset\Segmented_FACET_0.2_fixed_label\sa_11083026.jpg,2,2,1,0,0.3896498382091522,5,5,5,4,1,3,0,0,0
G:\Thesis\FACET_Dataset\Segmented_FACET_0.2_fixed_label\sa_2474983.jpg,6,6,5,1,0.37696972489356995,4,4,4,3,1,2,0,0,1
G:\Thesis\FACET_Dataset\Segmented_FACET_0.2_fixed_label\sa_2060636.jpg,6,6,5,1,0.5109109282493591,6,6,6,5,1,0,1,1,1
G:\Thesis\FACET_Dataset\Segmented_FACET_0.2_fixed_label\sa_4433491.jpg,8,8,7,2,0.35655397176742554,4,4,4,3,1,4,0,0,0
G:\Thesis\FACET_Dataset\Segmented_FACET_0.2_fixed_label\sa_9194880.jpg,4,4,3,1,0.5012605786323547,6,6,6,5,1,2,0,0,1
G:\Thesis\FACET_Dataset\Segmented_FACET_0.2_fixed_label\sa_10486231.jpg,2,2,1,0,0.18925011157989502,3,3,3,2,0,1,0,1,1
G:\Thesis\FACET_Dataset\Segmented_FACET_0.2_fixed_label\sa_440710.jpg,2,2,1,0,0.552449107170105,6,6,6,5,1,4,0,0,0
G:\Thesis\FACET_Dataset\Segmented_FACET_0.2_fixed_label\sa_4326242.jpg,2,2,1,0,0.2883530557155609,4,4,4,3,1,2,0,0,0
G:\Thesis\FACET_Dataset\Segmented_FACET_0.2_fixed_label\sa_2866617.jpg,5,5,4,1,0.29093748331069946,4,4,4,3,1,1,0,1,1
G:\Thesis\FACET_Dataset\Segmented_FACET_0.2_fixed_label\sa_8067007.jpg,3,3,2,0,0.3212622106075287,4,4,4,3,1,1,0,1,0
G:\Thesis\FACET_Dataset\Segmented_FACET_0.2_fixed_label\sa_1710488.jpg,5,5,4,1,0.49682506918907166,5,5,5,4,1,0,1,1,1
G:\Thesis\FACET_Dataset\Segmented_FACET_0.2_fixed_label\sa_5647694.jpg,3,3,2,0,0.47312572598457336,5,5,5,4,1,2,0,0,0
G:\Thesis\FACET_Dataset\Segmented_FACET_0.2_fixed_label\sa_200443.jpg,6,6,5,1,0.4207378923892975,5,5,5,4,1,1,0,1,1
G:\Thesis\FACET_Dataset\Segmented_FACET_0.2_fixed_label\sa_5790678.jpg,6,6,5,1,0.4723866581916809,5,5,5,4,1,1,0,1,1
G:\Thesis\FACET_Dataset\Segmented_FACET_0.2_fixed_label\sa_8033758.jpg,9,9,8,2,0.5597581267356873,6,6,6,5,1,3,0,0,0
G:\Thesis\FACET_Dataset\Segmented_FACET_0.2_fixed_label\sa_180993.jpg,4,4,3,1,0.35902535915374756,4,4,4,3,1,0,1,1,1
G:\Thesis\FACET_Dataset\Segmented_FACET_0.2_fixed_label\sa_1736343.jpg,2,2,1,0,0.36970898509025574,4,4,4,3,1,2,0,0,0
G:\Thesis\FACET_Dataset\Segmented_FACET_0.2_fixed_label\sa_9715141.jpg,2,2,1,0,0.46762213110923767,5,5,5,4,1,3,0,0,0
G:\Thesis\FACET_Dataset\Segmented_FACET_0.2_fixed_label\sa_9361089.jpg,4,4,3,1,0.4040205776691437,5,5,5,4,1,1,0,1,1
G:\Thesis\FACET_Dataset\Segmented_FACET_0.2_fixed_label\sa_2756309.jpg,2,2,1,0,0.2518058717250824,3,3,3,2,0,1,0,1,1
G:\Thesis\FACET_Dataset\Segmented_FACET_0.2_fixed_label\sa_1972608.jpg,2,2,1,0,0.36274075508117676,4,4,4,3,1,2,0,0,0
G:\Thesis\FACET_Dataset\Segmented_FACET_0.2_fixed_label\sa_9150781.jpg,2,2,1,0,0.2959917485713959,4,4,4,3,1,2,0,0,0
G:\Thesis\FACET_Dataset\Segmented_FACET_0.2_fixed_label\sa_5815343.jpg,7,7,6,1,0.6302933096885681,7,7,7,6,1,0,1,1,1
G:\Thesis\FACET_Dataset\Segmented_FACET_0.2_fixed_label\sa_7169229.jpg,7,7,6,1,0.6676111817359924,7,7,7,6,1,0,1,1,1
G:\Thesis\FACET_Dataset\Segmented_FACET_0.2_fixed_label\sa_2113904.jpg,7,7,6,1,0.5856534242630005,6,6,6,5,1,1,0,1,1
G:\Thesis\FACET_Dataset\Segmented_FACET_0.2_fixed_label\sa_7156233.jpg,2,2,1,0,0.3217262625694275,4,4,4,3,1,2,0,0,0
G:\Thesis\FACET_Dataset\Segmented_FACET_0.2_fixed_label\sa_7429624.jpg,5,5,4,1,0.5095640420913696,6,6,6,5,1,1,0,1,1
G:\Thesis\FACET_Dataset\Segmented_FACET_0.2_fixed_label\sa_5616531.jpg,2,2,1,0,0.3191816806793213,4,4,4,3,1,2,0,0,0
G:\Thesis\FACET_Dataset\Segmented_FACET_0.2_fixed_label\sa_1801279.jpg,5,5,4,1,0.32201945781707764,4,4,4,3,1,1,0,1,1
G:\Thesis\FACET_Dataset\Segmented_FACET_0.2_fixed_label\sa_395983.jpg,2,2,1,0,0.32713624835014343,4,4,4,3,1,2,0,0,0
G:\Thesis\FACET_Dataset\Segmented_FACET_0.2_fixed_label\sa_8421772.jpg,3,3,2,0,0.49863022565841675,5,5,5,4,1,2,0,0,0
G:\Thesis\FACET_Dataset\Segmented_FACET_0.2_fixed_label\sa_7342124.jpg,6,6,5,1,0.5381126403808594,6,6,6,5,1,0,1,1,1
G:\Thesis\FACET_Dataset\Segmented_FACET_0.2_fixed_label\sa_9395843.jpg,3,3,2,0,0.40642625093460083,5,5,5,4,1,2,0,0,0
G:\Thesis\FACET_Dataset\Segmented_FACET_0.2_fixed_label\sa_691673.jpg,5,5,4,1,0.3251090347766876,4,4,4,3,1,1,0,1,1
G:\Thesis\FACET_Dataset\Segmented_FACET_0.2_fixed_label\sa_2772191.jpg,3,3,2,0,0.3502802848815918,4,4,4,3,1,1,0,1,0
G:\Thesis\FACET_Dataset\Segmented_FACET_0.2_fixed_label\sa_1822211.jpg,4,4,3,1,0.47281351685523987,5,5,5,4,1,1,0,1,1
G:\Thesis\FACET_Dataset\Segmented_FACET_0.2_fixed_label\sa_8179339.jpg,4,4,3,1,0.2509675920009613,3,3,3,2,0,1,0,1,0
G:\Thesis\FACET_Dataset\Segmented_FACET_0.2_fixed_label\sa_5941759.jpg,2,2,1,0,0.2195471078157425,3,3,3,2,0,1,0,1,1
G:\Thesis\FACET_Dataset\Segmented_FACET_0.2_fixed_label\sa_4388194.jpg,6,6,5,1,0.40928569436073303,5,5,5,4,1,1,0,1,1
G:\Thesis\FACET_Dataset\Segmented_FACET_0.2_fixed_label\sa_4558161.jpg,6,6,5,1,0.32994168996810913,4,4,4,3,1,2,0,0,1
G:\Thesis\FACET_Dataset\Segmented_FACET_0.2_fixed_label\sa_9551744.jpg,8,8,7,2,0.417397677898407,5,5,5,4,1,3,0,0,0
G:\Thesis\FACET_Dataset\Segmented_FACET_0.2_fixed_label\sa_10545112.jpg,2,2,1,0,0.16787926852703094,3,3,3,2,0,1,0,1,1
G:\Thesis\FACET_Dataset\Segmented_FACET_0.2_fixed_label\sa_9040041.jpg,2,2,1,0,0.41918835043907166,5,5,5,4,1,3,0,0,0
G:\Thesis\FACET_Dataset\Segmented_FACET_0.2_fixed_label\sa_1752858.jpg,6,6,5,1,0.604997992515564,6,6,6,5,1,0,1,1,1
G:\Thesis\FACET_Dataset\Segmented_FACET_0.2_fixed_label\sa_1759645.jpg,3,3,2,0,0.4193286597728729,5,5,5,4,1,2,0,0,0
G:\Thesis\FACET_Dataset\Segmented_FACET_0.2_fixed_label\sa_8006279.jpg,2,2,1,0,0.2664496898651123,3,3,3,2,0,1,0,1,1
G:\Thesis\FACET_Dataset\Segmented_FACET_0.2_fixed_label\sa_7091043.jpg,5,5,4,1,0.5115140676498413,6,6,6,5,1,1,0,1,1
G:\Thesis\FACET_Dataset\Segmented_FACET_0.2_fixed_label\sa_8265943.jpg,2,2,1,0,0.4063025712966919,5,5,5,4,1,3,0,0,0
G:\Thesis\FACET_Dataset\Segmented_FACET_0.2_fixed_label\sa_1873155.jpg,2,2,1,0,0.43307504057884216,5,5,5,4,1,3,0,0,0
G:\Thesis\FACET_Dataset\Segmented_FACET_0.2_fixed_label\sa_7907390.jpg,4,4,3,1,0.20184828341007233,3,3,3,2,0,1,0,1,0
G:\Thesis\FACET_Dataset\Segmented_FACET_0.2_fixed_label\sa_9646378.jpg,3,3,2,0,0.5318370461463928,6,6,6,5,1,3,0,0,0
G:\Thesis\FACET_Dataset\Segmented_FACET_0.2_fixed_label\sa_6946472.jpg,3,3,2,0,0.4808944761753082,5,5,5,4,1,2,0,0,0
G:\Thesis\FACET_Dataset\Segmented_FACET_0.2_fixed_label\sa_1440548.jpg,6,6,5,1,0.47506582736968994,5,5,5,4,1,1,0,1,1
G:\Thesis\FACET_Dataset\Segmented_FACET_0.2_fixed_label\sa_10408922.jpg,6,6,5,1,0.576017439365387,6,6,6,5,1,0,1,1,1
G:\Thesis\FACET_Dataset\Segmented_FACET_0.2_fixed_label\sa_10928582.jpg,4,4,3,1,0.3685150444507599,4,4,4,3,1,0,1,1,1
G:\Thesis\FACET_Dataset\Segmented_FACET_0.2_fixed_label\sa_7744991.jpg,5,5,4,1,0.41189801692962646,5,5,5,4,1,0,1,1,1
G:\Thesis\FACET_Dataset\Segmented_FACET_0.2_fixed_label\sa_5915212.jpg,8,8,7,2,0.6297441720962524,7,7,7,6,1,1,0,1,0
G:\Thesis\FACET_Dataset\Segmented_FACET_0.2_fixed_label\sa_8793135.jpg,3,3,2,0,0.29014262557029724,4,4,4,3,1,1,0,1,0
G:\Thesis\FACET_Dataset\Segmented_FACET_0.2_fixed_label\sa_3103297.jpg,5,5,4,1,0.5193595290184021,6,6,6,5,1,1,0,1,1
G:\Thesis\FACET_Dataset\Segmented_FACET_0.2_fixed_label\sa_4832952.jpg,4,4,3,1,0.45017820596694946,5,5,5,4,1,1,0,1,1
G:\Thesis\FACET_Dataset\Segmented_FACET_0.2_fixed_label\sa_7046113.jpg,5,5,4,1,0.4972485601902008,5,5,5,4,1,0,1,1,1
G:\Thesis\FACET_Dataset\Segmented_FACET_0.2_fixed_label\sa_7852192.jpg,3,3,2,0,0.4499647319316864,5,5,5,4,1,2,0,0,0
G:\Thesis\FACET_Dataset\Segmented_FACET_0.2_fixed_label\sa_606078.jpg,2,2,1,0,0.42467617988586426,5,5,5,4,1,3,0,0,0
G:\Thesis\FACET_Dataset\Segmented_FACET_0.2_fixed_label\sa_1635631.jpg,1,1,0,0,0.42668792605400085,5,5,5,4,1,4,0,0,0
G:\Thesis\FACET_Dataset\Segmented_FACET_0.2_fixed_label\sa_3991746.jpg,2,2,1,0,0.23255611956119537,3,3,3,2,0,1,0,1,1
G:\Thesis\FACET_Dataset\Segmented_FACET_0.2_fixed_label\sa_7424580.jpg,7,7,6,1,0.4595121741294861,5,5,5,4,1,2,0,0,1
G:\Thesis\FACET_Dataset\Segmented_FACET_0.2_fixed_label\sa_754926.jpg,7,7,6,1,0.6803500056266785,7,7,7,6,1,0,1,1,1
G:\Thesis\FACET_Dataset\Segmented_FACET_0.2_fixed_label\sa_10942581.jpg,5,5,4,1,0.5471126437187195,6,6,6,5,1,1,0,1,1
G:\Thesis\FACET_Dataset\Segmented_FACET_0.2_fixed_label\sa_11044385.jpg,2,2,1,0,0.21285566687583923,3,3,3,2,0,1,0,1,1
G:\Thesis\FACET_Dataset\Segmented_FACET_0.2_fixed_label\sa_4201272.jpg,4,4,3,1,0.43958309292793274,5,5,5,4,1,1,0,1,1
G:\Thesis\FACET_Dataset\Segmented_FACET_0.2_fixed_label\sa_3629885.jpg,3,3,2,0,0.5777791738510132,6,6,6,5,1,3,0,0,0
G:\Thesis\FACET_Dataset\Segmented_FACET_0.2_fixed_label\sa_10001648.jpg,6,6,5,1,0.4226897656917572,5,5,5,4,1,1,0,1,1
G:\Thesis\FACET_Dataset\Segmented_FACET_0.2_fixed_label\sa_3386657.jpg,3,3,2,0,0.3697817921638489,4,4,4,3,1,1,0,1,0
G:\Thesis\FACET_Dataset\Segmented_FACET_0.2_fixed_label\sa_6300862.jpg,8,8,7,2,0.716624915599823,7,7,7,6,1,1,0,1,0
G:\Thesis\FACET_Dataset\Segmented_FACET_0.2_fixed_label\sa_957680.jpg,5,5,4,1,0.6631494164466858,7,7,7,6,1,2,0,0,1
G:\Thesis\FACET_Dataset\Segmented_FACET_0.2_fixed_label\sa_5569974.jpg,10,10,9,2,0.5182169675827026,6,6,6,5,1,4,0,0,0
G:\Thesis\FACET_Dataset\Segmented_FACET_0.2_fixed_label\sa_6659824.jpg,3,3,2,0,0.18893110752105713,3,3,3,2,0,0,1,1,1
G:\Thesis\FACET_Dataset\Segmented_FACET_0.2_fixed_label\sa_9722807.jpg,3,3,2,0,0.5300633311271667,6,6,6,5,1,3,0,0,0
G:\Thesis\FACET_Dataset\Segmented_FACET_0.2_fixed_label\sa_10089288.jpg,2,2,1,0,0.3395836651325226,4,4,4,3,1,2,0,0,0
G:\Thesis\FACET_Dataset\Segmented_FACET_0.2_fixed_label\sa_4179445.jpg,2,2,1,0,0.48808565735816956,5,5,5,4,1,3,0,0,0
G:\Thesis\FACET_Dataset\Segmented_FACET_0.2_fixed_label\sa_10837279.jpg,6,6,5,1,0.48974329233169556,5,5,5,4,1,1,0,1,1
G:\Thesis\FACET_Dataset\Segmented_FACET_0.2_fixed_label\sa_4938852.jpg,3,3,2,0,0.5334200859069824,6,6,6,5,1,3,0,0,0
G:\Thesis\FACET_Dataset\Segmented_FACET_0.2_fixed_label\sa_2525298.jpg,3,3,2,0,0.20786647498607635,3,3,3,2,0,0,1,1,1
G:\Thesis\FACET_Dataset\Segmented_FACET_0.2_fixed_label\sa_3856553.jpg,4,4,3,1,0.36339130997657776,4,4,4,3,1,0,1,1,1
G:\Thesis\FACET_Dataset\Segmented_FACET_0.2_fixed_label\sa_2265185.jpg,4,4,3,1,0.49563977122306824,5,5,5,4,1,1,0,1,1
G:\Thesis\FACET_Dataset\Segmented_FACET_0.2_fixed_label\sa_3612157.jpg,3,3,2,0,0.19847533106803894,3,3,3,2,0,0,1,1,1
G:\Thesis\FACET_Dataset\Segmented_FACET_0.2_fixed_label\sa_4237910.jpg,3,3,2,0,0.18198800086975098,3,3,3,2,0,0,1,1,1
G:\Thesis\FACET_Dataset\Segmented_FACET_0.2_fixed_label\sa_6846608.jpg,6,6,5,1,0.47468388080596924,5,5,5,4,1,1,0,1,1
G:\Thesis\FACET_Dataset\Segmented_FACET_0.2_fixed_label\sa_5068397.jpg,4,4,3,1,0.46880489587783813,5,5,5,4,1,1,0,1,1
G:\Thesis\FACET_Dataset\Segmented_FACET_0.2_fixed_label\sa_3680583.jpg,4,4,3,1,0.2503921091556549,3,3,3,2,0,1,0,1,0
G:\Thesis\FACET_Dataset\Segmented_FACET_0.2_fixed_label\sa_5633666.jpg,5,5,4,1,0.49178528785705566,5,5,5,4,1,0,1,1,1
G:\Thesis\FACET_Dataset\Segmented_FACET_0.2_fixed_label\sa_5153838.jpg,3,3,2,0,0.4265809953212738,5,5,5,4,1,2,0,0,0
G:\Thesis\FACET_Dataset\Segmented_FACET_0.2_fixed_label\sa_7145981.jpg,6,6,5,1,0.5129842162132263,6,6,6,5,1,0,1,1,1
G:\Thesis\FACET_Dataset\Segmented_FACET_0.2_fixed_label\sa_10987539.jpg,4,4,3,1,0.34217461943626404,4,4,4,3,1,0,1,1,1
G:\Thesis\FACET_Dataset\Segmented_FACET_0.2_fixed_label\sa_6479500.jpg,3,3,2,0,0.5362026691436768,6,6,6,5,1,3,0,0,0
G:\Thesis\FACET_Dataset\Segmented_FACET_0.2_fixed_label\sa_1367724.jpg,2,2,1,0,0.4094424247741699,5,5,5,4,1,3,0,0,0
G:\Thesis\FACET_Dataset\Segmented_FACET_0.2_fixed_label\sa_780544.jpg,2,2,1,0,0.3096647262573242,4,4,4,3,1,2,0,0,0
G:\Thesis\FACET_Dataset\Segmented_FACET_0.2_fixed_label\sa_6987576.jpg,6,6,5,1,0.566203773021698,6,6,6,5,1,0,1,1,1
G:\Thesis\FACET_Dataset\Segmented_FACET_0.2_fixed_label\sa_6333629.jpg,3,3,2,0,0.574686586856842,6,6,6,5,1,3,0,0,0
G:\Thesis\FACET_Dataset\Segmented_FACET_0.2_fixed_label\sa_6542756.jpg,4,4,3,1,0.5089358687400818,6,6,6,5,1,2,0,0,1
G:\Thesis\FACET_Dataset\Segmented_FACET_0.2_fixed_label\sa_4596086.jpg,3,3,2,0,0.6121809482574463,7,7,7,6,1,4,0,0,0
G:\Thesis\FACET_Dataset\Segmented_FACET_0.2_fixed_label\sa_5436532.jpg,5,5,4,1,0.4910498261451721,5,5,5,4,1,0,1,1,1
G:\Thesis\FACET_Dataset\Segmented_FACET_0.2_fixed_label\sa_10123527.jpg,2,2,1,0,0.30448752641677856,4,4,4,3,1,2,0,0,0
G:\Thesis\FACET_Dataset\Segmented_FACET_0.2_fixed_label\sa_2370129.jpg,4,4,3,1,0.42123422026634216,5,5,5,4,1,1,0,1,1
G:\Thesis\FACET_Dataset\Segmented_FACET_0.2_fixed_label\sa_875233.jpg,2,2,1,0,0.4859626889228821,5,5,5,4,1,3,0,0,0
G:\Thesis\FACET_Dataset\Segmented_FACET_0.2_fixed_label\sa_2325891.jpg,5,5,4,1,0.3979400098323822,5,5,5,4,1,0,1,1,1
G:\Thesis\FACET_Dataset\Segmented_FACET_0.2_fixed_label\sa_9575365.jpg,4,4,3,1,0.37328219413757324,4,4,4,3,1,0,1,1,1
G:\Thesis\FACET_Dataset\Segmented_FACET_0.2_fixed_label\sa_271879.jpg,4,4,3,1,0.40921828150749207,5,5,5,4,1,1,0,1,1
G:\Thesis\FACET_Dataset\Segmented_FACET_0.2_fixed_label\sa_10130929.jpg,3,3,2,0,0.3191097676753998,4,4,4,3,1,1,0,1,0
G:\Thesis\FACET_Dataset\Segmented_FACET_0.2_fixed_label\sa_587246.jpg,7,7,6,1,0.6268646717071533,7,7,7,6,1,0,1,1,1
G:\Thesis\FACET_Dataset\Segmented_FACET_0.2_fixed_label\sa_7907390.jpg,4,4,3,1,0.20184828341007233,3,3,3,2,0,1,0,1,0
G:\Thesis\FACET_Dataset\Segmented_FACET_0.2_fixed_label\sa_10034633.jpg,2,2,1,0,0.29067304730415344,4,4,4,3,1,2,0,0,0
G:\Thesis\FACET_Dataset\Segmented_FACET_0.2_fixed_label\sa_1059464.jpg,1,1,0,0,0.29853084683418274,4,4,4,3,1,3,0,0,0
G:\Thesis\FACET_Dataset\Segmented_FACET_0.2_fixed_label\sa_5374592.jpg,2,2,1,0,0.40704652667045593,5,5,5,4,1,3,0,0,0
G:\Thesis\FACET_Dataset\Segmented_FACET_0.2_fixed_label\sa_9545144.jpg,8,8,7,2,0.46493157744407654,5,5,5,4,1,3,0,0,0
G:\Thesis\FACET_Dataset\Segmented_FACET_0.2_fixed_label\sa_8253748.jpg,3,3,2,0,0.2029973864555359,3,3,3,2,0,0,1,1,1
G:\Thesis\FACET_Dataset\Segmented_FACET_0.2_fixed_label\sa_2674845.jpg,4,4,3,1,0.4467528164386749,5,5,5,4,1,1,0,1,1
G:\Thesis\FACET_Dataset\Segmented_FACET_0.2_fixed_label\sa_7674108.jpg,3,3,2,0,0.45898956060409546,5,5,5,4,1,2,0,0,0
G:\Thesis\FACET_Dataset\Segmented_FACET_0.2_fixed_label\sa_4953176.jpg,6,6,5,1,0.5175153613090515,6,6,6,5,1,0,1,1,1
G:\Thesis\FACET_Dataset\Segmented_FACET_0.2_fixed_label\sa_10861772.jpg,6,6,5,1,0.40158969163894653,5,5,5,4,1,1,0,1,1
G:\Thesis\FACET_Dataset\Segmented_FACET_0.2_fixed_label\sa_4009050.jpg,3,3,2,0,0.1966305822134018,3,3,3,2,0,0,1,1,1
G:\Thesis\FACET_Dataset\Segmented_FACET_0.2_fixed_label\sa_4786068.jpg,6,6,5,1,0.49883347749710083,5,5,5,4,1,1,0,1,1
G:\Thesis\FACET_Dataset\Segmented_FACET_0.2_fixed_label\sa_8786690.jpg,6,6,5,1,0.5390124917030334,6,6,6,5,1,0,1,1,1
G:\Thesis\FACET_Dataset\Segmented_FACET_0.2_fixed_label\sa_5453598.jpg,2,2,1,0,0.5647174715995789,6,6,6,5,1,4,0,0,0
G:\Thesis\FACET_Dataset\Segmented_FACET_0.2_fixed_label\sa_8343708.jpg,4,4,3,1,0.4429464340209961,5,5,5,4,1,1,0,1,1
G:\Thesis\FACET_Dataset\Segmented_FACET_0.2_fixed_label\sa_4185296.jpg,8,8,7,2,0.29606732726097107,4,4,4,3,1,4,0,0,0
G:\Thesis\FACET_Dataset\Segmented_FACET_0.2_fixed_label\sa_3920545.jpg,6,6,5,1,0.5164246559143066,6,6,6,5,1,0,1,1,1
G:\Thesis\FACET_Dataset\Segmented_FACET_0.2_fixed_label\sa_8836754.jpg,3,3,2,0,0.4350505471229553,5,5,5,4,1,2,0,0,0
G:\Thesis\FACET_Dataset\Segmented_FACET_0.2_fixed_label\sa_8447730.jpg,6,6,5,1,0.4565158188343048,5,5,5,4,1,1,0,1,1
G:\Thesis\FACET_Dataset\Segmented_FACET_0.2_fixed_label\sa_4667204.jpg,3,3,2,0,0.4035327136516571,5,5,5,4,1,2,0,0,0
G:\Thesis\FACET_Dataset\Segmented_FACET_0.2_fixed_label\sa_7162201.jpg,2,2,1,0,0.19612151384353638,3,3,3,2,0,1,0,1,1
G:\Thesis\FACET_Dataset\Segmented_FACET_0.2_fixed_label\sa_6731934.jpg,3,3,2,0,0.531707227230072,6,6,6,5,1,3,0,0,0
G:\Thesis\FACET_Dataset\Segmented_FACET_0.2_fixed_label\sa_236627.jpg,2,2,1,0,0.5640049576759338,6,6,6,5,1,4,0,0,0
G:\Thesis\FACET_Dataset\Segmented_FACET_0.2_fixed_label\sa_4370648.jpg,9,9,8,2,0.5079175233840942,6,6,6,5,1,3,0,0,0
G:\Thesis\FACET_Dataset\Segmented_FACET_0.2_fixed_label\sa_6189368.jpg,4,4,3,1,0.4607546627521515,5,5,5,4,1,1,0,1,1
G:\Thesis\FACET_Dataset\Segmented_FACET_0.2_fixed_label\sa_9904439.jpg,7,7,6,1,0.46220043301582336,5,5,5,4,1,2,0,0,1
G:\Thesis\FACET_Dataset\Segmented_FACET_0.2_fixed_label\sa_3787193.jpg,5,5,4,1,0.5370783805847168,6,6,6,5,1,1,0,1,1
G:\Thesis\FACET_Dataset\Segmented_FACET_0.2_fixed_label\sa_619947.jpg,7,7,6,1,0.39767253398895264,5,5,5,4,1,2,0,0,1
G:\Thesis\FACET_Dataset\Segmented_FACET_0.2_fixed_label\sa_286716.jpg,3,3,2,0,0.35040122270584106,4,4,4,3,1,1,0,1,0
G:\Thesis\FACET_Dataset\Segmented_FACET_0.2_fixed_label\sa_8137950.jpg,3,3,2,0,0.46804115176200867,5,5,5,4,1,2,0,0,0
G:\Thesis\FACET_Dataset\Segmented_FACET_0.2_fixed_label\sa_10277350.jpg,5,5,4,1,0.4479335844516754,5,5,5,4,1,0,1,1,1
G:\Thesis\FACET_Dataset\Segmented_FACET_0.2_fixed_label\sa_2949780.jpg,5,5,4,1,0.42774638533592224,5,5,5,4,1,0,1,1,1
G:\Thesis\FACET_Dataset\Segmented_FACET_0.2_fixed_label\sa_4416975.jpg,9,9,8,2,0.803839921951294,8,8,8,7,2,1,0,1,1
G:\Thesis\FACET_Dataset\Segmented_FACET_0.2_fixed_label\sa_6333458.jpg,6,6,5,1,0.4545305073261261,5,5,5,4,1,1,0,1,1
G:\Thesis\FACET_Dataset\Segmented_FACET_0.2_fixed_label\sa_5400620.jpg,6,6,5,1,0.46700525283813477,5,5,5,4,1,1,0,1,1
G:\Thesis\FACET_Dataset\Segmented_FACET_0.2_fixed_label\sa_2149703.jpg,4,4,3,1,0.4235166609287262,5,5,5,4,1,1,0,1,1
G:\Thesis\FACET_Dataset\Segmented_FACET_0.2_fixed_label\sa_4515275.jpg,7,7,6,1,0.6686812043190002,7,7,7,6,1,0,1,1,1
G:\Thesis\FACET_Dataset\Segmented_FACET_0.2_fixed_label\sa_4430152.jpg,2,2,1,0,0.3576405644416809,4,4,4,3,1,2,0,0,0
G:\Thesis\FACET_Dataset\Segmented_FACET_0.2_fixed_label\sa_10068268.jpg,3,3,2,0,0.4459490180015564,5,5,5,4,1,2,0,0,0
G:\Thesis\FACET_Dataset\Segmented_FACET_0.2_fixed_label\sa_8970413.jpg,8,8,7,2,0.46682384610176086,5,5,5,4,1,3,0,0,0
G:\Thesis\FACET_Dataset\Segmented_FACET_0.2_fixed_label\sa_8293466.jpg,7,7,6,1,0.6640952825546265,7,7,7,6,1,0,1,1,1
G:\Thesis\FACET_Dataset\Segmented_FACET_0.2_fixed_label\sa_3190414.jpg,3,3,2,0,0.4837777316570282,5,5,5,4,1,2,0,0,0
G:\Thesis\FACET_Dataset\Segmented_FACET_0.2_fixed_label\sa_1929122.jpg,5,5,4,1,0.4617806673049927,5,5,5,4,1,0,1,1,1
G:\Thesis\FACET_Dataset\Segmented_FACET_0.2_fixed_label\sa_7217967.jpg,5,5,4,1,0.45162084698677063,5,5,5,4,1,0,1,1,1
G:\Thesis\FACET_Dataset\Segmented_FACET_0.2_fixed_label\sa_9458625.jpg,3,3,2,0,0.40569400787353516,5,5,5,4,1,2,0,0,0
G:\Thesis\FACET_Dataset\Segmented_FACET_0.2_fixed_label\sa_8812021.jpg,4,4,3,1,0.4403586983680725,5,5,5,4,1,1,0,1,1
G:\Thesis\FACET_Dataset\Segmented_FACET_0.2_fixed_label\sa_870796.jpg,4,4,3,1,0.29165107011795044,4,4,4,3,1,0,1,1,1
G:\Thesis\FACET_Dataset\Segmented_FACET_0.2_fixed_label\sa_3012918.jpg,5,5,4,1,0.6023949980735779,6,6,6,5,1,1,0,1,1
G:\Thesis\FACET_Dataset\Segmented_FACET_0.2_fixed_label\sa_2196161.jpg,3,3,2,0,0.37056246399879456,4,4,4,3,1,1,0,1,0
G:\Thesis\FACET_Dataset\Segmented_FACET_0.2_fixed_label\sa_2499281.jpg,1,1,0,0,0.3789871037006378,4,4,4,3,1,3,0,0,0
G:\Thesis\FACET_Dataset\Segmented_FACET_0.2_fixed_label\sa_4313887.jpg,5,5,4,1,0.42479297518730164,5,5,5,4,1,0,1,1,1
G:\Thesis\FACET_Dataset\Segmented_FACET_0.2_fixed_label\sa_4068101.jpg,3,3,2,0,0.24470220506191254,3,3,3,2,0,0,1,1,1
G:\Thesis\FACET_Dataset\Segmented_FACET_0.2_fixed_label\sa_4199584.jpg,4,4,3,1,0.36379632353782654,4,4,4,3,1,0,1,1,1
G:\Thesis\FACET_Dataset\Segmented_FACET_0.2_fixed_label\sa_8531277.jpg,3,3,2,0,0.4045979082584381,5,5,5,4,1,2,0,0,0
G:\Thesis\FACET_Dataset\Segmented_FACET_0.2_fixed_label\sa_1442214.jpg,2,2,1,0,0.417326420545578,5,5,5,4,1,3,0,0,0
G:\Thesis\FACET_Dataset\Segmented_FACET_0.2_fixed_label\sa_4079700.jpg,5,5,4,1,0.5438019037246704,6,6,6,5,1,1,0,1,1
G:\Thesis\FACET_Dataset\Segmented_FACET_0.2_fixed_label\sa_5677264.jpg,4,4,3,1,0.5326814651489258,6,6,6,5,1,2,0,0,1
G:\Thesis\FACET_Dataset\Segmented_FACET_0.2_fixed_label\sa_5465335.jpg,3,3,2,0,0.4188409149646759,5,5,5,4,1,2,0,0,0
G:\Thesis\FACET_Dataset\Segmented_FACET_0.2_fixed_label\sa_1462121.jpg,4,4,3,1,0.26627105474472046,3,3,3,2,0,1,0,1,0
G:\Thesis\FACET_Dataset\Segmented_FACET_0.2_fixed_label\sa_5976402.jpg,2,2,1,0,0.4742230176925659,5,5,5,4,1,3,0,0,0
G:\Thesis\FACET_Dataset\Segmented_FACET_0.2_fixed_label\sa_1441403.jpg,3,3,2,0,0.33442217111587524,4,4,4,3,1,1,0,1,0
G:\Thesis\FACET_Dataset\Segmented_FACET_0.2_fixed_label\sa_1793094.jpg,2,2,1,0,0.37132248282432556,4,4,4,3,1,2,0,0,0
G:\Thesis\FACET_Dataset\Segmented_FACET_0.2_fixed_label\sa_8539185.jpg,2,2,1,0,0.1660633534193039,2,2,2,1,0,0,1,1,1
G:\Thesis\FACET_Dataset\Segmented_FACET_0.2_fixed_label\sa_7072705.jpg,5,5,4,1,0.41946810483932495,5,5,5,4,1,0,1,1,1
G:\Thesis\FACET_Dataset\Segmented_FACET_0.2_fixed_label\sa_350152.jpg,3,3,2,0,0.29780998826026917,4,4,4,3,1,1,0,1,0
G:\Thesis\FACET_Dataset\Segmented_FACET_0.2_fixed_label\sa_4563150.jpg,2,2,1,0,0.5009767413139343,6,6,6,5,1,4,0,0,0
G:\Thesis\FACET_Dataset\Segmented_FACET_0.2_fixed_label\sa_975478.jpg,5,5,4,1,0.45481568574905396,5,5,5,4,1,0,1,1,1
G:\Thesis\FACET_Dataset\Segmented_FACET_0.2_fixed_label\sa_2746131.jpg,5,5,4,1,0.49645864963531494,5,5,5,4,1,0,1,1,1
G:\Thesis\FACET_Dataset\Segmented_FACET_0.2_fixed_label\sa_6844966.jpg,4,4,3,1,0.5603932738304138,6,6,6,5,1,2,0,0,1
G:\Thesis\FACET_Dataset\Segmented_FACET_0.2_fixed_label\sa_7005202.jpg,3,3,2,0,0.37842249870300293,4,4,4,3,1,1,0,1,0
G:\Thesis\FACET_Dataset\Segmented_FACET_0.2_fixed_label\sa_7330766.jpg,3,3,2,0,0.5629040002822876,6,6,6,5,1,3,0,0,0
G:\Thesis\FACET_Dataset\Segmented_FACET_0.2_fixed_label\sa_3436418.jpg,6,6,5,1,0.24955102801322937,3,3,3,2,0,3,0,0,0
G:\Thesis\FACET_Dataset\Segmented_FACET_0.2_fixed_label\sa_11053641.jpg,4,4,3,1,0.5091233849525452,6,6,6,5,1,2,0,0,1
G:\Thesis\FACET_Dataset\Segmented_FACET_0.2_fixed_label\sa_8381515.jpg,4,4,3,1,0.3568876087665558,4,4,4,3,1,0,1,1,1
G:\Thesis\FACET_Dataset\Segmented_FACET_0.2_fixed_label\sa_1984040.jpg,6,6,5,1,0.5047741532325745,6,6,6,5,1,0,1,1,1
G:\Thesis\FACET_Dataset\Segmented_FACET_0.2_fixed_label\sa_8489176.jpg,9,9,8,2,0.6657425761222839,7,7,7,6,1,2,0,0,0
G:\Thesis\FACET_Dataset\Segmented_FACET_0.2_fixed_label\sa_1435095.jpg,4,4,3,1,0.6109603047370911,6,6,6,5,1,2,0,0,1
G:\Thesis\FACET_Dataset\Segmented_FACET_0.2_fixed_label\sa_10340266.jpg,4,4,3,1,0.2944152355194092,4,4,4,3,1,0,1,1,1
G:\Thesis\FACET_Dataset\Segmented_FACET_0.2_fixed_label\sa_15807.jpg,3,3,2,0,0.24135123193264008,3,3,3,2,0,0,1,1,1
G:\Thesis\FACET_Dataset\Segmented_FACET_0.2_fixed_label\sa_10887048.jpg,4,4,3,1,0.4426657557487488,5,5,5,4,1,1,0,1,1
G:\Thesis\FACET_Dataset\Segmented_FACET_0.2_fixed_label\sa_7113737.jpg,2,2,1,0,0.5018418431282043,6,6,6,5,1,4,0,0,0
G:\Thesis\FACET_Dataset\Segmented_FACET_0.2_fixed_label\sa_7344264.jpg,3,3,2,0,0.45234939455986023,5,5,5,4,1,2,0,0,0
G:\Thesis\FACET_Dataset\Segmented_FACET_0.2_fixed_label\sa_6390701.jpg,4,4,3,1,0.33399277925491333,4,4,4,3,1,0,1,1,1
G:\Thesis\FACET_Dataset\Segmented_FACET_0.2_fixed_label\sa_4450995.jpg,2,2,1,0,0.228977769613266,3,3,3,2,0,1,0,1,1
G:\Thesis\FACET_Dataset\Segmented_FACET_0.2_fixed_label\sa_1195619.jpg,5,5,4,1,0.47796431183815,5,5,5,4,1,0,1,1,1
G:\Thesis\FACET_Dataset\Segmented_FACET_0.2_fixed_label\sa_11054725.jpg,5,5,4,1,0.5421246886253357,6,6,6,5,1,1,0,1,1
G:\Thesis\FACET_Dataset\Segmented_FACET_0.2_fixed_label\sa_2255583.jpg,2,2,1,0,0.36352774500846863,4,4,4,3,1,2,0,0,0
G:\Thesis\FACET_Dataset\Segmented_FACET_0.2_fixed_label\sa_8743424.jpg,3,3,2,0,0.2788296639919281,4,4,4,3,1,1,0,1,0
G:\Thesis\FACET_Dataset\Segmented_FACET_0.2_fixed_label\sa_11034656.jpg,6,6,5,1,0.3438021242618561,4,4,4,3,1,2,0,0,1
G:\Thesis\FACET_Dataset\Segmented_FACET_0.2_fixed_label\sa_6110157.jpg,4,4,3,1,0.4627431631088257,5,5,5,4,1,1,0,1,1
G:\Thesis\FACET_Dataset\Segmented_FACET_0.2_fixed_label\sa_2559933.jpg,5,5,4,1,0.4038463234901428,5,5,5,4,1,0,1,1,1
G:\Thesis\FACET_Dataset\Segmented_FACET_0.2_fixed_label\sa_1404960.jpg,3,3,2,0,0.5486965179443359,6,6,6,5,1,3,0,0,0
G:\Thesis\FACET_Dataset\Segmented_FACET_0.2_fixed_label\sa_3437748.jpg,7,7,6,1,0.6198042631149292,7,7,7,6,1,0,1,1,1
G:\Thesis\FACET_Dataset\Segmented_FACET_0.2_fixed_label\sa_6166993.jpg,3,3,2,0,0.4005768895149231,5,5,5,4,1,2,0,0,0
G:\Thesis\FACET_Dataset\Segmented_FACET_0.2_fixed_label\sa_8438635.jpg,4,4,3,1,0.16875548660755157,3,3,3,2,0,1,0,1,0
G:\Thesis\FACET_Dataset\Segmented_FACET_0.2_fixed_label\sa_2937365.jpg,2,2,1,0,0.4861973524093628,5,5,5,4,1,3,0,0,0
G:\Thesis\FACET_Dataset\Segmented_FACET_0.2_fixed_label\sa_10202700.jpg,8,8,7,2,0.5212413668632507,6,6,6,5,1,2,0,0,0
G:\Thesis\FACET_Dataset\Segmented_FACET_0.2_fixed_label\sa_3513021.jpg,3,3,2,0,0.3101635277271271,4,4,4,3,1,1,0,1,0
G:\Thesis\FACET_Dataset\Segmented_FACET_0.2_fixed_label\sa_3878735.jpg,6,6,5,1,0.4558340311050415,5,5,5,4,1,1,0,1,1
G:\Thesis\FACET_Dataset\Segmented_FACET_0.2_fixed_label\sa_7971175.jpg,3,3,2,0,0.535960853099823,6,6,6,5,1,3,0,0,0
G:\Thesis\FACET_Dataset\Segmented_FACET_0.2_fixed_label\sa_8022355.jpg,6,6,5,1,0.37026458978652954,4,4,4,3,1,2,0,0,1
G:\Thesis\FACET_Dataset\Segmented_FACET_0.2_fixed_label\sa_5712543.jpg,2,2,1,0,0.26436948776245117,3,3,3,2,0,1,0,1,1
G:\Thesis\FACET_Dataset\Segmented_FACET_0.2_fixed_label\sa_7943968.jpg,2,2,1,0,0.4650610387325287,5,5,5,4,1,3,0,0,0
G:\Thesis\FACET_Dataset\Segmented_FACET_0.2_fixed_label\sa_10217841.jpg,2,2,1,0,0.36498507857322693,4,4,4,3,1,2,0,0,0
G:\Thesis\FACET_Dataset\Segmented_FACET_0.2_fixed_label\sa_7213451.jpg,3,3,2,0,0.20950941741466522,3,3,3,2,0,0,1,1,1
G:\Thesis\FACET_Dataset\Segmented_FACET_0.2_fixed_label\sa_9604483.jpg,3,3,2,0,0.31764400005340576,4,4,4,3,1,1,0,1,0
G:\Thesis\FACET_Dataset\Segmented_FACET_0.2_fixed_label\sa_10498237.jpg,2,2,1,0,0.5074870586395264,6,6,6,5,1,4,0,0,0
G:\Thesis\FACET_Dataset\Segmented_FACET_0.2_fixed_label\sa_10459138.jpg,3,3,2,0,0.28621649742126465,4,4,4,3,1,1,0,1,0
G:\Thesis\FACET_Dataset\Segmented_FACET_0.2_fixed_label\sa_8539185.jpg,2,2,1,0,0.1660633534193039,2,2,2,1,0,0,1,1,1
G:\Thesis\FACET_Dataset\Segmented_FACET_0.2_fixed_label\sa_5093441.jpg,2,2,1,0,0.2678546607494354,3,3,3,2,0,1,0,1,1
G:\Thesis\FACET_Dataset\Segmented_FACET_0.2_fixed_label\sa_3665560.jpg,5,5,4,1,0.501766562461853,6,6,6,5,1,1,0,1,1
G:\Thesis\FACET_Dataset\Segmented_FACET_0.2_fixed_label\sa_1229148.jpg,5,5,4,1,0.2973969578742981,4,4,4,3,1,1,0,1,1
G:\Thesis\FACET_Dataset\Segmented_FACET_0.2_fixed_label\sa_7373385.jpg,4,4,3,1,0.4535912573337555,5,5,5,4,1,1,0,1,1
G:\Thesis\FACET_Dataset\Segmented_FACET_0.2_fixed_label\sa_4231211.jpg,5,5,4,1,0.4407691955566406,5,5,5,4,1,0,1,1,1
G:\Thesis\FACET_Dataset\Segmented_FACET_0.2_fixed_label\sa_3490225.jpg,9,9,8,2,0.5046340823173523,6,6,6,5,1,3,0,0,0
G:\Thesis\FACET_Dataset\Segmented_FACET_0.2_fixed_label\sa_4231211.jpg,2,2,1,0,0.4407691955566406,5,5,5,4,1,3,0,0,0
G:\Thesis\FACET_Dataset\Segmented_FACET_0.2_fixed_label\sa_1012178.jpg,5,5,4,1,0.4149652123451233,5,5,5,4,1,0,1,1,1
G:\Thesis\FACET_Dataset\Segmented_FACET_0.2_fixed_label\sa_5322173.jpg,3,3,2,0,0.31749850511550903,4,4,4,3,1,1,0,1,0
G:\Thesis\FACET_Dataset\Segmented_FACET_0.2_fixed_label\sa_10109543.jpg,5,5,4,1,0.22253626585006714,3,3,3,2,0,2,0,0,0
G:\Thesis\FACET_Dataset\Segmented_FACET_0.2_fixed_label\sa_2564768.jpg,3,3,2,0,0.4442198574542999,5,5,5,4,1,2,0,0,0
G:\Thesis\FACET_Dataset\Segmented_FACET_0.2_fixed_label\sa_7789823.jpg,7,7,6,1,0.5746192336082458,6,6,6,5,1,1,0,1,1
G:\Thesis\FACET_Dataset\Segmented_FACET_0.2_fixed_label\sa_5333185.jpg,5,5,4,1,0.6027920246124268,6,6,6,5,1,1,0,1,1
G:\Thesis\FACET_Dataset\Segmented_FACET_0.2_fixed_label\sa_8748950.jpg,6,6,5,1,0.5566279888153076,6,6,6,5,1,0,1,1,1
G:\Thesis\FACET_Dataset\Segmented_FACET_0.2_fixed_label\sa_10957218.jpg,8,8,7,2,0.5705202221870422,6,6,6,5,1,2,0,0,0
G:\Thesis\FACET_Dataset\Segmented_FACET_0.2_fixed_label\sa_1013900.jpg,2,2,1,0,0.4031047523021698,5,5,5,4,1,3,0,0,0
G:\Thesis\FACET_Dataset\Segmented_FACET_0.2_fixed_label\sa_6482255.jpg,2,2,1,0,0.4177715480327606,5,5,5,4,1,3,0,0,0
G:\Thesis\FACET_Dataset\Segmented_FACET_0.2_fixed_label\sa_7779201.jpg,4,4,3,1,0.43073874711990356,5,5,5,4,1,1,0,1,1
G:\Thesis\FACET_Dataset\Segmented_FACET_0.2_fixed_label\sa_9288427.jpg,4,4,3,1,0.3090616762638092,4,4,4,3,1,0,1,1,1
G:\Thesis\FACET_Dataset\Segmented_FACET_0.2_fixed_label\sa_3526045.jpg,1,1,0,0,0.22589334845542908,3,3,3,2,0,2,0,0,1
G:\Thesis\FACET_Dataset\Segmented_FACET_0.2_fixed_label\sa_3024384.jpg,6,6,5,1,0.43592149019241333,5,5,5,4,1,1,0,1,1
G:\Thesis\FACET_Dataset\Segmented_FACET_0.2_fixed_label\sa_5476556.jpg,3,3,2,0,0.20004978775978088,3,3,3,2,0,0,1,1,1
G:\Thesis\FACET_Dataset\Segmented_FACET_0.2_fixed_label\sa_10720806.jpg,2,2,1,0,0.5190728306770325,6,6,6,5,1,4,0,0,0
G:\Thesis\FACET_Dataset\Segmented_FACET_0.2_fixed_label\sa_1442214.jpg,2,2,1,0,0.417326420545578,5,5,5,4,1,3,0,0,0
G:\Thesis\FACET_Dataset\Segmented_FACET_0.2_fixed_label\sa_7453249.jpg,6,6,5,1,0.655310332775116,7,7,7,6,1,1,0,1,1
G:\Thesis\FACET_Dataset\Segmented_FACET_0.2_fixed_label\sa_8880378.jpg,1,1,0,0,0.3910064101219177,5,5,5,4,1,4,0,0,0
G:\Thesis\FACET_Dataset\Segmented_FACET_0.2_fixed_label\sa_591356.jpg,4,4,3,1,0.5296749472618103,6,6,6,5,1,2,0,0,1
G:\Thesis\FACET_Dataset\Segmented_FACET_0.2_fixed_label\sa_8614714.jpg,4,4,3,1,0.35514333844184875,4,4,4,3,1,0,1,1,1
G:\Thesis\FACET_Dataset\Segmented_FACET_0.2_fixed_label\sa_3924441.jpg,3,3,2,0,0.5222893357276917,6,6,6,5,1,3,0,0,0
G:\Thesis\FACET_Dataset\Segmented_FACET_0.2_fixed_label\sa_9454089.jpg,5,5,4,1,0.5313345789909363,6,6,6,5,1,1,0,1,1
G:\Thesis\FACET_Dataset\Segmented_FACET_0.2_fixed_label\sa_8273213.jpg,1,1,0,0,0.49568435549736023,5,5,5,4,1,4,0,0,0
G:\Thesis\FACET_Dataset\Segmented_FACET_0.2_fixed_label\sa_3069634.jpg,5,5,4,1,0.610797107219696,6,6,6,5,1,1,0,1,1
G:\Thesis\FACET_Dataset\Segmented_FACET_0.2_fixed_label\sa_6418033.jpg,6,6,5,1,0.5434423685073853,6,6,6,5,1,0,1,1,1
G:\Thesis\FACET_Dataset\Segmented_FACET_0.2_fixed_label\sa_8970413.jpg,7,7,6,1,0.46682384610176086,5,5,5,4,1,2,0,0,1
G:\Thesis\FACET_Dataset\Segmented_FACET_0.2_fixed_label\sa_1049914.jpg,4,4,3,1,0.2959544062614441,4,4,4,3,1,0,1,1,1
G:\Thesis\FACET_Dataset\Segmented_FACET_0.2_fixed_label\sa_9197419.jpg,6,6,5,1,0.498976469039917,5,5,5,4,1,1,0,1,1
G:\Thesis\FACET_Dataset\Segmented_FACET_0.2_fixed_label\sa_5284808.jpg,2,2,1,0,0.2783457338809967,4,4,4,3,1,2,0,0,0
G:\Thesis\FACET_Dataset\Segmented_FACET_0.2_fixed_label\sa_5633666.jpg,5,5,4,1,0.49178528785705566,5,5,5,4,1,0,1,1,1
G:\Thesis\FACET_Dataset\Segmented_FACET_0.2_fixed_label\sa_9573144.jpg,2,2,1,0,0.4998149275779724,5,5,5,4,1,3,0,0,0
G:\Thesis\FACET_Dataset\Segmented_FACET_0.2_fixed_label\sa_7593135.jpg,2,2,1,0,0.4312971830368042,5,5,5,4,1,3,0,0,0
G:\Thesis\FACET_Dataset\Segmented_FACET_0.2_fixed_label\sa_10705237.jpg,4,4,3,1,0.38592496514320374,4,4,4,3,1,0,1,1,1
G:\Thesis\FACET_Dataset\Segmented_FACET_0.2_fixed_label\sa_5526742.jpg,5,5,4,1,0.5979983806610107,6,6,6,5,1,1,0,1,1
G:\Thesis\FACET_Dataset\Segmented_FACET_0.2_fixed_label\sa_10189559.jpg,1,1,0,0,0.33568647503852844,4,4,4,3,1,3,0,0,0
G:\Thesis\FACET_Dataset\Segmented_FACET_0.2_fixed_label\sa_10206504.jpg,6,6,5,1,0.4676019549369812,5,5,5,4,1,1,0,1,1
G:\Thesis\FACET_Dataset\Segmented_FACET_0.2_fixed_label\sa_4808180.jpg,3,3,2,0,0.4954656958580017,5,5,5,4,1,2,0,0,0
G:\Thesis\FACET_Dataset\Segmented_FACET_0.2_fixed_label\sa_1468527.jpg,5,5,4,1,0.5332595109939575,6,6,6,5,1,1,0,1,1
G:\Thesis\FACET_Dataset\Segmented_FACET_0.2_fixed_label\sa_1229148.jpg,2,2,1,0,0.2973969578742981,4,4,4,3,1,2,0,0,0
G:\Thesis\FACET_Dataset\Segmented_FACET_0.2_fixed_label\sa_3409064.jpg,3,3,2,0,0.25869622826576233,3,3,3,2,0,0,1,1,1
G:\Thesis\FACET_Dataset\Segmented_FACET_0.2_fixed_label\sa_5515644.jpg,3,3,2,0,0.1347939521074295,2,2,2,1,0,1,0,1,1
G:\Thesis\FACET_Dataset\Segmented_FACET_0.2_fixed_label\sa_1741181.jpg,4,4,3,1,0.37029534578323364,4,4,4,3,1,0,1,1,1
G:\Thesis\FACET_Dataset\Segmented_FACET_0.2_fixed_label\sa_2813753.jpg,4,4,3,1,0.2863827049732208,4,4,4,3,1,0,1,1,1
G:\Thesis\FACET_Dataset\Segmented_FACET_0.2_fixed_label\sa_4455432.jpg,8,8,7,2,0.7331838607788086,8,8,8,7,2,0,1,1,1
G:\Thesis\FACET_Dataset\Segmented_FACET_0.2_fixed_label\sa_1282407.jpg,2,2,1,0,0.34929391741752625,4,4,4,3,1,2,0,0,0
G:\Thesis\FACET_Dataset\Segmented_FACET_0.2_fixed_label\sa_3087418.jpg,6,6,5,1,0.4916321933269501,5,5,5,4,1,1,0,1,1
G:\Thesis\FACET_Dataset\Segmented_FACET_0.2_fixed_label\sa_9467051.jpg,5,5,4,1,0.3768484890460968,4,4,4,3,1,1,0,1,1
G:\Thesis\FACET_Dataset\Segmented_FACET_0.2_fixed_label\sa_33770.jpg,3,3,2,0,0.4477987587451935,5,5,5,4,1,2,0,0,0
G:\Thesis\FACET_Dataset\Segmented_FACET_0.2_fixed_label\sa_5359669.jpg,9,9,8,2,0.7530671954154968,8,8,8,7,2,1,0,1,1
G:\Thesis\FACET_Dataset\Segmented_FACET_0.2_fixed_label\sa_5950493.jpg,4,4,3,1,0.5009130239486694,6,6,6,5,1,2,0,0,1
G:\Thesis\FACET_Dataset\Segmented_FACET_0.2_fixed_label\sa_10523359.jpg,4,4,3,1,0.4674701690673828,5,5,5,4,1,1,0,1,1
G:\Thesis\FACET_Dataset\Segmented_FACET_0.2_fixed_label\sa_1073347.jpg,3,3,2,0,0.317984938621521,4,4,4,3,1,1,0,1,0
G:\Thesis\FACET_Dataset\Segmented_FACET_0.2_fixed_label\sa_7067411.jpg,3,3,2,0,0.5141670107841492,6,6,6,5,1,3,0,0,0
G:\Thesis\FACET_Dataset\Segmented_FACET_0.2_fixed_label\sa_4331908.jpg,3,3,2,0,0.3190394639968872,4,4,4,3,1,1,0,1,0
G:\Thesis\FACET_Dataset\Segmented_FACET_0.2_fixed_label\sa_7336637.jpg,3,3,2,0,0.5327230095863342,6,6,6,5,1,3,0,0,0
G:\Thesis\FACET_Dataset\Segmented_FACET_0.2_fixed_label\sa_11183987.jpg,5,5,4,1,0.4545826315879822,5,5,5,4,1,0,1,1,1
G:\Thesis\FACET_Dataset\Segmented_FACET_0.2_fixed_label\sa_4644720.jpg,4,4,3,1,0.39160022139549255,5,5,5,4,1,1,0,1,1
G:\Thesis\FACET_Dataset\Segmented_FACET_0.2_fixed_label\sa_7021900.jpg,3,3,2,0,0.4084676206111908,5,5,5,4,1,2,0,0,0
G:\Thesis\FACET_Dataset\Segmented_FACET_0.2_fixed_label\sa_8754701.jpg,2,2,1,0,0.33252111077308655,4,4,4,3,1,2,0,0,0
G:\Thesis\FACET_Dataset\Segmented_FACET_0.2_fixed_label\sa_6274456.jpg,4,4,3,1,0.5272105932235718,6,6,6,5,1,2,0,0,1
G:\Thesis\FACET_Dataset\Segmented_FACET_0.2_fixed_label\sa_3314883.jpg,2,2,1,0,0.4523521363735199,5,5,5,4,1,3,0,0,0
G:\Thesis\FACET_Dataset\Segmented_FACET_0.2_fixed_label\sa_6712641.jpg,7,7,6,1,0.5288333892822266,6,6,6,5,1,1,0,1,1
G:\Thesis\FACET_Dataset\Segmented_FACET_0.2_fixed_label\sa_9494962.jpg,9,9,8,2,0.6657319068908691,7,7,7,6,1,2,0,0,0
G:\Thesis\FACET_Dataset\Segmented_FACET_0.2_fixed_label\sa_3362329.jpg,8,8,7,2,0.5434271097183228,6,6,6,5,1,2,0,0,0
G:\Thesis\FACET_Dataset\Segmented_FACET_0.2_fixed_label\sa_8201612.jpg,7,7,6,1,0.6576342582702637,7,7,7,6,1,0,1,1,1
G:\Thesis\FACET_Dataset\Segmented_FACET_0.2_fixed_label\sa_7963944.jpg,3,3,2,0,0.24051028490066528,3,3,3,2,0,0,1,1,1
G:\Thesis\FACET_Dataset\Segmented_FACET_0.2_fixed_label\sa_7440898.jpg,2,2,1,0,0.3778787851333618,4,4,4,3,1,2,0,0,0
G:\Thesis\FACET_Dataset\Segmented_FACET_0.2_fixed_label\sa_9993648.jpg,3,3,2,0,0.20457251369953156,3,3,3,2,0,0,1,1,1
G:\Thesis\FACET_Dataset\Segmented_FACET_0.2_fixed_label\sa_6663509.jpg,6,6,5,1,0.6102156043052673,6,6,6,5,1,0,1,1,1
G:\Thesis\FACET_Dataset\Segmented_FACET_0.2_fixed_label\sa_9584356.jpg,3,3,2,0,0.17468184232711792,3,3,3,2,0,0,1,1,1
G:\Thesis\FACET_Dataset\Segmented_FACET_0.2_fixed_label\sa_974197.jpg,3,3,2,0,0.371087908744812,4,4,4,3,1,1,0,1,0
G:\Thesis\FACET_Dataset\Segmented_FACET_0.2_fixed_label\sa_607894.jpg,3,3,2,0,0.3002671003341675,4,4,4,3,1,1,0,1,0
G:\Thesis\FACET_Dataset\Segmented_FACET_0.2_fixed_label\sa_443340.jpg,2,2,1,0,0.5280148386955261,6,6,6,5,1,4,0,0,0
G:\Thesis\FACET_Dataset\Segmented_FACET_0.2_fixed_label\sa_6934043.jpg,4,4,3,1,0.2798354923725128,4,4,4,3,1,0,1,1,1
G:\Thesis\FACET_Dataset\Segmented_FACET_0.2_fixed_label\sa_4211530.jpg,1,1,0,0,0.49533364176750183,5,5,5,4,1,4,0,0,0
G:\Thesis\FACET_Dataset\Segmented_FACET_0.2_fixed_label\sa_8119206.jpg,5,5,4,1,0.5186331272125244,6,6,6,5,1,1,0,1,1
G:\Thesis\FACET_Dataset\Segmented_FACET_0.2_fixed_label\sa_2225060.jpg,4,4,3,1,0.3514239490032196,4,4,4,3,1,0,1,1,1
G:\Thesis\FACET_Dataset\Segmented_FACET_0.2_fixed_label\sa_416153.jpg,1,1,0,0,0.673189103603363,7,7,7,6,1,6,0,0,0
G:\Thesis\FACET_Dataset\Segmented_FACET_0.2_fixed_label\sa_2204614.jpg,5,5,4,1,0.354759156703949,4,4,4,3,1,1,0,1,1
G:\Thesis\FACET_Dataset\Segmented_FACET_0.2_fixed_label\sa_312129.jpg,3,3,2,0,0.2675040662288666,3,3,3,2,0,0,1,1,1
G:\Thesis\FACET_Dataset\Segmented_FACET_0.2_fixed_label\sa_7723303.jpg,4,4,3,1,0.34767410159111023,4,4,4,3,1,0,1,1,1
G:\Thesis\FACET_Dataset\Segmented_FACET_0.2_fixed_label\sa_7256930.jpg,5,5,4,1,0.43551039695739746,5,5,5,4,1,0,1,1,1
G:\Thesis\FACET_Dataset\Segmented_FACET_0.2_fixed_label\sa_4570059.jpg,4,4,3,1,0.3560715317726135,4,4,4,3,1,0,1,1,1
G:\Thesis\FACET_Dataset\Segmented_FACET_0.2_fixed_label\sa_8531277.jpg,5,5,4,1,0.4045979082584381,5,5,5,4,1,0,1,1,1
G:\Thesis\FACET_Dataset\Segmented_FACET_0.2_fixed_label\sa_5574212.jpg,2,2,1,0,0.333691269159317,4,4,4,3,1,2,0,0,0
G:\Thesis\FACET_Dataset\Segmented_FACET_0.2_fixed_label\sa_2215123.jpg,3,3,2,0,0.2890112102031708,4,4,4,3,1,1,0,1,0
G:\Thesis\FACET_Dataset\Segmented_FACET_0.2_fixed_label\sa_6977491.jpg,2,2,1,0,0.28290432691574097,4,4,4,3,1,2,0,0,0
G:\Thesis\FACET_Dataset\Segmented_FACET_0.2_fixed_label\sa_10553447.jpg,2,2,1,0,0.35446006059646606,4,4,4,3,1,2,0,0,0
G:\Thesis\FACET_Dataset\Segmented_FACET_0.2_fixed_label\sa_592062.jpg,7,7,6,1,0.4338238537311554,5,5,5,4,1,2,0,0,1
G:\Thesis\FACET_Dataset\Segmented_FACET_0.2_fixed_label\sa_817940.jpg,4,4,3,1,0.3668149709701538,4,4,4,3,1,0,1,1,1
G:\Thesis\FACET_Dataset\Segmented_FACET_0.2_fixed_label\sa_1005786.jpg,6,6,5,1,0.4201146066188812,5,5,5,4,1,1,0,1,1
G:\Thesis\FACET_Dataset\Segmented_FACET_0.2_fixed_label\sa_8700852.jpg,3,3,2,0,0.34387296438217163,4,4,4,3,1,1,0,1,0
G:\Thesis\FACET_Dataset\Segmented_FACET_0.2_fixed_label\sa_6411745.jpg,9,9,8,2,0.340186208486557,4,4,4,3,1,5,0,0,0
G:\Thesis\FACET_Dataset\Segmented_FACET_0.2_fixed_label\sa_8815397.jpg,4,4,3,1,0.43999478220939636,5,5,5,4,1,1,0,1,1
G:\Thesis\FACET_Dataset\Segmented_FACET_0.2_fixed_label\sa_9040041.jpg,3,3,2,0,0.41918835043907166,5,5,5,4,1,2,0,0,0
G:\Thesis\FACET_Dataset\Segmented_FACET_0.2_fixed_label\sa_6481829.jpg,3,3,2,0,0.291275292634964,4,4,4,3,1,1,0,1,0
G:\Thesis\FACET_Dataset\Segmented_FACET_0.2_fixed_label\sa_1611695.jpg,4,4,3,1,0.4045158922672272,5,5,5,4,1,1,0,1,1
G:\Thesis\FACET_Dataset\Segmented_FACET_0.2_fixed_label\sa_6440016.jpg,6,6,5,1,0.4626941680908203,5,5,5,4,1,1,0,1,1
G:\Thesis\FACET_Dataset\Segmented_FACET_0.2_fixed_label\sa_10040081.jpg,2,2,1,0,0.5592536926269531,6,6,6,5,1,4,0,0,0
G:\Thesis\FACET_Dataset\Segmented_FACET_0.2_fixed_label\sa_6195714.jpg,3,3,2,0,0.2928211987018585,4,4,4,3,1,1,0,1,0
G:\Thesis\FACET_Dataset\Segmented_FACET_0.2_fixed_label\sa_9360131.jpg,3,3,2,0,0.4247460961341858,5,5,5,4,1,2,0,0,0
G:\Thesis\FACET_Dataset\Segmented_FACET_0.2_fixed_label\sa_4273169.jpg,5,5,4,1,0.5810922980308533,6,6,6,5,1,1,0,1,1
G:\Thesis\FACET_Dataset\Segmented_FACET_0.2_fixed_label\sa_6969128.jpg,6,6,5,1,0.5140154361724854,6,6,6,5,1,0,1,1,1
G:\Thesis\FACET_Dataset\Segmented_FACET_0.2_fixed_label\sa_4489155.jpg,2,2,1,0,0.4107459485530853,5,5,5,4,1,3,0,0,0
G:\Thesis\FACET_Dataset\Segmented_FACET_0.2_fixed_label\sa_3306006.jpg,5,5,4,1,0.44070878624916077,5,5,5,4,1,0,1,1,1
G:\Thesis\FACET_Dataset\Segmented_FACET_0.2_fixed_label\sa_5341256.jpg,4,4,3,1,0.2940406799316406,4,4,4,3,1,0,1,1,1
G:\Thesis\FACET_Dataset\Segmented_FACET_0.2_fixed_label\sa_4326242.jpg,2,2,1,0,0.2883530557155609,4,4,4,3,1,2,0,0,0
G:\Thesis\FACET_Dataset\Segmented_FACET_0.2_fixed_label\sa_322016.jpg,7,7,6,1,0.5259091258049011,6,6,6,5,1,1,0,1,1
G:\Thesis\FACET_Dataset\Segmented_FACET_0.2_fixed_label\sa_9013849.jpg,2,2,1,0,0.18587754666805267,3,3,3,2,0,1,0,1,1
G:\Thesis\FACET_Dataset\Segmented_FACET_0.2_fixed_label\sa_9195790.jpg,3,3,2,0,0.5543825626373291,6,6,6,5,1,3,0,0,0
G:\Thesis\FACET_Dataset\Segmented_FACET_0.2_fixed_label\sa_4218870.jpg,2,2,1,0,0.48606353998184204,5,5,5,4,1,3,0,0,0
G:\Thesis\FACET_Dataset\Segmented_FACET_0.2_fixed_label\sa_2718141.jpg,3,3,2,0,0.21013429760932922,3,3,3,2,0,0,1,1,1
G:\Thesis\FACET_Dataset\Segmented_FACET_0.2_fixed_label\sa_8427682.jpg,5,5,4,1,0.37327224016189575,4,4,4,3,1,1,0,1,1
G:\Thesis\FACET_Dataset\Segmented_FACET_0.2_fixed_label\sa_10168183.jpg,6,6,5,1,0.3566591143608093,4,4,4,3,1,2,0,0,1
G:\Thesis\FACET_Dataset\Segmented_FACET_0.2_fixed_label\sa_4974213.jpg,2,2,1,0,0.1689101755619049,3,3,3,2,0,1,0,1,1
G:\Thesis\FACET_Dataset\Segmented_FACET_0.2_fixed_label\sa_2773879.jpg,6,6,5,1,0.5325173139572144,6,6,6,5,1,0,1,1,1
G:\Thesis\FACET_Dataset\Segmented_FACET_0.2_fixed_label\sa_8620905.jpg,6,6,5,1,0.6747188568115234,7,7,7,6,1,1,0,1,1
G:\Thesis\FACET_Dataset\Segmented_FACET_0.2_fixed_label\sa_8889050.jpg,8,8,7,2,0.7384511232376099,8,8,8,7,2,0,1,1,1
G:\Thesis\FACET_Dataset\Segmented_FACET_0.2_fixed_label\sa_4935104.jpg,2,2,1,0,0.30379563570022583,4,4,4,3,1,2,0,0,0
G:\Thesis\FACET_Dataset\Segmented_FACET_0.2_fixed_label\sa_180358.jpg,4,4,3,1,0.5575128793716431,6,6,6,5,1,2,0,0,1
G:\Thesis\FACET_Dataset\Segmented_FACET_0.2_fixed_label\sa_4006046.jpg,3,3,2,0,0.30863723158836365,4,4,4,3,1,1,0,1,0
G:\Thesis\FACET_Dataset\Segmented_FACET_0.2_fixed_label\sa_7814016.jpg,2,2,1,0,0.31280019879341125,4,4,4,3,1,2,0,0,0
G:\Thesis\FACET_Dataset\Segmented_FACET_0.2_fixed_label\sa_6210762.jpg,4,4,3,1,0.5813548564910889,6,6,6,5,1,2,0,0,1
G:\Thesis\FACET_Dataset\Segmented_FACET_0.2_fixed_label\sa_10590855.jpg,6,6,5,1,0.4230465292930603,5,5,5,4,1,1,0,1,1
G:\Thesis\FACET_Dataset\Segmented_FACET_0.2_fixed_label\sa_3014967.jpg,3,3,2,0,0.3617372214794159,4,4,4,3,1,1,0,1,0
G:\Thesis\FACET_Dataset\Segmented_FACET_0.2_fixed_label\sa_7825044.jpg,6,6,5,1,0.3812384605407715,4,4,4,3,1,2,0,0,1
G:\Thesis\FACET_Dataset\Segmented_FACET_0.2_fixed_label\sa_7792076.jpg,2,2,1,0,0.2600664496421814,3,3,3,2,0,1,0,1,1
G:\Thesis\FACET_Dataset\Segmented_FACET_0.2_fixed_label\sa_8956098.jpg,3,3,2,0,0.6275521516799927,7,7,7,6,1,4,0,0,0
G:\Thesis\FACET_Dataset\Segmented_FACET_0.2_fixed_label\sa_10890435.jpg,4,4,3,1,0.47947582602500916,5,5,5,4,1,1,0,1,1
G:\Thesis\FACET_Dataset\Segmented_FACET_0.2_fixed_label\sa_10928966.jpg,5,5,4,1,0.27923038601875305,4,4,4,3,1,1,0,1,1
G:\Thesis\FACET_Dataset\Segmented_FACET_0.2_fixed_label\sa_7066244.jpg,3,3,2,0,0.49891114234924316,5,5,5,4,1,2,0,0,0
G:\Thesis\FACET_Dataset\Segmented_FACET_0.2_fixed_label\sa_346685.jpg,6,6,5,1,0.6125771403312683,7,7,7,6,1,1,0,1,1
G:\Thesis\FACET_Dataset\Segmented_FACET_0.2_fixed_label\sa_9616279.jpg,2,2,1,0,0.47991088032722473,5,5,5,4,1,3,0,0,0
G:\Thesis\FACET_Dataset\Segmented_FACET_0.2_fixed_label\sa_9249127.jpg,2,2,1,0,0.49347272515296936,5,5,5,4,1,3,0,0,0
G:\Thesis\FACET_Dataset\Segmented_FACET_0.2_fixed_label\sa_6166560.jpg,2,2,1,0,0.5462980270385742,6,6,6,5,1,4,0,0,0
G:\Thesis\FACET_Dataset\Segmented_FACET_0.2_fixed_label\sa_8822638.jpg,7,7,6,1,0.6312705874443054,7,7,7,6,1,0,1,1,1
G:\Thesis\FACET_Dataset\Segmented_FACET_0.2_fixed_label\sa_8813324.jpg,1,1,0,0,0.2896064817905426,4,4,4,3,1,3,0,0,0
G:\Thesis\FACET_Dataset\Segmented_FACET_0.2_fixed_label\sa_10125607.jpg,3,3,2,0,0.5564256906509399,6,6,6,5,1,3,0,0,0
G:\Thesis\FACET_Dataset\Segmented_FACET_0.2_fixed_label\sa_6937540.jpg,3,3,2,0,0.4046993851661682,5,5,5,4,1,2,0,0,0
G:\Thesis\FACET_Dataset\Segmented_FACET_0.2_fixed_label\sa_9766431.jpg,2,2,1,0,0.45401689410209656,5,5,5,4,1,3,0,0,0
G:\Thesis\FACET_Dataset\Segmented_FACET_0.2_fixed_label\sa_8104440.jpg,3,3,2,0,0.23328657448291779,3,3,3,2,0,0,1,1,1
G:\Thesis\FACET_Dataset\Segmented_FACET_0.2_fixed_label\sa_10901854.jpg,2,2,1,0,0.5241748690605164,6,6,6,5,1,4,0,0,0
G:\Thesis\FACET_Dataset\Segmented_FACET_0.2_fixed_label\sa_5677264.jpg,3,3,2,0,0.5326814651489258,6,6,6,5,1,3,0,0,0
G:\Thesis\FACET_Dataset\Segmented_FACET_0.2_fixed_label\sa_5342310.jpg,5,5,4,1,0.44390660524368286,5,5,5,4,1,0,1,1,1
G:\Thesis\FACET_Dataset\Segmented_FACET_0.2_fixed_label\sa_4954786.jpg,2,2,1,0,0.4745626151561737,5,5,5,4,1,3,0,0,0
G:\Thesis\FACET_Dataset\Segmented_FACET_0.2_fixed_label\sa_4758726.jpg,3,3,2,0,0.2193143218755722,3,3,3,2,0,0,1,1,1
G:\Thesis\FACET_Dataset\Segmented_FACET_0.2_fixed_label\sa_8881929.jpg,4,4,3,1,0.4952371418476105,5,5,5,4,1,1,0,1,1
G:\Thesis\FACET_Dataset\Segmented_FACET_0.2_fixed_label\sa_8313216.jpg,2,2,1,0,0.32216450572013855,4,4,4,3,1,2,0,0,0
G:\Thesis\FACET_Dataset\Segmented_FACET_0.2_fixed_label\sa_4150646.jpg,3,3,2,0,0.43478327989578247,5,5,5,4,1,2,0,0,0
G:\Thesis\FACET_Dataset\Segmented_FACET_0.2_fixed_label\sa_3051150.jpg,3,3,2,0,0.5769293904304504,6,6,6,5,1,3,0,0,0
G:\Thesis\FACET_Dataset\Segmented_FACET_0.2_fixed_label\sa_9253251.jpg,2,2,1,0,0.47006916999816895,5,5,5,4,1,3,0,0,0
G:\Thesis\FACET_Dataset\Segmented_FACET_0.2_fixed_label\sa_5817690.jpg,2,2,1,0,0.3359844386577606,4,4,4,3,1,2,0,0,0
G:\Thesis\FACET_Dataset\Segmented_FACET_0.2_fixed_label\sa_1246609.jpg,3,3,2,0,0.39192065596580505,5,5,5,4,1,2,0,0,0
G:\Thesis\FACET_Dataset\Segmented_FACET_0.2_fixed_label\sa_1819429.jpg,4,4,3,1,0.45382440090179443,5,5,5,4,1,1,0,1,1
G:\Thesis\FACET_Dataset\Segmented_FACET_0.2_fixed_label\sa_6862644.jpg,3,3,2,0,0.16854514181613922,3,3,3,2,0,0,1,1,1
G:\Thesis\FACET_Dataset\Segmented_FACET_0.2_fixed_label\sa_10765692.jpg,2,2,1,0,0.4613174796104431,5,5,5,4,1,3,0,0,0
G:\Thesis\FACET_Dataset\Segmented_FACET_0.2_fixed_label\sa_4736682.jpg,3,3,2,0,0.3015505373477936,4,4,4,3,1,1,0,1,0
G:\Thesis\FACET_Dataset\Segmented_FACET_0.2_fixed_label\sa_6944635.jpg,7,7,6,1,0.6890335083007812,7,7,7,6,1,0,1,1,1
G:\Thesis\FACET_Dataset\Segmented_FACET_0.2_fixed_label\sa_6756150.jpg,4,4,3,1,0.4704981744289398,5,5,5,4,1,1,0,1,1
G:\Thesis\FACET_Dataset\Segmented_FACET_0.2_fixed_label\sa_2340787.jpg,6,6,5,1,0.3575836420059204,4,4,4,3,1,2,0,0,1
G:\Thesis\FACET_Dataset\Segmented_FACET_0.2_fixed_label\sa_196464.jpg,7,7,6,1,0.7421127557754517,8,8,8,7,2,1,0,1,0
G:\Thesis\FACET_Dataset\Segmented_FACET_0.2_fixed_label\sa_2665347.jpg,3,3,2,0,0.5170180201530457,6,6,6,5,1,3,0,0,0
G:\Thesis\FACET_Dataset\Segmented_FACET_0.2_fixed_label\sa_3437748.jpg,6,6,5,1,0.6198042631149292,7,7,7,6,1,1,0,1,1
G:\Thesis\FACET_Dataset\Segmented_FACET_0.2_fixed_label\sa_860266.jpg,2,2,1,0,0.29620784521102905,4,4,4,3,1,2,0,0,0
G:\Thesis\FACET_Dataset\Segmented_FACET_0.2_fixed_label\sa_70359.jpg,1,1,0,0,0.1296834647655487,2,2,2,1,0,1,0,1,1
G:\Thesis\FACET_Dataset\Segmented_FACET_0.2_fixed_label\sa_10756664.jpg,6,6,5,1,0.5994265079498291,6,6,6,5,1,0,1,1,1
G:\Thesis\FACET_Dataset\Segmented_FACET_0.2_fixed_label\sa_10621826.jpg,4,4,3,1,0.41316044330596924,5,5,5,4,1,1,0,1,1
G:\Thesis\FACET_Dataset\Segmented_FACET_0.2_fixed_label\sa_4457851.jpg,2,2,1,0,0.3776489198207855,4,4,4,3,1,2,0,0,0
G:\Thesis\FACET_Dataset\Segmented_FACET_0.2_fixed_label\sa_2481180.jpg,3,3,2,0,0.31045523285865784,4,4,4,3,1,1,0,1,0
G:\Thesis\FACET_Dataset\Segmented_FACET_0.2_fixed_label\sa_10423635.jpg,5,5,4,1,0.3988896608352661,5,5,5,4,1,0,1,1,1
G:\Thesis\FACET_Dataset\Segmented_FACET_0.2_fixed_label\sa_10842310.jpg,3,3,2,0,0.4361982047557831,5,5,5,4,1,2,0,0,0
G:\Thesis\FACET_Dataset\Segmented_FACET_0.2_fixed_label\sa_5084013.jpg,3,3,2,0,0.1946730762720108,3,3,3,2,0,0,1,1,1
G:\Thesis\FACET_Dataset\Segmented_FACET_0.2_fixed_label\sa_6693933.jpg,2,2,1,0,0.5418745875358582,6,6,6,5,1,4,0,0,0
G:\Thesis\FACET_Dataset\Segmented_FACET_0.2_fixed_label\sa_10675512.jpg,3,3,2,0,0.3941740095615387,5,5,5,4,1,2,0,0,0
G:\Thesis\FACET_Dataset\Segmented_FACET_0.2_fixed_label\sa_9181726.jpg,3,3,2,0,0.32549333572387695,4,4,4,3,1,1,0,1,0
G:\Thesis\FACET_Dataset\Segmented_FACET_0.2_fixed_label\sa_2832344.jpg,5,5,4,1,0.4915001392364502,5,5,5,4,1,0,1,1,1
G:\Thesis\FACET_Dataset\Segmented_FACET_0.2_fixed_label\sa_6489778.jpg,4,4,3,1,0.4588204026222229,5,5,5,4,1,1,0,1,1
G:\Thesis\FACET_Dataset\Segmented_FACET_0.2_fixed_label\sa_5601677.jpg,5,5,4,1,0.527834951877594,6,6,6,5,1,1,0,1,1
G:\Thesis\FACET_Dataset\Segmented_FACET_0.2_fixed_label\sa_133421.jpg,3,3,2,0,0.2868848145008087,4,4,4,3,1,1,0,1,0
G:\Thesis\FACET_Dataset\Segmented_FACET_0.2_fixed_label\sa_1886626.jpg,5,5,4,1,0.30473822355270386,4,4,4,3,1,1,0,1,1
G:\Thesis\FACET_Dataset\Segmented_FACET_0.2_fixed_label\sa_3393431.jpg,3,3,2,0,0.5005906224250793,6,6,6,5,1,3,0,0,0
G:\Thesis\FACET_Dataset\Segmented_FACET_0.2_fixed_label\sa_1761705.jpg,4,4,3,1,0.45149368047714233,5,5,5,4,1,1,0,1,1
G:\Thesis\FACET_Dataset\Segmented_FACET_0.2_fixed_label\sa_9294885.jpg,2,2,1,0,0.28615087270736694,4,4,4,3,1,2,0,0,0
G:\Thesis\FACET_Dataset\Segmented_FACET_0.2_fixed_label\sa_367976.jpg,4,4,3,1,0.5495812296867371,6,6,6,5,1,2,0,0,1
G:\Thesis\FACET_Dataset\Segmented_FACET_0.2_fixed_label\sa_6706811.jpg,4,4,3,1,0.37042319774627686,4,4,4,3,1,0,1,1,1
G:\Thesis\FACET_Dataset\Segmented_FACET_0.2_fixed_label\sa_8384730.jpg,6,6,5,1,0.5346777439117432,6,6,6,5,1,0,1,1,1
G:\Thesis\FACET_Dataset\Segmented_FACET_0.2_fixed_label\sa_7669781.jpg,2,2,1,0,0.47803282737731934,5,5,5,4,1,3,0,0,0
G:\Thesis\FACET_Dataset\Segmented_FACET_0.2_fixed_label\sa_9861488.jpg,2,2,1,0,0.5341025590896606,6,6,6,5,1,4,0,0,0
G:\Thesis\FACET_Dataset\Segmented_FACET_0.2_fixed_label\sa_1795411.jpg,3,3,2,0,0.2640691101551056,3,3,3,2,0,0,1,1,1
G:\Thesis\FACET_Dataset\Segmented_FACET_0.2_fixed_label\sa_3600328.jpg,3,3,2,0,0.37148821353912354,4,4,4,3,1,1,0,1,0
G:\Thesis\FACET_Dataset\Segmented_FACET_0.2_fixed_label\sa_6169865.jpg,4,4,3,1,0.41400179266929626,5,5,5,4,1,1,0,1,1
G:\Thesis\FACET_Dataset\Segmented_FACET_0.2_fixed_label\sa_8424797.jpg,2,2,1,0,0.3309815227985382,4,4,4,3,1,2,0,0,0
G:\Thesis\FACET_Dataset\Segmented_FACET_0.2_fixed_label\sa_4141927.jpg,4,4,3,1,0.5331375598907471,6,6,6,5,1,2,0,0,1
G:\Thesis\FACET_Dataset\Segmented_FACET_0.2_fixed_label\sa_9690755.jpg,3,3,2,0,0.19319027662277222,3,3,3,2,0,0,1,1,1
G:\Thesis\FACET_Dataset\Segmented_FACET_0.2_fixed_label\sa_4188837.jpg,3,3,2,0,0.35184934735298157,4,4,4,3,1,1,0,1,0
G:\Thesis\FACET_Dataset\Segmented_FACET_0.2_fixed_label\sa_10295580.jpg,5,5,4,1,0.3194584250450134,4,4,4,3,1,1,0,1,1
G:\Thesis\FACET_Dataset\Segmented_FACET_0.2_fixed_label\sa_3285469.jpg,3,3,2,0,0.49291297793388367,5,5,5,4,1,2,0,0,0
G:\Thesis\FACET_Dataset\Segmented_FACET_0.2_fixed_label\sa_3490866.jpg,5,5,4,1,0.7282972931861877,8,8,8,7,2,3,0,0,0
G:\Thesis\FACET_Dataset\Segmented_FACET_0.2_fixed_label\sa_8896258.jpg,5,5,4,1,0.5817152261734009,6,6,6,5,1,1,0,1,1
G:\Thesis\FACET_Dataset\Segmented_FACET_0.2_fixed_label\sa_8903195.jpg,5,5,4,1,0.4397520422935486,5,5,5,4,1,0,1,1,1
G:\Thesis\FACET_Dataset\Segmented_FACET_0.2_fixed_label\sa_3245363.jpg,6,6,5,1,0.5708398222923279,6,6,6,5,1,0,1,1,1
G:\Thesis\FACET_Dataset\Segmented_FACET_0.2_fixed_label\sa_1436638.jpg,4,4,3,1,0.2849690914154053,4,4,4,3,1,0,1,1,1
G:\Thesis\FACET_Dataset\Segmented_FACET_0.2_fixed_label\sa_646706.jpg,5,5,4,1,0.5057993531227112,6,6,6,5,1,1,0,1,1
G:\Thesis\FACET_Dataset\Segmented_FACET_0.2_fixed_label\sa_2656002.jpg,5,5,4,1,0.4248286187648773,5,5,5,4,1,0,1,1,1
G:\Thesis\FACET_Dataset\Segmented_FACET_0.2_fixed_label\sa_4663245.jpg,6,6,5,1,0.5895920395851135,6,6,6,5,1,0,1,1,1
G:\Thesis\FACET_Dataset\Segmented_FACET_0.2_fixed_label\sa_1087621.jpg,4,4,3,1,0.4591703414916992,5,5,5,4,1,1,0,1,1
G:\Thesis\FACET_Dataset\Segmented_FACET_0.2_fixed_label\sa_1445501.jpg,3,3,2,0,0.5658532977104187,6,6,6,5,1,3,0,0,0
G:\Thesis\FACET_Dataset\Segmented_FACET_0.2_fixed_label\sa_2173036.jpg,3,3,2,0,0.24595406651496887,3,3,3,2,0,0,1,1,1
G:\Thesis\FACET_Dataset\Segmented_FACET_0.2_fixed_label\sa_3178044.jpg,4,4,3,1,0.41940632462501526,5,5,5,4,1,1,0,1,1
G:\Thesis\FACET_Dataset\Segmented_FACET_0.2_fixed_label\sa_1069784.jpg,2,2,1,0,0.25754794478416443,3,3,3,2,0,1,0,1,1
G:\Thesis\FACET_Dataset\Segmented_FACET_0.2_fixed_label\sa_3709150.jpg,5,5,4,1,0.45555540919303894,5,5,5,4,1,0,1,1,1
G:\Thesis\FACET_Dataset\Segmented_FACET_0.2_fixed_label\sa_986171.jpg,4,4,3,1,0.5876851081848145,6,6,6,5,1,2,0,0,1
G:\Thesis\FACET_Dataset\Segmented_FACET_0.2_fixed_label\sa_579010.jpg,3,3,2,0,0.5652331113815308,6,6,6,5,1,3,0,0,0
G:\Thesis\FACET_Dataset\Segmented_FACET_0.2_fixed_label\sa_928557.jpg,4,4,3,1,0.14747650921344757,2,2,2,1,0,2,0,0,0
G:\Thesis\FACET_Dataset\Segmented_FACET_0.2_fixed_label\sa_9486927.jpg,2,2,1,0,0.5242220163345337,6,6,6,5,1,4,0,0,0
G:\Thesis\FACET_Dataset\Segmented_FACET_0.2_fixed_label\sa_2018170.jpg,3,3,2,0,0.29286858439445496,4,4,4,3,1,1,0,1,0
G:\Thesis\FACET_Dataset\Segmented_FACET_0.2_fixed_label\sa_10644164.jpg,5,5,4,1,0.51542067527771,6,6,6,5,1,1,0,1,1
G:\Thesis\FACET_Dataset\Segmented_FACET_0.2_fixed_label\sa_7466289.jpg,4,4,3,1,0.5028268694877625,6,6,6,5,1,2,0,0,1
G:\Thesis\FACET_Dataset\Segmented_FACET_0.2_fixed_label\sa_10312140.jpg,4,4,3,1,0.34568774700164795,4,4,4,3,1,0,1,1,1
G:\Thesis\FACET_Dataset\Segmented_FACET_0.2_fixed_label\sa_9940745.jpg,5,5,4,1,0.48585885763168335,5,5,5,4,1,0,1,1,1
G:\Thesis\FACET_Dataset\Segmented_FACET_0.2_fixed_label\sa_7036896.jpg,3,3,2,0,0.38088706135749817,4,4,4,3,1,1,0,1,0
G:\Thesis\FACET_Dataset\Segmented_FACET_0.2_fixed_label\sa_2408956.jpg,2,2,1,0,0.3891921937465668,5,5,5,4,1,3,0,0,0
G:\Thesis\FACET_Dataset\Segmented_FACET_0.2_fixed_label\sa_2805819.jpg,3,3,2,0,0.3776392936706543,4,4,4,3,1,1,0,1,0
G:\Thesis\FACET_Dataset\Segmented_FACET_0.2_fixed_label\sa_4175080.jpg,2,2,1,0,0.5547428727149963,6,6,6,5,1,4,0,0,0
G:\Thesis\FACET_Dataset\Segmented_FACET_0.2_fixed_label\sa_3748533.jpg,2,2,1,0,0.3360688388347626,4,4,4,3,1,2,0,0,0
G:\Thesis\FACET_Dataset\Segmented_FACET_0.2_fixed_label\sa_6274049.jpg,6,6,5,1,0.4185415506362915,5,5,5,4,1,1,0,1,1
G:\Thesis\FACET_Dataset\Segmented_FACET_0.2_fixed_label\sa_2113904.jpg,10,10,9,2,0.5856534242630005,6,6,6,5,1,4,0,0,0
G:\Thesis\FACET_Dataset\Segmented_FACET_0.2_fixed_label\sa_1403304.jpg,3,3,2,0,0.4270608723163605,5,5,5,4,1,2,0,0,0
G:\Thesis\FACET_Dataset\Segmented_FACET_0.2_fixed_label\sa_2893796.jpg,3,3,2,0,0.4291815757751465,5,5,5,4,1,2,0,0,0
G:\Thesis\FACET_Dataset\Segmented_FACET_0.2_fixed_label\sa_10039119.jpg,3,3,2,0,0.39027613401412964,5,5,5,4,1,2,0,0,0
G:\Thesis\FACET_Dataset\Segmented_FACET_0.2_fixed_label\sa_9210819.jpg,3,3,2,0,0.547025740146637,6,6,6,5,1,3,0,0,0
G:\Thesis\FACET_Dataset\Segmented_FACET_0.2_fixed_label\sa_5474049.jpg,3,3,2,0,0.47245943546295166,5,5,5,4,1,2,0,0,0
G:\Thesis\FACET_Dataset\Segmented_FACET_0.2_fixed_label\sa_5880143.jpg,2,2,1,0,0.5920318365097046,6,6,6,5,1,4,0,0,0
G:\Thesis\FACET_Dataset\Segmented_FACET_0.2_fixed_label\sa_1404960.jpg,4,4,3,1,0.5486965179443359,6,6,6,5,1,2,0,0,1
G:\Thesis\FACET_Dataset\Segmented_FACET_0.2_fixed_label\sa_5975343.jpg,4,4,3,1,0.4468666613101959,5,5,5,4,1,1,0,1,1
G:\Thesis\FACET_Dataset\Segmented_FACET_0.2_fixed_label\sa_10225129.jpg,3,3,2,0,0.42202383279800415,5,5,5,4,1,2,0,0,0
G:\Thesis\FACET_Dataset\Segmented_FACET_0.2_fixed_label\sa_282221.jpg,3,3,2,0,0.24271783232688904,3,3,3,2,0,0,1,1,1
G:\Thesis\FACET_Dataset\Segmented_FACET_0.2_fixed_label\sa_7083078.jpg,5,5,4,1,0.547633171081543,6,6,6,5,1,1,0,1,1
G:\Thesis\FACET_Dataset\Segmented_FACET_0.2_fixed_label\sa_8563211.jpg,6,6,5,1,0.312122106552124,4,4,4,3,1,2,0,0,1
G:\Thesis\FACET_Dataset\Segmented_FACET_0.2_fixed_label\sa_9590050.jpg,3,3,2,0,0.4336102306842804,5,5,5,4,1,2,0,0,0
G:\Thesis\FACET_Dataset\Segmented_FACET_0.2_fixed_label\sa_10552214.jpg,5,5,4,1,0.49077218770980835,5,5,5,4,1,0,1,1,1
G:\Thesis\FACET_Dataset\Segmented_FACET_0.2_fixed_label\sa_4022916.jpg,1,1,0,0,0.34876060485839844,4,4,4,3,1,3,0,0,0
G:\Thesis\FACET_Dataset\Segmented_FACET_0.2_fixed_label\sa_4692534.jpg,2,2,1,0,0.27788466215133667,4,4,4,3,1,2,0,0,0
G:\Thesis\FACET_Dataset\Segmented_FACET_0.2_fixed_label\sa_10322370.jpg,2,2,1,0,0.5048156380653381,6,6,6,5,1,4,0,0,0
G:\Thesis\FACET_Dataset\Segmented_FACET_0.2_fixed_label\sa_3775087.jpg,3,3,2,0,0.30993419885635376,4,4,4,3,1,1,0,1,0
G:\Thesis\FACET_Dataset\Segmented_FACET_0.2_fixed_label\sa_2199069.jpg,4,4,3,1,0.47254204750061035,5,5,5,4,1,1,0,1,1
G:\Thesis\FACET_Dataset\Segmented_FACET_0.2_fixed_label\sa_1178518.jpg,3,3,2,0,0.4200969338417053,5,5,5,4,1,2,0,0,0
G:\Thesis\FACET_Dataset\Segmented_FACET_0.2_fixed_label\sa_6055755.jpg,3,3,2,0,0.21483924984931946,3,3,3,2,0,0,1,1,1
G:\Thesis\FACET_Dataset\Segmented_FACET_0.2_fixed_label\sa_9769051.jpg,5,5,4,1,0.47480565309524536,5,5,5,4,1,0,1,1,1
G:\Thesis\FACET_Dataset\Segmented_FACET_0.2_fixed_label\sa_2674845.jpg,4,4,3,1,0.4467528164386749,5,5,5,4,1,1,0,1,1
G:\Thesis\FACET_Dataset\Segmented_FACET_0.2_fixed_label\sa_6854701.jpg,3,3,2,0,0.5476164221763611,6,6,6,5,1,3,0,0,0
G:\Thesis\FACET_Dataset\Segmented_FACET_0.2_fixed_label\sa_189673.jpg,5,5,4,1,0.5235763788223267,6,6,6,5,1,1,0,1,1
G:\Thesis\FACET_Dataset\Segmented_FACET_0.2_fixed_label\sa_1387081.jpg,2,2,1,0,0.522554337978363,6,6,6,5,1,4,0,0,0
G:\Thesis\FACET_Dataset\Segmented_FACET_0.2_fixed_label\sa_1754250.jpg,2,2,1,0,0.4371386766433716,5,5,5,4,1,3,0,0,0
G:\Thesis\FACET_Dataset\Segmented_FACET_0.2_fixed_label\sa_3085192.jpg,5,5,4,1,0.38874661922454834,4,4,4,3,1,1,0,1,1
G:\Thesis\FACET_Dataset\Segmented_FACET_0.2_fixed_label\sa_8956098.jpg,4,4,3,1,0.6275521516799927,7,7,7,6,1,3,0,0,1
G:\Thesis\FACET_Dataset\Segmented_FACET_0.2_fixed_label\sa_4601728.jpg,5,5,4,1,0.36009716987609863,4,4,4,3,1,1,0,1,1
G:\Thesis\FACET_Dataset\Segmented_FACET_0.2_fixed_label\sa_166968.jpg,5,5,4,1,0.6293558478355408,7,7,7,6,1,2,0,0,1
G:\Thesis\FACET_Dataset\Segmented_FACET_0.2_fixed_label\sa_2419552.jpg,5,5,4,1,0.3566233515739441,4,4,4,3,1,1,0,1,1
G:\Thesis\FACET_Dataset\Segmented_FACET_0.2_fixed_label\sa_6884512.jpg,4,4,3,1,0.5404245257377625,6,6,6,5,1,2,0,0,1
G:\Thesis\FACET_Dataset\Segmented_FACET_0.2_fixed_label\sa_9302571.jpg,9,9,8,2,0.2349865436553955,3,3,3,2,0,6,0,0,0
G:\Thesis\FACET_Dataset\Segmented_FACET_0.2_fixed_label\sa_10955369.jpg,4,4,3,1,0.5216554403305054,6,6,6,5,1,2,0,0,1
G:\Thesis\FACET_Dataset\Segmented_FACET_0.2_fixed_label\sa_10568659.jpg,2,2,1,0,0.24161653220653534,3,3,3,2,0,1,0,1,1
G:\Thesis\FACET_Dataset\Segmented_FACET_0.2_fixed_label\sa_3636991.jpg,2,2,1,0,0.3120408356189728,4,4,4,3,1,2,0,0,0
G:\Thesis\FACET_Dataset\Segmented_FACET_0.2_fixed_label\sa_3597267.jpg,4,4,3,1,0.36740463972091675,4,4,4,3,1,0,1,1,1
G:\Thesis\FACET_Dataset\Segmented_FACET_0.2_fixed_label\sa_10267437.jpg,5,5,4,1,0.45173242688179016,5,5,5,4,1,0,1,1,1
G:\Thesis\FACET_Dataset\Segmented_FACET_0.2_fixed_label\sa_5618149.jpg,3,3,2,0,0.3124941885471344,4,4,4,3,1,1,0,1,0
G:\Thesis\FACET_Dataset\Segmented_FACET_0.2_fixed_label\sa_7777229.jpg,3,3,2,0,0.3250162899494171,4,4,4,3,1,1,0,1,0
G:\Thesis\FACET_Dataset\Segmented_FACET_0.2_fixed_label\sa_4914631.jpg,5,5,4,1,0.31865766644477844,4,4,4,3,1,1,0,1,1
G:\Thesis\FACET_Dataset\Segmented_FACET_0.2_fixed_label\sa_8477411.jpg,4,4,3,1,0.43398720026016235,5,5,5,4,1,1,0,1,1
G:\Thesis\FACET_Dataset\Segmented_FACET_0.2_fixed_label\sa_3007670.jpg,2,2,1,0,0.11216991394758224,2,2,2,1,0,0,1,1,1
G:\Thesis\FACET_Dataset\Segmented_FACET_0.2_fixed_label\sa_5927825.jpg,2,2,1,0,0.4986022412776947,5,5,5,4,1,3,0,0,0
G:\Thesis\FACET_Dataset\Segmented_FACET_0.2_fixed_label\sa_125835.jpg,3,3,2,0,0.22401951253414154,3,3,3,2,0,0,1,1,1
G:\Thesis\FACET_Dataset\Segmented_FACET_0.2_fixed_label\sa_4259202.jpg,3,3,2,0,0.38294199109077454,4,4,4,3,1,1,0,1,0
G:\Thesis\FACET_Dataset\Segmented_FACET_0.2_fixed_label\sa_5747966.jpg,2,2,1,0,0.19725529849529266,3,3,3,2,0,1,0,1,1
G:\Thesis\FACET_Dataset\Segmented_FACET_0.2_fixed_label\sa_1907768.jpg,5,5,4,1,0.598446249961853,6,6,6,5,1,1,0,1,1
G:\Thesis\FACET_Dataset\Segmented_FACET_0.2_fixed_label\sa_8027624.jpg,3,3,2,0,0.5013921856880188,6,6,6,5,1,3,0,0,0
G:\Thesis\FACET_Dataset\Segmented_FACET_0.2_fixed_label\sa_4931458.jpg,4,4,3,1,0.46531590819358826,5,5,5,4,1,1,0,1,1
G:\Thesis\FACET_Dataset\Segmented_FACET_0.2_fixed_label\sa_9052032.jpg,1,1,0,0,0.10832332819700241,2,2,2,1,0,1,0,1,1
G:\Thesis\FACET_Dataset\Segmented_FACET_0.2_fixed_label\sa_3879774.jpg,5,5,4,1,0.5149915814399719,6,6,6,5,1,1,0,1,1
G:\Thesis\FACET_Dataset\Segmented_FACET_0.2_fixed_label\sa_1005917.jpg,4,4,3,1,0.5453331470489502,6,6,6,5,1,2,0,0,1
G:\Thesis\FACET_Dataset\Segmented_FACET_0.2_fixed_label\sa_7019100.jpg,3,3,2,0,0.3227714002132416,4,4,4,3,1,1,0,1,0
G:\Thesis\FACET_Dataset\Segmented_FACET_0.2_fixed_label\sa_10318561.jpg,2,2,1,0,0.3869372606277466,4,4,4,3,1,2,0,0,0
G:\Thesis\FACET_Dataset\Segmented_FACET_0.2_fixed_label\sa_2906647.jpg,4,4,3,1,0.2995075285434723,4,4,4,3,1,0,1,1,1
G:\Thesis\FACET_Dataset\Segmented_FACET_0.2_fixed_label\sa_6072401.jpg,5,5,4,1,0.5231735706329346,6,6,6,5,1,1,0,1,1
G:\Thesis\FACET_Dataset\Segmented_FACET_0.2_fixed_label\sa_10262407.jpg,5,5,4,1,0.42408061027526855,5,5,5,4,1,0,1,1,1
G:\Thesis\FACET_Dataset\Segmented_FACET_0.2_fixed_label\sa_8307196.jpg,3,3,2,0,0.34784987568855286,4,4,4,3,1,1,0,1,0
G:\Thesis\FACET_Dataset\Segmented_FACET_0.2_fixed_label\sa_5215943.jpg,6,6,5,1,0.5429688692092896,6,6,6,5,1,0,1,1,1
G:\Thesis\FACET_Dataset\Segmented_FACET_0.2_fixed_label\sa_8386852.jpg,3,3,2,0,0.4132581353187561,5,5,5,4,1,2,0,0,0
G:\Thesis\FACET_Dataset\Segmented_FACET_0.2_fixed_label\sa_303365.jpg,3,3,2,0,0.30269017815589905,4,4,4,3,1,1,0,1,0
G:\Thesis\FACET_Dataset\Segmented_FACET_0.2_fixed_label\sa_4001138.jpg,3,3,2,0,0.23887506127357483,3,3,3,2,0,0,1,1,1
G:\Thesis\FACET_Dataset\Segmented_FACET_0.2_fixed_label\sa_7190417.jpg,4,4,3,1,0.2314387410879135,3,3,3,2,0,1,0,1,0
G:\Thesis\FACET_Dataset\Segmented_FACET_0.2_fixed_label\sa_7720349.jpg,5,5,4,1,0.2986603081226349,4,4,4,3,1,1,0,1,1
G:\Thesis\FACET_Dataset\Segmented_FACET_0.2_fixed_label\sa_3879774.jpg,6,6,5,1,0.5149915814399719,6,6,6,5,1,0,1,1,1
G:\Thesis\FACET_Dataset\Segmented_FACET_0.2_fixed_label\sa_8319806.jpg,3,3,2,0,0.564155101776123,6,6,6,5,1,3,0,0,0
G:\Thesis\FACET_Dataset\Segmented_FACET_0.2_fixed_label\sa_4035619.jpg,2,2,1,0,0.4955323338508606,5,5,5,4,1,3,0,0,0
G:\Thesis\FACET_Dataset\Segmented_FACET_0.2_fixed_label\sa_9695755.jpg,5,5,4,1,0.408656507730484,5,5,5,4,1,0,1,1,1
G:\Thesis\FACET_Dataset\Segmented_FACET_0.2_fixed_label\sa_9502279.jpg,9,9,8,2,0.7864376306533813,8,8,8,7,2,1,0,1,1
G:\Thesis\FACET_Dataset\Segmented_FACET_0.2_fixed_label\sa_7516404.jpg,7,7,6,1,0.5012556314468384,6,6,6,5,1,1,0,1,1
G:\Thesis\FACET_Dataset\Segmented_FACET_0.2_fixed_label\sa_3680583.jpg,2,2,1,0,0.2503921091556549,3,3,3,2,0,1,0,1,1
G:\Thesis\FACET_Dataset\Segmented_FACET_0.2_fixed_label\sa_10167927.jpg,2,2,1,0,0.13716161251068115,2,2,2,1,0,0,1,1,1
G:\Thesis\FACET_Dataset\Segmented_FACET_0.2_fixed_label\sa_3739910.jpg,7,7,6,1,0.5256264209747314,6,6,6,5,1,1,0,1,1
G:\Thesis\FACET_Dataset\Segmented_FACET_0.2_fixed_label\sa_7841103.jpg,6,6,5,1,0.7219536900520325,7,7,7,6,1,1,0,1,1
G:\Thesis\FACET_Dataset\Segmented_FACET_0.2_fixed_label\sa_10124711.jpg,5,5,4,1,0.42902833223342896,5,5,5,4,1,0,1,1,1
G:\Thesis\FACET_Dataset\Segmented_FACET_0.2_fixed_label\sa_10044001.jpg,4,4,3,1,0.41965293884277344,5,5,5,4,1,1,0,1,1
G:\Thesis\FACET_Dataset\Segmented_FACET_0.2_fixed_label\sa_10351700.jpg,3,3,2,0,0.3762107193470001,4,4,4,3,1,1,0,1,0
G:\Thesis\FACET_Dataset\Segmented_FACET_0.2_fixed_label\sa_2066255.jpg,8,8,7,2,0.4249747097492218,5,5,5,4,1,3,0,0,0
G:\Thesis\FACET_Dataset\Segmented_FACET_0.2_fixed_label\sa_3349120.jpg,1,1,0,0,0.1509934663772583,2,2,2,1,0,1,0,1,1
G:\Thesis\FACET_Dataset\Segmented_FACET_0.2_fixed_label\sa_8063102.jpg,6,6,5,1,0.5940672755241394,6,6,6,5,1,0,1,1,1
G:\Thesis\FACET_Dataset\Segmented_FACET_0.2_fixed_label\sa_1205984.jpg,5,5,4,1,0.39237338304519653,5,5,5,4,1,0,1,1,1
G:\Thesis\FACET_Dataset\Segmented_FACET_0.2_fixed_label\sa_454914.jpg,3,3,2,0,0.48482459783554077,5,5,5,4,1,2,0,0,0
G:\Thesis\FACET_Dataset\Segmented_FACET_0.2_fixed_label\sa_8490725.jpg,6,6,5,1,0.5257852673530579,6,6,6,5,1,0,1,1,1
G:\Thesis\FACET_Dataset\Segmented_FACET_0.2_fixed_label\sa_8878628.jpg,1,1,0,0,0.49139851331710815,5,5,5,4,1,4,0,0,0
G:\Thesis\FACET_Dataset\Segmented_FACET_0.2_fixed_label\sa_4285468.jpg,4,4,3,1,0.5294257998466492,6,6,6,5,1,2,0,0,1
G:\Thesis\FACET_Dataset\Segmented_FACET_0.2_fixed_label\sa_9892402.jpg,3,3,2,0,0.2322528213262558,3,3,3,2,0,0,1,1,1
G:\Thesis\FACET_Dataset\Segmented_FACET_0.2_fixed_label\sa_9646794.jpg,2,2,1,0,0.32363972067832947,4,4,4,3,1,2,0,0,0
G:\Thesis\FACET_Dataset\Segmented_FACET_0.2_fixed_label\sa_9159113.jpg,5,5,4,1,0.44400283694267273,5,5,5,4,1,0,1,1,1
G:\Thesis\FACET_Dataset\Segmented_FACET_0.2_fixed_label\sa_6187423.jpg,1,1,0,0,0.24471862614154816,3,3,3,2,0,2,0,0,1
G:\Thesis\FACET_Dataset\Segmented_FACET_0.2_fixed_label\sa_438532.jpg,2,2,1,0,0.25772368907928467,3,3,3,2,0,1,0,1,1
G:\Thesis\FACET_Dataset\Segmented_FACET_0.2_fixed_label\sa_196464.jpg,8,8,7,2,0.7421127557754517,8,8,8,7,2,0,1,1,1
G:\Thesis\FACET_Dataset\Segmented_FACET_0.2_fixed_label\sa_8647083.jpg,4,4,3,1,0.3842703104019165,4,4,4,3,1,0,1,1,1
G:\Thesis\FACET_Dataset\Segmented_FACET_0.2_fixed_label\sa_4365060.jpg,3,3,2,0,0.498576283454895,5,5,5,4,1,2,0,0,0
G:\Thesis\FACET_Dataset\Segmented_FACET_0.2_fixed_label\sa_7043291.jpg,5,5,4,1,0.5070934295654297,6,6,6,5,1,1,0,1,1
G:\Thesis\FACET_Dataset\Segmented_FACET_0.2_fixed_label\sa_10938917.jpg,3,3,2,0,0.26882654428482056,3,3,3,2,0,0,1,1,1
G:\Thesis\FACET_Dataset\Segmented_FACET_0.2_fixed_label\sa_7480499.jpg,2,2,1,0,0.17350907623767853,3,3,3,2,0,1,0,1,1
G:\Thesis\FACET_Dataset\Segmented_FACET_0.2_fixed_label\sa_6723644.jpg,5,5,4,1,0.5100661516189575,6,6,6,5,1,1,0,1,1
G:\Thesis\FACET_Dataset\Segmented_FACET_0.2_fixed_label\sa_3673622.jpg,2,2,1,0,0.39467868208885193,5,5,5,4,1,3,0,0,0
G:\Thesis\FACET_Dataset\Segmented_FACET_0.2_fixed_label\sa_4689629.jpg,4,4,3,1,0.5198888778686523,6,6,6,5,1,2,0,0,1
G:\Thesis\FACET_Dataset\Segmented_FACET_0.2_fixed_label\sa_4495151.jpg,4,4,3,1,0.4867824912071228,5,5,5,4,1,1,0,1,1
G:\Thesis\FACET_Dataset\Segmented_FACET_0.2_fixed_label\sa_4924937.jpg,3,3,2,0,0.42741289734840393,5,5,5,4,1,2,0,0,0
G:\Thesis\FACET_Dataset\Segmented_FACET_0.2_fixed_label\sa_11123518.jpg,6,6,5,1,0.5595312714576721,6,6,6,5,1,0,1,1,1
G:\Thesis\FACET_Dataset\Segmented_FACET_0.2_fixed_label\sa_944036.jpg,2,2,1,0,0.49181678891181946,5,5,5,4,1,3,0,0,0
G:\Thesis\FACET_Dataset\Segmented_FACET_0.2_fixed_label\sa_5574212.jpg,3,3,2,0,0.333691269159317,4,4,4,3,1,1,0,1,0
G:\Thesis\FACET_Dataset\Segmented_FACET_0.2_fixed_label\sa_9700758.jpg,7,7,6,1,0.6644560098648071,7,7,7,6,1,0,1,1,1
G:\Thesis\FACET_Dataset\Segmented_FACET_0.2_fixed_label\sa_7256930.jpg,4,4,3,1,0.43551039695739746,5,5,5,4,1,1,0,1,1
G:\Thesis\FACET_Dataset\Segmented_FACET_0.2_fixed_label\sa_9916033.jpg,2,2,1,0,0.20201079547405243,3,3,3,2,0,1,0,1,1
G:\Thesis\FACET_Dataset\Segmented_FACET_0.2_fixed_label\sa_8001189.jpg,2,2,1,0,0.25023433566093445,3,3,3,2,0,1,0,1,1
G:\Thesis\FACET_Dataset\Segmented_FACET_0.2_fixed_label\sa_3699842.jpg,2,2,1,0,0.22432897984981537,3,3,3,2,0,1,0,1,1
G:\Thesis\FACET_Dataset\Segmented_FACET_0.2_fixed_label\sa_2567560.jpg,8,8,7,2,0.548021674156189,6,6,6,5,1,2,0,0,0
G:\Thesis\FACET_Dataset\Segmented_FACET_0.2_fixed_label\sa_3121234.jpg,4,4,3,1,0.3227508068084717,4,4,4,3,1,0,1,1,1
G:\Thesis\FACET_Dataset\Segmented_FACET_0.2_fixed_label\sa_2133120.jpg,8,8,7,2,0.7435661554336548,8,8,8,7,2,0,1,1,1
G:\Thesis\FACET_Dataset\Segmented_FACET_0.2_fixed_label\sa_7180503.jpg,2,2,1,0,0.31519344449043274,4,4,4,3,1,2,0,0,0
G:\Thesis\FACET_Dataset\Segmented_FACET_0.2_fixed_label\sa_8756523.jpg,3,3,2,0,0.3150259554386139,4,4,4,3,1,1,0,1,0
G:\Thesis\FACET_Dataset\Segmented_FACET_0.2_fixed_label\sa_10364117.jpg,3,3,2,0,0.5524336099624634,6,6,6,5,1,3,0,0,0
G:\Thesis\FACET_Dataset\Segmented_FACET_0.2_fixed_label\sa_2503775.jpg,6,6,5,1,0.6688934564590454,7,7,7,6,1,1,0,1,1
G:\Thesis\FACET_Dataset\Segmented_FACET_0.2_fixed_label\sa_6722082.jpg,3,3,2,0,0.46316391229629517,5,5,5,4,1,2,0,0,0
G:\Thesis\FACET_Dataset\Segmented_FACET_0.2_fixed_label\sa_5521853.jpg,4,4,3,1,0.4641672968864441,5,5,5,4,1,1,0,1,1
G:\Thesis\FACET_Dataset\Segmented_FACET_0.2_fixed_label\sa_7325273.jpg,3,3,2,0,0.26168137788772583,3,3,3,2,0,0,1,1,1
G:\Thesis\FACET_Dataset\Segmented_FACET_0.2_fixed_label\sa_9612009.jpg,3,3,2,0,0.5232422351837158,6,6,6,5,1,3,0,0,0
G:\Thesis\FACET_Dataset\Segmented_FACET_0.2_fixed_label\sa_7943016.jpg,5,5,4,1,0.5049284100532532,6,6,6,5,1,1,0,1,1
G:\Thesis\FACET_Dataset\Segmented_FACET_0.2_fixed_label\sa_8698719.jpg,2,2,1,0,0.23656515777111053,3,3,3,2,0,1,0,1,1
G:\Thesis\FACET_Dataset\Segmented_FACET_0.2_fixed_label\sa_3009110.jpg,2,2,1,0,0.4054764211177826,5,5,5,4,1,3,0,0,0
G:\Thesis\FACET_Dataset\Segmented_FACET_0.2_fixed_label\sa_5088783.jpg,3,3,2,0,0.4357052147388458,5,5,5,4,1,2,0,0,0
G:\Thesis\FACET_Dataset\Segmented_FACET_0.2_fixed_label\sa_6470159.jpg,3,3,2,0,0.5353062152862549,6,6,6,5,1,3,0,0,0
G:\Thesis\FACET_Dataset\Segmented_FACET_0.2_fixed_label\sa_8962403.jpg,2,2,1,0,0.3493276536464691,4,4,4,3,1,2,0,0,0
G:\Thesis\FACET_Dataset\Segmented_FACET_0.2_fixed_label\sa_9100667.jpg,3,3,2,0,0.34447363018989563,4,4,4,3,1,1,0,1,0
G:\Thesis\FACET_Dataset\Segmented_FACET_0.2_fixed_label\sa_2150532.jpg,3,3,2,0,0.4300999343395233,5,5,5,4,1,2,0,0,0
G:\Thesis\FACET_Dataset\Segmented_FACET_0.2_fixed_label\sa_5889453.jpg,9,9,8,2,0.6947476863861084,7,7,7,6,1,2,0,0,0
G:\Thesis\FACET_Dataset\Segmented_FACET_0.2_fixed_label\sa_2595451.jpg,3,3,2,0,0.49384406208992004,5,5,5,4,1,2,0,0,0
G:\Thesis\FACET_Dataset\Segmented_FACET_0.2_fixed_label\sa_4709046.jpg,5,5,4,1,0.3051721155643463,4,4,4,3,1,1,0,1,1
G:\Thesis\FACET_Dataset\Segmented_FACET_0.2_fixed_label\sa_10000407.jpg,5,5,4,1,0.6834887266159058,7,7,7,6,1,2,0,0,1
G:\Thesis\FACET_Dataset\Segmented_FACET_0.2_fixed_label\sa_721088.jpg,3,3,2,0,0.3105628192424774,4,4,4,3,1,1,0,1,0
G:\Thesis\FACET_Dataset\Segmented_FACET_0.2_fixed_label\sa_4087214.jpg,3,3,2,0,0.13799762725830078,2,2,2,1,0,1,0,1,1
G:\Thesis\FACET_Dataset\Segmented_FACET_0.2_fixed_label\sa_10632779.jpg,3,3,2,0,0.3892596662044525,5,5,5,4,1,2,0,0,0
G:\Thesis\FACET_Dataset\Segmented_FACET_0.2_fixed_label\sa_766499.jpg,2,2,1,0,0.32070112228393555,4,4,4,3,1,2,0,0,0
G:\Thesis\FACET_Dataset\Segmented_FACET_0.2_fixed_label\sa_7637228.jpg,3,3,2,0,0.25270864367485046,3,3,3,2,0,0,1,1,1
G:\Thesis\FACET_Dataset\Segmented_FACET_0.2_fixed_label\sa_7103469.jpg,4,4,3,1,0.3350062668323517,4,4,4,3,1,0,1,1,1
G:\Thesis\FACET_Dataset\Segmented_FACET_0.2_fixed_label\sa_2964152.jpg,3,3,2,0,0.3099290728569031,4,4,4,3,1,1,0,1,0
G:\Thesis\FACET_Dataset\Segmented_FACET_0.2_fixed_label\sa_10911336.jpg,4,4,3,1,0.5968416929244995,6,6,6,5,1,2,0,0,1
G:\Thesis\FACET_Dataset\Segmented_FACET_0.2_fixed_label\sa_9446091.jpg,7,7,6,1,0.49256324768066406,5,5,5,4,1,2,0,0,1
G:\Thesis\FACET_Dataset\Segmented_FACET_0.2_fixed_label\sa_8112990.jpg,6,6,5,1,0.43592745065689087,5,5,5,4,1,1,0,1,1
G:\Thesis\FACET_Dataset\Segmented_FACET_0.2_fixed_label\sa_10742813.jpg,2,2,1,0,0.455922931432724,5,5,5,4,1,3,0,0,0
G:\Thesis\FACET_Dataset\Segmented_FACET_0.2_fixed_label\sa_10765692.jpg,1,1,0,0,0.4613174796104431,5,5,5,4,1,4,0,0,0
G:\Thesis\FACET_Dataset\Segmented_FACET_0.2_fixed_label\sa_4105752.jpg,3,3,2,0,0.3378985822200775,4,4,4,3,1,1,0,1,0
G:\Thesis\FACET_Dataset\Segmented_FACET_0.2_fixed_label\sa_6708494.jpg,6,6,5,1,0.42230167984962463,5,5,5,4,1,1,0,1,1
G:\Thesis\FACET_Dataset\Segmented_FACET_0.2_fixed_label\sa_9340958.jpg,4,4,3,1,0.5194111466407776,6,6,6,5,1,2,0,0,1
G:\Thesis\FACET_Dataset\Segmented_FACET_0.2_fixed_label\sa_6980143.jpg,10,10,9,2,0.6167524456977844,7,7,7,6,1,3,0,0,0
G:\Thesis\FACET_Dataset\Segmented_FACET_0.2_fixed_label\sa_9301222.jpg,3,3,2,0,0.4116719365119934,5,5,5,4,1,2,0,0,0
G:\Thesis\FACET_Dataset\Segmented_FACET_0.2_fixed_label\sa_10603059.jpg,2,2,1,0,0.32200345396995544,4,4,4,3,1,2,0,0,0
G:\Thesis\FACET_Dataset\Segmented_FACET_0.2_fixed_label\sa_9590050.jpg,4,4,3,1,0.4336102306842804,5,5,5,4,1,1,0,1,1
G:\Thesis\FACET_Dataset\Segmented_FACET_0.2_fixed_label\sa_5207581.jpg,3,3,2,0,0.30315101146698,4,4,4,3,1,1,0,1,0
G:\Thesis\FACET_Dataset\Segmented_FACET_0.2_fixed_label\sa_7742071.jpg,2,2,1,0,0.21295003592967987,3,3,3,2,0,1,0,1,1
G:\Thesis\FACET_Dataset\Segmented_FACET_0.2_fixed_label\sa_8750154.jpg,5,5,4,1,0.3349677324295044,4,4,4,3,1,1,0,1,1
G:\Thesis\FACET_Dataset\Segmented_FACET_0.2_fixed_label\sa_633733.jpg,4,4,3,1,0.3443261682987213,4,4,4,3,1,0,1,1,1
G:\Thesis\FACET_Dataset\Segmented_FACET_0.2_fixed_label\sa_9979863.jpg,4,4,3,1,0.4147818684577942,5,5,5,4,1,1,0,1,1
G:\Thesis\FACET_Dataset\Segmented_FACET_0.2_fixed_label\sa_8053671.jpg,4,4,3,1,0.5022841691970825,6,6,6,5,1,2,0,0,1
G:\Thesis\FACET_Dataset\Segmented_FACET_0.2_fixed_label\sa_1215483.jpg,2,2,1,0,0.38789960741996765,4,4,4,3,1,2,0,0,0
G:\Thesis\FACET_Dataset\Segmented_FACET_0.2_fixed_label\sa_717932.jpg,3,3,2,0,0.16493280231952667,2,2,2,1,0,1,0,1,1
G:\Thesis\FACET_Dataset\Segmented_FACET_0.2_fixed_label\sa_8133298.jpg,4,4,3,1,0.2607438266277313,3,3,3,2,0,1,0,1,0
G:\Thesis\FACET_Dataset\Segmented_FACET_0.2_fixed_label\sa_1324440.jpg,4,4,3,1,0.45080479979515076,5,5,5,4,1,1,0,1,1
G:\Thesis\FACET_Dataset\Segmented_FACET_0.2_fixed_label\sa_6762221.jpg,3,3,2,0,0.5197271108627319,6,6,6,5,1,3,0,0,0
G:\Thesis\FACET_Dataset\Segmented_FACET_0.2_fixed_label\sa_5583056.jpg,1,1,0,0,0.6067855954170227,6,6,6,5,1,5,0,0,0
G:\Thesis\FACET_Dataset\Segmented_FACET_0.2_fixed_label\sa_516303.jpg,3,3,2,0,0.307300865650177,4,4,4,3,1,1,0,1,0
G:\Thesis\FACET_Dataset\Segmented_FACET_0.2_fixed_label\sa_4682469.jpg,2,2,1,0,0.2862262427806854,4,4,4,3,1,2,0,0,0
G:\Thesis\FACET_Dataset\Segmented_FACET_0.2_fixed_label\sa_10958268.jpg,2,2,1,0,0.4278615713119507,5,5,5,4,1,3,0,0,0
G:\Thesis\FACET_Dataset\Segmented_FACET_0.2_fixed_label\sa_5231153.jpg,6,6,5,1,0.4648553133010864,5,5,5,4,1,1,0,1,1
G:\Thesis\FACET_Dataset\Segmented_FACET_0.2_fixed_label\sa_9383976.jpg,3,3,2,0,0.40174031257629395,5,5,5,4,1,2,0,0,0
G:\Thesis\FACET_Dataset\Segmented_FACET_0.2_fixed_label\sa_1996974.jpg,2,2,1,0,0.39760175347328186,5,5,5,4,1,3,0,0,0
G:\Thesis\FACET_Dataset\Segmented_FACET_0.2_fixed_label\sa_10706499.jpg,6,6,5,1,0.4823013246059418,5,5,5,4,1,1,0,1,1
G:\Thesis\FACET_Dataset\Segmented_FACET_0.2_fixed_label\sa_8566455.jpg,2,2,1,0,0.3915644884109497,5,5,5,4,1,3,0,0,0
G:\Thesis\FACET_Dataset\Segmented_FACET_0.2_fixed_label\sa_4953176.jpg,6,6,5,1,0.5175153613090515,6,6,6,5,1,0,1,1,1
G:\Thesis\FACET_Dataset\Segmented_FACET_0.2_fixed_label\sa_7452368.jpg,2,2,1,0,0.18789483606815338,3,3,3,2,0,1,0,1,1
G:\Thesis\FACET_Dataset\Segmented_FACET_0.2_fixed_label\sa_6606232.jpg,3,3,2,0,0.37231364846229553,4,4,4,3,1,1,0,1,0
G:\Thesis\FACET_Dataset\Segmented_FACET_0.2_fixed_label\sa_3614031.jpg,4,4,3,1,0.44866111874580383,5,5,5,4,1,1,0,1,1
G:\Thesis\FACET_Dataset\Segmented_FACET_0.2_fixed_label\sa_633733.jpg,5,5,4,1,0.3443261682987213,4,4,4,3,1,1,0,1,1
G:\Thesis\FACET_Dataset\Segmented_FACET_0.2_fixed_label\sa_4717530.jpg,6,6,5,1,0.6288244128227234,7,7,7,6,1,1,0,1,1
G:\Thesis\FACET_Dataset\Segmented_FACET_0.2_fixed_label\sa_7841103.jpg,5,5,4,1,0.7219536900520325,7,7,7,6,1,2,0,0,1
G:\Thesis\FACET_Dataset\Segmented_FACET_0.2_fixed_label\sa_1369172.jpg,5,5,4,1,0.550033688545227,6,6,6,5,1,1,0,1,1
G:\Thesis\FACET_Dataset\Segmented_FACET_0.2_fixed_label\sa_800792.jpg,4,4,3,1,0.2823689877986908,4,4,4,3,1,0,1,1,1
G:\Thesis\FACET_Dataset\Segmented_FACET_0.2_fixed_label\sa_357215.jpg,2,2,1,0,0.3145574927330017,4,4,4,3,1,2,0,0,0
G:\Thesis\FACET_Dataset\Segmented_FACET_0.2_fixed_label\sa_6954166.jpg,2,2,1,0,0.39600637555122375,5,5,5,4,1,3,0,0,0
G:\Thesis\FACET_Dataset\Segmented_FACET_0.2_fixed_label\sa_6847085.jpg,2,2,1,0,0.3951534330844879,5,5,5,4,1,3,0,0,0
G:\Thesis\FACET_Dataset\Segmented_FACET_0.2_fixed_label\sa_8502381.jpg,3,3,2,0,0.4503196179866791,5,5,5,4,1,2,0,0,0
G:\Thesis\FACET_Dataset\Segmented_FACET_0.2_fixed_label\sa_829174.jpg,2,2,1,0,0.47361376881599426,5,5,5,4,1,3,0,0,0
G:\Thesis\FACET_Dataset\Segmented_FACET_0.2_fixed_label\sa_3995832.jpg,5,5,4,1,0.3534451127052307,4,4,4,3,1,1,0,1,1
G:\Thesis\FACET_Dataset\Segmented_FACET_0.2_fixed_label\sa_6741428.jpg,5,5,4,1,0.3571653962135315,4,4,4,3,1,1,0,1,1
G:\Thesis\FACET_Dataset\Segmented_FACET_0.2_fixed_label\sa_1313718.jpg,2,2,1,0,0.21441815793514252,3,3,3,2,0,1,0,1,1
G:\Thesis\FACET_Dataset\Segmented_FACET_0.2_fixed_label\sa_8956098.jpg,6,6,5,1,0.6275521516799927,7,7,7,6,1,1,0,1,1
G:\Thesis\FACET_Dataset\Segmented_FACET_0.2_fixed_label\sa_7166475.jpg,2,2,1,0,0.14041931927204132,2,2,2,1,0,0,1,1,1
G:\Thesis\FACET_Dataset\Segmented_FACET_0.2_fixed_label\sa_10068983.jpg,3,3,2,0,0.4816846251487732,5,5,5,4,1,2,0,0,0
G:\Thesis\FACET_Dataset\Segmented_FACET_0.2_fixed_label\sa_1813167.jpg,4,4,3,1,0.5731797218322754,6,6,6,5,1,2,0,0,1
G:\Thesis\FACET_Dataset\Segmented_FACET_0.2_fixed_label\sa_10915751.jpg,8,8,7,2,0.5161529779434204,6,6,6,5,1,2,0,0,0
G:\Thesis\FACET_Dataset\Segmented_FACET_0.2_fixed_label\sa_5589099.jpg,3,3,2,0,0.3921065330505371,5,5,5,4,1,2,0,0,0
G:\Thesis\FACET_Dataset\Segmented_FACET_0.2_fixed_label\sa_7908743.jpg,3,3,2,0,0.3921853005886078,5,5,5,4,1,2,0,0,0
G:\Thesis\FACET_Dataset\Segmented_FACET_0.2_fixed_label\sa_2558271.jpg,3,3,2,0,0.42122045159339905,5,5,5,4,1,2,0,0,0
G:\Thesis\FACET_Dataset\Segmented_FACET_0.2_fixed_label\sa_3231147.jpg,2,2,1,0,0.2454875409603119,3,3,3,2,0,1,0,1,1
G:\Thesis\FACET_Dataset\Segmented_FACET_0.2_fixed_label\sa_4499468.jpg,4,4,3,1,0.6195206642150879,7,7,7,6,1,3,0,0,1
G:\Thesis\FACET_Dataset\Segmented_FACET_0.2_fixed_label\sa_83475.jpg,4,4,3,1,0.42486315965652466,5,5,5,4,1,1,0,1,1
G:\Thesis\FACET_Dataset\Segmented_FACET_0.2_fixed_label\sa_4629036.jpg,4,4,3,1,0.3937029242515564,5,5,5,4,1,1,0,1,1
G:\Thesis\FACET_Dataset\Segmented_FACET_0.2_fixed_label\sa_9040041.jpg,2,2,1,0,0.41918835043907166,5,5,5,4,1,3,0,0,0
G:\Thesis\FACET_Dataset\Segmented_FACET_0.2_fixed_label\sa_5804157.jpg,4,4,3,1,0.4384843111038208,5,5,5,4,1,1,0,1,1
G:\Thesis\FACET_Dataset\Segmented_FACET_0.2_fixed_label\sa_6677336.jpg,4,4,3,1,0.3039279282093048,4,4,4,3,1,0,1,1,1
G:\Thesis\FACET_Dataset\Segmented_FACET_0.2_fixed_label\sa_6573159.jpg,3,3,2,0,0.37915030121803284,4,4,4,3,1,1,0,1,0
G:\Thesis\FACET_Dataset\Segmented_FACET_0.2_fixed_label\sa_1237899.jpg,4,4,3,1,0.5117080807685852,6,6,6,5,1,2,0,0,1
G:\Thesis\FACET_Dataset\Segmented_FACET_0.2_fixed_label\sa_671770.jpg,4,4,3,1,0.4119190573692322,5,5,5,4,1,1,0,1,1
G:\Thesis\FACET_Dataset\Segmented_FACET_0.2_fixed_label\sa_2836781.jpg,5,5,4,1,0.30106955766677856,4,4,4,3,1,1,0,1,1
G:\Thesis\FACET_Dataset\Segmented_FACET_0.2_fixed_label\sa_7402139.jpg,8,8,7,2,0.7130610346794128,7,7,7,6,1,1,0,1,0
G:\Thesis\FACET_Dataset\Segmented_FACET_0.2_fixed_label\sa_4786449.jpg,2,2,1,0,0.16402049362659454,2,2,2,1,0,0,1,1,1
G:\Thesis\FACET_Dataset\Segmented_FACET_0.2_fixed_label\sa_1105627.jpg,3,3,2,0,0.3376654386520386,4,4,4,3,1,1,0,1,0
G:\Thesis\FACET_Dataset\Segmented_FACET_0.2_fixed_label\sa_6478910.jpg,2,2,1,0,0.46764668822288513,5,5,5,4,1,3,0,0,0
G:\Thesis\FACET_Dataset\Segmented_FACET_0.2_fixed_label\sa_6940862.jpg,2,2,1,0,0.26593780517578125,3,3,3,2,0,1,0,1,1
G:\Thesis\FACET_Dataset\Segmented_FACET_0.2_fixed_label\sa_10789209.jpg,4,4,3,1,0.5490452647209167,6,6,6,5,1,2,0,0,1
G:\Thesis\FACET_Dataset\Segmented_FACET_0.2_fixed_label\sa_9277115.jpg,6,6,5,1,0.586739718914032,6,6,6,5,1,0,1,1,1
G:\Thesis\FACET_Dataset\Segmented_FACET_0.2_fixed_label\sa_9979863.jpg,5,5,4,1,0.4147818684577942,5,5,5,4,1,0,1,1,1
G:\Thesis\FACET_Dataset\Segmented_FACET_0.2_fixed_label\sa_4423695.jpg,5,5,4,1,0.4911862909793854,5,5,5,4,1,0,1,1,1
G:\Thesis\FACET_Dataset\Segmented_FACET_0.2_fixed_label\sa_6290308.jpg,2,2,1,0,0.15813486278057098,2,2,2,1,0,0,1,1,1
G:\Thesis\FACET_Dataset\Segmented_FACET_0.2_fixed_label\sa_2545541.jpg,7,7,6,1,0.5649425983428955,6,6,6,5,1,1,0,1,1
G:\Thesis\FACET_Dataset\Segmented_FACET_0.2_fixed_label\sa_5536666.jpg,3,3,2,0,0.4990290105342865,5,5,5,4,1,2,0,0,0
G:\Thesis\FACET_Dataset\Segmented_FACET_0.2_fixed_label\sa_6064034.jpg,3,3,2,0,0.47555896639823914,5,5,5,4,1,2,0,0,0
G:\Thesis\FACET_Dataset\Segmented_FACET_0.2_fixed_label\sa_1469498.jpg,3,3,2,0,0.4733104407787323,5,5,5,4,1,2,0,0,0
G:\Thesis\FACET_Dataset\Segmented_FACET_0.2_fixed_label\sa_7374791.jpg,2,2,1,0,0.2856539189815521,4,4,4,3,1,2,0,0,0
G:\Thesis\FACET_Dataset\Segmented_FACET_0.2_fixed_label\sa_1620585.jpg,5,5,4,1,0.5354889035224915,6,6,6,5,1,1,0,1,1
G:\Thesis\FACET_Dataset\Segmented_FACET_0.2_fixed_label\sa_4199584.jpg,2,2,1,0,0.36379632353782654,4,4,4,3,1,2,0,0,0
G:\Thesis\FACET_Dataset\Segmented_FACET_0.2_fixed_label\sa_525211.jpg,6,6,5,1,0.5917170643806458,6,6,6,5,1,0,1,1,1
G:\Thesis\FACET_Dataset\Segmented_FACET_0.2_fixed_label\sa_1730409.jpg,3,3,2,0,0.40943270921707153,5,5,5,4,1,2,0,0,0
G:\Thesis\FACET_Dataset\Segmented_FACET_0.2_fixed_label\sa_7121746.jpg,1,1,0,0,0.39848166704177856,5,5,5,4,1,4,0,0,0
G:\Thesis\FACET_Dataset\Segmented_FACET_0.2_fixed_label\sa_5606499.jpg,4,4,3,1,0.5142760872840881,6,6,6,5,1,2,0,0,1
G:\Thesis\FACET_Dataset\Segmented_FACET_0.2_fixed_label\sa_9722508.jpg,3,3,2,0,0.3814588785171509,4,4,4,3,1,1,0,1,0
G:\Thesis\FACET_Dataset\Segmented_FACET_0.2_fixed_label\sa_3067051.jpg,2,2,1,0,0.3648943603038788,4,4,4,3,1,2,0,0,0
G:\Thesis\FACET_Dataset\Segmented_FACET_0.2_fixed_label\sa_6897183.jpg,2,2,1,0,0.2880762815475464,4,4,4,3,1,2,0,0,0
G:\Thesis\FACET_Dataset\Segmented_FACET_0.2_fixed_label\sa_5647848.jpg,4,4,3,1,0.3777812421321869,4,4,4,3,1,0,1,1,1
G:\Thesis\FACET_Dataset\Segmented_FACET_0.2_fixed_label\sa_5131767.jpg,4,4,3,1,0.4422169029712677,5,5,5,4,1,1,0,1,1
G:\Thesis\FACET_Dataset\Segmented_FACET_0.2_fixed_label\sa_7334714.jpg,3,3,2,0,0.3825938403606415,4,4,4,3,1,1,0,1,0
G:\Thesis\FACET_Dataset\Segmented_FACET_0.2_fixed_label\sa_7479107.jpg,5,5,4,1,0.6222929358482361,7,7,7,6,1,2,0,0,1
G:\Thesis\FACET_Dataset\Segmented_FACET_0.2_fixed_label\sa_6326783.jpg,2,2,1,0,0.5478554964065552,6,6,6,5,1,4,0,0,0
G:\Thesis\FACET_Dataset\Segmented_FACET_0.2_fixed_label\sa_2095290.jpg,5,5,4,1,0.6343170404434204,7,7,7,6,1,2,0,0,1
G:\Thesis\FACET_Dataset\Segmented_FACET_0.2_fixed_label\sa_3594905.jpg,2,2,1,0,0.4037945866584778,5,5,5,4,1,3,0,0,0
G:\Thesis\FACET_Dataset\Segmented_FACET_0.2_fixed_label\sa_8110946.jpg,5,5,4,1,0.48810258507728577,5,5,5,4,1,0,1,1,1
G:\Thesis\FACET_Dataset\Segmented_FACET_0.2_fixed_label\sa_2212636.jpg,7,7,6,1,0.5671142339706421,6,6,6,5,1,1,0,1,1
G:\Thesis\FACET_Dataset\Segmented_FACET_0.2_fixed_label\sa_1206887.jpg,4,4,3,1,0.3735268712043762,4,4,4,3,1,0,1,1,1
G:\Thesis\FACET_Dataset\Segmented_FACET_0.2_fixed_label\sa_6170694.jpg,2,2,1,0,0.27640601992607117,3,3,3,2,0,1,0,1,1
G:\Thesis\FACET_Dataset\Segmented_FACET_0.2_fixed_label\sa_6193592.jpg,3,3,2,0,0.46646955609321594,5,5,5,4,1,2,0,0,0
G:\Thesis\FACET_Dataset\Segmented_FACET_0.2_fixed_label\sa_11017864.jpg,4,4,3,1,0.46021178364753723,5,5,5,4,1,1,0,1,1
G:\Thesis\FACET_Dataset\Segmented_FACET_0.2_fixed_label\sa_710222.jpg,2,2,1,0,0.2339269369840622,3,3,3,2,0,1,0,1,1
G:\Thesis\FACET_Dataset\Segmented_FACET_0.2_fixed_label\sa_1127212.jpg,4,4,3,1,0.2883315980434418,4,4,4,3,1,0,1,1,1
G:\Thesis\FACET_Dataset\Segmented_FACET_0.2_fixed_label\sa_3006340.jpg,2,2,1,0,0.2368743121623993,3,3,3,2,0,1,0,1,1
G:\Thesis\FACET_Dataset\Segmented_FACET_0.2_fixed_label\sa_7908835.jpg,2,2,1,0,0.5003385543823242,6,6,6,5,1,4,0,0,0
G:\Thesis\FACET_Dataset\Segmented_FACET_0.2_fixed_label\sa_904406.jpg,1,1,0,0,0.4413127601146698,5,5,5,4,1,4,0,0,0
G:\Thesis\FACET_Dataset\Segmented_FACET_0.2_fixed_label\sa_6262791.jpg,5,5,4,1,0.4925062656402588,5,5,5,4,1,0,1,1,1
G:\Thesis\FACET_Dataset\Segmented_FACET_0.2_fixed_label\sa_3023489.jpg,6,6,5,1,0.3254926800727844,4,4,4,3,1,2,0,0,1
G:\Thesis\FACET_Dataset\Segmented_FACET_0.2_fixed_label\sa_6193592.jpg,4,4,3,1,0.46646955609321594,5,5,5,4,1,1,0,1,1
G:\Thesis\FACET_Dataset\Segmented_FACET_0.2_fixed_label\sa_6585974.jpg,7,7,6,1,0.5379369258880615,6,6,6,5,1,1,0,1,1
G:\Thesis\FACET_Dataset\Segmented_FACET_0.2_fixed_label\sa_4141927.jpg,5,5,4,1,0.5331375598907471,6,6,6,5,1,1,0,1,1
G:\Thesis\FACET_Dataset\Segmented_FACET_0.2_fixed_label\sa_2950759.jpg,5,5,4,1,0.3330392837524414,4,4,4,3,1,1,0,1,1
G:\Thesis\FACET_Dataset\Segmented_FACET_0.2_fixed_label\sa_5858945.jpg,6,6,5,1,0.49510204792022705,5,5,5,4,1,1,0,1,1
G:\Thesis\FACET_Dataset\Segmented_FACET_0.2_fixed_label\sa_658464.jpg,4,4,3,1,0.4754813313484192,5,5,5,4,1,1,0,1,1
G:\Thesis\FACET_Dataset\Segmented_FACET_0.2_fixed_label\sa_6474325.jpg,6,6,5,1,0.531383752822876,6,6,6,5,1,0,1,1,1
G:\Thesis\FACET_Dataset\Segmented_FACET_0.2_fixed_label\sa_7946914.jpg,3,3,2,0,0.30263751745224,4,4,4,3,1,1,0,1,0
G:\Thesis\FACET_Dataset\Segmented_FACET_0.2_fixed_label\sa_10012746.jpg,2,2,1,0,0.5564690828323364,6,6,6,5,1,4,0,0,0
G:\Thesis\FACET_Dataset\Segmented_FACET_0.2_fixed_label\sa_6044627.jpg,3,3,2,0,0.34120282530784607,4,4,4,3,1,1,0,1,0
G:\Thesis\FACET_Dataset\Segmented_FACET_0.2_fixed_label\sa_1299490.jpg,4,4,3,1,0.2621835768222809,3,3,3,2,0,1,0,1,0
G:\Thesis\FACET_Dataset\Segmented_FACET_0.2_fixed_label\sa_9973377.jpg,4,4,3,1,0.2556280493736267,3,3,3,2,0,1,0,1,0
G:\Thesis\FACET_Dataset\Segmented_FACET_0.2_fixed_label\sa_6665287.jpg,2,2,1,0,0.5105313062667847,6,6,6,5,1,4,0,0,0
G:\Thesis\FACET_Dataset\Segmented_FACET_0.2_fixed_label\sa_3995832.jpg,3,3,2,0,0.3534451127052307,4,4,4,3,1,1,0,1,0
G:\Thesis\FACET_Dataset\Segmented_FACET_0.2_fixed_label\sa_637625.jpg,3,3,2,0,0.3465847373008728,4,4,4,3,1,1,0,1,0
G:\Thesis\FACET_Dataset\Segmented_FACET_0.2_fixed_label\sa_5966913.jpg,7,7,6,1,0.47208112478256226,5,5,5,4,1,2,0,0,1
G:\Thesis\FACET_Dataset\Segmented_FACET_0.2_fixed_label\sa_4678099.jpg,5,5,4,1,0.5709553360939026,6,6,6,5,1,1,0,1,1
G:\Thesis\FACET_Dataset\Segmented_FACET_0.2_fixed_label\sa_8979198.jpg,2,2,1,0,0.32453036308288574,4,4,4,3,1,2,0,0,0
G:\Thesis\FACET_Dataset\Segmented_FACET_0.2_fixed_label\sa_9296641.jpg,2,2,1,0,0.2292560487985611,3,3,3,2,0,1,0,1,1
G:\Thesis\FACET_Dataset\Segmented_FACET_0.2_fixed_label\sa_2618454.jpg,4,4,3,1,0.48138630390167236,5,5,5,4,1,1,0,1,1
G:\Thesis\FACET_Dataset\Segmented_FACET_0.2_fixed_label\sa_7498680.jpg,6,6,5,1,0.44861525297164917,5,5,5,4,1,1,0,1,1
G:\Thesis\FACET_Dataset\Segmented_FACET_0.2_fixed_label\sa_7162201.jpg,3,3,2,0,0.19612151384353638,3,3,3,2,0,0,1,1,1
G:\Thesis\FACET_Dataset\Segmented_FACET_0.2_fixed_label\sa_9913515.jpg,3,3,2,0,0.4334176480770111,5,5,5,4,1,2,0,0,0
G:\Thesis\FACET_Dataset\Segmented_FACET_0.2_fixed_label\sa_545594.jpg,3,3,2,0,0.17189760506153107,3,3,3,2,0,0,1,1,1
G:\Thesis\FACET_Dataset\Segmented_FACET_0.2_fixed_label\sa_974197.jpg,3,3,2,0,0.371087908744812,4,4,4,3,1,1,0,1,0
G:\Thesis\FACET_Dataset\Segmented_FACET_0.2_fixed_label\sa_1863172.jpg,3,3,2,0,0.33699294924736023,4,4,4,3,1,1,0,1,0
G:\Thesis\FACET_Dataset\Segmented_FACET_0.2_fixed_label\sa_6146563.jpg,4,4,3,1,0.33899766206741333,4,4,4,3,1,0,1,1,1
G:\Thesis\FACET_Dataset\Segmented_FACET_0.2_fixed_label\sa_9435674.jpg,3,3,2,0,0.4039216637611389,5,5,5,4,1,2,0,0,0
G:\Thesis\FACET_Dataset\Segmented_FACET_0.2_fixed_label\sa_2634488.jpg,4,4,3,1,0.40117961168289185,5,5,5,4,1,1,0,1,1
G:\Thesis\FACET_Dataset\Segmented_FACET_0.2_fixed_label\sa_10425489.jpg,8,8,7,2,0.4179700016975403,5,5,5,4,1,3,0,0,0
G:\Thesis\FACET_Dataset\Segmented_FACET_0.2_fixed_label\sa_629579.jpg,4,4,3,1,0.4246918261051178,5,5,5,4,1,1,0,1,1
G:\Thesis\FACET_Dataset\Segmented_FACET_0.2_fixed_label\sa_3579260.jpg,4,4,3,1,0.3191900849342346,4,4,4,3,1,0,1,1,1
G:\Thesis\FACET_Dataset\Segmented_FACET_0.2_fixed_label\sa_9588623.jpg,2,2,1,0,0.4323929250240326,5,5,5,4,1,3,0,0,0
G:\Thesis\FACET_Dataset\Segmented_FACET_0.2_fixed_label\sa_10235089.jpg,3,3,2,0,0.3411959111690521,4,4,4,3,1,1,0,1,0
G:\Thesis\FACET_Dataset\Segmented_FACET_0.2_fixed_label\sa_6857312.jpg,6,6,5,1,0.4607982933521271,5,5,5,4,1,1,0,1,1
G:\Thesis\FACET_Dataset\Segmented_FACET_0.2_fixed_label\sa_10789209.jpg,6,6,5,1,0.5490452647209167,6,6,6,5,1,0,1,1,1
G:\Thesis\FACET_Dataset\Segmented_FACET_0.2_fixed_label\sa_8293466.jpg,5,5,4,1,0.6640952825546265,7,7,7,6,1,2,0,0,1
G:\Thesis\FACET_Dataset\Segmented_FACET_0.2_fixed_label\sa_1174613.jpg,4,4,3,1,0.4052472412586212,5,5,5,4,1,1,0,1,1
G:\Thesis\FACET_Dataset\Segmented_FACET_0.2_fixed_label\sa_6909647.jpg,4,4,3,1,0.3870784640312195,4,4,4,3,1,0,1,1,1
G:\Thesis\FACET_Dataset\Segmented_FACET_0.2_fixed_label\sa_11084494.jpg,3,3,2,0,0.47986114025115967,5,5,5,4,1,2,0,0,0
G:\Thesis\FACET_Dataset\Segmented_FACET_0.2_fixed_label\sa_9215947.jpg,3,3,2,0,0.5244343876838684,6,6,6,5,1,3,0,0,0
G:\Thesis\FACET_Dataset\Segmented_FACET_0.2_fixed_label\sa_7616093.jpg,3,3,2,0,0.4806029796600342,5,5,5,4,1,2,0,0,0
G:\Thesis\FACET_Dataset\Segmented_FACET_0.2_fixed_label\sa_2051647.jpg,3,3,2,0,0.24624957144260406,3,3,3,2,0,0,1,1,1
G:\Thesis\FACET_Dataset\Segmented_FACET_0.2_fixed_label\sa_3006854.jpg,3,3,2,0,0.374529629945755,4,4,4,3,1,1,0,1,0
G:\Thesis\FACET_Dataset\Segmented_FACET_0.2_fixed_label\sa_9938142.jpg,3,3,2,0,0.5268822908401489,6,6,6,5,1,3,0,0,0
G:\Thesis\FACET_Dataset\Segmented_FACET_0.2_fixed_label\sa_4455432.jpg,6,6,5,1,0.7331838607788086,8,8,8,7,2,2,0,0,0
G:\Thesis\FACET_Dataset\Segmented_FACET_0.2_fixed_label\sa_10190599.jpg,3,3,2,0,0.4277244508266449,5,5,5,4,1,2,0,0,0
G:\Thesis\FACET_Dataset\Segmented_FACET_0.2_fixed_label\sa_899284.jpg,4,4,3,1,0.2563345432281494,3,3,3,2,0,1,0,1,0
G:\Thesis\FACET_Dataset\Segmented_FACET_0.2_fixed_label\sa_10277350.jpg,6,6,5,1,0.4479335844516754,5,5,5,4,1,1,0,1,1
G:\Thesis\FACET_Dataset\Segmented_FACET_0.2_fixed_label\sa_210624.jpg,3,3,2,0,0.3879427909851074,4,4,4,3,1,1,0,1,0
G:\Thesis\FACET_Dataset\Segmented_FACET_0.2_fixed_label\sa_1282877.jpg,2,2,1,0,0.12154489010572433,2,2,2,1,0,0,1,1,1
G:\Thesis\FACET_Dataset\Segmented_FACET_0.2_fixed_label\sa_11135578.jpg,4,4,3,1,0.5205382108688354,6,6,6,5,1,2,0,0,1
G:\Thesis\FACET_Dataset\Segmented_FACET_0.2_fixed_label\sa_6075783.jpg,2,2,1,0,0.5991997122764587,6,6,6,5,1,4,0,0,0
G:\Thesis\FACET_Dataset\Segmented_FACET_0.2_fixed_label\sa_6620736.jpg,1,1,0,0,0.5393891930580139,6,6,6,5,1,5,0,0,0
G:\Thesis\FACET_Dataset\Segmented_FACET_0.2_fixed_label\sa_9799688.jpg,2,2,1,0,0.3552332818508148,4,4,4,3,1,2,0,0,0
G:\Thesis\FACET_Dataset\Segmented_FACET_0.2_fixed_label\sa_9580997.jpg,5,5,4,1,0.5211973786354065,6,6,6,5,1,1,0,1,1
G:\Thesis\FACET_Dataset\Segmented_FACET_0.2_fixed_label\sa_8420496.jpg,4,4,3,1,0.36533793807029724,4,4,4,3,1,0,1,1,1
G:\Thesis\FACET_Dataset\Segmented_FACET_0.2_fixed_label\sa_8744555.jpg,2,2,1,0,0.4408856928348541,5,5,5,4,1,3,0,0,0
G:\Thesis\FACET_Dataset\Segmented_FACET_0.2_fixed_label\sa_4091201.jpg,2,2,1,0,0.4851038455963135,5,5,5,4,1,3,0,0,0
G:\Thesis\FACET_Dataset\Segmented_FACET_0.2_fixed_label\sa_350837.jpg,3,3,2,0,0.30429697036743164,4,4,4,3,1,1,0,1,0
G:\Thesis\FACET_Dataset\Segmented_FACET_0.2_fixed_label\sa_5328957.jpg,6,6,5,1,0.4908955693244934,5,5,5,4,1,1,0,1,1
G:\Thesis\FACET_Dataset\Segmented_FACET_0.2_fixed_label\sa_4577723.jpg,5,5,4,1,0.3194520175457001,4,4,4,3,1,1,0,1,1
G:\Thesis\FACET_Dataset\Segmented_FACET_0.2_fixed_label\sa_1235335.jpg,6,6,5,1,0.6071540713310242,6,6,6,5,1,0,1,1,1
G:\Thesis\FACET_Dataset\Segmented_FACET_0.2_fixed_label\sa_6069199.jpg,6,6,5,1,0.511443018913269,6,6,6,5,1,0,1,1,1
G:\Thesis\FACET_Dataset\Segmented_FACET_0.2_fixed_label\sa_944036.jpg,3,3,2,0,0.49181678891181946,5,5,5,4,1,2,0,0,0
G:\Thesis\FACET_Dataset\Segmented_FACET_0.2_fixed_label\sa_4272216.jpg,2,2,1,0,0.33204856514930725,4,4,4,3,1,2,0,0,0
G:\Thesis\FACET_Dataset\Segmented_FACET_0.2_fixed_label\sa_870796.jpg,3,3,2,0,0.29165107011795044,4,4,4,3,1,1,0,1,0
G:\Thesis\FACET_Dataset\Segmented_FACET_0.2_fixed_label\sa_11070013.jpg,3,3,2,0,0.39179959893226624,5,5,5,4,1,2,0,0,0
G:\Thesis\FACET_Dataset\Segmented_FACET_0.2_fixed_label\sa_9889742.jpg,5,5,4,1,0.5176807641983032,6,6,6,5,1,1,0,1,1
G:\Thesis\FACET_Dataset\Segmented_FACET_0.2_fixed_label\sa_6230343.jpg,4,4,3,1,0.49772557616233826,5,5,5,4,1,1,0,1,1
G:\Thesis\FACET_Dataset\Segmented_FACET_0.2_fixed_label\sa_4244420.jpg,6,6,5,1,0.4269726276397705,5,5,5,4,1,1,0,1,1
G:\Thesis\FACET_Dataset\Segmented_FACET_0.2_fixed_label\sa_5092276.jpg,4,4,3,1,0.36442089080810547,4,4,4,3,1,0,1,1,1
G:\Thesis\FACET_Dataset\Segmented_FACET_0.2_fixed_label\sa_2507958.jpg,3,3,2,0,0.508908212184906,6,6,6,5,1,3,0,0,0
G:\Thesis\FACET_Dataset\Segmented_FACET_0.2_fixed_label\sa_10665143.jpg,9,9,8,2,0.5709339380264282,6,6,6,5,1,3,0,0,0
G:\Thesis\FACET_Dataset\Segmented_FACET_0.2_fixed_label\sa_2281927.jpg,4,4,3,1,0.3165118396282196,4,4,4,3,1,0,1,1,1
G:\Thesis\FACET_Dataset\Segmented_FACET_0.2_fixed_label\sa_651791.jpg,2,2,1,0,0.45226603746414185,5,5,5,4,1,3,0,0,0
G:\Thesis\FACET_Dataset\Segmented_FACET_0.2_fixed_label\sa_5300110.jpg,7,7,6,1,0.48113346099853516,5,5,5,4,1,2,0,0,1
G:\Thesis\FACET_Dataset\Segmented_FACET_0.2_fixed_label\sa_2372177.jpg,7,7,6,1,0.4960947036743164,5,5,5,4,1,2,0,0,1
G:\Thesis\FACET_Dataset\Segmented_FACET_0.2_fixed_label\sa_9131252.jpg,2,2,1,0,0.4448699653148651,5,5,5,4,1,3,0,0,0
G:\Thesis\FACET_Dataset\Segmented_FACET_0.2_fixed_label\sa_6440016.jpg,5,5,4,1,0.4626941680908203,5,5,5,4,1,0,1,1,1
G:\Thesis\FACET_Dataset\Segmented_FACET_0.2_fixed_label\sa_8269547.jpg,2,2,1,0,0.42977309226989746,5,5,5,4,1,3,0,0,0
G:\Thesis\FACET_Dataset\Segmented_FACET_0.2_fixed_label\sa_4322243.jpg,2,2,1,0,0.21998418867588043,3,3,3,2,0,1,0,1,1
G:\Thesis\FACET_Dataset\Segmented_FACET_0.2_fixed_label\sa_2710563.jpg,3,3,2,0,0.43860751390457153,5,5,5,4,1,2,0,0,0
G:\Thesis\FACET_Dataset\Segmented_FACET_0.2_fixed_label\sa_3488589.jpg,6,6,5,1,0.5067552924156189,6,6,6,5,1,0,1,1,1
G:\Thesis\FACET_Dataset\Segmented_FACET_0.2_fixed_label\sa_8396142.jpg,7,7,6,1,0.6512897610664368,7,7,7,6,1,0,1,1,1
G:\Thesis\FACET_Dataset\Segmented_FACET_0.2_fixed_label\sa_3787423.jpg,7,7,6,1,0.6128844022750854,7,7,7,6,1,0,1,1,1
G:\Thesis\FACET_Dataset\Segmented_FACET_0.2_fixed_label\sa_2922016.jpg,3,3,2,0,0.45216676592826843,5,5,5,4,1,2,0,0,0
G:\Thesis\FACET_Dataset\Segmented_FACET_0.2_fixed_label\sa_1545952.jpg,3,3,2,0,0.43888959288597107,5,5,5,4,1,2,0,0,0
G:\Thesis\FACET_Dataset\Segmented_FACET_0.2_fixed_label\sa_3496750.jpg,2,2,1,0,0.08767934143543243,2,2,2,1,0,0,1,1,1
G:\Thesis\FACET_Dataset\Segmented_FACET_0.2_fixed_label\sa_7664651.jpg,3,3,2,0,0.3430628180503845,4,4,4,3,1,1,0,1,0
G:\Thesis\FACET_Dataset\Segmented_FACET_0.2_fixed_label\sa_1816074.jpg,2,2,1,0,0.4519139230251312,5,5,5,4,1,3,0,0,0
G:\Thesis\FACET_Dataset\Segmented_FACET_0.2_fixed_label\sa_1909023.jpg,3,3,2,0,0.2756654620170593,3,3,3,2,0,0,1,1,1
G:\Thesis\FACET_Dataset\Segmented_FACET_0.2_fixed_label\sa_4194517.jpg,3,3,2,0,0.32633650302886963,4,4,4,3,1,1,0,1,0
G:\Thesis\FACET_Dataset\Segmented_FACET_0.2_fixed_label\sa_7382036.jpg,6,6,5,1,0.4792141914367676,5,5,5,4,1,1,0,1,1
G:\Thesis\FACET_Dataset\Segmented_FACET_0.2_fixed_label\sa_4808180.jpg,2,2,1,0,0.4954656958580017,5,5,5,4,1,3,0,0,0
G:\Thesis\FACET_Dataset\Segmented_FACET_0.2_fixed_label\sa_9527858.jpg,4,4,3,1,0.38906344771385193,5,5,5,4,1,1,0,1,1
G:\Thesis\FACET_Dataset\Segmented_FACET_0.2_fixed_label\sa_1608469.jpg,2,2,1,0,0.26243504881858826,3,3,3,2,0,1,0,1,1
G:\Thesis\FACET_Dataset\Segmented_FACET_0.2_fixed_label\sa_7480499.jpg,3,3,2,0,0.17350907623767853,3,3,3,2,0,0,1,1,1
G:\Thesis\FACET_Dataset\Segmented_FACET_0.2_fixed_label\sa_10377021.jpg,5,5,4,1,0.46372708678245544,5,5,5,4,1,0,1,1,1
G:\Thesis\FACET_Dataset\Segmented_FACET_0.2_fixed_label\sa_6414457.jpg,2,2,1,0,0.39253219962120056,5,5,5,4,1,3,0,0,0
G:\Thesis\FACET_Dataset\Segmented_FACET_0.2_fixed_label\sa_3436418.jpg,3,3,2,0,0.24955102801322937,3,3,3,2,0,0,1,1,1
G:\Thesis\FACET_Dataset\Segmented_FACET_0.2_fixed_label\sa_9729048.jpg,3,3,2,0,0.5084370374679565,6,6,6,5,1,3,0,0,0
G:\Thesis\FACET_Dataset\Segmented_FACET_0.2_fixed_label\sa_1809016.jpg,3,3,2,0,0.5822710394859314,6,6,6,5,1,3,0,0,0
G:\Thesis\FACET_Dataset\Segmented_FACET_0.2_fixed_label\sa_5825910.jpg,3,3,2,0,0.15677836537361145,2,2,2,1,0,1,0,1,1
G:\Thesis\FACET_Dataset\Segmented_FACET_0.2_fixed_label\sa_9100667.jpg,3,3,2,0,0.34447363018989563,4,4,4,3,1,1,0,1,0
G:\Thesis\FACET_Dataset\Segmented_FACET_0.2_fixed_label\sa_9597696.jpg,3,3,2,0,0.1405356228351593,2,2,2,1,0,1,0,1,1
G:\Thesis\FACET_Dataset\Segmented_FACET_0.2_fixed_label\sa_7493288.jpg,2,2,1,0,0.399623304605484,5,5,5,4,1,3,0,0,0
G:\Thesis\FACET_Dataset\Segmented_FACET_0.2_fixed_label\sa_3963132.jpg,3,3,2,0,0.5434754490852356,6,6,6,5,1,3,0,0,0
G:\Thesis\FACET_Dataset\Segmented_FACET_0.2_fixed_label\sa_5936767.jpg,2,2,1,0,0.2889723479747772,4,4,4,3,1,2,0,0,0
G:\Thesis\FACET_Dataset\Segmented_FACET_0.2_fixed_label\sa_6049073.jpg,3,3,2,0,0.2086191326379776,3,3,3,2,0,0,1,1,1
G:\Thesis\FACET_Dataset\Segmented_FACET_0.2_fixed_label\sa_4792156.jpg,3,3,2,0,0.23396295309066772,3,3,3,2,0,0,1,1,1
G:\Thesis\FACET_Dataset\Segmented_FACET_0.2_fixed_label\sa_10071874.jpg,2,2,1,0,0.2881048917770386,4,4,4,3,1,2,0,0,0
G:\Thesis\FACET_Dataset\Segmented_FACET_0.2_fixed_label\sa_4128503.jpg,3,3,2,0,0.4013517498970032,5,5,5,4,1,2,0,0,0
G:\Thesis\FACET_Dataset\Segmented_FACET_0.2_fixed_label\sa_2727106.jpg,3,3,2,0,0.4603758156299591,5,5,5,4,1,2,0,0,0
G:\Thesis\FACET_Dataset\Segmented_FACET_0.2_fixed_label\sa_619947.jpg,8,8,7,2,0.39767253398895264,5,5,5,4,1,3,0,0,0
G:\Thesis\FACET_Dataset\Segmented_FACET_0.2_fixed_label\sa_4294278.jpg,3,3,2,0,0.3019544780254364,4,4,4,3,1,1,0,1,0
G:\Thesis\FACET_Dataset\Segmented_FACET_0.2_fixed_label\sa_5546260.jpg,5,5,4,1,0.5384594202041626,6,6,6,5,1,1,0,1,1
G:\Thesis\FACET_Dataset\Segmented_FACET_0.2_fixed_label\sa_5922023.jpg,3,3,2,0,0.24081899225711823,3,3,3,2,0,0,1,1,1
G:\Thesis\FACET_Dataset\Segmented_FACET_0.2_fixed_label\sa_3802557.jpg,2,2,1,0,0.2830715477466583,4,4,4,3,1,2,0,0,0
G:\Thesis\FACET_Dataset\Segmented_FACET_0.2_fixed_label\sa_3285842.jpg,7,7,6,1,0.44314494729042053,5,5,5,4,1,2,0,0,1
G:\Thesis\FACET_Dataset\Segmented_FACET_0.2_fixed_label\sa_6606232.jpg,2,2,1,0,0.37231364846229553,4,4,4,3,1,2,0,0,0
G:\Thesis\FACET_Dataset\Segmented_FACET_0.2_fixed_label\sa_5407149.jpg,2,2,1,0,0.4944365918636322,5,5,5,4,1,3,0,0,0
G:\Thesis\FACET_Dataset\Segmented_FACET_0.2_fixed_label\sa_10240335.jpg,3,3,2,0,0.5521987676620483,6,6,6,5,1,3,0,0,0
G:\Thesis\FACET_Dataset\Segmented_FACET_0.2_fixed_label\sa_1281876.jpg,2,2,1,0,0.5877485275268555,6,6,6,5,1,4,0,0,0
G:\Thesis\FACET_Dataset\Segmented_FACET_0.2_fixed_label\sa_10376905.jpg,3,3,2,0,0.4571218192577362,5,5,5,4,1,2,0,0,0
G:\Thesis\FACET_Dataset\Segmented_FACET_0.2_fixed_label\sa_9309029.jpg,9,9,8,2,0.39845985174179077,5,5,5,4,1,4,0,0,0
G:\Thesis\FACET_Dataset\Segmented_FACET_0.2_fixed_label\sa_6069498.jpg,6,6,5,1,0.5270927548408508,6,6,6,5,1,0,1,1,1
G:\Thesis\FACET_Dataset\Segmented_FACET_0.2_fixed_label\sa_4843615.jpg,3,3,2,0,0.2953028976917267,4,4,4,3,1,1,0,1,0
G:\Thesis\FACET_Dataset\Segmented_FACET_0.2_fixed_label\sa_10944498.jpg,3,3,2,0,0.61152184009552,7,7,7,6,1,4,0,0,0
G:\Thesis\FACET_Dataset\Segmented_FACET_0.2_fixed_label\sa_839106.jpg,1,1,0,0,0.37943294644355774,4,4,4,3,1,3,0,0,0
G:\Thesis\FACET_Dataset\Segmented_FACET_0.2_fixed_label\sa_10243045.jpg,5,5,4,1,0.5300815105438232,6,6,6,5,1,1,0,1,1
G:\Thesis\FACET_Dataset\Segmented_FACET_0.2_fixed_label\sa_1276128.jpg,3,3,2,0,0.3976540267467499,5,5,5,4,1,2,0,0,0
G:\Thesis\FACET_Dataset\Segmented_FACET_0.2_fixed_label\sa_3769342.jpg,3,3,2,0,0.49731776118278503,5,5,5,4,1,2,0,0,0
G:\Thesis\FACET_Dataset\Segmented_FACET_0.2_fixed_label\sa_11047388.jpg,2,2,1,0,0.3276596963405609,4,4,4,3,1,2,0,0,0
G:\Thesis\FACET_Dataset\Segmented_FACET_0.2_fixed_label\sa_3612157.jpg,3,3,2,0,0.19847533106803894,3,3,3,2,0,0,1,1,1
G:\Thesis\FACET_Dataset\Segmented_FACET_0.2_fixed_label\sa_1320082.jpg,5,5,4,1,0.37493985891342163,4,4,4,3,1,1,0,1,1
G:\Thesis\FACET_Dataset\Segmented_FACET_0.2_fixed_label\sa_4408822.jpg,2,2,1,0,0.162449449300766,2,2,2,1,0,0,1,1,1
G:\Thesis\FACET_Dataset\Segmented_FACET_0.2_fixed_label\sa_6857312.jpg,6,6,5,1,0.4607982933521271,5,5,5,4,1,1,0,1,1
G:\Thesis\FACET_Dataset\Segmented_FACET_0.2_fixed_label\sa_7145981.jpg,5,5,4,1,0.5129842162132263,6,6,6,5,1,1,0,1,1
G:\Thesis\FACET_Dataset\Segmented_FACET_0.2_fixed_label\sa_1756709.jpg,4,4,3,1,0.476982057094574,5,5,5,4,1,1,0,1,1
G:\Thesis\FACET_Dataset\Segmented_FACET_0.2_fixed_label\sa_6418033.jpg,4,4,3,1,0.5434423685073853,6,6,6,5,1,2,0,0,1
G:\Thesis\FACET_Dataset\Segmented_FACET_0.2_fixed_label\sa_8552803.jpg,3,3,2,0,0.4397689998149872,5,5,5,4,1,2,0,0,0
G:\Thesis\FACET_Dataset\Segmented_FACET_0.2_fixed_label\sa_10022161.jpg,4,4,3,1,0.46365711092948914,5,5,5,4,1,1,0,1,1
G:\Thesis\FACET_Dataset\Segmented_FACET_0.2_fixed_label\sa_25380.jpg,3,3,2,0,0.18663153052330017,3,3,3,2,0,0,1,1,1
G:\Thesis\FACET_Dataset\Segmented_FACET_0.2_fixed_label\sa_5031926.jpg,4,4,3,1,0.3409908413887024,4,4,4,3,1,0,1,1,1
G:\Thesis\FACET_Dataset\Segmented_FACET_0.2_fixed_label\sa_7823353.jpg,8,8,7,2,0.5922644734382629,6,6,6,5,1,2,0,0,0
G:\Thesis\FACET_Dataset\Segmented_FACET_0.2_fixed_label\sa_438352.jpg,4,4,3,1,0.3902674913406372,5,5,5,4,1,1,0,1,1
G:\Thesis\FACET_Dataset\Segmented_FACET_0.2_fixed_label\sa_10168183.jpg,6,6,5,1,0.3566591143608093,4,4,4,3,1,2,0,0,1
G:\Thesis\FACET_Dataset\Segmented_FACET_0.2_fixed_label\sa_9765418.jpg,3,3,2,0,0.3814358711242676,4,4,4,3,1,1,0,1,0
G:\Thesis\FACET_Dataset\Segmented_FACET_0.2_fixed_label\sa_6280313.jpg,2,2,1,0,0.3208053410053253,4,4,4,3,1,2,0,0,0
G:\Thesis\FACET_Dataset\Segmented_FACET_0.2_fixed_label\sa_7653623.jpg,2,2,1,0,0.3407287895679474,4,4,4,3,1,2,0,0,0
G:\Thesis\FACET_Dataset\Segmented_FACET_0.2_fixed_label\sa_6876737.jpg,4,4,3,1,0.5699455738067627,6,6,6,5,1,2,0,0,1
G:\Thesis\FACET_Dataset\Segmented_FACET_0.2_fixed_label\sa_411527.jpg,6,6,5,1,0.5919748544692993,6,6,6,5,1,0,1,1,1
G:\Thesis\FACET_Dataset\Segmented_FACET_0.2_fixed_label\sa_4912915.jpg,3,3,2,0,0.507836103439331,6,6,6,5,1,3,0,0,0
G:\Thesis\FACET_Dataset\Segmented_FACET_0.2_fixed_label\sa_2942190.jpg,3,3,2,0,0.4236289858818054,5,5,5,4,1,2,0,0,0
G:\Thesis\FACET_Dataset\Segmented_FACET_0.2_fixed_label\sa_4445927.jpg,5,5,4,1,0.26359081268310547,3,3,3,2,0,2,0,0,0
G:\Thesis\FACET_Dataset\Segmented_FACET_0.2_fixed_label\sa_4979838.jpg,5,5,4,1,0.5846104621887207,6,6,6,5,1,1,0,1,1
G:\Thesis\FACET_Dataset\Segmented_FACET_0.2_fixed_label\sa_7266316.jpg,3,3,2,0,0.46993371844291687,5,5,5,4,1,2,0,0,0
G:\Thesis\FACET_Dataset\Segmented_FACET_0.2_fixed_label\sa_670066.jpg,5,5,4,1,0.5120644569396973,6,6,6,5,1,1,0,1,1
G:\Thesis\FACET_Dataset\Segmented_FACET_0.2_fixed_label\sa_8313751.jpg,2,2,1,0,0.3582800328731537,4,4,4,3,1,2,0,0,0
G:\Thesis\FACET_Dataset\Segmented_FACET_0.2_fixed_label\sa_9354133.jpg,3,3,2,0,0.4109603464603424,5,5,5,4,1,2,0,0,0
G:\Thesis\FACET_Dataset\Segmented_FACET_0.2_fixed_label\sa_5678381.jpg,6,6,5,1,0.3867484927177429,4,4,4,3,1,2,0,0,1
G:\Thesis\FACET_Dataset\Segmented_FACET_0.2_fixed_label\sa_1625191.jpg,2,2,1,0,0.3286246359348297,4,4,4,3,1,2,0,0,0
G:\Thesis\FACET_Dataset\Segmented_FACET_0.2_fixed_label\sa_5484129.jpg,4,4,3,1,0.5766782760620117,6,6,6,5,1,2,0,0,1
G:\Thesis\FACET_Dataset\Segmented_FACET_0.2_fixed_label\sa_10369497.jpg,9,9,8,2,0.6756901144981384,7,7,7,6,1,2,0,0,0
G:\Thesis\FACET_Dataset\Segmented_FACET_0.2_fixed_label\sa_6707836.jpg,4,4,3,1,0.26319828629493713,3,3,3,2,0,1,0,1,0
G:\Thesis\FACET_Dataset\Segmented_FACET_0.2_fixed_label\sa_579010.jpg,4,4,3,1,0.5652331113815308,6,6,6,5,1,2,0,0,1
G:\Thesis\FACET_Dataset\Segmented_FACET_0.2_fixed_label\sa_2503775.jpg,8,8,7,2,0.6688934564590454,7,7,7,6,1,1,0,1,0
G:\Thesis\FACET_Dataset\Segmented_FACET_0.2_fixed_label\sa_3513876.jpg,3,3,2,0,0.30397582054138184,4,4,4,3,1,1,0,1,0
G:\Thesis\FACET_Dataset\Segmented_FACET_0.2_fixed_label\sa_11039006.jpg,6,6,5,1,0.5325251817703247,6,6,6,5,1,0,1,1,1
G:\Thesis\FACET_Dataset\Segmented_FACET_0.2_fixed_label\sa_10418756.jpg,3,3,2,0,0.3154190480709076,4,4,4,3,1,1,0,1,0
G:\Thesis\FACET_Dataset\Segmented_FACET_0.2_fixed_label\sa_1436047.jpg,5,5,4,1,0.3833385407924652,4,4,4,3,1,1,0,1,1
G:\Thesis\FACET_Dataset\Segmented_FACET_0.2_fixed_label\sa_5765006.jpg,1,1,0,0,0.31848299503326416,4,4,4,3,1,3,0,0,0
G:\Thesis\FACET_Dataset\Segmented_FACET_0.2_fixed_label\sa_1879225.jpg,2,2,1,0,0.3106691241264343,4,4,4,3,1,2,0,0,0
G:\Thesis\FACET_Dataset\Segmented_FACET_0.2_fixed_label\sa_9144359.jpg,2,2,1,0,0.21866464614868164,3,3,3,2,0,1,0,1,1
G:\Thesis\FACET_Dataset\Segmented_FACET_0.2_fixed_label\sa_4113099.jpg,4,4,3,1,0.49908632040023804,5,5,5,4,1,1,0,1,1
G:\Thesis\FACET_Dataset\Segmented_FACET_0.2_fixed_label\sa_921085.jpg,5,5,4,1,0.39351320266723633,5,5,5,4,1,0,1,1,1
G:\Thesis\FACET_Dataset\Segmented_FACET_0.2_fixed_label\sa_3276906.jpg,2,2,1,0,0.28382375836372375,4,4,4,3,1,2,0,0,0
G:\Thesis\FACET_Dataset\Segmented_FACET_0.2_fixed_label\sa_7474900.jpg,3,3,2,0,0.5342825651168823,6,6,6,5,1,3,0,0,0
G:\Thesis\FACET_Dataset\Segmented_FACET_0.2_fixed_label\sa_2864579.jpg,4,4,3,1,0.4855753183364868,5,5,5,4,1,1,0,1,1
G:\Thesis\FACET_Dataset\Segmented_FACET_0.2_fixed_label\sa_2444031.jpg,4,4,3,1,0.4100787937641144,5,5,5,4,1,1,0,1,1
G:\Thesis\FACET_Dataset\Segmented_FACET_0.2_fixed_label\sa_707545.jpg,2,2,1,0,0.42121991515159607,5,5,5,4,1,3,0,0,0
G:\Thesis\FACET_Dataset\Segmented_FACET_0.2_fixed_label\sa_4901735.jpg,6,6,5,1,0.40702271461486816,5,5,5,4,1,1,0,1,1
G:\Thesis\FACET_Dataset\Segmented_FACET_0.2_fixed_label\sa_6380782.jpg,2,2,1,0,0.4445860683917999,5,5,5,4,1,3,0,0,0
G:\Thesis\FACET_Dataset\Segmented_FACET_0.2_fixed_label\sa_5485846.jpg,3,3,2,0,0.5353801250457764,6,6,6,5,1,3,0,0,0
G:\Thesis\FACET_Dataset\Segmented_FACET_0.2_fixed_label\sa_2041818.jpg,2,2,1,0,0.454618364572525,5,5,5,4,1,3,0,0,0
G:\Thesis\FACET_Dataset\Segmented_FACET_0.2_fixed_label\sa_733589.jpg,5,5,4,1,0.43396231532096863,5,5,5,4,1,0,1,1,1
G:\Thesis\FACET_Dataset\Segmented_FACET_0.2_fixed_label\sa_10890103.jpg,4,4,3,1,0.418718159198761,5,5,5,4,1,1,0,1,1
G:\Thesis\FACET_Dataset\Segmented_FACET_0.2_fixed_label\sa_9131252.jpg,3,3,2,0,0.4448699653148651,5,5,5,4,1,2,0,0,0
G:\Thesis\FACET_Dataset\Segmented_FACET_0.2_fixed_label\sa_3995832.jpg,3,3,2,0,0.3534451127052307,4,4,4,3,1,1,0,1,0
G:\Thesis\FACET_Dataset\Segmented_FACET_0.2_fixed_label\sa_6267865.jpg,6,6,5,1,0.5274666547775269,6,6,6,5,1,0,1,1,1
G:\Thesis\FACET_Dataset\Segmented_FACET_0.2_fixed_label\sa_354339.jpg,6,6,5,1,0.4859829545021057,5,5,5,4,1,1,0,1,1
G:\Thesis\FACET_Dataset\Segmented_FACET_0.2_fixed_label\sa_8484678.jpg,2,2,1,0,0.21597768366336823,3,3,3,2,0,1,0,1,1
G:\Thesis\FACET_Dataset\Segmented_FACET_0.2_fixed_label\sa_2731103.jpg,3,3,2,0,0.268362432718277,3,3,3,2,0,0,1,1,1
G:\Thesis\FACET_Dataset\Segmented_FACET_0.2_fixed_label\sa_5534419.jpg,3,3,2,0,0.6283426284790039,7,7,7,6,1,4,0,0,0
G:\Thesis\FACET_Dataset\Segmented_FACET_0.2_fixed_label\sa_617592.jpg,6,6,5,1,0.5840896964073181,6,6,6,5,1,0,1,1,1
G:\Thesis\FACET_Dataset\Segmented_FACET_0.2_fixed_label\sa_4092765.jpg,6,6,5,1,0.4424622058868408,5,5,5,4,1,1,0,1,1
G:\Thesis\FACET_Dataset\Segmented_FACET_0.2_fixed_label\sa_411527.jpg,6,6,5,1,0.5919748544692993,6,6,6,5,1,0,1,1,1
G:\Thesis\FACET_Dataset\Segmented_FACET_0.2_fixed_label\sa_6718093.jpg,3,3,2,0,0.40709057450294495,5,5,5,4,1,2,0,0,0
G:\Thesis\FACET_Dataset\Segmented_FACET_0.2_fixed_label\sa_3874742.jpg,4,4,3,1,0.5207542777061462,6,6,6,5,1,2,0,0,1
G:\Thesis\FACET_Dataset\Segmented_FACET_0.2_fixed_label\sa_2162147.jpg,3,3,2,0,0.42373213171958923,5,5,5,4,1,2,0,0,0
G:\Thesis\FACET_Dataset\Segmented_FACET_0.2_fixed_label\sa_1130155.jpg,4,4,3,1,0.31281962990760803,4,4,4,3,1,0,1,1,1
G:\Thesis\FACET_Dataset\Segmented_FACET_0.2_fixed_label\sa_6847085.jpg,4,4,3,1,0.3951534330844879,5,5,5,4,1,1,0,1,1
G:\Thesis\FACET_Dataset\Segmented_FACET_0.2_fixed_label\sa_6969565.jpg,3,3,2,0,0.26720333099365234,3,3,3,2,0,0,1,1,1
G:\Thesis\FACET_Dataset\Segmented_FACET_0.2_fixed_label\sa_4149259.jpg,3,3,2,0,0.2508968114852905,3,3,3,2,0,0,1,1,1
G:\Thesis\FACET_Dataset\Segmented_FACET_0.2_fixed_label\sa_5512247.jpg,3,3,2,0,0.31305569410324097,4,4,4,3,1,1,0,1,0
G:\Thesis\FACET_Dataset\Segmented_FACET_0.2_fixed_label\sa_9138612.jpg,5,5,4,1,0.3999863564968109,5,5,5,4,1,0,1,1,1
G:\Thesis\FACET_Dataset\Segmented_FACET_0.2_fixed_label\sa_7519721.jpg,2,2,1,0,0.38262277841567993,4,4,4,3,1,2,0,0,0
G:\Thesis\FACET_Dataset\Segmented_FACET_0.2_fixed_label\sa_8314909.jpg,2,2,1,0,0.20609688758850098,3,3,3,2,0,1,0,1,1
G:\Thesis\FACET_Dataset\Segmented_FACET_0.2_fixed_label\sa_3826712.jpg,2,2,1,0,0.3493589460849762,4,4,4,3,1,2,0,0,0
G:\Thesis\FACET_Dataset\Segmented_FACET_0.2_fixed_label\sa_1920087.jpg,7,7,6,1,0.5752226114273071,6,6,6,5,1,1,0,1,1
G:\Thesis\FACET_Dataset\Segmented_FACET_0.2_fixed_label\sa_165670.jpg,4,4,3,1,0.30747976899147034,4,4,4,3,1,0,1,1,1
G:\Thesis\FACET_Dataset\Segmented_FACET_0.2_fixed_label\sa_5504254.jpg,2,2,1,0,0.28069525957107544,4,4,4,3,1,2,0,0,0
G:\Thesis\FACET_Dataset\Segmented_FACET_0.2_fixed_label\sa_9657164.jpg,6,6,5,1,0.5237939357757568,6,6,6,5,1,0,1,1,1
G:\Thesis\FACET_Dataset\Segmented_FACET_0.2_fixed_label\sa_3544259.jpg,4,4,3,1,0.65373295545578,7,7,7,6,1,3,0,0,1
G:\Thesis\FACET_Dataset\Segmented_FACET_0.2_fixed_label\sa_6405551.jpg,4,4,3,1,0.6592792272567749,7,7,7,6,1,3,0,0,1
G:\Thesis\FACET_Dataset\Segmented_FACET_0.2_fixed_label\sa_10295763.jpg,2,2,1,0,0.3894577920436859,5,5,5,4,1,3,0,0,0
G:\Thesis\FACET_Dataset\Segmented_FACET_0.2_fixed_label\sa_4636248.jpg,3,3,2,0,0.46130165457725525,5,5,5,4,1,2,0,0,0
G:\Thesis\FACET_Dataset\Segmented_FACET_0.2_fixed_label\sa_10457029.jpg,2,2,1,0,0.32141414284706116,4,4,4,3,1,2,0,0,0
G:\Thesis\FACET_Dataset\Segmented_FACET_0.2_fixed_label\sa_7106501.jpg,3,3,2,0,0.506599485874176,6,6,6,5,1,3,0,0,0
G:\Thesis\FACET_Dataset\Segmented_FACET_0.2_fixed_label\sa_3775087.jpg,5,5,4,1,0.30993419885635376,4,4,4,3,1,1,0,1,1
G:\Thesis\FACET_Dataset\Segmented_FACET_0.2_fixed_label\sa_4110462.jpg,7,7,6,1,0.5786495804786682,6,6,6,5,1,1,0,1,1
G:\Thesis\FACET_Dataset\Segmented_FACET_0.2_fixed_label\sa_7925399.jpg,6,6,5,1,0.5152789354324341,6,6,6,5,1,0,1,1,1
G:\Thesis\FACET_Dataset\Segmented_FACET_0.2_fixed_label\sa_4781192.jpg,2,2,1,0,0.5598730444908142,6,6,6,5,1,4,0,0,0
G:\Thesis\FACET_Dataset\Segmented_FACET_0.2_fixed_label\sa_3605845.jpg,2,2,1,0,0.21062549948692322,3,3,3,2,0,1,0,1,1
G:\Thesis\FACET_Dataset\Segmented_FACET_0.2_fixed_label\sa_7818314.jpg,3,3,2,0,0.5724979043006897,6,6,6,5,1,3,0,0,0
G:\Thesis\FACET_Dataset\Segmented_FACET_0.2_fixed_label\sa_2843945.jpg,6,6,5,1,0.49611034989356995,5,5,5,4,1,1,0,1,1
G:\Thesis\FACET_Dataset\Segmented_FACET_0.2_fixed_label\sa_2382829.jpg,6,6,5,1,0.41553208231925964,5,5,5,4,1,1,0,1,1
G:\Thesis\FACET_Dataset\Segmented_FACET_0.2_fixed_label\sa_1625191.jpg,2,2,1,0,0.3286246359348297,4,4,4,3,1,2,0,0,0
G:\Thesis\FACET_Dataset\Segmented_FACET_0.2_fixed_label\sa_10721835.jpg,2,2,1,0,0.32403144240379333,4,4,4,3,1,2,0,0,0
G:\Thesis\FACET_Dataset\Segmented_FACET_0.2_fixed_label\sa_10602863.jpg,2,2,1,0,0.4102891981601715,5,5,5,4,1,3,0,0,0
G:\Thesis\FACET_Dataset\Segmented_FACET_0.2_fixed_label\sa_10044214.jpg,6,6,5,1,0.2790958881378174,4,4,4,3,1,2,0,0,1
G:\Thesis\FACET_Dataset\Segmented_FACET_0.2_fixed_label\sa_7164258.jpg,4,4,3,1,0.4185121953487396,5,5,5,4,1,1,0,1,1
G:\Thesis\FACET_Dataset\Segmented_FACET_0.2_fixed_label\sa_10040081.jpg,2,2,1,0,0.5592536926269531,6,6,6,5,1,4,0,0,0
G:\Thesis\FACET_Dataset\Segmented_FACET_0.2_fixed_label\sa_4984009.jpg,4,4,3,1,0.40939369797706604,5,5,5,4,1,1,0,1,1
G:\Thesis\FACET_Dataset\Segmented_FACET_0.2_fixed_label\sa_9922073.jpg,2,2,1,0,0.5057473182678223,6,6,6,5,1,4,0,0,0
G:\Thesis\FACET_Dataset\Segmented_FACET_0.2_fixed_label\sa_77543.jpg,6,6,5,1,0.4314471483230591,5,5,5,4,1,1,0,1,1
G:\Thesis\FACET_Dataset\Segmented_FACET_0.2_fixed_label\sa_3835234.jpg,3,3,2,0,0.31313636898994446,4,4,4,3,1,1,0,1,0
G:\Thesis\FACET_Dataset\Segmented_FACET_0.2_fixed_label\sa_2272291.jpg,5,5,4,1,0.6124172210693359,7,7,7,6,1,2,0,0,1
G:\Thesis\FACET_Dataset\Segmented_FACET_0.2_fixed_label\sa_3956060.jpg,3,3,2,0,0.5604673624038696,6,6,6,5,1,3,0,0,0
G:\Thesis\FACET_Dataset\Segmented_FACET_0.2_fixed_label\sa_11004967.jpg,3,3,2,0,0.49770236015319824,5,5,5,4,1,2,0,0,0
G:\Thesis\FACET_Dataset\Segmented_FACET_0.2_fixed_label\sa_5754708.jpg,4,4,3,1,0.44649162888526917,5,5,5,4,1,1,0,1,1
G:\Thesis\FACET_Dataset\Segmented_FACET_0.2_fixed_label\sa_10490584.jpg,5,5,4,1,0.44227513670921326,5,5,5,4,1,0,1,1,1
G:\Thesis\FACET_Dataset\Segmented_FACET_0.2_fixed_label\sa_1733255.jpg,2,2,1,0,0.4448382258415222,5,5,5,4,1,3,0,0,0
G:\Thesis\FACET_Dataset\Segmented_FACET_0.2_fixed_label\sa_9490418.jpg,5,5,4,1,0.5987659692764282,6,6,6,5,1,1,0,1,1
G:\Thesis\FACET_Dataset\Segmented_FACET_0.2_fixed_label\sa_4185296.jpg,3,3,2,0,0.29606732726097107,4,4,4,3,1,1,0,1,0
G:\Thesis\FACET_Dataset\Segmented_FACET_0.2_fixed_label\sa_5037130.jpg,3,3,2,0,0.5185914039611816,6,6,6,5,1,3,0,0,0
G:\Thesis\FACET_Dataset\Segmented_FACET_0.2_fixed_label\sa_926092.jpg,4,4,3,1,0.12162785232067108,2,2,2,1,0,2,0,0,0
G:\Thesis\FACET_Dataset\Segmented_FACET_0.2_fixed_label\sa_6249000.jpg,4,4,3,1,0.4185250401496887,5,5,5,4,1,1,0,1,1
G:\Thesis\FACET_Dataset\Segmented_FACET_0.2_fixed_label\sa_3225381.jpg,4,4,3,1,0.4807502329349518,5,5,5,4,1,1,0,1,1
G:\Thesis\FACET_Dataset\Segmented_FACET_0.2_fixed_label\sa_6440016.jpg,7,7,6,1,0.4626941680908203,5,5,5,4,1,2,0,0,1
G:\Thesis\FACET_Dataset\Segmented_FACET_0.2_fixed_label\sa_8036003.jpg,2,2,1,0,0.24314947426319122,3,3,3,2,0,1,0,1,1
G:\Thesis\FACET_Dataset\Segmented_FACET_0.2_fixed_label\sa_8284164.jpg,7,7,6,1,0.3004257380962372,4,4,4,3,1,3,0,0,1
G:\Thesis\FACET_Dataset\Segmented_FACET_0.2_fixed_label\sa_179530.jpg,2,2,1,0,0.20989671349525452,3,3,3,2,0,1,0,1,1
G:\Thesis\FACET_Dataset\Segmented_FACET_0.2_fixed_label\sa_2691838.jpg,2,2,1,0,0.3668098449707031,4,4,4,3,1,2,0,0,0
G:\Thesis\FACET_Dataset\Segmented_FACET_0.2_fixed_label\sa_5053918.jpg,4,4,3,1,0.26884230971336365,3,3,3,2,0,1,0,1,0
G:\Thesis\FACET_Dataset\Segmented_FACET_0.2_fixed_label\sa_8999830.jpg,5,5,4,1,0.4904736876487732,5,5,5,4,1,0,1,1,1
G:\Thesis\FACET_Dataset\Segmented_FACET_0.2_fixed_label\sa_8696432.jpg,2,2,1,0,0.32987743616104126,4,4,4,3,1,2,0,0,0
G:\Thesis\FACET_Dataset\Segmented_FACET_0.2_fixed_label\sa_6964543.jpg,2,2,1,0,0.5122490525245667,6,6,6,5,1,4,0,0,0
G:\Thesis\FACET_Dataset\Segmented_FACET_0.2_fixed_label\sa_4938313.jpg,3,3,2,0,0.4447699189186096,5,5,5,4,1,2,0,0,0
G:\Thesis\FACET_Dataset\Segmented_FACET_0.2_fixed_label\sa_8765513.jpg,6,6,5,1,0.5213080048561096,6,6,6,5,1,0,1,1,1
G:\Thesis\FACET_Dataset\Segmented_FACET_0.2_fixed_label\sa_797339.jpg,5,5,4,1,0.47409379482269287,5,5,5,4,1,0,1,1,1
G:\Thesis\FACET_Dataset\Segmented_FACET_0.2_fixed_label\sa_298962.jpg,4,4,3,1,0.5092830657958984,6,6,6,5,1,2,0,0,1
G:\Thesis\FACET_Dataset\Segmented_FACET_0.2_fixed_label\sa_6101600.jpg,5,5,4,1,0.25762224197387695,3,3,3,2,0,2,0,0,0
G:\Thesis\FACET_Dataset\Segmented_FACET_0.2_fixed_label\sa_6712604.jpg,4,4,3,1,0.40418189764022827,5,5,5,4,1,1,0,1,1
G:\Thesis\FACET_Dataset\Segmented_FACET_0.2_fixed_label\sa_7142513.jpg,5,5,4,1,0.3974510431289673,5,5,5,4,1,0,1,1,1
G:\Thesis\FACET_Dataset\Segmented_FACET_0.2_fixed_label\sa_8421772.jpg,5,5,4,1,0.49863022565841675,5,5,5,4,1,0,1,1,1
G:\Thesis\FACET_Dataset\Segmented_FACET_0.2_fixed_label\sa_8073534.jpg,3,3,2,0,0.19809456169605255,3,3,3,2,0,0,1,1,1
G:\Thesis\FACET_Dataset\Segmented_FACET_0.2_fixed_label\sa_204903.jpg,3,3,2,0,0.3658800423145294,4,4,4,3,1,1,0,1,0
G:\Thesis\FACET_Dataset\Segmented_FACET_0.2_fixed_label\sa_3151123.jpg,6,6,5,1,0.4751800298690796,5,5,5,4,1,1,0,1,1
G:\Thesis\FACET_Dataset\Segmented_FACET_0.2_fixed_label\sa_1429736.jpg,1,1,0,0,0.469510018825531,5,5,5,4,1,4,0,0,0
G:\Thesis\FACET_Dataset\Segmented_FACET_0.2_fixed_label\sa_175148.jpg,3,3,2,0,0.5298868417739868,6,6,6,5,1,3,0,0,0
G:\Thesis\FACET_Dataset\Segmented_FACET_0.2_fixed_label\sa_5299693.jpg,3,3,2,0,0.6510383486747742,7,7,7,6,1,4,0,0,0
G:\Thesis\FACET_Dataset\Segmented_FACET_0.2_fixed_label\sa_6600088.jpg,4,4,3,1,0.452980101108551,5,5,5,4,1,1,0,1,1
G:\Thesis\FACET_Dataset\Segmented_FACET_0.2_fixed_label\sa_617687.jpg,7,7,6,1,0.49635007977485657,5,5,5,4,1,2,0,0,1
G:\Thesis\FACET_Dataset\Segmented_FACET_0.2_fixed_label\sa_3665560.jpg,6,6,5,1,0.501766562461853,6,6,6,5,1,0,1,1,1
G:\Thesis\FACET_Dataset\Segmented_FACET_0.2_fixed_label\sa_8119387.jpg,2,2,1,0,0.5265864729881287,6,6,6,5,1,4,0,0,0
G:\Thesis\FACET_Dataset\Segmented_FACET_0.2_fixed_label\sa_2752467.jpg,4,4,3,1,0.4108111560344696,5,5,5,4,1,1,0,1,1
G:\Thesis\FACET_Dataset\Segmented_FACET_0.2_fixed_label\sa_3843100.jpg,3,3,2,0,0.3583582639694214,4,4,4,3,1,1,0,1,0
G:\Thesis\FACET_Dataset\Segmented_FACET_0.2_fixed_label\sa_4937435.jpg,5,5,4,1,0.5710211396217346,6,6,6,5,1,1,0,1,1
G:\Thesis\FACET_Dataset\Segmented_FACET_0.2_fixed_label\sa_1990478.jpg,8,8,7,2,0.6064556241035461,6,6,6,5,1,2,0,0,0
G:\Thesis\FACET_Dataset\Segmented_FACET_0.2_fixed_label\sa_536276.jpg,3,3,2,0,0.15192316472530365,2,2,2,1,0,1,0,1,1
G:\Thesis\FACET_Dataset\Segmented_FACET_0.2_fixed_label\sa_1690805.jpg,3,3,2,0,0.3470836579799652,4,4,4,3,1,1,0,1,0
G:\Thesis\FACET_Dataset\Segmented_FACET_0.2_fixed_label\sa_42437.jpg,3,3,2,0,0.46951979398727417,5,5,5,4,1,2,0,0,0
G:\Thesis\FACET_Dataset\Segmented_FACET_0.2_fixed_label\sa_8046386.jpg,2,2,1,0,0.1940234750509262,3,3,3,2,0,1,0,1,1
G:\Thesis\FACET_Dataset\Segmented_FACET_0.2_fixed_label\sa_6322744.jpg,3,3,2,0,0.3102721571922302,4,4,4,3,1,1,0,1,0
G:\Thesis\FACET_Dataset\Segmented_FACET_0.2_fixed_label\sa_8738419.jpg,3,3,2,0,0.34368130564689636,4,4,4,3,1,1,0,1,0
G:\Thesis\FACET_Dataset\Segmented_FACET_0.2_fixed_label\sa_10229001.jpg,7,7,6,1,0.5802338719367981,6,6,6,5,1,1,0,1,1
G:\Thesis\FACET_Dataset\Segmented_FACET_0.2_fixed_label\sa_395192.jpg,2,2,1,0,0.19156824052333832,3,3,3,2,0,1,0,1,1
G:\Thesis\FACET_Dataset\Segmented_FACET_0.2_fixed_label\sa_1249979.jpg,6,6,5,1,0.326130211353302,4,4,4,3,1,2,0,0,1
G:\Thesis\FACET_Dataset\Segmented_FACET_0.2_fixed_label\sa_10055917.jpg,1,1,0,0,0.4919409155845642,5,5,5,4,1,4,0,0,0
G:\Thesis\FACET_Dataset\Segmented_FACET_0.2_fixed_label\sa_108383.jpg,2,2,1,0,0.20692811906337738,3,3,3,2,0,1,0,1,1
G:\Thesis\FACET_Dataset\Segmented_FACET_0.2_fixed_label\sa_9243786.jpg,4,4,3,1,0.17019891738891602,3,3,3,2,0,1,0,1,0
G:\Thesis\FACET_Dataset\Segmented_FACET_0.2_fixed_label\sa_6737529.jpg,2,2,1,0,0.18725436925888062,3,3,3,2,0,1,0,1,1
G:\Thesis\FACET_Dataset\Segmented_FACET_0.2_fixed_label\sa_7527991.jpg,5,5,4,1,0.6251523494720459,7,7,7,6,1,2,0,0,1
G:\Thesis\FACET_Dataset\Segmented_FACET_0.2_fixed_label\sa_10926586.jpg,3,3,2,0,0.6181747913360596,7,7,7,6,1,4,0,0,0
G:\Thesis\FACET_Dataset\Segmented_FACET_0.2_fixed_label\sa_2874722.jpg,3,3,2,0,0.4095474183559418,5,5,5,4,1,2,0,0,0
G:\Thesis\FACET_Dataset\Segmented_FACET_0.2_fixed_label\sa_9437029.jpg,4,4,3,1,0.513897716999054,6,6,6,5,1,2,0,0,1
G:\Thesis\FACET_Dataset\Segmented_FACET_0.2_fixed_label\sa_6794572.jpg,3,3,2,0,0.14865440130233765,2,2,2,1,0,1,0,1,1
G:\Thesis\FACET_Dataset\Segmented_FACET_0.2_fixed_label\sa_3665560.jpg,4,4,3,1,0.501766562461853,6,6,6,5,1,2,0,0,1
G:\Thesis\FACET_Dataset\Segmented_FACET_0.2_fixed_label\sa_6724609.jpg,1,1,0,0,0.19563180208206177,3,3,3,2,0,2,0,0,1
G:\Thesis\FACET_Dataset\Segmented_FACET_0.2_fixed_label\sa_9824941.jpg,3,3,2,0,0.36084455251693726,4,4,4,3,1,1,0,1,0
G:\Thesis\FACET_Dataset\Segmented_FACET_0.2_fixed_label\sa_7994318.jpg,7,7,6,1,0.3750966191291809,4,4,4,3,1,3,0,0,1
G:\Thesis\FACET_Dataset\Segmented_FACET_0.2_fixed_label\sa_6649824.jpg,6,6,5,1,0.637582004070282,7,7,7,6,1,1,0,1,1
G:\Thesis\FACET_Dataset\Segmented_FACET_0.2_fixed_label\sa_10982798.jpg,5,5,4,1,0.5083921551704407,6,6,6,5,1,1,0,1,1
G:\Thesis\FACET_Dataset\Segmented_FACET_0.2_fixed_label\sa_3194133.jpg,1,1,0,0,0.4787386953830719,5,5,5,4,1,4,0,0,0
G:\Thesis\FACET_Dataset\Segmented_FACET_0.2_fixed_label\sa_9276847.jpg,3,3,2,0,0.5186632871627808,6,6,6,5,1,3,0,0,0
G:\Thesis\FACET_Dataset\Segmented_FACET_0.2_fixed_label\sa_2649633.jpg,3,3,2,0,0.33632606267929077,4,4,4,3,1,1,0,1,0
G:\Thesis\FACET_Dataset\Segmented_FACET_0.2_fixed_label\sa_5073589.jpg,2,2,1,0,0.7416839599609375,8,8,8,7,2,6,0,0,0
G:\Thesis\FACET_Dataset\Segmented_FACET_0.2_fixed_label\sa_11029989.jpg,6,6,5,1,0.4874107539653778,5,5,5,4,1,1,0,1,1
G:\Thesis\FACET_Dataset\Segmented_FACET_0.2_fixed_label\sa_10089288.jpg,4,4,3,1,0.3395836651325226,4,4,4,3,1,0,1,1,1
G:\Thesis\FACET_Dataset\Segmented_FACET_0.2_fixed_label\sa_9252349.jpg,2,2,1,0,0.17188505828380585,3,3,3,2,0,1,0,1,1
G:\Thesis\FACET_Dataset\Segmented_FACET_0.2_fixed_label\sa_3386067.jpg,4,4,3,1,0.533024251461029,6,6,6,5,1,2,0,0,1
G:\Thesis\FACET_Dataset\Segmented_FACET_0.2_fixed_label\sa_9518416.jpg,3,3,2,0,0.2715696394443512,3,3,3,2,0,0,1,1,1
G:\Thesis\FACET_Dataset\Segmented_FACET_0.2_fixed_label\sa_6558338.jpg,3,3,2,0,0.3742011487483978,4,4,4,3,1,1,0,1,0
G:\Thesis\FACET_Dataset\Segmented_FACET_0.2_fixed_label\sa_9143722.jpg,3,3,2,0,0.5649941563606262,6,6,6,5,1,3,0,0,0
G:\Thesis\FACET_Dataset\Segmented_FACET_0.2_fixed_label\sa_5383621.jpg,6,6,5,1,0.4355224370956421,5,5,5,4,1,1,0,1,1
G:\Thesis\FACET_Dataset\Segmented_FACET_0.2_fixed_label\sa_10444801.jpg,3,3,2,0,0.3802247643470764,4,4,4,3,1,1,0,1,0
G:\Thesis\FACET_Dataset\Segmented_FACET_0.2_fixed_label\sa_4002326.jpg,5,5,4,1,0.46217992901802063,5,5,5,4,1,0,1,1,1
G:\Thesis\FACET_Dataset\Segmented_FACET_0.2_fixed_label\sa_221451.jpg,3,3,2,0,0.2737332880496979,3,3,3,2,0,0,1,1,1
G:\Thesis\FACET_Dataset\Segmented_FACET_0.2_fixed_label\sa_10789209.jpg,4,4,3,1,0.5490452647209167,6,6,6,5,1,2,0,0,1
G:\Thesis\FACET_Dataset\Segmented_FACET_0.2_fixed_label\sa_2835904.jpg,4,4,3,1,0.3823530077934265,4,4,4,3,1,0,1,1,1
G:\Thesis\FACET_Dataset\Segmented_FACET_0.2_fixed_label\sa_159399.jpg,2,2,1,0,0.5273181200027466,6,6,6,5,1,4,0,0,0
G:\Thesis\FACET_Dataset\Segmented_FACET_0.2_fixed_label\sa_4542137.jpg,2,2,1,0,0.3046906292438507,4,4,4,3,1,2,0,0,0
G:\Thesis\FACET_Dataset\Segmented_FACET_0.2_fixed_label\sa_4806371.jpg,2,2,1,0,0.22789239883422852,3,3,3,2,0,1,0,1,1
G:\Thesis\FACET_Dataset\Segmented_FACET_0.2_fixed_label\sa_2683194.jpg,9,9,8,2,0.7452169060707092,8,8,8,7,2,1,0,1,1
G:\Thesis\FACET_Dataset\Segmented_FACET_0.2_fixed_label\sa_9041127.jpg,2,2,1,0,0.525108277797699,6,6,6,5,1,4,0,0,0
G:\Thesis\FACET_Dataset\Segmented_FACET_0.2_fixed_label\sa_350837.jpg,5,5,4,1,0.30429697036743164,4,4,4,3,1,1,0,1,1
G:\Thesis\FACET_Dataset\Segmented_FACET_0.2_fixed_label\sa_583162.jpg,2,2,1,0,0.34169554710388184,4,4,4,3,1,2,0,0,0
G:\Thesis\FACET_Dataset\Segmented_FACET_0.2_fixed_label\sa_4988179.jpg,3,3,2,0,0.27578204870224,3,3,3,2,0,0,1,1,1
G:\Thesis\FACET_Dataset\Segmented_FACET_0.2_fixed_label\sa_6069199.jpg,7,7,6,1,0.511443018913269,6,6,6,5,1,1,0,1,1
G:\Thesis\FACET_Dataset\Segmented_FACET_0.2_fixed_label\sa_1003746.jpg,4,4,3,1,0.4702599048614502,5,5,5,4,1,1,0,1,1
G:\Thesis\FACET_Dataset\Segmented_FACET_0.2_fixed_label\sa_3497590.jpg,5,5,4,1,0.5037091970443726,6,6,6,5,1,1,0,1,1
G:\Thesis\FACET_Dataset\Segmented_FACET_0.2_fixed_label\sa_3416936.jpg,3,3,2,0,0.2638190686702728,3,3,3,2,0,0,1,1,1
G:\Thesis\FACET_Dataset\Segmented_FACET_0.2_fixed_label\sa_833968.jpg,3,3,2,0,0.18618649244308472,3,3,3,2,0,0,1,1,1
G:\Thesis\FACET_Dataset\Segmented_FACET_0.2_fixed_label\sa_10253712.jpg,2,2,1,0,0.2609304189682007,3,3,3,2,0,1,0,1,1
G:\Thesis\FACET_Dataset\Segmented_FACET_0.2_fixed_label\sa_3994290.jpg,5,5,4,1,0.45820948481559753,5,5,5,4,1,0,1,1,1
G:\Thesis\FACET_Dataset\Segmented_FACET_0.2_fixed_label\sa_1273560.jpg,2,2,1,0,0.455111563205719,5,5,5,4,1,3,0,0,0
G:\Thesis\FACET_Dataset\Segmented_FACET_0.2_fixed_label\sa_11151514.jpg,3,3,2,0,0.29457250237464905,4,4,4,3,1,1,0,1,0
G:\Thesis\FACET_Dataset\Segmented_FACET_0.2_fixed_label\sa_10928464.jpg,1,1,0,0,0.3764377534389496,4,4,4,3,1,3,0,0,0
G:\Thesis\FACET_Dataset\Segmented_FACET_0.2_fixed_label\sa_8319806.jpg,5,5,4,1,0.564155101776123,6,6,6,5,1,1,0,1,1
G:\Thesis\FACET_Dataset\Segmented_FACET_0.2_fixed_label\sa_10722596.jpg,2,2,1,0,0.4422207772731781,5,5,5,4,1,3,0,0,0
G:\Thesis\FACET_Dataset\Segmented_FACET_0.2_fixed_label\sa_8241890.jpg,2,2,1,0,0.27978888154029846,4,4,4,3,1,2,0,0,0
G:\Thesis\FACET_Dataset\Segmented_FACET_0.2_fixed_label\sa_1613358.jpg,3,3,2,0,0.21253623068332672,3,3,3,2,0,0,1,1,1
G:\Thesis\FACET_Dataset\Segmented_FACET_0.2_fixed_label\sa_7831773.jpg,5,5,4,1,0.5921204090118408,6,6,6,5,1,1,0,1,1
G:\Thesis\FACET_Dataset\Segmented_FACET_0.2_fixed_label\sa_7602333.jpg,4,4,3,1,0.4506376087665558,5,5,5,4,1,1,0,1,1
G:\Thesis\FACET_Dataset\Segmented_FACET_0.2_fixed_label\sa_10216089.jpg,3,3,2,0,0.35505127906799316,4,4,4,3,1,1,0,1,0
G:\Thesis\FACET_Dataset\Segmented_FACET_0.2_fixed_label\sa_5422200.jpg,6,6,5,1,0.44060808420181274,5,5,5,4,1,1,0,1,1
G:\Thesis\FACET_Dataset\Segmented_FACET_0.2_fixed_label\sa_2616356.jpg,4,4,3,1,0.6390218138694763,7,7,7,6,1,3,0,0,1
G:\Thesis\FACET_Dataset\Segmented_FACET_0.2_fixed_label\sa_1416348.jpg,4,4,3,1,0.3852708637714386,4,4,4,3,1,0,1,1,1
G:\Thesis\FACET_Dataset\Segmented_FACET_0.2_fixed_label\sa_737577.jpg,3,3,2,0,0.4214808940887451,5,5,5,4,1,2,0,0,0
G:\Thesis\FACET_Dataset\Segmented_FACET_0.2_fixed_label\sa_10622761.jpg,6,6,5,1,0.5533284544944763,6,6,6,5,1,0,1,1,1
G:\Thesis\FACET_Dataset\Segmented_FACET_0.2_fixed_label\sa_3897225.jpg,5,5,4,1,0.3581501245498657,4,4,4,3,1,1,0,1,1
G:\Thesis\FACET_Dataset\Segmented_FACET_0.2_fixed_label\sa_2157433.jpg,2,2,1,0,0.2997373938560486,4,4,4,3,1,2,0,0,0
G:\Thesis\FACET_Dataset\Segmented_FACET_0.2_fixed_label\sa_1990815.jpg,4,4,3,1,0.27629542350769043,3,3,3,2,0,1,0,1,0
G:\Thesis\FACET_Dataset\Segmented_FACET_0.2_fixed_label\sa_2706289.jpg,2,2,1,0,0.21421527862548828,3,3,3,2,0,1,0,1,1
G:\Thesis\FACET_Dataset\Segmented_FACET_0.2_fixed_label\sa_448028.jpg,5,5,4,1,0.5291727781295776,6,6,6,5,1,1,0,1,1
G:\Thesis\FACET_Dataset\Segmented_FACET_0.2_fixed_label\sa_6907056.jpg,2,2,1,0,0.3640449643135071,4,4,4,3,1,2,0,0,0
G:\Thesis\FACET_Dataset\Segmented_FACET_0.2_fixed_label\sa_1635631.jpg,3,3,2,0,0.42668792605400085,5,5,5,4,1,2,0,0,0
G:\Thesis\FACET_Dataset\Segmented_FACET_0.2_fixed_label\sa_1178518.jpg,4,4,3,1,0.4200969338417053,5,5,5,4,1,1,0,1,1
G:\Thesis\FACET_Dataset\Segmented_FACET_0.2_fixed_label\sa_9575873.jpg,3,3,2,0,0.3442200720310211,4,4,4,3,1,1,0,1,0
G:\Thesis\FACET_Dataset\Segmented_FACET_0.2_fixed_label\sa_4714974.jpg,6,6,5,1,0.40932586789131165,5,5,5,4,1,1,0,1,1
G:\Thesis\FACET_Dataset\Segmented_FACET_0.2_fixed_label\sa_232128.jpg,2,2,1,0,0.46371325850486755,5,5,5,4,1,3,0,0,0
G:\Thesis\FACET_Dataset\Segmented_FACET_0.2_fixed_label\sa_5786493.jpg,3,3,2,0,0.5028458833694458,6,6,6,5,1,3,0,0,0
G:\Thesis\FACET_Dataset\Segmented_FACET_0.2_fixed_label\sa_11063942.jpg,4,4,3,1,0.3541491627693176,4,4,4,3,1,0,1,1,1
G:\Thesis\FACET_Dataset\Segmented_FACET_0.2_fixed_label\sa_1899095.jpg,3,3,2,0,0.5138185024261475,6,6,6,5,1,3,0,0,0
G:\Thesis\FACET_Dataset\Segmented_FACET_0.2_fixed_label\sa_5536666.jpg,6,6,5,1,0.4990290105342865,5,5,5,4,1,1,0,1,1
G:\Thesis\FACET_Dataset\Segmented_FACET_0.2_fixed_label\sa_7453249.jpg,3,3,2,0,0.655310332775116,7,7,7,6,1,4,0,0,0
G:\Thesis\FACET_Dataset\Segmented_FACET_0.2_fixed_label\sa_1250469.jpg,5,5,4,1,0.4029516279697418,5,5,5,4,1,0,1,1,1
G:\Thesis\FACET_Dataset\Segmented_FACET_0.2_fixed_label\sa_8959752.jpg,4,4,3,1,0.2240781933069229,3,3,3,2,0,1,0,1,0
G:\Thesis\FACET_Dataset\Segmented_FACET_0.2_fixed_label\sa_3578835.jpg,5,5,4,1,0.3420053720474243,4,4,4,3,1,1,0,1,1
G:\Thesis\FACET_Dataset\Segmented_FACET_0.2_fixed_label\sa_10950755.jpg,4,4,3,1,0.41003653407096863,5,5,5,4,1,1,0,1,1
G:\Thesis\FACET_Dataset\Segmented_FACET_0.2_fixed_label\sa_6685030.jpg,3,3,2,0,0.4829263687133789,5,5,5,4,1,2,0,0,0
G:\Thesis\FACET_Dataset\Segmented_FACET_0.2_fixed_label\sa_9035855.jpg,2,2,1,0,0.3340992033481598,4,4,4,3,1,2,0,0,0
G:\Thesis\FACET_Dataset\Segmented_FACET_0.2_fixed_label\sa_4854635.jpg,4,4,3,1,0.539686381816864,6,6,6,5,1,2,0,0,1
G:\Thesis\FACET_Dataset\Segmented_FACET_0.2_fixed_label\sa_7192067.jpg,3,3,2,0,0.5420773029327393,6,6,6,5,1,3,0,0,0
G:\Thesis\FACET_Dataset\Segmented_FACET_0.2_fixed_label\sa_6969565.jpg,2,2,1,0,0.26720333099365234,3,3,3,2,0,1,0,1,1
G:\Thesis\FACET_Dataset\Segmented_FACET_0.2_fixed_label\sa_6053919.jpg,5,5,4,1,0.7128819227218628,7,7,7,6,1,2,0,0,1
G:\Thesis\FACET_Dataset\Segmented_FACET_0.2_fixed_label\sa_3083767.jpg,3,3,2,0,0.30393892526626587,4,4,4,3,1,1,0,1,0
G:\Thesis\FACET_Dataset\Segmented_FACET_0.2_fixed_label\sa_1754250.jpg,2,2,1,0,0.4371386766433716,5,5,5,4,1,3,0,0,0
G:\Thesis\FACET_Dataset\Segmented_FACET_0.2_fixed_label\sa_10053259.jpg,5,5,4,1,0.3064223527908325,4,4,4,3,1,1,0,1,1
G:\Thesis\FACET_Dataset\Segmented_FACET_0.2_fixed_label\sa_3553059.jpg,3,3,2,0,0.37854117155075073,4,4,4,3,1,1,0,1,0
G:\Thesis\FACET_Dataset\Segmented_FACET_0.2_fixed_label\sa_7429624.jpg,5,5,4,1,0.5095640420913696,6,6,6,5,1,1,0,1,1
G:\Thesis\FACET_Dataset\Segmented_FACET_0.2_fixed_label\sa_6643714.jpg,2,2,1,0,0.5860561728477478,6,6,6,5,1,4,0,0,0
G:\Thesis\FACET_Dataset\Segmented_FACET_0.2_fixed_label\sa_9417441.jpg,3,3,2,0,0.528853178024292,6,6,6,5,1,3,0,0,0
G:\Thesis\FACET_Dataset\Segmented_FACET_0.2_fixed_label\sa_4435088.jpg,4,4,3,1,0.3950440287590027,5,5,5,4,1,1,0,1,1
G:\Thesis\FACET_Dataset\Segmented_FACET_0.2_fixed_label\sa_3841968.jpg,5,5,4,1,0.39433351159095764,5,5,5,4,1,0,1,1,1
G:\Thesis\FACET_Dataset\Segmented_FACET_0.2_fixed_label\sa_3577491.jpg,8,8,7,2,0.729781985282898,8,8,8,7,2,0,1,1,1
G:\Thesis\FACET_Dataset\Segmented_FACET_0.2_fixed_label\sa_10740689.jpg,3,3,2,0,0.3334610164165497,4,4,4,3,1,1,0,1,0
G:\Thesis\FACET_Dataset\Segmented_FACET_0.2_fixed_label\sa_9069702.jpg,2,2,1,0,0.4137392044067383,5,5,5,4,1,3,0,0,0
G:\Thesis\FACET_Dataset\Segmented_FACET_0.2_fixed_label\sa_5715395.jpg,3,3,2,0,0.40041959285736084,5,5,5,4,1,2,0,0,0
G:\Thesis\FACET_Dataset\Segmented_FACET_0.2_fixed_label\sa_1231724.jpg,3,3,2,0,0.5377105474472046,6,6,6,5,1,3,0,0,0
G:\Thesis\FACET_Dataset\Segmented_FACET_0.2_fixed_label\sa_3953417.jpg,6,6,5,1,0.49832287430763245,5,5,5,4,1,1,0,1,1
G:\Thesis\FACET_Dataset\Segmented_FACET_0.2_fixed_label\sa_9339826.jpg,3,3,2,0,0.2614733576774597,3,3,3,2,0,0,1,1,1
G:\Thesis\FACET_Dataset\Segmented_FACET_0.2_fixed_label\sa_2512529.jpg,2,2,1,0,0.27440035343170166,3,3,3,2,0,1,0,1,1
G:\Thesis\FACET_Dataset\Segmented_FACET_0.2_fixed_label\sa_10490161.jpg,4,4,3,1,0.28772303462028503,4,4,4,3,1,0,1,1,1
G:\Thesis\FACET_Dataset\Segmented_FACET_0.2_fixed_label\sa_7180503.jpg,4,4,3,1,0.31519344449043274,4,4,4,3,1,0,1,1,1
G:\Thesis\FACET_Dataset\Segmented_FACET_0.2_fixed_label\sa_8314298.jpg,2,2,1,0,0.28348156809806824,4,4,4,3,1,2,0,0,0
G:\Thesis\FACET_Dataset\Segmented_FACET_0.2_fixed_label\sa_6127661.jpg,7,7,6,1,0.5676367282867432,6,6,6,5,1,1,0,1,1
G:\Thesis\FACET_Dataset\Segmented_FACET_0.2_fixed_label\sa_4116994.jpg,2,2,1,0,0.36364081501960754,4,4,4,3,1,2,0,0,0
G:\Thesis\FACET_Dataset\Segmented_FACET_0.2_fixed_label\sa_8346057.jpg,4,4,3,1,0.5167010426521301,6,6,6,5,1,2,0,0,1
G:\Thesis\FACET_Dataset\Segmented_FACET_0.2_fixed_label\sa_7929832.jpg,2,2,1,0,0.34047213196754456,4,4,4,3,1,2,0,0,0
G:\Thesis\FACET_Dataset\Segmented_FACET_0.2_fixed_label\sa_6958200.jpg,6,6,5,1,0.5523259043693542,6,6,6,5,1,0,1,1,1
G:\Thesis\FACET_Dataset\Segmented_FACET_0.2_fixed_label\sa_7571461.jpg,5,5,4,1,0.4386197626590729,5,5,5,4,1,0,1,1,1
G:\Thesis\FACET_Dataset\Segmented_FACET_0.2_fixed_label\sa_6004743.jpg,3,3,2,0,0.12125416845083237,2,2,2,1,0,1,0,1,1
G:\Thesis\FACET_Dataset\Segmented_FACET_0.2_fixed_label\sa_8958355.jpg,3,3,2,0,0.29707542061805725,4,4,4,3,1,1,0,1,0
G:\Thesis\FACET_Dataset\Segmented_FACET_0.2_fixed_label\sa_9477941.jpg,5,5,4,1,0.5507580637931824,6,6,6,5,1,1,0,1,1
G:\Thesis\FACET_Dataset\Segmented_FACET_0.2_fixed_label\sa_8307231.jpg,6,6,5,1,0.5928126573562622,6,6,6,5,1,0,1,1,1
G:\Thesis\FACET_Dataset\Segmented_FACET_0.2_fixed_label\sa_3920752.jpg,3,3,2,0,0.3997421860694885,5,5,5,4,1,2,0,0,0
G:\Thesis\FACET_Dataset\Segmented_FACET_0.2_fixed_label\sa_1502766.jpg,3,3,2,0,0.3862834870815277,4,4,4,3,1,1,0,1,0
G:\Thesis\FACET_Dataset\Segmented_FACET_0.2_fixed_label\sa_6886908.jpg,4,4,3,1,0.27504974603652954,3,3,3,2,0,1,0,1,0
G:\Thesis\FACET_Dataset\Segmented_FACET_0.2_fixed_label\sa_9997224.jpg,2,2,1,0,0.31045466661453247,4,4,4,3,1,2,0,0,0
G:\Thesis\FACET_Dataset\Segmented_FACET_0.2_fixed_label\sa_730538.jpg,1,1,0,0,0.4805610775947571,5,5,5,4,1,4,0,0,0
G:\Thesis\FACET_Dataset\Segmented_FACET_0.2_fixed_label\sa_11142011.jpg,3,3,2,0,0.2471565455198288,3,3,3,2,0,0,1,1,1
G:\Thesis\FACET_Dataset\Segmented_FACET_0.2_fixed_label\sa_8043444.jpg,5,5,4,1,0.27994662523269653,4,4,4,3,1,1,0,1,1
G:\Thesis\FACET_Dataset\Segmented_FACET_0.2_fixed_label\sa_3236557.jpg,2,2,1,0,0.22521646320819855,3,3,3,2,0,1,0,1,1
G:\Thesis\FACET_Dataset\Segmented_FACET_0.2_fixed_label\sa_10489419.jpg,9,9,8,2,0.38091498613357544,4,4,4,3,1,5,0,0,0
G:\Thesis\FACET_Dataset\Segmented_FACET_0.2_fixed_label\sa_4662661.jpg,2,2,1,0,0.516864001750946,6,6,6,5,1,4,0,0,0
G:\Thesis\FACET_Dataset\Segmented_FACET_0.2_fixed_label\sa_4390344.jpg,7,7,6,1,0.48111778497695923,5,5,5,4,1,2,0,0,1
G:\Thesis\FACET_Dataset\Segmented_FACET_0.2_fixed_label\sa_357215.jpg,3,3,2,0,0.3145574927330017,4,4,4,3,1,1,0,1,0
G:\Thesis\FACET_Dataset\Segmented_FACET_0.2_fixed_label\sa_1661605.jpg,3,3,2,0,0.2566744089126587,3,3,3,2,0,0,1,1,1
G:\Thesis\FACET_Dataset\Segmented_FACET_0.2_fixed_label\sa_7761847.jpg,8,8,7,2,0.5234050750732422,6,6,6,5,1,2,0,0,0
G:\Thesis\FACET_Dataset\Segmented_FACET_0.2_fixed_label\sa_3663255.jpg,5,5,4,1,0.5230483412742615,6,6,6,5,1,1,0,1,1
G:\Thesis\FACET_Dataset\Segmented_FACET_0.2_fixed_label\sa_3285842.jpg,6,6,5,1,0.44314494729042053,5,5,5,4,1,1,0,1,1
G:\Thesis\FACET_Dataset\Segmented_FACET_0.2_fixed_label\sa_6526854.jpg,5,5,4,1,0.46122443675994873,5,5,5,4,1,0,1,1,1
G:\Thesis\FACET_Dataset\Segmented_FACET_0.2_fixed_label\sa_4774424.jpg,2,2,1,0,0.2526254653930664,3,3,3,2,0,1,0,1,1
G:\Thesis\FACET_Dataset\Segmented_FACET_0.2_fixed_label\sa_6989042.jpg,4,4,3,1,0.3319355845451355,4,4,4,3,1,0,1,1,1
G:\Thesis\FACET_Dataset\Segmented_FACET_0.2_fixed_label\sa_3181099.jpg,3,3,2,0,0.31049036979675293,4,4,4,3,1,1,0,1,0
G:\Thesis\FACET_Dataset\Segmented_FACET_0.2_fixed_label\sa_4686144.jpg,5,5,4,1,0.45700597763061523,5,5,5,4,1,0,1,1,1
G:\Thesis\FACET_Dataset\Segmented_FACET_0.2_fixed_label\sa_7145981.jpg,9,9,8,2,0.5129842162132263,6,6,6,5,1,3,0,0,0
G:\Thesis\FACET_Dataset\Segmented_FACET_0.2_fixed_label\sa_7049617.jpg,4,4,3,1,0.5277198553085327,6,6,6,5,1,2,0,0,1
G:\Thesis\FACET_Dataset\Segmented_FACET_0.2_fixed_label\sa_4294663.jpg,4,4,3,1,0.5280346274375916,6,6,6,5,1,2,0,0,1
G:\Thesis\FACET_Dataset\Segmented_FACET_0.2_fixed_label\sa_3736363.jpg,7,7,6,1,0.6527498960494995,7,7,7,6,1,0,1,1,1
G:\Thesis\FACET_Dataset\Segmented_FACET_0.2_fixed_label\sa_634291.jpg,3,3,2,0,0.2815890908241272,4,4,4,3,1,1,0,1,0
G:\Thesis\FACET_Dataset\Segmented_FACET_0.2_fixed_label\sa_5068060.jpg,8,8,7,2,0.6159896850585938,7,7,7,6,1,1,0,1,0
G:\Thesis\FACET_Dataset\Segmented_FACET_0.2_fixed_label\sa_1572919.jpg,6,6,5,1,0.4352502226829529,5,5,5,4,1,1,0,1,1
G:\Thesis\FACET_Dataset\Segmented_FACET_0.2_fixed_label\sa_3666693.jpg,3,3,2,0,0.4963393807411194,5,5,5,4,1,2,0,0,0
G:\Thesis\FACET_Dataset\Segmented_FACET_0.2_fixed_label\sa_1830445.jpg,5,5,4,1,0.2646823823451996,3,3,3,2,0,2,0,0,0
G:\Thesis\FACET_Dataset\Segmented_FACET_0.2_fixed_label\sa_8013957.jpg,2,2,1,0,0.4265981912612915,5,5,5,4,1,3,0,0,0
G:\Thesis\FACET_Dataset\Segmented_FACET_0.2_fixed_label\sa_2789167.jpg,5,5,4,1,0.5702055096626282,6,6,6,5,1,1,0,1,1
G:\Thesis\FACET_Dataset\Segmented_FACET_0.2_fixed_label\sa_7349182.jpg,3,3,2,0,0.551713228225708,6,6,6,5,1,3,0,0,0
G:\Thesis\FACET_Dataset\Segmented_FACET_0.2_fixed_label\sa_5581495.jpg,4,4,3,1,0.4879407584667206,5,5,5,4,1,1,0,1,1
G:\Thesis\FACET_Dataset\Segmented_FACET_0.2_fixed_label\sa_2964374.jpg,7,7,6,1,0.6233248710632324,7,7,7,6,1,0,1,1,1
G:\Thesis\FACET_Dataset\Segmented_FACET_0.2_fixed_label\sa_1145342.jpg,3,3,2,0,0.27826982736587524,4,4,4,3,1,1,0,1,0
G:\Thesis\FACET_Dataset\Segmented_FACET_0.2_fixed_label\sa_2907796.jpg,2,2,1,0,0.24490132927894592,3,3,3,2,0,1,0,1,1
G:\Thesis\FACET_Dataset\Segmented_FACET_0.2_fixed_label\sa_7215736.jpg,2,2,1,0,0.19855324923992157,3,3,3,2,0,1,0,1,1
G:\Thesis\FACET_Dataset\Segmented_FACET_0.2_fixed_label\sa_1821746.jpg,5,5,4,1,0.3932512104511261,5,5,5,4,1,0,1,1,1
G:\Thesis\FACET_Dataset\Segmented_FACET_0.2_fixed_label\sa_3841968.jpg,4,4,3,1,0.39433351159095764,5,5,5,4,1,1,0,1,1
G:\Thesis\FACET_Dataset\Segmented_FACET_0.2_fixed_label\sa_3540315.jpg,5,5,4,1,0.43571406602859497,5,5,5,4,1,0,1,1,1
G:\Thesis\FACET_Dataset\Segmented_FACET_0.2_fixed_label\sa_5880398.jpg,3,3,2,0,0.5505382418632507,6,6,6,5,1,3,0,0,0
G:\Thesis\FACET_Dataset\Segmented_FACET_0.2_fixed_label\sa_3478678.jpg,7,7,6,1,0.4265829026699066,5,5,5,4,1,2,0,0,1
G:\Thesis\FACET_Dataset\Segmented_FACET_0.2_fixed_label\sa_5427674.jpg,1,1,0,0,0.44921910762786865,5,5,5,4,1,4,0,0,0
G:\Thesis\FACET_Dataset\Segmented_FACET_0.2_fixed_label\sa_5646608.jpg,6,6,5,1,0.4428441822528839,5,5,5,4,1,1,0,1,1
G:\Thesis\FACET_Dataset\Segmented_FACET_0.2_fixed_label\sa_9572029.jpg,7,7,6,1,0.6451628804206848,7,7,7,6,1,0,1,1,1
G:\Thesis\FACET_Dataset\Segmented_FACET_0.2_fixed_label\sa_3543183.jpg,4,4,3,1,0.525019109249115,6,6,6,5,1,2,0,0,1
G:\Thesis\FACET_Dataset\Segmented_FACET_0.2_fixed_label\sa_10125607.jpg,5,5,4,1,0.5564256906509399,6,6,6,5,1,1,0,1,1
G:\Thesis\FACET_Dataset\Segmented_FACET_0.2_fixed_label\sa_4869053.jpg,5,5,4,1,0.37530431151390076,4,4,4,3,1,1,0,1,1
G:\Thesis\FACET_Dataset\Segmented_FACET_0.2_fixed_label\sa_9685500.jpg,2,2,1,0,0.2621179223060608,3,3,3,2,0,1,0,1,1
G:\Thesis\FACET_Dataset\Segmented_FACET_0.2_fixed_label\sa_11016722.jpg,3,3,2,0,0.3723081648349762,4,4,4,3,1,1,0,1,0
G:\Thesis\FACET_Dataset\Segmented_FACET_0.2_fixed_label\sa_9247039.jpg,4,4,3,1,0.5146567225456238,6,6,6,5,1,2,0,0,1
G:\Thesis\FACET_Dataset\Segmented_FACET_0.2_fixed_label\sa_10366030.jpg,4,4,3,1,0.30601754784584045,4,4,4,3,1,0,1,1,1
G:\Thesis\FACET_Dataset\Segmented_FACET_0.2_fixed_label\sa_6630941.jpg,3,3,2,0,0.5419246554374695,6,6,6,5,1,3,0,0,0
G:\Thesis\FACET_Dataset\Segmented_FACET_0.2_fixed_label\sa_669056.jpg,8,8,7,2,0.5265197157859802,6,6,6,5,1,2,0,0,0
G:\Thesis\FACET_Dataset\Segmented_FACET_0.2_fixed_label\sa_7846393.jpg,5,5,4,1,0.51368647813797,6,6,6,5,1,1,0,1,1
G:\Thesis\FACET_Dataset\Segmented_FACET_0.2_fixed_label\sa_4023638.jpg,6,6,5,1,0.33904948830604553,4,4,4,3,1,2,0,0,1
G:\Thesis\FACET_Dataset\Segmented_FACET_0.2_fixed_label\sa_8293927.jpg,7,7,6,1,0.6303615570068359,7,7,7,6,1,0,1,1,1
G:\Thesis\FACET_Dataset\Segmented_FACET_0.2_fixed_label\sa_2368954.jpg,2,2,1,0,0.17044034600257874,3,3,3,2,0,1,0,1,1
G:\Thesis\FACET_Dataset\Segmented_FACET_0.2_fixed_label\sa_6231023.jpg,3,3,2,0,0.5483347177505493,6,6,6,5,1,3,0,0,0
G:\Thesis\FACET_Dataset\Segmented_FACET_0.2_fixed_label\sa_9941665.jpg,3,3,2,0,0.25898149609565735,3,3,3,2,0,0,1,1,1
G:\Thesis\FACET_Dataset\Segmented_FACET_0.2_fixed_label\sa_2869228.jpg,6,6,5,1,0.37799927592277527,4,4,4,3,1,2,0,0,1
G:\Thesis\FACET_Dataset\Segmented_FACET_0.2_fixed_label\sa_2142207.jpg,5,5,4,1,0.39911457896232605,5,5,5,4,1,0,1,1,1
G:\Thesis\FACET_Dataset\Segmented_FACET_0.2_fixed_label\sa_8042026.jpg,3,3,2,0,0.41399458050727844,5,5,5,4,1,2,0,0,0
G:\Thesis\FACET_Dataset\Segmented_FACET_0.2_fixed_label\sa_5603229.jpg,4,4,3,1,0.2817988395690918,4,4,4,3,1,0,1,1,1
G:\Thesis\FACET_Dataset\Segmented_FACET_0.2_fixed_label\sa_2190089.jpg,2,2,1,0,0.47210609912872314,5,5,5,4,1,3,0,0,0
G:\Thesis\FACET_Dataset\Segmented_FACET_0.2_fixed_label\sa_10318561.jpg,2,2,1,0,0.3869372606277466,4,4,4,3,1,2,0,0,0
G:\Thesis\FACET_Dataset\Segmented_FACET_0.2_fixed_label\sa_9917877.jpg,6,6,5,1,0.333199679851532,4,4,4,3,1,2,0,0,1
G:\Thesis\FACET_Dataset\Segmented_FACET_0.2_fixed_label\sa_8320636.jpg,2,2,1,0,0.24321365356445312,3,3,3,2,0,1,0,1,1
G:\Thesis\FACET_Dataset\Segmented_FACET_0.2_fixed_label\sa_3841968.jpg,3,3,2,0,0.39433351159095764,5,5,5,4,1,2,0,0,0
G:\Thesis\FACET_Dataset\Segmented_FACET_0.2_fixed_label\sa_6204252.jpg,2,2,1,0,0.40014562010765076,5,5,5,4,1,3,0,0,0
G:\Thesis\FACET_Dataset\Segmented_FACET_0.2_fixed_label\sa_10885813.jpg,4,4,3,1,0.2646230459213257,3,3,3,2,0,1,0,1,0
G:\Thesis\FACET_Dataset\Segmented_FACET_0.2_fixed_label\sa_3268067.jpg,3,3,2,0,0.4365268051624298,5,5,5,4,1,2,0,0,0
G:\Thesis\FACET_Dataset\Segmented_FACET_0.2_fixed_label\sa_10100996.jpg,2,2,1,0,0.6477015614509583,7,7,7,6,1,5,0,0,0
G:\Thesis\FACET_Dataset\Segmented_FACET_0.2_fixed_label\sa_10988208.jpg,2,2,1,0,0.41975218057632446,5,5,5,4,1,3,0,0,0
G:\Thesis\FACET_Dataset\Segmented_FACET_0.2_fixed_label\sa_6857312.jpg,6,6,5,1,0.4607982933521271,5,5,5,4,1,1,0,1,1
G:\Thesis\FACET_Dataset\Segmented_FACET_0.2_fixed_label\sa_10740561.jpg,3,3,2,0,0.48500120639801025,5,5,5,4,1,2,0,0,0
G:\Thesis\FACET_Dataset\Segmented_FACET_0.2_fixed_label\sa_8260580.jpg,4,4,3,1,0.4174807369709015,5,5,5,4,1,1,0,1,1
G:\Thesis\FACET_Dataset\Segmented_FACET_0.2_fixed_label\sa_3396473.jpg,4,4,3,1,0.22542230784893036,3,3,3,2,0,1,0,1,0
G:\Thesis\FACET_Dataset\Segmented_FACET_0.2_fixed_label\sa_1728502.jpg,6,6,5,1,0.5891555547714233,6,6,6,5,1,0,1,1,1
G:\Thesis\FACET_Dataset\Segmented_FACET_0.2_fixed_label\sa_8849260.jpg,2,2,1,0,0.29999807476997375,4,4,4,3,1,2,0,0,0
G:\Thesis\FACET_Dataset\Segmented_FACET_0.2_fixed_label\sa_1629995.jpg,4,4,3,1,0.4554547369480133,5,5,5,4,1,1,0,1,1
G:\Thesis\FACET_Dataset\Segmented_FACET_0.2_fixed_label\sa_6905699.jpg,3,3,2,0,0.31706878542900085,4,4,4,3,1,1,0,1,0
G:\Thesis\FACET_Dataset\Segmented_FACET_0.2_fixed_label\sa_8460336.jpg,2,2,1,0,0.39120912551879883,5,5,5,4,1,3,0,0,0
G:\Thesis\FACET_Dataset\Segmented_FACET_0.2_fixed_label\sa_5058554.jpg,3,3,2,0,0.3994462192058563,5,5,5,4,1,2,0,0,0
G:\Thesis\FACET_Dataset\Segmented_FACET_0.2_fixed_label\sa_6529342.jpg,3,3,2,0,0.2840791940689087,4,4,4,3,1,1,0,1,0
G:\Thesis\FACET_Dataset\Segmented_FACET_0.2_fixed_label\sa_6697876.jpg,3,3,2,0,0.25762876868247986,3,3,3,2,0,0,1,1,1
G:\Thesis\FACET_Dataset\Segmented_FACET_0.2_fixed_label\sa_7459329.jpg,7,7,6,1,0.5234959125518799,6,6,6,5,1,1,0,1,1
G:\Thesis\FACET_Dataset\Segmented_FACET_0.2_fixed_label\sa_1617546.jpg,2,2,1,0,0.4752603769302368,5,5,5,4,1,3,0,0,0
G:\Thesis\FACET_Dataset\Segmented_FACET_0.2_fixed_label\sa_872518.jpg,3,3,2,0,0.31157219409942627,4,4,4,3,1,1,0,1,0
G:\Thesis\FACET_Dataset\Segmented_FACET_0.2_fixed_label\sa_539238.jpg,2,2,1,0,0.34243711829185486,4,4,4,3,1,2,0,0,0
G:\Thesis\FACET_Dataset\Segmented_FACET_0.2_fixed_label\sa_6317020.jpg,2,2,1,0,0.3862757980823517,4,4,4,3,1,2,0,0,0
G:\Thesis\FACET_Dataset\Segmented_FACET_0.2_fixed_label\sa_3023613.jpg,6,6,5,1,0.5367411375045776,6,6,6,5,1,0,1,1,1
G:\Thesis\FACET_Dataset\Segmented_FACET_0.2_fixed_label\sa_2550540.jpg,4,4,3,1,0.4569169580936432,5,5,5,4,1,1,0,1,1
G:\Thesis\FACET_Dataset\Segmented_FACET_0.2_fixed_label\sa_9301300.jpg,4,4,3,1,0.410978227853775,5,5,5,4,1,1,0,1,1
G:\Thesis\FACET_Dataset\Segmented_FACET_0.2_fixed_label\sa_10474444.jpg,2,2,1,0,0.48244526982307434,5,5,5,4,1,3,0,0,0
G:\Thesis\FACET_Dataset\Segmented_FACET_0.2_fixed_label\sa_3125094.jpg,4,4,3,1,0.4017792046070099,5,5,5,4,1,1,0,1,1
G:\Thesis\FACET_Dataset\Segmented_FACET_0.2_fixed_label\sa_6018608.jpg,5,5,4,1,0.44488221406936646,5,5,5,4,1,0,1,1,1
G:\Thesis\FACET_Dataset\Segmented_FACET_0.2_fixed_label\sa_2271095.jpg,4,4,3,1,0.5803999304771423,6,6,6,5,1,2,0,0,1
G:\Thesis\FACET_Dataset\Segmented_FACET_0.2_fixed_label\sa_3957675.jpg,4,4,3,1,0.48744937777519226,5,5,5,4,1,1,0,1,1
G:\Thesis\FACET_Dataset\Segmented_FACET_0.2_fixed_label\sa_9044717.jpg,2,2,1,0,0.4412515163421631,5,5,5,4,1,3,0,0,0
G:\Thesis\FACET_Dataset\Segmented_FACET_0.2_fixed_label\sa_3339255.jpg,3,3,2,0,0.50630784034729,6,6,6,5,1,3,0,0,0
G:\Thesis\FACET_Dataset\Segmented_FACET_0.2_fixed_label\sa_268278.jpg,7,7,6,1,0.6470012664794922,7,7,7,6,1,0,1,1,1
G:\Thesis\FACET_Dataset\Segmented_FACET_0.2_fixed_label\sa_2639664.jpg,3,3,2,0,0.26249682903289795,3,3,3,2,0,0,1,1,1
G:\Thesis\FACET_Dataset\Segmented_FACET_0.2_fixed_label\sa_10707244.jpg,3,3,2,0,0.32409578561782837,4,4,4,3,1,1,0,1,0
G:\Thesis\FACET_Dataset\Segmented_FACET_0.2_fixed_label\sa_8655801.jpg,6,6,5,1,0.5692043304443359,6,6,6,5,1,0,1,1,1
G:\Thesis\FACET_Dataset\Segmented_FACET_0.2_fixed_label\sa_6049073.jpg,1,1,0,0,0.2086191326379776,3,3,3,2,0,2,0,0,1
G:\Thesis\FACET_Dataset\Segmented_FACET_0.2_fixed_label\sa_1984040.jpg,5,5,4,1,0.5047741532325745,6,6,6,5,1,1,0,1,1
G:\Thesis\FACET_Dataset\Segmented_FACET_0.2_fixed_label\sa_4953176.jpg,6,6,5,1,0.5175153613090515,6,6,6,5,1,0,1,1,1
G:\Thesis\FACET_Dataset\Segmented_FACET_0.2_fixed_label\sa_6333629.jpg,3,3,2,0,0.574686586856842,6,6,6,5,1,3,0,0,0
G:\Thesis\FACET_Dataset\Segmented_FACET_0.2_fixed_label\sa_4892742.jpg,3,3,2,0,0.38562512397766113,4,4,4,3,1,1,0,1,0
G:\Thesis\FACET_Dataset\Segmented_FACET_0.2_fixed_label\sa_1008095.jpg,1,1,0,0,0.43921971321105957,5,5,5,4,1,4,0,0,0
G:\Thesis\FACET_Dataset\Segmented_FACET_0.2_fixed_label\sa_1911252.jpg,1,1,0,0,0.42138344049453735,5,5,5,4,1,4,0,0,0
G:\Thesis\FACET_Dataset\Segmented_FACET_0.2_fixed_label\sa_3437748.jpg,7,7,6,1,0.6198042631149292,7,7,7,6,1,0,1,1,1
G:\Thesis\FACET_Dataset\Segmented_FACET_0.2_fixed_label\sa_2855400.jpg,2,2,1,0,0.42748162150382996,5,5,5,4,1,3,0,0,0
G:\Thesis\FACET_Dataset\Segmented_FACET_0.2_fixed_label\sa_2316676.jpg,2,2,1,0,0.3246743083000183,4,4,4,3,1,2,0,0,0
G:\Thesis\FACET_Dataset\Segmented_FACET_0.2_fixed_label\sa_10695373.jpg,6,6,5,1,0.4824310839176178,5,5,5,4,1,1,0,1,1
G:\Thesis\FACET_Dataset\Segmented_FACET_0.2_fixed_label\sa_9785569.jpg,7,7,6,1,0.648252546787262,7,7,7,6,1,0,1,1,1
G:\Thesis\FACET_Dataset\Segmented_FACET_0.2_fixed_label\sa_5884169.jpg,2,2,1,0,0.21628572046756744,3,3,3,2,0,1,0,1,1
G:\Thesis\FACET_Dataset\Segmented_FACET_0.2_fixed_label\sa_5058554.jpg,3,3,2,0,0.3994462192058563,5,5,5,4,1,2,0,0,0
G:\Thesis\FACET_Dataset\Segmented_FACET_0.2_fixed_label\sa_3988002.jpg,5,5,4,1,0.285031259059906,4,4,4,3,1,1,0,1,1
G:\Thesis\FACET_Dataset\Segmented_FACET_0.2_fixed_label\sa_2766659.jpg,2,2,1,0,0.320285826921463,4,4,4,3,1,2,0,0,0
G:\Thesis\FACET_Dataset\Segmented_FACET_0.2_fixed_label\sa_8826762.jpg,6,6,5,1,0.5159351229667664,6,6,6,5,1,0,1,1,1
G:\Thesis\FACET_Dataset\Segmented_FACET_0.2_fixed_label\sa_3314883.jpg,2,2,1,0,0.4523521363735199,5,5,5,4,1,3,0,0,0
G:\Thesis\FACET_Dataset\Segmented_FACET_0.2_fixed_label\sa_7671203.jpg,3,3,2,0,0.30918604135513306,4,4,4,3,1,1,0,1,0
G:\Thesis\FACET_Dataset\Segmented_FACET_0.2_fixed_label\sa_6695301.jpg,3,3,2,0,0.23259565234184265,3,3,3,2,0,0,1,1,1
G:\Thesis\FACET_Dataset\Segmented_FACET_0.2_fixed_label\sa_4973888.jpg,6,6,5,1,0.6003283858299255,6,6,6,5,1,0,1,1,1
G:\Thesis\FACET_Dataset\Segmented_FACET_0.2_fixed_label\sa_1040080.jpg,2,2,1,0,0.32592934370040894,4,4,4,3,1,2,0,0,0
G:\Thesis\FACET_Dataset\Segmented_FACET_0.2_fixed_label\sa_4790230.jpg,2,2,1,0,0.1459534764289856,2,2,2,1,0,0,1,1,1
G:\Thesis\FACET_Dataset\Segmented_FACET_0.2_fixed_label\sa_10454269.jpg,2,2,1,0,0.6837915182113647,7,7,7,6,1,5,0,0,0
G:\Thesis\FACET_Dataset\Segmented_FACET_0.2_fixed_label\sa_5556161.jpg,5,5,4,1,0.4181772768497467,5,5,5,4,1,0,1,1,1
G:\Thesis\FACET_Dataset\Segmented_FACET_0.2_fixed_label\sa_6926143.jpg,2,2,1,0,0.3330323398113251,4,4,4,3,1,2,0,0,0
G:\Thesis\FACET_Dataset\Segmented_FACET_0.2_fixed_label\sa_951035.jpg,3,3,2,0,0.48658546805381775,5,5,5,4,1,2,0,0,0
G:\Thesis\FACET_Dataset\Segmented_FACET_0.2_fixed_label\sa_5114131.jpg,6,6,5,1,0.6241639852523804,7,7,7,6,1,1,0,1,1
G:\Thesis\FACET_Dataset\Segmented_FACET_0.2_fixed_label\sa_2813753.jpg,5,5,4,1,0.2863827049732208,4,4,4,3,1,1,0,1,1
G:\Thesis\FACET_Dataset\Segmented_FACET_0.2_fixed_label\sa_836717.jpg,3,3,2,0,0.2715628743171692,3,3,3,2,0,0,1,1,1
G:\Thesis\FACET_Dataset\Segmented_FACET_0.2_fixed_label\sa_5884169.jpg,2,2,1,0,0.21628572046756744,3,3,3,2,0,1,0,1,1
G:\Thesis\FACET_Dataset\Segmented_FACET_0.2_fixed_label\sa_4528781.jpg,2,2,1,0,0.36376258730888367,4,4,4,3,1,2,0,0,0
G:\Thesis\FACET_Dataset\Segmented_FACET_0.2_fixed_label\sa_9168495.jpg,3,3,2,0,0.31203827261924744,4,4,4,3,1,1,0,1,0
G:\Thesis\FACET_Dataset\Segmented_FACET_0.2_fixed_label\sa_1215620.jpg,5,5,4,1,0.4675302803516388,5,5,5,4,1,0,1,1,1
G:\Thesis\FACET_Dataset\Segmented_FACET_0.2_fixed_label\sa_7711635.jpg,2,2,1,0,0.49728670716285706,5,5,5,4,1,3,0,0,0
G:\Thesis\FACET_Dataset\Segmented_FACET_0.2_fixed_label\sa_4714974.jpg,6,6,5,1,0.40932586789131165,5,5,5,4,1,1,0,1,1
G:\Thesis\FACET_Dataset\Segmented_FACET_0.2_fixed_label\sa_7900209.jpg,4,4,3,1,0.4097369611263275,5,5,5,4,1,1,0,1,1
G:\Thesis\FACET_Dataset\Segmented_FACET_0.2_fixed_label\sa_9181726.jpg,3,3,2,0,0.32549333572387695,4,4,4,3,1,1,0,1,0
G:\Thesis\FACET_Dataset\Segmented_FACET_0.2_fixed_label\sa_10620705.jpg,6,6,5,1,0.43664222955703735,5,5,5,4,1,1,0,1,1
G:\Thesis\FACET_Dataset\Segmented_FACET_0.2_fixed_label\sa_8935203.jpg,8,8,7,2,0.47739309072494507,5,5,5,4,1,3,0,0,0
G:\Thesis\FACET_Dataset\Segmented_FACET_0.2_fixed_label\sa_9458625.jpg,3,3,2,0,0.40569400787353516,5,5,5,4,1,2,0,0,0
G:\Thesis\FACET_Dataset\Segmented_FACET_0.2_fixed_label\sa_5318109.jpg,2,2,1,0,0.18458376824855804,3,3,3,2,0,1,0,1,1
G:\Thesis\FACET_Dataset\Segmented_FACET_0.2_fixed_label\sa_2231078.jpg,1,1,0,0,0.4471398890018463,5,5,5,4,1,4,0,0,0
G:\Thesis\FACET_Dataset\Segmented_FACET_0.2_fixed_label\sa_5905339.jpg,5,5,4,1,0.489306777715683,5,5,5,4,1,0,1,1,1
G:\Thesis\FACET_Dataset\Segmented_FACET_0.2_fixed_label\sa_7317173.jpg,3,3,2,0,0.29799574613571167,4,4,4,3,1,1,0,1,0
G:\Thesis\FACET_Dataset\Segmented_FACET_0.2_fixed_label\sa_2613318.jpg,2,2,1,0,0.14823201298713684,2,2,2,1,0,0,1,1,1
G:\Thesis\FACET_Dataset\Segmented_FACET_0.2_fixed_label\sa_2859420.jpg,6,6,5,1,0.463763564825058,5,5,5,4,1,1,0,1,1
G:\Thesis\FACET_Dataset\Segmented_FACET_0.2_fixed_label\sa_1284858.jpg,6,6,5,1,0.5592808127403259,6,6,6,5,1,0,1,1,1
G:\Thesis\FACET_Dataset\Segmented_FACET_0.2_fixed_label\sa_2069389.jpg,4,4,3,1,0.44132310152053833,5,5,5,4,1,1,0,1,1
G:\Thesis\FACET_Dataset\Segmented_FACET_0.2_fixed_label\sa_5575349.jpg,3,3,2,0,0.4060911536216736,5,5,5,4,1,2,0,0,0
G:\Thesis\FACET_Dataset\Segmented_FACET_0.2_fixed_label\sa_10417989.jpg,7,7,6,1,0.6671040654182434,7,7,7,6,1,0,1,1,1
G:\Thesis\FACET_Dataset\Segmented_FACET_0.2_fixed_label\sa_1504821.jpg,4,4,3,1,0.5663071870803833,6,6,6,5,1,2,0,0,1
G:\Thesis\FACET_Dataset\Segmented_FACET_0.2_fixed_label\sa_9128433.jpg,4,4,3,1,0.38349616527557373,4,4,4,3,1,0,1,1,1
G:\Thesis\FACET_Dataset\Segmented_FACET_0.2_fixed_label\sa_9052809.jpg,2,2,1,0,0.2912789583206177,4,4,4,3,1,2,0,0,0
G:\Thesis\FACET_Dataset\Segmented_FACET_0.2_fixed_label\sa_6934043.jpg,2,2,1,0,0.2798354923725128,4,4,4,3,1,2,0,0,0
G:\Thesis\FACET_Dataset\Segmented_FACET_0.2_fixed_label\sa_793635.jpg,2,2,1,0,0.3747009038925171,4,4,4,3,1,2,0,0,0
G:\Thesis\FACET_Dataset\Segmented_FACET_0.2_fixed_label\sa_2442521.jpg,5,5,4,1,0.4839157462120056,5,5,5,4,1,0,1,1,1
G:\Thesis\FACET_Dataset\Segmented_FACET_0.2_fixed_label\sa_4810027.jpg,5,5,4,1,0.39262235164642334,5,5,5,4,1,0,1,1,1
G:\Thesis\FACET_Dataset\Segmented_FACET_0.2_fixed_label\sa_4978955.jpg,4,4,3,1,0.41570016741752625,5,5,5,4,1,1,0,1,1
G:\Thesis\FACET_Dataset\Segmented_FACET_0.2_fixed_label\sa_3957809.jpg,6,6,5,1,0.5638938546180725,6,6,6,5,1,0,1,1,1
G:\Thesis\FACET_Dataset\Segmented_FACET_0.2_fixed_label\sa_1233528.jpg,3,3,2,0,0.3111724257469177,4,4,4,3,1,1,0,1,0
G:\Thesis\FACET_Dataset\Segmented_FACET_0.2_fixed_label\sa_7907390.jpg,3,3,2,0,0.20184828341007233,3,3,3,2,0,0,1,1,1
G:\Thesis\FACET_Dataset\Segmented_FACET_0.2_fixed_label\sa_6049073.jpg,5,5,4,1,0.2086191326379776,3,3,3,2,0,2,0,0,0
G:\Thesis\FACET_Dataset\Segmented_FACET_0.2_fixed_label\sa_1852190.jpg,4,4,3,1,0.2359085977077484,3,3,3,2,0,1,0,1,0
G:\Thesis\FACET_Dataset\Segmented_FACET_0.2_fixed_label\sa_4179516.jpg,7,7,6,1,0.6013208627700806,6,6,6,5,1,1,0,1,1
G:\Thesis\FACET_Dataset\Segmented_FACET_0.2_fixed_label\sa_3663255.jpg,3,3,2,0,0.5230483412742615,6,6,6,5,1,3,0,0,0
G:\Thesis\FACET_Dataset\Segmented_FACET_0.2_fixed_label\sa_1071665.jpg,4,4,3,1,0.518936276435852,6,6,6,5,1,2,0,0,1
G:\Thesis\FACET_Dataset\Segmented_FACET_0.2_fixed_label\sa_4674583.jpg,3,3,2,0,0.3049338161945343,4,4,4,3,1,1,0,1,0
G:\Thesis\FACET_Dataset\Segmented_FACET_0.2_fixed_label\sa_4489817.jpg,1,1,0,0,0.3929501175880432,5,5,5,4,1,4,0,0,0
G:\Thesis\FACET_Dataset\Segmented_FACET_0.2_fixed_label\sa_5625107.jpg,3,3,2,0,0.37221217155456543,4,4,4,3,1,1,0,1,0
G:\Thesis\FACET_Dataset\Segmented_FACET_0.2_fixed_label\sa_4409716.jpg,4,4,3,1,0.46070292592048645,5,5,5,4,1,1,0,1,1
G:\Thesis\FACET_Dataset\Segmented_FACET_0.2_fixed_label\sa_2299962.jpg,5,5,4,1,0.32800793647766113,4,4,4,3,1,1,0,1,1
G:\Thesis\FACET_Dataset\Segmented_FACET_0.2_fixed_label\sa_2498335.jpg,3,3,2,0,0.4576481878757477,5,5,5,4,1,2,0,0,0
G:\Thesis\FACET_Dataset\Segmented_FACET_0.2_fixed_label\sa_5487112.jpg,4,4,3,1,0.4678528904914856,5,5,5,4,1,1,0,1,1
G:\Thesis\FACET_Dataset\Segmented_FACET_0.2_fixed_label\sa_4338157.jpg,3,3,2,0,0.6178436875343323,7,7,7,6,1,4,0,0,0
G:\Thesis\FACET_Dataset\Segmented_FACET_0.2_fixed_label\sa_11153685.jpg,3,3,2,0,0.15879511833190918,2,2,2,1,0,1,0,1,1
G:\Thesis\FACET_Dataset\Segmented_FACET_0.2_fixed_label\sa_2578941.jpg,4,4,3,1,0.30656468868255615,4,4,4,3,1,0,1,1,1
G:\Thesis\FACET_Dataset\Segmented_FACET_0.2_fixed_label\sa_5285394.jpg,3,3,2,0,0.35934141278266907,4,4,4,3,1,1,0,1,0
G:\Thesis\FACET_Dataset\Segmented_FACET_0.2_fixed_label\sa_5114131.jpg,4,4,3,1,0.6241639852523804,7,7,7,6,1,3,0,0,1
G:\Thesis\FACET_Dataset\Segmented_FACET_0.2_fixed_label\sa_7926787.jpg,4,4,3,1,0.5561434626579285,6,6,6,5,1,2,0,0,1
G:\Thesis\FACET_Dataset\Segmented_FACET_0.2_fixed_label\sa_9044717.jpg,5,5,4,1,0.4412515163421631,5,5,5,4,1,0,1,1,1
G:\Thesis\FACET_Dataset\Segmented_FACET_0.2_fixed_label\sa_5459786.jpg,4,4,3,1,0.4880516231060028,5,5,5,4,1,1,0,1,1
G:\Thesis\FACET_Dataset\Segmented_FACET_0.2_fixed_label\sa_1196986.jpg,6,6,5,1,0.3854407072067261,4,4,4,3,1,2,0,0,1
G:\Thesis\FACET_Dataset\Segmented_FACET_0.2_fixed_label\sa_4284332.jpg,4,4,3,1,0.48120924830436707,5,5,5,4,1,1,0,1,1
G:\Thesis\FACET_Dataset\Segmented_FACET_0.2_fixed_label\sa_9711760.jpg,6,6,5,1,0.46810388565063477,5,5,5,4,1,1,0,1,1
G:\Thesis\FACET_Dataset\Segmented_FACET_0.2_fixed_label\sa_3577491.jpg,8,8,7,2,0.729781985282898,8,8,8,7,2,0,1,1,1
G:\Thesis\FACET_Dataset\Segmented_FACET_0.2_fixed_label\sa_8605216.jpg,2,2,1,0,0.25926831364631653,3,3,3,2,0,1,0,1,1
G:\Thesis\FACET_Dataset\Segmented_FACET_0.2_fixed_label\sa_7772297.jpg,5,5,4,1,0.5575143098831177,6,6,6,5,1,1,0,1,1
G:\Thesis\FACET_Dataset\Segmented_FACET_0.2_fixed_label\sa_1735173.jpg,2,2,1,0,0.18154695630073547,3,3,3,2,0,1,0,1,1
G:\Thesis\FACET_Dataset\Segmented_FACET_0.2_fixed_label\sa_4786068.jpg,3,3,2,0,0.49883347749710083,5,5,5,4,1,2,0,0,0
G:\Thesis\FACET_Dataset\Segmented_FACET_0.2_fixed_label\sa_2300182.jpg,4,4,3,1,0.3731694221496582,4,4,4,3,1,0,1,1,1
G:\Thesis\FACET_Dataset\Segmented_FACET_0.2_fixed_label\sa_10408922.jpg,6,6,5,1,0.576017439365387,6,6,6,5,1,0,1,1,1
G:\Thesis\FACET_Dataset\Segmented_FACET_0.2_fixed_label\sa_5429541.jpg,3,3,2,0,0.5054028034210205,6,6,6,5,1,3,0,0,0
G:\Thesis\FACET_Dataset\Segmented_FACET_0.2_fixed_label\sa_8262003.jpg,5,5,4,1,0.46766477823257446,5,5,5,4,1,0,1,1,1
G:\Thesis\FACET_Dataset\Segmented_FACET_0.2_fixed_label\sa_3478678.jpg,9,9,8,2,0.4265829026699066,5,5,5,4,1,4,0,0,0
G:\Thesis\FACET_Dataset\Segmented_FACET_0.2_fixed_label\sa_3826401.jpg,4,4,3,1,0.5877520442008972,6,6,6,5,1,2,0,0,1
G:\Thesis\FACET_Dataset\Segmented_FACET_0.2_fixed_label\sa_3626094.jpg,2,2,1,0,0.4760855734348297,5,5,5,4,1,3,0,0,0
G:\Thesis\FACET_Dataset\Segmented_FACET_0.2_fixed_label\sa_159399.jpg,4,4,3,1,0.5273181200027466,6,6,6,5,1,2,0,0,1
G:\Thesis\FACET_Dataset\Segmented_FACET_0.2_fixed_label\sa_4790230.jpg,4,4,3,1,0.1459534764289856,2,2,2,1,0,2,0,0,0
G:\Thesis\FACET_Dataset\Segmented_FACET_0.2_fixed_label\sa_10408760.jpg,2,2,1,0,0.558222234249115,6,6,6,5,1,4,0,0,0
G:\Thesis\FACET_Dataset\Segmented_FACET_0.2_fixed_label\sa_8560460.jpg,3,3,2,0,0.4118835926055908,5,5,5,4,1,2,0,0,0
G:\Thesis\FACET_Dataset\Segmented_FACET_0.2_fixed_label\sa_761497.jpg,3,3,2,0,0.3473488390445709,4,4,4,3,1,1,0,1,0
G:\Thesis\FACET_Dataset\Segmented_FACET_0.2_fixed_label\sa_5235024.jpg,3,3,2,0,0.32481253147125244,4,4,4,3,1,1,0,1,0
G:\Thesis\FACET_Dataset\Segmented_FACET_0.2_fixed_label\sa_5833346.jpg,7,7,6,1,0.6378353238105774,7,7,7,6,1,0,1,1,1
G:\Thesis\FACET_Dataset\Segmented_FACET_0.2_fixed_label\sa_6515832.jpg,4,4,3,1,0.41472327709198,5,5,5,4,1,1,0,1,1
G:\Thesis\FACET_Dataset\Segmented_FACET_0.2_fixed_label\sa_10481434.jpg,5,5,4,1,0.5145628452301025,6,6,6,5,1,1,0,1,1
G:\Thesis\FACET_Dataset\Segmented_FACET_0.2_fixed_label\sa_5885714.jpg,5,5,4,1,0.4271395802497864,5,5,5,4,1,0,1,1,1
G:\Thesis\FACET_Dataset\Segmented_FACET_0.2_fixed_label\sa_393546.jpg,3,3,2,0,0.6241470575332642,7,7,7,6,1,4,0,0,0
G:\Thesis\FACET_Dataset\Segmented_FACET_0.2_fixed_label\sa_6477036.jpg,6,6,5,1,0.47098925709724426,5,5,5,4,1,1,0,1,1
G:\Thesis\FACET_Dataset\Segmented_FACET_0.2_fixed_label\sa_2849467.jpg,3,3,2,0,0.4537230134010315,5,5,5,4,1,2,0,0,0
G:\Thesis\FACET_Dataset\Segmented_FACET_0.2_fixed_label\sa_5222679.jpg,2,2,1,0,0.23431645333766937,3,3,3,2,0,1,0,1,1
G:\Thesis\FACET_Dataset\Segmented_FACET_0.2_fixed_label\sa_1161064.jpg,6,6,5,1,0.6243019700050354,7,7,7,6,1,1,0,1,1
G:\Thesis\FACET_Dataset\Segmented_FACET_0.2_fixed_label\sa_65743.jpg,9,9,8,2,0.63177090883255,7,7,7,6,1,2,0,0,0
G:\Thesis\FACET_Dataset\Segmented_FACET_0.2_fixed_label\sa_2111165.jpg,6,6,5,1,0.4225289225578308,5,5,5,4,1,1,0,1,1
G:\Thesis\FACET_Dataset\Segmented_FACET_0.2_fixed_label\sa_4068101.jpg,6,6,5,1,0.24470220506191254,3,3,3,2,0,3,0,0,0
G:\Thesis\FACET_Dataset\Segmented_FACET_0.2_fixed_label\sa_6763195.jpg,3,3,2,0,0.45976462960243225,5,5,5,4,1,2,0,0,0
G:\Thesis\FACET_Dataset\Segmented_FACET_0.2_fixed_label\sa_8183514.jpg,7,7,6,1,0.5528929829597473,6,6,6,5,1,1,0,1,1
G:\Thesis\FACET_Dataset\Segmented_FACET_0.2_fixed_label\sa_3782304.jpg,9,9,8,2,0.6027591228485107,6,6,6,5,1,3,0,0,0
G:\Thesis\FACET_Dataset\Segmented_FACET_0.2_fixed_label\sa_1706581.jpg,9,9,8,2,0.6698171496391296,7,7,7,6,1,2,0,0,0
G:\Thesis\FACET_Dataset\Segmented_FACET_0.2_fixed_label\sa_1571272.jpg,5,5,4,1,0.4683535397052765,5,5,5,4,1,0,1,1,1
G:\Thesis\FACET_Dataset\Segmented_FACET_0.2_fixed_label\sa_10109543.jpg,3,3,2,0,0.22253626585006714,3,3,3,2,0,0,1,1,1
G:\Thesis\FACET_Dataset\Segmented_FACET_0.2_fixed_label\sa_2089512.jpg,3,3,2,0,0.4350854754447937,5,5,5,4,1,2,0,0,0
G:\Thesis\FACET_Dataset\Segmented_FACET_0.2_fixed_label\sa_3603389.jpg,7,7,6,1,0.5590731501579285,6,6,6,5,1,1,0,1,1
G:\Thesis\FACET_Dataset\Segmented_FACET_0.2_fixed_label\sa_10498237.jpg,2,2,1,0,0.5074870586395264,6,6,6,5,1,4,0,0,0
G:\Thesis\FACET_Dataset\Segmented_FACET_0.2_fixed_label\sa_3306596.jpg,3,3,2,0,0.452495276927948,5,5,5,4,1,2,0,0,0
G:\Thesis\FACET_Dataset\Segmented_FACET_0.2_fixed_label\sa_1809016.jpg,4,4,3,1,0.5822710394859314,6,6,6,5,1,2,0,0,1
G:\Thesis\FACET_Dataset\Segmented_FACET_0.2_fixed_label\sa_883786.jpg,3,3,2,0,0.37310972809791565,4,4,4,3,1,1,0,1,0
G:\Thesis\FACET_Dataset\Segmented_FACET_0.2_fixed_label\sa_6206180.jpg,6,6,5,1,0.5921800136566162,6,6,6,5,1,0,1,1,1
G:\Thesis\FACET_Dataset\Segmented_FACET_0.2_fixed_label\sa_9603108.jpg,7,7,6,1,0.5554947853088379,6,6,6,5,1,1,0,1,1
G:\Thesis\FACET_Dataset\Segmented_FACET_0.2_fixed_label\sa_7736075.jpg,3,3,2,0,0.5193572640419006,6,6,6,5,1,3,0,0,0
G:\Thesis\FACET_Dataset\Segmented_FACET_0.2_fixed_label\sa_2407728.jpg,4,4,3,1,0.49441927671432495,5,5,5,4,1,1,0,1,1
G:\Thesis\FACET_Dataset\Segmented_FACET_0.2_fixed_label\sa_9798002.jpg,5,5,4,1,0.705157458782196,7,7,7,6,1,2,0,0,1
G:\Thesis\FACET_Dataset\Segmented_FACET_0.2_fixed_label\sa_2511562.jpg,9,9,8,2,0.6862063407897949,7,7,7,6,1,2,0,0,0
G:\Thesis\FACET_Dataset\Segmented_FACET_0.2_fixed_label\sa_4790913.jpg,5,5,4,1,0.5913232564926147,6,6,6,5,1,1,0,1,1
G:\Thesis\FACET_Dataset\Segmented_FACET_0.2_fixed_label\sa_6218726.jpg,2,2,1,0,0.3810317814350128,4,4,4,3,1,2,0,0,0
G:\Thesis\FACET_Dataset\Segmented_FACET_0.2_fixed_label\sa_10498237.jpg,2,2,1,0,0.5074870586395264,6,6,6,5,1,4,0,0,0
G:\Thesis\FACET_Dataset\Segmented_FACET_0.2_fixed_label\sa_5110954.jpg,2,2,1,0,0.37214231491088867,4,4,4,3,1,2,0,0,0
G:\Thesis\FACET_Dataset\Segmented_FACET_0.2_fixed_label\sa_4490073.jpg,3,3,2,0,0.3969656527042389,5,5,5,4,1,2,0,0,0
G:\Thesis\FACET_Dataset\Segmented_FACET_0.2_fixed_label\sa_10695373.jpg,6,6,5,1,0.4824310839176178,5,5,5,4,1,1,0,1,1
G:\Thesis\FACET_Dataset\Segmented_FACET_0.2_fixed_label\sa_8942635.jpg,7,7,6,1,0.523451566696167,6,6,6,5,1,1,0,1,1
G:\Thesis\FACET_Dataset\Segmented_FACET_0.2_fixed_label\sa_476231.jpg,4,4,3,1,0.4870606064796448,5,5,5,4,1,1,0,1,1
G:\Thesis\FACET_Dataset\Segmented_FACET_0.2_fixed_label\sa_4379022.jpg,7,7,6,1,0.5658055543899536,6,6,6,5,1,1,0,1,1
G:\Thesis\FACET_Dataset\Segmented_FACET_0.2_fixed_label\sa_755916.jpg,7,7,6,1,0.508332371711731,6,6,6,5,1,1,0,1,1
G:\Thesis\FACET_Dataset\Segmented_FACET_0.2_fixed_label\sa_3096740.jpg,2,2,1,0,0.29143574833869934,4,4,4,3,1,2,0,0,0
G:\Thesis\FACET_Dataset\Segmented_FACET_0.2_fixed_label\sa_4353992.jpg,4,4,3,1,0.26459938287734985,3,3,3,2,0,1,0,1,0
G:\Thesis\FACET_Dataset\Segmented_FACET_0.2_fixed_label\sa_7470218.jpg,8,8,7,2,0.8485860228538513,9,9,9,8,2,1,0,1,1
G:\Thesis\FACET_Dataset\Segmented_FACET_0.2_fixed_label\sa_4786068.jpg,3,3,2,0,0.49883347749710083,5,5,5,4,1,2,0,0,0
G:\Thesis\FACET_Dataset\Segmented_FACET_0.2_fixed_label\sa_1403304.jpg,5,5,4,1,0.4270608723163605,5,5,5,4,1,0,1,1,1
G:\Thesis\FACET_Dataset\Segmented_FACET_0.2_fixed_label\sa_1715410.jpg,2,2,1,0,0.5153774619102478,6,6,6,5,1,4,0,0,0
G:\Thesis\FACET_Dataset\Segmented_FACET_0.2_fixed_label\sa_8314298.jpg,2,2,1,0,0.28348156809806824,4,4,4,3,1,2,0,0,0
G:\Thesis\FACET_Dataset\Segmented_FACET_0.2_fixed_label\sa_10394555.jpg,1,1,0,0,0.3195054233074188,4,4,4,3,1,3,0,0,0
G:\Thesis\FACET_Dataset\Segmented_FACET_0.2_fixed_label\sa_7147347.jpg,9,9,8,2,0.7484163045883179,8,8,8,7,2,1,0,1,1
G:\Thesis\FACET_Dataset\Segmented_FACET_0.2_fixed_label\sa_4592552.jpg,2,2,1,0,0.2242453545331955,3,3,3,2,0,1,0,1,1
G:\Thesis\FACET_Dataset\Segmented_FACET_0.2_fixed_label\sa_7795504.jpg,5,5,4,1,0.42234107851982117,5,5,5,4,1,0,1,1,1
G:\Thesis\FACET_Dataset\Segmented_FACET_0.2_fixed_label\sa_5116259.jpg,3,3,2,0,0.500553548336029,6,6,6,5,1,3,0,0,0
G:\Thesis\FACET_Dataset\Segmented_FACET_0.2_fixed_label\sa_2165146.jpg,5,5,4,1,0.35628318786621094,4,4,4,3,1,1,0,1,1
G:\Thesis\FACET_Dataset\Segmented_FACET_0.2_fixed_label\sa_7624010.jpg,6,6,5,1,0.5688199996948242,6,6,6,5,1,0,1,1,1
G:\Thesis\FACET_Dataset\Segmented_FACET_0.2_fixed_label\sa_4839035.jpg,4,4,3,1,0.4016179144382477,5,5,5,4,1,1,0,1,1
G:\Thesis\FACET_Dataset\Segmented_FACET_0.2_fixed_label\sa_573605.jpg,5,5,4,1,0.5134814381599426,6,6,6,5,1,1,0,1,1
G:\Thesis\FACET_Dataset\Segmented_FACET_0.2_fixed_label\sa_2574228.jpg,5,5,4,1,0.5666606426239014,6,6,6,5,1,1,0,1,1
G:\Thesis\FACET_Dataset\Segmented_FACET_0.2_fixed_label\sa_9156613.jpg,8,8,7,2,0.7842490673065186,8,8,8,7,2,0,1,1,1
G:\Thesis\FACET_Dataset\Segmented_FACET_0.2_fixed_label\sa_7585283.jpg,3,3,2,0,0.5052282810211182,6,6,6,5,1,3,0,0,0
G:\Thesis\FACET_Dataset\Segmented_FACET_0.2_fixed_label\sa_7222394.jpg,2,2,1,0,0.4799797534942627,5,5,5,4,1,3,0,0,0
G:\Thesis\FACET_Dataset\Segmented_FACET_0.2_fixed_label\sa_4859292.jpg,3,3,2,0,0.4504169225692749,5,5,5,4,1,2,0,0,0
G:\Thesis\FACET_Dataset\Segmented_FACET_0.2_fixed_label\sa_10201472.jpg,3,3,2,0,0.3116796612739563,4,4,4,3,1,1,0,1,0
G:\Thesis\FACET_Dataset\Segmented_FACET_0.2_fixed_label\sa_2279901.jpg,2,2,1,0,0.49033185839653015,5,5,5,4,1,3,0,0,0
G:\Thesis\FACET_Dataset\Segmented_FACET_0.2_fixed_label\sa_5934891.jpg,4,4,3,1,0.45864346623420715,5,5,5,4,1,1,0,1,1
G:\Thesis\FACET_Dataset\Segmented_FACET_0.2_fixed_label\sa_4024535.jpg,6,6,5,1,0.3112531304359436,4,4,4,3,1,2,0,0,1
G:\Thesis\FACET_Dataset\Segmented_FACET_0.2_fixed_label\sa_3660018.jpg,6,6,5,1,0.5856723785400391,6,6,6,5,1,0,1,1,1
G:\Thesis\FACET_Dataset\Segmented_FACET_0.2_fixed_label\sa_1429056.jpg,3,3,2,0,0.40744268894195557,5,5,5,4,1,2,0,0,0
G:\Thesis\FACET_Dataset\Segmented_FACET_0.2_fixed_label\sa_8189414.jpg,2,2,1,0,0.6970853805541992,7,7,7,6,1,5,0,0,0
G:\Thesis\FACET_Dataset\Segmented_FACET_0.2_fixed_label\sa_6273532.jpg,5,5,4,1,0.5412500500679016,6,6,6,5,1,1,0,1,1
G:\Thesis\FACET_Dataset\Segmented_FACET_0.2_fixed_label\sa_4686189.jpg,5,5,4,1,0.2764725387096405,3,3,3,2,0,2,0,0,0
G:\Thesis\FACET_Dataset\Segmented_FACET_0.2_fixed_label\sa_9748851.jpg,5,5,4,1,0.5839987397193909,6,6,6,5,1,1,0,1,1
G:\Thesis\FACET_Dataset\Segmented_FACET_0.2_fixed_label\sa_7613589.jpg,8,8,7,2,0.7213740944862366,7,7,7,6,1,1,0,1,0
G:\Thesis\FACET_Dataset\Segmented_FACET_0.2_fixed_label\sa_10564607.jpg,4,4,3,1,0.5006375908851624,6,6,6,5,1,2,0,0,1
G:\Thesis\FACET_Dataset\Segmented_FACET_0.2_fixed_label\sa_8324816.jpg,3,3,2,0,0.2805872857570648,4,4,4,3,1,1,0,1,0
G:\Thesis\FACET_Dataset\Segmented_FACET_0.2_fixed_label\sa_7940722.jpg,8,8,7,2,0.6200240254402161,7,7,7,6,1,1,0,1,0
G:\Thesis\FACET_Dataset\Segmented_FACET_0.2_fixed_label\sa_10301399.jpg,2,2,1,0,0.5018547773361206,6,6,6,5,1,4,0,0,0
G:\Thesis\FACET_Dataset\Segmented_FACET_0.2_fixed_label\sa_2135545.jpg,7,7,6,1,0.5416706800460815,6,6,6,5,1,1,0,1,1
G:\Thesis\FACET_Dataset\Segmented_FACET_0.2_fixed_label\sa_3264118.jpg,3,3,2,0,0.39345866441726685,5,5,5,4,1,2,0,0,0
G:\Thesis\FACET_Dataset\Segmented_FACET_0.2_fixed_label\sa_9122623.jpg,2,2,1,0,0.3029068112373352,4,4,4,3,1,2,0,0,0
G:\Thesis\FACET_Dataset\Segmented_FACET_0.2_fixed_label\sa_6297102.jpg,4,4,3,1,0.5315796136856079,6,6,6,5,1,2,0,0,1
G:\Thesis\FACET_Dataset\Segmented_FACET_0.2_fixed_label\sa_6664500.jpg,3,3,2,0,0.4914746880531311,5,5,5,4,1,2,0,0,0
G:\Thesis\FACET_Dataset\Segmented_FACET_0.2_fixed_label\sa_9547256.jpg,4,4,3,1,0.3982648551464081,5,5,5,4,1,1,0,1,1
G:\Thesis\FACET_Dataset\Segmented_FACET_0.2_fixed_label\sa_3775087.jpg,3,3,2,0,0.30993419885635376,4,4,4,3,1,1,0,1,0
G:\Thesis\FACET_Dataset\Segmented_FACET_0.2_fixed_label\sa_6045725.jpg,6,6,5,1,0.4328545928001404,5,5,5,4,1,1,0,1,1
G:\Thesis\FACET_Dataset\Segmented_FACET_0.2_fixed_label\sa_8891072.jpg,7,7,6,1,0.4528707265853882,5,5,5,4,1,2,0,0,1
G:\Thesis\FACET_Dataset\Segmented_FACET_0.2_fixed_label\sa_8930122.jpg,4,4,3,1,0.27002501487731934,3,3,3,2,0,1,0,1,0
G:\Thesis\FACET_Dataset\Segmented_FACET_0.2_fixed_label\sa_6274049.jpg,3,3,2,0,0.4185415506362915,5,5,5,4,1,2,0,0,0
G:\Thesis\FACET_Dataset\Segmented_FACET_0.2_fixed_label\sa_5812781.jpg,3,3,2,0,0.441058874130249,5,5,5,4,1,2,0,0,0
G:\Thesis\FACET_Dataset\Segmented_FACET_0.2_fixed_label\sa_1390223.jpg,4,4,3,1,0.5495498776435852,6,6,6,5,1,2,0,0,1
G:\Thesis\FACET_Dataset\Segmented_FACET_0.2_fixed_label\sa_4878664.jpg,3,3,2,0,0.3653300702571869,4,4,4,3,1,1,0,1,0
G:\Thesis\FACET_Dataset\Segmented_FACET_0.2_fixed_label\sa_10890218.jpg,4,4,3,1,0.19870859384536743,3,3,3,2,0,1,0,1,0
G:\Thesis\FACET_Dataset\Segmented_FACET_0.2_fixed_label\sa_1502766.jpg,3,3,2,0,0.3862834870815277,4,4,4,3,1,1,0,1,0
G:\Thesis\FACET_Dataset\Segmented_FACET_0.2_fixed_label\sa_2077818.jpg,5,5,4,1,0.1902647465467453,3,3,3,2,0,2,0,0,0
G:\Thesis\FACET_Dataset\Segmented_FACET_0.2_fixed_label\sa_5359669.jpg,9,9,8,2,0.7530671954154968,8,8,8,7,2,1,0,1,1
G:\Thesis\FACET_Dataset\Segmented_FACET_0.2_fixed_label\sa_4577723.jpg,4,4,3,1,0.3194520175457001,4,4,4,3,1,0,1,1,1
G:\Thesis\FACET_Dataset\Segmented_FACET_0.2_fixed_label\sa_8017136.jpg,6,6,5,1,0.4863966107368469,5,5,5,4,1,1,0,1,1
G:\Thesis\FACET_Dataset\Segmented_FACET_0.2_fixed_label\sa_1723739.jpg,2,2,1,0,0.33617615699768066,4,4,4,3,1,2,0,0,0
G:\Thesis\FACET_Dataset\Segmented_FACET_0.2_fixed_label\sa_9486856.jpg,7,7,6,1,0.4072893559932709,5,5,5,4,1,2,0,0,1
G:\Thesis\FACET_Dataset\Segmented_FACET_0.2_fixed_label\sa_10657950.jpg,3,3,2,0,0.5550649762153625,6,6,6,5,1,3,0,0,0
G:\Thesis\FACET_Dataset\Segmented_FACET_0.2_fixed_label\sa_9461045.jpg,4,4,3,1,0.3526281714439392,4,4,4,3,1,0,1,1,1
G:\Thesis\FACET_Dataset\Segmented_FACET_0.2_fixed_label\sa_9686118.jpg,3,3,2,0,0.2857343852519989,4,4,4,3,1,1,0,1,0
G:\Thesis\FACET_Dataset\Segmented_FACET_0.2_fixed_label\sa_7102163.jpg,3,3,2,0,0.29451343417167664,4,4,4,3,1,1,0,1,0
G:\Thesis\FACET_Dataset\Segmented_FACET_0.2_fixed_label\sa_2413075.jpg,4,4,3,1,0.29430896043777466,4,4,4,3,1,0,1,1,1
G:\Thesis\FACET_Dataset\Segmented_FACET_0.2_fixed_label\sa_9377080.jpg,7,7,6,1,0.49559304118156433,5,5,5,4,1,2,0,0,1
G:\Thesis\FACET_Dataset\Segmented_FACET_0.2_fixed_label\sa_2299962.jpg,5,5,4,1,0.32800793647766113,4,4,4,3,1,1,0,1,1
G:\Thesis\FACET_Dataset\Segmented_FACET_0.2_fixed_label\sa_5705790.jpg,5,5,4,1,0.425043523311615,5,5,5,4,1,0,1,1,1
G:\Thesis\FACET_Dataset\Segmented_FACET_0.2_fixed_label\sa_5735457.jpg,3,3,2,0,0.3341926634311676,4,4,4,3,1,1,0,1,0
G:\Thesis\FACET_Dataset\Segmented_FACET_0.2_fixed_label\sa_3411077.jpg,3,3,2,0,0.3044317066669464,4,4,4,3,1,1,0,1,0
G:\Thesis\FACET_Dataset\Segmented_FACET_0.2_fixed_label\sa_224638.jpg,2,2,1,0,0.4641360342502594,5,5,5,4,1,3,0,0,0
G:\Thesis\FACET_Dataset\Segmented_FACET_0.2_fixed_label\sa_233244.jpg,2,2,1,0,0.19807416200637817,3,3,3,2,0,1,0,1,1
G:\Thesis\FACET_Dataset\Segmented_FACET_0.2_fixed_label\sa_2851336.jpg,4,4,3,1,0.2794133424758911,4,4,4,3,1,0,1,1,1
G:\Thesis\FACET_Dataset\Segmented_FACET_0.2_fixed_label\sa_2066148.jpg,5,5,4,1,0.6070301532745361,6,6,6,5,1,1,0,1,1
G:\Thesis\FACET_Dataset\Segmented_FACET_0.2_fixed_label\sa_295473.jpg,3,3,2,0,0.4889242351055145,5,5,5,4,1,2,0,0,0
G:\Thesis\FACET_Dataset\Segmented_FACET_0.2_fixed_label\sa_1270708.jpg,5,5,4,1,0.5011054873466492,6,6,6,5,1,1,0,1,1
G:\Thesis\FACET_Dataset\Segmented_FACET_0.2_fixed_label\sa_5715395.jpg,2,2,1,0,0.40041959285736084,5,5,5,4,1,3,0,0,0
G:\Thesis\FACET_Dataset\Segmented_FACET_0.2_fixed_label\sa_1126554.jpg,4,4,3,1,0.43106284737586975,5,5,5,4,1,1,0,1,1
G:\Thesis\FACET_Dataset\Segmented_FACET_0.2_fixed_label\sa_8252861.jpg,2,2,1,0,0.39808037877082825,5,5,5,4,1,3,0,0,0
G:\Thesis\FACET_Dataset\Segmented_FACET_0.2_fixed_label\sa_2221792.jpg,3,3,2,0,0.29117950797080994,4,4,4,3,1,1,0,1,0
G:\Thesis\FACET_Dataset\Segmented_FACET_0.2_fixed_label\sa_4971657.jpg,2,2,1,0,0.47463157773017883,5,5,5,4,1,3,0,0,0
G:\Thesis\FACET_Dataset\Segmented_FACET_0.2_fixed_label\sa_5574212.jpg,3,3,2,0,0.333691269159317,4,4,4,3,1,1,0,1,0
G:\Thesis\FACET_Dataset\Segmented_FACET_0.2_fixed_label\sa_5819093.jpg,1,1,0,0,0.35506510734558105,4,4,4,3,1,3,0,0,0
G:\Thesis\FACET_Dataset\Segmented_FACET_0.2_fixed_label\sa_4252975.jpg,4,4,3,1,0.4791125953197479,5,5,5,4,1,1,0,1,1
G:\Thesis\FACET_Dataset\Segmented_FACET_0.2_fixed_label\sa_10683802.jpg,8,8,7,2,0.5452334880828857,6,6,6,5,1,2,0,0,0
G:\Thesis\FACET_Dataset\Segmented_FACET_0.2_fixed_label\sa_9668155.jpg,9,9,8,2,0.4921220541000366,5,5,5,4,1,4,0,0,0
G:\Thesis\FACET_Dataset\Segmented_FACET_0.2_fixed_label\sa_3443777.jpg,2,2,1,0,0.26985496282577515,3,3,3,2,0,1,0,1,1
G:\Thesis\FACET_Dataset\Segmented_FACET_0.2_fixed_label\sa_7108201.jpg,4,4,3,1,0.5397090315818787,6,6,6,5,1,2,0,0,1
G:\Thesis\FACET_Dataset\Segmented_FACET_0.2_fixed_label\sa_10448300.jpg,4,4,3,1,0.32017984986305237,4,4,4,3,1,0,1,1,1
G:\Thesis\FACET_Dataset\Segmented_FACET_0.2_fixed_label\sa_416878.jpg,6,6,5,1,0.5377340912818909,6,6,6,5,1,0,1,1,1
G:\Thesis\FACET_Dataset\Segmented_FACET_0.2_fixed_label\sa_9043875.jpg,3,3,2,0,0.33017393946647644,4,4,4,3,1,1,0,1,0
G:\Thesis\FACET_Dataset\Segmented_FACET_0.2_fixed_label\sa_9697643.jpg,9,9,8,2,0.6133281588554382,7,7,7,6,1,2,0,0,0
G:\Thesis\FACET_Dataset\Segmented_FACET_0.2_fixed_label\sa_9989289.jpg,3,3,2,0,0.3433119058609009,4,4,4,3,1,1,0,1,0
G:\Thesis\FACET_Dataset\Segmented_FACET_0.2_fixed_label\sa_10637831.jpg,5,5,4,1,0.5585052371025085,6,6,6,5,1,1,0,1,1
G:\Thesis\FACET_Dataset\Segmented_FACET_0.2_fixed_label\sa_10664435.jpg,4,4,3,1,0.5494562387466431,6,6,6,5,1,2,0,0,1
G:\Thesis\FACET_Dataset\Segmented_FACET_0.2_fixed_label\sa_10277350.jpg,6,6,5,1,0.4479335844516754,5,5,5,4,1,1,0,1,1
G:\Thesis\FACET_Dataset\Segmented_FACET_0.2_fixed_label\sa_9470464.jpg,4,4,3,1,0.3760550320148468,4,4,4,3,1,0,1,1,1
G:\Thesis\FACET_Dataset\Segmented_FACET_0.2_fixed_label\sa_3993091.jpg,4,4,3,1,0.4796481132507324,5,5,5,4,1,1,0,1,1
G:\Thesis\FACET_Dataset\Segmented_FACET_0.2_fixed_label\sa_1161064.jpg,6,6,5,1,0.6243019700050354,7,7,7,6,1,1,0,1,1
G:\Thesis\FACET_Dataset\Segmented_FACET_0.2_fixed_label\sa_4367271.jpg,5,5,4,1,0.4223558008670807,5,5,5,4,1,0,1,1,1
G:\Thesis\FACET_Dataset\Segmented_FACET_0.2_fixed_label\sa_766499.jpg,2,2,1,0,0.32070112228393555,4,4,4,3,1,2,0,0,0
G:\Thesis\FACET_Dataset\Segmented_FACET_0.2_fixed_label\sa_1040898.jpg,5,5,4,1,0.4380214214324951,5,5,5,4,1,0,1,1,1
G:\Thesis\FACET_Dataset\Segmented_FACET_0.2_fixed_label\sa_10650923.jpg,3,3,2,0,0.5905525088310242,6,6,6,5,1,3,0,0,0
G:\Thesis\FACET_Dataset\Segmented_FACET_0.2_fixed_label\sa_2526175.jpg,3,3,2,0,0.3665787875652313,4,4,4,3,1,1,0,1,0
G:\Thesis\FACET_Dataset\Segmented_FACET_0.2_fixed_label\sa_4984727.jpg,5,5,4,1,0.5803988575935364,6,6,6,5,1,1,0,1,1
G:\Thesis\FACET_Dataset\Segmented_FACET_0.2_fixed_label\sa_4244804.jpg,4,4,3,1,0.5661764740943909,6,6,6,5,1,2,0,0,1
G:\Thesis\FACET_Dataset\Segmented_FACET_0.2_fixed_label\sa_7993739.jpg,3,3,2,0,0.47762858867645264,5,5,5,4,1,2,0,0,0
G:\Thesis\FACET_Dataset\Segmented_FACET_0.2_fixed_label\sa_2949129.jpg,4,4,3,1,0.251765638589859,3,3,3,2,0,1,0,1,0
G:\Thesis\FACET_Dataset\Segmented_FACET_0.2_fixed_label\sa_1722555.jpg,6,6,5,1,0.4454391598701477,5,5,5,4,1,1,0,1,1
G:\Thesis\FACET_Dataset\Segmented_FACET_0.2_fixed_label\sa_5572435.jpg,3,3,2,0,0.5905764102935791,6,6,6,5,1,3,0,0,0
G:\Thesis\FACET_Dataset\Segmented_FACET_0.2_fixed_label\sa_4270095.jpg,4,4,3,1,0.6165318489074707,7,7,7,6,1,3,0,0,1
G:\Thesis\FACET_Dataset\Segmented_FACET_0.2_fixed_label\sa_4588306.jpg,2,2,1,0,0.2719962000846863,3,3,3,2,0,1,0,1,1
G:\Thesis\FACET_Dataset\Segmented_FACET_0.2_fixed_label\sa_10221582.jpg,2,2,1,0,0.2939862310886383,4,4,4,3,1,2,0,0,0
G:\Thesis\FACET_Dataset\Segmented_FACET_0.2_fixed_label\sa_7618611.jpg,2,2,1,0,0.40831258893013,5,5,5,4,1,3,0,0,0
G:\Thesis\FACET_Dataset\Segmented_FACET_0.2_fixed_label\sa_1990478.jpg,6,6,5,1,0.6064556241035461,6,6,6,5,1,0,1,1,1
G:\Thesis\FACET_Dataset\Segmented_FACET_0.2_fixed_label\sa_735276.jpg,2,2,1,0,0.5701345205307007,6,6,6,5,1,4,0,0,0
G:\Thesis\FACET_Dataset\Segmented_FACET_0.2_fixed_label\sa_4594483.jpg,6,6,5,1,0.5745382308959961,6,6,6,5,1,0,1,1,1
G:\Thesis\FACET_Dataset\Segmented_FACET_0.2_fixed_label\sa_4809082.jpg,4,4,3,1,0.5066179037094116,6,6,6,5,1,2,0,0,1
G:\Thesis\FACET_Dataset\Segmented_FACET_0.2_fixed_label\sa_6822219.jpg,3,3,2,0,0.4140995442867279,5,5,5,4,1,2,0,0,0
G:\Thesis\FACET_Dataset\Segmented_FACET_0.2_fixed_label\sa_2087610.jpg,2,2,1,0,0.2601207196712494,3,3,3,2,0,1,0,1,1
G:\Thesis\FACET_Dataset\Segmented_FACET_0.2_fixed_label\sa_11174704.jpg,1,1,0,0,0.3506440818309784,4,4,4,3,1,3,0,0,0
G:\Thesis\FACET_Dataset\Segmented_FACET_0.2_fixed_label\sa_5638070.jpg,4,4,3,1,0.5070810914039612,6,6,6,5,1,2,0,0,1
G:\Thesis\FACET_Dataset\Segmented_FACET_0.2_fixed_label\sa_411527.jpg,8,8,7,2,0.5919748544692993,6,6,6,5,1,2,0,0,0
G:\Thesis\FACET_Dataset\Segmented_FACET_0.2_fixed_label\sa_6696049.jpg,6,6,5,1,0.36006733775138855,4,4,4,3,1,2,0,0,1
G:\Thesis\FACET_Dataset\Segmented_FACET_0.2_fixed_label\sa_4792156.jpg,2,2,1,0,0.23396295309066772,3,3,3,2,0,1,0,1,1
G:\Thesis\FACET_Dataset\Segmented_FACET_0.2_fixed_label\sa_3775087.jpg,1,1,0,0,0.30993419885635376,4,4,4,3,1,3,0,0,0
G:\Thesis\FACET_Dataset\Segmented_FACET_0.2_fixed_label\sa_7765443.jpg,3,3,2,0,0.5948290824890137,6,6,6,5,1,3,0,0,0
G:\Thesis\FACET_Dataset\Segmented_FACET_0.2_fixed_label\sa_4313183.jpg,2,2,1,0,0.41251200437545776,5,5,5,4,1,3,0,0,0
G:\Thesis\FACET_Dataset\Segmented_FACET_0.2_fixed_label\sa_2324234.jpg,5,5,4,1,0.3877260684967041,4,4,4,3,1,1,0,1,1
G:\Thesis\FACET_Dataset\Segmented_FACET_0.2_fixed_label\sa_10720806.jpg,2,2,1,0,0.5190728306770325,6,6,6,5,1,4,0,0,0
G:\Thesis\FACET_Dataset\Segmented_FACET_0.2_fixed_label\sa_8896258.jpg,5,5,4,1,0.5817152261734009,6,6,6,5,1,1,0,1,1
G:\Thesis\FACET_Dataset\Segmented_FACET_0.2_fixed_label\sa_8063728.jpg,5,5,4,1,0.5445912480354309,6,6,6,5,1,1,0,1,1
G:\Thesis\FACET_Dataset\Segmented_FACET_0.2_fixed_label\sa_10456335.jpg,6,6,5,1,0.49535563588142395,5,5,5,4,1,1,0,1,1
G:\Thesis\FACET_Dataset\Segmented_FACET_0.2_fixed_label\sa_9987804.jpg,2,2,1,0,0.290427029132843,4,4,4,3,1,2,0,0,0
G:\Thesis\FACET_Dataset\Segmented_FACET_0.2_fixed_label\sa_5045589.jpg,6,6,5,1,0.10659535229206085,2,2,2,1,0,4,0,0,0
G:\Thesis\FACET_Dataset\Segmented_FACET_0.2_fixed_label\sa_1206887.jpg,7,7,6,1,0.3735268712043762,4,4,4,3,1,3,0,0,1
G:\Thesis\FACET_Dataset\Segmented_FACET_0.2_fixed_label\sa_619947.jpg,7,7,6,1,0.39767253398895264,5,5,5,4,1,2,0,0,1
G:\Thesis\FACET_Dataset\Segmented_FACET_0.2_fixed_label\sa_9454089.jpg,6,6,5,1,0.5313345789909363,6,6,6,5,1,0,1,1,1
G:\Thesis\FACET_Dataset\Segmented_FACET_0.2_fixed_label\sa_2393989.jpg,3,3,2,0,0.5232405662536621,6,6,6,5,1,3,0,0,0
G:\Thesis\FACET_Dataset\Segmented_FACET_0.2_fixed_label\sa_8437405.jpg,5,5,4,1,0.354263037443161,4,4,4,3,1,1,0,1,1
G:\Thesis\FACET_Dataset\Segmented_FACET_0.2_fixed_label\sa_9218280.jpg,2,2,1,0,0.48798003792762756,5,5,5,4,1,3,0,0,0
G:\Thesis\FACET_Dataset\Segmented_FACET_0.2_fixed_label\sa_208837.jpg,4,4,3,1,0.49938902258872986,5,5,5,4,1,1,0,1,1
G:\Thesis\FACET_Dataset\Segmented_FACET_0.2_fixed_label\sa_7689007.jpg,1,1,0,0,0.4119126498699188,5,5,5,4,1,4,0,0,0
G:\Thesis\FACET_Dataset\Segmented_FACET_0.2_fixed_label\sa_10267437.jpg,3,3,2,0,0.45173242688179016,5,5,5,4,1,2,0,0,0
G:\Thesis\FACET_Dataset\Segmented_FACET_0.2_fixed_label\sa_3083931.jpg,4,4,3,1,0.3503706753253937,4,4,4,3,1,0,1,1,1
G:\Thesis\FACET_Dataset\Segmented_FACET_0.2_fixed_label\sa_8554933.jpg,5,5,4,1,0.32827818393707275,4,4,4,3,1,1,0,1,1
G:\Thesis\FACET_Dataset\Segmented_FACET_0.2_fixed_label\sa_704393.jpg,3,3,2,0,0.5312173366546631,6,6,6,5,1,3,0,0,0
G:\Thesis\FACET_Dataset\Segmented_FACET_0.2_fixed_label\sa_2590827.jpg,5,5,4,1,0.5699847936630249,6,6,6,5,1,1,0,1,1
G:\Thesis\FACET_Dataset\Segmented_FACET_0.2_fixed_label\sa_3385159.jpg,4,4,3,1,0.5099451541900635,6,6,6,5,1,2,0,0,1
G:\Thesis\FACET_Dataset\Segmented_FACET_0.2_fixed_label\sa_9546707.jpg,3,3,2,0,0.2406613677740097,3,3,3,2,0,0,1,1,1
G:\Thesis\FACET_Dataset\Segmented_FACET_0.2_fixed_label\sa_9343855.jpg,5,5,4,1,0.38703975081443787,4,4,4,3,1,1,0,1,1
G:\Thesis\FACET_Dataset\Segmented_FACET_0.2_fixed_label\sa_6695624.jpg,4,4,3,1,0.5197266936302185,6,6,6,5,1,2,0,0,1
G:\Thesis\FACET_Dataset\Segmented_FACET_0.2_fixed_label\sa_4544085.jpg,4,4,3,1,0.38103750348091125,4,4,4,3,1,0,1,1,1
G:\Thesis\FACET_Dataset\Segmented_FACET_0.2_fixed_label\sa_8293466.jpg,6,6,5,1,0.6640952825546265,7,7,7,6,1,1,0,1,1
G:\Thesis\FACET_Dataset\Segmented_FACET_0.2_fixed_label\sa_1202392.jpg,5,5,4,1,0.4697250425815582,5,5,5,4,1,0,1,1,1
G:\Thesis\FACET_Dataset\Segmented_FACET_0.2_fixed_label\sa_1648600.jpg,3,3,2,0,0.5006988644599915,6,6,6,5,1,3,0,0,0
G:\Thesis\FACET_Dataset\Segmented_FACET_0.2_fixed_label\sa_8904381.jpg,4,4,3,1,0.5544559955596924,6,6,6,5,1,2,0,0,1
G:\Thesis\FACET_Dataset\Segmented_FACET_0.2_fixed_label\sa_7882255.jpg,2,2,1,0,0.30575281381607056,4,4,4,3,1,2,0,0,0
G:\Thesis\FACET_Dataset\Segmented_FACET_0.2_fixed_label\sa_3173210.jpg,3,3,2,0,0.2330799251794815,3,3,3,2,0,0,1,1,1
G:\Thesis\FACET_Dataset\Segmented_FACET_0.2_fixed_label\sa_3268349.jpg,3,3,2,0,0.36106303334236145,4,4,4,3,1,1,0,1,0
G:\Thesis\FACET_Dataset\Segmented_FACET_0.2_fixed_label\sa_2152898.jpg,3,3,2,0,0.15912115573883057,2,2,2,1,0,1,0,1,1
G:\Thesis\FACET_Dataset\Segmented_FACET_0.2_fixed_label\sa_2968574.jpg,3,3,2,0,0.2735811769962311,3,3,3,2,0,0,1,1,1
G:\Thesis\FACET_Dataset\Segmented_FACET_0.2_fixed_label\sa_10988208.jpg,2,2,1,0,0.41975218057632446,5,5,5,4,1,3,0,0,0
G:\Thesis\FACET_Dataset\Segmented_FACET_0.2_fixed_label\sa_11163732.jpg,5,5,4,1,0.5383718609809875,6,6,6,5,1,1,0,1,1
G:\Thesis\FACET_Dataset\Segmented_FACET_0.2_fixed_label\sa_2558271.jpg,6,6,5,1,0.42122045159339905,5,5,5,4,1,1,0,1,1
G:\Thesis\FACET_Dataset\Segmented_FACET_0.2_fixed_label\sa_4781667.jpg,5,5,4,1,0.527769923210144,6,6,6,5,1,1,0,1,1
G:\Thesis\FACET_Dataset\Segmented_FACET_0.2_fixed_label\sa_10884287.jpg,2,2,1,0,0.48738762736320496,5,5,5,4,1,3,0,0,0
G:\Thesis\FACET_Dataset\Segmented_FACET_0.2_fixed_label\sa_5688024.jpg,3,3,2,0,0.46825110912323,5,5,5,4,1,2,0,0,0
G:\Thesis\FACET_Dataset\Segmented_FACET_0.2_fixed_label\sa_7410480.jpg,2,2,1,0,0.3164154291152954,4,4,4,3,1,2,0,0,0
G:\Thesis\FACET_Dataset\Segmented_FACET_0.2_fixed_label\sa_2577444.jpg,3,3,2,0,0.36996376514434814,4,4,4,3,1,1,0,1,0
G:\Thesis\FACET_Dataset\Segmented_FACET_0.2_fixed_label\sa_3432349.jpg,1,1,0,0,0.21583549678325653,3,3,3,2,0,2,0,0,1
G:\Thesis\FACET_Dataset\Segmented_FACET_0.2_fixed_label\sa_7122408.jpg,4,4,3,1,0.3914951682090759,5,5,5,4,1,1,0,1,1
G:\Thesis\FACET_Dataset\Segmented_FACET_0.2_fixed_label\sa_10724087.jpg,8,8,7,2,0.5435912609100342,6,6,6,5,1,2,0,0,0
G:\Thesis\FACET_Dataset\Segmented_FACET_0.2_fixed_label\sa_4360530.jpg,2,2,1,0,0.4666860103607178,5,5,5,4,1,3,0,0,0
G:\Thesis\FACET_Dataset\Segmented_FACET_0.2_fixed_label\sa_6231023.jpg,3,3,2,0,0.5483347177505493,6,6,6,5,1,3,0,0,0
G:\Thesis\FACET_Dataset\Segmented_FACET_0.2_fixed_label\sa_5260864.jpg,3,3,2,0,0.5883839726448059,6,6,6,5,1,3,0,0,0
G:\Thesis\FACET_Dataset\Segmented_FACET_0.2_fixed_label\sa_9384747.jpg,4,4,3,1,0.4357667863368988,5,5,5,4,1,1,0,1,1
G:\Thesis\FACET_Dataset\Segmented_FACET_0.2_fixed_label\sa_11084494.jpg,2,2,1,0,0.47986114025115967,5,5,5,4,1,3,0,0,0
G:\Thesis\FACET_Dataset\Segmented_FACET_0.2_fixed_label\sa_3875043.jpg,5,5,4,1,0.4563877582550049,5,5,5,4,1,0,1,1,1
G:\Thesis\FACET_Dataset\Segmented_FACET_0.2_fixed_label\sa_4808180.jpg,3,3,2,0,0.4954656958580017,5,5,5,4,1,2,0,0,0
G:\Thesis\FACET_Dataset\Segmented_FACET_0.2_fixed_label\sa_164655.jpg,3,3,2,0,0.6737818121910095,7,7,7,6,1,4,0,0,0
G:\Thesis\FACET_Dataset\Segmented_FACET_0.2_fixed_label\sa_6837217.jpg,3,3,2,0,0.5710408091545105,6,6,6,5,1,3,0,0,0
G:\Thesis\FACET_Dataset\Segmented_FACET_0.2_fixed_label\sa_5282613.jpg,8,8,7,2,0.794049859046936,8,8,8,7,2,0,1,1,1
G:\Thesis\FACET_Dataset\Segmented_FACET_0.2_fixed_label\sa_6229908.jpg,3,3,2,0,0.3423885405063629,4,4,4,3,1,1,0,1,0
G:\Thesis\FACET_Dataset\Segmented_FACET_0.2_fixed_label\sa_6350051.jpg,2,2,1,0,0.54814213514328,6,6,6,5,1,4,0,0,0
G:\Thesis\FACET_Dataset\Segmented_FACET_0.2_fixed_label\sa_8197673.jpg,3,3,2,0,0.42736220359802246,5,5,5,4,1,2,0,0,0
G:\Thesis\FACET_Dataset\Segmented_FACET_0.2_fixed_label\sa_5459786.jpg,2,2,1,0,0.4880516231060028,5,5,5,4,1,3,0,0,0
G:\Thesis\FACET_Dataset\Segmented_FACET_0.2_fixed_label\sa_3468583.jpg,6,6,5,1,0.6944098472595215,7,7,7,6,1,1,0,1,1
G:\Thesis\FACET_Dataset\Segmented_FACET_0.2_fixed_label\sa_6801416.jpg,6,6,5,1,0.5836526155471802,6,6,6,5,1,0,1,1,1
G:\Thesis\FACET_Dataset\Segmented_FACET_0.2_fixed_label\sa_10639296.jpg,7,7,6,1,0.5155234932899475,6,6,6,5,1,1,0,1,1
G:\Thesis\FACET_Dataset\Segmented_FACET_0.2_fixed_label\sa_700587.jpg,7,7,6,1,0.500948965549469,6,6,6,5,1,1,0,1,1
G:\Thesis\FACET_Dataset\Segmented_FACET_0.2_fixed_label\sa_9159113.jpg,4,4,3,1,0.44400283694267273,5,5,5,4,1,1,0,1,1
G:\Thesis\FACET_Dataset\Segmented_FACET_0.2_fixed_label\sa_4518361.jpg,7,7,6,1,0.2612681984901428,3,3,3,2,0,4,0,0,0
G:\Thesis\FACET_Dataset\Segmented_FACET_0.2_fixed_label\sa_9940945.jpg,5,5,4,1,0.5503296852111816,6,6,6,5,1,1,0,1,1
G:\Thesis\FACET_Dataset\Segmented_FACET_0.2_fixed_label\sa_3498011.jpg,5,5,4,1,0.40640419721603394,5,5,5,4,1,0,1,1,1
G:\Thesis\FACET_Dataset\Segmented_FACET_0.2_fixed_label\sa_3063578.jpg,2,2,1,0,0.448304146528244,5,5,5,4,1,3,0,0,0
G:\Thesis\FACET_Dataset\Segmented_FACET_0.2_fixed_label\sa_1085632.jpg,3,3,2,0,0.3062405586242676,4,4,4,3,1,1,0,1,0
G:\Thesis\FACET_Dataset\Segmented_FACET_0.2_fixed_label\sa_1649830.jpg,6,6,5,1,0.40995004773139954,5,5,5,4,1,1,0,1,1
G:\Thesis\FACET_Dataset\Segmented_FACET_0.2_fixed_label\sa_7841522.jpg,6,6,5,1,0.4473637342453003,5,5,5,4,1,1,0,1,1
G:\Thesis\FACET_Dataset\Segmented_FACET_0.2_fixed_label\sa_2257401.jpg,4,4,3,1,0.431264191865921,5,5,5,4,1,1,0,1,1
G:\Thesis\FACET_Dataset\Segmented_FACET_0.2_fixed_label\sa_3488835.jpg,3,3,2,0,0.4946615993976593,5,5,5,4,1,2,0,0,0
G:\Thesis\FACET_Dataset\Segmented_FACET_0.2_fixed_label\sa_6181577.jpg,7,7,6,1,0.46765434741973877,5,5,5,4,1,2,0,0,1
G:\Thesis\FACET_Dataset\Segmented_FACET_0.2_fixed_label\sa_7910640.jpg,9,9,8,2,0.5451332926750183,6,6,6,5,1,3,0,0,0
G:\Thesis\FACET_Dataset\Segmented_FACET_0.2_fixed_label\sa_285591.jpg,2,2,1,0,0.3568073511123657,4,4,4,3,1,2,0,0,0
G:\Thesis\FACET_Dataset\Segmented_FACET_0.2_fixed_label\sa_7080856.jpg,3,3,2,0,0.46678680181503296,5,5,5,4,1,2,0,0,0
G:\Thesis\FACET_Dataset\Segmented_FACET_0.2_fixed_label\sa_4931458.jpg,4,4,3,1,0.46531590819358826,5,5,5,4,1,1,0,1,1
G:\Thesis\FACET_Dataset\Segmented_FACET_0.2_fixed_label\sa_9336068.jpg,2,2,1,0,0.19997847080230713,3,3,3,2,0,1,0,1,1
G:\Thesis\FACET_Dataset\Segmented_FACET_0.2_fixed_label\sa_3130679.jpg,7,7,6,1,0.5422282218933105,6,6,6,5,1,1,0,1,1
G:\Thesis\FACET_Dataset\Segmented_FACET_0.2_fixed_label\sa_4596018.jpg,3,3,2,0,0.44715651869773865,5,5,5,4,1,2,0,0,0
G:\Thesis\FACET_Dataset\Segmented_FACET_0.2_fixed_label\sa_116856.jpg,2,2,1,0,0.31517061591148376,4,4,4,3,1,2,0,0,0
G:\Thesis\FACET_Dataset\Segmented_FACET_0.2_fixed_label\sa_10174018.jpg,5,5,4,1,0.4979130029678345,5,5,5,4,1,0,1,1,1
G:\Thesis\FACET_Dataset\Segmented_FACET_0.2_fixed_label\sa_7425073.jpg,3,3,2,0,0.16408021748065948,2,2,2,1,0,1,0,1,1
G:\Thesis\FACET_Dataset\Segmented_FACET_0.2_fixed_label\sa_2854264.jpg,1,1,0,0,0.20765036344528198,3,3,3,2,0,2,0,0,1
G:\Thesis\FACET_Dataset\Segmented_FACET_0.2_fixed_label\sa_3342345.jpg,3,3,2,0,0.29640504717826843,4,4,4,3,1,1,0,1,0
G:\Thesis\FACET_Dataset\Segmented_FACET_0.2_fixed_label\sa_6496164.jpg,2,2,1,0,0.5039507150650024,6,6,6,5,1,4,0,0,0
G:\Thesis\FACET_Dataset\Segmented_FACET_0.2_fixed_label\sa_1019131.jpg,5,5,4,1,0.41518208384513855,5,5,5,4,1,0,1,1,1
G:\Thesis\FACET_Dataset\Segmented_FACET_0.2_fixed_label\sa_9463288.jpg,6,6,5,1,0.4847956895828247,5,5,5,4,1,1,0,1,1
G:\Thesis\FACET_Dataset\Segmented_FACET_0.2_fixed_label\sa_8493050.jpg,3,3,2,0,0.4445643723011017,5,5,5,4,1,2,0,0,0
G:\Thesis\FACET_Dataset\Segmented_FACET_0.2_fixed_label\sa_3462857.jpg,3,3,2,0,0.4532811641693115,5,5,5,4,1,2,0,0,0
G:\Thesis\FACET_Dataset\Segmented_FACET_0.2_fixed_label\sa_10174351.jpg,5,5,4,1,0.536724865436554,6,6,6,5,1,1,0,1,1
G:\Thesis\FACET_Dataset\Segmented_FACET_0.2_fixed_label\sa_395957.jpg,4,4,3,1,0.49048659205436707,5,5,5,4,1,1,0,1,1
G:\Thesis\FACET_Dataset\Segmented_FACET_0.2_fixed_label\sa_3349120.jpg,2,2,1,0,0.1509934663772583,2,2,2,1,0,0,1,1,1
G:\Thesis\FACET_Dataset\Segmented_FACET_0.2_fixed_label\sa_4883278.jpg,3,3,2,0,0.21900111436843872,3,3,3,2,0,0,1,1,1
G:\Thesis\FACET_Dataset\Segmented_FACET_0.2_fixed_label\sa_1754250.jpg,3,3,2,0,0.4371386766433716,5,5,5,4,1,2,0,0,0
G:\Thesis\FACET_Dataset\Segmented_FACET_0.2_fixed_label\sa_9623538.jpg,5,5,4,1,0.27317216992378235,3,3,3,2,0,2,0,0,0
G:\Thesis\FACET_Dataset\Segmented_FACET_0.2_fixed_label\sa_6864676.jpg,5,5,4,1,0.32738110423088074,4,4,4,3,1,1,0,1,1
G:\Thesis\FACET_Dataset\Segmented_FACET_0.2_fixed_label\sa_3528102.jpg,7,7,6,1,0.4301736056804657,5,5,5,4,1,2,0,0,1
G:\Thesis\FACET_Dataset\Segmented_FACET_0.2_fixed_label\sa_3427390.jpg,5,5,4,1,0.599343478679657,6,6,6,5,1,1,0,1,1
G:\Thesis\FACET_Dataset\Segmented_FACET_0.2_fixed_label\sa_5720992.jpg,5,5,4,1,0.5546867847442627,6,6,6,5,1,1,0,1,1
G:\Thesis\FACET_Dataset\Segmented_FACET_0.2_fixed_label\sa_5898213.jpg,3,3,2,0,0.48946696519851685,5,5,5,4,1,2,0,0,0
G:\Thesis\FACET_Dataset\Segmented_FACET_0.2_fixed_label\sa_8427177.jpg,3,3,2,0,0.4476417601108551,5,5,5,4,1,2,0,0,0
G:\Thesis\FACET_Dataset\Segmented_FACET_0.2_fixed_label\sa_2441429.jpg,2,2,1,0,0.2615596652030945,3,3,3,2,0,1,0,1,1
G:\Thesis\FACET_Dataset\Segmented_FACET_0.2_fixed_label\sa_1083087.jpg,6,6,5,1,0.6634395718574524,7,7,7,6,1,1,0,1,1
G:\Thesis\FACET_Dataset\Segmented_FACET_0.2_fixed_label\sa_3841968.jpg,2,2,1,0,0.39433351159095764,5,5,5,4,1,3,0,0,0
G:\Thesis\FACET_Dataset\Segmented_FACET_0.2_fixed_label\sa_5493425.jpg,6,6,5,1,0.5320177674293518,6,6,6,5,1,0,1,1,1
G:\Thesis\FACET_Dataset\Segmented_FACET_0.2_fixed_label\sa_7635564.jpg,3,3,2,0,0.4855104088783264,5,5,5,4,1,2,0,0,0
G:\Thesis\FACET_Dataset\Segmented_FACET_0.2_fixed_label\sa_8142394.jpg,3,3,2,0,0.3999476730823517,5,5,5,4,1,2,0,0,0
G:\Thesis\FACET_Dataset\Segmented_FACET_0.2_fixed_label\sa_4169142.jpg,7,7,6,1,0.5658762454986572,6,6,6,5,1,1,0,1,1
G:\Thesis\FACET_Dataset\Segmented_FACET_0.2_fixed_label\sa_5735246.jpg,3,3,2,0,0.5180978178977966,6,6,6,5,1,3,0,0,0
G:\Thesis\FACET_Dataset\Segmented_FACET_0.2_fixed_label\sa_11038125.jpg,2,2,1,0,0.43559497594833374,5,5,5,4,1,3,0,0,0
G:\Thesis\FACET_Dataset\Segmented_FACET_0.2_fixed_label\sa_4069391.jpg,6,6,5,1,0.4065476059913635,5,5,5,4,1,1,0,1,1
G:\Thesis\FACET_Dataset\Segmented_FACET_0.2_fixed_label\sa_5075984.jpg,7,7,6,1,0.4991619288921356,5,5,5,4,1,2,0,0,1
G:\Thesis\FACET_Dataset\Segmented_FACET_0.2_fixed_label\sa_4678099.jpg,6,6,5,1,0.5709553360939026,6,6,6,5,1,0,1,1,1
G:\Thesis\FACET_Dataset\Segmented_FACET_0.2_fixed_label\sa_3478678.jpg,8,8,7,2,0.4265829026699066,5,5,5,4,1,3,0,0,0
G:\Thesis\FACET_Dataset\Segmented_FACET_0.2_fixed_label\sa_3130679.jpg,5,5,4,1,0.5422282218933105,6,6,6,5,1,1,0,1,1
G:\Thesis\FACET_Dataset\Segmented_FACET_0.2_fixed_label\sa_10811834.jpg,3,3,2,0,0.4931296110153198,5,5,5,4,1,2,0,0,0
G:\Thesis\FACET_Dataset\Segmented_FACET_0.2_fixed_label\sa_139877.jpg,6,6,5,1,0.5241102576255798,6,6,6,5,1,0,1,1,1
G:\Thesis\FACET_Dataset\Segmented_FACET_0.2_fixed_label\sa_5176932.jpg,1,1,0,0,0.4757917523384094,5,5,5,4,1,4,0,0,0
G:\Thesis\FACET_Dataset\Segmented_FACET_0.2_fixed_label\sa_8344021.jpg,2,2,1,0,0.18625007569789886,3,3,3,2,0,1,0,1,1
G:\Thesis\FACET_Dataset\Segmented_FACET_0.2_fixed_label\sa_9110194.jpg,4,4,3,1,0.3695836365222931,4,4,4,3,1,0,1,1,1
G:\Thesis\FACET_Dataset\Segmented_FACET_0.2_fixed_label\sa_4012126.jpg,4,4,3,1,0.5354718565940857,6,6,6,5,1,2,0,0,1
G:\Thesis\FACET_Dataset\Segmented_FACET_0.2_fixed_label\sa_144272.jpg,5,5,4,1,0.20794682204723358,3,3,3,2,0,2,0,0,0
G:\Thesis\FACET_Dataset\Segmented_FACET_0.2_fixed_label\sa_8836682.jpg,9,9,8,2,0.4727383553981781,5,5,5,4,1,4,0,0,0
G:\Thesis\FACET_Dataset\Segmented_FACET_0.2_fixed_label\sa_5966367.jpg,2,2,1,0,0.4512206017971039,5,5,5,4,1,3,0,0,0
G:\Thesis\FACET_Dataset\Segmented_FACET_0.2_fixed_label\sa_7474623.jpg,5,5,4,1,0.5871404409408569,6,6,6,5,1,1,0,1,1
G:\Thesis\FACET_Dataset\Segmented_FACET_0.2_fixed_label\sa_10417254.jpg,4,4,3,1,0.3634997606277466,4,4,4,3,1,0,1,1,1
G:\Thesis\FACET_Dataset\Segmented_FACET_0.2_fixed_label\sa_975478.jpg,3,3,2,0,0.45481568574905396,5,5,5,4,1,2,0,0,0
G:\Thesis\FACET_Dataset\Segmented_FACET_0.2_fixed_label\sa_8408637.jpg,3,3,2,0,0.34142085909843445,4,4,4,3,1,1,0,1,0
G:\Thesis\FACET_Dataset\Segmented_FACET_0.2_fixed_label\sa_43021.jpg,2,2,1,0,0.46033817529678345,5,5,5,4,1,3,0,0,0
G:\Thesis\FACET_Dataset\Segmented_FACET_0.2_fixed_label\sa_756675.jpg,4,4,3,1,0.3010091483592987,4,4,4,3,1,0,1,1,1
G:\Thesis\FACET_Dataset\Segmented_FACET_0.2_fixed_label\sa_8514320.jpg,4,4,3,1,0.4052616357803345,5,5,5,4,1,1,0,1,1
G:\Thesis\FACET_Dataset\Segmented_FACET_0.2_fixed_label\sa_684150.jpg,3,3,2,0,0.20546643435955048,3,3,3,2,0,0,1,1,1
G:\Thesis\FACET_Dataset\Segmented_FACET_0.2_fixed_label\sa_8759833.jpg,2,2,1,0,0.2763139009475708,3,3,3,2,0,1,0,1,1
G:\Thesis\FACET_Dataset\Segmented_FACET_0.2_fixed_label\sa_2952491.jpg,6,6,5,1,0.5374467968940735,6,6,6,5,1,0,1,1,1
G:\Thesis\FACET_Dataset\Segmented_FACET_0.2_fixed_label\sa_3743004.jpg,5,5,4,1,0.46974360942840576,5,5,5,4,1,0,1,1,1
G:\Thesis\FACET_Dataset\Segmented_FACET_0.2_fixed_label\sa_8671362.jpg,3,3,2,0,0.5691842436790466,6,6,6,5,1,3,0,0,0
G:\Thesis\FACET_Dataset\Segmented_FACET_0.2_fixed_label\sa_4512725.jpg,4,4,3,1,0.368629515171051,4,4,4,3,1,0,1,1,1
G:\Thesis\FACET_Dataset\Segmented_FACET_0.2_fixed_label\sa_10881675.jpg,7,7,6,1,0.6283594965934753,7,7,7,6,1,0,1,1,1
G:\Thesis\FACET_Dataset\Segmented_FACET_0.2_fixed_label\sa_10480752.jpg,3,3,2,0,0.502237856388092,6,6,6,5,1,3,0,0,0
G:\Thesis\FACET_Dataset\Segmented_FACET_0.2_fixed_label\sa_7975682.jpg,3,3,2,0,0.5534841418266296,6,6,6,5,1,3,0,0,0
G:\Thesis\FACET_Dataset\Segmented_FACET_0.2_fixed_label\sa_6101481.jpg,4,4,3,1,0.4133702218532562,5,5,5,4,1,1,0,1,1
G:\Thesis\FACET_Dataset\Segmented_FACET_0.2_fixed_label\sa_7405457.jpg,2,2,1,0,0.25542762875556946,3,3,3,2,0,1,0,1,1
G:\Thesis\FACET_Dataset\Segmented_FACET_0.2_fixed_label\sa_6761319.jpg,7,7,6,1,0.48705241084098816,5,5,5,4,1,2,0,0,1
G:\Thesis\FACET_Dataset\Segmented_FACET_0.2_fixed_label\sa_11041036.jpg,2,2,1,0,0.2988022565841675,4,4,4,3,1,2,0,0,0
G:\Thesis\FACET_Dataset\Segmented_FACET_0.2_fixed_label\sa_721088.jpg,2,2,1,0,0.3105628192424774,4,4,4,3,1,2,0,0,0
G:\Thesis\FACET_Dataset\Segmented_FACET_0.2_fixed_label\sa_10621873.jpg,3,3,2,0,0.6506136059761047,7,7,7,6,1,4,0,0,0
G:\Thesis\FACET_Dataset\Segmented_FACET_0.2_fixed_label\sa_2485477.jpg,5,5,4,1,0.35982200503349304,4,4,4,3,1,1,0,1,1
G:\Thesis\FACET_Dataset\Segmented_FACET_0.2_fixed_label\sa_4352310.jpg,3,3,2,0,0.4265207052230835,5,5,5,4,1,2,0,0,0
G:\Thesis\FACET_Dataset\Segmented_FACET_0.2_fixed_label\sa_6458048.jpg,3,3,2,0,0.5040517449378967,6,6,6,5,1,3,0,0,0
G:\Thesis\FACET_Dataset\Segmented_FACET_0.2_fixed_label\sa_10802327.jpg,2,2,1,0,0.2512030005455017,3,3,3,2,0,1,0,1,1
G:\Thesis\FACET_Dataset\Segmented_FACET_0.2_fixed_label\sa_1229254.jpg,3,3,2,0,0.39644020795822144,5,5,5,4,1,2,0,0,0
G:\Thesis\FACET_Dataset\Segmented_FACET_0.2_fixed_label\sa_3176102.jpg,3,3,2,0,0.32004016637802124,4,4,4,3,1,1,0,1,0
G:\Thesis\FACET_Dataset\Segmented_FACET_0.2_fixed_label\sa_6069199.jpg,7,7,6,1,0.511443018913269,6,6,6,5,1,1,0,1,1
G:\Thesis\FACET_Dataset\Segmented_FACET_0.2_fixed_label\sa_3625603.jpg,3,3,2,0,0.5365878939628601,6,6,6,5,1,3,0,0,0
G:\Thesis\FACET_Dataset\Segmented_FACET_0.2_fixed_label\sa_832972.jpg,3,3,2,0,0.24694514274597168,3,3,3,2,0,0,1,1,1
G:\Thesis\FACET_Dataset\Segmented_FACET_0.2_fixed_label\sa_10498237.jpg,2,2,1,0,0.5074870586395264,6,6,6,5,1,4,0,0,0
G:\Thesis\FACET_Dataset\Segmented_FACET_0.2_fixed_label\sa_8748882.jpg,5,5,4,1,0.47388553619384766,5,5,5,4,1,0,1,1,1
G:\Thesis\FACET_Dataset\Segmented_FACET_0.2_fixed_label\sa_5717218.jpg,4,4,3,1,0.336853951215744,4,4,4,3,1,0,1,1,1
G:\Thesis\FACET_Dataset\Segmented_FACET_0.2_fixed_label\sa_10003058.jpg,5,5,4,1,0.47510361671447754,5,5,5,4,1,0,1,1,1
G:\Thesis\FACET_Dataset\Segmented_FACET_0.2_fixed_label\sa_1541786.jpg,5,5,4,1,0.5866199731826782,6,6,6,5,1,1,0,1,1
G:\Thesis\FACET_Dataset\Segmented_FACET_0.2_fixed_label\sa_10899468.jpg,3,3,2,0,0.38700082898139954,4,4,4,3,1,1,0,1,0
G:\Thesis\FACET_Dataset\Segmented_FACET_0.2_fixed_label\sa_4185296.jpg,4,4,3,1,0.29606732726097107,4,4,4,3,1,0,1,1,1
G:\Thesis\FACET_Dataset\Segmented_FACET_0.2_fixed_label\sa_8313980.jpg,4,4,3,1,0.23842956125736237,3,3,3,2,0,1,0,1,0
G:\Thesis\FACET_Dataset\Segmented_FACET_0.2_fixed_label\sa_6578720.jpg,2,2,1,0,0.1216089129447937,2,2,2,1,0,0,1,1,1
G:\Thesis\FACET_Dataset\Segmented_FACET_0.2_fixed_label\sa_7853872.jpg,3,3,2,0,0.30142632126808167,4,4,4,3,1,1,0,1,0
G:\Thesis\FACET_Dataset\Segmented_FACET_0.2_fixed_label\sa_3177886.jpg,4,4,3,1,0.3531612753868103,4,4,4,3,1,0,1,1,1
G:\Thesis\FACET_Dataset\Segmented_FACET_0.2_fixed_label\sa_7828662.jpg,4,4,3,1,0.3920476734638214,5,5,5,4,1,1,0,1,1
G:\Thesis\FACET_Dataset\Segmented_FACET_0.2_fixed_label\sa_10329456.jpg,2,2,1,0,0.34462857246398926,4,4,4,3,1,2,0,0,0
G:\Thesis\FACET_Dataset\Segmented_FACET_0.2_fixed_label\sa_3699842.jpg,3,3,2,0,0.22432897984981537,3,3,3,2,0,0,1,1,1
G:\Thesis\FACET_Dataset\Segmented_FACET_0.2_fixed_label\sa_2377855.jpg,8,8,7,2,0.6090037822723389,6,6,6,5,1,2,0,0,0
G:\Thesis\FACET_Dataset\Segmented_FACET_0.2_fixed_label\sa_8690131.jpg,5,5,4,1,0.3592493236064911,4,4,4,3,1,1,0,1,1
G:\Thesis\FACET_Dataset\Segmented_FACET_0.2_fixed_label\sa_3921809.jpg,5,5,4,1,0.4597040116786957,5,5,5,4,1,0,1,1,1
G:\Thesis\FACET_Dataset\Segmented_FACET_0.2_fixed_label\sa_2684937.jpg,2,2,1,0,0.6330910921096802,7,7,7,6,1,5,0,0,0
G:\Thesis\FACET_Dataset\Segmented_FACET_0.2_fixed_label\sa_9354391.jpg,3,3,2,0,0.2033928483724594,3,3,3,2,0,0,1,1,1
G:\Thesis\FACET_Dataset\Segmented_FACET_0.2_fixed_label\sa_9564189.jpg,2,2,1,0,0.4349669814109802,5,5,5,4,1,3,0,0,0
G:\Thesis\FACET_Dataset\Segmented_FACET_0.2_fixed_label\sa_8250972.jpg,6,6,5,1,0.46774613857269287,5,5,5,4,1,1,0,1,1
G:\Thesis\FACET_Dataset\Segmented_FACET_0.2_fixed_label\sa_585794.jpg,4,4,3,1,0.471415251493454,5,5,5,4,1,1,0,1,1
G:\Thesis\FACET_Dataset\Segmented_FACET_0.2_fixed_label\sa_3152909.jpg,3,3,2,0,0.5047220587730408,6,6,6,5,1,3,0,0,0
G:\Thesis\FACET_Dataset\Segmented_FACET_0.2_fixed_label\sa_3135328.jpg,5,5,4,1,0.5922250151634216,6,6,6,5,1,1,0,1,1
G:\Thesis\FACET_Dataset\Segmented_FACET_0.2_fixed_label\sa_4588306.jpg,2,2,1,0,0.2719962000846863,3,3,3,2,0,1,0,1,1
G:\Thesis\FACET_Dataset\Segmented_FACET_0.2_fixed_label\sa_1996974.jpg,5,5,4,1,0.39760175347328186,5,5,5,4,1,0,1,1,1
G:\Thesis\FACET_Dataset\Segmented_FACET_0.2_fixed_label\sa_2889760.jpg,6,6,5,1,0.4387446343898773,5,5,5,4,1,1,0,1,1
G:\Thesis\FACET_Dataset\Segmented_FACET_0.2_fixed_label\sa_1978583.jpg,5,5,4,1,0.4540303349494934,5,5,5,4,1,0,1,1,1
G:\Thesis\FACET_Dataset\Segmented_FACET_0.2_fixed_label\sa_10002712.jpg,4,4,3,1,0.3997311592102051,5,5,5,4,1,1,0,1,1
G:\Thesis\FACET_Dataset\Segmented_FACET_0.2_fixed_label\sa_5999444.jpg,6,6,5,1,0.6443451046943665,7,7,7,6,1,1,0,1,1
G:\Thesis\FACET_Dataset\Segmented_FACET_0.2_fixed_label\sa_5858945.jpg,4,4,3,1,0.49510204792022705,5,5,5,4,1,1,0,1,1
G:\Thesis\FACET_Dataset\Segmented_FACET_0.2_fixed_label\sa_3627160.jpg,3,3,2,0,0.4553217887878418,5,5,5,4,1,2,0,0,0
G:\Thesis\FACET_Dataset\Segmented_FACET_0.2_fixed_label\sa_6812175.jpg,3,3,2,0,0.5226497054100037,6,6,6,5,1,3,0,0,0
G:\Thesis\FACET_Dataset\Segmented_FACET_0.2_fixed_label\sa_9563959.jpg,3,3,2,0,0.4545705318450928,5,5,5,4,1,2,0,0,0
G:\Thesis\FACET_Dataset\Segmented_FACET_0.2_fixed_label\sa_4521162.jpg,3,3,2,0,0.4032856225967407,5,5,5,4,1,2,0,0,0
G:\Thesis\FACET_Dataset\Segmented_FACET_0.2_fixed_label\sa_10001648.jpg,6,6,5,1,0.4226897656917572,5,5,5,4,1,1,0,1,1
G:\Thesis\FACET_Dataset\Segmented_FACET_0.2_fixed_label\sa_801379.jpg,4,4,3,1,0.5484038591384888,6,6,6,5,1,2,0,0,1
G:\Thesis\FACET_Dataset\Segmented_FACET_0.2_fixed_label\sa_6546235.jpg,6,6,5,1,0.5720245242118835,6,6,6,5,1,0,1,1,1
G:\Thesis\FACET_Dataset\Segmented_FACET_0.2_fixed_label\sa_2411349.jpg,4,4,3,1,0.43307021260261536,5,5,5,4,1,1,0,1,1
G:\Thesis\FACET_Dataset\Segmented_FACET_0.2_fixed_label\sa_10821561.jpg,3,3,2,0,0.31919384002685547,4,4,4,3,1,1,0,1,0
G:\Thesis\FACET_Dataset\Segmented_FACET_0.2_fixed_label\sa_1041700.jpg,2,2,1,0,0.51131671667099,6,6,6,5,1,4,0,0,0
G:\Thesis\FACET_Dataset\Segmented_FACET_0.2_fixed_label\sa_10964667.jpg,3,3,2,0,0.49876606464385986,5,5,5,4,1,2,0,0,0
G:\Thesis\FACET_Dataset\Segmented_FACET_0.2_fixed_label\sa_3275694.jpg,6,6,5,1,0.5596247911453247,6,6,6,5,1,0,1,1,1
G:\Thesis\FACET_Dataset\Segmented_FACET_0.2_fixed_label\sa_5982826.jpg,8,8,7,2,0.6303054690361023,7,7,7,6,1,1,0,1,0
G:\Thesis\FACET_Dataset\Segmented_FACET_0.2_fixed_label\sa_4407036.jpg,1,1,0,0,0.3536542057991028,4,4,4,3,1,3,0,0,0
G:\Thesis\FACET_Dataset\Segmented_FACET_0.2_fixed_label\sa_10189697.jpg,7,7,6,1,0.6676613688468933,7,7,7,6,1,0,1,1,1
G:\Thesis\FACET_Dataset\Segmented_FACET_0.2_fixed_label\sa_8011527.jpg,2,2,1,0,0.5740664601325989,6,6,6,5,1,4,0,0,0
G:\Thesis\FACET_Dataset\Segmented_FACET_0.2_fixed_label\sa_273420.jpg,4,4,3,1,0.19850683212280273,3,3,3,2,0,1,0,1,0
G:\Thesis\FACET_Dataset\Segmented_FACET_0.2_fixed_label\sa_1809016.jpg,4,4,3,1,0.5822710394859314,6,6,6,5,1,2,0,0,1
G:\Thesis\FACET_Dataset\Segmented_FACET_0.2_fixed_label\sa_8448924.jpg,7,7,6,1,0.6271024942398071,7,7,7,6,1,0,1,1,1
G:\Thesis\FACET_Dataset\Segmented_FACET_0.2_fixed_label\sa_4781192.jpg,2,2,1,0,0.5598730444908142,6,6,6,5,1,4,0,0,0
G:\Thesis\FACET_Dataset\Segmented_FACET_0.2_fixed_label\sa_2278640.jpg,2,2,1,0,0.326887845993042,4,4,4,3,1,2,0,0,0
G:\Thesis\FACET_Dataset\Segmented_FACET_0.2_fixed_label\sa_7429624.jpg,6,6,5,1,0.5095640420913696,6,6,6,5,1,0,1,1,1
G:\Thesis\FACET_Dataset\Segmented_FACET_0.2_fixed_label\sa_3973611.jpg,4,4,3,1,0.6137711405754089,7,7,7,6,1,3,0,0,1
G:\Thesis\FACET_Dataset\Segmented_FACET_0.2_fixed_label\sa_4586335.jpg,3,3,2,0,0.3251205384731293,4,4,4,3,1,1,0,1,0
G:\Thesis\FACET_Dataset\Segmented_FACET_0.2_fixed_label\sa_7237800.jpg,7,7,6,1,0.5277993679046631,6,6,6,5,1,1,0,1,1
G:\Thesis\FACET_Dataset\Segmented_FACET_0.2_fixed_label\sa_2965847.jpg,5,5,4,1,0.5412968397140503,6,6,6,5,1,1,0,1,1
G:\Thesis\FACET_Dataset\Segmented_FACET_0.2_fixed_label\sa_10267437.jpg,4,4,3,1,0.45173242688179016,5,5,5,4,1,1,0,1,1
G:\Thesis\FACET_Dataset\Segmented_FACET_0.2_fixed_label\sa_1874625.jpg,4,4,3,1,0.5253039002418518,6,6,6,5,1,2,0,0,1
G:\Thesis\FACET_Dataset\Segmented_FACET_0.2_fixed_label\sa_10782000.jpg,7,7,6,1,0.7236042618751526,8,8,8,7,2,1,0,1,0
G:\Thesis\FACET_Dataset\Segmented_FACET_0.2_fixed_label\sa_3681103.jpg,3,3,2,0,0.48984813690185547,5,5,5,4,1,2,0,0,0
G:\Thesis\FACET_Dataset\Segmented_FACET_0.2_fixed_label\sa_7491961.jpg,4,4,3,1,0.5007495880126953,6,6,6,5,1,2,0,0,1
G:\Thesis\FACET_Dataset\Segmented_FACET_0.2_fixed_label\sa_3841968.jpg,5,5,4,1,0.39433351159095764,5,5,5,4,1,0,1,1,1
G:\Thesis\FACET_Dataset\Segmented_FACET_0.2_fixed_label\sa_5158655.jpg,7,7,6,1,0.6811994910240173,7,7,7,6,1,0,1,1,1
G:\Thesis\FACET_Dataset\Segmented_FACET_0.2_fixed_label\sa_1249342.jpg,4,4,3,1,0.3498244285583496,4,4,4,3,1,0,1,1,1
G:\Thesis\FACET_Dataset\Segmented_FACET_0.2_fixed_label\sa_1105627.jpg,3,3,2,0,0.3376654386520386,4,4,4,3,1,1,0,1,0
G:\Thesis\FACET_Dataset\Segmented_FACET_0.2_fixed_label\sa_2785970.jpg,3,3,2,0,0.30458658933639526,4,4,4,3,1,1,0,1,0
G:\Thesis\FACET_Dataset\Segmented_FACET_0.2_fixed_label\sa_1170848.jpg,3,3,2,0,0.5657219886779785,6,6,6,5,1,3,0,0,0
G:\Thesis\FACET_Dataset\Segmented_FACET_0.2_fixed_label\sa_196464.jpg,8,8,7,2,0.7421127557754517,8,8,8,7,2,0,1,1,1
G:\Thesis\FACET_Dataset\Segmented_FACET_0.2_fixed_label\sa_6229908.jpg,2,2,1,0,0.3423885405063629,4,4,4,3,1,2,0,0,0
G:\Thesis\FACET_Dataset\Segmented_FACET_0.2_fixed_label\sa_6353199.jpg,2,2,1,0,0.38909751176834106,5,5,5,4,1,3,0,0,0
G:\Thesis\FACET_Dataset\Segmented_FACET_0.2_fixed_label\sa_9249401.jpg,3,3,2,0,0.3720315098762512,4,4,4,3,1,1,0,1,0
G:\Thesis\FACET_Dataset\Segmented_FACET_0.2_fixed_label\sa_639715.jpg,5,5,4,1,0.4167788028717041,5,5,5,4,1,0,1,1,1
G:\Thesis\FACET_Dataset\Segmented_FACET_0.2_fixed_label\sa_4528508.jpg,5,5,4,1,0.4669921100139618,5,5,5,4,1,0,1,1,1
G:\Thesis\FACET_Dataset\Segmented_FACET_0.2_fixed_label\sa_10022161.jpg,2,2,1,0,0.46365711092948914,5,5,5,4,1,3,0,0,0
G:\Thesis\FACET_Dataset\Segmented_FACET_0.2_fixed_label\sa_7060267.jpg,2,2,1,0,0.6054230332374573,6,6,6,5,1,4,0,0,0
G:\Thesis\FACET_Dataset\Segmented_FACET_0.2_fixed_label\sa_7771062.jpg,3,3,2,0,0.3350500464439392,4,4,4,3,1,1,0,1,0
G:\Thesis\FACET_Dataset\Segmented_FACET_0.2_fixed_label\sa_1886950.jpg,8,8,7,2,0.44929879903793335,5,5,5,4,1,3,0,0,0
G:\Thesis\FACET_Dataset\Segmented_FACET_0.2_fixed_label\sa_3065809.jpg,5,5,4,1,0.5845310091972351,6,6,6,5,1,1,0,1,1
G:\Thesis\FACET_Dataset\Segmented_FACET_0.2_fixed_label\sa_6533539.jpg,6,6,5,1,0.5798625946044922,6,6,6,5,1,0,1,1,1
G:\Thesis\FACET_Dataset\Segmented_FACET_0.2_fixed_label\sa_8867275.jpg,2,2,1,0,0.1194985881447792,2,2,2,1,0,0,1,1,1
G:\Thesis\FACET_Dataset\Segmented_FACET_0.2_fixed_label\sa_6418033.jpg,4,4,3,1,0.5434423685073853,6,6,6,5,1,2,0,0,1
G:\Thesis\FACET_Dataset\Segmented_FACET_0.2_fixed_label\sa_7680187.jpg,2,2,1,0,0.28630611300468445,4,4,4,3,1,2,0,0,0
G:\Thesis\FACET_Dataset\Segmented_FACET_0.2_fixed_label\sa_9665972.jpg,2,2,1,0,0.419938862323761,5,5,5,4,1,3,0,0,0
G:\Thesis\FACET_Dataset\Segmented_FACET_0.2_fixed_label\sa_2320381.jpg,3,3,2,0,0.34642550349235535,4,4,4,3,1,1,0,1,0
G:\Thesis\FACET_Dataset\Segmented_FACET_0.2_fixed_label\sa_9152044.jpg,4,4,3,1,0.432827889919281,5,5,5,4,1,1,0,1,1
G:\Thesis\FACET_Dataset\Segmented_FACET_0.2_fixed_label\sa_6106860.jpg,2,2,1,0,0.22521363198757172,3,3,3,2,0,1,0,1,1
G:\Thesis\FACET_Dataset\Segmented_FACET_0.2_fixed_label\sa_4835154.jpg,5,5,4,1,0.6764765381813049,7,7,7,6,1,2,0,0,1
G:\Thesis\FACET_Dataset\Segmented_FACET_0.2_fixed_label\sa_5589099.jpg,3,3,2,0,0.3921065330505371,5,5,5,4,1,2,0,0,0
G:\Thesis\FACET_Dataset\Segmented_FACET_0.2_fixed_label\sa_9174572.jpg,2,2,1,0,0.4154680073261261,5,5,5,4,1,3,0,0,0
G:\Thesis\FACET_Dataset\Segmented_FACET_0.2_fixed_label\sa_9464221.jpg,3,3,2,0,0.3169156610965729,4,4,4,3,1,1,0,1,0
G:\Thesis\FACET_Dataset\Segmented_FACET_0.2_fixed_label\sa_4101104.jpg,4,4,3,1,0.5054734945297241,6,6,6,5,1,2,0,0,1
G:\Thesis\FACET_Dataset\Segmented_FACET_0.2_fixed_label\sa_3900050.jpg,5,5,4,1,0.5242976546287537,6,6,6,5,1,1,0,1,1
G:\Thesis\FACET_Dataset\Segmented_FACET_0.2_fixed_label\sa_2782825.jpg,4,4,3,1,0.3999132215976715,5,5,5,4,1,1,0,1,1
G:\Thesis\FACET_Dataset\Segmented_FACET_0.2_fixed_label\sa_4462916.jpg,4,4,3,1,0.24817386269569397,3,3,3,2,0,1,0,1,0
G:\Thesis\FACET_Dataset\Segmented_FACET_0.2_fixed_label\sa_4490676.jpg,6,6,5,1,0.6490188241004944,7,7,7,6,1,1,0,1,1
G:\Thesis\FACET_Dataset\Segmented_FACET_0.2_fixed_label\sa_7841522.jpg,6,6,5,1,0.4473637342453003,5,5,5,4,1,1,0,1,1
G:\Thesis\FACET_Dataset\Segmented_FACET_0.2_fixed_label\sa_7930860.jpg,5,5,4,1,0.5065420866012573,6,6,6,5,1,1,0,1,1
G:\Thesis\FACET_Dataset\Segmented_FACET_0.2_fixed_label\sa_1163698.jpg,4,4,3,1,0.6828988790512085,7,7,7,6,1,3,0,0,1
G:\Thesis\FACET_Dataset\Segmented_FACET_0.2_fixed_label\sa_11027219.jpg,3,3,2,0,0.6595965623855591,7,7,7,6,1,4,0,0,0
G:\Thesis\FACET_Dataset\Segmented_FACET_0.2_fixed_label\sa_10531868.jpg,3,3,2,0,0.3523117005825043,4,4,4,3,1,1,0,1,0
G:\Thesis\FACET_Dataset\Segmented_FACET_0.2_fixed_label\sa_10235089.jpg,8,8,7,2,0.3411959111690521,4,4,4,3,1,4,0,0,0
G:\Thesis\FACET_Dataset\Segmented_FACET_0.2_fixed_label\sa_5889695.jpg,6,6,5,1,0.6039688587188721,6,6,6,5,1,0,1,1,1
G:\Thesis\FACET_Dataset\Segmented_FACET_0.2_fixed_label\sa_5504254.jpg,2,2,1,0,0.28069525957107544,4,4,4,3,1,2,0,0,0
G:\Thesis\FACET_Dataset\Segmented_FACET_0.2_fixed_label\sa_4138210.jpg,2,2,1,0,0.40935635566711426,5,5,5,4,1,3,0,0,0
G:\Thesis\FACET_Dataset\Segmented_FACET_0.2_fixed_label\sa_1428763.jpg,5,5,4,1,0.5600175261497498,6,6,6,5,1,1,0,1,1
G:\Thesis\FACET_Dataset\Segmented_FACET_0.2_fixed_label\sa_7377444.jpg,2,2,1,0,0.24935699999332428,3,3,3,2,0,1,0,1,1
G:\Thesis\FACET_Dataset\Segmented_FACET_0.2_fixed_label\sa_3110162.jpg,4,4,3,1,0.33816295862197876,4,4,4,3,1,0,1,1,1
G:\Thesis\FACET_Dataset\Segmented_FACET_0.2_fixed_label\sa_7447224.jpg,4,4,3,1,0.5603205561637878,6,6,6,5,1,2,0,0,1
G:\Thesis\FACET_Dataset\Segmented_FACET_0.2_fixed_label\sa_11027874.jpg,2,2,1,0,0.360080748796463,4,4,4,3,1,2,0,0,0
G:\Thesis\FACET_Dataset\Segmented_FACET_0.2_fixed_label\sa_4501234.jpg,6,6,5,1,0.5511454343795776,6,6,6,5,1,0,1,1,1
G:\Thesis\FACET_Dataset\Segmented_FACET_0.2_fixed_label\sa_2343576.jpg,3,3,2,0,0.23586083948612213,3,3,3,2,0,0,1,1,1
G:\Thesis\FACET_Dataset\Segmented_FACET_0.2_fixed_label\sa_665782.jpg,2,2,1,0,0.4676949381828308,5,5,5,4,1,3,0,0,0
G:\Thesis\FACET_Dataset\Segmented_FACET_0.2_fixed_label\sa_8553302.jpg,9,9,8,2,0.44241079688072205,5,5,5,4,1,4,0,0,0
G:\Thesis\FACET_Dataset\Segmented_FACET_0.2_fixed_label\sa_10618926.jpg,4,4,3,1,0.4834727346897125,5,5,5,4,1,1,0,1,1
G:\Thesis\FACET_Dataset\Segmented_FACET_0.2_fixed_label\sa_10408760.jpg,4,4,3,1,0.558222234249115,6,6,6,5,1,2,0,0,1
G:\Thesis\FACET_Dataset\Segmented_FACET_0.2_fixed_label\sa_8743424.jpg,2,2,1,0,0.2788296639919281,4,4,4,3,1,2,0,0,0
G:\Thesis\FACET_Dataset\Segmented_FACET_0.2_fixed_label\sa_5633666.jpg,4,4,3,1,0.49178528785705566,5,5,5,4,1,1,0,1,1
G:\Thesis\FACET_Dataset\Segmented_FACET_0.2_fixed_label\sa_5187236.jpg,3,3,2,0,0.40875351428985596,5,5,5,4,1,2,0,0,0
G:\Thesis\FACET_Dataset\Segmented_FACET_0.2_fixed_label\sa_10786063.jpg,3,3,2,0,0.7305982708930969,8,8,8,7,2,5,0,0,0
G:\Thesis\FACET_Dataset\Segmented_FACET_0.2_fixed_label\sa_2257401.jpg,4,4,3,1,0.431264191865921,5,5,5,4,1,1,0,1,1
G:\Thesis\FACET_Dataset\Segmented_FACET_0.2_fixed_label\sa_7593135.jpg,3,3,2,0,0.4312971830368042,5,5,5,4,1,2,0,0,0
G:\Thesis\FACET_Dataset\Segmented_FACET_0.2_fixed_label\sa_5460606.jpg,2,2,1,0,0.14463074505329132,2,2,2,1,0,0,1,1,1
G:\Thesis\FACET_Dataset\Segmented_FACET_0.2_fixed_label\sa_9198606.jpg,4,4,3,1,0.3552132546901703,4,4,4,3,1,0,1,1,1
G:\Thesis\FACET_Dataset\Segmented_FACET_0.2_fixed_label\sa_5514513.jpg,2,2,1,0,0.355778306722641,4,4,4,3,1,2,0,0,0
G:\Thesis\FACET_Dataset\Segmented_FACET_0.2_fixed_label\sa_5574212.jpg,3,3,2,0,0.333691269159317,4,4,4,3,1,1,0,1,0
G:\Thesis\FACET_Dataset\Segmented_FACET_0.2_fixed_label\sa_9476713.jpg,6,6,5,1,0.4806627035140991,5,5,5,4,1,1,0,1,1
G:\Thesis\FACET_Dataset\Segmented_FACET_0.2_fixed_label\sa_896542.jpg,5,5,4,1,0.49688103795051575,5,5,5,4,1,0,1,1,1
G:\Thesis\FACET_Dataset\Segmented_FACET_0.2_fixed_label\sa_5834056.jpg,4,4,3,1,0.5254648327827454,6,6,6,5,1,2,0,0,1
G:\Thesis\FACET_Dataset\Segmented_FACET_0.2_fixed_label\sa_10242779.jpg,9,9,8,2,0.41085559129714966,5,5,5,4,1,4,0,0,0
G:\Thesis\FACET_Dataset\Segmented_FACET_0.2_fixed_label\sa_6269457.jpg,2,2,1,0,0.6024878621101379,6,6,6,5,1,4,0,0,0
G:\Thesis\FACET_Dataset\Segmented_FACET_0.2_fixed_label\sa_4596018.jpg,2,2,1,0,0.44715651869773865,5,5,5,4,1,3,0,0,0
G:\Thesis\FACET_Dataset\Segmented_FACET_0.2_fixed_label\sa_867907.jpg,4,4,3,1,0.3519338071346283,4,4,4,3,1,0,1,1,1
G:\Thesis\FACET_Dataset\Segmented_FACET_0.2_fixed_label\sa_4512725.jpg,3,3,2,0,0.368629515171051,4,4,4,3,1,1,0,1,0
G:\Thesis\FACET_Dataset\Segmented_FACET_0.2_fixed_label\sa_7178590.jpg,3,3,2,0,0.3086501359939575,4,4,4,3,1,1,0,1,0
G:\Thesis\FACET_Dataset\Segmented_FACET_0.2_fixed_label\sa_8079735.jpg,6,6,5,1,0.3130360245704651,4,4,4,3,1,2,0,0,1
G:\Thesis\FACET_Dataset\Segmented_FACET_0.2_fixed_label\sa_8845214.jpg,3,3,2,0,0.18220272660255432,3,3,3,2,0,0,1,1,1
G:\Thesis\FACET_Dataset\Segmented_FACET_0.2_fixed_label\sa_5716175.jpg,2,2,1,0,0.2140221893787384,3,3,3,2,0,1,0,1,1
G:\Thesis\FACET_Dataset\Segmented_FACET_0.2_fixed_label\sa_6174904.jpg,2,2,1,0,0.4843939244747162,5,5,5,4,1,3,0,0,0
G:\Thesis\FACET_Dataset\Segmented_FACET_0.2_fixed_label\sa_4040599.jpg,5,5,4,1,0.5454030632972717,6,6,6,5,1,1,0,1,1
G:\Thesis\FACET_Dataset\Segmented_FACET_0.2_fixed_label\sa_9266267.jpg,5,5,4,1,0.5336290597915649,6,6,6,5,1,1,0,1,1
G:\Thesis\FACET_Dataset\Segmented_FACET_0.2_fixed_label\sa_6174904.jpg,1,1,0,0,0.4843939244747162,5,5,5,4,1,4,0,0,0
G:\Thesis\FACET_Dataset\Segmented_FACET_0.2_fixed_label\sa_3586298.jpg,4,4,3,1,0.37726038694381714,4,4,4,3,1,0,1,1,1
G:\Thesis\FACET_Dataset\Segmented_FACET_0.2_fixed_label\sa_4302069.jpg,3,3,2,0,0.2536146342754364,3,3,3,2,0,0,1,1,1
G:\Thesis\FACET_Dataset\Segmented_FACET_0.2_fixed_label\sa_2382091.jpg,2,2,1,0,0.34556886553764343,4,4,4,3,1,2,0,0,0
G:\Thesis\FACET_Dataset\Segmented_FACET_0.2_fixed_label\sa_7086028.jpg,7,7,6,1,0.36780717968940735,4,4,4,3,1,3,0,0,1
G:\Thesis\FACET_Dataset\Segmented_FACET_0.2_fixed_label\sa_6826297.jpg,6,6,5,1,0.49339157342910767,5,5,5,4,1,1,0,1,1
G:\Thesis\FACET_Dataset\Segmented_FACET_0.2_fixed_label\sa_6988881.jpg,2,2,1,0,0.29969465732574463,4,4,4,3,1,2,0,0,0
G:\Thesis\FACET_Dataset\Segmented_FACET_0.2_fixed_label\sa_10177472.jpg,4,4,3,1,0.24663589894771576,3,3,3,2,0,1,0,1,0
G:\Thesis\FACET_Dataset\Segmented_FACET_0.2_fixed_label\sa_4686189.jpg,3,3,2,0,0.2764725387096405,3,3,3,2,0,0,1,1,1
G:\Thesis\FACET_Dataset\Segmented_FACET_0.2_fixed_label\sa_9588623.jpg,2,2,1,0,0.4323929250240326,5,5,5,4,1,3,0,0,0
G:\Thesis\FACET_Dataset\Segmented_FACET_0.2_fixed_label\sa_6846608.jpg,4,4,3,1,0.47468388080596924,5,5,5,4,1,1,0,1,1
G:\Thesis\FACET_Dataset\Segmented_FACET_0.2_fixed_label\sa_1890196.jpg,2,2,1,0,0.1679856777191162,3,3,3,2,0,1,0,1,1
G:\Thesis\FACET_Dataset\Segmented_FACET_0.2_fixed_label\sa_285338.jpg,2,2,1,0,0.41306620836257935,5,5,5,4,1,3,0,0,0
G:\Thesis\FACET_Dataset\Segmented_FACET_0.2_fixed_label\sa_9042095.jpg,5,5,4,1,0.2924959659576416,4,4,4,3,1,1,0,1,1
G:\Thesis\FACET_Dataset\Segmented_FACET_0.2_fixed_label\sa_5181105.jpg,5,5,4,1,0.5098447799682617,6,6,6,5,1,1,0,1,1
G:\Thesis\FACET_Dataset\Segmented_FACET_0.2_fixed_label\sa_5420237.jpg,4,4,3,1,0.3523591160774231,4,4,4,3,1,0,1,1,1
G:\Thesis\FACET_Dataset\Segmented_FACET_0.2_fixed_label\sa_10644487.jpg,2,2,1,0,0.3394739031791687,4,4,4,3,1,2,0,0,0
G:\Thesis\FACET_Dataset\Segmented_FACET_0.2_fixed_label\sa_5391008.jpg,4,4,3,1,0.3997296392917633,5,5,5,4,1,1,0,1,1
G:\Thesis\FACET_Dataset\Segmented_FACET_0.2_fixed_label\sa_1615446.jpg,6,6,5,1,0.5936076641082764,6,6,6,5,1,0,1,1,1
G:\Thesis\FACET_Dataset\Segmented_FACET_0.2_fixed_label\sa_5390566.jpg,4,4,3,1,0.5089520812034607,6,6,6,5,1,2,0,0,1
G:\Thesis\FACET_Dataset\Segmented_FACET_0.2_fixed_label\sa_8839215.jpg,3,3,2,0,0.5187026858329773,6,6,6,5,1,3,0,0,0
G:\Thesis\FACET_Dataset\Segmented_FACET_0.2_fixed_label\sa_544772.jpg,3,3,2,0,0.449952095746994,5,5,5,4,1,2,0,0,0
G:\Thesis\FACET_Dataset\Segmented_FACET_0.2_fixed_label\sa_4231575.jpg,3,3,2,0,0.6647995114326477,7,7,7,6,1,4,0,0,0
G:\Thesis\FACET_Dataset\Segmented_FACET_0.2_fixed_label\sa_6212263.jpg,8,8,7,2,0.6380492448806763,7,7,7,6,1,1,0,1,0
G:\Thesis\FACET_Dataset\Segmented_FACET_0.2_fixed_label\sa_5324181.jpg,4,4,3,1,0.3167039752006531,4,4,4,3,1,0,1,1,1
G:\Thesis\FACET_Dataset\Segmented_FACET_0.2_fixed_label\sa_10715525.jpg,5,5,4,1,0.29595986008644104,4,4,4,3,1,1,0,1,1
G:\Thesis\FACET_Dataset\Segmented_FACET_0.2_fixed_label\sa_6494341.jpg,5,5,4,1,0.3292582631111145,4,4,4,3,1,1,0,1,1
G:\Thesis\FACET_Dataset\Segmented_FACET_0.2_fixed_label\sa_4196530.jpg,6,6,5,1,0.6370491981506348,7,7,7,6,1,1,0,1,1
G:\Thesis\FACET_Dataset\Segmented_FACET_0.2_fixed_label\sa_5299322.jpg,6,6,5,1,0.7151894569396973,7,7,7,6,1,1,0,1,1
G:\Thesis\FACET_Dataset\Segmented_FACET_0.2_fixed_label\sa_9867555.jpg,4,4,3,1,0.5038273334503174,6,6,6,5,1,2,0,0,1
G:\Thesis\FACET_Dataset\Segmented_FACET_0.2_fixed_label\sa_4518361.jpg,7,7,6,1,0.2612681984901428,3,3,3,2,0,4,0,0,0
G:\Thesis\FACET_Dataset\Segmented_FACET_0.2_fixed_label\sa_5677264.jpg,6,6,5,1,0.5326814651489258,6,6,6,5,1,0,1,1,1
G:\Thesis\FACET_Dataset\Segmented_FACET_0.2_fixed_label\sa_883786.jpg,3,3,2,0,0.37310972809791565,4,4,4,3,1,1,0,1,0
G:\Thesis\FACET_Dataset\Segmented_FACET_0.2_fixed_label\sa_692778.jpg,3,3,2,0,0.4455562233924866,5,5,5,4,1,2,0,0,0
G:\Thesis\FACET_Dataset\Segmented_FACET_0.2_fixed_label\sa_10800321.jpg,2,2,1,0,0.537959635257721,6,6,6,5,1,4,0,0,0
G:\Thesis\FACET_Dataset\Segmented_FACET_0.2_fixed_label\sa_10456065.jpg,2,2,1,0,0.33317044377326965,4,4,4,3,1,2,0,0,0
G:\Thesis\FACET_Dataset\Segmented_FACET_0.2_fixed_label\sa_3709150.jpg,5,5,4,1,0.45555540919303894,5,5,5,4,1,0,1,1,1
G:\Thesis\FACET_Dataset\Segmented_FACET_0.2_fixed_label\sa_9572300.jpg,2,2,1,0,0.2937178313732147,4,4,4,3,1,2,0,0,0
G:\Thesis\FACET_Dataset\Segmented_FACET_0.2_fixed_label\sa_5088783.jpg,4,4,3,1,0.4357052147388458,5,5,5,4,1,1,0,1,1
G:\Thesis\FACET_Dataset\Segmented_FACET_0.2_fixed_label\sa_8130237.jpg,4,4,3,1,0.5667798519134521,6,6,6,5,1,2,0,0,1
G:\Thesis\FACET_Dataset\Segmented_FACET_0.2_fixed_label\sa_6526854.jpg,2,2,1,0,0.46122443675994873,5,5,5,4,1,3,0,0,0
G:\Thesis\FACET_Dataset\Segmented_FACET_0.2_fixed_label\sa_2816086.jpg,2,2,1,0,0.3231455981731415,4,4,4,3,1,2,0,0,0
G:\Thesis\FACET_Dataset\Segmented_FACET_0.2_fixed_label\sa_3529342.jpg,5,5,4,1,0.22060488164424896,3,3,3,2,0,2,0,0,0
G:\Thesis\FACET_Dataset\Segmented_FACET_0.2_fixed_label\sa_883711.jpg,8,8,7,2,0.254845529794693,3,3,3,2,0,5,0,0,0
G:\Thesis\FACET_Dataset\Segmented_FACET_0.2_fixed_label\sa_3586006.jpg,6,6,5,1,0.4476647973060608,5,5,5,4,1,1,0,1,1
G:\Thesis\FACET_Dataset\Segmented_FACET_0.2_fixed_label\sa_155230.jpg,4,4,3,1,0.3888377845287323,4,4,4,3,1,0,1,1,1
G:\Thesis\FACET_Dataset\Segmented_FACET_0.2_fixed_label\sa_6761839.jpg,3,3,2,0,0.522709310054779,6,6,6,5,1,3,0,0,0
G:\Thesis\FACET_Dataset\Segmented_FACET_0.2_fixed_label\sa_1431341.jpg,4,4,3,1,0.372664213180542,4,4,4,3,1,0,1,1,1
G:\Thesis\FACET_Dataset\Segmented_FACET_0.2_fixed_label\sa_9496645.jpg,6,6,5,1,0.5239191055297852,6,6,6,5,1,0,1,1,1
G:\Thesis\FACET_Dataset\Segmented_FACET_0.2_fixed_label\sa_5359669.jpg,2,2,1,0,0.7530671954154968,8,8,8,7,2,6,0,0,0
G:\Thesis\FACET_Dataset\Segmented_FACET_0.2_fixed_label\sa_8265943.jpg,2,2,1,0,0.4063025712966919,5,5,5,4,1,3,0,0,0
G:\Thesis\FACET_Dataset\Segmented_FACET_0.2_fixed_label\sa_7121746.jpg,2,2,1,0,0.39848166704177856,5,5,5,4,1,3,0,0,0
G:\Thesis\FACET_Dataset\Segmented_FACET_0.2_fixed_label\sa_4442143.jpg,2,2,1,0,0.20559526979923248,3,3,3,2,0,1,0,1,1
G:\Thesis\FACET_Dataset\Segmented_FACET_0.2_fixed_label\sa_919437.jpg,8,8,7,2,0.7567850351333618,8,8,8,7,2,0,1,1,1
G:\Thesis\FACET_Dataset\Segmented_FACET_0.2_fixed_label\sa_2725465.jpg,2,2,1,0,0.32983142137527466,4,4,4,3,1,2,0,0,0
G:\Thesis\FACET_Dataset\Segmented_FACET_0.2_fixed_label\sa_1117468.jpg,3,3,2,0,0.5416951775550842,6,6,6,5,1,3,0,0,0
G:\Thesis\FACET_Dataset\Segmented_FACET_0.2_fixed_label\sa_7390064.jpg,3,3,2,0,0.31750860810279846,4,4,4,3,1,1,0,1,0
G:\Thesis\FACET_Dataset\Segmented_FACET_0.2_fixed_label\sa_10242779.jpg,8,8,7,2,0.41085559129714966,5,5,5,4,1,3,0,0,0
G:\Thesis\FACET_Dataset\Segmented_FACET_0.2_fixed_label\sa_6308480.jpg,2,2,1,0,0.5112265348434448,6,6,6,5,1,4,0,0,0
G:\Thesis\FACET_Dataset\Segmented_FACET_0.2_fixed_label\sa_3874742.jpg,2,2,1,0,0.5207542777061462,6,6,6,5,1,4,0,0,0
G:\Thesis\FACET_Dataset\Segmented_FACET_0.2_fixed_label\sa_116856.jpg,3,3,2,0,0.31517061591148376,4,4,4,3,1,1,0,1,0
G:\Thesis\FACET_Dataset\Segmented_FACET_0.2_fixed_label\sa_8552386.jpg,4,4,3,1,0.4167097508907318,5,5,5,4,1,1,0,1,1
G:\Thesis\FACET_Dataset\Segmented_FACET_0.2_fixed_label\sa_5471884.jpg,6,6,5,1,0.44125857949256897,5,5,5,4,1,1,0,1,1
G:\Thesis\FACET_Dataset\Segmented_FACET_0.2_fixed_label\sa_9657168.jpg,2,2,1,0,0.2329360395669937,3,3,3,2,0,1,0,1,1
G:\Thesis\FACET_Dataset\Segmented_FACET_0.2_fixed_label\sa_660174.jpg,4,4,3,1,0.5020557045936584,6,6,6,5,1,2,0,0,1
G:\Thesis\FACET_Dataset\Segmented_FACET_0.2_fixed_label\sa_2718141.jpg,3,3,2,0,0.21013429760932922,3,3,3,2,0,0,1,1,1
G:\Thesis\FACET_Dataset\Segmented_FACET_0.2_fixed_label\sa_609124.jpg,6,6,5,1,0.4681106209754944,5,5,5,4,1,1,0,1,1
G:\Thesis\FACET_Dataset\Segmented_FACET_0.2_fixed_label\sa_1042307.jpg,9,9,8,2,0.5923517942428589,6,6,6,5,1,3,0,0,0
G:\Thesis\FACET_Dataset\Segmented_FACET_0.2_fixed_label\sa_9588623.jpg,3,3,2,0,0.4323929250240326,5,5,5,4,1,2,0,0,0
G:\Thesis\FACET_Dataset\Segmented_FACET_0.2_fixed_label\sa_5123803.jpg,2,2,1,0,0.3986104130744934,5,5,5,4,1,3,0,0,0
G:\Thesis\FACET_Dataset\Segmented_FACET_0.2_fixed_label\sa_5848620.jpg,3,3,2,0,0.4666024148464203,5,5,5,4,1,2,0,0,0
G:\Thesis\FACET_Dataset\Segmented_FACET_0.2_fixed_label\sa_2595451.jpg,6,6,5,1,0.49384406208992004,5,5,5,4,1,1,0,1,1
G:\Thesis\FACET_Dataset\Segmented_FACET_0.2_fixed_label\sa_8243113.jpg,3,3,2,0,0.5205041766166687,6,6,6,5,1,3,0,0,0
G:\Thesis\FACET_Dataset\Segmented_FACET_0.2_fixed_label\sa_4852075.jpg,5,5,4,1,0.45159104466438293,5,5,5,4,1,0,1,1,1
G:\Thesis\FACET_Dataset\Segmented_FACET_0.2_fixed_label\sa_4399865.jpg,6,6,5,1,0.32339850068092346,4,4,4,3,1,2,0,0,1
G:\Thesis\FACET_Dataset\Segmented_FACET_0.2_fixed_label\sa_7098997.jpg,6,6,5,1,0.30448275804519653,4,4,4,3,1,2,0,0,1
G:\Thesis\FACET_Dataset\Segmented_FACET_0.2_fixed_label\sa_5078819.jpg,3,3,2,0,0.45548662543296814,5,5,5,4,1,2,0,0,0
G:\Thesis\FACET_Dataset\Segmented_FACET_0.2_fixed_label\sa_4128629.jpg,3,3,2,0,0.2933221161365509,4,4,4,3,1,1,0,1,0
G:\Thesis\FACET_Dataset\Segmented_FACET_0.2_fixed_label\sa_2552471.jpg,4,4,3,1,0.24456742405891418,3,3,3,2,0,1,0,1,0
G:\Thesis\FACET_Dataset\Segmented_FACET_0.2_fixed_label\sa_9249762.jpg,4,4,3,1,0.44625914096832275,5,5,5,4,1,1,0,1,1
G:\Thesis\FACET_Dataset\Segmented_FACET_0.2_fixed_label\sa_2996879.jpg,4,4,3,1,0.5239909887313843,6,6,6,5,1,2,0,0,1
G:\Thesis\FACET_Dataset\Segmented_FACET_0.2_fixed_label\sa_2324883.jpg,5,5,4,1,0.5440245866775513,6,6,6,5,1,1,0,1,1
G:\Thesis\FACET_Dataset\Segmented_FACET_0.2_fixed_label\sa_10374862.jpg,7,7,6,1,0.8486319780349731,9,9,9,8,2,2,0,0,0
G:\Thesis\FACET_Dataset\Segmented_FACET_0.2_fixed_label\sa_2728703.jpg,4,4,3,1,0.4965512752532959,5,5,5,4,1,1,0,1,1
G:\Thesis\FACET_Dataset\Segmented_FACET_0.2_fixed_label\sa_8980592.jpg,4,4,3,1,0.5114238262176514,6,6,6,5,1,2,0,0,1
G:\Thesis\FACET_Dataset\Segmented_FACET_0.2_fixed_label\sa_2201669.jpg,5,5,4,1,0.4329495131969452,5,5,5,4,1,0,1,1,1
G:\Thesis\FACET_Dataset\Segmented_FACET_0.2_fixed_label\sa_3688585.jpg,3,3,2,0,0.21836212277412415,3,3,3,2,0,0,1,1,1
G:\Thesis\FACET_Dataset\Segmented_FACET_0.2_fixed_label\sa_10043362.jpg,6,6,5,1,0.46284446120262146,5,5,5,4,1,1,0,1,1
G:\Thesis\FACET_Dataset\Segmented_FACET_0.2_fixed_label\sa_2517837.jpg,5,5,4,1,0.49570292234420776,5,5,5,4,1,0,1,1,1
G:\Thesis\FACET_Dataset\Segmented_FACET_0.2_fixed_label\sa_10545112.jpg,4,4,3,1,0.16787926852703094,3,3,3,2,0,1,0,1,0
G:\Thesis\FACET_Dataset\Segmented_FACET_0.2_fixed_label\sa_7707491.jpg,3,3,2,0,0.21754051744937897,3,3,3,2,0,0,1,1,1
G:\Thesis\FACET_Dataset\Segmented_FACET_0.2_fixed_label\sa_8700475.jpg,4,4,3,1,0.5816172361373901,6,6,6,5,1,2,0,0,1
G:\Thesis\FACET_Dataset\Segmented_FACET_0.2_fixed_label\sa_6505555.jpg,5,5,4,1,0.5170040130615234,6,6,6,5,1,1,0,1,1
G:\Thesis\FACET_Dataset\Segmented_FACET_0.2_fixed_label\sa_902427.jpg,2,2,1,0,0.1569427251815796,2,2,2,1,0,0,1,1,1
G:\Thesis\FACET_Dataset\Segmented_FACET_0.2_fixed_label\sa_3464544.jpg,3,3,2,0,0.6317448616027832,7,7,7,6,1,4,0,0,0
G:\Thesis\FACET_Dataset\Segmented_FACET_0.2_fixed_label\sa_1219621.jpg,6,6,5,1,0.4305335283279419,5,5,5,4,1,1,0,1,1
G:\Thesis\FACET_Dataset\Segmented_FACET_0.2_fixed_label\sa_5685445.jpg,3,3,2,0,0.35392478108406067,4,4,4,3,1,1,0,1,0
G:\Thesis\FACET_Dataset\Segmented_FACET_0.2_fixed_label\sa_3663255.jpg,4,4,3,1,0.5230483412742615,6,6,6,5,1,2,0,0,1
G:\Thesis\FACET_Dataset\Segmented_FACET_0.2_fixed_label\sa_3406079.jpg,3,3,2,0,0.38628196716308594,4,4,4,3,1,1,0,1,0
G:\Thesis\FACET_Dataset\Segmented_FACET_0.2_fixed_label\sa_6427632.jpg,4,4,3,1,0.44014373421669006,5,5,5,4,1,1,0,1,1
G:\Thesis\FACET_Dataset\Segmented_FACET_0.2_fixed_label\sa_9330307.jpg,3,3,2,0,0.30953875184059143,4,4,4,3,1,1,0,1,0
G:\Thesis\FACET_Dataset\Segmented_FACET_0.2_fixed_label\sa_860266.jpg,3,3,2,0,0.29620784521102905,4,4,4,3,1,1,0,1,0
G:\Thesis\FACET_Dataset\Segmented_FACET_0.2_fixed_label\sa_2471877.jpg,3,3,2,0,0.4854227602481842,5,5,5,4,1,2,0,0,0
G:\Thesis\FACET_Dataset\Segmented_FACET_0.2_fixed_label\sa_2421354.jpg,2,2,1,0,0.17736613750457764,3,3,3,2,0,1,0,1,1
G:\Thesis\FACET_Dataset\Segmented_FACET_0.2_fixed_label\sa_9793931.jpg,2,2,1,0,0.2940935790538788,4,4,4,3,1,2,0,0,0
G:\Thesis\FACET_Dataset\Segmented_FACET_0.2_fixed_label\sa_9744269.jpg,4,4,3,1,0.45072394609451294,5,5,5,4,1,1,0,1,1
G:\Thesis\FACET_Dataset\Segmented_FACET_0.2_fixed_label\sa_2191447.jpg,5,5,4,1,0.38303062319755554,4,4,4,3,1,1,0,1,1
G:\Thesis\FACET_Dataset\Segmented_FACET_0.2_fixed_label\sa_7777646.jpg,1,1,0,0,0.2823322117328644,4,4,4,3,1,3,0,0,0
G:\Thesis\FACET_Dataset\Segmented_FACET_0.2_fixed_label\sa_6732745.jpg,3,3,2,0,0.4844197630882263,5,5,5,4,1,2,0,0,0
G:\Thesis\FACET_Dataset\Segmented_FACET_0.2_fixed_label\sa_8732684.jpg,3,3,2,0,0.518349826335907,6,6,6,5,1,3,0,0,0
G:\Thesis\FACET_Dataset\Segmented_FACET_0.2_fixed_label\sa_4423551.jpg,3,3,2,0,0.22377581894397736,3,3,3,2,0,0,1,1,1
G:\Thesis\FACET_Dataset\Segmented_FACET_0.2_fixed_label\sa_6924719.jpg,3,3,2,0,0.3851906359195709,4,4,4,3,1,1,0,1,0
G:\Thesis\FACET_Dataset\Segmented_FACET_0.2_fixed_label\sa_7086028.jpg,3,3,2,0,0.36780717968940735,4,4,4,3,1,1,0,1,0
G:\Thesis\FACET_Dataset\Segmented_FACET_0.2_fixed_label\sa_6263407.jpg,2,2,1,0,0.3256584107875824,4,4,4,3,1,2,0,0,0
G:\Thesis\FACET_Dataset\Segmented_FACET_0.2_fixed_label\sa_663266.jpg,7,7,6,1,0.6369501352310181,7,7,7,6,1,0,1,1,1
G:\Thesis\FACET_Dataset\Segmented_FACET_0.2_fixed_label\sa_5314391.jpg,2,2,1,0,0.35749152302742004,4,4,4,3,1,2,0,0,0
G:\Thesis\FACET_Dataset\Segmented_FACET_0.2_fixed_label\sa_1105037.jpg,6,6,5,1,0.48448047041893005,5,5,5,4,1,1,0,1,1
G:\Thesis\FACET_Dataset\Segmented_FACET_0.2_fixed_label\sa_9307505.jpg,6,6,5,1,0.4761534631252289,5,5,5,4,1,1,0,1,1
G:\Thesis\FACET_Dataset\Segmented_FACET_0.2_fixed_label\sa_5899097.jpg,6,6,5,1,0.6102250218391418,6,6,6,5,1,0,1,1,1
G:\Thesis\FACET_Dataset\Segmented_FACET_0.2_fixed_label\sa_9752129.jpg,4,4,3,1,0.36320260167121887,4,4,4,3,1,0,1,1,1
G:\Thesis\FACET_Dataset\Segmented_FACET_0.2_fixed_label\sa_3565059.jpg,3,3,2,0,0.33056584000587463,4,4,4,3,1,1,0,1,0
G:\Thesis\FACET_Dataset\Segmented_FACET_0.2_fixed_label\sa_7409466.jpg,2,2,1,0,0.16039521992206573,2,2,2,1,0,0,1,1,1
G:\Thesis\FACET_Dataset\Segmented_FACET_0.2_fixed_label\sa_10701431.jpg,5,5,4,1,0.5017765164375305,6,6,6,5,1,1,0,1,1
G:\Thesis\FACET_Dataset\Segmented_FACET_0.2_fixed_label\sa_7860472.jpg,3,3,2,0,0.4919900894165039,5,5,5,4,1,2,0,0,0
G:\Thesis\FACET_Dataset\Segmented_FACET_0.2_fixed_label\sa_160791.jpg,9,9,8,2,0.45712122321128845,5,5,5,4,1,4,0,0,0
G:\Thesis\FACET_Dataset\Segmented_FACET_0.2_fixed_label\sa_9273948.jpg,5,5,4,1,0.5623821020126343,6,6,6,5,1,1,0,1,1
G:\Thesis\FACET_Dataset\Segmented_FACET_0.2_fixed_label\sa_7835470.jpg,7,7,6,1,0.4268578588962555,5,5,5,4,1,2,0,0,1
G:\Thesis\FACET_Dataset\Segmented_FACET_0.2_fixed_label\sa_9978837.jpg,2,2,1,0,0.3206835985183716,4,4,4,3,1,2,0,0,0
G:\Thesis\FACET_Dataset\Segmented_FACET_0.2_fixed_label\sa_9857028.jpg,6,6,5,1,0.5049018859863281,6,6,6,5,1,0,1,1,1
G:\Thesis\FACET_Dataset\Segmented_FACET_0.2_fixed_label\sa_8584101.jpg,5,5,4,1,0.6054378747940063,6,6,6,5,1,1,0,1,1
G:\Thesis\FACET_Dataset\Segmented_FACET_0.2_fixed_label\sa_3497590.jpg,5,5,4,1,0.5037091970443726,6,6,6,5,1,1,0,1,1
G:\Thesis\FACET_Dataset\Segmented_FACET_0.2_fixed_label\sa_9584844.jpg,4,4,3,1,0.407631516456604,5,5,5,4,1,1,0,1,1
G:\Thesis\FACET_Dataset\Segmented_FACET_0.2_fixed_label\sa_2389185.jpg,3,3,2,0,0.6216240525245667,7,7,7,6,1,4,0,0,0
G:\Thesis\FACET_Dataset\Segmented_FACET_0.2_fixed_label\sa_1416348.jpg,4,4,3,1,0.3852708637714386,4,4,4,3,1,0,1,1,1
G:\Thesis\FACET_Dataset\Segmented_FACET_0.2_fixed_label\sa_1196986.jpg,4,4,3,1,0.3854407072067261,4,4,4,3,1,0,1,1,1
G:\Thesis\FACET_Dataset\Segmented_FACET_0.2_fixed_label\sa_11157701.jpg,3,3,2,0,0.43380218744277954,5,5,5,4,1,2,0,0,0
G:\Thesis\FACET_Dataset\Segmented_FACET_0.2_fixed_label\sa_7857810.jpg,3,3,2,0,0.23102208971977234,3,3,3,2,0,0,1,1,1
G:\Thesis\FACET_Dataset\Segmented_FACET_0.2_fixed_label\sa_2003237.jpg,3,3,2,0,0.252487450838089,3,3,3,2,0,0,1,1,1
G:\Thesis\FACET_Dataset\Segmented_FACET_0.2_fixed_label\sa_4671141.jpg,4,4,3,1,0.3339025378227234,4,4,4,3,1,0,1,1,1
G:\Thesis\FACET_Dataset\Segmented_FACET_0.2_fixed_label\sa_7163178.jpg,9,9,8,2,0.5298613905906677,6,6,6,5,1,3,0,0,0
G:\Thesis\FACET_Dataset\Segmented_FACET_0.2_fixed_label\sa_8565795.jpg,9,9,8,2,0.6566508412361145,7,7,7,6,1,2,0,0,0
G:\Thesis\FACET_Dataset\Segmented_FACET_0.2_fixed_label\sa_10068666.jpg,4,4,3,1,0.4856651723384857,5,5,5,4,1,1,0,1,1
G:\Thesis\FACET_Dataset\Segmented_FACET_0.2_fixed_label\sa_716764.jpg,2,2,1,0,0.5312426686286926,6,6,6,5,1,4,0,0,0
G:\Thesis\FACET_Dataset\Segmented_FACET_0.2_fixed_label\sa_10624860.jpg,4,4,3,1,0.391722172498703,5,5,5,4,1,1,0,1,1
G:\Thesis\FACET_Dataset\Segmented_FACET_0.2_fixed_label\sa_4938852.jpg,6,6,5,1,0.5334200859069824,6,6,6,5,1,0,1,1,1
G:\Thesis\FACET_Dataset\Segmented_FACET_0.2_fixed_label\sa_4086368.jpg,4,4,3,1,0.5206538438796997,6,6,6,5,1,2,0,0,1
G:\Thesis\FACET_Dataset\Segmented_FACET_0.2_fixed_label\sa_5939518.jpg,3,3,2,0,0.5772007703781128,6,6,6,5,1,3,0,0,0
G:\Thesis\FACET_Dataset\Segmented_FACET_0.2_fixed_label\sa_8489998.jpg,3,3,2,0,0.5139756798744202,6,6,6,5,1,3,0,0,0
G:\Thesis\FACET_Dataset\Segmented_FACET_0.2_fixed_label\sa_10423635.jpg,6,6,5,1,0.3988896608352661,5,5,5,4,1,1,0,1,1
G:\Thesis\FACET_Dataset\Segmented_FACET_0.2_fixed_label\sa_6045725.jpg,2,2,1,0,0.4328545928001404,5,5,5,4,1,3,0,0,0
G:\Thesis\FACET_Dataset\Segmented_FACET_0.2_fixed_label\sa_9333221.jpg,3,3,2,0,0.35627859830856323,4,4,4,3,1,1,0,1,0
G:\Thesis\FACET_Dataset\Segmented_FACET_0.2_fixed_label\sa_1229254.jpg,2,2,1,0,0.39644020795822144,5,5,5,4,1,3,0,0,0
G:\Thesis\FACET_Dataset\Segmented_FACET_0.2_fixed_label\sa_4050216.jpg,1,1,0,0,0.333246648311615,4,4,4,3,1,3,0,0,0
G:\Thesis\FACET_Dataset\Segmented_FACET_0.2_fixed_label\sa_1237661.jpg,7,7,6,1,0.5200566053390503,6,6,6,5,1,1,0,1,1
G:\Thesis\FACET_Dataset\Segmented_FACET_0.2_fixed_label\sa_2985552.jpg,4,4,3,1,0.33090171217918396,4,4,4,3,1,0,1,1,1
G:\Thesis\FACET_Dataset\Segmented_FACET_0.2_fixed_label\sa_3236184.jpg,5,5,4,1,0.4503610134124756,5,5,5,4,1,0,1,1,1
G:\Thesis\FACET_Dataset\Segmented_FACET_0.2_fixed_label\sa_6166560.jpg,5,5,4,1,0.5462980270385742,6,6,6,5,1,1,0,1,1
G:\Thesis\FACET_Dataset\Segmented_FACET_0.2_fixed_label\sa_6840188.jpg,8,8,7,2,0.4912775754928589,5,5,5,4,1,3,0,0,0
G:\Thesis\FACET_Dataset\Segmented_FACET_0.2_fixed_label\sa_349049.jpg,4,4,3,1,0.49670422077178955,5,5,5,4,1,1,0,1,1
G:\Thesis\FACET_Dataset\Segmented_FACET_0.2_fixed_label\sa_3087418.jpg,7,7,6,1,0.4916321933269501,5,5,5,4,1,2,0,0,1
G:\Thesis\FACET_Dataset\Segmented_FACET_0.2_fixed_label\sa_11175543.jpg,2,2,1,0,0.3772912621498108,4,4,4,3,1,2,0,0,0
G:\Thesis\FACET_Dataset\Segmented_FACET_0.2_fixed_label\sa_7929832.jpg,4,4,3,1,0.34047213196754456,4,4,4,3,1,0,1,1,1
G:\Thesis\FACET_Dataset\Segmented_FACET_0.2_fixed_label\sa_8601713.jpg,2,2,1,0,0.4063476324081421,5,5,5,4,1,3,0,0,0
G:\Thesis\FACET_Dataset\Segmented_FACET_0.2_fixed_label\sa_5089105.jpg,3,3,2,0,0.32153406739234924,4,4,4,3,1,1,0,1,0
G:\Thesis\FACET_Dataset\Segmented_FACET_0.2_fixed_label\sa_5748585.jpg,3,3,2,0,0.23960146307945251,3,3,3,2,0,0,1,1,1
G:\Thesis\FACET_Dataset\Segmented_FACET_0.2_fixed_label\sa_2790434.jpg,4,4,3,1,0.5100014209747314,6,6,6,5,1,2,0,0,1
G:\Thesis\FACET_Dataset\Segmented_FACET_0.2_fixed_label\sa_8974323.jpg,3,3,2,0,0.4215352237224579,5,5,5,4,1,2,0,0,0
G:\Thesis\FACET_Dataset\Segmented_FACET_0.2_fixed_label\sa_10523774.jpg,5,5,4,1,0.4090734124183655,5,5,5,4,1,0,1,1,1
G:\Thesis\FACET_Dataset\Segmented_FACET_0.2_fixed_label\sa_6561618.jpg,3,3,2,0,0.3494623005390167,4,4,4,3,1,1,0,1,0
G:\Thesis\FACET_Dataset\Segmented_FACET_0.2_fixed_label\sa_3315917.jpg,5,5,4,1,0.645336925983429,7,7,7,6,1,2,0,0,1
G:\Thesis\FACET_Dataset\Segmented_FACET_0.2_fixed_label\sa_4547800.jpg,2,2,1,0,0.442343145608902,5,5,5,4,1,3,0,0,0
G:\Thesis\FACET_Dataset\Segmented_FACET_0.2_fixed_label\sa_5495152.jpg,5,5,4,1,0.45613524317741394,5,5,5,4,1,0,1,1,1
G:\Thesis\FACET_Dataset\Segmented_FACET_0.2_fixed_label\sa_2396218.jpg,4,4,3,1,0.5759432315826416,6,6,6,5,1,2,0,0,1
G:\Thesis\FACET_Dataset\Segmented_FACET_0.2_fixed_label\sa_9393101.jpg,3,3,2,0,0.2513178586959839,3,3,3,2,0,0,1,1,1
G:\Thesis\FACET_Dataset\Segmented_FACET_0.2_fixed_label\sa_9174572.jpg,3,3,2,0,0.4154680073261261,5,5,5,4,1,2,0,0,0
G:\Thesis\FACET_Dataset\Segmented_FACET_0.2_fixed_label\sa_8343708.jpg,2,2,1,0,0.4429464340209961,5,5,5,4,1,3,0,0,0
G:\Thesis\FACET_Dataset\Segmented_FACET_0.2_fixed_label\sa_591356.jpg,3,3,2,0,0.5296749472618103,6,6,6,5,1,3,0,0,0
G:\Thesis\FACET_Dataset\Segmented_FACET_0.2_fixed_label\sa_1523925.jpg,7,7,6,1,0.4489425718784332,5,5,5,4,1,2,0,0,1
G:\Thesis\FACET_Dataset\Segmented_FACET_0.2_fixed_label\sa_2477538.jpg,5,5,4,1,0.2585007846355438,3,3,3,2,0,2,0,0,0
G:\Thesis\FACET_Dataset\Segmented_FACET_0.2_fixed_label\sa_3288169.jpg,3,3,2,0,0.31367096304893494,4,4,4,3,1,1,0,1,0
G:\Thesis\FACET_Dataset\Segmented_FACET_0.2_fixed_label\sa_9666302.jpg,4,4,3,1,0.4607185125350952,5,5,5,4,1,1,0,1,1
G:\Thesis\FACET_Dataset\Segmented_FACET_0.2_fixed_label\sa_3632150.jpg,9,9,8,2,0.3500852882862091,4,4,4,3,1,5,0,0,0
G:\Thesis\FACET_Dataset\Segmented_FACET_0.2_fixed_label\sa_9106399.jpg,3,3,2,0,0.31700220704078674,4,4,4,3,1,1,0,1,0
G:\Thesis\FACET_Dataset\Segmented_FACET_0.2_fixed_label\sa_6611518.jpg,2,2,1,0,0.3376699686050415,4,4,4,3,1,2,0,0,0
G:\Thesis\FACET_Dataset\Segmented_FACET_0.2_fixed_label\sa_7670598.jpg,3,3,2,0,0.4012267291545868,5,5,5,4,1,2,0,0,0
G:\Thesis\FACET_Dataset\Segmented_FACET_0.2_fixed_label\sa_4128629.jpg,4,4,3,1,0.2933221161365509,4,4,4,3,1,0,1,1,1
G:\Thesis\FACET_Dataset\Segmented_FACET_0.2_fixed_label\sa_8413619.jpg,4,4,3,1,0.3065759241580963,4,4,4,3,1,0,1,1,1
G:\Thesis\FACET_Dataset\Segmented_FACET_0.2_fixed_label\sa_3248952.jpg,3,3,2,0,0.22103357315063477,3,3,3,2,0,0,1,1,1
G:\Thesis\FACET_Dataset\Segmented_FACET_0.2_fixed_label\sa_1040211.jpg,1,1,0,0,0.34600260853767395,4,4,4,3,1,3,0,0,0
G:\Thesis\FACET_Dataset\Segmented_FACET_0.2_fixed_label\sa_4950210.jpg,4,4,3,1,0.27780184149742126,4,4,4,3,1,0,1,1,1
G:\Thesis\FACET_Dataset\Segmented_FACET_0.2_fixed_label\sa_2172153.jpg,3,3,2,0,0.5024959444999695,6,6,6,5,1,3,0,0,0
G:\Thesis\FACET_Dataset\Segmented_FACET_0.2_fixed_label\sa_5963197.jpg,4,4,3,1,0.3708699643611908,4,4,4,3,1,0,1,1,1
G:\Thesis\FACET_Dataset\Segmented_FACET_0.2_fixed_label\sa_4742474.jpg,2,2,1,0,0.43346917629241943,5,5,5,4,1,3,0,0,0
G:\Thesis\FACET_Dataset\Segmented_FACET_0.2_fixed_label\sa_939348.jpg,3,3,2,0,0.3130108714103699,4,4,4,3,1,1,0,1,0
G:\Thesis\FACET_Dataset\Segmented_FACET_0.2_fixed_label\sa_8715653.jpg,4,4,3,1,0.5311099290847778,6,6,6,5,1,2,0,0,1
G:\Thesis\FACET_Dataset\Segmented_FACET_0.2_fixed_label\sa_7858116.jpg,2,2,1,0,0.5075804591178894,6,6,6,5,1,4,0,0,0
G:\Thesis\FACET_Dataset\Segmented_FACET_0.2_fixed_label\sa_7083475.jpg,1,1,0,0,0.5374082922935486,6,6,6,5,1,5,0,0,0
G:\Thesis\FACET_Dataset\Segmented_FACET_0.2_fixed_label\sa_9016742.jpg,3,3,2,0,0.3193352222442627,4,4,4,3,1,1,0,1,0
G:\Thesis\FACET_Dataset\Segmented_FACET_0.2_fixed_label\sa_161276.jpg,3,3,2,0,0.7709968686103821,8,8,8,7,2,5,0,0,0
G:\Thesis\FACET_Dataset\Segmented_FACET_0.2_fixed_label\sa_9274637.jpg,3,3,2,0,0.18888837099075317,3,3,3,2,0,0,1,1,1
G:\Thesis\FACET_Dataset\Segmented_FACET_0.2_fixed_label\sa_11180829.jpg,4,4,3,1,0.4920811653137207,5,5,5,4,1,1,0,1,1
G:\Thesis\FACET_Dataset\Segmented_FACET_0.2_fixed_label\sa_4676559.jpg,3,3,2,0,0.44240468740463257,5,5,5,4,1,2,0,0,0
G:\Thesis\FACET_Dataset\Segmented_FACET_0.2_fixed_label\sa_5927098.jpg,3,3,2,0,0.3695383071899414,4,4,4,3,1,1,0,1,0
G:\Thesis\FACET_Dataset\Segmented_FACET_0.2_fixed_label\sa_5536666.jpg,5,5,4,1,0.4990290105342865,5,5,5,4,1,0,1,1,1
G:\Thesis\FACET_Dataset\Segmented_FACET_0.2_fixed_label\sa_2483799.jpg,4,4,3,1,0.4485730230808258,5,5,5,4,1,1,0,1,1
G:\Thesis\FACET_Dataset\Segmented_FACET_0.2_fixed_label\sa_4692534.jpg,2,2,1,0,0.27788466215133667,4,4,4,3,1,2,0,0,0
G:\Thesis\FACET_Dataset\Segmented_FACET_0.2_fixed_label\sa_10022161.jpg,5,5,4,1,0.46365711092948914,5,5,5,4,1,0,1,1,1
G:\Thesis\FACET_Dataset\Segmented_FACET_0.2_fixed_label\sa_9595924.jpg,2,2,1,0,0.5094221234321594,6,6,6,5,1,4,0,0,0
G:\Thesis\FACET_Dataset\Segmented_FACET_0.2_fixed_label\sa_4776817.jpg,7,7,6,1,0.5157718062400818,6,6,6,5,1,1,0,1,1
G:\Thesis\FACET_Dataset\Segmented_FACET_0.2_fixed_label\sa_9462330.jpg,5,5,4,1,0.3643357753753662,4,4,4,3,1,1,0,1,1
G:\Thesis\FACET_Dataset\Segmented_FACET_0.2_fixed_label\sa_9782484.jpg,3,3,2,0,0.3952327370643616,5,5,5,4,1,2,0,0,0
G:\Thesis\FACET_Dataset\Segmented_FACET_0.2_fixed_label\sa_3735818.jpg,2,2,1,0,0.32227060198783875,4,4,4,3,1,2,0,0,0
G:\Thesis\FACET_Dataset\Segmented_FACET_0.2_fixed_label\sa_8092047.jpg,8,8,7,2,0.5362919569015503,6,6,6,5,1,2,0,0,0
G:\Thesis\FACET_Dataset\Segmented_FACET_0.2_fixed_label\sa_9203956.jpg,4,4,3,1,0.41528889536857605,5,5,5,4,1,1,0,1,1
G:\Thesis\FACET_Dataset\Segmented_FACET_0.2_fixed_label\sa_5267764.jpg,3,3,2,0,0.3911145031452179,5,5,5,4,1,2,0,0,0
G:\Thesis\FACET_Dataset\Segmented_FACET_0.2_fixed_label\sa_3379562.jpg,3,3,2,0,0.540764570236206,6,6,6,5,1,3,0,0,0
G:\Thesis\FACET_Dataset\Segmented_FACET_0.2_fixed_label\sa_733589.jpg,4,4,3,1,0.43396231532096863,5,5,5,4,1,1,0,1,1
G:\Thesis\FACET_Dataset\Segmented_FACET_0.2_fixed_label\sa_10975486.jpg,3,3,2,0,0.5685377717018127,6,6,6,5,1,3,0,0,0
G:\Thesis\FACET_Dataset\Segmented_FACET_0.2_fixed_label\sa_4792156.jpg,2,2,1,0,0.23396295309066772,3,3,3,2,0,1,0,1,1
G:\Thesis\FACET_Dataset\Segmented_FACET_0.2_fixed_label\sa_22547.jpg,3,3,2,0,0.17828945815563202,3,3,3,2,0,0,1,1,1
G:\Thesis\FACET_Dataset\Segmented_FACET_0.2_fixed_label\sa_3810302.jpg,4,4,3,1,0.3660430312156677,4,4,4,3,1,0,1,1,1
G:\Thesis\FACET_Dataset\Segmented_FACET_0.2_fixed_label\sa_9646598.jpg,2,2,1,0,0.3760991096496582,4,4,4,3,1,2,0,0,0
G:\Thesis\FACET_Dataset\Segmented_FACET_0.2_fixed_label\sa_9389226.jpg,3,3,2,0,0.4226893484592438,5,5,5,4,1,2,0,0,0
G:\Thesis\FACET_Dataset\Segmented_FACET_0.2_fixed_label\sa_1229254.jpg,3,3,2,0,0.39644020795822144,5,5,5,4,1,2,0,0,0
G:\Thesis\FACET_Dataset\Segmented_FACET_0.2_fixed_label\sa_1239725.jpg,7,7,6,1,0.5997744202613831,6,6,6,5,1,1,0,1,1
G:\Thesis\FACET_Dataset\Segmented_FACET_0.2_fixed_label\sa_8480488.jpg,3,3,2,0,0.4292673170566559,5,5,5,4,1,2,0,0,0
G:\Thesis\FACET_Dataset\Segmented_FACET_0.2_fixed_label\sa_4331908.jpg,3,3,2,0,0.3190394639968872,4,4,4,3,1,1,0,1,0
G:\Thesis\FACET_Dataset\Segmented_FACET_0.2_fixed_label\sa_2836781.jpg,2,2,1,0,0.30106955766677856,4,4,4,3,1,2,0,0,0
G:\Thesis\FACET_Dataset\Segmented_FACET_0.2_fixed_label\sa_7251813.jpg,3,3,2,0,0.18122321367263794,3,3,3,2,0,0,1,1,1
G:\Thesis\FACET_Dataset\Segmented_FACET_0.2_fixed_label\sa_8307874.jpg,4,4,3,1,0.31836560368537903,4,4,4,3,1,0,1,1,1
G:\Thesis\FACET_Dataset\Segmented_FACET_0.2_fixed_label\sa_9608704.jpg,4,4,3,1,0.5121287703514099,6,6,6,5,1,2,0,0,1
G:\Thesis\FACET_Dataset\Segmented_FACET_0.2_fixed_label\sa_3103553.jpg,2,2,1,0,0.4361068606376648,5,5,5,4,1,3,0,0,0
G:\Thesis\FACET_Dataset\Segmented_FACET_0.2_fixed_label\sa_9913515.jpg,2,2,1,0,0.4334176480770111,5,5,5,4,1,3,0,0,0
G:\Thesis\FACET_Dataset\Segmented_FACET_0.2_fixed_label\sa_8206267.jpg,6,6,5,1,0.28004691004753113,4,4,4,3,1,2,0,0,1
G:\Thesis\FACET_Dataset\Segmented_FACET_0.2_fixed_label\sa_6599988.jpg,3,3,2,0,0.3054065704345703,4,4,4,3,1,1,0,1,0
G:\Thesis\FACET_Dataset\Segmented_FACET_0.2_fixed_label\sa_9956268.jpg,2,2,1,0,0.4663841426372528,5,5,5,4,1,3,0,0,0
G:\Thesis\FACET_Dataset\Segmented_FACET_0.2_fixed_label\sa_347421.jpg,3,3,2,0,0.30914103984832764,4,4,4,3,1,1,0,1,0
G:\Thesis\FACET_Dataset\Segmented_FACET_0.2_fixed_label\sa_1661550.jpg,3,3,2,0,0.5120378732681274,6,6,6,5,1,3,0,0,0
G:\Thesis\FACET_Dataset\Segmented_FACET_0.2_fixed_label\sa_2993072.jpg,3,3,2,0,0.49596264958381653,5,5,5,4,1,2,0,0,0
G:\Thesis\FACET_Dataset\Segmented_FACET_0.2_fixed_label\sa_8076889.jpg,3,3,2,0,0.2842351794242859,4,4,4,3,1,1,0,1,0
G:\Thesis\FACET_Dataset\Segmented_FACET_0.2_fixed_label\sa_10662711.jpg,4,4,3,1,0.4598220884799957,5,5,5,4,1,1,0,1,1
G:\Thesis\FACET_Dataset\Segmented_FACET_0.2_fixed_label\sa_3401144.jpg,4,4,3,1,0.5171500444412231,6,6,6,5,1,2,0,0,1
G:\Thesis\FACET_Dataset\Segmented_FACET_0.2_fixed_label\sa_8470765.jpg,7,7,6,1,0.4797755181789398,5,5,5,4,1,2,0,0,1
G:\Thesis\FACET_Dataset\Segmented_FACET_0.2_fixed_label\sa_5526742.jpg,6,6,5,1,0.5979983806610107,6,6,6,5,1,0,1,1,1
G:\Thesis\FACET_Dataset\Segmented_FACET_0.2_fixed_label\sa_937545.jpg,5,5,4,1,0.44221946597099304,5,5,5,4,1,0,1,1,1
G:\Thesis\FACET_Dataset\Segmented_FACET_0.2_fixed_label\sa_2100985.jpg,3,3,2,0,0.2008742094039917,3,3,3,2,0,0,1,1,1
G:\Thesis\FACET_Dataset\Segmented_FACET_0.2_fixed_label\sa_8028499.jpg,4,4,3,1,0.24504855275154114,3,3,3,2,0,1,0,1,0
G:\Thesis\FACET_Dataset\Segmented_FACET_0.2_fixed_label\sa_1005917.jpg,3,3,2,0,0.5453331470489502,6,6,6,5,1,3,0,0,0
G:\Thesis\FACET_Dataset\Segmented_FACET_0.2_fixed_label\sa_9654190.jpg,3,3,2,0,0.5698307752609253,6,6,6,5,1,3,0,0,0
G:\Thesis\FACET_Dataset\Segmented_FACET_0.2_fixed_label\sa_766081.jpg,4,4,3,1,0.35116252303123474,4,4,4,3,1,0,1,1,1
G:\Thesis\FACET_Dataset\Segmented_FACET_0.2_fixed_label\sa_1181162.jpg,3,3,2,0,0.5588458180427551,6,6,6,5,1,3,0,0,0
