image_path,true_mst,true_class,true_bin,pred_class,pred_mst,pred_bin,abs_error,match_exact,match_pm1,match_bin
G:\Thesis\MonkSkinTone_Dataset\Segmented_MSTE\subject_18/PXL_20220922_183640936.PORTRAIT.jpg,1,0,0,2,,2,2,0,0,0
G:\Thesis\MonkSkinTone_Dataset\Segmented_MSTE\subject_18/PXL_20220922_183639710.PORTRAIT.jpg,1,0,0,2,,2,2,0,0,0
G:\Thesis\MonkSkinTone_Dataset\Segmented_MSTE\subject_18/PXL_20220922_183638393.PORTRAIT.jpg,1,0,0,1,,1,1,0,1,0
G:\Thesis\MonkSkinTone_Dataset\Segmented_MSTE\subject_18/PXL_20220922_183636542.PORTRAIT.jpg,1,0,0,2,,2,2,0,0,0
G:\Thesis\MonkSkinTone_Dataset\Segmented_MSTE\subject_18/PXL_20220922_183634690.PORTRAIT.jpg,1,0,0,2,,2,2,0,0,0
G:\Thesis\MonkSkinTone_Dataset\Segmented_MSTE\subject_18/PXL_20220922_183627117.PORTRAIT.jpg,1,0,0,2,,2,2,0,0,0
G:\Thesis\MonkSkinTone_Dataset\Segmented_MSTE\subject_18/PXL_20220922_183621991.PORTRAIT.jpg,1,0,0,0,,0,0,1,1,1
G:\Thesis\MonkSkinTone_Dataset\Segmented_MSTE\subject_18/PXL_20220922_183620053.PORTRAIT.jpg,1,0,0,0,,0,0,1,1,1
G:\Thesis\MonkSkinTone_Dataset\Segmented_MSTE\subject_18/PXL_20220922_183617300.PORTRAIT.jpg,1,0,0,1,,1,1,0,1,0
G:\Thesis\MonkSkinTone_Dataset\Segmented_MSTE\subject_18/PXL_20220922_183616200.PORTRAIT.jpg,1,0,0,1,,1,1,0,1,0
G:\Thesis\MonkSkinTone_Dataset\Segmented_MSTE\subject_18/PXL_20220922_183614881.PORTRAIT.jpg,1,0,0,1,,1,1,0,1,0
G:\Thesis\MonkSkinTone_Dataset\Segmented_MSTE\subject_18/PXL_20220922_183613264.PORTRAIT.jpg,1,0,0,0,,0,0,1,1,1
G:\Thesis\MonkSkinTone_Dataset\Segmented_MSTE\subject_18/PXL_20220922_183609632.PORTRAIT.jpg,1,0,0,0,,0,0,1,1,1
G:\Thesis\MonkSkinTone_Dataset\Segmented_MSTE\subject_18/PXL_20220922_183530266.jpg,1,0,0,2,,2,2,0,0,0
G:\Thesis\MonkSkinTone_Dataset\Segmented_MSTE\subject_18/PXL_20220922_183523486.jpg,1,0,0,2,,2,2,0,0,0
G:\Thesis\MonkSkinTone_Dataset\Segmented_MSTE\subject_18/PXL_20220922_183521096.jpg,1,0,0,0,,0,0,1,1,1
G:\Thesis\MonkSkinTone_Dataset\Segmented_MSTE\subject_18/PXL_20220922_183519975.jpg,1,0,0,1,,1,1,0,1,0
G:\Thesis\MonkSkinTone_Dataset\Segmented_MSTE\subject_18/PXL_20220922_183518814.jpg,1,0,0,2,,2,2,0,0,0
G:\Thesis\MonkSkinTone_Dataset\Segmented_MSTE\subject_18/PXL_20220922_183517768.jpg,1,0,0,1,,1,1,0,1,0
G:\Thesis\MonkSkinTone_Dataset\Segmented_MSTE\subject_18/PXL_20220922_183511299.jpg,1,0,0,1,,1,1,0,1,0
G:\Thesis\MonkSkinTone_Dataset\Segmented_MSTE\subject_18/PXL_20220922_183508755.jpg,1,0,0,0,,0,0,1,1,1
G:\Thesis\MonkSkinTone_Dataset\Segmented_MSTE\subject_18/PXL_20220922_183507645.jpg,1,0,0,0,,0,0,1,1,1
G:\Thesis\MonkSkinTone_Dataset\Segmented_MSTE\subject_18/PXL_20220922_183506625.jpg,1,0,0,2,,2,2,0,0,0
G:\Thesis\MonkSkinTone_Dataset\Segmented_MSTE\subject_18/PXL_20220922_183500918.jpg,1,0,0,1,,1,1,0,1,0
G:\Thesis\MonkSkinTone_Dataset\Segmented_MSTE\subject_18/PXL_20220922_183458519.jpg,1,0,0,1,,1,1,0,1,0
G:\Thesis\MonkSkinTone_Dataset\Segmented_MSTE\subject_18/PXL_20220922_183457367.jpg,1,0,0,1,,1,1,0,1,0
G:\Thesis\MonkSkinTone_Dataset\Segmented_MSTE\subject_18/PXL_20220922_183456183.jpg,1,0,0,2,,2,2,0,0,0
G:\Thesis\MonkSkinTone_Dataset\Segmented_MSTE\subject_18/PXL_20220922_183453555.jpg,1,0,0,1,,1,1,0,1,0
G:\Thesis\MonkSkinTone_Dataset\Segmented_MSTE\subject_18/PXL_20220922_183450974.jpg,1,0,0,0,,0,0,1,1,1
G:\Thesis\MonkSkinTone_Dataset\Segmented_MSTE\subject_18/PXL_20220922_183449581.jpg,1,0,0,1,,1,1,0,1,0
G:\Thesis\MonkSkinTone_Dataset\Segmented_MSTE\subject_18/PXL_20220922_183448133.jpg,1,0,0,2,,2,2,0,0,0
G:\Thesis\MonkSkinTone_Dataset\Segmented_MSTE\subject_18/PXL_20220922_183322816.jpg,1,0,0,1,,1,1,0,1,0
G:\Thesis\MonkSkinTone_Dataset\Segmented_MSTE\subject_18/PXL_20220922_183321028.jpg,1,0,0,1,,1,1,0,1,0
G:\Thesis\MonkSkinTone_Dataset\Segmented_MSTE\subject_18/PXL_20220922_183319912.jpg,1,0,0,0,,0,0,1,1,1
G:\Thesis\MonkSkinTone_Dataset\Segmented_MSTE\subject_18/PXL_20220922_183318443.jpg,1,0,0,1,,1,1,0,1,0
G:\Thesis\MonkSkinTone_Dataset\Segmented_MSTE\subject_18/PXL_20220922_183317218.jpg,1,0,0,0,,0,0,1,1,1
G:\Thesis\MonkSkinTone_Dataset\Segmented_MSTE\subject_18/PXL_20220922_183315539.jpg,1,0,0,0,,0,0,1,1,1
G:\Thesis\MonkSkinTone_Dataset\Segmented_MSTE\subject_18/PXL_20220922_183305849.jpg,1,0,0,1,,1,1,0,1,0
G:\Thesis\MonkSkinTone_Dataset\Segmented_MSTE\subject_18/PXL_20220922_183304378.jpg,1,0,0,0,,0,0,1,1,1
G:\Thesis\MonkSkinTone_Dataset\Segmented_MSTE\subject_18/PXL_20220922_183302961.jpg,1,0,0,0,,0,0,1,1,1
G:\Thesis\MonkSkinTone_Dataset\Segmented_MSTE\subject_18/PXL_20220922_183301497.jpg,1,0,0,0,,0,0,1,1,1
G:\Thesis\MonkSkinTone_Dataset\Segmented_MSTE\subject_18/PXL_20220922_183142438.jpg ,1,0,0,0,,0,0,1,1,1
G:\Thesis\MonkSkinTone_Dataset\Segmented_MSTE\subject_18/PXL_20220922_183140964.jpg,1,0,0,0,,0,0,1,1,1
G:\Thesis\MonkSkinTone_Dataset\Segmented_MSTE\subject_18/PXL_20220922_183139502.jpg,1,0,0,1,,1,1,0,1,0
G:\Thesis\MonkSkinTone_Dataset\Segmented_MSTE\subject_18/PXL_20220922_183138108.jpg,1,0,0,0,,0,0,1,1,1
G:\Thesis\MonkSkinTone_Dataset\Segmented_MSTE\subject_18/PXL_20220922_183136584.jpg,1,0,0,0,,0,0,1,1,1
G:\Thesis\MonkSkinTone_Dataset\Segmented_MSTE\subject_18/PXL_20220922_183130795.jpg,1,0,0,0,,0,0,1,1,1
G:\Thesis\MonkSkinTone_Dataset\Segmented_MSTE\subject_18/PXL_20220922_183129130.jpg,1,0,0,0,,0,0,1,1,1
G:\Thesis\MonkSkinTone_Dataset\Segmented_MSTE\subject_18/PXL_20220922_183127653.jpg,1,0,0,1,,1,1,0,1,0
G:\Thesis\MonkSkinTone_Dataset\Segmented_MSTE\subject_18/PXL_20220922_183126312.jpg,1,0,0,0,,0,0,1,1,1
G:\Thesis\MonkSkinTone_Dataset\Segmented_MSTE\subject_18/PXL_20220922_183125041.jpg,1,0,0,1,,1,1,0,1,0
G:\Thesis\MonkSkinTone_Dataset\Segmented_MSTE\subject_18/PXL_20220922_183059733.jpg,1,0,0,0,,0,0,1,1,1
G:\Thesis\MonkSkinTone_Dataset\Segmented_MSTE\subject_18/PXL_20220922_183057897.jpg,1,0,0,0,,0,0,1,1,1
G:\Thesis\MonkSkinTone_Dataset\Segmented_MSTE\subject_18/PXL_20220922_183056227.jpg,1,0,0,1,,1,1,0,1,0
G:\Thesis\MonkSkinTone_Dataset\Segmented_MSTE\subject_18/PXL_20220922_183054615.jpg,1,0,0,2,,2,2,0,0,0
G:\Thesis\MonkSkinTone_Dataset\Segmented_MSTE\subject_18/PXL_20220922_183052857.jpg,1,0,0,1,,1,1,0,1,0
G:\Thesis\MonkSkinTone_Dataset\Segmented_MSTE\subject_18/PXL_20220922_183050690.jpg,1,0,0,1,,1,1,0,1,0
G:\Thesis\MonkSkinTone_Dataset\Segmented_MSTE\subject_18/PXL_20220922_183047955.jpg,1,0,0,0,,0,0,1,1,1
G:\Thesis\MonkSkinTone_Dataset\Segmented_MSTE\subject_18/PXL_20220922_183046058.jpg,1,0,0,0,,0,0,1,1,1
G:\Thesis\MonkSkinTone_Dataset\Segmented_MSTE\subject_18/PXL_20220922_183044451.jpg,1,0,0,0,,0,0,1,1,1
G:\Thesis\MonkSkinTone_Dataset\Segmented_MSTE\subject_18/PXL_20220922_183041910.jpg,1,0,0,1,,1,1,0,1,0
G:\Thesis\MonkSkinTone_Dataset\Segmented_MSTE\subject_18/PXL_20220922_182846104.jpg,1,0,0,1,,1,1,0,1,0
G:\Thesis\MonkSkinTone_Dataset\Segmented_MSTE\subject_18/PXL_20220922_182843801.jpg,1,0,0,0,,0,0,1,1,1
G:\Thesis\MonkSkinTone_Dataset\Segmented_MSTE\subject_18/PXL_20220922_182838794.jpg,1,0,0,1,,1,1,0,1,0
G:\Thesis\MonkSkinTone_Dataset\Segmented_MSTE\subject_18/PXL_20220922_182836446.jpg,1,0,0,2,,2,2,0,0,0
G:\Thesis\MonkSkinTone_Dataset\Segmented_MSTE\subject_18/PXL_20220922_182827542.jpg,1,0,0,2,,2,2,0,0,0
G:\Thesis\MonkSkinTone_Dataset\Segmented_MSTE\subject_18/PXL_20220922_182823421.jpg,1,0,0,2,,2,2,0,0,0
G:\Thesis\MonkSkinTone_Dataset\Segmented_MSTE\subject_18/PXL_20220922_182821960.jpg,1,0,0,1,,1,1,0,1,0
G:\Thesis\MonkSkinTone_Dataset\Segmented_MSTE\subject_18/PXL_20220922_182820039.jpg,1,0,0,1,,1,1,0,1,0
G:\Thesis\MonkSkinTone_Dataset\Segmented_MSTE\subject_18/PXL_20220922_182818299.jpg,1,0,0,1,,1,1,0,1,0
G:\Thesis\MonkSkinTone_Dataset\Segmented_MSTE\subject_18/PXL_20220922_182816244.jpg,1,0,0,0,,0,0,1,1,1
G:\Thesis\MonkSkinTone_Dataset\Segmented_MSTE\subject_18/PXL_20220922_182730001.jpg,1,0,0,1,,1,1,0,1,0
G:\Thesis\MonkSkinTone_Dataset\Segmented_MSTE\subject_18/PXL_20220922_182727968.jpg,1,0,0,1,,1,1,0,1,0
G:\Thesis\MonkSkinTone_Dataset\Segmented_MSTE\subject_18/PXL_20220922_182726348.jpg,1,0,0,0,,0,0,1,1,1
G:\Thesis\MonkSkinTone_Dataset\Segmented_MSTE\subject_18/PXL_20220922_182724563.jpg,1,0,0,0,,0,0,1,1,1
G:\Thesis\MonkSkinTone_Dataset\Segmented_MSTE\subject_18/PXL_20220922_182722342.jpg,1,0,0,1,,1,1,0,1,0
G:\Thesis\MonkSkinTone_Dataset\Segmented_MSTE\subject_18/PXL_20220922_182713149.jpg,1,0,0,1,,1,1,0,1,0
G:\Thesis\MonkSkinTone_Dataset\Segmented_MSTE\subject_18/PXL_20220922_182711815.jpg,1,0,0,0,,0,0,1,1,1
G:\Thesis\MonkSkinTone_Dataset\Segmented_MSTE\subject_18/PXL_20220922_182710449.jpg,1,0,0,1,,1,1,0,1,0
G:\Thesis\MonkSkinTone_Dataset\Segmented_MSTE\subject_18/PXL_20220922_182708946.jpg,1,0,0,1,,1,1,0,1,0
G:\Thesis\MonkSkinTone_Dataset\Segmented_MSTE\subject_18/PXL_20220922_182706230.jpg,1,0,0,1,,1,1,0,1,0
G:\Thesis\MonkSkinTone_Dataset\Segmented_MSTE\subject_18/PXL_20220922_182653661.jpg,1,0,0,1,,1,1,0,1,0
G:\Thesis\MonkSkinTone_Dataset\Segmented_MSTE\subject_18/PXL_20220922_182652060.jpg,1,0,0,0,,0,0,1,1,1
G:\Thesis\MonkSkinTone_Dataset\Segmented_MSTE\subject_18/PXL_20220922_182650673.jpg,1,0,0,0,,0,0,1,1,1
G:\Thesis\MonkSkinTone_Dataset\Segmented_MSTE\subject_18/PXL_20220922_182649088.jpg,1,0,0,0,,0,0,1,1,1
G:\Thesis\MonkSkinTone_Dataset\Segmented_MSTE\subject_18/PXL_20220922_182647374.jpg,1,0,0,1,,1,1,0,1,0
G:\Thesis\MonkSkinTone_Dataset\Segmented_MSTE\subject_18/PXL_20220922_182645489.jpg,1,0,0,1,,1,1,0,1,0
G:\Thesis\MonkSkinTone_Dataset\Segmented_MSTE\subject_18/PXL_20220922_182642800.jpg,1,0,0,1,,1,1,0,1,0
G:\Thesis\MonkSkinTone_Dataset\Segmented_MSTE\subject_18/PXL_20220922_182641003.jpg,1,0,0,0,,0,0,1,1,1
G:\Thesis\MonkSkinTone_Dataset\Segmented_MSTE\subject_18/PXL_20220922_182639058.jpg,1,0,0,1,,1,1,0,1,0
G:\Thesis\MonkSkinTone_Dataset\Segmented_MSTE\subject_18/PXL_20220922_182636989.jpg,1,0,0,1,,1,1,0,1,0
G:\Thesis\MonkSkinTone_Dataset\Segmented_MSTE\subject_18/PXL_20220922_182633863.jpg,1,0,0,1,,1,1,0,1,0
G:\Thesis\MonkSkinTone_Dataset\Segmented_MSTE\subject_17/PXL_20220922_185827818.jpg,8,2,2,2,,2,0,1,1,1
G:\Thesis\MonkSkinTone_Dataset\Segmented_MSTE\subject_17/PXL_20220922_185825103.jpg,8,2,2,2,,2,0,1,1,1
G:\Thesis\MonkSkinTone_Dataset\Segmented_MSTE\subject_17/PXL_20220922_185814512.jpg,8,2,2,2,,2,0,1,1,1
G:\Thesis\MonkSkinTone_Dataset\Segmented_MSTE\subject_17/PXL_20220922_185812471.jpg,8,2,2,2,,2,0,1,1,1
G:\Thesis\MonkSkinTone_Dataset\Segmented_MSTE\subject_17/PXL_20220922_185804157.jpg,8,2,2,2,,2,0,1,1,1
G:\Thesis\MonkSkinTone_Dataset\Segmented_MSTE\subject_17/PXL_20220922_185800557.jpg,8,2,2,2,,2,0,1,1,1
G:\Thesis\MonkSkinTone_Dataset\Segmented_MSTE\subject_17/PXL_20220922_185757301.jpg,8,2,2,2,,2,0,1,1,1
G:\Thesis\MonkSkinTone_Dataset\Segmented_MSTE\subject_17/PXL_20220922_185754281.jpg,8,2,2,2,,2,0,1,1,1
G:\Thesis\MonkSkinTone_Dataset\Segmented_MSTE\subject_17/PXL_20220922_185705214.jpg,8,2,2,1,,1,1,0,1,0
G:\Thesis\MonkSkinTone_Dataset\Segmented_MSTE\subject_17/PXL_20220922_185703775.jpg,8,2,2,1,,1,1,0,1,0
G:\Thesis\MonkSkinTone_Dataset\Segmented_MSTE\subject_17/PXL_20220922_185702103.jpg,8,2,2,1,,1,1,0,1,0
G:\Thesis\MonkSkinTone_Dataset\Segmented_MSTE\subject_17/PXL_20220922_185700581.jpg,8,2,2,2,,2,0,1,1,1
G:\Thesis\MonkSkinTone_Dataset\Segmented_MSTE\subject_17/PXL_20220922_185659098.jpg,8,2,2,2,,2,0,1,1,1
G:\Thesis\MonkSkinTone_Dataset\Segmented_MSTE\subject_17/PXL_20220922_185657391.jpg,8,2,2,1,,1,1,0,1,0
G:\Thesis\MonkSkinTone_Dataset\Segmented_MSTE\subject_17/PXL_20220922_185655701.jpg,8,2,2,1,,1,1,0,1,0
G:\Thesis\MonkSkinTone_Dataset\Segmented_MSTE\subject_17/PXL_20220922_185654282.jpg,8,2,2,2,,2,0,1,1,1
G:\Thesis\MonkSkinTone_Dataset\Segmented_MSTE\subject_17/PXL_20220922_185652542.jpg,8,2,2,2,,2,0,1,1,1
G:\Thesis\MonkSkinTone_Dataset\Segmented_MSTE\subject_17/PXL_20220922_185651168.jpg,8,2,2,2,,2,0,1,1,1
G:\Thesis\MonkSkinTone_Dataset\Segmented_MSTE\subject_17/PXL_20220922_185514681.jpg,8,2,2,1,,1,1,0,1,0
G:\Thesis\MonkSkinTone_Dataset\Segmented_MSTE\subject_17/PXL_20220922_185512817.jpg,8,2,2,1,,1,1,0,1,0
G:\Thesis\MonkSkinTone_Dataset\Segmented_MSTE\subject_17/PXL_20220922_185510279.jpg,8,2,2,1,,1,1,0,1,0
G:\Thesis\MonkSkinTone_Dataset\Segmented_MSTE\subject_17/PXL_20220922_185507420.jpg,8,2,2,1,,1,1,0,1,0
G:\Thesis\MonkSkinTone_Dataset\Segmented_MSTE\subject_17/PXL_20220922_185505997.jpg,8,2,2,1,,1,1,0,1,0
G:\Thesis\MonkSkinTone_Dataset\Segmented_MSTE\subject_17/PXL_20220922_185504598.jpg,8,2,2,2,,2,0,1,1,1
G:\Thesis\MonkSkinTone_Dataset\Segmented_MSTE\subject_17/PXL_20220922_185456930.jpg,8,2,2,1,,1,1,0,1,0
G:\Thesis\MonkSkinTone_Dataset\Segmented_MSTE\subject_17/PXL_20220922_185442196.jpg,8,2,2,2,,2,0,1,1,1
G:\Thesis\MonkSkinTone_Dataset\Segmented_MSTE\subject_17/PXL_20220922_185440334.jpg,8,2,2,2,,2,0,1,1,1
G:\Thesis\MonkSkinTone_Dataset\Segmented_MSTE\subject_17/PXL_20220922_185419849.PORTRAIT.jpg,8,2,2,2,,2,0,1,1,1
G:\Thesis\MonkSkinTone_Dataset\Segmented_MSTE\subject_17/PXL_20220922_185418367.PORTRAIT.jpg,8,2,2,1,,1,1,0,1,0
G:\Thesis\MonkSkinTone_Dataset\Segmented_MSTE\subject_17/PXL_20220922_185416595.PORTRAIT.jpg,8,2,2,2,,2,0,1,1,1
G:\Thesis\MonkSkinTone_Dataset\Segmented_MSTE\subject_17/PXL_20220922_185415142.PORTRAIT.jpg,8,2,2,2,,2,0,1,1,1
G:\Thesis\MonkSkinTone_Dataset\Segmented_MSTE\subject_17/PXL_20220922_185410258.PORTRAIT.jpg,8,2,2,2,,2,0,1,1,1
G:\Thesis\MonkSkinTone_Dataset\Segmented_MSTE\subject_17/PXL_20220922_185404798.PORTRAIT.jpg,8,2,2,1,,1,1,0,1,0
G:\Thesis\MonkSkinTone_Dataset\Segmented_MSTE\subject_17/PXL_20220922_185403014.PORTRAIT.jpg,8,2,2,1,,1,1,0,1,0
G:\Thesis\MonkSkinTone_Dataset\Segmented_MSTE\subject_17/PXL_20220922_185401468.PORTRAIT.jpg,8,2,2,1,,1,1,0,1,0
G:\Thesis\MonkSkinTone_Dataset\Segmented_MSTE\subject_17/PXL_20220922_185359690.PORTRAIT.jpg,8,2,2,1,,1,1,0,1,0
G:\Thesis\MonkSkinTone_Dataset\Segmented_MSTE\subject_17/PXL_20220922_185358150.PORTRAIT.jpg,8,2,2,1,,1,1,0,1,0
G:\Thesis\MonkSkinTone_Dataset\Segmented_MSTE\subject_17/PXL_20220922_185316365.PORTRAIT.jpg,8,2,2,1,,1,1,0,1,0
G:\Thesis\MonkSkinTone_Dataset\Segmented_MSTE\subject_17/PXL_20220922_185314924.PORTRAIT.jpg,8,2,2,1,,1,1,0,1,0
G:\Thesis\MonkSkinTone_Dataset\Segmented_MSTE\subject_17/PXL_20220922_185313189.PORTRAIT.jpg,8,2,2,1,,1,1,0,1,0
G:\Thesis\MonkSkinTone_Dataset\Segmented_MSTE\subject_17/PXL_20220922_185311564.PORTRAIT.jpg,8,2,2,2,,2,0,1,1,1
G:\Thesis\MonkSkinTone_Dataset\Segmented_MSTE\subject_17/PXL_20220922_185309607.PORTRAIT.jpg,8,2,2,2,,2,0,1,1,1
G:\Thesis\MonkSkinTone_Dataset\Segmented_MSTE\subject_17/PXL_20220922_185248297.jpg,8,2,2,2,,2,0,1,1,1
G:\Thesis\MonkSkinTone_Dataset\Segmented_MSTE\subject_17/PXL_20220922_185246916.jpg,8,2,2,1,,1,1,0,1,0
G:\Thesis\MonkSkinTone_Dataset\Segmented_MSTE\subject_17/PXL_20220922_185245527.jpg,8,2,2,2,,2,0,1,1,1
G:\Thesis\MonkSkinTone_Dataset\Segmented_MSTE\subject_17/PXL_20220922_185244102.jpg,8,2,2,2,,2,0,1,1,1
G:\Thesis\MonkSkinTone_Dataset\Segmented_MSTE\subject_17/PXL_20220922_185242494.jpg,8,2,2,1,,1,1,0,1,0
G:\Thesis\MonkSkinTone_Dataset\Segmented_MSTE\subject_17/PXL_20220922_185224507.jpg,8,2,2,1,,1,1,0,1,0
G:\Thesis\MonkSkinTone_Dataset\Segmented_MSTE\subject_17/PXL_20220922_185206022.jpg,8,2,2,2,,2,0,1,1,1
G:\Thesis\MonkSkinTone_Dataset\Segmented_MSTE\subject_17/PXL_20220922_185204671.jpg,8,2,2,2,,2,0,1,1,1
G:\Thesis\MonkSkinTone_Dataset\Segmented_MSTE\subject_17/PXL_20220922_185202869.jpg,8,2,2,2,,2,0,1,1,1
G:\Thesis\MonkSkinTone_Dataset\Segmented_MSTE\subject_17/PXL_20220922_185201154.jpg,8,2,2,2,,2,0,1,1,1
G:\Thesis\MonkSkinTone_Dataset\Segmented_MSTE\subject_17/PXL_20220922_185158900.jpg,8,2,2,1,,1,1,0,1,0
G:\Thesis\MonkSkinTone_Dataset\Segmented_MSTE\subject_17/PXL_20220922_185144400.jpg,8,2,2,1,,1,1,0,1,0
G:\Thesis\MonkSkinTone_Dataset\Segmented_MSTE\subject_17/PXL_20220922_185139946.jpg,8,2,2,1,,1,1,0,1,0
G:\Thesis\MonkSkinTone_Dataset\Segmented_MSTE\subject_17/PXL_20220922_185138091.jpg,8,2,2,1,,1,1,0,1,0
G:\Thesis\MonkSkinTone_Dataset\Segmented_MSTE\subject_17/PXL_20220922_185122947.jpg,8,2,2,1,,1,1,0,1,0
G:\Thesis\MonkSkinTone_Dataset\Segmented_MSTE\subject_16/PXL_20220922_163344625.jpg,1,0,0,1,,1,1,0,1,0
G:\Thesis\MonkSkinTone_Dataset\Segmented_MSTE\subject_16/PXL_20220922_163343338.jpg,1,0,0,1,,1,1,0,1,0
G:\Thesis\MonkSkinTone_Dataset\Segmented_MSTE\subject_16/PXL_20220922_163342238.jpg,1,0,0,1,,1,1,0,1,0
G:\Thesis\MonkSkinTone_Dataset\Segmented_MSTE\subject_16/PXL_20220922_163340954.jpg,1,0,0,0,,0,0,1,1,1
G:\Thesis\MonkSkinTone_Dataset\Segmented_MSTE\subject_16/PXL_20220922_163339153.jpg,1,0,0,1,,1,1,0,1,0
G:\Thesis\MonkSkinTone_Dataset\Segmented_MSTE\subject_16/PXL_20220922_163336203.jpg,1,0,0,1,,1,1,0,1,0
G:\Thesis\MonkSkinTone_Dataset\Segmented_MSTE\subject_16/PXL_20220922_163335011.jpg,1,0,0,1,,1,1,0,1,0
G:\Thesis\MonkSkinTone_Dataset\Segmented_MSTE\subject_16/PXL_20220922_163332303.jpg,1,0,0,1,,1,1,0,1,0
G:\Thesis\MonkSkinTone_Dataset\Segmented_MSTE\subject_16/PXL_20220922_163330235.jpg,1,0,0,1,,1,1,0,1,0
G:\Thesis\MonkSkinTone_Dataset\Segmented_MSTE\subject_16/PXL_20220922_163246206.jpg,1,0,0,1,,1,1,0,1,0
G:\Thesis\MonkSkinTone_Dataset\Segmented_MSTE\subject_16/PXL_20220922_163243828.jpg,1,0,0,0,,0,0,1,1,1
G:\Thesis\MonkSkinTone_Dataset\Segmented_MSTE\subject_16/PXL_20220922_163242384.jpg,1,0,0,0,,0,0,1,1,1
G:\Thesis\MonkSkinTone_Dataset\Segmented_MSTE\subject_16/PXL_20220922_163240509.jpg,1,0,0,0,,0,0,1,1,1
G:\Thesis\MonkSkinTone_Dataset\Segmented_MSTE\subject_16/PXL_20220922_163238367.jpg,1,0,0,1,,1,1,0,1,0
G:\Thesis\MonkSkinTone_Dataset\Segmented_MSTE\subject_16/PXL_20220922_163233149.jpg,1,0,0,1,,1,1,0,1,0
G:\Thesis\MonkSkinTone_Dataset\Segmented_MSTE\subject_16/PXL_20220922_163231266.jpg,1,0,0,1,,1,1,0,1,0
G:\Thesis\MonkSkinTone_Dataset\Segmented_MSTE\subject_16/PXL_20220922_163229525.jpg,1,0,0,0,,0,0,1,1,1
G:\Thesis\MonkSkinTone_Dataset\Segmented_MSTE\subject_16/PXL_20220922_163227429.jpg,1,0,0,0,,0,0,1,1,1
G:\Thesis\MonkSkinTone_Dataset\Segmented_MSTE\subject_16/PXL_20220922_163224863.jpg,1,0,0,0,,0,0,1,1,1
G:\Thesis\MonkSkinTone_Dataset\Segmented_MSTE\subject_16/PXL_20220922_163221806.jpg,1,0,0,0,,0,0,1,1,1
G:\Thesis\MonkSkinTone_Dataset\Segmented_MSTE\subject_16/PXL_20220922_163219950.jpg,1,0,0,0,,0,0,1,1,1
G:\Thesis\MonkSkinTone_Dataset\Segmented_MSTE\subject_16/PXL_20220922_163218116.jpg,1,0,0,0,,0,0,1,1,1
G:\Thesis\MonkSkinTone_Dataset\Segmented_MSTE\subject_16/PXL_20220922_163215993.jpg,1,0,0,0,,0,0,1,1,1
G:\Thesis\MonkSkinTone_Dataset\Segmented_MSTE\subject_16/PXL_20220922_163212621.jpg,1,0,0,0,,0,0,1,1,1
G:\Thesis\MonkSkinTone_Dataset\Segmented_MSTE\subject_16/PXL_20220922_163207738.jpg,1,0,0,1,,1,1,0,1,0
G:\Thesis\MonkSkinTone_Dataset\Segmented_MSTE\subject_16/PXL_20220922_163205440.jpg,1,0,0,1,,1,1,0,1,0
G:\Thesis\MonkSkinTone_Dataset\Segmented_MSTE\subject_16/PXL_20220922_163158577.jpg,1,0,0,0,,0,0,1,1,1
G:\Thesis\MonkSkinTone_Dataset\Segmented_MSTE\subject_16/PXL_20220922_163156369.jpg,1,0,0,1,,1,1,0,1,0
G:\Thesis\MonkSkinTone_Dataset\Segmented_MSTE\subject_16/PXL_20220922_163153639.jpg,1,0,0,0,,0,0,1,1,1
G:\Thesis\MonkSkinTone_Dataset\Segmented_MSTE\subject_16/PXL_20220922_163150248.jpg,1,0,0,0,,0,0,1,1,1
G:\Thesis\MonkSkinTone_Dataset\Segmented_MSTE\subject_16/PXL_20220922_163052549.jpg,1,0,0,1,,1,1,0,1,0
G:\Thesis\MonkSkinTone_Dataset\Segmented_MSTE\subject_16/PXL_20220922_163051167.jpg,1,0,0,0,,0,0,1,1,1
G:\Thesis\MonkSkinTone_Dataset\Segmented_MSTE\subject_16/PXL_20220922_163049541.jpg,1,0,0,0,,0,0,1,1,1
G:\Thesis\MonkSkinTone_Dataset\Segmented_MSTE\subject_16/PXL_20220922_163048143.jpg,1,0,0,1,,1,1,0,1,0
G:\Thesis\MonkSkinTone_Dataset\Segmented_MSTE\subject_16/PXL_20220922_163045525.jpg,1,0,0,0,,0,0,1,1,1
G:\Thesis\MonkSkinTone_Dataset\Segmented_MSTE\subject_16/PXL_20220922_163041327.jpg,1,0,0,0,,0,0,1,1,1
G:\Thesis\MonkSkinTone_Dataset\Segmented_MSTE\subject_16/PXL_20220922_163040135.jpg,1,0,0,0,,0,0,1,1,1
G:\Thesis\MonkSkinTone_Dataset\Segmented_MSTE\subject_16/PXL_20220922_163038839.jpg,1,0,0,0,,0,0,1,1,1
G:\Thesis\MonkSkinTone_Dataset\Segmented_MSTE\subject_16/PXL_20220922_163037538.jpg,1,0,0,0,,0,0,1,1,1
G:\Thesis\MonkSkinTone_Dataset\Segmented_MSTE\subject_16/PXL_20220922_163036224.jpg,1,0,0,0,,0,0,1,1,1
G:\Thesis\MonkSkinTone_Dataset\Segmented_MSTE\subject_16/PXL_20220922_163031782.jpg,1,0,0,0,,0,0,1,1,1
G:\Thesis\MonkSkinTone_Dataset\Segmented_MSTE\subject_16/PXL_20220922_163030548.jpg,1,0,0,0,,0,0,1,1,1
G:\Thesis\MonkSkinTone_Dataset\Segmented_MSTE\subject_16/PXL_20220922_163029140.jpg,1,0,0,0,,0,0,1,1,1
G:\Thesis\MonkSkinTone_Dataset\Segmented_MSTE\subject_16/PXL_20220922_163027663.jpg,1,0,0,1,,1,1,0,1,0
G:\Thesis\MonkSkinTone_Dataset\Segmented_MSTE\subject_16/PXL_20220922_163025599.jpg,1,0,0,0,,0,0,1,1,1
G:\Thesis\MonkSkinTone_Dataset\Segmented_MSTE\subject_16/PXL_20220922_162946598.jpg,1,0,0,0,,0,0,1,1,1
G:\Thesis\MonkSkinTone_Dataset\Segmented_MSTE\subject_16/PXL_20220922_162945260.jpg,1,0,0,1,,1,1,0,1,0
G:\Thesis\MonkSkinTone_Dataset\Segmented_MSTE\subject_16/PXL_20220922_162943445.jpg,1,0,0,0,,0,0,1,1,1
G:\Thesis\MonkSkinTone_Dataset\Segmented_MSTE\subject_16/PXL_20220922_162942226.jpg,1,0,0,0,,0,0,1,1,1
G:\Thesis\MonkSkinTone_Dataset\Segmented_MSTE\subject_16/PXL_20220922_162940283.jpg,1,0,0,0,,0,0,1,1,1
G:\Thesis\MonkSkinTone_Dataset\Segmented_MSTE\subject_16/PXL_20220922_162937771.jpg,1,0,0,0,,0,0,1,1,1
G:\Thesis\MonkSkinTone_Dataset\Segmented_MSTE\subject_16/PXL_20220922_162936557.jpg,1,0,0,0,,0,0,1,1,1
G:\Thesis\MonkSkinTone_Dataset\Segmented_MSTE\subject_16/PXL_20220922_162934684.jpg,1,0,0,0,,0,0,1,1,1
G:\Thesis\MonkSkinTone_Dataset\Segmented_MSTE\subject_16/PXL_20220922_162933194.jpg,1,0,0,0,,0,0,1,1,1
G:\Thesis\MonkSkinTone_Dataset\Segmented_MSTE\subject_16/PXL_20220922_162931300.jpg,1,0,0,1,,1,1,0,1,0
G:\Thesis\MonkSkinTone_Dataset\Segmented_MSTE\subject_16/PXL_20220922_162927043.jpg,1,0,0,1,,1,1,0,1,0
G:\Thesis\MonkSkinTone_Dataset\Segmented_MSTE\subject_16/PXL_20220922_162924532.jpg,1,0,0,1,,1,1,0,1,0
G:\Thesis\MonkSkinTone_Dataset\Segmented_MSTE\subject_16/PXL_20220922_162923216.jpg,1,0,0,0,,0,0,1,1,1
G:\Thesis\MonkSkinTone_Dataset\Segmented_MSTE\subject_16/PXL_20220922_162921844.jpg,1,0,0,0,,0,0,1,1,1
G:\Thesis\MonkSkinTone_Dataset\Segmented_MSTE\subject_16/PXL_20220922_162919912.jpg,1,0,0,0,,0,0,1,1,1
G:\Thesis\MonkSkinTone_Dataset\Segmented_MSTE\subject_16/PXL_20220922_162917375.jpg,1,0,0,1,,1,1,0,1,0
G:\Thesis\MonkSkinTone_Dataset\Segmented_MSTE\subject_16/PXL_20220922_162915871.jpg,1,0,0,0,,0,0,1,1,1
G:\Thesis\MonkSkinTone_Dataset\Segmented_MSTE\subject_16/PXL_20220922_162914173.jpg,1,0,0,1,,1,1,0,1,0
G:\Thesis\MonkSkinTone_Dataset\Segmented_MSTE\subject_16/PXL_20220922_162912581.jpg,1,0,0,0,,0,0,1,1,1
G:\Thesis\MonkSkinTone_Dataset\Segmented_MSTE\subject_16/PXL_20220922_162910059.jpg,1,0,0,1,,1,1,0,1,0
G:\Thesis\MonkSkinTone_Dataset\Segmented_MSTE\subject_16/PXL_20220922_162836588.jpg,1,0,0,1,,1,1,0,1,0
G:\Thesis\MonkSkinTone_Dataset\Segmented_MSTE\subject_16/PXL_20220922_162834847.jpg,1,0,0,1,,1,1,0,1,0
G:\Thesis\MonkSkinTone_Dataset\Segmented_MSTE\subject_16/PXL_20220922_162832750.jpg,1,0,0,0,,0,0,1,1,1
G:\Thesis\MonkSkinTone_Dataset\Segmented_MSTE\subject_16/PXL_20220922_162830836.jpg,1,0,0,0,,0,0,1,1,1
G:\Thesis\MonkSkinTone_Dataset\Segmented_MSTE\subject_16/PXL_20220922_162827172.jpg,1,0,0,1,,1,1,0,1,0
G:\Thesis\MonkSkinTone_Dataset\Segmented_MSTE\subject_16/PXL_20220922_162824514.jpg,1,0,0,1,,1,1,0,1,0
G:\Thesis\MonkSkinTone_Dataset\Segmented_MSTE\subject_16/PXL_20220922_162821871.jpg,1,0,0,1,,1,1,0,1,0
G:\Thesis\MonkSkinTone_Dataset\Segmented_MSTE\subject_16/PXL_20220922_162818819.jpg,1,0,0,1,,1,1,0,1,0
G:\Thesis\MonkSkinTone_Dataset\Segmented_MSTE\subject_16/PXL_20220922_162814014.jpg,1,0,0,1,,1,1,0,1,0
G:\Thesis\MonkSkinTone_Dataset\Segmented_MSTE\subject_16/PXL_20220922_162811412.jpg,1,0,0,1,,1,1,0,1,0
G:\Thesis\MonkSkinTone_Dataset\Segmented_MSTE\subject_16/PXL_20220922_162808508.jpg,1,0,0,0,,0,0,1,1,1
G:\Thesis\MonkSkinTone_Dataset\Segmented_MSTE\subject_16/PXL_20220922_162805930.jpg,1,0,0,0,,0,0,1,1,1
G:\Thesis\MonkSkinTone_Dataset\Segmented_MSTE\subject_16/PXL_20220922_162801535.jpg,1,0,0,1,,1,1,0,1,0
G:\Thesis\MonkSkinTone_Dataset\Segmented_MSTE\subject_16/PXL_20220922_162758602.jpg,1,0,0,1,,1,1,0,1,0
G:\Thesis\MonkSkinTone_Dataset\Segmented_MSTE\subject_16/PXL_20220922_162755253.jpg,1,0,0,0,,0,0,1,1,1
G:\Thesis\MonkSkinTone_Dataset\Segmented_MSTE\subject_16/PXL_20220922_162751666.jpg,1,0,0,0,,0,0,1,1,1
G:\Thesis\MonkSkinTone_Dataset\Segmented_MSTE\subject_16/PXL_20220922_162746982.jpg,1,0,0,0,,0,0,1,1,1
G:\Thesis\MonkSkinTone_Dataset\Segmented_MSTE\subject_15/PXL_20220922_132128162.PORTRAIT.jpg,3,0,0,1,,1,1,0,1,0
G:\Thesis\MonkSkinTone_Dataset\Segmented_MSTE\subject_15/PXL_20220922_132123452.PORTRAIT.jpg,3,0,0,1,,1,1,0,1,0
G:\Thesis\MonkSkinTone_Dataset\Segmented_MSTE\subject_15/PXL_20220922_132121109.PORTRAIT.jpg,3,0,0,1,,1,1,0,1,0
G:\Thesis\MonkSkinTone_Dataset\Segmented_MSTE\subject_15/PXL_20220922_132118269.PORTRAIT.jpg,3,0,0,1,,1,1,0,1,0
G:\Thesis\MonkSkinTone_Dataset\Segmented_MSTE\subject_15/PXL_20220922_132052576.PORTRAIT.jpg,3,0,0,1,,1,1,0,1,0
G:\Thesis\MonkSkinTone_Dataset\Segmented_MSTE\subject_15/PXL_20220922_132048784.PORTRAIT.jpg,3,0,0,1,,1,1,0,1,0
G:\Thesis\MonkSkinTone_Dataset\Segmented_MSTE\subject_15/PXL_20220922_132042033.PORTRAIT.jpg,3,0,0,1,,1,1,0,1,0
G:\Thesis\MonkSkinTone_Dataset\Segmented_MSTE\subject_15/PXL_20220922_132040123.PORTRAIT.jpg,3,0,0,1,,1,1,0,1,0
G:\Thesis\MonkSkinTone_Dataset\Segmented_MSTE\subject_15/PXL_20220922_132016589.PORTRAIT.jpg,3,0,0,1,,1,1,0,1,0
G:\Thesis\MonkSkinTone_Dataset\Segmented_MSTE\subject_15/PXL_20220922_132014529.PORTRAIT.jpg,3,0,0,1,,1,1,0,1,0
G:\Thesis\MonkSkinTone_Dataset\Segmented_MSTE\subject_15/PXL_20220922_132008862.PORTRAIT.jpg,3,0,0,1,,1,1,0,1,0
G:\Thesis\MonkSkinTone_Dataset\Segmented_MSTE\subject_15/PXL_20220922_132003063.PORTRAIT.jpg,3,0,0,1,,1,1,0,1,0
G:\Thesis\MonkSkinTone_Dataset\Segmented_MSTE\subject_15/PXL_20220922_131958999.PORTRAIT.jpg,3,0,0,1,,1,1,0,1,0
G:\Thesis\MonkSkinTone_Dataset\Segmented_MSTE\subject_15/PXL_20220922_131955423.PORTRAIT.jpg,3,0,0,2,,2,2,0,0,0
G:\Thesis\MonkSkinTone_Dataset\Segmented_MSTE\subject_15/PXL_20220922_131951023.PORTRAIT.jpg,3,0,0,1,,1,1,0,1,0
G:\Thesis\MonkSkinTone_Dataset\Segmented_MSTE\subject_15/PXL_20220922_131901514.PORTRAIT.jpg,3,0,0,1,,1,1,0,1,0
G:\Thesis\MonkSkinTone_Dataset\Segmented_MSTE\subject_15/PXL_20220922_131859247.PORTRAIT.jpg,3,0,0,1,,1,1,0,1,0
G:\Thesis\MonkSkinTone_Dataset\Segmented_MSTE\subject_15/PXL_20220922_131857071.PORTRAIT.jpg,3,0,0,1,,1,1,0,1,0
G:\Thesis\MonkSkinTone_Dataset\Segmented_MSTE\subject_15/PXL_20220922_131854614.PORTRAIT.jpg,3,0,0,2,,2,2,0,0,0
G:\Thesis\MonkSkinTone_Dataset\Segmented_MSTE\subject_15/PXL_20220922_131850751.PORTRAIT.jpg,3,0,0,2,,2,2,0,0,0
G:\Thesis\MonkSkinTone_Dataset\Segmented_MSTE\subject_15/PXL_20220922_131844594.PORTRAIT.jpg,3,0,0,1,,1,1,0,1,0
G:\Thesis\MonkSkinTone_Dataset\Segmented_MSTE\subject_15/PXL_20220922_131829227.jpg,3,0,0,1,,1,1,0,1,0
G:\Thesis\MonkSkinTone_Dataset\Segmented_MSTE\subject_15/PXL_20220922_131818892.jpg,3,0,0,1,,1,1,0,1,0
G:\Thesis\MonkSkinTone_Dataset\Segmented_MSTE\subject_15/PXL_20220922_131815761.jpg,3,0,0,2,,2,2,0,0,0
G:\Thesis\MonkSkinTone_Dataset\Segmented_MSTE\subject_15/PXL_20220922_131814125.jpg,3,0,0,2,,2,2,0,0,0
G:\Thesis\MonkSkinTone_Dataset\Segmented_MSTE\subject_15/PXL_20220922_131811784.jpg,3,0,0,1,,1,1,0,1,0
G:\Thesis\MonkSkinTone_Dataset\Segmented_MSTE\subject_15/PXL_20220922_131806066.jpg,3,0,0,1,,1,1,0,1,0
G:\Thesis\MonkSkinTone_Dataset\Segmented_MSTE\subject_15/PXL_20220922_131746430.jpg,3,0,0,1,,1,1,0,1,0
G:\Thesis\MonkSkinTone_Dataset\Segmented_MSTE\subject_15/PXL_20220922_131743911.jpg,3,0,0,1,,1,1,0,1,0
G:\Thesis\MonkSkinTone_Dataset\Segmented_MSTE\subject_15/PXL_20220922_131741571.jpg,3,0,0,0,,0,0,1,1,1
G:\Thesis\MonkSkinTone_Dataset\Segmented_MSTE\subject_15/PXL_20220922_131739148.jpg,3,0,0,1,,1,1,0,1,0
G:\Thesis\MonkSkinTone_Dataset\Segmented_MSTE\subject_15/PXL_20220922_131732383.jpg,3,0,0,1,,1,1,0,1,0
G:\Thesis\MonkSkinTone_Dataset\Segmented_MSTE\subject_15/PXL_20220922_131730853.jpg,3,0,0,1,,1,1,0,1,0
G:\Thesis\MonkSkinTone_Dataset\Segmented_MSTE\subject_15/PXL_20220922_131728413.jpg,3,0,0,1,,1,1,0,1,0
G:\Thesis\MonkSkinTone_Dataset\Segmented_MSTE\subject_15/PXL_20220922_131725930.jpg,3,0,0,0,,0,0,1,1,1
G:\Thesis\MonkSkinTone_Dataset\Segmented_MSTE\subject_15/PXL_20220922_131722761.jpg,3,0,0,1,,1,1,0,1,0
G:\Thesis\MonkSkinTone_Dataset\Segmented_MSTE\subject_15/PXL_20220922_131720092.jpg,3,0,0,1,,1,1,0,1,0
G:\Thesis\MonkSkinTone_Dataset\Segmented_MSTE\subject_15/PXL_20220922_131419682.jpg,3,0,0,1,,1,1,0,1,0
G:\Thesis\MonkSkinTone_Dataset\Segmented_MSTE\subject_15/PXL_20220922_131417697.jpg,3,0,0,1,,1,1,0,1,0
G:\Thesis\MonkSkinTone_Dataset\Segmented_MSTE\subject_15/PXL_20220922_131415896.jpg,3,0,0,1,,1,1,0,1,0
G:\Thesis\MonkSkinTone_Dataset\Segmented_MSTE\subject_15/PXL_20220922_131414042.jpg,3,0,0,0,,0,0,1,1,1
G:\Thesis\MonkSkinTone_Dataset\Segmented_MSTE\subject_15/PXL_20220922_131411507.jpg,3,0,0,1,,1,1,0,1,0
G:\Thesis\MonkSkinTone_Dataset\Segmented_MSTE\subject_15/PXL_20220922_131405319.jpg,3,0,0,1,,1,1,0,1,0
G:\Thesis\MonkSkinTone_Dataset\Segmented_MSTE\subject_15/PXL_20220922_131245640.jpg,3,0,0,1,,1,1,0,1,0
G:\Thesis\MonkSkinTone_Dataset\Segmented_MSTE\subject_15/PXL_20220922_131243185.jpg,3,0,0,1,,1,1,0,1,0
G:\Thesis\MonkSkinTone_Dataset\Segmented_MSTE\subject_15/PXL_20220922_131240323.jpg,3,0,0,0,,0,0,1,1,1
G:\Thesis\MonkSkinTone_Dataset\Segmented_MSTE\subject_15/PXL_20220922_131237419.jpg,3,0,0,0,,0,0,1,1,1
G:\Thesis\MonkSkinTone_Dataset\Segmented_MSTE\subject_15/PXL_20220922_131234792.jpg,3,0,0,1,,1,1,0,1,0
G:\Thesis\MonkSkinTone_Dataset\Segmented_MSTE\subject_14/PXL_20220922_161621027.jpg,6,1,1,1,,1,0,1,1,1
G:\Thesis\MonkSkinTone_Dataset\Segmented_MSTE\subject_14/PXL_20220922_161619819.jpg,6,1,1,1,,1,0,1,1,1
G:\Thesis\MonkSkinTone_Dataset\Segmented_MSTE\subject_14/PXL_20220922_161618401.jpg,6,1,1,1,,1,0,1,1,1
G:\Thesis\MonkSkinTone_Dataset\Segmented_MSTE\subject_14/PXL_20220922_161616836.jpg,6,1,1,1,,1,0,1,1,1
G:\Thesis\MonkSkinTone_Dataset\Segmented_MSTE\subject_14/PXL_20220922_161615579.jpg,6,1,1,1,,1,0,1,1,1
G:\Thesis\MonkSkinTone_Dataset\Segmented_MSTE\subject_14/PXL_20220922_161610729.jpg,6,1,1,1,,1,0,1,1,1
G:\Thesis\MonkSkinTone_Dataset\Segmented_MSTE\subject_14/PXL_20220922_161609136.jpg,6,1,1,1,,1,0,1,1,1
G:\Thesis\MonkSkinTone_Dataset\Segmented_MSTE\subject_14/PXL_20220922_161607524.jpg,6,1,1,1,,1,0,1,1,1
G:\Thesis\MonkSkinTone_Dataset\Segmented_MSTE\subject_14/PXL_20220922_161606038.jpg,6,1,1,1,,1,0,1,1,1
G:\Thesis\MonkSkinTone_Dataset\Segmented_MSTE\subject_14/PXL_20220922_161604105.jpg,6,1,1,1,,1,0,1,1,1
G:\Thesis\MonkSkinTone_Dataset\Segmented_MSTE\subject_14/PXL_20220922_161451316.jpg,6,1,1,1,,1,0,1,1,1
G:\Thesis\MonkSkinTone_Dataset\Segmented_MSTE\subject_14/PXL_20220922_161450027.jpg,6,1,1,2,,2,1,0,1,0
G:\Thesis\MonkSkinTone_Dataset\Segmented_MSTE\subject_14/PXL_20220922_161448539.jpg,6,1,1,1,,1,0,1,1,1
G:\Thesis\MonkSkinTone_Dataset\Segmented_MSTE\subject_14/PXL_20220922_161446941.jpg,6,1,1,1,,1,0,1,1,1
G:\Thesis\MonkSkinTone_Dataset\Segmented_MSTE\subject_14/PXL_20220922_161445106.jpg,6,1,1,1,,1,0,1,1,1
G:\Thesis\MonkSkinTone_Dataset\Segmented_MSTE\subject_14/PXL_20220922_161443026.jpg,6,1,1,1,,1,0,1,1,1
G:\Thesis\MonkSkinTone_Dataset\Segmented_MSTE\subject_14/PXL_20220922_161441452.jpg,6,1,1,2,,2,1,0,1,0
G:\Thesis\MonkSkinTone_Dataset\Segmented_MSTE\subject_14/PXL_20220922_161440072.jpg,6,1,1,0,,0,1,0,1,0
G:\Thesis\MonkSkinTone_Dataset\Segmented_MSTE\subject_14/PXL_20220922_161438508.jpg,6,1,1,0,,0,1,0,1,0
G:\Thesis\MonkSkinTone_Dataset\Segmented_MSTE\subject_14/PXL_20220922_161436829.jpg,6,1,1,1,,1,0,1,1,1
G:\Thesis\MonkSkinTone_Dataset\Segmented_MSTE\subject_14/PXL_20220922_161234429.PORTRAIT.jpg,6,1,1,1,,1,0,1,1,1
G:\Thesis\MonkSkinTone_Dataset\Segmented_MSTE\subject_14/PXL_20220922_161228720.PORTRAIT.jpg,6,1,1,1,,1,0,1,1,1
G:\Thesis\MonkSkinTone_Dataset\Segmented_MSTE\subject_14/PXL_20220922_161206594.PORTRAIT.jpg,6,1,1,1,,1,0,1,1,1
G:\Thesis\MonkSkinTone_Dataset\Segmented_MSTE\subject_14/PXL_20220922_161205171.PORTRAIT.jpg,6,1,1,1,,1,0,1,1,1
G:\Thesis\MonkSkinTone_Dataset\Segmented_MSTE\subject_14/PXL_20220922_161203118.PORTRAIT.jpg,6,1,1,1,,1,0,1,1,1
G:\Thesis\MonkSkinTone_Dataset\Segmented_MSTE\subject_14/PXL_20220922_161201504.PORTRAIT.jpg,6,1,1,1,,1,0,1,1,1
G:\Thesis\MonkSkinTone_Dataset\Segmented_MSTE\subject_14/PXL_20220922_161159845.PORTRAIT.jpg,6,1,1,1,,1,0,1,1,1
G:\Thesis\MonkSkinTone_Dataset\Segmented_MSTE\subject_14/PXL_20220922_161148471.PORTRAIT.jpg,6,1,1,1,,1,0,1,1,1
G:\Thesis\MonkSkinTone_Dataset\Segmented_MSTE\subject_14/PXL_20220922_161146768.PORTRAIT.jpg,6,1,1,1,,1,0,1,1,1
G:\Thesis\MonkSkinTone_Dataset\Segmented_MSTE\subject_14/PXL_20220922_161144902.PORTRAIT.jpg,6,1,1,1,,1,0,1,1,1
G:\Thesis\MonkSkinTone_Dataset\Segmented_MSTE\subject_14/PXL_20220922_161143087.PORTRAIT.jpg,6,1,1,1,,1,0,1,1,1
G:\Thesis\MonkSkinTone_Dataset\Segmented_MSTE\subject_14/PXL_20220922_161127301.PORTRAIT.jpg,6,1,1,1,,1,0,1,1,1
G:\Thesis\MonkSkinTone_Dataset\Segmented_MSTE\subject_14/PXL_20220922_161120533.PORTRAIT.jpg,6,1,1,1,,1,0,1,1,1
G:\Thesis\MonkSkinTone_Dataset\Segmented_MSTE\subject_14/PXL_20220922_161114689.PORTRAIT.jpg,6,1,1,1,,1,0,1,1,1
G:\Thesis\MonkSkinTone_Dataset\Segmented_MSTE\subject_14/PXL_20220922_161113043.PORTRAIT.jpg,6,1,1,1,,1,0,1,1,1
G:\Thesis\MonkSkinTone_Dataset\Segmented_MSTE\subject_14/PXL_20220922_161107253.PORTRAIT.jpg,6,1,1,1,,1,0,1,1,1
G:\Thesis\MonkSkinTone_Dataset\Segmented_MSTE\subject_14/PXL_20220922_161024329.jpg,6,1,1,1,,1,0,1,1,1
G:\Thesis\MonkSkinTone_Dataset\Segmented_MSTE\subject_14/PXL_20220922_161022255.jpg,6,1,1,1,,1,0,1,1,1
G:\Thesis\MonkSkinTone_Dataset\Segmented_MSTE\subject_14/PXL_20220922_161020616.jpg,6,1,1,0,,0,1,0,1,0
G:\Thesis\MonkSkinTone_Dataset\Segmented_MSTE\subject_14/PXL_20220922_161018788.jpg,6,1,1,1,,1,0,1,1,1
G:\Thesis\MonkSkinTone_Dataset\Segmented_MSTE\subject_14/PXL_20220922_161017221.jpg,6,1,1,1,,1,0,1,1,1
G:\Thesis\MonkSkinTone_Dataset\Segmented_MSTE\subject_14/PXL_20220922_161012849.jpg,6,1,1,1,,1,0,1,1,1
G:\Thesis\MonkSkinTone_Dataset\Segmented_MSTE\subject_14/PXL_20220922_161010913.jpg,6,1,1,0,,0,1,0,1,0
G:\Thesis\MonkSkinTone_Dataset\Segmented_MSTE\subject_14/PXL_20220922_161009091.jpg,6,1,1,1,,1,0,1,1,1
G:\Thesis\MonkSkinTone_Dataset\Segmented_MSTE\subject_14/PXL_20220922_161006903.jpg,6,1,1,2,,2,1,0,1,0
G:\Thesis\MonkSkinTone_Dataset\Segmented_MSTE\subject_14/PXL_20220922_161004335.jpg,6,1,1,1,,1,0,1,1,1
G:\Thesis\MonkSkinTone_Dataset\Segmented_MSTE\subject_14/PXL_20220922_161002163.jpg,6,1,1,1,,1,0,1,1,1
G:\Thesis\MonkSkinTone_Dataset\Segmented_MSTE\subject_14/PXL_20220922_161000077.jpg,6,1,1,0,,0,1,0,1,0
G:\Thesis\MonkSkinTone_Dataset\Segmented_MSTE\subject_14/PXL_20220922_160957926.jpg,6,1,1,1,,1,0,1,1,1
G:\Thesis\MonkSkinTone_Dataset\Segmented_MSTE\subject_14/PXL_20220922_160955996.jpg,6,1,1,1,,1,0,1,1,1
G:\Thesis\MonkSkinTone_Dataset\Segmented_MSTE\subject_14/PXL_20220922_160954446.jpg,6,1,1,1,,1,0,1,1,1
G:\Thesis\MonkSkinTone_Dataset\Segmented_MSTE\subject_14/PXL_20220922_160952357.jpg,6,1,1,1,,1,0,1,1,1
G:\Thesis\MonkSkinTone_Dataset\Segmented_MSTE\subject_14/PXL_20220922_160950182.jpg,6,1,1,0,,0,1,0,1,0
G:\Thesis\MonkSkinTone_Dataset\Segmented_MSTE\subject_14/PXL_20220922_160947788.jpg,6,1,1,1,,1,0,1,1,1
G:\Thesis\MonkSkinTone_Dataset\Segmented_MSTE\subject_14/PXL_20220922_160946047.jpg,6,1,1,0,,0,1,0,1,0
G:\Thesis\MonkSkinTone_Dataset\Segmented_MSTE\subject_14/PXL_20220922_160944429.jpg,6,1,1,1,,1,0,1,1,1
G:\Thesis\MonkSkinTone_Dataset\Segmented_MSTE\subject_14/PXL_20220922_160853301.jpg,6,1,1,1,,1,0,1,1,1
G:\Thesis\MonkSkinTone_Dataset\Segmented_MSTE\subject_14/PXL_20220922_160850108.jpg,6,1,1,1,,1,0,1,1,1
G:\Thesis\MonkSkinTone_Dataset\Segmented_MSTE\subject_14/PXL_20220922_160846747.jpg,6,1,1,1,,1,0,1,1,1
G:\Thesis\MonkSkinTone_Dataset\Segmented_MSTE\subject_14/PXL_20220922_160844411.jpg,6,1,1,0,,0,1,0,1,0
G:\Thesis\MonkSkinTone_Dataset\Segmented_MSTE\subject_14/PXL_20220922_160841972.jpg,6,1,1,1,,1,0,1,1,1
G:\Thesis\MonkSkinTone_Dataset\Segmented_MSTE\subject_14/PXL_20220922_160840133.jpg,6,1,1,0,,0,1,0,1,0
G:\Thesis\MonkSkinTone_Dataset\Segmented_MSTE\subject_14/PXL_20220922_160836485.jpg,6,1,1,1,,1,0,1,1,1
G:\Thesis\MonkSkinTone_Dataset\Segmented_MSTE\subject_14/PXL_20220922_160833805.jpg,6,1,1,0,,0,1,0,1,0
G:\Thesis\MonkSkinTone_Dataset\Segmented_MSTE\subject_14/PXL_20220922_160830151.jpg,6,1,1,0,,0,1,0,1,0
G:\Thesis\MonkSkinTone_Dataset\Segmented_MSTE\subject_14/PXL_20220922_160828334.jpg,6,1,1,1,,1,0,1,1,1
G:\Thesis\MonkSkinTone_Dataset\Segmented_MSTE\subject_14/PXL_20220922_160826611.jpg,6,1,1,1,,1,0,1,1,1
G:\Thesis\MonkSkinTone_Dataset\Segmented_MSTE\subject_14/PXL_20220922_160824216.jpg,6,1,1,1,,1,0,1,1,1
G:\Thesis\MonkSkinTone_Dataset\Segmented_MSTE\subject_14/PXL_20220922_160820039.jpg,6,1,1,1,,1,0,1,1,1
G:\Thesis\MonkSkinTone_Dataset\Segmented_MSTE\subject_14/PXL_20220922_160818048.jpg,6,1,1,1,,1,0,1,1,1
G:\Thesis\MonkSkinTone_Dataset\Segmented_MSTE\subject_14/PXL_20220922_160815863.jpg,6,1,1,1,,1,0,1,1,1
G:\Thesis\MonkSkinTone_Dataset\Segmented_MSTE\subject_14/PXL_20220922_160742778.jpg,6,1,1,1,,1,0,1,1,1
G:\Thesis\MonkSkinTone_Dataset\Segmented_MSTE\subject_13/PXL_20220922_141215176.jpg,2,0,0,1,,1,1,0,1,0
G:\Thesis\MonkSkinTone_Dataset\Segmented_MSTE\subject_13/PXL_20220922_141214067.jpg,2,0,0,0,,0,0,1,1,1
G:\Thesis\MonkSkinTone_Dataset\Segmented_MSTE\subject_13/PXL_20220922_141212658.jpg,2,0,0,0,,0,0,1,1,1
G:\Thesis\MonkSkinTone_Dataset\Segmented_MSTE\subject_13/PXL_20220922_141210919.jpg,2,0,0,0,,0,0,1,1,1
G:\Thesis\MonkSkinTone_Dataset\Segmented_MSTE\subject_13/PXL_20220922_141207125.jpg,2,0,0,0,,0,0,1,1,1
G:\Thesis\MonkSkinTone_Dataset\Segmented_MSTE\subject_13/PXL_20220922_141205526.jpg,2,0,0,1,,1,1,0,1,0
G:\Thesis\MonkSkinTone_Dataset\Segmented_MSTE\subject_13/PXL_20220922_141200118.jpg,2,0,0,1,,1,1,0,1,0
G:\Thesis\MonkSkinTone_Dataset\Segmented_MSTE\subject_13/PXL_20220922_141158574.jpg,2,0,0,1,,1,1,0,1,0
G:\Thesis\MonkSkinTone_Dataset\Segmented_MSTE\subject_13/PXL_20220922_141157102.jpg,2,0,0,0,,0,0,1,1,1
G:\Thesis\MonkSkinTone_Dataset\Segmented_MSTE\subject_13/PXL_20220922_141155806.jpg,2,0,0,1,,1,1,0,1,0
G:\Thesis\MonkSkinTone_Dataset\Segmented_MSTE\subject_13/PXL_20220922_141154318.jpg,2,0,0,1,,1,1,0,1,0
G:\Thesis\MonkSkinTone_Dataset\Segmented_MSTE\subject_13/PXL_20220922_141152732.jpg,2,0,0,1,,1,1,0,1,0
G:\Thesis\MonkSkinTone_Dataset\Segmented_MSTE\subject_13/PXL_20220922_141148032.jpg,2,0,0,1,,1,1,0,1,0
G:\Thesis\MonkSkinTone_Dataset\Segmented_MSTE\subject_13/PXL_20220922_141146749.jpg,2,0,0,1,,1,1,0,1,0
G:\Thesis\MonkSkinTone_Dataset\Segmented_MSTE\subject_13/PXL_20220922_141145430.jpg,2,0,0,1,,1,1,0,1,0
G:\Thesis\MonkSkinTone_Dataset\Segmented_MSTE\subject_13/PXL_20220922_141143935.jpg,2,0,0,1,,1,1,0,1,0
G:\Thesis\MonkSkinTone_Dataset\Segmented_MSTE\subject_13/PXL_20220922_141142245.jpg,2,0,0,1,,1,1,0,1,0
G:\Thesis\MonkSkinTone_Dataset\Segmented_MSTE\subject_13/PXL_20220922_141137133.jpg,2,0,0,1,,1,1,0,1,0
G:\Thesis\MonkSkinTone_Dataset\Segmented_MSTE\subject_13/PXL_20220922_141135379.jpg,2,0,0,1,,1,1,0,1,0
G:\Thesis\MonkSkinTone_Dataset\Segmented_MSTE\subject_13/PXL_20220922_141133646.jpg,2,0,0,1,,1,1,0,1,0
G:\Thesis\MonkSkinTone_Dataset\Segmented_MSTE\subject_13/PXL_20220922_141131847.jpg,2,0,0,1,,1,1,0,1,0
G:\Thesis\MonkSkinTone_Dataset\Segmented_MSTE\subject_13/PXL_20220922_141129747.jpg,2,0,0,1,,1,1,0,1,0
G:\Thesis\MonkSkinTone_Dataset\Segmented_MSTE\subject_13/PXL_20220922_141123871.jpg,2,0,0,0,,0,0,1,1,1
G:\Thesis\MonkSkinTone_Dataset\Segmented_MSTE\subject_13/PXL_20220922_141040848.jpg,2,0,0,0,,0,0,1,1,1
G:\Thesis\MonkSkinTone_Dataset\Segmented_MSTE\subject_13/PXL_20220922_141038995.jpg,2,0,0,0,,0,0,1,1,1
G:\Thesis\MonkSkinTone_Dataset\Segmented_MSTE\subject_13/PXL_20220922_141033915.jpg,2,0,0,0,,0,0,1,1,1
G:\Thesis\MonkSkinTone_Dataset\Segmented_MSTE\subject_13/PXL_20220922_141031824.jpg,2,0,0,1,,1,1,0,1,0
G:\Thesis\MonkSkinTone_Dataset\Segmented_MSTE\subject_13/PXL_20220922_141029313.jpg,2,0,0,0,,0,0,1,1,1
G:\Thesis\MonkSkinTone_Dataset\Segmented_MSTE\subject_13/PXL_20220922_141024171.jpg,2,0,0,0,,0,0,1,1,1
G:\Thesis\MonkSkinTone_Dataset\Segmented_MSTE\subject_13/PXL_20220922_141022389.jpg,2,0,0,0,,0,0,1,1,1
G:\Thesis\MonkSkinTone_Dataset\Segmented_MSTE\subject_13/PXL_20220922_141021258.jpg,2,0,0,0,,0,0,1,1,1
G:\Thesis\MonkSkinTone_Dataset\Segmented_MSTE\subject_13/PXL_20220922_141017374.jpg,2,0,0,0,,0,0,1,1,1
G:\Thesis\MonkSkinTone_Dataset\Segmented_MSTE\subject_13/PXL_20220922_141016189.jpg,2,0,0,0,,0,0,1,1,1
G:\Thesis\MonkSkinTone_Dataset\Segmented_MSTE\subject_13/PXL_20220922_141013772.jpg,2,0,0,1,,1,1,0,1,0
G:\Thesis\MonkSkinTone_Dataset\Segmented_MSTE\subject_13/PXL_20220922_141002299.jpg,2,0,0,0,,0,0,1,1,1
G:\Thesis\MonkSkinTone_Dataset\Segmented_MSTE\subject_13/PXL_20220922_141000414.jpg,2,0,0,1,,1,1,0,1,0
G:\Thesis\MonkSkinTone_Dataset\Segmented_MSTE\subject_13/PXL_20220922_140958425.jpg,2,0,0,0,,0,0,1,1,1
G:\Thesis\MonkSkinTone_Dataset\Segmented_MSTE\subject_13/PXL_20220922_140956208.jpg,2,0,0,0,,0,0,1,1,1
G:\Thesis\MonkSkinTone_Dataset\Segmented_MSTE\subject_13/PXL_20220922_140954309.jpg,2,0,0,0,,0,0,1,1,1
G:\Thesis\MonkSkinTone_Dataset\Segmented_MSTE\subject_13/PXL_20220922_140951373.jpg,2,0,0,0,,0,0,1,1,1
G:\Thesis\MonkSkinTone_Dataset\Segmented_MSTE\subject_13/PXL_20220922_140702450.PORTRAIT.jpg,2,0,0,0,,0,0,1,1,1
G:\Thesis\MonkSkinTone_Dataset\Segmented_MSTE\subject_13/PXL_20220922_140658431.PORTRAIT.jpg,2,0,0,0,,0,0,1,1,1
G:\Thesis\MonkSkinTone_Dataset\Segmented_MSTE\subject_13/PXL_20220922_140656981.PORTRAIT.jpg,2,0,0,0,,0,0,1,1,1
G:\Thesis\MonkSkinTone_Dataset\Segmented_MSTE\subject_13/PXL_20220922_140655381.PORTRAIT.jpg,2,0,0,0,,0,0,1,1,1
G:\Thesis\MonkSkinTone_Dataset\Segmented_MSTE\subject_13/PXL_20220922_140653888.PORTRAIT.jpg,2,0,0,0,,0,0,1,1,1
G:\Thesis\MonkSkinTone_Dataset\Segmented_MSTE\subject_13/PXL_20220922_140644738.PORTRAIT.jpg,2,0,0,0,,0,0,1,1,1
G:\Thesis\MonkSkinTone_Dataset\Segmented_MSTE\subject_13/PXL_20220922_140642650.PORTRAIT.jpg,2,0,0,0,,0,0,1,1,1
G:\Thesis\MonkSkinTone_Dataset\Segmented_MSTE\subject_13/PXL_20220922_140633904.PORTRAIT.jpg,2,0,0,1,,1,1,0,1,0
G:\Thesis\MonkSkinTone_Dataset\Segmented_MSTE\subject_13/PXL_20220922_140630454.PORTRAIT.jpg,2,0,0,0,,0,0,1,1,1
G:\Thesis\MonkSkinTone_Dataset\Segmented_MSTE\subject_13/PXL_20220922_140628854.PORTRAIT.jpg,2,0,0,1,,1,1,0,1,0
G:\Thesis\MonkSkinTone_Dataset\Segmented_MSTE\subject_13/PXL_20220922_140619957.PORTRAIT.jpg,2,0,0,0,,0,0,1,1,1
G:\Thesis\MonkSkinTone_Dataset\Segmented_MSTE\subject_13/PXL_20220922_140616754.PORTRAIT.jpg,2,0,0,0,,0,0,1,1,1
G:\Thesis\MonkSkinTone_Dataset\Segmented_MSTE\subject_13/PXL_20220922_140612466.PORTRAIT.jpg,2,0,0,0,,0,0,1,1,1
G:\Thesis\MonkSkinTone_Dataset\Segmented_MSTE\subject_13/PXL_20220922_140610185.PORTRAIT.jpg,2,0,0,0,,0,0,1,1,1
G:\Thesis\MonkSkinTone_Dataset\Segmented_MSTE\subject_13/PXL_20220922_140605730.PORTRAIT.jpg,2,0,0,1,,1,1,0,1,0
G:\Thesis\MonkSkinTone_Dataset\Segmented_MSTE\subject_13/PXL_20220922_140447635.PORTRAIT.jpg,2,0,0,1,,1,1,0,1,0
G:\Thesis\MonkSkinTone_Dataset\Segmented_MSTE\subject_12/PXL_20220922_180405910.jpg,10,2,2,1,,1,1,0,1,0
G:\Thesis\MonkSkinTone_Dataset\Segmented_MSTE\subject_12/PXL_20220922_180404243.jpg,10,2,2,0,,0,2,0,0,0
G:\Thesis\MonkSkinTone_Dataset\Segmented_MSTE\subject_12/PXL_20220922_180402602.jpg,10,2,2,0,,0,2,0,0,0
G:\Thesis\MonkSkinTone_Dataset\Segmented_MSTE\subject_12/PXL_20220922_180401189.jpg,10,2,2,1,,1,1,0,1,0
G:\Thesis\MonkSkinTone_Dataset\Segmented_MSTE\subject_12/PXL_20220922_180359528.jpg,10,2,2,1,,1,1,0,1,0
G:\Thesis\MonkSkinTone_Dataset\Segmented_MSTE\subject_12/PXL_20220922_180357914.jpg,10,2,2,0,,0,2,0,0,0
G:\Thesis\MonkSkinTone_Dataset\Segmented_MSTE\subject_12/PXL_20220922_180356379.jpg,10,2,2,0,,0,2,0,0,0
G:\Thesis\MonkSkinTone_Dataset\Segmented_MSTE\subject_12/PXL_20220922_180354606.jpg,10,2,2,1,,1,1,0,1,0
G:\Thesis\MonkSkinTone_Dataset\Segmented_MSTE\subject_12/PXL_20220922_180352904.jpg,10,2,2,2,,2,0,1,1,1
G:\Thesis\MonkSkinTone_Dataset\Segmented_MSTE\subject_12/PXL_20220922_180351165.jpg,10,2,2,0,,0,2,0,0,0
G:\Thesis\MonkSkinTone_Dataset\Segmented_MSTE\subject_12/PXL_20220922_180349385.jpg,10,2,2,2,,2,0,1,1,1
G:\Thesis\MonkSkinTone_Dataset\Segmented_MSTE\subject_12/PXL_20220922_180314441.jpg,10,2,2,1,,1,1,0,1,0
G:\Thesis\MonkSkinTone_Dataset\Segmented_MSTE\subject_12/PXL_20220922_180311261.jpg,10,2,2,1,,1,1,0,1,0
G:\Thesis\MonkSkinTone_Dataset\Segmented_MSTE\subject_12/PXL_20220922_180309530.jpg,10,2,2,1,,1,1,0,1,0
G:\Thesis\MonkSkinTone_Dataset\Segmented_MSTE\subject_12/PXL_20220922_180307812.jpg,10,2,2,1,,1,1,0,1,0
G:\Thesis\MonkSkinTone_Dataset\Segmented_MSTE\subject_12/PXL_20220922_180303876.jpg,10,2,2,1,,1,1,0,1,0
G:\Thesis\MonkSkinTone_Dataset\Segmented_MSTE\subject_12/PXL_20220922_175937878.jpg,10,2,2,1,,1,1,0,1,0
G:\Thesis\MonkSkinTone_Dataset\Segmented_MSTE\subject_12/PXL_20220922_175934881.jpg,10,2,2,1,,1,1,0,1,0
G:\Thesis\MonkSkinTone_Dataset\Segmented_MSTE\subject_12/PXL_20220922_175931440.jpg,10,2,2,0,,0,2,0,0,0
G:\Thesis\MonkSkinTone_Dataset\Segmented_MSTE\subject_12/PXL_20220922_175929773.jpg,10,2,2,1,,1,1,0,1,0
G:\Thesis\MonkSkinTone_Dataset\Segmented_MSTE\subject_12/PXL_20220922_175928064.jpg,10,2,2,1,,1,1,0,1,0
G:\Thesis\MonkSkinTone_Dataset\Segmented_MSTE\subject_12/PXL_20220922_175922739.jpg,10,2,2,1,,1,1,0,1,0
G:\Thesis\MonkSkinTone_Dataset\Segmented_MSTE\subject_12/PXL_20220922_175919159.jpg,10,2,2,1,,1,1,0,1,0
G:\Thesis\MonkSkinTone_Dataset\Segmented_MSTE\subject_12/PXL_20220922_175911736.jpg,10,2,2,1,,1,1,0,1,0
G:\Thesis\MonkSkinTone_Dataset\Segmented_MSTE\subject_12/PXL_20220922_175906610.jpg,10,2,2,1,,1,1,0,1,0
G:\Thesis\MonkSkinTone_Dataset\Segmented_MSTE\subject_12/PXL_20220922_175900468.jpg,10,2,2,1,,1,1,0,1,0
G:\Thesis\MonkSkinTone_Dataset\Segmented_MSTE\subject_12/PXL_20220922_175858636.jpg,10,2,2,1,,1,1,0,1,0
G:\Thesis\MonkSkinTone_Dataset\Segmented_MSTE\subject_12/PXL_20220922_175856539.jpg,10,2,2,1,,1,1,0,1,0
G:\Thesis\MonkSkinTone_Dataset\Segmented_MSTE\subject_12/PXL_20220922_175851796.jpg,10,2,2,2,,2,0,1,1,1
G:\Thesis\MonkSkinTone_Dataset\Segmented_MSTE\subject_12/PXL_20220922_175848809.jpg,10,2,2,1,,1,1,0,1,0
G:\Thesis\MonkSkinTone_Dataset\Segmented_MSTE\subject_12/PXL_20220922_175846375.jpg,10,2,2,1,,1,1,0,1,0
G:\Thesis\MonkSkinTone_Dataset\Segmented_MSTE\subject_12/PXL_20220922_175844972.jpg,10,2,2,2,,2,0,1,1,1
G:\Thesis\MonkSkinTone_Dataset\Segmented_MSTE\subject_12/PXL_20220922_175843515.jpg,10,2,2,2,,2,0,1,1,1
G:\Thesis\MonkSkinTone_Dataset\Segmented_MSTE\subject_12/PXL_20220922_175841186.jpg,10,2,2,1,,1,1,0,1,0
G:\Thesis\MonkSkinTone_Dataset\Segmented_MSTE\subject_12/PXL_20220922_175839844.jpg,10,2,2,1,,1,1,0,1,0
G:\Thesis\MonkSkinTone_Dataset\Segmented_MSTE\subject_12/PXL_20220922_175837877.jpg,10,2,2,0,,0,2,0,0,0
G:\Thesis\MonkSkinTone_Dataset\Segmented_MSTE\subject_12/PXL_20220922_175834037.jpg,10,2,2,2,,2,0,1,1,1
G:\Thesis\MonkSkinTone_Dataset\Segmented_MSTE\subject_12/PXL_20220922_175830391.jpg,10,2,2,1,,1,1,0,1,0
G:\Thesis\MonkSkinTone_Dataset\Segmented_MSTE\subject_12/PXL_20220922_175827000.jpg,10,2,2,2,,2,0,1,1,1
G:\Thesis\MonkSkinTone_Dataset\Segmented_MSTE\subject_12/PXL_20220922_175816268.jpg,10,2,2,2,,2,0,1,1,1
G:\Thesis\MonkSkinTone_Dataset\Segmented_MSTE\subject_12/PXL_20220922_175737649.jpg,10,2,2,1,,1,1,0,1,0
G:\Thesis\MonkSkinTone_Dataset\Segmented_MSTE\subject_12/PXL_20220922_175736529.jpg,10,2,2,2,,2,0,1,1,1
G:\Thesis\MonkSkinTone_Dataset\Segmented_MSTE\subject_12/PXL_20220922_175735218.jpg,10,2,2,0,,0,2,0,0,0
G:\Thesis\MonkSkinTone_Dataset\Segmented_MSTE\subject_12/PXL_20220922_175733830.jpg,10,2,2,0,,0,2,0,0,0
G:\Thesis\MonkSkinTone_Dataset\Segmented_MSTE\subject_12/PXL_20220922_175732630.jpg,10,2,2,1,,1,1,0,1,0
G:\Thesis\MonkSkinTone_Dataset\Segmented_MSTE\subject_12/PXL_20220922_175728401.jpg,10,2,2,0,,0,2,0,0,0
G:\Thesis\MonkSkinTone_Dataset\Segmented_MSTE\subject_12/PXL_20220922_175726916.jpg,10,2,2,2,,2,0,1,1,1
G:\Thesis\MonkSkinTone_Dataset\Segmented_MSTE\subject_12/PXL_20220922_175725538.jpg,10,2,2,0,,0,2,0,0,0
G:\Thesis\MonkSkinTone_Dataset\Segmented_MSTE\subject_12/PXL_20220922_175724422.jpg,10,2,2,2,,2,0,1,1,1
G:\Thesis\MonkSkinTone_Dataset\Segmented_MSTE\subject_12/PXL_20220922_175722948.jpg,10,2,2,1,,1,1,0,1,0
G:\Thesis\MonkSkinTone_Dataset\Segmented_MSTE\subject_12/PXL_20220922_175718926.jpg,10,2,2,1,,1,1,0,1,0
G:\Thesis\MonkSkinTone_Dataset\Segmented_MSTE\subject_12/PXL_20220922_175717675.jpg,10,2,2,1,,1,1,0,1,0
G:\Thesis\MonkSkinTone_Dataset\Segmented_MSTE\subject_12/PXL_20220922_175716367.jpg,10,2,2,0,,0,2,0,0,0
G:\Thesis\MonkSkinTone_Dataset\Segmented_MSTE\subject_12/PXL_20220922_175715255.jpg,10,2,2,1,,1,1,0,1,0
G:\Thesis\MonkSkinTone_Dataset\Segmented_MSTE\subject_12/PXL_20220922_175713987.jpg,10,2,2,1,,1,1,0,1,0
G:\Thesis\MonkSkinTone_Dataset\Segmented_MSTE\subject_12/PXL_20220922_175712230.jpg,10,2,2,2,,2,0,1,1,1
G:\Thesis\MonkSkinTone_Dataset\Segmented_MSTE\subject_12/PXL_20220922_175710848.jpg,10,2,2,2,,2,0,1,1,1
G:\Thesis\MonkSkinTone_Dataset\Segmented_MSTE\subject_12/PXL_20220922_175709463.jpg,10,2,2,2,,2,0,1,1,1
G:\Thesis\MonkSkinTone_Dataset\Segmented_MSTE\subject_12/PXL_20220922_175707910.jpg,10,2,2,2,,2,0,1,1,1
G:\Thesis\MonkSkinTone_Dataset\Segmented_MSTE\subject_12/PXL_20220922_175705794.jpg,10,2,2,1,,1,1,0,1,0
G:\Thesis\MonkSkinTone_Dataset\Segmented_MSTE\subject_12/PXL_20220922_175703876.jpg,10,2,2,2,,2,0,1,1,1
G:\Thesis\MonkSkinTone_Dataset\Segmented_MSTE\subject_12/PXL_20220922_175620994.jpg,10,2,2,1,,1,1,0,1,0
G:\Thesis\MonkSkinTone_Dataset\Segmented_MSTE\subject_12/PXL_20220922_175617676.jpg,10,2,2,1,,1,1,0,1,0
G:\Thesis\MonkSkinTone_Dataset\Segmented_MSTE\subject_12/PXL_20220922_175613080.jpg,10,2,2,1,,1,1,0,1,0
G:\Thesis\MonkSkinTone_Dataset\Segmented_MSTE\subject_12/PXL_20220922_175608493.jpg,10,2,2,1,,1,1,0,1,0
G:\Thesis\MonkSkinTone_Dataset\Segmented_MSTE\subject_12/PXL_20220922_175601727.jpg,10,2,2,2,,2,0,1,1,1
G:\Thesis\MonkSkinTone_Dataset\Segmented_MSTE\subject_12/PXL_20220922_175554301.jpg,10,2,2,1,,1,1,0,1,0
G:\Thesis\MonkSkinTone_Dataset\Segmented_MSTE\subject_12/PXL_20220922_175416521.jpg,10,2,2,1,,1,1,0,1,0
G:\Thesis\MonkSkinTone_Dataset\Segmented_MSTE\subject_12/PXL_20220922_175414428.jpg,10,2,2,2,,2,0,1,1,1
G:\Thesis\MonkSkinTone_Dataset\Segmented_MSTE\subject_12/PXL_20220922_175412551.jpg,10,2,2,2,,2,0,1,1,1
G:\Thesis\MonkSkinTone_Dataset\Segmented_MSTE\subject_12/PXL_20220922_175410892.jpg,10,2,2,2,,2,0,1,1,1
G:\Thesis\MonkSkinTone_Dataset\Segmented_MSTE\subject_12/PXL_20220922_175408667.jpg,10,2,2,1,,1,1,0,1,0
G:\Thesis\MonkSkinTone_Dataset\Segmented_MSTE\subject_12/PXL_20220922_175359002.jpg,10,2,2,1,,1,1,0,1,0
G:\Thesis\MonkSkinTone_Dataset\Segmented_MSTE\subject_12/PXL_20220922_175356974.jpg,10,2,2,2,,2,0,1,1,1
G:\Thesis\MonkSkinTone_Dataset\Segmented_MSTE\subject_12/PXL_20220922_175355467.jpg,10,2,2,1,,1,1,0,1,0
G:\Thesis\MonkSkinTone_Dataset\Segmented_MSTE\subject_12/PXL_20220922_175353614.jpg,10,2,2,2,,2,0,1,1,1
G:\Thesis\MonkSkinTone_Dataset\Segmented_MSTE\subject_12/PXL_20220922_175351069.jpg,10,2,2,2,,2,0,1,1,1
G:\Thesis\MonkSkinTone_Dataset\Segmented_MSTE\subject_12/PXL_20220922_175335134.jpg,10,2,2,1,,1,1,0,1,0
G:\Thesis\MonkSkinTone_Dataset\Segmented_MSTE\subject_12/PXL_20220922_175333048.jpg,10,2,2,1,,1,1,0,1,0
G:\Thesis\MonkSkinTone_Dataset\Segmented_MSTE\subject_12/PXL_20220922_175330462.jpg,10,2,2,1,,1,1,0,1,0
G:\Thesis\MonkSkinTone_Dataset\Segmented_MSTE\subject_12/PXL_20220922_175328231.jpg,10,2,2,1,,1,1,0,1,0
G:\Thesis\MonkSkinTone_Dataset\Segmented_MSTE\subject_12/PXL_20220922_175325536.jpg,10,2,2,1,,1,1,0,1,0
G:\Thesis\MonkSkinTone_Dataset\Segmented_MSTE\subject_12/PXL_20220922_175315326.jpg,10,2,2,2,,2,0,1,1,1
G:\Thesis\MonkSkinTone_Dataset\Segmented_MSTE\subject_12/PXL_20220922_175312693.jpg,10,2,2,1,,1,1,0,1,0
G:\Thesis\MonkSkinTone_Dataset\Segmented_MSTE\subject_12/PXL_20220922_175309582.jpg,10,2,2,2,,2,0,1,1,1
G:\Thesis\MonkSkinTone_Dataset\Segmented_MSTE\subject_12/PXL_20220922_175307113.jpg,10,2,2,1,,1,1,0,1,0
G:\Thesis\MonkSkinTone_Dataset\Segmented_MSTE\subject_12/PXL_20220922_175304753.jpg,10,2,2,1,,1,1,0,1,0
G:\Thesis\MonkSkinTone_Dataset\Segmented_MSTE\subject_12/PXL_20220922_175223698.jpg,10,2,2,1,,1,1,0,1,0
G:\Thesis\MonkSkinTone_Dataset\Segmented_MSTE\subject_12/PXL_20220922_175222824.jpg,10,2,2,0,,0,2,0,0,0
G:\Thesis\MonkSkinTone_Dataset\Segmented_MSTE\subject_12/PXL_20220922_175221016.jpg,10,2,2,1,,1,1,0,1,0
G:\Thesis\MonkSkinTone_Dataset\Segmented_MSTE\subject_12/PXL_20220922_175218550.jpg,10,2,2,2,,2,0,1,1,1
G:\Thesis\MonkSkinTone_Dataset\Segmented_MSTE\subject_12/PXL_20220922_175216751.jpg,10,2,2,1,,1,1,0,1,0
G:\Thesis\MonkSkinTone_Dataset\Segmented_MSTE\subject_12/PXL_20220922_175213980.jpg,10,2,2,1,,1,1,0,1,0
G:\Thesis\MonkSkinTone_Dataset\Segmented_MSTE\subject_12/PXL_20220922_175212910.jpg,10,2,2,1,,1,1,0,1,0
G:\Thesis\MonkSkinTone_Dataset\Segmented_MSTE\subject_12/PXL_20220922_175210525.jpg,10,2,2,2,,2,0,1,1,1
G:\Thesis\MonkSkinTone_Dataset\Segmented_MSTE\subject_12/PXL_20220922_175205602.jpg,10,2,2,1,,1,1,0,1,0
G:\Thesis\MonkSkinTone_Dataset\Segmented_MSTE\subject_12/PXL_20220922_175203683.jpg,10,2,2,1,,1,1,0,1,0
G:\Thesis\MonkSkinTone_Dataset\Segmented_MSTE\subject_12/PXL_20220922_175201134.jpg,10,2,2,1,,1,1,0,1,0
G:\Thesis\MonkSkinTone_Dataset\Segmented_MSTE\subject_12/PXL_20220922_175159465.jpg,10,2,2,1,,1,1,0,1,0
G:\Thesis\MonkSkinTone_Dataset\Segmented_MSTE\subject_12/PXL_20220922_175157945.jpg,10,2,2,1,,1,1,0,1,0
G:\Thesis\MonkSkinTone_Dataset\Segmented_MSTE\subject_12/PXL_20220922_175155744.jpg,10,2,2,2,,2,0,1,1,1
G:\Thesis\MonkSkinTone_Dataset\Segmented_MSTE\subject_12/PXL_20220922_175154352.jpg,10,2,2,1,,1,1,0,1,0
G:\Thesis\MonkSkinTone_Dataset\Segmented_MSTE\subject_12/PXL_20220922_175152817.jpg,10,2,2,2,,2,0,1,1,1
G:\Thesis\MonkSkinTone_Dataset\Segmented_MSTE\subject_12/PXL_20220922_175151358.jpg,10,2,2,2,,2,0,1,1,1
G:\Thesis\MonkSkinTone_Dataset\Segmented_MSTE\subject_12/PXL_20220922_175149121.jpg,10,2,2,1,,1,1,0,1,0
G:\Thesis\MonkSkinTone_Dataset\Segmented_MSTE\subject_12/PXL_20220922_175145715.jpg,10,2,2,2,,2,0,1,1,1
G:\Thesis\MonkSkinTone_Dataset\Segmented_MSTE\subject_12/PXL_20220922_175143920.jpg,10,2,2,1,,1,1,0,1,0
G:\Thesis\MonkSkinTone_Dataset\Segmented_MSTE\subject_12/PXL_20220922_175142212.jpg,10,2,2,2,,2,0,1,1,1
G:\Thesis\MonkSkinTone_Dataset\Segmented_MSTE\subject_12/PXL_20220922_175140560.jpg,10,2,2,1,,1,1,0,1,0
G:\Thesis\MonkSkinTone_Dataset\Segmented_MSTE\subject_12/PXL_20220922_175138290.jpg,10,2,2,2,,2,0,1,1,1
G:\Thesis\MonkSkinTone_Dataset\Segmented_MSTE\subject_11/PXL_20220922_194043213.PORTRAIT.jpg,5,1,1,1,,1,0,1,1,1
G:\Thesis\MonkSkinTone_Dataset\Segmented_MSTE\subject_11/PXL_20220922_195139258.jpg,5,1,1,1,,1,0,1,1,1
G:\Thesis\MonkSkinTone_Dataset\Segmented_MSTE\subject_11/PXL_20220922_195132751.jpg,5,1,1,1,,1,0,1,1,1
G:\Thesis\MonkSkinTone_Dataset\Segmented_MSTE\subject_11/PXL_20220922_195125067.jpg,5,1,1,1,,1,0,1,1,1
G:\Thesis\MonkSkinTone_Dataset\Segmented_MSTE\subject_11/PXL_20220922_194839785.jpg,5,1,1,1,,1,0,1,1,1
G:\Thesis\MonkSkinTone_Dataset\Segmented_MSTE\subject_11/PXL_20220922_194838596.jpg,5,1,1,1,,1,0,1,1,1
G:\Thesis\MonkSkinTone_Dataset\Segmented_MSTE\subject_11/PXL_20220922_194835814.jpg,5,1,1,0,,0,1,0,1,0
G:\Thesis\MonkSkinTone_Dataset\Segmented_MSTE\subject_11/PXL_20220922_194833505.jpg,5,1,1,1,,1,0,1,1,1
G:\Thesis\MonkSkinTone_Dataset\Segmented_MSTE\subject_11/PXL_20220922_194832008.jpg,5,1,1,1,,1,0,1,1,1
G:\Thesis\MonkSkinTone_Dataset\Segmented_MSTE\subject_11/PXL_20220922_194830538.jpg,5,1,1,1,,1,0,1,1,1
G:\Thesis\MonkSkinTone_Dataset\Segmented_MSTE\subject_11/PXL_20220922_194828973.jpg,5,1,1,1,,1,0,1,1,1
G:\Thesis\MonkSkinTone_Dataset\Segmented_MSTE\subject_11/PXL_20220922_194827634.jpg,5,1,1,1,,1,0,1,1,1
G:\Thesis\MonkSkinTone_Dataset\Segmented_MSTE\subject_11/PXL_20220922_194826234.jpg,5,1,1,1,,1,0,1,1,1
G:\Thesis\MonkSkinTone_Dataset\Segmented_MSTE\subject_11/PXL_20220922_194815935.jpg,5,1,1,1,,1,0,1,1,1
G:\Thesis\MonkSkinTone_Dataset\Segmented_MSTE\subject_11/PXL_20220922_194813421.jpg,5,1,1,1,,1,0,1,1,1
G:\Thesis\MonkSkinTone_Dataset\Segmented_MSTE\subject_11/PXL_20220922_194811186.jpg,5,1,1,1,,1,0,1,1,1
G:\Thesis\MonkSkinTone_Dataset\Segmented_MSTE\subject_11/PXL_20220922_194810135.jpg,5,1,1,1,,1,0,1,1,1
G:\Thesis\MonkSkinTone_Dataset\Segmented_MSTE\subject_11/PXL_20220922_194808967.jpg,5,1,1,1,,1,0,1,1,1
G:\Thesis\MonkSkinTone_Dataset\Segmented_MSTE\subject_11/PXL_20220922_194806383.jpg,5,1,1,1,,1,0,1,1,1
G:\Thesis\MonkSkinTone_Dataset\Segmented_MSTE\subject_11/PXL_20220922_194710700.jpg,5,1,1,0,,0,1,0,1,0
G:\Thesis\MonkSkinTone_Dataset\Segmented_MSTE\subject_11/PXL_20220922_194709702.jpg,5,1,1,0,,0,1,0,1,0
G:\Thesis\MonkSkinTone_Dataset\Segmented_MSTE\subject_11/PXL_20220922_194708639.jpg,5,1,1,1,,1,0,1,1,1
G:\Thesis\MonkSkinTone_Dataset\Segmented_MSTE\subject_11/PXL_20220922_194707277.jpg,5,1,1,1,,1,0,1,1,1
G:\Thesis\MonkSkinTone_Dataset\Segmented_MSTE\subject_11/PXL_20220922_194704597.jpg,5,1,1,0,,0,1,0,1,0
G:\Thesis\MonkSkinTone_Dataset\Segmented_MSTE\subject_11/PXL_20220922_194703609.jpg,5,1,1,0,,0,1,0,1,0
G:\Thesis\MonkSkinTone_Dataset\Segmented_MSTE\subject_11/PXL_20220922_194702025.jpg,5,1,1,0,,0,1,0,1,0
G:\Thesis\MonkSkinTone_Dataset\Segmented_MSTE\subject_11/PXL_20220922_194700623.jpg,5,1,1,0,,0,1,0,1,0
G:\Thesis\MonkSkinTone_Dataset\Segmented_MSTE\subject_11/PXL_20220922_194659198.jpg,5,1,1,0,,0,1,0,1,0
G:\Thesis\MonkSkinTone_Dataset\Segmented_MSTE\subject_11/PXL_20220922_194656564.jpg,5,1,1,0,,0,1,0,1,0
G:\Thesis\MonkSkinTone_Dataset\Segmented_MSTE\subject_11/PXL_20220922_194609641.jpg,5,1,1,1,,1,0,1,1,1
G:\Thesis\MonkSkinTone_Dataset\Segmented_MSTE\subject_11/PXL_20220922_194608256.jpg,5,1,1,1,,1,0,1,1,1
G:\Thesis\MonkSkinTone_Dataset\Segmented_MSTE\subject_11/PXL_20220922_194606938.jpg,5,1,1,1,,1,0,1,1,1
G:\Thesis\MonkSkinTone_Dataset\Segmented_MSTE\subject_11/PXL_20220922_194605555.jpg,5,1,1,1,,1,0,1,1,1
G:\Thesis\MonkSkinTone_Dataset\Segmented_MSTE\subject_11/PXL_20220922_194602207.jpg,5,1,1,0,,0,1,0,1,0
G:\Thesis\MonkSkinTone_Dataset\Segmented_MSTE\subject_11/PXL_20220922_194600792.jpg,5,1,1,1,,1,0,1,1,1
G:\Thesis\MonkSkinTone_Dataset\Segmented_MSTE\subject_11/PXL_20220922_194559610.jpg,5,1,1,1,,1,0,1,1,1
G:\Thesis\MonkSkinTone_Dataset\Segmented_MSTE\subject_11/PXL_20220922_194558533.jpg,5,1,1,1,,1,0,1,1,1
G:\Thesis\MonkSkinTone_Dataset\Segmented_MSTE\subject_11/PXL_20220922_194557410.jpg,5,1,1,1,,1,0,1,1,1
G:\Thesis\MonkSkinTone_Dataset\Segmented_MSTE\subject_11/PXL_20220922_194553257.jpg,5,1,1,1,,1,0,1,1,1
G:\Thesis\MonkSkinTone_Dataset\Segmented_MSTE\subject_11/PXL_20220922_194552004.jpg,5,1,1,1,,1,0,1,1,1
G:\Thesis\MonkSkinTone_Dataset\Segmented_MSTE\subject_11/PXL_20220922_194550829.jpg,5,1,1,1,,1,0,1,1,1
G:\Thesis\MonkSkinTone_Dataset\Segmented_MSTE\subject_11/PXL_20220922_194549170.jpg,5,1,1,0,,0,1,0,1,0
G:\Thesis\MonkSkinTone_Dataset\Segmented_MSTE\subject_11/PXL_20220922_194548132.jpg,5,1,1,1,,1,0,1,1,1
G:\Thesis\MonkSkinTone_Dataset\Segmented_MSTE\subject_11/PXL_20220922_194546635.jpg,5,1,1,1,,1,0,1,1,1
G:\Thesis\MonkSkinTone_Dataset\Segmented_MSTE\subject_11/PXL_20220922_194545662.jpg,5,1,1,1,,1,0,1,1,1
G:\Thesis\MonkSkinTone_Dataset\Segmented_MSTE\subject_11/PXL_20220922_194544335.jpg,5,1,1,1,,1,0,1,1,1
G:\Thesis\MonkSkinTone_Dataset\Segmented_MSTE\subject_11/PXL_20220922_194420621.jpg,5,1,1,1,,1,0,1,1,1
G:\Thesis\MonkSkinTone_Dataset\Segmented_MSTE\subject_11/PXL_20220922_194419604.jpg,5,1,1,0,,0,1,0,1,0
G:\Thesis\MonkSkinTone_Dataset\Segmented_MSTE\subject_11/PXL_20220922_194417606.jpg,5,1,1,1,,1,0,1,1,1
G:\Thesis\MonkSkinTone_Dataset\Segmented_MSTE\subject_11/PXL_20220922_194416689.jpg,5,1,1,1,,1,0,1,1,1
G:\Thesis\MonkSkinTone_Dataset\Segmented_MSTE\subject_11/PXL_20220922_194415718.jpg,5,1,1,1,,1,0,1,1,1
G:\Thesis\MonkSkinTone_Dataset\Segmented_MSTE\subject_11/PXL_20220922_194411620.jpg,5,1,1,1,,1,0,1,1,1
G:\Thesis\MonkSkinTone_Dataset\Segmented_MSTE\subject_11/PXL_20220922_194410570.jpg,5,1,1,0,,0,1,0,1,0
G:\Thesis\MonkSkinTone_Dataset\Segmented_MSTE\subject_11/PXL_20220922_194409241.jpg,5,1,1,1,,1,0,1,1,1
G:\Thesis\MonkSkinTone_Dataset\Segmented_MSTE\subject_11/PXL_20220922_194407675.jpg,5,1,1,1,,1,0,1,1,1
G:\Thesis\MonkSkinTone_Dataset\Segmented_MSTE\subject_11/PXL_20220922_194406571.jpg,5,1,1,1,,1,0,1,1,1
G:\Thesis\MonkSkinTone_Dataset\Segmented_MSTE\subject_11/PXL_20220922_194400921.jpg,5,1,1,1,,1,0,1,1,1
G:\Thesis\MonkSkinTone_Dataset\Segmented_MSTE\subject_11/PXL_20220922_194359874.jpg,5,1,1,1,,1,0,1,1,1
G:\Thesis\MonkSkinTone_Dataset\Segmented_MSTE\subject_11/PXL_20220922_194358507.jpg,5,1,1,1,,1,0,1,1,1
G:\Thesis\MonkSkinTone_Dataset\Segmented_MSTE\subject_11/PXL_20220922_194357448.jpg,5,1,1,0,,0,1,0,1,0
G:\Thesis\MonkSkinTone_Dataset\Segmented_MSTE\subject_11/PXL_20220922_194356378.jpg,5,1,1,1,,1,0,1,1,1
G:\Thesis\MonkSkinTone_Dataset\Segmented_MSTE\subject_11/PXL_20220922_194353957.jpg,5,1,1,1,,1,0,1,1,1
G:\Thesis\MonkSkinTone_Dataset\Segmented_MSTE\subject_11/PXL_20220922_194352302.jpg,5,1,1,1,,1,0,1,1,1
G:\Thesis\MonkSkinTone_Dataset\Segmented_MSTE\subject_11/PXL_20220922_194351285.jpg,5,1,1,1,,1,0,1,1,1
G:\Thesis\MonkSkinTone_Dataset\Segmented_MSTE\subject_11/PXL_20220922_194349832.jpg,5,1,1,1,,1,0,1,1,1
G:\Thesis\MonkSkinTone_Dataset\Segmented_MSTE\subject_11/PXL_20220922_194348664.jpg,5,1,1,1,,1,0,1,1,1
G:\Thesis\MonkSkinTone_Dataset\Segmented_MSTE\subject_11/PXL_20220922_194342509.jpg,5,1,1,1,,1,0,1,1,1
G:\Thesis\MonkSkinTone_Dataset\Segmented_MSTE\subject_11/PXL_20220922_194341122.jpg,5,1,1,1,,1,0,1,1,1
G:\Thesis\MonkSkinTone_Dataset\Segmented_MSTE\subject_11/PXL_20220922_194339820.jpg,5,1,1,0,,0,1,0,1,0
G:\Thesis\MonkSkinTone_Dataset\Segmented_MSTE\subject_11/PXL_20220922_194338361.jpg,5,1,1,1,,1,0,1,1,1
G:\Thesis\MonkSkinTone_Dataset\Segmented_MSTE\subject_11/PXL_20220922_194151515.PORTRAIT.jpg,5,1,1,1,,1,0,1,1,1
G:\Thesis\MonkSkinTone_Dataset\Segmented_MSTE\subject_11/PXL_20220922_194149978.PORTRAIT.jpg,5,1,1,1,,1,0,1,1,1
G:\Thesis\MonkSkinTone_Dataset\Segmented_MSTE\subject_11/PXL_20220922_194148401.PORTRAIT.jpg,5,1,1,1,,1,0,1,1,1
G:\Thesis\MonkSkinTone_Dataset\Segmented_MSTE\subject_11/PXL_20220922_194146740.PORTRAIT.jpg,5,1,1,1,,1,0,1,1,1
G:\Thesis\MonkSkinTone_Dataset\Segmented_MSTE\subject_11/PXL_20220922_194144154.PORTRAIT.jpg,5,1,1,1,,1,0,1,1,1
G:\Thesis\MonkSkinTone_Dataset\Segmented_MSTE\subject_11/PXL_20220922_194132469.PORTRAIT.jpg,5,1,1,1,,1,0,1,1,1
G:\Thesis\MonkSkinTone_Dataset\Segmented_MSTE\subject_11/PXL_20220922_194130709.PORTRAIT.jpg,5,1,1,1,,1,0,1,1,1
G:\Thesis\MonkSkinTone_Dataset\Segmented_MSTE\subject_11/PXL_20220922_194128523.PORTRAIT.jpg,5,1,1,1,,1,0,1,1,1
G:\Thesis\MonkSkinTone_Dataset\Segmented_MSTE\subject_11/PXL_20220922_194126652.PORTRAIT.jpg,5,1,1,1,,1,0,1,1,1
G:\Thesis\MonkSkinTone_Dataset\Segmented_MSTE\subject_11/PXL_20220922_194117414.PORTRAIT.jpg,5,1,1,1,,1,0,1,1,1
G:\Thesis\MonkSkinTone_Dataset\Segmented_MSTE\subject_11/PXL_20220922_194115944.PORTRAIT.jpg,5,1,1,1,,1,0,1,1,1
G:\Thesis\MonkSkinTone_Dataset\Segmented_MSTE\subject_11/PXL_20220922_194114230.PORTRAIT.jpg,5,1,1,1,,1,0,1,1,1
G:\Thesis\MonkSkinTone_Dataset\Segmented_MSTE\subject_11/PXL_20220922_194111977.PORTRAIT.jpg,5,1,1,0,,0,1,0,1,0
G:\Thesis\MonkSkinTone_Dataset\Segmented_MSTE\subject_11/PXL_20220922_194109470.PORTRAIT.jpg,5,1,1,1,,1,0,1,1,1
G:\Thesis\MonkSkinTone_Dataset\Segmented_MSTE\subject_11/PXL_20220922_194103210.PORTRAIT.jpg,5,1,1,1,,1,0,1,1,1
G:\Thesis\MonkSkinTone_Dataset\Segmented_MSTE\subject_11/PXL_20220922_194101168.PORTRAIT.jpg,5,1,1,1,,1,0,1,1,1
G:\Thesis\MonkSkinTone_Dataset\Segmented_MSTE\subject_11/PXL_20220922_194059320.PORTRAIT.jpg,5,1,1,1,,1,0,1,1,1
G:\Thesis\MonkSkinTone_Dataset\Segmented_MSTE\subject_11/PXL_20220922_194057359.PORTRAIT.jpg,5,1,1,1,,1,0,1,1,1
G:\Thesis\MonkSkinTone_Dataset\Segmented_MSTE\subject_11/PXL_20220922_194054240.PORTRAIT.jpg,5,1,1,1,,1,0,1,1,1
G:\Thesis\MonkSkinTone_Dataset\Segmented_MSTE\subject_11/PXL_20220922_194051594.PORTRAIT.jpg,5,1,1,1,,1,0,1,1,1
G:\Thesis\MonkSkinTone_Dataset\Segmented_MSTE\subject_11/PXL_20220922_194049976.PORTRAIT.jpg,5,1,1,1,,1,0,1,1,1
G:\Thesis\MonkSkinTone_Dataset\Segmented_MSTE\subject_11/PXL_20220922_194048360.PORTRAIT.jpg,5,1,1,1,,1,0,1,1,1
G:\Thesis\MonkSkinTone_Dataset\Segmented_MSTE\subject_11/PXL_20220922_194046302.PORTRAIT.jpg,5,1,1,1,,1,0,1,1,1
G:\Thesis\MonkSkinTone_Dataset\Segmented_MSTE\subject_11/PXL_20220922_194043213.PORTRAIT.jpg,5,1,1,1,,1,0,1,1,1
G:\Thesis\MonkSkinTone_Dataset\Segmented_MSTE\subject_10/PXL_20220922_195423628.jpg,9,2,2,1,,1,1,0,1,0
G:\Thesis\MonkSkinTone_Dataset\Segmented_MSTE\subject_10/PXL_20220922_200213044.jpg,9,2,2,1,,1,1,0,1,0
G:\Thesis\MonkSkinTone_Dataset\Segmented_MSTE\subject_10/PXL_20220922_200207745.jpg,9,2,2,2,,2,0,1,1,1
G:\Thesis\MonkSkinTone_Dataset\Segmented_MSTE\subject_10/PXL_20220922_200206611.jpg,9,2,2,1,,1,1,0,1,0
G:\Thesis\MonkSkinTone_Dataset\Segmented_MSTE\subject_10/PXL_20220922_200205248.jpg,9,2,2,1,,1,1,0,1,0
G:\Thesis\MonkSkinTone_Dataset\Segmented_MSTE\subject_10/PXL_20220922_200152527.jpg,9,2,2,1,,1,1,0,1,0
G:\Thesis\MonkSkinTone_Dataset\Segmented_MSTE\subject_10/PXL_20220922_200146545.jpg,9,2,2,1,,1,1,0,1,0
G:\Thesis\MonkSkinTone_Dataset\Segmented_MSTE\subject_10/PXL_20220922_200138910.jpg,9,2,2,1,,1,1,0,1,0
G:\Thesis\MonkSkinTone_Dataset\Segmented_MSTE\subject_10/PXL_20220922_200027198.jpg,9,2,2,1,,1,1,0,1,0
G:\Thesis\MonkSkinTone_Dataset\Segmented_MSTE\subject_10/PXL_20220922_200020824.jpg,9,2,2,2,,2,0,1,1,1
G:\Thesis\MonkSkinTone_Dataset\Segmented_MSTE\subject_10/PXL_20220922_200017828.jpg,9,2,2,0,,0,2,0,0,0
G:\Thesis\MonkSkinTone_Dataset\Segmented_MSTE\subject_10/PXL_20220922_200010788.jpg,9,2,2,1,,1,1,0,1,0
G:\Thesis\MonkSkinTone_Dataset\Segmented_MSTE\subject_10/PXL_20220922_200003963.jpg,9,2,2,2,,2,0,1,1,1
G:\Thesis\MonkSkinTone_Dataset\Segmented_MSTE\subject_10/PXL_20220922_200000614.jpg,9,2,2,2,,2,0,1,1,1
G:\Thesis\MonkSkinTone_Dataset\Segmented_MSTE\subject_10/PXL_20220922_195956509.jpg,9,2,2,1,,1,1,0,1,0
G:\Thesis\MonkSkinTone_Dataset\Segmented_MSTE\subject_10/PXL_20220922_195953468.jpg,9,2,2,2,,2,0,1,1,1
G:\Thesis\MonkSkinTone_Dataset\Segmented_MSTE\subject_10/PXL_20220922_195950116.jpg,9,2,2,2,,2,0,1,1,1
G:\Thesis\MonkSkinTone_Dataset\Segmented_MSTE\subject_10/PXL_20220922_195946651.jpg,9,2,2,2,,2,0,1,1,1
G:\Thesis\MonkSkinTone_Dataset\Segmented_MSTE\subject_10/PXL_20220922_195944058.jpg,9,2,2,0,,0,2,0,0,0
G:\Thesis\MonkSkinTone_Dataset\Segmented_MSTE\subject_10/PXL_20220922_195838924.jpg,9,2,2,2,,2,0,1,1,1
G:\Thesis\MonkSkinTone_Dataset\Segmented_MSTE\subject_10/PXL_20220922_195836856.jpg,9,2,2,1,,1,1,0,1,0
G:\Thesis\MonkSkinTone_Dataset\Segmented_MSTE\subject_10/PXL_20220922_195832291.jpg,9,2,2,2,,2,0,1,1,1
G:\Thesis\MonkSkinTone_Dataset\Segmented_MSTE\subject_10/PXL_20220922_195829652.jpg,9,2,2,2,,2,0,1,1,1
G:\Thesis\MonkSkinTone_Dataset\Segmented_MSTE\subject_10/PXL_20220922_195735806.jpg,9,2,2,2,,2,0,1,1,1
G:\Thesis\MonkSkinTone_Dataset\Segmented_MSTE\subject_10/PXL_20220922_195729264.jpg,9,2,2,2,,2,0,1,1,1
G:\Thesis\MonkSkinTone_Dataset\Segmented_MSTE\subject_10/PXL_20220922_195725795.jpg,9,2,2,2,,2,0,1,1,1
G:\Thesis\MonkSkinTone_Dataset\Segmented_MSTE\subject_10/PXL_20220922_195722247.jpg,9,2,2,1,,1,1,0,1,0
G:\Thesis\MonkSkinTone_Dataset\Segmented_MSTE\subject_10/PXL_20220922_195719843.jpg,9,2,2,2,,2,0,1,1,1
G:\Thesis\MonkSkinTone_Dataset\Segmented_MSTE\subject_10/PXL_20220922_195714210.jpg,9,2,2,1,,1,1,0,1,0
G:\Thesis\MonkSkinTone_Dataset\Segmented_MSTE\subject_10/PXL_20220922_195711268.jpg,9,2,2,2,,2,0,1,1,1
G:\Thesis\MonkSkinTone_Dataset\Segmented_MSTE\subject_10/PXL_20220922_195707349.jpg,9,2,2,2,,2,0,1,1,1
G:\Thesis\MonkSkinTone_Dataset\Segmented_MSTE\subject_10/PXL_20220922_195700279.jpg,9,2,2,1,,1,1,0,1,0
G:\Thesis\MonkSkinTone_Dataset\Segmented_MSTE\subject_10/PXL_20220922_195656401.jpg,9,2,2,2,,2,0,1,1,1
G:\Thesis\MonkSkinTone_Dataset\Segmented_MSTE\subject_10/PXL_20220922_195637346.jpg,9,2,2,2,,2,0,1,1,1
G:\Thesis\MonkSkinTone_Dataset\Segmented_MSTE\subject_10/PXL_20220922_195506633.jpg,9,2,2,1,,1,1,0,1,0
G:\Thesis\MonkSkinTone_Dataset\Segmented_MSTE\subject_10/PXL_20220922_195504855.jpg,9,2,2,1,,1,1,0,1,0
G:\Thesis\MonkSkinTone_Dataset\Segmented_MSTE\subject_10/PXL_20220922_195503218.jpg,9,2,2,1,,1,1,0,1,0
G:\Thesis\MonkSkinTone_Dataset\Segmented_MSTE\subject_10/PXL_20220922_195501347.jpg,9,2,2,1,,1,1,0,1,0
G:\Thesis\MonkSkinTone_Dataset\Segmented_MSTE\subject_10/PXL_20220922_195459564.jpg,9,2,2,2,,2,0,1,1,1
G:\Thesis\MonkSkinTone_Dataset\Segmented_MSTE\subject_10/PXL_20220922_195454157.jpg,9,2,2,1,,1,1,0,1,0
G:\Thesis\MonkSkinTone_Dataset\Segmented_MSTE\subject_10/PXL_20220922_195452476.jpg,9,2,2,1,,1,1,0,1,0
G:\Thesis\MonkSkinTone_Dataset\Segmented_MSTE\subject_10/PXL_20220922_195450706.jpg,9,2,2,1,,1,1,0,1,0
G:\Thesis\MonkSkinTone_Dataset\Segmented_MSTE\subject_10/PXL_20220922_195448989.jpg,9,2,2,2,,2,0,1,1,1
G:\Thesis\MonkSkinTone_Dataset\Segmented_MSTE\subject_10/PXL_20220922_195447140.jpg,9,2,2,1,,1,1,0,1,0
G:\Thesis\MonkSkinTone_Dataset\Segmented_MSTE\subject_10/PXL_20220922_195442715.jpg,9,2,2,1,,1,1,0,1,0
G:\Thesis\MonkSkinTone_Dataset\Segmented_MSTE\subject_10/PXL_20220922_195441067.jpg,9,2,2,1,,1,1,0,1,0
G:\Thesis\MonkSkinTone_Dataset\Segmented_MSTE\subject_10/PXL_20220922_195439181.jpg,9,2,2,1,,1,1,0,1,0
G:\Thesis\MonkSkinTone_Dataset\Segmented_MSTE\subject_10/PXL_20220922_195437698.jpg,9,2,2,2,,2,0,1,1,1
G:\Thesis\MonkSkinTone_Dataset\Segmented_MSTE\subject_10/PXL_20220922_195435930.jpg,9,2,2,1,,1,1,0,1,0
G:\Thesis\MonkSkinTone_Dataset\Segmented_MSTE\subject_10/PXL_20220922_195431981.jpg,9,2,2,1,,1,1,0,1,0
G:\Thesis\MonkSkinTone_Dataset\Segmented_MSTE\subject_10/PXL_20220922_195430381.jpg,9,2,2,1,,1,1,0,1,0
G:\Thesis\MonkSkinTone_Dataset\Segmented_MSTE\subject_10/PXL_20220922_195427510.jpg,9,2,2,1,,1,1,0,1,0
G:\Thesis\MonkSkinTone_Dataset\Segmented_MSTE\subject_10/PXL_20220922_195425593.jpg,9,2,2,2,,2,0,1,1,1
G:\Thesis\MonkSkinTone_Dataset\Segmented_MSTE\subject_10/PXL_20220922_195423628.jpg,9,2,2,1,,1,1,0,1,0
G:\Thesis\MonkSkinTone_Dataset\Segmented_MSTE\subject_9/PXL_20220922_134538984.PORTRAIT.jpg,4,1,1,1,,1,0,1,1,1
G:\Thesis\MonkSkinTone_Dataset\Segmented_MSTE\subject_9/PXL_20220922_140402500.PORTRAIT.jpg,4,1,1,0,,0,1,0,1,0
G:\Thesis\MonkSkinTone_Dataset\Segmented_MSTE\subject_9/PXL_20220922_140358703.PORTRAIT.jpg,4,1,1,0,,0,1,0,1,0
G:\Thesis\MonkSkinTone_Dataset\Segmented_MSTE\subject_9/PXL_20220922_140354824.PORTRAIT.jpg,4,1,1,1,,1,0,1,1,1
G:\Thesis\MonkSkinTone_Dataset\Segmented_MSTE\subject_9/PXL_20220922_140352486.PORTRAIT.jpg,4,1,1,0,,0,1,0,1,0
G:\Thesis\MonkSkinTone_Dataset\Segmented_MSTE\subject_9/PXL_20220922_140350579.PORTRAIT.jpg,4,1,1,0,,0,1,0,1,0
G:\Thesis\MonkSkinTone_Dataset\Segmented_MSTE\subject_9/PXL_20220922_140348903.PORTRAIT.jpg,4,1,1,0,,0,1,0,1,0
G:\Thesis\MonkSkinTone_Dataset\Segmented_MSTE\subject_9/PXL_20220922_140342859.PORTRAIT.jpg,4,1,1,0,,0,1,0,1,0
G:\Thesis\MonkSkinTone_Dataset\Segmented_MSTE\subject_9/PXL_20220922_140341531.PORTRAIT.jpg,4,1,1,0,,0,1,0,1,0
G:\Thesis\MonkSkinTone_Dataset\Segmented_MSTE\subject_9/PXL_20220922_140339729.PORTRAIT.jpg,4,1,1,1,,1,0,1,1,1
G:\Thesis\MonkSkinTone_Dataset\Segmented_MSTE\subject_9/PXL_20220922_140337825.PORTRAIT.jpg,4,1,1,0,,0,1,0,1,0
G:\Thesis\MonkSkinTone_Dataset\Segmented_MSTE\subject_9/PXL_20220922_140335749.PORTRAIT.jpg,4,1,1,0,,0,1,0,1,0
G:\Thesis\MonkSkinTone_Dataset\Segmented_MSTE\subject_9/PXL_20220922_140323802.PORTRAIT.jpg,4,1,1,1,,1,0,1,1,1
G:\Thesis\MonkSkinTone_Dataset\Segmented_MSTE\subject_9/PXL_20220922_140322023.PORTRAIT.jpg,4,1,1,1,,1,0,1,1,1
G:\Thesis\MonkSkinTone_Dataset\Segmented_MSTE\subject_9/PXL_20220922_140317135.PORTRAIT.jpg,4,1,1,1,,1,0,1,1,1
G:\Thesis\MonkSkinTone_Dataset\Segmented_MSTE\subject_9/PXL_20220922_140315071.PORTRAIT.jpg,4,1,1,0,,0,1,0,1,0
G:\Thesis\MonkSkinTone_Dataset\Segmented_MSTE\subject_9/PXL_20220922_140222578.jpg,4,1,1,1,,1,0,1,1,1
G:\Thesis\MonkSkinTone_Dataset\Segmented_MSTE\subject_9/PXL_20220922_140221214.jpg,4,1,1,2,,2,1,0,1,0
G:\Thesis\MonkSkinTone_Dataset\Segmented_MSTE\subject_9/PXL_20220922_140219442.jpg,4,1,1,1,,1,0,1,1,1
G:\Thesis\MonkSkinTone_Dataset\Segmented_MSTE\subject_9/PXL_20220922_140216573.jpg,4,1,1,1,,1,0,1,1,1
G:\Thesis\MonkSkinTone_Dataset\Segmented_MSTE\subject_9/PXL_20220922_140214625.jpg,4,1,1,1,,1,0,1,1,1
G:\Thesis\MonkSkinTone_Dataset\Segmented_MSTE\subject_9/PXL_20220922_140212750.jpg,4,1,1,1,,1,0,1,1,1
G:\Thesis\MonkSkinTone_Dataset\Segmented_MSTE\subject_9/PXL_20220922_140209423.jpg,4,1,1,1,,1,0,1,1,1
G:\Thesis\MonkSkinTone_Dataset\Segmented_MSTE\subject_9/PXL_20220922_140207202.jpg,4,1,1,1,,1,0,1,1,1
G:\Thesis\MonkSkinTone_Dataset\Segmented_MSTE\subject_9/PXL_20220922_140205447.jpg,4,1,1,1,,1,0,1,1,1
G:\Thesis\MonkSkinTone_Dataset\Segmented_MSTE\subject_9/PXL_20220922_140203657.jpg,4,1,1,2,,2,1,0,1,0
G:\Thesis\MonkSkinTone_Dataset\Segmented_MSTE\subject_9/PXL_20220922_140201615.jpg,4,1,1,1,,1,0,1,1,1
G:\Thesis\MonkSkinTone_Dataset\Segmented_MSTE\subject_9/PXL_20220922_140145712.jpg,4,1,1,1,,1,0,1,1,1
G:\Thesis\MonkSkinTone_Dataset\Segmented_MSTE\subject_9/PXL_20220922_140142694.jpg,4,1,1,1,,1,0,1,1,1
G:\Thesis\MonkSkinTone_Dataset\Segmented_MSTE\subject_9/PXL_20220922_140133700.jpg,4,1,1,1,,1,0,1,1,1
G:\Thesis\MonkSkinTone_Dataset\Segmented_MSTE\subject_9/PXL_20220922_140132005.jpg,4,1,1,1,,1,0,1,1,1
G:\Thesis\MonkSkinTone_Dataset\Segmented_MSTE\subject_9/PXL_20220922_140048541.jpg,4,1,1,1,,1,0,1,1,1
G:\Thesis\MonkSkinTone_Dataset\Segmented_MSTE\subject_9/PXL_20220922_140047100.jpg,4,1,1,1,,1,0,1,1,1
G:\Thesis\MonkSkinTone_Dataset\Segmented_MSTE\subject_9/PXL_20220922_140046379.jpg,4,1,1,1,,1,0,1,1,1
G:\Thesis\MonkSkinTone_Dataset\Segmented_MSTE\subject_9/PXL_20220922_140043111.jpg,4,1,1,0,,0,1,0,1,0
G:\Thesis\MonkSkinTone_Dataset\Segmented_MSTE\subject_9/PXL_20220922_140041215.jpg,4,1,1,0,,0,1,0,1,0
G:\Thesis\MonkSkinTone_Dataset\Segmented_MSTE\subject_9/PXL_20220922_140036631.jpg,4,1,1,1,,1,0,1,1,1
G:\Thesis\MonkSkinTone_Dataset\Segmented_MSTE\subject_9/PXL_20220922_140028838.jpg,4,1,1,1,,1,0,1,1,1
G:\Thesis\MonkSkinTone_Dataset\Segmented_MSTE\subject_9/PXL_20220922_140027001.jpg,4,1,1,2,,2,1,0,1,0
G:\Thesis\MonkSkinTone_Dataset\Segmented_MSTE\subject_9/PXL_20220922_140005843.jpg,4,1,1,1,,1,0,1,1,1
G:\Thesis\MonkSkinTone_Dataset\Segmented_MSTE\subject_9/PXL_20220922_135959828.jpg,4,1,1,1,,1,0,1,1,1
G:\Thesis\MonkSkinTone_Dataset\Segmented_MSTE\subject_9/PXL_20220922_135948831.jpg,4,1,1,1,,1,0,1,1,1
G:\Thesis\MonkSkinTone_Dataset\Segmented_MSTE\subject_9/PXL_20220922_135947300.jpg,4,1,1,1,,1,0,1,1,1
G:\Thesis\MonkSkinTone_Dataset\Segmented_MSTE\subject_9/PXL_20220922_135945608.jpg,4,1,1,0,,0,1,0,1,0
G:\Thesis\MonkSkinTone_Dataset\Segmented_MSTE\subject_9/PXL_20220922_135944184.jpg,4,1,1,1,,1,0,1,1,1
G:\Thesis\MonkSkinTone_Dataset\Segmented_MSTE\subject_9/PXL_20220922_135943105.jpg,4,1,1,1,,1,0,1,1,1
G:\Thesis\MonkSkinTone_Dataset\Segmented_MSTE\subject_9/PXL_20220922_135941951.jpg,4,1,1,1,,1,0,1,1,1
G:\Thesis\MonkSkinTone_Dataset\Segmented_MSTE\subject_9/PXL_20220922_135940569.jpg,4,1,1,0,,0,1,0,1,0
G:\Thesis\MonkSkinTone_Dataset\Segmented_MSTE\subject_9/PXL_20220922_135939416.jpg,4,1,1,1,,1,0,1,1,1
G:\Thesis\MonkSkinTone_Dataset\Segmented_MSTE\subject_9/PXL_20220922_135908976.jpg,4,1,1,1,,1,0,1,1,1
G:\Thesis\MonkSkinTone_Dataset\Segmented_MSTE\subject_9/PXL_20220922_135854746.jpg,4,1,1,1,,1,0,1,1,1
G:\Thesis\MonkSkinTone_Dataset\Segmented_MSTE\subject_9/PXL_20220922_135810329.jpg,4,1,1,1,,1,0,1,1,1
G:\Thesis\MonkSkinTone_Dataset\Segmented_MSTE\subject_9/PXL_20220922_135808237.jpg,4,1,1,1,,1,0,1,1,1
G:\Thesis\MonkSkinTone_Dataset\Segmented_MSTE\subject_9/PXL_20220922_135806296.jpg,4,1,1,1,,1,0,1,1,1
G:\Thesis\MonkSkinTone_Dataset\Segmented_MSTE\subject_9/PXL_20220922_135804480.jpg,4,1,1,1,,1,0,1,1,1
G:\Thesis\MonkSkinTone_Dataset\Segmented_MSTE\subject_9/PXL_20220922_135802547.jpg,4,1,1,1,,1,0,1,1,1
G:\Thesis\MonkSkinTone_Dataset\Segmented_MSTE\subject_9/PXL_20220922_135756305.jpg,4,1,1,0,,0,1,0,1,0
G:\Thesis\MonkSkinTone_Dataset\Segmented_MSTE\subject_9/PXL_20220922_135754722.jpg,4,1,1,1,,1,0,1,1,1
G:\Thesis\MonkSkinTone_Dataset\Segmented_MSTE\subject_9/PXL_20220922_135753356.jpg,4,1,1,1,,1,0,1,1,1
G:\Thesis\MonkSkinTone_Dataset\Segmented_MSTE\subject_9/PXL_20220922_135751665.jpg,4,1,1,1,,1,0,1,1,1
G:\Thesis\MonkSkinTone_Dataset\Segmented_MSTE\subject_9/PXL_20220922_135750066.jpg,4,1,1,1,,1,0,1,1,1
G:\Thesis\MonkSkinTone_Dataset\Segmented_MSTE\subject_9/PXL_20220922_135747692.jpg,4,1,1,1,,1,0,1,1,1
G:\Thesis\MonkSkinTone_Dataset\Segmented_MSTE\subject_9/PXL_20220922_135641645.jpg,4,1,1,1,,1,0,1,1,1
G:\Thesis\MonkSkinTone_Dataset\Segmented_MSTE\subject_9/PXL_20220922_135640401.jpg,4,1,1,0,,0,1,0,1,0
G:\Thesis\MonkSkinTone_Dataset\Segmented_MSTE\subject_9/PXL_20220922_135639221.jpg,4,1,1,1,,1,0,1,1,1
G:\Thesis\MonkSkinTone_Dataset\Segmented_MSTE\subject_9/PXL_20220922_135638177.jpg,4,1,1,0,,0,1,0,1,0
G:\Thesis\MonkSkinTone_Dataset\Segmented_MSTE\subject_9/PXL_20220922_135636877.jpg,4,1,1,0,,0,1,0,1,0
G:\Thesis\MonkSkinTone_Dataset\Segmented_MSTE\subject_9/PXL_20220922_135633307.jpg,4,1,1,1,,1,0,1,1,1
G:\Thesis\MonkSkinTone_Dataset\Segmented_MSTE\subject_9/PXL_20220922_135631351.jpg,4,1,1,1,,1,0,1,1,1
G:\Thesis\MonkSkinTone_Dataset\Segmented_MSTE\subject_9/PXL_20220922_135621801.jpg,4,1,1,0,,0,1,0,1,0
G:\Thesis\MonkSkinTone_Dataset\Segmented_MSTE\subject_9/PXL_20220922_135619670.jpg,4,1,1,0,,0,1,0,1,0
G:\Thesis\MonkSkinTone_Dataset\Segmented_MSTE\subject_9/PXL_20220922_135618709.jpg,4,1,1,0,,0,1,0,1,0
G:\Thesis\MonkSkinTone_Dataset\Segmented_MSTE\subject_9/PXL_20220922_135616775.jpg,4,1,1,1,,1,0,1,1,1
G:\Thesis\MonkSkinTone_Dataset\Segmented_MSTE\subject_9/PXL_20220922_135614778.jpg,4,1,1,1,,1,0,1,1,1
G:\Thesis\MonkSkinTone_Dataset\Segmented_MSTE\subject_9/PXL_20220922_135612843.jpg,4,1,1,0,,0,1,0,1,0
G:\Thesis\MonkSkinTone_Dataset\Segmented_MSTE\subject_9/PXL_20220922_135610252.jpg,4,1,1,1,,1,0,1,1,1
G:\Thesis\MonkSkinTone_Dataset\Segmented_MSTE\subject_9/PXL_20220922_134614570.PORTRAIT.jpg,4,1,1,1,,1,0,1,1,1
G:\Thesis\MonkSkinTone_Dataset\Segmented_MSTE\subject_9/PXL_20220922_134612760.PORTRAIT.jpg,4,1,1,1,,1,0,1,1,1
G:\Thesis\MonkSkinTone_Dataset\Segmented_MSTE\subject_9/PXL_20220922_134609222.PORTRAIT.jpg,4,1,1,1,,1,0,1,1,1
G:\Thesis\MonkSkinTone_Dataset\Segmented_MSTE\subject_9/PXL_20220922_134607013.PORTRAIT.jpg,4,1,1,1,,1,0,1,1,1
G:\Thesis\MonkSkinTone_Dataset\Segmented_MSTE\subject_9/PXL_20220922_134605532.PORTRAIT.jpg,4,1,1,0,,0,1,0,1,0
G:\Thesis\MonkSkinTone_Dataset\Segmented_MSTE\subject_9/PXL_20220922_134558185.PORTRAIT.jpg,4,1,1,1,,1,0,1,1,1
G:\Thesis\MonkSkinTone_Dataset\Segmented_MSTE\subject_9/PXL_20220922_134555861.PORTRAIT.jpg,4,1,1,1,,1,0,1,1,1
G:\Thesis\MonkSkinTone_Dataset\Segmented_MSTE\subject_9/PXL_20220922_134547863.PORTRAIT.jpg,4,1,1,1,,1,0,1,1,1
G:\Thesis\MonkSkinTone_Dataset\Segmented_MSTE\subject_9/PXL_20220922_134546973.PORTRAIT.jpg,4,1,1,1,,1,0,1,1,1
G:\Thesis\MonkSkinTone_Dataset\Segmented_MSTE\subject_9/PXL_20220922_134543733.PORTRAIT.jpg,4,1,1,2,,2,1,0,1,0
G:\Thesis\MonkSkinTone_Dataset\Segmented_MSTE\subject_9/PXL_20220922_134538984.PORTRAIT.jpg,4,1,1,1,,1,0,1,1,1
G:\Thesis\MonkSkinTone_Dataset\Segmented_MSTE\subject_8/PXL_20220922_144659539.PORTRAIT.jpg,2,0,0,1,,1,1,0,1,0
G:\Thesis\MonkSkinTone_Dataset\Segmented_MSTE\subject_8/PXL_20220922_144657086.PORTRAIT.jpg,2,0,0,0,,0,0,1,1,1
G:\Thesis\MonkSkinTone_Dataset\Segmented_MSTE\subject_8/PXL_20220922_144653190.PORTRAIT.jpg,2,0,0,0,,0,0,1,1,1
G:\Thesis\MonkSkinTone_Dataset\Segmented_MSTE\subject_8/PXL_20220922_144649856.PORTRAIT.jpg,2,0,0,1,,1,1,0,1,0
G:\Thesis\MonkSkinTone_Dataset\Segmented_MSTE\subject_8/PXL_20220922_144646233.PORTRAIT.jpg,2,0,0,1,,1,1,0,1,0
G:\Thesis\MonkSkinTone_Dataset\Segmented_MSTE\subject_8/PXL_20220922_144642875.PORTRAIT.jpg,2,0,0,1,,1,1,0,1,0
G:\Thesis\MonkSkinTone_Dataset\Segmented_MSTE\subject_8/PXL_20220922_144633196.PORTRAIT.jpg,2,0,0,1,,1,1,0,1,0
G:\Thesis\MonkSkinTone_Dataset\Segmented_MSTE\subject_8/PXL_20220922_144629915.PORTRAIT.jpg,2,0,0,0,,0,0,1,1,1
G:\Thesis\MonkSkinTone_Dataset\Segmented_MSTE\subject_8/PXL_20220922_144626615.PORTRAIT.jpg,2,0,0,0,,0,0,1,1,1
G:\Thesis\MonkSkinTone_Dataset\Segmented_MSTE\subject_8/PXL_20220922_144624483.PORTRAIT.jpg,2,0,0,0,,0,0,1,1,1
G:\Thesis\MonkSkinTone_Dataset\Segmented_MSTE\subject_8/PXL_20220922_144622637.PORTRAIT.jpg,2,0,0,0,,0,0,1,1,1
G:\Thesis\MonkSkinTone_Dataset\Segmented_MSTE\subject_8/PXL_20220922_144620965.PORTRAIT.jpg,2,0,0,1,,1,1,0,1,0
G:\Thesis\MonkSkinTone_Dataset\Segmented_MSTE\subject_8/PXL_20220922_144619340.PORTRAIT.jpg,2,0,0,1,,1,1,0,1,0
G:\Thesis\MonkSkinTone_Dataset\Segmented_MSTE\subject_8/PXL_20220922_144614653.PORTRAIT.jpg,2,0,0,0,,0,0,1,1,1
G:\Thesis\MonkSkinTone_Dataset\Segmented_MSTE\subject_8/PXL_20220922_144612556.PORTRAIT.jpg,2,0,0,0,,0,0,1,1,1
G:\Thesis\MonkSkinTone_Dataset\Segmented_MSTE\subject_8/PXL_20220922_144525051.jpg,2,0,0,0,,0,0,1,1,1
G:\Thesis\MonkSkinTone_Dataset\Segmented_MSTE\subject_8/PXL_20220922_144522915.jpg,2,0,0,1,,1,1,0,1,0
G:\Thesis\MonkSkinTone_Dataset\Segmented_MSTE\subject_8/PXL_20220922_144520738.jpg,2,0,0,1,,1,1,0,1,0
G:\Thesis\MonkSkinTone_Dataset\Segmented_MSTE\subject_8/PXL_20220922_144519434.jpg,2,0,0,0,,0,0,1,1,1
G:\Thesis\MonkSkinTone_Dataset\Segmented_MSTE\subject_8/PXL_20220922_144518107.jpg,2,0,0,1,,1,1,0,1,0
G:\Thesis\MonkSkinTone_Dataset\Segmented_MSTE\subject_8/PXL_20220922_144516437.jpg,2,0,0,1,,1,1,0,1,0
G:\Thesis\MonkSkinTone_Dataset\Segmented_MSTE\subject_8/PXL_20220922_144515169.jpg,2,0,0,1,,1,1,0,1,0
G:\Thesis\MonkSkinTone_Dataset\Segmented_MSTE\subject_8/PXL_20220922_144513518.jpg,2,0,0,1,,1,1,0,1,0
G:\Thesis\MonkSkinTone_Dataset\Segmented_MSTE\subject_8/PXL_20220922_144509854.jpg,2,0,0,1,,1,1,0,1,0
G:\Thesis\MonkSkinTone_Dataset\Segmented_MSTE\subject_8/PXL_20220922_144508322.jpg,2,0,0,0,,0,0,1,1,1
G:\Thesis\MonkSkinTone_Dataset\Segmented_MSTE\subject_8/PXL_20220922_144506455.jpg,2,0,0,1,,1,1,0,1,0
G:\Thesis\MonkSkinTone_Dataset\Segmented_MSTE\subject_8/PXL_20220922_144459281.jpg,2,0,0,1,,1,1,0,1,0
G:\Thesis\MonkSkinTone_Dataset\Segmented_MSTE\subject_8/PXL_20220922_144457808.jpg,2,0,0,1,,1,1,0,1,0
G:\Thesis\MonkSkinTone_Dataset\Segmented_MSTE\subject_8/PXL_20220922_144454460.jpg,2,0,0,1,,1,1,0,1,0
G:\Thesis\MonkSkinTone_Dataset\Segmented_MSTE\subject_8/PXL_20220922_144439857.jpg,2,0,0,1,,1,1,0,1,0
G:\Thesis\MonkSkinTone_Dataset\Segmented_MSTE\subject_8/PXL_20220922_144433061.jpg,2,0,0,1,,1,1,0,1,0
G:\Thesis\MonkSkinTone_Dataset\Segmented_MSTE\subject_8/PXL_20220922_144431094.jpg,2,0,0,1,,1,1,0,1,0
G:\Thesis\MonkSkinTone_Dataset\Segmented_MSTE\subject_8/PXL_20220922_144424020.jpg,2,0,0,1,,1,1,0,1,0
G:\Thesis\MonkSkinTone_Dataset\Segmented_MSTE\subject_8/PXL_20220922_144349886.jpg,2,0,0,1,,1,1,0,1,0
G:\Thesis\MonkSkinTone_Dataset\Segmented_MSTE\subject_8/PXL_20220922_144348319.jpg,2,0,0,1,,1,1,0,1,0
G:\Thesis\MonkSkinTone_Dataset\Segmented_MSTE\subject_8/PXL_20220922_144346637.jpg,2,0,0,1,,1,1,0,1,0
G:\Thesis\MonkSkinTone_Dataset\Segmented_MSTE\subject_8/PXL_20220922_144342994.jpg,2,0,0,1,,1,1,0,1,0
G:\Thesis\MonkSkinTone_Dataset\Segmented_MSTE\subject_8/PXL_20220922_144243484.jpg,2,0,0,0,,0,0,1,1,1
G:\Thesis\MonkSkinTone_Dataset\Segmented_MSTE\subject_8/PXL_20220922_144242165.jpg,2,0,0,1,,1,1,0,1,0
G:\Thesis\MonkSkinTone_Dataset\Segmented_MSTE\subject_8/PXL_20220922_144240833.jpg,2,0,0,0,,0,0,1,1,1
G:\Thesis\MonkSkinTone_Dataset\Segmented_MSTE\subject_8/PXL_20220922_144239368.jpg,2,0,0,1,,1,1,0,1,0
G:\Thesis\MonkSkinTone_Dataset\Segmented_MSTE\subject_8/PXL_20220922_144237169.jpg,2,0,0,0,,0,0,1,1,1
G:\Thesis\MonkSkinTone_Dataset\Segmented_MSTE\subject_8/PXL_20220922_144233301.jpg,2,0,0,0,,0,0,1,1,1
G:\Thesis\MonkSkinTone_Dataset\Segmented_MSTE\subject_8/PXL_20220922_144230503.jpg,2,0,0,1,,1,1,0,1,0
G:\Thesis\MonkSkinTone_Dataset\Segmented_MSTE\subject_8/PXL_20220922_144229123.jpg,2,0,0,1,,1,1,0,1,0
G:\Thesis\MonkSkinTone_Dataset\Segmented_MSTE\subject_8/PXL_20220922_144227636.jpg,2,0,0,0,,0,0,1,1,1
G:\Thesis\MonkSkinTone_Dataset\Segmented_MSTE\subject_8/PXL_20220922_144225935.jpg,2,0,0,1,,1,1,0,1,0
G:\Thesis\MonkSkinTone_Dataset\Segmented_MSTE\subject_8/PXL_20220922_144214170.jpg,2,0,0,1,,1,1,0,1,0
G:\Thesis\MonkSkinTone_Dataset\Segmented_MSTE\subject_8/PXL_20220922_144212804.jpg,2,0,0,0,,0,0,1,1,1
G:\Thesis\MonkSkinTone_Dataset\Segmented_MSTE\subject_8/PXL_20220922_144211604.jpg,2,0,0,1,,1,1,0,1,0
G:\Thesis\MonkSkinTone_Dataset\Segmented_MSTE\subject_8/PXL_20220922_144209904.jpg,2,0,0,0,,0,0,1,1,1
G:\Thesis\MonkSkinTone_Dataset\Segmented_MSTE\subject_8/PXL_20220922_144208454.jpg,2,0,0,1,,1,1,0,1,0
G:\Thesis\MonkSkinTone_Dataset\Segmented_MSTE\subject_8/PXL_20220922_144201853.jpg,2,0,0,0,,0,0,1,1,1
G:\Thesis\MonkSkinTone_Dataset\Segmented_MSTE\subject_8/PXL_20220922_144158904.jpg,2,0,0,1,,1,1,0,1,0
G:\Thesis\MonkSkinTone_Dataset\Segmented_MSTE\subject_8/PXL_20220922_144157379.jpg,2,0,0,1,,1,1,0,1,0
G:\Thesis\MonkSkinTone_Dataset\Segmented_MSTE\subject_8/PXL_20220922_144155487.jpg,2,0,0,0,,0,0,1,1,1
G:\Thesis\MonkSkinTone_Dataset\Segmented_MSTE\subject_8/PXL_20220922_144135110.jpg,2,0,0,1,,1,1,0,1,0
G:\Thesis\MonkSkinTone_Dataset\Segmented_MSTE\subject_8/PXL_20220922_144133020.jpg,2,0,0,0,,0,0,1,1,1
G:\Thesis\MonkSkinTone_Dataset\Segmented_MSTE\subject_8/PXL_20220922_144130999.jpg,2,0,0,1,,1,1,0,1,0
G:\Thesis\MonkSkinTone_Dataset\Segmented_MSTE\subject_8/PXL_20220922_144126494.jpg,2,0,0,1,,1,1,0,1,0
G:\Thesis\MonkSkinTone_Dataset\Segmented_MSTE\subject_8/PXL_20220922_144049938.jpg,2,0,0,1,,1,1,0,1,0
G:\Thesis\MonkSkinTone_Dataset\Segmented_MSTE\subject_8/PXL_20220922_144048016.jpg,2,0,0,0,,0,0,1,1,1
G:\Thesis\MonkSkinTone_Dataset\Segmented_MSTE\subject_8/PXL_20220922_144046163.jpg,2,0,0,1,,1,1,0,1,0
G:\Thesis\MonkSkinTone_Dataset\Segmented_MSTE\subject_8/PXL_20220922_144044363.jpg,2,0,0,1,,1,1,0,1,0
G:\Thesis\MonkSkinTone_Dataset\Segmented_MSTE\subject_8/PXL_20220922_144042686.jpg,2,0,0,1,,1,1,0,1,0
G:\Thesis\MonkSkinTone_Dataset\Segmented_MSTE\subject_8/PXL_20220922_144038878.jpg,2,0,0,0,,0,0,1,1,1
G:\Thesis\MonkSkinTone_Dataset\Segmented_MSTE\subject_8/PXL_20220922_144024003.jpg,2,0,0,1,,1,1,0,1,0
G:\Thesis\MonkSkinTone_Dataset\Segmented_MSTE\subject_8/PXL_20220922_144021761.jpg,2,0,0,1,,1,1,0,1,0
G:\Thesis\MonkSkinTone_Dataset\Segmented_MSTE\subject_8/PXL_20220922_144019524.jpg,2,0,0,1,,1,1,0,1,0
G:\Thesis\MonkSkinTone_Dataset\Segmented_MSTE\subject_8/PXL_20220922_144017731.jpg,2,0,0,1,,1,1,0,1,0
G:\Thesis\MonkSkinTone_Dataset\Segmented_MSTE\subject_8/PXL_20220922_144015845.jpg,2,0,0,0,,0,0,1,1,1
G:\Thesis\MonkSkinTone_Dataset\Segmented_MSTE\subject_8/PXL_20220922_144000843.jpg,2,0,0,1,,1,1,0,1,0
G:\Thesis\MonkSkinTone_Dataset\Segmented_MSTE\subject_8/PXL_20220922_143958932.jpg,2,0,0,1,,1,1,0,1,0
G:\Thesis\MonkSkinTone_Dataset\Segmented_MSTE\subject_8/PXL_20220922_143956870.jpg,2,0,0,1,,1,1,0,1,0
G:\Thesis\MonkSkinTone_Dataset\Segmented_MSTE\subject_8/PXL_20220922_143954934.jpg,2,0,0,1,,1,1,0,1,0
G:\Thesis\MonkSkinTone_Dataset\Segmented_MSTE\subject_8/PXL_20220922_143953061.jpg,2,0,0,1,,1,1,0,1,0
G:\Thesis\MonkSkinTone_Dataset\Segmented_MSTE\subject_8/PXL_20220922_143950494.jpg,2,0,0,1,,1,1,0,1,0
G:\Thesis\MonkSkinTone_Dataset\Segmented_MSTE\subject_8/PXL_20220922_143938018.jpg,2,0,0,1,,1,1,0,1,0
G:\Thesis\MonkSkinTone_Dataset\Segmented_MSTE\subject_8/PXL_20220922_143935867.jpg,2,0,0,1,,1,1,0,1,0
G:\Thesis\MonkSkinTone_Dataset\Segmented_MSTE\subject_8/PXL_20220922_143933791.jpg,2,0,0,1,,1,1,0,1,0
G:\Thesis\MonkSkinTone_Dataset\Segmented_MSTE\subject_8/PXL_20220922_143931549.jpg,2,0,0,2,,2,2,0,0,0
G:\Thesis\MonkSkinTone_Dataset\Segmented_MSTE\subject_8/PXL_20220922_143929898.jpg,2,0,0,1,,1,1,0,1,0
G:\Thesis\MonkSkinTone_Dataset\Segmented_MSTE\subject_8/PXL_20220922_143926991.jpg,2,0,0,1,,1,1,0,1,0
G:\Thesis\MonkSkinTone_Dataset\Segmented_MSTE\subject_7/PXL_20220922_200441666.jpg,4,1,1,1,,1,0,1,1,1
G:\Thesis\MonkSkinTone_Dataset\Segmented_MSTE\subject_7/PXL_20220922_201159649.jpg,4,1,1,1,,1,0,1,1,1
G:\Thesis\MonkSkinTone_Dataset\Segmented_MSTE\subject_7/PXL_20220922_201158155.jpg,4,1,1,1,,1,0,1,1,1
G:\Thesis\MonkSkinTone_Dataset\Segmented_MSTE\subject_7/PXL_20220922_201156891.jpg,4,1,1,1,,1,0,1,1,1
G:\Thesis\MonkSkinTone_Dataset\Segmented_MSTE\subject_7/PXL_20220922_201155538.jpg,4,1,1,1,,1,0,1,1,1
G:\Thesis\MonkSkinTone_Dataset\Segmented_MSTE\subject_7/PXL_20220922_201154083.jpg,4,1,1,1,,1,0,1,1,1
G:\Thesis\MonkSkinTone_Dataset\Segmented_MSTE\subject_7/PXL_20220922_201150533.jpg,4,1,1,1,,1,0,1,1,1
G:\Thesis\MonkSkinTone_Dataset\Segmented_MSTE\subject_7/PXL_20220922_201148997.jpg,4,1,1,1,,1,0,1,1,1
G:\Thesis\MonkSkinTone_Dataset\Segmented_MSTE\subject_7/PXL_20220922_201147352.jpg,4,1,1,1,,1,0,1,1,1
G:\Thesis\MonkSkinTone_Dataset\Segmented_MSTE\subject_7/PXL_20220922_201144852.jpg,4,1,1,1,,1,0,1,1,1
G:\Thesis\MonkSkinTone_Dataset\Segmented_MSTE\subject_7/PXL_20220922_201142228.jpg,4,1,1,1,,1,0,1,1,1
G:\Thesis\MonkSkinTone_Dataset\Segmented_MSTE\subject_7/PXL_20220922_201123752.jpg,4,1,1,0,,0,1,0,1,0
G:\Thesis\MonkSkinTone_Dataset\Segmented_MSTE\subject_7/PXL_20220922_201115889.jpg,4,1,1,0,,0,1,0,1,0
G:\Thesis\MonkSkinTone_Dataset\Segmented_MSTE\subject_7/PXL_20220922_201112822.jpg,4,1,1,1,,1,0,1,1,1
G:\Thesis\MonkSkinTone_Dataset\Segmented_MSTE\subject_7/PXL_20220922_201105804.jpg,4,1,1,1,,1,0,1,1,1
G:\Thesis\MonkSkinTone_Dataset\Segmented_MSTE\subject_7/PXL_20220922_201104283.jpg,4,1,1,1,,1,0,1,1,1
G:\Thesis\MonkSkinTone_Dataset\Segmented_MSTE\subject_7/PXL_20220922_201103004.jpg,4,1,1,0,,0,1,0,1,0
G:\Thesis\MonkSkinTone_Dataset\Segmented_MSTE\subject_7/PXL_20220922_201100125.jpg,4,1,1,1,,1,0,1,1,1
G:\Thesis\MonkSkinTone_Dataset\Segmented_MSTE\subject_7/PXL_20220922_201058066.jpg,4,1,1,1,,1,0,1,1,1
G:\Thesis\MonkSkinTone_Dataset\Segmented_MSTE\subject_7/PXL_20220922_201056746.jpg,4,1,1,1,,1,0,1,1,1
G:\Thesis\MonkSkinTone_Dataset\Segmented_MSTE\subject_7/PXL_20220922_201055412.jpg,4,1,1,0,,0,1,0,1,0
G:\Thesis\MonkSkinTone_Dataset\Segmented_MSTE\subject_7/PXL_20220922_201053928.jpg,4,1,1,0,,0,1,0,1,0
G:\Thesis\MonkSkinTone_Dataset\Segmented_MSTE\subject_7/PXL_20220922_201019240.jpg,4,1,1,0,,0,1,0,1,0
G:\Thesis\MonkSkinTone_Dataset\Segmented_MSTE\subject_7/PXL_20220922_201017494.jpg,4,1,1,1,,1,0,1,1,1
G:\Thesis\MonkSkinTone_Dataset\Segmented_MSTE\subject_7/PXL_20220922_201015629.jpg,4,1,1,1,,1,0,1,1,1
G:\Thesis\MonkSkinTone_Dataset\Segmented_MSTE\subject_7/PXL_20220922_201013077.jpg,4,1,1,1,,1,0,1,1,1
G:\Thesis\MonkSkinTone_Dataset\Segmented_MSTE\subject_7/PXL_20220922_201010784.jpg,4,1,1,1,,1,0,1,1,1
G:\Thesis\MonkSkinTone_Dataset\Segmented_MSTE\subject_7/PXL_20220922_201003232.jpg,4,1,1,1,,1,0,1,1,1
G:\Thesis\MonkSkinTone_Dataset\Segmented_MSTE\subject_7/PXL_20220922_200959790.jpg,4,1,1,1,,1,0,1,1,1
G:\Thesis\MonkSkinTone_Dataset\Segmented_MSTE\subject_7/PXL_20220922_200956536.jpg,4,1,1,0,,0,1,0,1,0
G:\Thesis\MonkSkinTone_Dataset\Segmented_MSTE\subject_7/PXL_20220922_200954702.jpg,4,1,1,1,,1,0,1,1,1
G:\Thesis\MonkSkinTone_Dataset\Segmented_MSTE\subject_7/PXL_20220922_200952853.jpg,4,1,1,2,,2,1,0,1,0
G:\Thesis\MonkSkinTone_Dataset\Segmented_MSTE\subject_7/PXL_20220922_200941758.jpg,4,1,1,0,,0,1,0,1,0
G:\Thesis\MonkSkinTone_Dataset\Segmented_MSTE\subject_7/PXL_20220922_200939541.jpg,4,1,1,1,,1,0,1,1,1
G:\Thesis\MonkSkinTone_Dataset\Segmented_MSTE\subject_7/PXL_20220922_200937622.jpg,4,1,1,0,,0,1,0,1,0
G:\Thesis\MonkSkinTone_Dataset\Segmented_MSTE\subject_7/PXL_20220922_200935095.jpg,4,1,1,0,,0,1,0,1,0
G:\Thesis\MonkSkinTone_Dataset\Segmented_MSTE\subject_7/PXL_20220922_200933252.jpg,4,1,1,1,,1,0,1,1,1
G:\Thesis\MonkSkinTone_Dataset\Segmented_MSTE\subject_7/PXL_20220922_200921149.jpg,4,1,1,0,,0,1,0,1,0
G:\Thesis\MonkSkinTone_Dataset\Segmented_MSTE\subject_7/PXL_20220922_200918851.jpg,4,1,1,1,,1,0,1,1,1
G:\Thesis\MonkSkinTone_Dataset\Segmented_MSTE\subject_7/PXL_20220922_200916683.jpg,4,1,1,0,,0,1,0,1,0
G:\Thesis\MonkSkinTone_Dataset\Segmented_MSTE\subject_7/PXL_20220922_200914218.jpg,4,1,1,1,,1,0,1,1,1
G:\Thesis\MonkSkinTone_Dataset\Segmented_MSTE\subject_7/PXL_20220922_200912092.jpg,4,1,1,0,,0,1,0,1,0
G:\Thesis\MonkSkinTone_Dataset\Segmented_MSTE\subject_7/PXL_20220922_200843113.jpg,4,1,1,1,,1,0,1,1,1
G:\Thesis\MonkSkinTone_Dataset\Segmented_MSTE\subject_7/PXL_20220922_200842021.jpg,4,1,1,1,,1,0,1,1,1
G:\Thesis\MonkSkinTone_Dataset\Segmented_MSTE\subject_7/PXL_20220922_200840646.jpg,4,1,1,0,,0,1,0,1,0
G:\Thesis\MonkSkinTone_Dataset\Segmented_MSTE\subject_7/PXL_20220922_200839628.jpg,4,1,1,1,,1,0,1,1,1
G:\Thesis\MonkSkinTone_Dataset\Segmented_MSTE\subject_7/PXL_20220922_200836956.jpg,4,1,1,0,,0,1,0,1,0
G:\Thesis\MonkSkinTone_Dataset\Segmented_MSTE\subject_7/PXL_20220922_200835329.jpg,4,1,1,1,,1,0,1,1,1
G:\Thesis\MonkSkinTone_Dataset\Segmented_MSTE\subject_7/PXL_20220922_200834042.jpg,4,1,1,1,,1,0,1,1,1
G:\Thesis\MonkSkinTone_Dataset\Segmented_MSTE\subject_7/PXL_20220922_200832775.jpg,4,1,1,0,,0,1,0,1,0
G:\Thesis\MonkSkinTone_Dataset\Segmented_MSTE\subject_7/PXL_20220922_200831394.jpg,4,1,1,1,,1,0,1,1,1
G:\Thesis\MonkSkinTone_Dataset\Segmented_MSTE\subject_7/PXL_20220922_200830294.jpg,4,1,1,1,,1,0,1,1,1
G:\Thesis\MonkSkinTone_Dataset\Segmented_MSTE\subject_7/PXL_20220922_200829155.jpg,4,1,1,0,,0,1,0,1,0
G:\Thesis\MonkSkinTone_Dataset\Segmented_MSTE\subject_7/PXL_20220922_200640074.jpg,4,1,1,1,,1,0,1,1,1
G:\Thesis\MonkSkinTone_Dataset\Segmented_MSTE\subject_7/PXL_20220922_200637881.jpg,4,1,1,1,,1,0,1,1,1
G:\Thesis\MonkSkinTone_Dataset\Segmented_MSTE\subject_7/PXL_20220922_200634218.jpg,4,1,1,1,,1,0,1,1,1
G:\Thesis\MonkSkinTone_Dataset\Segmented_MSTE\subject_7/PXL_20220922_200631137.jpg,4,1,1,1,,1,0,1,1,1
G:\Thesis\MonkSkinTone_Dataset\Segmented_MSTE\subject_7/PXL_20220922_200630624.jpg,4,1,1,1,,1,0,1,1,1
G:\Thesis\MonkSkinTone_Dataset\Segmented_MSTE\subject_7/PXL_20220922_200627889.jpg,4,1,1,1,,1,0,1,1,1
G:\Thesis\MonkSkinTone_Dataset\Segmented_MSTE\subject_7/PXL_20220922_200625319.jpg,4,1,1,1,,1,0,1,1,1
G:\Thesis\MonkSkinTone_Dataset\Segmented_MSTE\subject_7/PXL_20220922_200620775.jpg,4,1,1,1,,1,0,1,1,1
G:\Thesis\MonkSkinTone_Dataset\Segmented_MSTE\subject_7/PXL_20220922_200618729.jpg,4,1,1,1,,1,0,1,1,1
G:\Thesis\MonkSkinTone_Dataset\Segmented_MSTE\subject_7/PXL_20220922_200615910.jpg,4,1,1,1,,1,0,1,1,1
G:\Thesis\MonkSkinTone_Dataset\Segmented_MSTE\subject_7/PXL_20220922_200613567.jpg,4,1,1,1,,1,0,1,1,1
G:\Thesis\MonkSkinTone_Dataset\Segmented_MSTE\subject_7/PXL_20220922_200610155.jpg,4,1,1,1,,1,0,1,1,1
G:\Thesis\MonkSkinTone_Dataset\Segmented_MSTE\subject_7/PXL_20220922_200604281.jpg,4,1,1,1,,1,0,1,1,1
G:\Thesis\MonkSkinTone_Dataset\Segmented_MSTE\subject_7/PXL_20220922_200601375.jpg,4,1,1,1,,1,0,1,1,1
G:\Thesis\MonkSkinTone_Dataset\Segmented_MSTE\subject_7/PXL_20220922_200559727.jpg,4,1,1,1,,1,0,1,1,1
G:\Thesis\MonkSkinTone_Dataset\Segmented_MSTE\subject_7/PXL_20220922_200557501.jpg,4,1,1,1,,1,0,1,1,1
G:\Thesis\MonkSkinTone_Dataset\Segmented_MSTE\subject_7/PXL_20220922_200554422.jpg,4,1,1,1,,1,0,1,1,1
G:\Thesis\MonkSkinTone_Dataset\Segmented_MSTE\subject_7/PXL_20220922_200552085.jpg,4,1,1,1,,1,0,1,1,1
G:\Thesis\MonkSkinTone_Dataset\Segmented_MSTE\subject_7/PXL_20220922_200549845.jpg,4,1,1,1,,1,0,1,1,1
G:\Thesis\MonkSkinTone_Dataset\Segmented_MSTE\subject_7/PXL_20220922_200547755.jpg,4,1,1,1,,1,0,1,1,1
G:\Thesis\MonkSkinTone_Dataset\Segmented_MSTE\subject_7/PXL_20220922_200545171.jpg,4,1,1,1,,1,0,1,1,1
G:\Thesis\MonkSkinTone_Dataset\Segmented_MSTE\subject_7/PXL_20220922_200543167.jpg,4,1,1,1,,1,0,1,1,1
G:\Thesis\MonkSkinTone_Dataset\Segmented_MSTE\subject_7/PXL_20220922_200529265.jpg,4,1,1,1,,1,0,1,1,1
G:\Thesis\MonkSkinTone_Dataset\Segmented_MSTE\subject_7/PXL_20220922_200527926.jpg,4,1,1,1,,1,0,1,1,1
G:\Thesis\MonkSkinTone_Dataset\Segmented_MSTE\subject_7/PXL_20220922_200526574.jpg,4,1,1,1,,1,0,1,1,1
G:\Thesis\MonkSkinTone_Dataset\Segmented_MSTE\subject_7/PXL_20220922_200522557.jpg,4,1,1,1,,1,0,1,1,1
G:\Thesis\MonkSkinTone_Dataset\Segmented_MSTE\subject_7/PXL_20220922_200519022.jpg,4,1,1,1,,1,0,1,1,1
G:\Thesis\MonkSkinTone_Dataset\Segmented_MSTE\subject_7/PXL_20220922_200517814.jpg,4,1,1,1,,1,0,1,1,1
G:\Thesis\MonkSkinTone_Dataset\Segmented_MSTE\subject_7/PXL_20220922_200516243.jpg,4,1,1,1,,1,0,1,1,1
G:\Thesis\MonkSkinTone_Dataset\Segmented_MSTE\subject_7/PXL_20220922_200514458.jpg,4,1,1,1,,1,0,1,1,1
G:\Thesis\MonkSkinTone_Dataset\Segmented_MSTE\subject_7/PXL_20220922_200512276.jpg,4,1,1,1,,1,0,1,1,1
G:\Thesis\MonkSkinTone_Dataset\Segmented_MSTE\subject_7/PXL_20220922_200503926.jpg,4,1,1,1,,1,0,1,1,1
G:\Thesis\MonkSkinTone_Dataset\Segmented_MSTE\subject_7/PXL_20220922_200502809.jpg,4,1,1,1,,1,0,1,1,1
G:\Thesis\MonkSkinTone_Dataset\Segmented_MSTE\subject_7/PXL_20220922_200501406.jpg,4,1,1,1,,1,0,1,1,1
G:\Thesis\MonkSkinTone_Dataset\Segmented_MSTE\subject_7/PXL_20220922_200459788.jpg,4,1,1,1,,1,0,1,1,1
G:\Thesis\MonkSkinTone_Dataset\Segmented_MSTE\subject_7/PXL_20220922_200457952.jpg,4,1,1,1,,1,0,1,1,1
G:\Thesis\MonkSkinTone_Dataset\Segmented_MSTE\subject_7/PXL_20220922_200455601.jpg,4,1,1,1,,1,0,1,1,1
G:\Thesis\MonkSkinTone_Dataset\Segmented_MSTE\subject_7/PXL_20220922_200453652.jpg,4,1,1,1,,1,0,1,1,1
G:\Thesis\MonkSkinTone_Dataset\Segmented_MSTE\subject_7/PXL_20220922_200451627.jpg,4,1,1,1,,1,0,1,1,1
G:\Thesis\MonkSkinTone_Dataset\Segmented_MSTE\subject_7/PXL_20220922_200448892.jpg,4,1,1,1,,1,0,1,1,1
G:\Thesis\MonkSkinTone_Dataset\Segmented_MSTE\subject_6/PXL_20220922_141458544.PORTRAIT.jpg,5,1,1,1,,1,0,1,1,1
G:\Thesis\MonkSkinTone_Dataset\Segmented_MSTE\subject_6/PXL_20220922_142317969.PORTRAIT.jpg,5,1,1,1,,1,0,1,1,1
G:\Thesis\MonkSkinTone_Dataset\Segmented_MSTE\subject_6/PXL_20220922_142314137.PORTRAIT.jpg,5,1,1,1,,1,0,1,1,1
G:\Thesis\MonkSkinTone_Dataset\Segmented_MSTE\subject_6/PXL_20220922_142309716.PORTRAIT.jpg,5,1,1,1,,1,0,1,1,1
G:\Thesis\MonkSkinTone_Dataset\Segmented_MSTE\subject_6/PXL_20220922_142308221.PORTRAIT.jpg,5,1,1,1,,1,0,1,1,1
G:\Thesis\MonkSkinTone_Dataset\Segmented_MSTE\subject_6/PXL_20220922_142306737.PORTRAIT.jpg,5,1,1,1,,1,0,1,1,1
G:\Thesis\MonkSkinTone_Dataset\Segmented_MSTE\subject_6/PXL_20220922_142259877.PORTRAIT.jpg,5,1,1,1,,1,0,1,1,1
G:\Thesis\MonkSkinTone_Dataset\Segmented_MSTE\subject_6/PXL_20220922_142256912.PORTRAIT.jpg,5,1,1,1,,1,0,1,1,1
G:\Thesis\MonkSkinTone_Dataset\Segmented_MSTE\subject_6/PXL_20220922_142255593.PORTRAIT.jpg,5,1,1,1,,1,0,1,1,1
G:\Thesis\MonkSkinTone_Dataset\Segmented_MSTE\subject_6/PXL_20220922_142254164.PORTRAIT.jpg,5,1,1,1,,1,0,1,1,1
G:\Thesis\MonkSkinTone_Dataset\Segmented_MSTE\subject_6/PXL_20220922_142251582.PORTRAIT.jpg,5,1,1,1,,1,0,1,1,1
G:\Thesis\MonkSkinTone_Dataset\Segmented_MSTE\subject_6/PXL_20220922_142247360.PORTRAIT.jpg,5,1,1,1,,1,0,1,1,1
G:\Thesis\MonkSkinTone_Dataset\Segmented_MSTE\subject_6/PXL_20220922_142245552.PORTRAIT.jpg,5,1,1,1,,1,0,1,1,1
G:\Thesis\MonkSkinTone_Dataset\Segmented_MSTE\subject_6/PXL_20220922_142243136.PORTRAIT.jpg,5,1,1,1,,1,0,1,1,1
G:\Thesis\MonkSkinTone_Dataset\Segmented_MSTE\subject_6/PXL_20220922_142240665.PORTRAIT.jpg,5,1,1,1,,1,0,1,1,1
G:\Thesis\MonkSkinTone_Dataset\Segmented_MSTE\subject_6/PXL_20220922_142237800.PORTRAIT.jpg,5,1,1,1,,1,0,1,1,1
G:\Thesis\MonkSkinTone_Dataset\Segmented_MSTE\subject_6/PXL_20220922_142200222.jpg,5,1,1,0,,0,1,0,1,0
G:\Thesis\MonkSkinTone_Dataset\Segmented_MSTE\subject_6/PXL_20220922_142157924.jpg,5,1,1,1,,1,0,1,1,1
G:\Thesis\MonkSkinTone_Dataset\Segmented_MSTE\subject_6/PXL_20220922_142156487.jpg,5,1,1,1,,1,0,1,1,1
G:\Thesis\MonkSkinTone_Dataset\Segmented_MSTE\subject_6/PXL_20220922_142155246.jpg,5,1,1,1,,1,0,1,1,1
G:\Thesis\MonkSkinTone_Dataset\Segmented_MSTE\subject_6/PXL_20220922_142153214.jpg,5,1,1,1,,1,0,1,1,1
G:\Thesis\MonkSkinTone_Dataset\Segmented_MSTE\subject_6/PXL_20220922_142151943.jpg,5,1,1,1,,1,0,1,1,1
G:\Thesis\MonkSkinTone_Dataset\Segmented_MSTE\subject_6/PXL_20220922_142150811.jpg,5,1,1,1,,1,0,1,1,1
G:\Thesis\MonkSkinTone_Dataset\Segmented_MSTE\subject_6/PXL_20220922_142149612.jpg,5,1,1,1,,1,0,1,1,1
G:\Thesis\MonkSkinTone_Dataset\Segmented_MSTE\subject_6/PXL_20220922_142144978.jpg,5,1,1,1,,1,0,1,1,1
G:\Thesis\MonkSkinTone_Dataset\Segmented_MSTE\subject_6/PXL_20220922_142143256.jpg,5,1,1,1,,1,0,1,1,1
G:\Thesis\MonkSkinTone_Dataset\Segmented_MSTE\subject_6/PXL_20220922_142141315.jpg,5,1,1,1,,1,0,1,1,1
G:\Thesis\MonkSkinTone_Dataset\Segmented_MSTE\subject_6/PXL_20220922_142133535.jpg,5,1,1,1,,1,0,1,1,1
G:\Thesis\MonkSkinTone_Dataset\Segmented_MSTE\subject_6/PXL_20220922_142122608.jpg,5,1,1,1,,1,0,1,1,1
G:\Thesis\MonkSkinTone_Dataset\Segmented_MSTE\subject_6/PXL_20220922_142118942.jpg,5,1,1,1,,1,0,1,1,1
G:\Thesis\MonkSkinTone_Dataset\Segmented_MSTE\subject_6/PXL_20220922_142117383.jpg,5,1,1,1,,1,0,1,1,1
G:\Thesis\MonkSkinTone_Dataset\Segmented_MSTE\subject_6/PXL_20220922_142115816.jpg,5,1,1,1,,1,0,1,1,1
G:\Thesis\MonkSkinTone_Dataset\Segmented_MSTE\subject_6/PXL_20220922_142114208.jpg,5,1,1,1,,1,0,1,1,1
G:\Thesis\MonkSkinTone_Dataset\Segmented_MSTE\subject_6/PXL_20220922_142112641.jpg,5,1,1,1,,1,0,1,1,1
G:\Thesis\MonkSkinTone_Dataset\Segmented_MSTE\subject_6/PXL_20220922_142111300.jpg,5,1,1,1,,1,0,1,1,1
G:\Thesis\MonkSkinTone_Dataset\Segmented_MSTE\subject_6/PXL_20220922_142108629.jpg,5,1,1,1,,1,0,1,1,1
G:\Thesis\MonkSkinTone_Dataset\Segmented_MSTE\subject_6/PXL_20220922_142106716.jpg,5,1,1,1,,1,0,1,1,1
G:\Thesis\MonkSkinTone_Dataset\Segmented_MSTE\subject_6/PXL_20220922_142105039.jpg,5,1,1,1,,1,0,1,1,1
G:\Thesis\MonkSkinTone_Dataset\Segmented_MSTE\subject_6/PXL_20220922_142103081.jpg,5,1,1,1,,1,0,1,1,1
G:\Thesis\MonkSkinTone_Dataset\Segmented_MSTE\subject_6/PXL_20220922_142100200.jpg,5,1,1,1,,1,0,1,1,1
G:\Thesis\MonkSkinTone_Dataset\Segmented_MSTE\subject_6/PXL_20220922_142057251.jpg,5,1,1,0,,0,1,0,1,0
G:\Thesis\MonkSkinTone_Dataset\Segmented_MSTE\subject_6/PXL_20220922_142041715.PORTRAIT.jpg,5,1,1,1,,1,0,1,1,1
G:\Thesis\MonkSkinTone_Dataset\Segmented_MSTE\subject_6/PXL_20220922_141840168.PORTRAIT.jpg,5,1,1,1,,1,0,1,1,1
G:\Thesis\MonkSkinTone_Dataset\Segmented_MSTE\subject_6/PXL_20220922_141836902.PORTRAIT.jpg,5,1,1,1,,1,0,1,1,1
G:\Thesis\MonkSkinTone_Dataset\Segmented_MSTE\subject_6/PXL_20220922_141835021.PORTRAIT.jpg,5,1,1,1,,1,0,1,1,1
G:\Thesis\MonkSkinTone_Dataset\Segmented_MSTE\subject_6/PXL_20220922_141831973.PORTRAIT.jpg,5,1,1,1,,1,0,1,1,1
G:\Thesis\MonkSkinTone_Dataset\Segmented_MSTE\subject_6/PXL_20220922_141826372.PORTRAIT.jpg,5,1,1,1,,1,0,1,1,1
G:\Thesis\MonkSkinTone_Dataset\Segmented_MSTE\subject_6/PXL_20220922_141819690.PORTRAIT.jpg,5,1,1,1,,1,0,1,1,1
G:\Thesis\MonkSkinTone_Dataset\Segmented_MSTE\subject_6/PXL_20220922_141815198.PORTRAIT.jpg,5,1,1,1,,1,0,1,1,1
G:\Thesis\MonkSkinTone_Dataset\Segmented_MSTE\subject_6/PXL_20220922_141810468.PORTRAIT.jpg,5,1,1,1,,1,0,1,1,1
G:\Thesis\MonkSkinTone_Dataset\Segmented_MSTE\subject_6/PXL_20220922_141748897.PORTRAIT.jpg,5,1,1,1,,1,0,1,1,1
G:\Thesis\MonkSkinTone_Dataset\Segmented_MSTE\subject_6/PXL_20220922_141746988.PORTRAIT.jpg,5,1,1,1,,1,0,1,1,1
G:\Thesis\MonkSkinTone_Dataset\Segmented_MSTE\subject_6/PXL_20220922_141741394.PORTRAIT.jpg,5,1,1,1,,1,0,1,1,1
G:\Thesis\MonkSkinTone_Dataset\Segmented_MSTE\subject_6/PXL_20220922_141737535.PORTRAIT.jpg,5,1,1,1,,1,0,1,1,1
G:\Thesis\MonkSkinTone_Dataset\Segmented_MSTE\subject_6/PXL_20220922_141733560.PORTRAIT.jpg,5,1,1,1,,1,0,1,1,1
G:\Thesis\MonkSkinTone_Dataset\Segmented_MSTE\subject_6/PXL_20220922_141729618.PORTRAIT.jpg,5,1,1,1,,1,0,1,1,1
G:\Thesis\MonkSkinTone_Dataset\Segmented_MSTE\subject_6/PXL_20220922_141724943.PORTRAIT.jpg,5,1,1,1,,1,0,1,1,1
G:\Thesis\MonkSkinTone_Dataset\Segmented_MSTE\subject_6/PXL_20220922_141639932.jpg,5,1,1,1,,1,0,1,1,1
G:\Thesis\MonkSkinTone_Dataset\Segmented_MSTE\subject_6/PXL_20220922_141635391.jpg,5,1,1,1,,1,0,1,1,1
G:\Thesis\MonkSkinTone_Dataset\Segmented_MSTE\subject_6/PXL_20220922_141632698.jpg,5,1,1,1,,1,0,1,1,1
G:\Thesis\MonkSkinTone_Dataset\Segmented_MSTE\subject_6/PXL_20220922_141625961.jpg,5,1,1,1,,1,0,1,1,1
G:\Thesis\MonkSkinTone_Dataset\Segmented_MSTE\subject_6/PXL_20220922_141619931.jpg,5,1,1,1,,1,0,1,1,1
G:\Thesis\MonkSkinTone_Dataset\Segmented_MSTE\subject_6/PXL_20220922_141605392.jpg,5,1,1,1,,1,0,1,1,1
G:\Thesis\MonkSkinTone_Dataset\Segmented_MSTE\subject_6/PXL_20220922_141526293.jpg,5,1,1,0,,0,1,0,1,0
G:\Thesis\MonkSkinTone_Dataset\Segmented_MSTE\subject_6/PXL_20220922_141525030.jpg,5,1,1,1,,1,0,1,1,1
G:\Thesis\MonkSkinTone_Dataset\Segmented_MSTE\subject_6/PXL_20220922_141523144.jpg,5,1,1,1,,1,0,1,1,1
G:\Thesis\MonkSkinTone_Dataset\Segmented_MSTE\subject_6/PXL_20220922_141521292.jpg,5,1,1,1,,1,0,1,1,1
G:\Thesis\MonkSkinTone_Dataset\Segmented_MSTE\subject_6/PXL_20220922_141519820.jpg,5,1,1,1,,1,0,1,1,1
G:\Thesis\MonkSkinTone_Dataset\Segmented_MSTE\subject_6/PXL_20220922_141513523.PORTRAIT.jpg,5,1,1,1,,1,0,1,1,1
G:\Thesis\MonkSkinTone_Dataset\Segmented_MSTE\subject_6/PXL_20220922_141511755.PORTRAIT.jpg,5,1,1,1,,1,0,1,1,1
G:\Thesis\MonkSkinTone_Dataset\Segmented_MSTE\subject_6/PXL_20220922_141509803.PORTRAIT.jpg,5,1,1,1,,1,0,1,1,1
G:\Thesis\MonkSkinTone_Dataset\Segmented_MSTE\subject_6/PXL_20220922_141507384.PORTRAIT.jpg,5,1,1,1,,1,0,1,1,1
G:\Thesis\MonkSkinTone_Dataset\Segmented_MSTE\subject_6/PXL_20220922_141501094.PORTRAIT.jpg,5,1,1,1,,1,0,1,1,1
G:\Thesis\MonkSkinTone_Dataset\Segmented_MSTE\subject_5/PXL_20220922_142413482.jpg,7,1,1,1,,1,0,1,1,1
G:\Thesis\MonkSkinTone_Dataset\Segmented_MSTE\subject_5/PXL_20220922_143253414.jpg,7,1,1,1,,1,0,1,1,1
G:\Thesis\MonkSkinTone_Dataset\Segmented_MSTE\subject_5/PXL_20220922_143251719.jpg,7,1,1,1,,1,0,1,1,1
G:\Thesis\MonkSkinTone_Dataset\Segmented_MSTE\subject_5/PXL_20220922_143246772.jpg,7,1,1,1,,1,0,1,1,1
G:\Thesis\MonkSkinTone_Dataset\Segmented_MSTE\subject_5/PXL_20220922_143242506.jpg,7,1,1,1,,1,0,1,1,1
G:\Thesis\MonkSkinTone_Dataset\Segmented_MSTE\subject_5/PXL_20220922_143240755.jpg,7,1,1,1,,1,0,1,1,1
G:\Thesis\MonkSkinTone_Dataset\Segmented_MSTE\subject_5/PXL_20220922_143237153.jpg,7,1,1,1,,1,0,1,1,1
G:\Thesis\MonkSkinTone_Dataset\Segmented_MSTE\subject_5/PXL_20220922_143235452.jpg,7,1,1,1,,1,0,1,1,1
G:\Thesis\MonkSkinTone_Dataset\Segmented_MSTE\subject_5/PXL_20220922_143231854.jpg,7,1,1,1,,1,0,1,1,1
G:\Thesis\MonkSkinTone_Dataset\Segmented_MSTE\subject_5/PXL_20220922_143230097.jpg,7,1,1,1,,1,0,1,1,1
G:\Thesis\MonkSkinTone_Dataset\Segmented_MSTE\subject_5/PXL_20220922_143139165.PORTRAIT.jpg,7,1,1,1,,1,0,1,1,1
G:\Thesis\MonkSkinTone_Dataset\Segmented_MSTE\subject_5/PXL_20220922_143135399.PORTRAIT.jpg,7,1,1,1,,1,0,1,1,1
G:\Thesis\MonkSkinTone_Dataset\Segmented_MSTE\subject_5/PXL_20220922_143131100.PORTRAIT.jpg,7,1,1,1,,1,0,1,1,1
G:\Thesis\MonkSkinTone_Dataset\Segmented_MSTE\subject_5/PXL_20220922_143127979.PORTRAIT.jpg,7,1,1,1,,1,0,1,1,1
G:\Thesis\MonkSkinTone_Dataset\Segmented_MSTE\subject_5/PXL_20220922_143125596.PORTRAIT.jpg,7,1,1,0,,0,1,0,1,0
G:\Thesis\MonkSkinTone_Dataset\Segmented_MSTE\subject_5/PXL_20220922_143123699.PORTRAIT.jpg,7,1,1,2,,2,1,0,1,0
G:\Thesis\MonkSkinTone_Dataset\Segmented_MSTE\subject_5/PXL_20220922_143120425.PORTRAIT.jpg,7,1,1,2,,2,1,0,1,0
G:\Thesis\MonkSkinTone_Dataset\Segmented_MSTE\subject_5/PXL_20220922_143113267.PORTRAIT.jpg,7,1,1,0,,0,1,0,1,0
G:\Thesis\MonkSkinTone_Dataset\Segmented_MSTE\subject_5/PXL_20220922_143106968.PORTRAIT.jpg,7,1,1,2,,2,1,0,1,0
G:\Thesis\MonkSkinTone_Dataset\Segmented_MSTE\subject_5/PXL_20220922_143105119.PORTRAIT.jpg,7,1,1,2,,2,1,0,1,0
G:\Thesis\MonkSkinTone_Dataset\Segmented_MSTE\subject_5/PXL_20220922_143104500.PORTRAIT.jpg,7,1,1,2,,2,1,0,1,0
G:\Thesis\MonkSkinTone_Dataset\Segmented_MSTE\subject_5/PXL_20220922_143103818.PORTRAIT.jpg,7,1,1,1,,1,0,1,1,1
G:\Thesis\MonkSkinTone_Dataset\Segmented_MSTE\subject_5/PXL_20220922_143101662.PORTRAIT.jpg,7,1,1,2,,2,1,0,1,0
G:\Thesis\MonkSkinTone_Dataset\Segmented_MSTE\subject_5/PXL_20220922_143059150.PORTRAIT.jpg,7,1,1,2,,2,1,0,1,0
G:\Thesis\MonkSkinTone_Dataset\Segmented_MSTE\subject_5/PXL_20220922_143056845.PORTRAIT.jpg,7,1,1,1,,1,0,1,1,1
G:\Thesis\MonkSkinTone_Dataset\Segmented_MSTE\subject_5/PXL_20220922_143053867.PORTRAIT.jpg,7,1,1,1,,1,0,1,1,1
G:\Thesis\MonkSkinTone_Dataset\Segmented_MSTE\subject_5/PXL_20220922_143052145.PORTRAIT.jpg,7,1,1,2,,2,1,0,1,0
G:\Thesis\MonkSkinTone_Dataset\Segmented_MSTE\subject_5/PXL_20220922_143049258.PORTRAIT.jpg,7,1,1,1,,1,0,1,1,1
G:\Thesis\MonkSkinTone_Dataset\Segmented_MSTE\subject_5/PXL_20220922_143043606.PORTRAIT.jpg,7,1,1,2,,2,1,0,1,0
G:\Thesis\MonkSkinTone_Dataset\Segmented_MSTE\subject_5/PXL_20220922_143012499.jpg,7,1,1,1,,1,0,1,1,1
G:\Thesis\MonkSkinTone_Dataset\Segmented_MSTE\subject_5/PXL_20220922_143007783.jpg,7,1,1,1,,1,0,1,1,1
G:\Thesis\MonkSkinTone_Dataset\Segmented_MSTE\subject_5/PXL_20220922_143005748.jpg,7,1,1,1,,1,0,1,1,1
G:\Thesis\MonkSkinTone_Dataset\Segmented_MSTE\subject_5/PXL_20220922_143004581.jpg,7,1,1,1,,1,0,1,1,1
G:\Thesis\MonkSkinTone_Dataset\Segmented_MSTE\subject_5/PXL_20220922_143002045.jpg,7,1,1,1,,1,0,1,1,1
G:\Thesis\MonkSkinTone_Dataset\Segmented_MSTE\subject_5/PXL_20220922_142957675.jpg,7,1,1,1,,1,0,1,1,1
G:\Thesis\MonkSkinTone_Dataset\Segmented_MSTE\subject_5/PXL_20220922_142954990.jpg,7,1,1,1,,1,0,1,1,1
G:\Thesis\MonkSkinTone_Dataset\Segmented_MSTE\subject_5/PXL_20220922_142951972.jpg,7,1,1,1,,1,0,1,1,1
G:\Thesis\MonkSkinTone_Dataset\Segmented_MSTE\subject_5/PXL_20220922_142949592.jpg,7,1,1,2,,2,1,0,1,0
G:\Thesis\MonkSkinTone_Dataset\Segmented_MSTE\subject_5/PXL_20220922_142945886.jpg,7,1,1,1,,1,0,1,1,1
G:\Thesis\MonkSkinTone_Dataset\Segmented_MSTE\subject_5/PXL_20220922_142944757.jpg,7,1,1,2,,2,1,0,1,0
G:\Thesis\MonkSkinTone_Dataset\Segmented_MSTE\subject_5/PXL_20220922_142940931.jpg,7,1,1,1,,1,0,1,1,1
G:\Thesis\MonkSkinTone_Dataset\Segmented_MSTE\subject_5/PXL_20220922_142939817.jpg,7,1,1,2,,2,1,0,1,0
G:\Thesis\MonkSkinTone_Dataset\Segmented_MSTE\subject_5/PXL_20220922_142934607.jpg,7,1,1,1,,1,0,1,1,1
G:\Thesis\MonkSkinTone_Dataset\Segmented_MSTE\subject_5/PXL_20220922_142933626.jpg,7,1,1,0,,0,1,0,1,0
G:\Thesis\MonkSkinTone_Dataset\Segmented_MSTE\subject_5/PXL_20220922_142921035.jpg,7,1,1,1,,1,0,1,1,1
G:\Thesis\MonkSkinTone_Dataset\Segmented_MSTE\subject_5/PXL_20220922_142917997.jpg,7,1,1,1,,1,0,1,1,1
G:\Thesis\MonkSkinTone_Dataset\Segmented_MSTE\subject_5/PXL_20220922_142614750.PORTRAIT.jpg,7,1,1,0,,0,1,0,1,0
G:\Thesis\MonkSkinTone_Dataset\Segmented_MSTE\subject_5/PXL_20220922_142612462.PORTRAIT.jpg,7,1,1,1,,1,0,1,1,1
G:\Thesis\MonkSkinTone_Dataset\Segmented_MSTE\subject_5/PXL_20220922_142608903.PORTRAIT.jpg,7,1,1,1,,1,0,1,1,1
G:\Thesis\MonkSkinTone_Dataset\Segmented_MSTE\subject_5/PXL_20220922_142606244.PORTRAIT.jpg,7,1,1,1,,1,0,1,1,1
G:\Thesis\MonkSkinTone_Dataset\Segmented_MSTE\subject_5/PXL_20220922_142600816.PORTRAIT.jpg,7,1,1,2,,2,1,0,1,0
G:\Thesis\MonkSkinTone_Dataset\Segmented_MSTE\subject_5/PXL_20220922_142553004.PORTRAIT.jpg,7,1,1,1,,1,0,1,1,1
G:\Thesis\MonkSkinTone_Dataset\Segmented_MSTE\subject_5/PXL_20220922_142550791.PORTRAIT.jpg,7,1,1,1,,1,0,1,1,1
G:\Thesis\MonkSkinTone_Dataset\Segmented_MSTE\subject_5/PXL_20220922_142548472.PORTRAIT.jpg,7,1,1,1,,1,0,1,1,1
G:\Thesis\MonkSkinTone_Dataset\Segmented_MSTE\subject_5/PXL_20220922_142545872.PORTRAIT.jpg,7,1,1,1,,1,0,1,1,1
G:\Thesis\MonkSkinTone_Dataset\Segmented_MSTE\subject_5/PXL_20220922_142543353.PORTRAIT.jpg,7,1,1,1,,1,0,1,1,1
G:\Thesis\MonkSkinTone_Dataset\Segmented_MSTE\subject_5/PXL_20220922_142537968.PORTRAIT.jpg,7,1,1,1,,1,0,1,1,1
G:\Thesis\MonkSkinTone_Dataset\Segmented_MSTE\subject_5/PXL_20220922_142535244.PORTRAIT.jpg,7,1,1,2,,2,1,0,1,0
G:\Thesis\MonkSkinTone_Dataset\Segmented_MSTE\subject_5/PXL_20220922_142529483.PORTRAIT.jpg,7,1,1,1,,1,0,1,1,1
G:\Thesis\MonkSkinTone_Dataset\Segmented_MSTE\subject_5/PXL_20220922_142527736.PORTRAIT.jpg,7,1,1,1,,1,0,1,1,1
G:\Thesis\MonkSkinTone_Dataset\Segmented_MSTE\subject_5/PXL_20220922_142525560.PORTRAIT.jpg,7,1,1,1,,1,0,1,1,1
G:\Thesis\MonkSkinTone_Dataset\Segmented_MSTE\subject_5/PXL_20220922_142523136.PORTRAIT.jpg,7,1,1,1,,1,0,1,1,1
G:\Thesis\MonkSkinTone_Dataset\Segmented_MSTE\subject_5/PXL_20220922_142517538.PORTRAIT.jpg,7,1,1,1,,1,0,1,1,1
G:\Thesis\MonkSkinTone_Dataset\Segmented_MSTE\subject_5/PXL_20220922_142514092.PORTRAIT.jpg,7,1,1,1,,1,0,1,1,1
G:\Thesis\MonkSkinTone_Dataset\Segmented_MSTE\subject_5/PXL_20220922_142420818.jpg,7,1,1,1,,1,0,1,1,1
G:\Thesis\MonkSkinTone_Dataset\Segmented_MSTE\subject_4/PXL_20220922_162431213.jpg,9,2,2,1,,1,1,0,1,0
G:\Thesis\MonkSkinTone_Dataset\Segmented_MSTE\subject_4/PXL_20220922_162429314.jpg,9,2,2,1,,1,1,0,1,0
G:\Thesis\MonkSkinTone_Dataset\Segmented_MSTE\subject_4/PXL_20220922_162427303.jpg,9,2,2,1,,1,1,0,1,0
G:\Thesis\MonkSkinTone_Dataset\Segmented_MSTE\subject_4/PXL_20220922_162425765.jpg,9,2,2,1,,1,1,0,1,0
G:\Thesis\MonkSkinTone_Dataset\Segmented_MSTE\subject_4/PXL_20220922_162424266.jpg,9,2,2,1,,1,1,0,1,0
G:\Thesis\MonkSkinTone_Dataset\Segmented_MSTE\subject_4/PXL_20220922_162421385.jpg,9,2,2,1,,1,1,0,1,0
G:\Thesis\MonkSkinTone_Dataset\Segmented_MSTE\subject_4/PXL_20220922_162419201.jpg,9,2,2,1,,1,1,0,1,0
G:\Thesis\MonkSkinTone_Dataset\Segmented_MSTE\subject_4/PXL_20220922_162417511.jpg,9,2,2,2,,2,0,1,1,1
G:\Thesis\MonkSkinTone_Dataset\Segmented_MSTE\subject_4/PXL_20220922_162409257.jpg,9,2,2,2,,2,0,1,1,1
G:\Thesis\MonkSkinTone_Dataset\Segmented_MSTE\subject_4/PXL_20220922_162407706.jpg,9,2,2,2,,2,0,1,1,1
G:\Thesis\MonkSkinTone_Dataset\Segmented_MSTE\subject_4/PXL_20220922_162406276.jpg,9,2,2,1,,1,1,0,1,0
G:\Thesis\MonkSkinTone_Dataset\Segmented_MSTE\subject_4/PXL_20220922_162404766.jpg,9,2,2,1,,1,1,0,1,0
G:\Thesis\MonkSkinTone_Dataset\Segmented_MSTE\subject_4/PXL_20220922_162403198.jpg,9,2,2,1,,1,1,0,1,0
G:\Thesis\MonkSkinTone_Dataset\Segmented_MSTE\subject_4/PXL_20220922_162401809.jpg,9,2,2,2,,2,0,1,1,1
G:\Thesis\MonkSkinTone_Dataset\Segmented_MSTE\subject_4/PXL_20220922_162359800.jpg,9,2,2,2,,2,0,1,1,1
G:\Thesis\MonkSkinTone_Dataset\Segmented_MSTE\subject_4/PXL_20220922_162358077.jpg,9,2,2,2,,2,0,1,1,1
G:\Thesis\MonkSkinTone_Dataset\Segmented_MSTE\subject_4/PXL_20220922_162356543.jpg,9,2,2,2,,2,0,1,1,1
G:\Thesis\MonkSkinTone_Dataset\Segmented_MSTE\subject_4/PXL_20220922_162354569.jpg,9,2,2,2,,2,0,1,1,1
G:\Thesis\MonkSkinTone_Dataset\Segmented_MSTE\subject_4/PXL_20220922_162353104.jpg,9,2,2,2,,2,0,1,1,1
G:\Thesis\MonkSkinTone_Dataset\Segmented_MSTE\subject_4/PXL_20220922_162310859.jpg,9,2,2,2,,2,0,1,1,1
G:\Thesis\MonkSkinTone_Dataset\Segmented_MSTE\subject_4/PXL_20220922_162308948.jpg,9,2,2,1,,1,1,0,1,0
G:\Thesis\MonkSkinTone_Dataset\Segmented_MSTE\subject_4/PXL_20220922_162307441.jpg,9,2,2,1,,1,1,0,1,0
G:\Thesis\MonkSkinTone_Dataset\Segmented_MSTE\subject_4/PXL_20220922_162306073.jpg,9,2,2,2,,2,0,1,1,1
G:\Thesis\MonkSkinTone_Dataset\Segmented_MSTE\subject_4/PXL_20220922_162304847.jpg,9,2,2,1,,1,1,0,1,0
G:\Thesis\MonkSkinTone_Dataset\Segmented_MSTE\subject_4/PXL_20220922_162301039.jpg,9,2,2,1,,1,1,0,1,0
G:\Thesis\MonkSkinTone_Dataset\Segmented_MSTE\subject_4/PXL_20220922_162258202.jpg,9,2,2,0,,0,2,0,0,0
G:\Thesis\MonkSkinTone_Dataset\Segmented_MSTE\subject_4/PXL_20220922_162255438.jpg,9,2,2,1,,1,1,0,1,0
G:\Thesis\MonkSkinTone_Dataset\Segmented_MSTE\subject_4/PXL_20220922_162253802.jpg,9,2,2,2,,2,0,1,1,1
G:\Thesis\MonkSkinTone_Dataset\Segmented_MSTE\subject_4/PXL_20220922_162251832.jpg,9,2,2,2,,2,0,1,1,1
G:\Thesis\MonkSkinTone_Dataset\Segmented_MSTE\subject_4/PXL_20220922_162227851.jpg,9,2,2,2,,2,0,1,1,1
G:\Thesis\MonkSkinTone_Dataset\Segmented_MSTE\subject_4/PXL_20220922_162222156.jpg,9,2,2,2,,2,0,1,1,1
G:\Thesis\MonkSkinTone_Dataset\Segmented_MSTE\subject_4/PXL_20220922_162134005.jpg,9,2,2,1,,1,1,0,1,0
G:\Thesis\MonkSkinTone_Dataset\Segmented_MSTE\subject_4/PXL_20220922_162132188.jpg,9,2,2,1,,1,1,0,1,0
G:\Thesis\MonkSkinTone_Dataset\Segmented_MSTE\subject_4/PXL_20220922_162129053.jpg,9,2,2,1,,1,1,0,1,0
G:\Thesis\MonkSkinTone_Dataset\Segmented_MSTE\subject_4/PXL_20220922_162127092.jpg,9,2,2,1,,1,1,0,1,0
G:\Thesis\MonkSkinTone_Dataset\Segmented_MSTE\subject_4/PXL_20220922_162124839.jpg,9,2,2,1,,1,1,0,1,0
G:\Thesis\MonkSkinTone_Dataset\Segmented_MSTE\subject_4/PXL_20220922_162123739.jpg,9,2,2,1,,1,1,0,1,0
G:\Thesis\MonkSkinTone_Dataset\Segmented_MSTE\subject_4/PXL_20220922_162120829.jpg,9,2,2,1,,1,1,0,1,0
G:\Thesis\MonkSkinTone_Dataset\Segmented_MSTE\subject_4/PXL_20220922_162119421.jpg,9,2,2,1,,1,1,0,1,0
G:\Thesis\MonkSkinTone_Dataset\Segmented_MSTE\subject_4/PXL_20220922_162054939.jpg,9,2,2,1,,1,1,0,1,0
G:\Thesis\MonkSkinTone_Dataset\Segmented_MSTE\subject_4/PXL_20220922_162052907.jpg,9,2,2,2,,2,0,1,1,1
G:\Thesis\MonkSkinTone_Dataset\Segmented_MSTE\subject_4/PXL_20220922_162051191.jpg,9,2,2,2,,2,0,1,1,1
G:\Thesis\MonkSkinTone_Dataset\Segmented_MSTE\subject_4/PXL_20220922_162049072.jpg,9,2,2,2,,2,0,1,1,1
G:\Thesis\MonkSkinTone_Dataset\Segmented_MSTE\subject_4/PXL_20220922_162046872.jpg,9,2,2,2,,2,0,1,1,1
G:\Thesis\MonkSkinTone_Dataset\Segmented_MSTE\subject_4/PXL_20220922_162041822.jpg,9,2,2,1,,1,1,0,1,0
G:\Thesis\MonkSkinTone_Dataset\Segmented_MSTE\subject_4/PXL_20220922_162038772.jpg,9,2,2,2,,2,0,1,1,1
G:\Thesis\MonkSkinTone_Dataset\Segmented_MSTE\subject_4/PXL_20220922_162036806.jpg,9,2,2,2,,2,0,1,1,1
G:\Thesis\MonkSkinTone_Dataset\Segmented_MSTE\subject_4/PXL_20220922_162034926.jpg,9,2,2,1,,1,1,0,1,0
G:\Thesis\MonkSkinTone_Dataset\Segmented_MSTE\subject_4/PXL_20220922_162033560.jpg,9,2,2,2,,2,0,1,1,1
G:\Thesis\MonkSkinTone_Dataset\Segmented_MSTE\subject_4/PXL_20220922_162021956.jpg,9,2,2,1,,1,1,0,1,0
G:\Thesis\MonkSkinTone_Dataset\Segmented_MSTE\subject_4/PXL_20220922_162020889.jpg,9,2,2,2,,2,0,1,1,1
G:\Thesis\MonkSkinTone_Dataset\Segmented_MSTE\subject_4/PXL_20220922_162019375.jpg,9,2,2,2,,2,0,1,1,1
G:\Thesis\MonkSkinTone_Dataset\Segmented_MSTE\subject_4/PXL_20220922_162017610.jpg,9,2,2,2,,2,0,1,1,1
G:\Thesis\MonkSkinTone_Dataset\Segmented_MSTE\subject_4/PXL_20220922_162015840.jpg,9,2,2,2,,2,0,1,1,1
G:\Thesis\MonkSkinTone_Dataset\Segmented_MSTE\subject_4/PXL_20220922_161939679.jpg,9,2,2,1,,1,1,0,1,0
G:\Thesis\MonkSkinTone_Dataset\Segmented_MSTE\subject_4/PXL_20220922_161938180.jpg,9,2,2,2,,2,0,1,1,1
G:\Thesis\MonkSkinTone_Dataset\Segmented_MSTE\subject_4/PXL_20220922_161934430.jpg,9,2,2,2,,2,0,1,1,1
G:\Thesis\MonkSkinTone_Dataset\Segmented_MSTE\subject_4/PXL_20220922_161932128.jpg,9,2,2,2,,2,0,1,1,1
G:\Thesis\MonkSkinTone_Dataset\Segmented_MSTE\subject_4/PXL_20220922_161929477.jpg,9,2,2,1,,1,1,0,1,0
G:\Thesis\MonkSkinTone_Dataset\Segmented_MSTE\subject_4/PXL_20220922_161927302.jpg,9,2,2,1,,1,1,0,1,0
G:\Thesis\MonkSkinTone_Dataset\Segmented_MSTE\subject_4/PXL_20220922_161923233.jpg,9,2,2,2,,2,0,1,1,1
G:\Thesis\MonkSkinTone_Dataset\Segmented_MSTE\subject_4/PXL_20220922_161921427.jpg,9,2,2,2,,2,0,1,1,1
G:\Thesis\MonkSkinTone_Dataset\Segmented_MSTE\subject_4/PXL_20220922_161917826.jpg,9,2,2,2,,2,0,1,1,1
G:\Thesis\MonkSkinTone_Dataset\Segmented_MSTE\subject_4/PXL_20220922_161915600.jpg,9,2,2,2,,2,0,1,1,1
G:\Thesis\MonkSkinTone_Dataset\Segmented_MSTE\subject_4/PXL_20220922_161910023.jpg,9,2,2,1,,1,1,0,1,0
G:\Thesis\MonkSkinTone_Dataset\Segmented_MSTE\subject_4/PXL_20220922_161908046.jpg,9,2,2,2,,2,0,1,1,1
G:\Thesis\MonkSkinTone_Dataset\Segmented_MSTE\subject_4/PXL_20220922_161905430.jpg,9,2,2,2,,2,0,1,1,1
G:\Thesis\MonkSkinTone_Dataset\Segmented_MSTE\subject_4/PXL_20220922_161903530.jpg,9,2,2,1,,1,1,0,1,0
G:\Thesis\MonkSkinTone_Dataset\Segmented_MSTE\subject_4/PXL_20220922_161859476.jpg,9,2,2,2,,2,0,1,1,1
G:\Thesis\MonkSkinTone_Dataset\Segmented_MSTE\subject_4/PXL_20220922_161857653.jpg,9,2,2,2,,2,0,1,1,1
G:\Thesis\MonkSkinTone_Dataset\Segmented_MSTE\subject_3/PXL_20220922_192540568.jpg,6,1,1,2,,2,1,0,1,0
G:\Thesis\MonkSkinTone_Dataset\Segmented_MSTE\subject_3/PXL_20220922_193528310.jpg,6,1,1,2,,2,1,0,1,0
G:\Thesis\MonkSkinTone_Dataset\Segmented_MSTE\subject_3/PXL_20220922_193526844.jpg,6,1,1,1,,1,0,1,1,1
G:\Thesis\MonkSkinTone_Dataset\Segmented_MSTE\subject_3/PXL_20220922_193525366.jpg,6,1,1,1,,1,0,1,1,1
G:\Thesis\MonkSkinTone_Dataset\Segmented_MSTE\subject_3/PXL_20220922_193523837.jpg,6,1,1,1,,1,0,1,1,1
G:\Thesis\MonkSkinTone_Dataset\Segmented_MSTE\subject_3/PXL_20220922_193521063.jpg,6,1,1,1,,1,0,1,1,1
G:\Thesis\MonkSkinTone_Dataset\Segmented_MSTE\subject_3/PXL_20220922_193512595.jpg,6,1,1,1,,1,0,1,1,1
G:\Thesis\MonkSkinTone_Dataset\Segmented_MSTE\subject_3/PXL_20220922_193511119.jpg,6,1,1,0,,0,1,0,1,0
G:\Thesis\MonkSkinTone_Dataset\Segmented_MSTE\subject_3/PXL_20220922_193509768.jpg,6,1,1,1,,1,0,1,1,1
G:\Thesis\MonkSkinTone_Dataset\Segmented_MSTE\subject_3/PXL_20220922_193508077.jpg,6,1,1,2,,2,1,0,1,0
G:\Thesis\MonkSkinTone_Dataset\Segmented_MSTE\subject_3/PXL_20220922_193506209.jpg,6,1,1,1,,1,0,1,1,1
G:\Thesis\MonkSkinTone_Dataset\Segmented_MSTE\subject_3/PXL_20220922_193503938.jpg,6,1,1,1,,1,0,1,1,1
G:\Thesis\MonkSkinTone_Dataset\Segmented_MSTE\subject_3/PXL_20220922_193502239.jpg,6,1,1,2,,2,1,0,1,0
G:\Thesis\MonkSkinTone_Dataset\Segmented_MSTE\subject_3/PXL_20220922_193500570.jpg,6,1,1,1,,1,0,1,1,1
G:\Thesis\MonkSkinTone_Dataset\Segmented_MSTE\subject_3/PXL_20220922_193459099.jpg,6,1,1,1,,1,0,1,1,1
G:\Thesis\MonkSkinTone_Dataset\Segmented_MSTE\subject_3/PXL_20220922_193457393.jpg,6,1,1,1,,1,0,1,1,1
G:\Thesis\MonkSkinTone_Dataset\Segmented_MSTE\subject_3/PXL_20220922_193442749.jpg,6,1,1,2,,2,1,0,1,0
G:\Thesis\MonkSkinTone_Dataset\Segmented_MSTE\subject_3/PXL_20220922_193441419.jpg,6,1,1,2,,2,1,0,1,0
G:\Thesis\MonkSkinTone_Dataset\Segmented_MSTE\subject_3/PXL_20220922_193440026.jpg,6,1,1,2,,2,1,0,1,0
G:\Thesis\MonkSkinTone_Dataset\Segmented_MSTE\subject_3/PXL_20220922_193438687.jpg,6,1,1,2,,2,1,0,1,0
G:\Thesis\MonkSkinTone_Dataset\Segmented_MSTE\subject_3/PXL_20220922_193436546.jpg,6,1,1,2,,2,1,0,1,0
G:\Thesis\MonkSkinTone_Dataset\Segmented_MSTE\subject_3/PXL_20220922_193434544.jpg,6,1,1,1,,1,0,1,1,1
G:\Thesis\MonkSkinTone_Dataset\Segmented_MSTE\subject_3/PXL_20220922_193258695.jpg,6,1,1,2,,2,1,0,1,0
G:\Thesis\MonkSkinTone_Dataset\Segmented_MSTE\subject_3/PXL_20220922_193257144.jpg,6,1,1,0,,0,1,0,1,0
G:\Thesis\MonkSkinTone_Dataset\Segmented_MSTE\subject_3/PXL_20220922_193255095.jpg,6,1,1,2,,2,1,0,1,0
G:\Thesis\MonkSkinTone_Dataset\Segmented_MSTE\subject_3/PXL_20220922_193254088.jpg,6,1,1,2,,2,1,0,1,0
G:\Thesis\MonkSkinTone_Dataset\Segmented_MSTE\subject_3/PXL_20220922_193252671.jpg,6,1,1,0,,0,1,0,1,0
G:\Thesis\MonkSkinTone_Dataset\Segmented_MSTE\subject_3/PXL_20220922_193251973.jpg,6,1,1,0,,0,1,0,1,0
G:\Thesis\MonkSkinTone_Dataset\Segmented_MSTE\subject_3/PXL_20220922_193250362.jpg,6,1,1,2,,2,1,0,1,0
G:\Thesis\MonkSkinTone_Dataset\Segmented_MSTE\subject_3/PXL_20220922_193249113.jpg,6,1,1,2,,2,1,0,1,0
G:\Thesis\MonkSkinTone_Dataset\Segmented_MSTE\subject_3/PXL_20220922_193247851.jpg,6,1,1,2,,2,1,0,1,0
G:\Thesis\MonkSkinTone_Dataset\Segmented_MSTE\subject_3/PXL_20220922_193246375.jpg,6,1,1,2,,2,1,0,1,0
G:\Thesis\MonkSkinTone_Dataset\Segmented_MSTE\subject_3/PXL_20220922_193244973.jpg,6,1,1,2,,2,1,0,1,0
G:\Thesis\MonkSkinTone_Dataset\Segmented_MSTE\subject_3/PXL_20220922_193243211.jpg,6,1,1,0,,0,1,0,1,0
G:\Thesis\MonkSkinTone_Dataset\Segmented_MSTE\subject_3/PXL_20220922_193241850.jpg,6,1,1,2,,2,1,0,1,0
G:\Thesis\MonkSkinTone_Dataset\Segmented_MSTE\subject_3/PXL_20220922_193240640.jpg,6,1,1,0,,0,1,0,1,0
G:\Thesis\MonkSkinTone_Dataset\Segmented_MSTE\subject_3/PXL_20220922_193239210.jpg,6,1,1,2,,2,1,0,1,0
G:\Thesis\MonkSkinTone_Dataset\Segmented_MSTE\subject_3/PXL_20220922_193146740.jpg,6,1,1,2,,2,1,0,1,0
G:\Thesis\MonkSkinTone_Dataset\Segmented_MSTE\subject_3/PXL_20220922_193145287.jpg,6,1,1,2,,2,1,0,1,0
G:\Thesis\MonkSkinTone_Dataset\Segmented_MSTE\subject_3/PXL_20220922_193143821.jpg,6,1,1,2,,2,1,0,1,0
G:\Thesis\MonkSkinTone_Dataset\Segmented_MSTE\subject_3/PXL_20220922_193142521.jpg,6,1,1,2,,2,1,0,1,0
G:\Thesis\MonkSkinTone_Dataset\Segmented_MSTE\subject_3/PXL_20220922_193140993.jpg,6,1,1,2,,2,1,0,1,0
G:\Thesis\MonkSkinTone_Dataset\Segmented_MSTE\subject_3/PXL_20220922_192839520.jpg,6,1,1,1,,1,0,1,1,1
G:\Thesis\MonkSkinTone_Dataset\Segmented_MSTE\subject_3/PXL_20220922_192838054.jpg,6,1,1,1,,1,0,1,1,1
G:\Thesis\MonkSkinTone_Dataset\Segmented_MSTE\subject_3/PXL_20220922_192836240.jpg,6,1,1,2,,2,1,0,1,0
G:\Thesis\MonkSkinTone_Dataset\Segmented_MSTE\subject_3/PXL_20220922_192834158.jpg,6,1,1,2,,2,1,0,1,0
G:\Thesis\MonkSkinTone_Dataset\Segmented_MSTE\subject_3/PXL_20220922_192831992.jpg,6,1,1,2,,2,1,0,1,0
G:\Thesis\MonkSkinTone_Dataset\Segmented_MSTE\subject_3/PXL_20220922_192746438.jpg,6,1,1,1,,1,0,1,1,1
G:\Thesis\MonkSkinTone_Dataset\Segmented_MSTE\subject_3/PXL_20220922_192744156.jpg,6,1,1,2,,2,1,0,1,0
G:\Thesis\MonkSkinTone_Dataset\Segmented_MSTE\subject_3/PXL_20220922_192741691.jpg,6,1,1,2,,2,1,0,1,0
G:\Thesis\MonkSkinTone_Dataset\Segmented_MSTE\subject_3/PXL_20220922_192739767.jpg,6,1,1,2,,2,1,0,1,0
G:\Thesis\MonkSkinTone_Dataset\Segmented_MSTE\subject_3/PXL_20220922_192736985.jpg,6,1,1,1,,1,0,1,1,1
G:\Thesis\MonkSkinTone_Dataset\Segmented_MSTE\subject_3/PXL_20220922_192714792.jpg,6,1,1,1,,1,0,1,1,1
G:\Thesis\MonkSkinTone_Dataset\Segmented_MSTE\subject_3/PXL_20220922_192713113.jpg,6,1,1,0,,0,1,0,1,0
G:\Thesis\MonkSkinTone_Dataset\Segmented_MSTE\subject_3/PXL_20220922_192711496.jpg,6,1,1,1,,1,0,1,1,1
G:\Thesis\MonkSkinTone_Dataset\Segmented_MSTE\subject_3/PXL_20220922_192709617.jpg,6,1,1,1,,1,0,1,1,1
G:\Thesis\MonkSkinTone_Dataset\Segmented_MSTE\subject_3/PXL_20220922_192707666.jpg,6,1,1,2,,2,1,0,1,0
G:\Thesis\MonkSkinTone_Dataset\Segmented_MSTE\subject_3/PXL_20220922_192706771.jpg,6,1,1,1,,1,0,1,1,1
G:\Thesis\MonkSkinTone_Dataset\Segmented_MSTE\subject_3/PXL_20220922_192651355.jpg,6,1,1,1,,1,0,1,1,1
G:\Thesis\MonkSkinTone_Dataset\Segmented_MSTE\subject_3/PXL_20220922_192649338.jpg,6,1,1,1,,1,0,1,1,1
G:\Thesis\MonkSkinTone_Dataset\Segmented_MSTE\subject_3/PXL_20220922_192648272.jpg,6,1,1,1,,1,0,1,1,1
G:\Thesis\MonkSkinTone_Dataset\Segmented_MSTE\subject_3/PXL_20220922_192645891.jpg,6,1,1,1,,1,0,1,1,1
G:\Thesis\MonkSkinTone_Dataset\Segmented_MSTE\subject_3/PXL_20220922_192641993.jpg,6,1,1,1,,1,0,1,1,1
G:\Thesis\MonkSkinTone_Dataset\Segmented_MSTE\subject_3/PXL_20220922_192640227.jpg,6,1,1,2,,2,1,0,1,0
G:\Thesis\MonkSkinTone_Dataset\Segmented_MSTE\subject_3/PXL_20220922_192637943.jpg,6,1,1,0,,0,1,0,1,0
G:\Thesis\MonkSkinTone_Dataset\Segmented_MSTE\subject_3/PXL_20220922_192630530.jpg,6,1,1,1,,1,0,1,1,1
G:\Thesis\MonkSkinTone_Dataset\Segmented_MSTE\subject_3/PXL_20220922_192625680.jpg,6,1,1,1,,1,0,1,1,1
G:\Thesis\MonkSkinTone_Dataset\Segmented_MSTE\subject_3/PXL_20220922_192624406.jpg,6,1,1,1,,1,0,1,1,1
G:\Thesis\MonkSkinTone_Dataset\Segmented_MSTE\subject_3/PXL_20220922_192622568.jpg,6,1,1,0,,0,1,0,1,0
G:\Thesis\MonkSkinTone_Dataset\Segmented_MSTE\subject_3/PXL_20220922_192620412.jpg,6,1,1,0,,0,1,0,1,0
G:\Thesis\MonkSkinTone_Dataset\Segmented_MSTE\subject_3/PXL_20220922_192618611.jpg,6,1,1,1,,1,0,1,1,1
G:\Thesis\MonkSkinTone_Dataset\Segmented_MSTE\subject_3/PXL_20220922_192615914.jpg,6,1,1,1,,1,0,1,1,1
G:\Thesis\MonkSkinTone_Dataset\Segmented_MSTE\subject_3/PXL_20220922_192614146.jpg,6,1,1,1,,1,0,1,1,1
G:\Thesis\MonkSkinTone_Dataset\Segmented_MSTE\subject_3/PXL_20220922_192612301.jpg,6,1,1,1,,1,0,1,1,1
G:\Thesis\MonkSkinTone_Dataset\Segmented_MSTE\subject_3/PXL_20220922_192610554.jpg,6,1,1,1,,1,0,1,1,1
G:\Thesis\MonkSkinTone_Dataset\Segmented_MSTE\subject_3/PXL_20220922_192608497.jpg,6,1,1,1,,1,0,1,1,1
G:\Thesis\MonkSkinTone_Dataset\Segmented_MSTE\subject_3/PXL_20220922_192558186.jpg,6,1,1,1,,1,0,1,1,1
G:\Thesis\MonkSkinTone_Dataset\Segmented_MSTE\subject_3/PXL_20220922_192552609.jpg,6,1,1,1,,1,0,1,1,1
G:\Thesis\MonkSkinTone_Dataset\Segmented_MSTE\subject_3/PXL_20220922_192550654.jpg,6,1,1,2,,2,1,0,1,0
G:\Thesis\MonkSkinTone_Dataset\Segmented_MSTE\subject_3/PXL_20220922_192548334.jpg,6,1,1,1,,1,0,1,1,1
G:\Thesis\MonkSkinTone_Dataset\Segmented_MSTE\subject_3/PXL_20220922_192545631.jpg,6,1,1,2,,2,1,0,1,0
G:\Thesis\MonkSkinTone_Dataset\Segmented_MSTE\subject_3/PXL_20220922_192543202.jpg,6,1,1,2,,2,1,0,1,0
G:\Thesis\MonkSkinTone_Dataset\Segmented_MSTE\subject_2/PXL_20220922_173936123.jpg,8,2,2,2,,2,0,1,1,1
G:\Thesis\MonkSkinTone_Dataset\Segmented_MSTE\subject_2/PXL_20220922_173932021.jpg,8,2,2,0,,0,2,0,0,0
G:\Thesis\MonkSkinTone_Dataset\Segmented_MSTE\subject_2/PXL_20220922_173929968.jpg,8,2,2,2,,2,0,1,1,1
G:\Thesis\MonkSkinTone_Dataset\Segmented_MSTE\subject_2/PXL_20220922_173926742.jpg,8,2,2,1,,1,1,0,1,0
G:\Thesis\MonkSkinTone_Dataset\Segmented_MSTE\subject_2/PXL_20220922_173924672.jpg,8,2,2,2,,2,0,1,1,1
G:\Thesis\MonkSkinTone_Dataset\Segmented_MSTE\subject_2/PXL_20220922_173921134.jpg,8,2,2,2,,2,0,1,1,1
G:\Thesis\MonkSkinTone_Dataset\Segmented_MSTE\subject_2/PXL_20220922_173918548.jpg,8,2,2,2,,2,0,1,1,1
G:\Thesis\MonkSkinTone_Dataset\Segmented_MSTE\subject_2/PXL_20220922_173916878.jpg,8,2,2,2,,2,0,1,1,1
G:\Thesis\MonkSkinTone_Dataset\Segmented_MSTE\subject_2/PXL_20220922_173914227.jpg,8,2,2,1,,1,1,0,1,0
G:\Thesis\MonkSkinTone_Dataset\Segmented_MSTE\subject_2/PXL_20220922_173912083.jpg,8,2,2,1,,1,1,0,1,0
G:\Thesis\MonkSkinTone_Dataset\Segmented_MSTE\subject_2/PXL_20220922_173910224.jpg,8,2,2,2,,2,0,1,1,1
G:\Thesis\MonkSkinTone_Dataset\Segmented_MSTE\subject_2/PXL_20220922_173759197.jpg,8,2,2,1,,1,1,0,1,0
G:\Thesis\MonkSkinTone_Dataset\Segmented_MSTE\subject_2/PXL_20220922_173757254.jpg,8,2,2,1,,1,1,0,1,0
G:\Thesis\MonkSkinTone_Dataset\Segmented_MSTE\subject_2/PXL_20220922_173755660.jpg,8,2,2,2,,2,0,1,1,1
G:\Thesis\MonkSkinTone_Dataset\Segmented_MSTE\subject_2/PXL_20220922_173754215.jpg,8,2,2,1,,1,1,0,1,0
G:\Thesis\MonkSkinTone_Dataset\Segmented_MSTE\subject_2/PXL_20220922_173751452.jpg,8,2,2,0,,0,2,0,0,0
G:\Thesis\MonkSkinTone_Dataset\Segmented_MSTE\subject_2/PXL_20220922_173750073.jpg,8,2,2,1,,1,1,0,1,0
G:\Thesis\MonkSkinTone_Dataset\Segmented_MSTE\subject_2/PXL_20220922_173748586.jpg,8,2,2,1,,1,1,0,1,0
G:\Thesis\MonkSkinTone_Dataset\Segmented_MSTE\subject_2/PXL_20220922_173747570.jpg,8,2,2,0,,0,2,0,0,0
G:\Thesis\MonkSkinTone_Dataset\Segmented_MSTE\subject_2/PXL_20220922_173744472.jpg,8,2,2,1,,1,1,0,1,0
G:\Thesis\MonkSkinTone_Dataset\Segmented_MSTE\subject_2/PXL_20220922_173736762.jpg,8,2,2,1,,1,1,0,1,0
G:\Thesis\MonkSkinTone_Dataset\Segmented_MSTE\subject_2/PXL_20220922_173734627.jpg,8,2,2,1,,1,1,0,1,0
G:\Thesis\MonkSkinTone_Dataset\Segmented_MSTE\subject_2/PXL_20220922_173732143.jpg,8,2,2,1,,1,1,0,1,0
G:\Thesis\MonkSkinTone_Dataset\Segmented_MSTE\subject_2/PXL_20220922_173719038.jpg,8,2,2,1,,1,1,0,1,0
G:\Thesis\MonkSkinTone_Dataset\Segmented_MSTE\subject_2/PXL_20220922_173717156.jpg,8,2,2,1,,1,1,0,1,0
G:\Thesis\MonkSkinTone_Dataset\Segmented_MSTE\subject_2/PXL_20220922_173611308.jpg,8,2,2,1,,1,1,0,1,0
G:\Thesis\MonkSkinTone_Dataset\Segmented_MSTE\subject_2/PXL_20220922_173606365.jpg,8,2,2,1,,1,1,0,1,0
G:\Thesis\MonkSkinTone_Dataset\Segmented_MSTE\subject_2/PXL_20220922_173604730.jpg,8,2,2,1,,1,1,0,1,0
G:\Thesis\MonkSkinTone_Dataset\Segmented_MSTE\subject_2/PXL_20220922_173601814.jpg,8,2,2,1,,1,1,0,1,0
G:\Thesis\MonkSkinTone_Dataset\Segmented_MSTE\subject_2/PXL_20220922_173556673.jpg,8,2,2,1,,1,1,0,1,0
G:\Thesis\MonkSkinTone_Dataset\Segmented_MSTE\subject_2/PXL_20220922_173553421.jpg,8,2,2,1,,1,1,0,1,0
G:\Thesis\MonkSkinTone_Dataset\Segmented_MSTE\subject_2/PXL_20220922_173549024.jpg,8,2,2,1,,1,1,0,1,0
G:\Thesis\MonkSkinTone_Dataset\Segmented_MSTE\subject_2/PXL_20220922_173547366.jpg,8,2,2,1,,1,1,0,1,0
G:\Thesis\MonkSkinTone_Dataset\Segmented_MSTE\subject_2/PXL_20220922_173522398.jpg,8,2,2,2,,2,0,1,1,1
G:\Thesis\MonkSkinTone_Dataset\Segmented_MSTE\subject_2/PXL_20220922_173520834.jpg,8,2,2,1,,1,1,0,1,0
G:\Thesis\MonkSkinTone_Dataset\Segmented_MSTE\subject_2/PXL_20220922_173518745.jpg,8,2,2,1,,1,1,0,1,0
G:\Thesis\MonkSkinTone_Dataset\Segmented_MSTE\subject_2/PXL_20220922_173517309.jpg,8,2,2,2,,2,0,1,1,1
G:\Thesis\MonkSkinTone_Dataset\Segmented_MSTE\subject_2/PXL_20220922_173515925.jpg,8,2,2,2,,2,0,1,1,1
G:\Thesis\MonkSkinTone_Dataset\Segmented_MSTE\subject_2/PXL_20220922_173513639.jpg,8,2,2,2,,2,0,1,1,1
G:\Thesis\MonkSkinTone_Dataset\Segmented_MSTE\subject_2/PXL_20220922_173512389.jpg,8,2,2,1,,1,1,0,1,0
G:\Thesis\MonkSkinTone_Dataset\Segmented_MSTE\subject_2/PXL_20220922_173510821.jpg,8,2,2,0,,0,2,0,0,0
G:\Thesis\MonkSkinTone_Dataset\Segmented_MSTE\subject_2/PXL_20220922_173509217.jpg,8,2,2,2,,2,0,1,1,1
G:\Thesis\MonkSkinTone_Dataset\Segmented_MSTE\subject_2/PXL_20220922_173507870.jpg,8,2,2,2,,2,0,1,1,1
G:\Thesis\MonkSkinTone_Dataset\Segmented_MSTE\subject_2/PXL_20220922_173505354.jpg,8,2,2,1,,1,1,0,1,0
G:\Thesis\MonkSkinTone_Dataset\Segmented_MSTE\subject_2/PXL_20220922_173503845.jpg,8,2,2,2,,2,0,1,1,1
G:\Thesis\MonkSkinTone_Dataset\Segmented_MSTE\subject_2/PXL_20220922_173502282.jpg,8,2,2,1,,1,1,0,1,0
G:\Thesis\MonkSkinTone_Dataset\Segmented_MSTE\subject_2/PXL_20220922_173500725.jpg,8,2,2,2,,2,0,1,1,1
G:\Thesis\MonkSkinTone_Dataset\Segmented_MSTE\subject_2/PXL_20220922_173459363.jpg,8,2,2,2,,2,0,1,1,1
G:\Thesis\MonkSkinTone_Dataset\Segmented_MSTE\subject_2/PXL_20220922_173456436.jpg,8,2,2,1,,1,1,0,1,0
G:\Thesis\MonkSkinTone_Dataset\Segmented_MSTE\subject_2/PXL_20220922_173454727.jpg,8,2,2,1,,1,1,0,1,0
G:\Thesis\MonkSkinTone_Dataset\Segmented_MSTE\subject_2/PXL_20220922_173452401.jpg,8,2,2,1,,1,1,0,1,0
G:\Thesis\MonkSkinTone_Dataset\Segmented_MSTE\subject_2/PXL_20220922_173450800.jpg,8,2,2,2,,2,0,1,1,1
G:\Thesis\MonkSkinTone_Dataset\Segmented_MSTE\subject_2/PXL_20220922_173448953.jpg,8,2,2,1,,1,1,0,1,0
G:\Thesis\MonkSkinTone_Dataset\Segmented_MSTE\subject_2/PXL_20220922_173421045.jpg,8,2,2,1,,1,1,0,1,0
G:\Thesis\MonkSkinTone_Dataset\Segmented_MSTE\subject_2/PXL_20220922_173418250.jpg,8,2,2,1,,1,1,0,1,0
G:\Thesis\MonkSkinTone_Dataset\Segmented_MSTE\subject_2/PXL_20220922_173415758.jpg,8,2,2,1,,1,1,0,1,0
G:\Thesis\MonkSkinTone_Dataset\Segmented_MSTE\subject_2/PXL_20220922_173413565.jpg,8,2,2,2,,2,0,1,1,1
G:\Thesis\MonkSkinTone_Dataset\Segmented_MSTE\subject_2/PXL_20220922_173411408.jpg,8,2,2,2,,2,0,1,1,1
G:\Thesis\MonkSkinTone_Dataset\Segmented_MSTE\subject_2/PXL_20220922_173405212.jpg,8,2,2,2,,2,0,1,1,1
G:\Thesis\MonkSkinTone_Dataset\Segmented_MSTE\subject_2/PXL_20220922_173401146.jpg,8,2,2,2,,2,0,1,1,1
G:\Thesis\MonkSkinTone_Dataset\Segmented_MSTE\subject_2/PXL_20220922_173357738.jpg,8,2,2,2,,2,0,1,1,1
G:\Thesis\MonkSkinTone_Dataset\Segmented_MSTE\subject_2/PXL_20220922_173353508.jpg,8,2,2,2,,2,0,1,1,1
G:\Thesis\MonkSkinTone_Dataset\Segmented_MSTE\subject_2/PXL_20220922_173350162.jpg,8,2,2,2,,2,0,1,1,1
G:\Thesis\MonkSkinTone_Dataset\Segmented_MSTE\subject_2/PXL_20220922_173337082.jpg,8,2,2,1,,1,1,0,1,0
G:\Thesis\MonkSkinTone_Dataset\Segmented_MSTE\subject_2/PXL_20220922_173332744.jpg,8,2,2,1,,1,1,0,1,0
G:\Thesis\MonkSkinTone_Dataset\Segmented_MSTE\subject_2/PXL_20220922_173327539.jpg,8,2,2,1,,1,1,0,1,0
G:\Thesis\MonkSkinTone_Dataset\Segmented_MSTE\subject_2/PXL_20220922_173323265.jpg,8,2,2,1,,1,1,0,1,0
G:\Thesis\MonkSkinTone_Dataset\Segmented_MSTE\subject_2/PXL_20220922_173319356.jpg,8,2,2,2,,2,0,1,1,1
G:\Thesis\MonkSkinTone_Dataset\Segmented_MSTE\subject_2/PXL_20220922_173313145.jpg,8,2,2,2,,2,0,1,1,1
G:\Thesis\MonkSkinTone_Dataset\Segmented_MSTE\subject_2/PXL_20220922_173309332.jpg,8,2,2,1,,1,1,0,1,0
G:\Thesis\MonkSkinTone_Dataset\Segmented_MSTE\subject_2/PXL_20220922_173304772.jpg,8,2,2,1,,1,1,0,1,0
G:\Thesis\MonkSkinTone_Dataset\Segmented_MSTE\subject_2/PXL_20220922_173301206.jpg,8,2,2,2,,2,0,1,1,1
G:\Thesis\MonkSkinTone_Dataset\Segmented_MSTE\subject_2/PXL_20220922_173251686.jpg,8,2,2,2,,2,0,1,1,1
G:\Thesis\MonkSkinTone_Dataset\Segmented_MSTE\subject_1/PXL_20220922_174606457.jpg,2,0,0,1,,1,1,0,1,0
G:\Thesis\MonkSkinTone_Dataset\Segmented_MSTE\subject_1/PXL_20220922_174552943.jpg,2,0,0,1,,1,1,0,1,0
G:\Thesis\MonkSkinTone_Dataset\Segmented_MSTE\subject_1/PXL_20220922_174551650.jpg,2,0,0,0,,0,0,1,1,1
G:\Thesis\MonkSkinTone_Dataset\Segmented_MSTE\subject_1/PXL_20220922_174550351.jpg,2,0,0,0,,0,0,1,1,1
G:\Thesis\MonkSkinTone_Dataset\Segmented_MSTE\subject_1/PXL_20220922_174547563.jpg,2,0,0,0,,0,0,1,1,1
G:\Thesis\MonkSkinTone_Dataset\Segmented_MSTE\subject_1/PXL_20220922_174540218.jpg,2,0,0,1,,1,1,0,1,0
G:\Thesis\MonkSkinTone_Dataset\Segmented_MSTE\subject_1/PXL_20220922_174538656.jpg,2,0,0,0,,0,0,1,1,1
G:\Thesis\MonkSkinTone_Dataset\Segmented_MSTE\subject_1/PXL_20220922_174537206.jpg,2,0,0,1,,1,1,0,1,0
G:\Thesis\MonkSkinTone_Dataset\Segmented_MSTE\subject_1/PXL_20220922_174535556.jpg,2,0,0,0,,0,0,1,1,1
G:\Thesis\MonkSkinTone_Dataset\Segmented_MSTE\subject_1/PXL_20220922_174523104.jpg,2,0,0,1,,1,1,0,1,0
G:\Thesis\MonkSkinTone_Dataset\Segmented_MSTE\subject_1/PXL_20220922_174521457.jpg,2,0,0,1,,1,1,0,1,0
G:\Thesis\MonkSkinTone_Dataset\Segmented_MSTE\subject_1/PXL_20220922_174519156.jpg,2,0,0,0,,0,0,1,1,1
G:\Thesis\MonkSkinTone_Dataset\Segmented_MSTE\subject_1/PXL_20220922_174517683.jpg,2,0,0,1,,1,1,0,1,0
G:\Thesis\MonkSkinTone_Dataset\Segmented_MSTE\subject_1/PXL_20220922_174516272.jpg,2,0,0,1,,1,1,0,1,0
G:\Thesis\MonkSkinTone_Dataset\Segmented_MSTE\subject_1/PXL_20220922_174445779.jpg,2,0,0,1,,1,1,0,1,0
G:\Thesis\MonkSkinTone_Dataset\Segmented_MSTE\subject_1/PXL_20220922_174444745.jpg,2,0,0,1,,1,1,0,1,0
G:\Thesis\MonkSkinTone_Dataset\Segmented_MSTE\subject_1/PXL_20220922_174443563.jpg,2,0,0,0,,0,0,1,1,1
G:\Thesis\MonkSkinTone_Dataset\Segmented_MSTE\subject_1/PXL_20220922_174442428.jpg,2,0,0,1,,1,1,0,1,0
G:\Thesis\MonkSkinTone_Dataset\Segmented_MSTE\subject_1/PXL_20220922_174440762.jpg,2,0,0,0,,0,0,1,1,1
G:\Thesis\MonkSkinTone_Dataset\Segmented_MSTE\subject_1/PXL_20220922_174437829.jpg,2,0,0,1,,1,1,0,1,0
G:\Thesis\MonkSkinTone_Dataset\Segmented_MSTE\subject_1/PXL_20220922_174436310.jpg,2,0,0,1,,1,1,0,1,0
G:\Thesis\MonkSkinTone_Dataset\Segmented_MSTE\subject_1/PXL_20220922_174435060.jpg,2,0,0,0,,0,0,1,1,1
G:\Thesis\MonkSkinTone_Dataset\Segmented_MSTE\subject_1/PXL_20220922_174431750.jpg,2,0,0,1,,1,1,0,1,0
G:\Thesis\MonkSkinTone_Dataset\Segmented_MSTE\subject_1/PXL_20220922_174406287.jpg,2,0,0,0,,0,0,1,1,1
G:\Thesis\MonkSkinTone_Dataset\Segmented_MSTE\subject_1/PXL_20220922_174404885.jpg,2,0,0,1,,1,1,0,1,0
G:\Thesis\MonkSkinTone_Dataset\Segmented_MSTE\subject_1/PXL_20220922_174400298.jpg,2,0,0,1,,1,1,0,1,0
G:\Thesis\MonkSkinTone_Dataset\Segmented_MSTE\subject_1/PXL_20220922_174358684.jpg,2,0,0,1,,1,1,0,1,0
G:\Thesis\MonkSkinTone_Dataset\Segmented_MSTE\subject_1/PXL_20220922_174231078.jpg,2,0,0,1,,1,1,0,1,0
G:\Thesis\MonkSkinTone_Dataset\Segmented_MSTE\subject_1/PXL_20220922_174227786.jpg,2,0,0,1,,1,1,0,1,0
G:\Thesis\MonkSkinTone_Dataset\Segmented_MSTE\subject_1/PXL_20220922_174225452.jpg,2,0,0,0,,0,0,1,1,1
G:\Thesis\MonkSkinTone_Dataset\Segmented_MSTE\subject_1/PXL_20220922_174223425.jpg,2,0,0,0,,0,0,1,1,1
G:\Thesis\MonkSkinTone_Dataset\Segmented_MSTE\subject_1/PXL_20220922_174221777.jpg,2,0,0,1,,1,1,0,1,0
G:\Thesis\MonkSkinTone_Dataset\Segmented_MSTE\subject_1/PXL_20220922_174152791.jpg,2,0,0,0,,0,0,1,1,1
G:\Thesis\MonkSkinTone_Dataset\Segmented_MSTE\subject_1/PXL_20220922_174151131.jpg,2,0,0,1,,1,1,0,1,0
G:\Thesis\MonkSkinTone_Dataset\Segmented_MSTE\subject_1/PXL_20220922_174144689.jpg,2,0,0,0,,0,0,1,1,1
G:\Thesis\MonkSkinTone_Dataset\Segmented_MSTE\subject_1/PXL_20220922_174131827.jpg,2,0,0,1,,1,1,0,1,0
G:\Thesis\MonkSkinTone_Dataset\Segmented_MSTE\subject_1/PXL_20220922_174128782.jpg,2,0,0,0,,0,0,1,1,1
G:\Thesis\MonkSkinTone_Dataset\Segmented_MSTE\subject_1/PXL_20220922_174126716.jpg,2,0,0,0,,0,0,1,1,1
G:\Thesis\MonkSkinTone_Dataset\Segmented_MSTE\subject_1/PXL_20220922_174124412.jpg,2,0,0,0,,0,0,1,1,1
G:\Thesis\MonkSkinTone_Dataset\Segmented_MSTE\subject_1/PXL_20220922_174122571.jpg,2,0,0,1,,1,1,0,1,0
G:\Thesis\MonkSkinTone_Dataset\Segmented_MSTE\subject_1/PXL_20220922_174114139.jpg,2,0,0,1,,1,1,0,1,0
G:\Thesis\MonkSkinTone_Dataset\Segmented_MSTE\subject_1/PXL_20220922_174111438.jpg,2,0,0,1,,1,1,0,1,0
G:\Thesis\MonkSkinTone_Dataset\Segmented_MSTE\subject_1/PXL_20220922_174108549.jpg,2,0,0,0,,0,0,1,1,1
G:\Thesis\MonkSkinTone_Dataset\Segmented_MSTE\subject_1/PXL_20220922_174105914.jpg,2,0,0,1,,1,1,0,1,0
G:\Thesis\MonkSkinTone_Dataset\Segmented_MSTE\subject_1/PXL_20220922_174104129.jpg,2,0,0,1,,1,1,0,1,0
G:\Thesis\MonkSkinTone_Dataset\Segmented_MSTE\subject_1/PXL_20220922_174035795.jpg,2,0,0,1,,1,1,0,1,0
G:\Thesis\MonkSkinTone_Dataset\Segmented_MSTE\subject_1/PXL_20220922_174034517.jpg,2,0,0,1,,1,1,0,1,0
G:\Thesis\MonkSkinTone_Dataset\Segmented_MSTE\subject_1/PXL_20220922_174033018.jpg,2,0,0,0,,0,0,1,1,1
G:\Thesis\MonkSkinTone_Dataset\Segmented_MSTE\subject_1/PXL_20220922_174031644.jpg,2,0,0,1,,1,1,0,1,0
G:\Thesis\MonkSkinTone_Dataset\Segmented_MSTE\subject_1/PXL_20220922_174030115.jpg,2,0,0,1,,1,1,0,1,0
G:\Thesis\MonkSkinTone_Dataset\Segmented_MSTE\subject_1/PXL_20220922_174018423.jpg,2,0,0,1,,1,1,0,1,0
G:\Thesis\MonkSkinTone_Dataset\Segmented_MSTE\subject_1/PXL_20220922_174017237.jpg,2,0,0,1,,1,1,0,1,0
G:\Thesis\MonkSkinTone_Dataset\Segmented_MSTE\subject_1/PXL_20220922_174015452.jpg,2,0,0,0,,0,0,1,1,1
G:\Thesis\MonkSkinTone_Dataset\Segmented_MSTE\subject_1/PXL_20220922_174011830.jpg,2,0,0,1,,1,1,0,1,0
G:\Thesis\MonkSkinTone_Dataset\Segmented_MSTE\subject_1/PXL_20220922_174009443.jpg,2,0,0,1,,1,1,0,1,0
G:\Thesis\MonkSkinTone_Dataset\Segmented_MSTE\subject_1/PXL_20220922_174007933.jpg,2,0,0,1,,1,1,0,1,0
G:\Thesis\MonkSkinTone_Dataset\Segmented_MSTE\subject_1/PXL_20220922_174005827.jpg,2,0,0,1,,1,1,0,1,0
G:\Thesis\MonkSkinTone_Dataset\Segmented_MSTE\subject_1/PXL_20220922_174003968.jpg,2,0,0,1,,1,1,0,1,0
G:\Thesis\MonkSkinTone_Dataset\Segmented_MSTE\subject_1/PXL_20220922_173952716.jpg,2,0,0,1,,1,1,0,1,0
G:\Thesis\MonkSkinTone_Dataset\Segmented_MSTE\subject_0/PXL_20220922_132845778.PORTRAIT.jpg,3,0,0,1,,1,1,0,1,0
G:\Thesis\MonkSkinTone_Dataset\Segmented_MSTE\subject_0/PXL_20220922_134350655.PORTRAIT.jpg,3,0,0,1,,1,1,0,1,0
G:\Thesis\MonkSkinTone_Dataset\Segmented_MSTE\subject_0/PXL_20220922_134348505.PORTRAIT.jpg,3,0,0,1,,1,1,0,1,0
G:\Thesis\MonkSkinTone_Dataset\Segmented_MSTE\subject_0/PXL_20220922_134346135.PORTRAIT.jpg,3,0,0,1,,1,1,0,1,0
G:\Thesis\MonkSkinTone_Dataset\Segmented_MSTE\subject_0/PXL_20220922_134344367.PORTRAIT.jpg,3,0,0,1,,1,1,0,1,0
G:\Thesis\MonkSkinTone_Dataset\Segmented_MSTE\subject_0/PXL_20220922_134342333.PORTRAIT.jpg,3,0,0,0,,0,0,1,1,1
G:\Thesis\MonkSkinTone_Dataset\Segmented_MSTE\subject_0/PXL_20220922_134339364.PORTRAIT.jpg,3,0,0,0,,0,0,1,1,1
G:\Thesis\MonkSkinTone_Dataset\Segmented_MSTE\subject_0/PXL_20220922_134210937.jpg,3,0,0,1,,1,1,0,1,0
G:\Thesis\MonkSkinTone_Dataset\Segmented_MSTE\subject_0/PXL_20220922_134209190.jpg,3,0,0,1,,1,1,0,1,0
G:\Thesis\MonkSkinTone_Dataset\Segmented_MSTE\subject_0/PXL_20220922_134207466.jpg,3,0,0,0,,0,0,1,1,1
G:\Thesis\MonkSkinTone_Dataset\Segmented_MSTE\subject_0/PXL_20220922_134205505.jpg,3,0,0,1,,1,1,0,1,0
G:\Thesis\MonkSkinTone_Dataset\Segmented_MSTE\subject_0/PXL_20220922_134203230.jpg,3,0,0,1,,1,1,0,1,0
G:\Thesis\MonkSkinTone_Dataset\Segmented_MSTE\subject_0/PXL_20220922_134141731.jpg,3,0,0,1,,1,1,0,1,0
G:\Thesis\MonkSkinTone_Dataset\Segmented_MSTE\subject_0/PXL_20220922_134139865.jpg,3,0,0,1,,1,1,0,1,0
G:\Thesis\MonkSkinTone_Dataset\Segmented_MSTE\subject_0/PXL_20220922_134137827.jpg,3,0,0,1,,1,1,0,1,0
G:\Thesis\MonkSkinTone_Dataset\Segmented_MSTE\subject_0/PXL_20220922_134135978.jpg,3,0,0,2,,2,2,0,0,0
G:\Thesis\MonkSkinTone_Dataset\Segmented_MSTE\subject_0/PXL_20220922_134134361.jpg,3,0,0,2,,2,2,0,0,0
G:\Thesis\MonkSkinTone_Dataset\Segmented_MSTE\subject_0/PXL_20220922_134128867.jpg,3,0,0,2,,2,2,0,0,0
G:\Thesis\MonkSkinTone_Dataset\Segmented_MSTE\subject_0/PXL_20220922_134127250.jpg,3,0,0,1,,1,1,0,1,0
G:\Thesis\MonkSkinTone_Dataset\Segmented_MSTE\subject_0/PXL_20220922_134124746.jpg,3,0,0,1,,1,1,0,1,0
G:\Thesis\MonkSkinTone_Dataset\Segmented_MSTE\subject_0/PXL_20220922_134122294.jpg,3,0,0,1,,1,1,0,1,0
G:\Thesis\MonkSkinTone_Dataset\Segmented_MSTE\subject_0/PXL_20220922_134119737.jpg,3,0,0,2,,2,2,0,0,0
G:\Thesis\MonkSkinTone_Dataset\Segmented_MSTE\subject_0/PXL_20220922_134115414.jpg,3,0,0,1,,1,1,0,1,0
G:\Thesis\MonkSkinTone_Dataset\Segmented_MSTE\subject_0/PXL_20220922_134034735.jpg,3,0,0,1,,1,1,0,1,0
G:\Thesis\MonkSkinTone_Dataset\Segmented_MSTE\subject_0/PXL_20220922_134031823.jpg,3,0,0,1,,1,1,0,1,0
G:\Thesis\MonkSkinTone_Dataset\Segmented_MSTE\subject_0/PXL_20220922_134028534.jpg,3,0,0,1,,1,1,0,1,0
G:\Thesis\MonkSkinTone_Dataset\Segmented_MSTE\subject_0/PXL_20220922_134026053.jpg,3,0,0,1,,1,1,0,1,0
G:\Thesis\MonkSkinTone_Dataset\Segmented_MSTE\subject_0/PXL_20220922_134022988.jpg,3,0,0,1,,1,1,0,1,0
G:\Thesis\MonkSkinTone_Dataset\Segmented_MSTE\subject_0/PXL_20220922_134006137.jpg,3,0,0,1,,1,1,0,1,0
G:\Thesis\MonkSkinTone_Dataset\Segmented_MSTE\subject_0/PXL_20220922_133026236.PORTRAIT.jpg,3,0,0,1,,1,1,0,1,0
G:\Thesis\MonkSkinTone_Dataset\Segmented_MSTE\subject_0/PXL_20220922_133020422.PORTRAIT.jpg,3,0,0,1,,1,1,0,1,0
G:\Thesis\MonkSkinTone_Dataset\Segmented_MSTE\subject_0/PXL_20220922_133015215.PORTRAIT.jpg,3,0,0,0,,0,0,1,1,1
G:\Thesis\MonkSkinTone_Dataset\Segmented_MSTE\subject_0/PXL_20220922_133010927.PORTRAIT.jpg,3,0,0,1,,1,1,0,1,0
G:\Thesis\MonkSkinTone_Dataset\Segmented_MSTE\subject_0/PXL_20220922_132959831.PORTRAIT.jpg,3,0,0,1,,1,1,0,1,0
G:\Thesis\MonkSkinTone_Dataset\Segmented_MSTE\subject_0/PXL_20220922_132914899.PORTRAIT.jpg,3,0,0,1,,1,1,0,1,0
G:\Thesis\MonkSkinTone_Dataset\Segmented_MSTE\subject_0/PXL_20220922_132911049.PORTRAIT.jpg,3,0,0,1,,1,1,0,1,0
G:\Thesis\MonkSkinTone_Dataset\Segmented_MSTE\subject_0/PXL_20220922_132903030.PORTRAIT.jpg,3,0,0,1,,1,1,0,1,0
G:\Thesis\MonkSkinTone_Dataset\Segmented_MSTE\subject_0/PXL_20220922_132858876.PORTRAIT.jpg,3,0,0,0,,0,0,1,1,1
