image_path,true_label,true_mst,true_class,true_bin,pred_scalar,pred_mst_rounded,pred_label,pred_mst,pred_class,pred_bin,abs_error,match_exact,match_pm1,match_bin
G:\Thesis\MonkSkinTone_Dataset\Segmented_MSTE\subject_18/PXL_20220922_183640936.PORTRAIT.jpg,1,1,0,0,0.212336927652359,3,3,3,2,0,2,0,0,1
G:\Thesis\MonkSkinTone_Dataset\Segmented_MSTE\subject_18/PXL_20220922_183639710.PORTRAIT.jpg,1,1,0,0,0.5613359808921814,6,6,6,5,1,5,0,0,0
G:\Thesis\MonkSkinTone_Dataset\Segmented_MSTE\subject_18/PXL_20220922_183638393.PORTRAIT.jpg,1,1,0,0,0.12229807674884796,2,2,2,1,0,1,0,1,1
G:\Thesis\MonkSkinTone_Dataset\Segmented_MSTE\subject_18/PXL_20220922_183636542.PORTRAIT.jpg,1,1,0,0,0.1693652868270874,3,3,3,2,0,2,0,0,1
G:\Thesis\MonkSkinTone_Dataset\Segmented_MSTE\subject_18/PXL_20220922_183634690.PORTRAIT.jpg,1,1,0,0,0.08272011578083038,2,2,2,1,0,1,0,1,1
G:\Thesis\MonkSkinTone_Dataset\Segmented_MSTE\subject_18/PXL_20220922_183627117.PORTRAIT.jpg,1,1,0,0,0.12432117015123367,2,2,2,1,0,1,0,1,1
G:\Thesis\MonkSkinTone_Dataset\Segmented_MSTE\subject_18/PXL_20220922_183621991.PORTRAIT.jpg,1,1,0,0,0.1951063573360443,3,3,3,2,0,2,0,0,1
G:\Thesis\MonkSkinTone_Dataset\Segmented_MSTE\subject_18/PXL_20220922_183620053.PORTRAIT.jpg,1,1,0,0,0.09036505222320557,2,2,2,1,0,1,0,1,1
G:\Thesis\MonkSkinTone_Dataset\Segmented_MSTE\subject_18/PXL_20220922_183617300.PORTRAIT.jpg,1,1,0,0,0.12613436579704285,2,2,2,1,0,1,0,1,1
G:\Thesis\MonkSkinTone_Dataset\Segmented_MSTE\subject_18/PXL_20220922_183616200.PORTRAIT.jpg,1,1,0,0,0.3406297564506531,4,4,4,3,1,3,0,0,0
G:\Thesis\MonkSkinTone_Dataset\Segmented_MSTE\subject_18/PXL_20220922_183614881.PORTRAIT.jpg,1,1,0,0,0.17766022682189941,3,3,3,2,0,2,0,0,1
G:\Thesis\MonkSkinTone_Dataset\Segmented_MSTE\subject_18/PXL_20220922_183613264.PORTRAIT.jpg,1,1,0,0,0.30965593457221985,4,4,4,3,1,3,0,0,0
G:\Thesis\MonkSkinTone_Dataset\Segmented_MSTE\subject_18/PXL_20220922_183609632.PORTRAIT.jpg,1,1,0,0,0.1399981528520584,2,2,2,1,0,1,0,1,1
G:\Thesis\MonkSkinTone_Dataset\Segmented_MSTE\subject_18/PXL_20220922_183530266.jpg,1,1,0,0,0.13361124694347382,2,2,2,1,0,1,0,1,1
G:\Thesis\MonkSkinTone_Dataset\Segmented_MSTE\subject_18/PXL_20220922_183523486.jpg,1,1,0,0,0.2749563753604889,3,3,3,2,0,2,0,0,1
G:\Thesis\MonkSkinTone_Dataset\Segmented_MSTE\subject_18/PXL_20220922_183521096.jpg,1,1,0,0,0.17762383818626404,3,3,3,2,0,2,0,0,1
G:\Thesis\MonkSkinTone_Dataset\Segmented_MSTE\subject_18/PXL_20220922_183519975.jpg,1,1,0,0,0.3421139419078827,4,4,4,3,1,3,0,0,0
G:\Thesis\MonkSkinTone_Dataset\Segmented_MSTE\subject_18/PXL_20220922_183518814.jpg,1,1,0,0,0.1939426064491272,3,3,3,2,0,2,0,0,1
G:\Thesis\MonkSkinTone_Dataset\Segmented_MSTE\subject_18/PXL_20220922_183517768.jpg,1,1,0,0,0.21721315383911133,3,3,3,2,0,2,0,0,1
G:\Thesis\MonkSkinTone_Dataset\Segmented_MSTE\subject_18/PXL_20220922_183511299.jpg,1,1,0,0,0.21017269790172577,3,3,3,2,0,2,0,0,1
G:\Thesis\MonkSkinTone_Dataset\Segmented_MSTE\subject_18/PXL_20220922_183508755.jpg,1,1,0,0,0.14435389637947083,2,2,2,1,0,1,0,1,1
G:\Thesis\MonkSkinTone_Dataset\Segmented_MSTE\subject_18/PXL_20220922_183507645.jpg,1,1,0,0,0.3308679163455963,4,4,4,3,1,3,0,0,0
G:\Thesis\MonkSkinTone_Dataset\Segmented_MSTE\subject_18/PXL_20220922_183506625.jpg,1,1,0,0,0.24973426759243011,3,3,3,2,0,2,0,0,1
G:\Thesis\MonkSkinTone_Dataset\Segmented_MSTE\subject_18/PXL_20220922_183500918.jpg,1,1,0,0,0.19287844002246857,3,3,3,2,0,2,0,0,1
G:\Thesis\MonkSkinTone_Dataset\Segmented_MSTE\subject_18/PXL_20220922_183458519.jpg,1,1,0,0,0.15848927199840546,2,2,2,1,0,1,0,1,1
G:\Thesis\MonkSkinTone_Dataset\Segmented_MSTE\subject_18/PXL_20220922_183457367.jpg,1,1,0,0,0.19624552130699158,3,3,3,2,0,2,0,0,1
G:\Thesis\MonkSkinTone_Dataset\Segmented_MSTE\subject_18/PXL_20220922_183456183.jpg,1,1,0,0,0.13649868965148926,2,2,2,1,0,1,0,1,1
G:\Thesis\MonkSkinTone_Dataset\Segmented_MSTE\subject_18/PXL_20220922_183453555.jpg,1,1,0,0,0.29475829005241394,4,4,4,3,1,3,0,0,0
G:\Thesis\MonkSkinTone_Dataset\Segmented_MSTE\subject_18/PXL_20220922_183450974.jpg,1,1,0,0,0.3249383568763733,4,4,4,3,1,3,0,0,0
G:\Thesis\MonkSkinTone_Dataset\Segmented_MSTE\subject_18/PXL_20220922_183449581.jpg,1,1,0,0,0.39258939027786255,5,5,5,4,1,4,0,0,0
G:\Thesis\MonkSkinTone_Dataset\Segmented_MSTE\subject_18/PXL_20220922_183448133.jpg,1,1,0,0,0.10919978469610214,2,2,2,1,0,1,0,1,1
G:\Thesis\MonkSkinTone_Dataset\Segmented_MSTE\subject_18/PXL_20220922_183322816.jpg,1,1,0,0,0.2561984062194824,3,3,3,2,0,2,0,0,1
G:\Thesis\MonkSkinTone_Dataset\Segmented_MSTE\subject_18/PXL_20220922_183321028.jpg,1,1,0,0,0.5291107296943665,6,6,6,5,1,5,0,0,0
G:\Thesis\MonkSkinTone_Dataset\Segmented_MSTE\subject_18/PXL_20220922_183319912.jpg,1,1,0,0,0.11131550371646881,2,2,2,1,0,1,0,1,1
G:\Thesis\MonkSkinTone_Dataset\Segmented_MSTE\subject_18/PXL_20220922_183318443.jpg,1,1,0,0,0.17333216965198517,3,3,3,2,0,2,0,0,1
G:\Thesis\MonkSkinTone_Dataset\Segmented_MSTE\subject_18/PXL_20220922_183317218.jpg,1,1,0,0,0.15723136067390442,2,2,2,1,0,1,0,1,1
G:\Thesis\MonkSkinTone_Dataset\Segmented_MSTE\subject_18/PXL_20220922_183315539.jpg,1,1,0,0,0.1223585456609726,2,2,2,1,0,1,0,1,1
G:\Thesis\MonkSkinTone_Dataset\Segmented_MSTE\subject_18/PXL_20220922_183305849.jpg,1,1,0,0,0.668610155582428,7,7,7,6,1,6,0,0,0
G:\Thesis\MonkSkinTone_Dataset\Segmented_MSTE\subject_18/PXL_20220922_183304378.jpg,1,1,0,0,0.1321060210466385,2,2,2,1,0,1,0,1,1
G:\Thesis\MonkSkinTone_Dataset\Segmented_MSTE\subject_18/PXL_20220922_183302961.jpg,1,1,0,0,0.147260382771492,2,2,2,1,0,1,0,1,1
G:\Thesis\MonkSkinTone_Dataset\Segmented_MSTE\subject_18/PXL_20220922_183301497.jpg,1,1,0,0,0.06012601777911186,2,2,2,1,0,1,0,1,1
G:\Thesis\MonkSkinTone_Dataset\Segmented_MSTE\subject_18/PXL_20220922_183142438.jpg ,1,1,0,0,0.3516138195991516,4,4,4,3,1,3,0,0,0
G:\Thesis\MonkSkinTone_Dataset\Segmented_MSTE\subject_18/PXL_20220922_183140964.jpg,1,1,0,0,0.2126569300889969,3,3,3,2,0,2,0,0,1
G:\Thesis\MonkSkinTone_Dataset\Segmented_MSTE\subject_18/PXL_20220922_183139502.jpg,1,1,0,0,0.13403257727622986,2,2,2,1,0,1,0,1,1
G:\Thesis\MonkSkinTone_Dataset\Segmented_MSTE\subject_18/PXL_20220922_183138108.jpg,1,1,0,0,0.1668059527873993,3,3,3,2,0,2,0,0,1
G:\Thesis\MonkSkinTone_Dataset\Segmented_MSTE\subject_18/PXL_20220922_183136584.jpg,1,1,0,0,0.08683273941278458,2,2,2,1,0,1,0,1,1
G:\Thesis\MonkSkinTone_Dataset\Segmented_MSTE\subject_18/PXL_20220922_183130795.jpg,1,1,0,0,0.35023272037506104,4,4,4,3,1,3,0,0,0
G:\Thesis\MonkSkinTone_Dataset\Segmented_MSTE\subject_18/PXL_20220922_183129130.jpg,1,1,0,0,0.3676404356956482,4,4,4,3,1,3,0,0,0
G:\Thesis\MonkSkinTone_Dataset\Segmented_MSTE\subject_18/PXL_20220922_183127653.jpg,1,1,0,0,0.04544832557439804,1,1,1,0,0,0,1,1,1
G:\Thesis\MonkSkinTone_Dataset\Segmented_MSTE\subject_18/PXL_20220922_183126312.jpg,1,1,0,0,0.0727880597114563,2,2,2,1,0,1,0,1,1
G:\Thesis\MonkSkinTone_Dataset\Segmented_MSTE\subject_18/PXL_20220922_183125041.jpg,1,1,0,0,0.13813979923725128,2,2,2,1,0,1,0,1,1
G:\Thesis\MonkSkinTone_Dataset\Segmented_MSTE\subject_18/PXL_20220922_183059733.jpg,1,1,0,0,0.25493255257606506,3,3,3,2,0,2,0,0,1
G:\Thesis\MonkSkinTone_Dataset\Segmented_MSTE\subject_18/PXL_20220922_183057897.jpg,1,1,0,0,0.3966614902019501,5,5,5,4,1,4,0,0,0
G:\Thesis\MonkSkinTone_Dataset\Segmented_MSTE\subject_18/PXL_20220922_183056227.jpg,1,1,0,0,0.2504817843437195,3,3,3,2,0,2,0,0,1
G:\Thesis\MonkSkinTone_Dataset\Segmented_MSTE\subject_18/PXL_20220922_183054615.jpg,1,1,0,0,0.2912823259830475,4,4,4,3,1,3,0,0,0
G:\Thesis\MonkSkinTone_Dataset\Segmented_MSTE\subject_18/PXL_20220922_183052857.jpg,1,1,0,0,0.13758228719234467,2,2,2,1,0,1,0,1,1
G:\Thesis\MonkSkinTone_Dataset\Segmented_MSTE\subject_18/PXL_20220922_183050690.jpg,1,1,0,0,0.2240956425666809,3,3,3,2,0,2,0,0,1
G:\Thesis\MonkSkinTone_Dataset\Segmented_MSTE\subject_18/PXL_20220922_183047955.jpg,1,1,0,0,0.3555774986743927,4,4,4,3,1,3,0,0,0
G:\Thesis\MonkSkinTone_Dataset\Segmented_MSTE\subject_18/PXL_20220922_183046058.jpg,1,1,0,0,0.20888987183570862,3,3,3,2,0,2,0,0,1
G:\Thesis\MonkSkinTone_Dataset\Segmented_MSTE\subject_18/PXL_20220922_183044451.jpg,1,1,0,0,0.2632047235965729,3,3,3,2,0,2,0,0,1
G:\Thesis\MonkSkinTone_Dataset\Segmented_MSTE\subject_18/PXL_20220922_183041910.jpg,1,1,0,0,0.14620232582092285,2,2,2,1,0,1,0,1,1
G:\Thesis\MonkSkinTone_Dataset\Segmented_MSTE\subject_18/PXL_20220922_182846104.jpg,1,1,0,0,0.631801962852478,7,7,7,6,1,6,0,0,0
G:\Thesis\MonkSkinTone_Dataset\Segmented_MSTE\subject_18/PXL_20220922_182843801.jpg,1,1,0,0,0.6778273582458496,7,7,7,6,1,6,0,0,0
G:\Thesis\MonkSkinTone_Dataset\Segmented_MSTE\subject_18/PXL_20220922_182838794.jpg,1,1,0,0,0.6492888331413269,7,7,7,6,1,6,0,0,0
G:\Thesis\MonkSkinTone_Dataset\Segmented_MSTE\subject_18/PXL_20220922_182836446.jpg,1,1,0,0,0.672777533531189,7,7,7,6,1,6,0,0,0
G:\Thesis\MonkSkinTone_Dataset\Segmented_MSTE\subject_18/PXL_20220922_182827542.jpg,1,1,0,0,0.6665943264961243,7,7,7,6,1,6,0,0,0
G:\Thesis\MonkSkinTone_Dataset\Segmented_MSTE\subject_18/PXL_20220922_182823421.jpg,1,1,0,0,0.47547027468681335,5,5,5,4,1,4,0,0,0
G:\Thesis\MonkSkinTone_Dataset\Segmented_MSTE\subject_18/PXL_20220922_182821960.jpg,1,1,0,0,0.4295034110546112,5,5,5,4,1,4,0,0,0
G:\Thesis\MonkSkinTone_Dataset\Segmented_MSTE\subject_18/PXL_20220922_182820039.jpg,1,1,0,0,0.6230039000511169,7,7,7,6,1,6,0,0,0
G:\Thesis\MonkSkinTone_Dataset\Segmented_MSTE\subject_18/PXL_20220922_182818299.jpg,1,1,0,0,0.6544685959815979,7,7,7,6,1,6,0,0,0
G:\Thesis\MonkSkinTone_Dataset\Segmented_MSTE\subject_18/PXL_20220922_182816244.jpg,1,1,0,0,0.6582280993461609,7,7,7,6,1,6,0,0,0
G:\Thesis\MonkSkinTone_Dataset\Segmented_MSTE\subject_18/PXL_20220922_182730001.jpg,1,1,0,0,0.14308831095695496,2,2,2,1,0,1,0,1,1
G:\Thesis\MonkSkinTone_Dataset\Segmented_MSTE\subject_18/PXL_20220922_182727968.jpg,1,1,0,0,0.23759107291698456,3,3,3,2,0,2,0,0,1
G:\Thesis\MonkSkinTone_Dataset\Segmented_MSTE\subject_18/PXL_20220922_182726348.jpg,1,1,0,0,0.16676580905914307,3,3,3,2,0,2,0,0,1
G:\Thesis\MonkSkinTone_Dataset\Segmented_MSTE\subject_18/PXL_20220922_182724563.jpg,1,1,0,0,0.1489313393831253,2,2,2,1,0,1,0,1,1
G:\Thesis\MonkSkinTone_Dataset\Segmented_MSTE\subject_18/PXL_20220922_182722342.jpg,1,1,0,0,0.2300691157579422,3,3,3,2,0,2,0,0,1
G:\Thesis\MonkSkinTone_Dataset\Segmented_MSTE\subject_18/PXL_20220922_182713149.jpg,1,1,0,0,0.47510501742362976,5,5,5,4,1,4,0,0,0
G:\Thesis\MonkSkinTone_Dataset\Segmented_MSTE\subject_18/PXL_20220922_182711815.jpg,1,1,0,0,0.16797757148742676,3,3,3,2,0,2,0,0,1
G:\Thesis\MonkSkinTone_Dataset\Segmented_MSTE\subject_18/PXL_20220922_182710449.jpg,1,1,0,0,0.33834463357925415,4,4,4,3,1,3,0,0,0
G:\Thesis\MonkSkinTone_Dataset\Segmented_MSTE\subject_18/PXL_20220922_182708946.jpg,1,1,0,0,0.1822957992553711,3,3,3,2,0,2,0,0,1
G:\Thesis\MonkSkinTone_Dataset\Segmented_MSTE\subject_18/PXL_20220922_182706230.jpg,1,1,0,0,0.2575612962245941,3,3,3,2,0,2,0,0,1
G:\Thesis\MonkSkinTone_Dataset\Segmented_MSTE\subject_18/PXL_20220922_182653661.jpg,1,1,0,0,0.15409839153289795,2,2,2,1,0,1,0,1,1
G:\Thesis\MonkSkinTone_Dataset\Segmented_MSTE\subject_18/PXL_20220922_182652060.jpg,1,1,0,0,0.13600589334964752,2,2,2,1,0,1,0,1,1
G:\Thesis\MonkSkinTone_Dataset\Segmented_MSTE\subject_18/PXL_20220922_182650673.jpg,1,1,0,0,0.20794306695461273,3,3,3,2,0,2,0,0,1
G:\Thesis\MonkSkinTone_Dataset\Segmented_MSTE\subject_18/PXL_20220922_182649088.jpg,1,1,0,0,0.16946612298488617,3,3,3,2,0,2,0,0,1
G:\Thesis\MonkSkinTone_Dataset\Segmented_MSTE\subject_18/PXL_20220922_182647374.jpg,1,1,0,0,0.23091481626033783,3,3,3,2,0,2,0,0,1
G:\Thesis\MonkSkinTone_Dataset\Segmented_MSTE\subject_18/PXL_20220922_182645489.jpg,1,1,0,0,0.18077917397022247,3,3,3,2,0,2,0,0,1
G:\Thesis\MonkSkinTone_Dataset\Segmented_MSTE\subject_18/PXL_20220922_182642800.jpg,1,1,0,0,0.14606355130672455,2,2,2,1,0,1,0,1,1
G:\Thesis\MonkSkinTone_Dataset\Segmented_MSTE\subject_18/PXL_20220922_182641003.jpg,1,1,0,0,0.08642281591892242,2,2,2,1,0,1,0,1,1
G:\Thesis\MonkSkinTone_Dataset\Segmented_MSTE\subject_18/PXL_20220922_182639058.jpg,1,1,0,0,0.3106485605239868,4,4,4,3,1,3,0,0,0
G:\Thesis\MonkSkinTone_Dataset\Segmented_MSTE\subject_18/PXL_20220922_182636989.jpg,1,1,0,0,0.08966942131519318,2,2,2,1,0,1,0,1,1
G:\Thesis\MonkSkinTone_Dataset\Segmented_MSTE\subject_18/PXL_20220922_182633863.jpg,1,1,0,0,0.3087426722049713,4,4,4,3,1,3,0,0,0
G:\Thesis\MonkSkinTone_Dataset\Segmented_MSTE\subject_17/PXL_20220922_185827818.jpg,8,8,7,2,0.3701436519622803,4,4,4,3,1,4,0,0,0
G:\Thesis\MonkSkinTone_Dataset\Segmented_MSTE\subject_17/PXL_20220922_185825103.jpg,8,8,7,2,0.8705877065658569,9,9,9,8,2,1,0,1,1
G:\Thesis\MonkSkinTone_Dataset\Segmented_MSTE\subject_17/PXL_20220922_185814512.jpg,8,8,7,2,0.840021550655365,9,9,9,8,2,1,0,1,1
G:\Thesis\MonkSkinTone_Dataset\Segmented_MSTE\subject_17/PXL_20220922_185812471.jpg,8,8,7,2,0.6804780960083008,7,7,7,6,1,1,0,1,0
G:\Thesis\MonkSkinTone_Dataset\Segmented_MSTE\subject_17/PXL_20220922_185804157.jpg,8,8,7,2,0.8055115938186646,8,8,8,7,2,0,1,1,1
G:\Thesis\MonkSkinTone_Dataset\Segmented_MSTE\subject_17/PXL_20220922_185800557.jpg,8,8,7,2,0.4473269283771515,5,5,5,4,1,3,0,0,0
G:\Thesis\MonkSkinTone_Dataset\Segmented_MSTE\subject_17/PXL_20220922_185757301.jpg,8,8,7,2,0.6617300510406494,7,7,7,6,1,1,0,1,0
G:\Thesis\MonkSkinTone_Dataset\Segmented_MSTE\subject_17/PXL_20220922_185754281.jpg,8,8,7,2,0.8529724478721619,9,9,9,8,2,1,0,1,1
G:\Thesis\MonkSkinTone_Dataset\Segmented_MSTE\subject_17/PXL_20220922_185705214.jpg,8,8,7,2,0.7365341186523438,8,8,8,7,2,0,1,1,1
G:\Thesis\MonkSkinTone_Dataset\Segmented_MSTE\subject_17/PXL_20220922_185703775.jpg,8,8,7,2,0.7765948176383972,8,8,8,7,2,0,1,1,1
G:\Thesis\MonkSkinTone_Dataset\Segmented_MSTE\subject_17/PXL_20220922_185702103.jpg,8,8,7,2,0.7989693880081177,8,8,8,7,2,0,1,1,1
G:\Thesis\MonkSkinTone_Dataset\Segmented_MSTE\subject_17/PXL_20220922_185700581.jpg,8,8,7,2,0.7084453701972961,7,7,7,6,1,1,0,1,0
G:\Thesis\MonkSkinTone_Dataset\Segmented_MSTE\subject_17/PXL_20220922_185659098.jpg,8,8,7,2,0.8340258598327637,9,9,9,8,2,1,0,1,1
G:\Thesis\MonkSkinTone_Dataset\Segmented_MSTE\subject_17/PXL_20220922_185657391.jpg,8,8,7,2,0.7034823894500732,7,7,7,6,1,1,0,1,0
G:\Thesis\MonkSkinTone_Dataset\Segmented_MSTE\subject_17/PXL_20220922_185655701.jpg,8,8,7,2,0.7651726007461548,8,8,8,7,2,0,1,1,1
G:\Thesis\MonkSkinTone_Dataset\Segmented_MSTE\subject_17/PXL_20220922_185654282.jpg,8,8,7,2,0.7351756691932678,8,8,8,7,2,0,1,1,1
G:\Thesis\MonkSkinTone_Dataset\Segmented_MSTE\subject_17/PXL_20220922_185652542.jpg,8,8,7,2,0.7472295761108398,8,8,8,7,2,0,1,1,1
G:\Thesis\MonkSkinTone_Dataset\Segmented_MSTE\subject_17/PXL_20220922_185651168.jpg,8,8,7,2,0.7352918386459351,8,8,8,7,2,0,1,1,1
G:\Thesis\MonkSkinTone_Dataset\Segmented_MSTE\subject_17/PXL_20220922_185514681.jpg,8,8,7,2,0.7189370393753052,7,7,7,6,1,1,0,1,0
G:\Thesis\MonkSkinTone_Dataset\Segmented_MSTE\subject_17/PXL_20220922_185512817.jpg,8,8,7,2,0.8793204426765442,9,9,9,8,2,1,0,1,1
G:\Thesis\MonkSkinTone_Dataset\Segmented_MSTE\subject_17/PXL_20220922_185510279.jpg,8,8,7,2,0.7905166149139404,8,8,8,7,2,0,1,1,1
G:\Thesis\MonkSkinTone_Dataset\Segmented_MSTE\subject_17/PXL_20220922_185507420.jpg,8,8,7,2,0.6522042751312256,7,7,7,6,1,1,0,1,0
G:\Thesis\MonkSkinTone_Dataset\Segmented_MSTE\subject_17/PXL_20220922_185505997.jpg,8,8,7,2,0.7554136514663696,8,8,8,7,2,0,1,1,1
G:\Thesis\MonkSkinTone_Dataset\Segmented_MSTE\subject_17/PXL_20220922_185504598.jpg,8,8,7,2,0.755870521068573,8,8,8,7,2,0,1,1,1
G:\Thesis\MonkSkinTone_Dataset\Segmented_MSTE\subject_17/PXL_20220922_185456930.jpg,8,8,7,2,0.5704622864723206,6,6,6,5,1,2,0,0,0
G:\Thesis\MonkSkinTone_Dataset\Segmented_MSTE\subject_17/PXL_20220922_185442196.jpg,8,8,7,2,0.8623964786529541,9,9,9,8,2,1,0,1,1
G:\Thesis\MonkSkinTone_Dataset\Segmented_MSTE\subject_17/PXL_20220922_185440334.jpg,8,8,7,2,0.7730284333229065,8,8,8,7,2,0,1,1,1
G:\Thesis\MonkSkinTone_Dataset\Segmented_MSTE\subject_17/PXL_20220922_185419849.PORTRAIT.jpg,8,8,7,2,0.8687976598739624,9,9,9,8,2,1,0,1,1
G:\Thesis\MonkSkinTone_Dataset\Segmented_MSTE\subject_17/PXL_20220922_185418367.PORTRAIT.jpg,8,8,7,2,0.846356213092804,9,9,9,8,2,1,0,1,1
G:\Thesis\MonkSkinTone_Dataset\Segmented_MSTE\subject_17/PXL_20220922_185416595.PORTRAIT.jpg,8,8,7,2,0.7803289294242859,8,8,8,7,2,0,1,1,1
G:\Thesis\MonkSkinTone_Dataset\Segmented_MSTE\subject_17/PXL_20220922_185415142.PORTRAIT.jpg,8,8,7,2,0.8550397157669067,9,9,9,8,2,1,0,1,1
G:\Thesis\MonkSkinTone_Dataset\Segmented_MSTE\subject_17/PXL_20220922_185410258.PORTRAIT.jpg,8,8,7,2,0.8551406860351562,9,9,9,8,2,1,0,1,1
G:\Thesis\MonkSkinTone_Dataset\Segmented_MSTE\subject_17/PXL_20220922_185404798.PORTRAIT.jpg,8,8,7,2,0.8529444336891174,9,9,9,8,2,1,0,1,1
G:\Thesis\MonkSkinTone_Dataset\Segmented_MSTE\subject_17/PXL_20220922_185403014.PORTRAIT.jpg,8,8,7,2,0.823444128036499,8,8,8,7,2,0,1,1,1
G:\Thesis\MonkSkinTone_Dataset\Segmented_MSTE\subject_17/PXL_20220922_185401468.PORTRAIT.jpg,8,8,7,2,0.7915990352630615,8,8,8,7,2,0,1,1,1
G:\Thesis\MonkSkinTone_Dataset\Segmented_MSTE\subject_17/PXL_20220922_185359690.PORTRAIT.jpg,8,8,7,2,0.8661277294158936,9,9,9,8,2,1,0,1,1
G:\Thesis\MonkSkinTone_Dataset\Segmented_MSTE\subject_17/PXL_20220922_185358150.PORTRAIT.jpg,8,8,7,2,0.8594712018966675,9,9,9,8,2,1,0,1,1
G:\Thesis\MonkSkinTone_Dataset\Segmented_MSTE\subject_17/PXL_20220922_185316365.PORTRAIT.jpg,8,8,7,2,0.784096360206604,8,8,8,7,2,0,1,1,1
G:\Thesis\MonkSkinTone_Dataset\Segmented_MSTE\subject_17/PXL_20220922_185314924.PORTRAIT.jpg,8,8,7,2,0.7368156909942627,8,8,8,7,2,0,1,1,1
G:\Thesis\MonkSkinTone_Dataset\Segmented_MSTE\subject_17/PXL_20220922_185313189.PORTRAIT.jpg,8,8,7,2,0.7796928882598877,8,8,8,7,2,0,1,1,1
G:\Thesis\MonkSkinTone_Dataset\Segmented_MSTE\subject_17/PXL_20220922_185311564.PORTRAIT.jpg,8,8,7,2,0.7846623063087463,8,8,8,7,2,0,1,1,1
G:\Thesis\MonkSkinTone_Dataset\Segmented_MSTE\subject_17/PXL_20220922_185309607.PORTRAIT.jpg,8,8,7,2,0.7659820318222046,8,8,8,7,2,0,1,1,1
G:\Thesis\MonkSkinTone_Dataset\Segmented_MSTE\subject_17/PXL_20220922_185248297.jpg,8,8,7,2,0.827449381351471,8,8,8,7,2,0,1,1,1
G:\Thesis\MonkSkinTone_Dataset\Segmented_MSTE\subject_17/PXL_20220922_185246916.jpg,8,8,7,2,0.8014247417449951,8,8,8,7,2,0,1,1,1
G:\Thesis\MonkSkinTone_Dataset\Segmented_MSTE\subject_17/PXL_20220922_185245527.jpg,8,8,7,2,0.7513247132301331,8,8,8,7,2,0,1,1,1
G:\Thesis\MonkSkinTone_Dataset\Segmented_MSTE\subject_17/PXL_20220922_185244102.jpg,8,8,7,2,0.7950814962387085,8,8,8,7,2,0,1,1,1
G:\Thesis\MonkSkinTone_Dataset\Segmented_MSTE\subject_17/PXL_20220922_185242494.jpg,8,8,7,2,0.850226640701294,9,9,9,8,2,1,0,1,1
G:\Thesis\MonkSkinTone_Dataset\Segmented_MSTE\subject_17/PXL_20220922_185224507.jpg,8,8,7,2,0.8076502084732056,8,8,8,7,2,0,1,1,1
G:\Thesis\MonkSkinTone_Dataset\Segmented_MSTE\subject_17/PXL_20220922_185206022.jpg,8,8,7,2,0.8207829594612122,8,8,8,7,2,0,1,1,1
G:\Thesis\MonkSkinTone_Dataset\Segmented_MSTE\subject_17/PXL_20220922_185204671.jpg,8,8,7,2,0.7920855283737183,8,8,8,7,2,0,1,1,1
G:\Thesis\MonkSkinTone_Dataset\Segmented_MSTE\subject_17/PXL_20220922_185202869.jpg,8,8,7,2,0.7661647200584412,8,8,8,7,2,0,1,1,1
G:\Thesis\MonkSkinTone_Dataset\Segmented_MSTE\subject_17/PXL_20220922_185201154.jpg,8,8,7,2,0.8004829287528992,8,8,8,7,2,0,1,1,1
G:\Thesis\MonkSkinTone_Dataset\Segmented_MSTE\subject_17/PXL_20220922_185158900.jpg,8,8,7,2,0.7786258459091187,8,8,8,7,2,0,1,1,1
G:\Thesis\MonkSkinTone_Dataset\Segmented_MSTE\subject_17/PXL_20220922_185144400.jpg,8,8,7,2,0.7531999945640564,8,8,8,7,2,0,1,1,1
G:\Thesis\MonkSkinTone_Dataset\Segmented_MSTE\subject_17/PXL_20220922_185139946.jpg,8,8,7,2,0.6228779554367065,7,7,7,6,1,1,0,1,0
G:\Thesis\MonkSkinTone_Dataset\Segmented_MSTE\subject_17/PXL_20220922_185138091.jpg,8,8,7,2,0.6285983920097351,7,7,7,6,1,1,0,1,0
G:\Thesis\MonkSkinTone_Dataset\Segmented_MSTE\subject_17/PXL_20220922_185122947.jpg,8,8,7,2,0.7384587526321411,8,8,8,7,2,0,1,1,1
G:\Thesis\MonkSkinTone_Dataset\Segmented_MSTE\subject_16/PXL_20220922_163344625.jpg,1,1,0,0,0.3606516122817993,4,4,4,3,1,3,0,0,0
G:\Thesis\MonkSkinTone_Dataset\Segmented_MSTE\subject_16/PXL_20220922_163343338.jpg,1,1,0,0,0.38436514139175415,4,4,4,3,1,3,0,0,0
G:\Thesis\MonkSkinTone_Dataset\Segmented_MSTE\subject_16/PXL_20220922_163342238.jpg,1,1,0,0,0.4214458465576172,5,5,5,4,1,4,0,0,0
G:\Thesis\MonkSkinTone_Dataset\Segmented_MSTE\subject_16/PXL_20220922_163340954.jpg,1,1,0,0,0.4831990599632263,5,5,5,4,1,4,0,0,0
G:\Thesis\MonkSkinTone_Dataset\Segmented_MSTE\subject_16/PXL_20220922_163339153.jpg,1,1,0,0,0.41450613737106323,5,5,5,4,1,4,0,0,0
G:\Thesis\MonkSkinTone_Dataset\Segmented_MSTE\subject_16/PXL_20220922_163336203.jpg,1,1,0,0,0.34769025444984436,4,4,4,3,1,3,0,0,0
G:\Thesis\MonkSkinTone_Dataset\Segmented_MSTE\subject_16/PXL_20220922_163335011.jpg,1,1,0,0,0.4259066581726074,5,5,5,4,1,4,0,0,0
G:\Thesis\MonkSkinTone_Dataset\Segmented_MSTE\subject_16/PXL_20220922_163332303.jpg,1,1,0,0,0.48050519824028015,5,5,5,4,1,4,0,0,0
G:\Thesis\MonkSkinTone_Dataset\Segmented_MSTE\subject_16/PXL_20220922_163330235.jpg,1,1,0,0,0.36139482259750366,4,4,4,3,1,3,0,0,0
G:\Thesis\MonkSkinTone_Dataset\Segmented_MSTE\subject_16/PXL_20220922_163246206.jpg,1,1,0,0,0.2680153548717499,3,3,3,2,0,2,0,0,1
G:\Thesis\MonkSkinTone_Dataset\Segmented_MSTE\subject_16/PXL_20220922_163243828.jpg,1,1,0,0,0.47785407304763794,5,5,5,4,1,4,0,0,0
G:\Thesis\MonkSkinTone_Dataset\Segmented_MSTE\subject_16/PXL_20220922_163242384.jpg,1,1,0,0,0.2783229649066925,4,4,4,3,1,3,0,0,0
G:\Thesis\MonkSkinTone_Dataset\Segmented_MSTE\subject_16/PXL_20220922_163240509.jpg,1,1,0,0,0.20196785032749176,3,3,3,2,0,2,0,0,1
G:\Thesis\MonkSkinTone_Dataset\Segmented_MSTE\subject_16/PXL_20220922_163238367.jpg,1,1,0,0,0.30501672625541687,4,4,4,3,1,3,0,0,0
G:\Thesis\MonkSkinTone_Dataset\Segmented_MSTE\subject_16/PXL_20220922_163233149.jpg,1,1,0,0,0.28022775053977966,4,4,4,3,1,3,0,0,0
G:\Thesis\MonkSkinTone_Dataset\Segmented_MSTE\subject_16/PXL_20220922_163231266.jpg,1,1,0,0,0.3142663538455963,4,4,4,3,1,3,0,0,0
G:\Thesis\MonkSkinTone_Dataset\Segmented_MSTE\subject_16/PXL_20220922_163229525.jpg,1,1,0,0,0.22050349414348602,3,3,3,2,0,2,0,0,1
G:\Thesis\MonkSkinTone_Dataset\Segmented_MSTE\subject_16/PXL_20220922_163227429.jpg,1,1,0,0,0.15227632224559784,2,2,2,1,0,1,0,1,1
G:\Thesis\MonkSkinTone_Dataset\Segmented_MSTE\subject_16/PXL_20220922_163224863.jpg,1,1,0,0,0.22079750895500183,3,3,3,2,0,2,0,0,1
G:\Thesis\MonkSkinTone_Dataset\Segmented_MSTE\subject_16/PXL_20220922_163221806.jpg,1,1,0,0,0.23084740340709686,3,3,3,2,0,2,0,0,1
G:\Thesis\MonkSkinTone_Dataset\Segmented_MSTE\subject_16/PXL_20220922_163219950.jpg,1,1,0,0,0.15390822291374207,2,2,2,1,0,1,0,1,1
G:\Thesis\MonkSkinTone_Dataset\Segmented_MSTE\subject_16/PXL_20220922_163218116.jpg,1,1,0,0,0.12990613281726837,2,2,2,1,0,1,0,1,1
G:\Thesis\MonkSkinTone_Dataset\Segmented_MSTE\subject_16/PXL_20220922_163215993.jpg,1,1,0,0,0.1941920667886734,3,3,3,2,0,2,0,0,1
G:\Thesis\MonkSkinTone_Dataset\Segmented_MSTE\subject_16/PXL_20220922_163212621.jpg,1,1,0,0,0.2537674009799957,3,3,3,2,0,2,0,0,1
G:\Thesis\MonkSkinTone_Dataset\Segmented_MSTE\subject_16/PXL_20220922_163207738.jpg,1,1,0,0,0.3024243414402008,4,4,4,3,1,3,0,0,0
G:\Thesis\MonkSkinTone_Dataset\Segmented_MSTE\subject_16/PXL_20220922_163205440.jpg,1,1,0,0,0.27814945578575134,4,4,4,3,1,3,0,0,0
G:\Thesis\MonkSkinTone_Dataset\Segmented_MSTE\subject_16/PXL_20220922_163158577.jpg,1,1,0,0,0.2512342631816864,3,3,3,2,0,2,0,0,1
G:\Thesis\MonkSkinTone_Dataset\Segmented_MSTE\subject_16/PXL_20220922_163156369.jpg,1,1,0,0,0.216598242521286,3,3,3,2,0,2,0,0,1
G:\Thesis\MonkSkinTone_Dataset\Segmented_MSTE\subject_16/PXL_20220922_163153639.jpg,1,1,0,0,0.1426391750574112,2,2,2,1,0,1,0,1,1
G:\Thesis\MonkSkinTone_Dataset\Segmented_MSTE\subject_16/PXL_20220922_163150248.jpg,1,1,0,0,0.1580565720796585,2,2,2,1,0,1,0,1,1
G:\Thesis\MonkSkinTone_Dataset\Segmented_MSTE\subject_16/PXL_20220922_163052549.jpg,1,1,0,0,0.15816505253314972,2,2,2,1,0,1,0,1,1
G:\Thesis\MonkSkinTone_Dataset\Segmented_MSTE\subject_16/PXL_20220922_163051167.jpg,1,1,0,0,0.2306029349565506,3,3,3,2,0,2,0,0,1
G:\Thesis\MonkSkinTone_Dataset\Segmented_MSTE\subject_16/PXL_20220922_163049541.jpg,1,1,0,0,0.12591084837913513,2,2,2,1,0,1,0,1,1
G:\Thesis\MonkSkinTone_Dataset\Segmented_MSTE\subject_16/PXL_20220922_163048143.jpg,1,1,0,0,0.14322049915790558,2,2,2,1,0,1,0,1,1
G:\Thesis\MonkSkinTone_Dataset\Segmented_MSTE\subject_16/PXL_20220922_163045525.jpg,1,1,0,0,0.13281770050525665,2,2,2,1,0,1,0,1,1
G:\Thesis\MonkSkinTone_Dataset\Segmented_MSTE\subject_16/PXL_20220922_163041327.jpg,1,1,0,0,0.19085738062858582,3,3,3,2,0,2,0,0,1
G:\Thesis\MonkSkinTone_Dataset\Segmented_MSTE\subject_16/PXL_20220922_163040135.jpg,1,1,0,0,0.16522254049777985,2,2,2,1,0,1,0,1,1
G:\Thesis\MonkSkinTone_Dataset\Segmented_MSTE\subject_16/PXL_20220922_163038839.jpg,1,1,0,0,0.19770441949367523,3,3,3,2,0,2,0,0,1
G:\Thesis\MonkSkinTone_Dataset\Segmented_MSTE\subject_16/PXL_20220922_163037538.jpg,1,1,0,0,0.16259200870990753,2,2,2,1,0,1,0,1,1
G:\Thesis\MonkSkinTone_Dataset\Segmented_MSTE\subject_16/PXL_20220922_163036224.jpg,1,1,0,0,0.09522634744644165,2,2,2,1,0,1,0,1,1
G:\Thesis\MonkSkinTone_Dataset\Segmented_MSTE\subject_16/PXL_20220922_163031782.jpg,1,1,0,0,0.1537628471851349,2,2,2,1,0,1,0,1,1
G:\Thesis\MonkSkinTone_Dataset\Segmented_MSTE\subject_16/PXL_20220922_163030548.jpg,1,1,0,0,0.21343444287776947,3,3,3,2,0,2,0,0,1
G:\Thesis\MonkSkinTone_Dataset\Segmented_MSTE\subject_16/PXL_20220922_163029140.jpg,1,1,0,0,0.13054093718528748,2,2,2,1,0,1,0,1,1
G:\Thesis\MonkSkinTone_Dataset\Segmented_MSTE\subject_16/PXL_20220922_163027663.jpg,1,1,0,0,0.12066061794757843,2,2,2,1,0,1,0,1,1
G:\Thesis\MonkSkinTone_Dataset\Segmented_MSTE\subject_16/PXL_20220922_163025599.jpg,1,1,0,0,0.10254048556089401,2,2,2,1,0,1,0,1,1
G:\Thesis\MonkSkinTone_Dataset\Segmented_MSTE\subject_16/PXL_20220922_162946598.jpg,1,1,0,0,0.2221701443195343,3,3,3,2,0,2,0,0,1
G:\Thesis\MonkSkinTone_Dataset\Segmented_MSTE\subject_16/PXL_20220922_162945260.jpg,1,1,0,0,0.26695558428764343,3,3,3,2,0,2,0,0,1
G:\Thesis\MonkSkinTone_Dataset\Segmented_MSTE\subject_16/PXL_20220922_162943445.jpg,1,1,0,0,0.19589383900165558,3,3,3,2,0,2,0,0,1
G:\Thesis\MonkSkinTone_Dataset\Segmented_MSTE\subject_16/PXL_20220922_162942226.jpg,1,1,0,0,0.14400193095207214,2,2,2,1,0,1,0,1,1
G:\Thesis\MonkSkinTone_Dataset\Segmented_MSTE\subject_16/PXL_20220922_162940283.jpg,1,1,0,0,0.20003201067447662,3,3,3,2,0,2,0,0,1
G:\Thesis\MonkSkinTone_Dataset\Segmented_MSTE\subject_16/PXL_20220922_162937771.jpg,1,1,0,0,0.16871201992034912,3,3,3,2,0,2,0,0,1
G:\Thesis\MonkSkinTone_Dataset\Segmented_MSTE\subject_16/PXL_20220922_162936557.jpg,1,1,0,0,0.21674416959285736,3,3,3,2,0,2,0,0,1
G:\Thesis\MonkSkinTone_Dataset\Segmented_MSTE\subject_16/PXL_20220922_162934684.jpg,1,1,0,0,0.14618147909641266,2,2,2,1,0,1,0,1,1
G:\Thesis\MonkSkinTone_Dataset\Segmented_MSTE\subject_16/PXL_20220922_162933194.jpg,1,1,0,0,0.10638020932674408,2,2,2,1,0,1,0,1,1
G:\Thesis\MonkSkinTone_Dataset\Segmented_MSTE\subject_16/PXL_20220922_162931300.jpg,1,1,0,0,0.16439449787139893,2,2,2,1,0,1,0,1,1
G:\Thesis\MonkSkinTone_Dataset\Segmented_MSTE\subject_16/PXL_20220922_162927043.jpg,1,1,0,0,0.10605721175670624,2,2,2,1,0,1,0,1,1
G:\Thesis\MonkSkinTone_Dataset\Segmented_MSTE\subject_16/PXL_20220922_162924532.jpg,1,1,0,0,0.2328551560640335,3,3,3,2,0,2,0,0,1
G:\Thesis\MonkSkinTone_Dataset\Segmented_MSTE\subject_16/PXL_20220922_162923216.jpg,1,1,0,0,0.22405453026294708,3,3,3,2,0,2,0,0,1
G:\Thesis\MonkSkinTone_Dataset\Segmented_MSTE\subject_16/PXL_20220922_162921844.jpg,1,1,0,0,0.2626304626464844,3,3,3,2,0,2,0,0,1
G:\Thesis\MonkSkinTone_Dataset\Segmented_MSTE\subject_16/PXL_20220922_162919912.jpg,1,1,0,0,0.20123368501663208,3,3,3,2,0,2,0,0,1
G:\Thesis\MonkSkinTone_Dataset\Segmented_MSTE\subject_16/PXL_20220922_162917375.jpg,1,1,0,0,0.20354807376861572,3,3,3,2,0,2,0,0,1
G:\Thesis\MonkSkinTone_Dataset\Segmented_MSTE\subject_16/PXL_20220922_162915871.jpg,1,1,0,0,0.21887406706809998,3,3,3,2,0,2,0,0,1
G:\Thesis\MonkSkinTone_Dataset\Segmented_MSTE\subject_16/PXL_20220922_162914173.jpg,1,1,0,0,0.2114919275045395,3,3,3,2,0,2,0,0,1
G:\Thesis\MonkSkinTone_Dataset\Segmented_MSTE\subject_16/PXL_20220922_162912581.jpg,1,1,0,0,0.2476348876953125,3,3,3,2,0,2,0,0,1
G:\Thesis\MonkSkinTone_Dataset\Segmented_MSTE\subject_16/PXL_20220922_162910059.jpg,1,1,0,0,0.19607414305210114,3,3,3,2,0,2,0,0,1
G:\Thesis\MonkSkinTone_Dataset\Segmented_MSTE\subject_16/PXL_20220922_162836588.jpg,1,1,0,0,0.1502627581357956,2,2,2,1,0,1,0,1,1
G:\Thesis\MonkSkinTone_Dataset\Segmented_MSTE\subject_16/PXL_20220922_162834847.jpg,1,1,0,0,0.18424129486083984,3,3,3,2,0,2,0,0,1
G:\Thesis\MonkSkinTone_Dataset\Segmented_MSTE\subject_16/PXL_20220922_162832750.jpg,1,1,0,0,0.10858481377363205,2,2,2,1,0,1,0,1,1
G:\Thesis\MonkSkinTone_Dataset\Segmented_MSTE\subject_16/PXL_20220922_162830836.jpg,1,1,0,0,0.11527886986732483,2,2,2,1,0,1,0,1,1
G:\Thesis\MonkSkinTone_Dataset\Segmented_MSTE\subject_16/PXL_20220922_162827172.jpg,1,1,0,0,0.15547017753124237,2,2,2,1,0,1,0,1,1
G:\Thesis\MonkSkinTone_Dataset\Segmented_MSTE\subject_16/PXL_20220922_162824514.jpg,1,1,0,0,0.09432903677225113,2,2,2,1,0,1,0,1,1
G:\Thesis\MonkSkinTone_Dataset\Segmented_MSTE\subject_16/PXL_20220922_162821871.jpg,1,1,0,0,0.12907899916172028,2,2,2,1,0,1,0,1,1
G:\Thesis\MonkSkinTone_Dataset\Segmented_MSTE\subject_16/PXL_20220922_162818819.jpg,1,1,0,0,0.12617778778076172,2,2,2,1,0,1,0,1,1
G:\Thesis\MonkSkinTone_Dataset\Segmented_MSTE\subject_16/PXL_20220922_162814014.jpg,1,1,0,0,0.2989729940891266,4,4,4,3,1,3,0,0,0
G:\Thesis\MonkSkinTone_Dataset\Segmented_MSTE\subject_16/PXL_20220922_162811412.jpg,1,1,0,0,0.1832839995622635,3,3,3,2,0,2,0,0,1
G:\Thesis\MonkSkinTone_Dataset\Segmented_MSTE\subject_16/PXL_20220922_162808508.jpg,1,1,0,0,0.15774451196193695,2,2,2,1,0,1,0,1,1
G:\Thesis\MonkSkinTone_Dataset\Segmented_MSTE\subject_16/PXL_20220922_162805930.jpg,1,1,0,0,0.24844858050346375,3,3,3,2,0,2,0,0,1
G:\Thesis\MonkSkinTone_Dataset\Segmented_MSTE\subject_16/PXL_20220922_162801535.jpg,1,1,0,0,0.06363941729068756,2,2,2,1,0,1,0,1,1
G:\Thesis\MonkSkinTone_Dataset\Segmented_MSTE\subject_16/PXL_20220922_162758602.jpg,1,1,0,0,0.20365041494369507,3,3,3,2,0,2,0,0,1
G:\Thesis\MonkSkinTone_Dataset\Segmented_MSTE\subject_16/PXL_20220922_162755253.jpg,1,1,0,0,0.125757098197937,2,2,2,1,0,1,0,1,1
G:\Thesis\MonkSkinTone_Dataset\Segmented_MSTE\subject_16/PXL_20220922_162751666.jpg,1,1,0,0,0.12737822532653809,2,2,2,1,0,1,0,1,1
G:\Thesis\MonkSkinTone_Dataset\Segmented_MSTE\subject_16/PXL_20220922_162746982.jpg,1,1,0,0,0.18075507879257202,3,3,3,2,0,2,0,0,1
G:\Thesis\MonkSkinTone_Dataset\Segmented_MSTE\subject_15/PXL_20220922_132128162.PORTRAIT.jpg,3,3,2,0,0.4869038760662079,5,5,5,4,1,2,0,0,0
G:\Thesis\MonkSkinTone_Dataset\Segmented_MSTE\subject_15/PXL_20220922_132123452.PORTRAIT.jpg,3,3,2,0,0.49273601174354553,5,5,5,4,1,2,0,0,0
G:\Thesis\MonkSkinTone_Dataset\Segmented_MSTE\subject_15/PXL_20220922_132121109.PORTRAIT.jpg,3,3,2,0,0.5980085730552673,6,6,6,5,1,3,0,0,0
G:\Thesis\MonkSkinTone_Dataset\Segmented_MSTE\subject_15/PXL_20220922_132118269.PORTRAIT.jpg,3,3,2,0,0.5611509680747986,6,6,6,5,1,3,0,0,0
G:\Thesis\MonkSkinTone_Dataset\Segmented_MSTE\subject_15/PXL_20220922_132052576.PORTRAIT.jpg,3,3,2,0,0.4452330470085144,5,5,5,4,1,2,0,0,0
G:\Thesis\MonkSkinTone_Dataset\Segmented_MSTE\subject_15/PXL_20220922_132048784.PORTRAIT.jpg,3,3,2,0,0.35117098689079285,4,4,4,3,1,1,0,1,0
G:\Thesis\MonkSkinTone_Dataset\Segmented_MSTE\subject_15/PXL_20220922_132042033.PORTRAIT.jpg,3,3,2,0,0.6720070838928223,7,7,7,6,1,4,0,0,0
G:\Thesis\MonkSkinTone_Dataset\Segmented_MSTE\subject_15/PXL_20220922_132040123.PORTRAIT.jpg,3,3,2,0,0.3451959788799286,4,4,4,3,1,1,0,1,0
G:\Thesis\MonkSkinTone_Dataset\Segmented_MSTE\subject_15/PXL_20220922_132016589.PORTRAIT.jpg,3,3,2,0,0.6465082764625549,7,7,7,6,1,4,0,0,0
G:\Thesis\MonkSkinTone_Dataset\Segmented_MSTE\subject_15/PXL_20220922_132014529.PORTRAIT.jpg,3,3,2,0,0.6649278402328491,7,7,7,6,1,4,0,0,0
G:\Thesis\MonkSkinTone_Dataset\Segmented_MSTE\subject_15/PXL_20220922_132008862.PORTRAIT.jpg,3,3,2,0,0.5929647088050842,6,6,6,5,1,3,0,0,0
G:\Thesis\MonkSkinTone_Dataset\Segmented_MSTE\subject_15/PXL_20220922_132003063.PORTRAIT.jpg,3,3,2,0,0.5429620742797852,6,6,6,5,1,3,0,0,0
G:\Thesis\MonkSkinTone_Dataset\Segmented_MSTE\subject_15/PXL_20220922_131958999.PORTRAIT.jpg,3,3,2,0,0.3676917552947998,4,4,4,3,1,1,0,1,0
G:\Thesis\MonkSkinTone_Dataset\Segmented_MSTE\subject_15/PXL_20220922_131955423.PORTRAIT.jpg,3,3,2,0,0.6121320128440857,7,7,7,6,1,4,0,0,0
G:\Thesis\MonkSkinTone_Dataset\Segmented_MSTE\subject_15/PXL_20220922_131951023.PORTRAIT.jpg,3,3,2,0,0.37674933671951294,4,4,4,3,1,1,0,1,0
G:\Thesis\MonkSkinTone_Dataset\Segmented_MSTE\subject_15/PXL_20220922_131901514.PORTRAIT.jpg,3,3,2,0,0.41139712929725647,5,5,5,4,1,2,0,0,0
G:\Thesis\MonkSkinTone_Dataset\Segmented_MSTE\subject_15/PXL_20220922_131859247.PORTRAIT.jpg,3,3,2,0,0.46517640352249146,5,5,5,4,1,2,0,0,0
G:\Thesis\MonkSkinTone_Dataset\Segmented_MSTE\subject_15/PXL_20220922_131857071.PORTRAIT.jpg,3,3,2,0,0.46404436230659485,5,5,5,4,1,2,0,0,0
G:\Thesis\MonkSkinTone_Dataset\Segmented_MSTE\subject_15/PXL_20220922_131854614.PORTRAIT.jpg,3,3,2,0,0.5365069508552551,6,6,6,5,1,3,0,0,0
G:\Thesis\MonkSkinTone_Dataset\Segmented_MSTE\subject_15/PXL_20220922_131850751.PORTRAIT.jpg,3,3,2,0,0.6495486497879028,7,7,7,6,1,4,0,0,0
G:\Thesis\MonkSkinTone_Dataset\Segmented_MSTE\subject_15/PXL_20220922_131844594.PORTRAIT.jpg,3,3,2,0,0.5111366510391235,6,6,6,5,1,3,0,0,0
G:\Thesis\MonkSkinTone_Dataset\Segmented_MSTE\subject_15/PXL_20220922_131829227.jpg,3,3,2,0,0.3565036356449127,4,4,4,3,1,1,0,1,0
G:\Thesis\MonkSkinTone_Dataset\Segmented_MSTE\subject_15/PXL_20220922_131818892.jpg,3,3,2,0,0.4851236045360565,5,5,5,4,1,2,0,0,0
G:\Thesis\MonkSkinTone_Dataset\Segmented_MSTE\subject_15/PXL_20220922_131815761.jpg,3,3,2,0,0.4984968304634094,5,5,5,4,1,2,0,0,0
G:\Thesis\MonkSkinTone_Dataset\Segmented_MSTE\subject_15/PXL_20220922_131814125.jpg,3,3,2,0,0.6508700251579285,7,7,7,6,1,4,0,0,0
G:\Thesis\MonkSkinTone_Dataset\Segmented_MSTE\subject_15/PXL_20220922_131811784.jpg,3,3,2,0,0.3881000280380249,4,4,4,3,1,1,0,1,0
G:\Thesis\MonkSkinTone_Dataset\Segmented_MSTE\subject_15/PXL_20220922_131806066.jpg,3,3,2,0,0.5416820645332336,6,6,6,5,1,3,0,0,0
G:\Thesis\MonkSkinTone_Dataset\Segmented_MSTE\subject_15/PXL_20220922_131746430.jpg,3,3,2,0,0.4559681713581085,5,5,5,4,1,2,0,0,0
G:\Thesis\MonkSkinTone_Dataset\Segmented_MSTE\subject_15/PXL_20220922_131743911.jpg,3,3,2,0,0.30690285563468933,4,4,4,3,1,1,0,1,0
G:\Thesis\MonkSkinTone_Dataset\Segmented_MSTE\subject_15/PXL_20220922_131741571.jpg,3,3,2,0,0.368448406457901,4,4,4,3,1,1,0,1,0
G:\Thesis\MonkSkinTone_Dataset\Segmented_MSTE\subject_15/PXL_20220922_131739148.jpg,3,3,2,0,0.4229631721973419,5,5,5,4,1,2,0,0,0
G:\Thesis\MonkSkinTone_Dataset\Segmented_MSTE\subject_15/PXL_20220922_131732383.jpg,3,3,2,0,0.5250300765037537,6,6,6,5,1,3,0,0,0
G:\Thesis\MonkSkinTone_Dataset\Segmented_MSTE\subject_15/PXL_20220922_131730853.jpg,3,3,2,0,0.5434137582778931,6,6,6,5,1,3,0,0,0
G:\Thesis\MonkSkinTone_Dataset\Segmented_MSTE\subject_15/PXL_20220922_131728413.jpg,3,3,2,0,0.3577335476875305,4,4,4,3,1,1,0,1,0
G:\Thesis\MonkSkinTone_Dataset\Segmented_MSTE\subject_15/PXL_20220922_131725930.jpg,3,3,2,0,0.38123956322669983,4,4,4,3,1,1,0,1,0
G:\Thesis\MonkSkinTone_Dataset\Segmented_MSTE\subject_15/PXL_20220922_131722761.jpg,3,3,2,0,0.40737882256507874,5,5,5,4,1,2,0,0,0
G:\Thesis\MonkSkinTone_Dataset\Segmented_MSTE\subject_15/PXL_20220922_131720092.jpg,3,3,2,0,0.47577232122421265,5,5,5,4,1,2,0,0,0
G:\Thesis\MonkSkinTone_Dataset\Segmented_MSTE\subject_15/PXL_20220922_131419682.jpg,3,3,2,0,0.47928670048713684,5,5,5,4,1,2,0,0,0
G:\Thesis\MonkSkinTone_Dataset\Segmented_MSTE\subject_15/PXL_20220922_131417697.jpg,3,3,2,0,0.31539931893348694,4,4,4,3,1,1,0,1,0
G:\Thesis\MonkSkinTone_Dataset\Segmented_MSTE\subject_15/PXL_20220922_131415896.jpg,3,3,2,0,0.3869653344154358,4,4,4,3,1,1,0,1,0
G:\Thesis\MonkSkinTone_Dataset\Segmented_MSTE\subject_15/PXL_20220922_131414042.jpg,3,3,2,0,0.5092681646347046,6,6,6,5,1,3,0,0,0
G:\Thesis\MonkSkinTone_Dataset\Segmented_MSTE\subject_15/PXL_20220922_131411507.jpg,3,3,2,0,0.4526013135910034,5,5,5,4,1,2,0,0,0
G:\Thesis\MonkSkinTone_Dataset\Segmented_MSTE\subject_15/PXL_20220922_131405319.jpg,3,3,2,0,0.43485134840011597,5,5,5,4,1,2,0,0,0
G:\Thesis\MonkSkinTone_Dataset\Segmented_MSTE\subject_15/PXL_20220922_131245640.jpg,3,3,2,0,0.5213538408279419,6,6,6,5,1,3,0,0,0
G:\Thesis\MonkSkinTone_Dataset\Segmented_MSTE\subject_15/PXL_20220922_131243185.jpg,3,3,2,0,0.5493707060813904,6,6,6,5,1,3,0,0,0
G:\Thesis\MonkSkinTone_Dataset\Segmented_MSTE\subject_15/PXL_20220922_131240323.jpg,3,3,2,0,0.4705924689769745,5,5,5,4,1,2,0,0,0
G:\Thesis\MonkSkinTone_Dataset\Segmented_MSTE\subject_15/PXL_20220922_131237419.jpg,3,3,2,0,0.4168268144130707,5,5,5,4,1,2,0,0,0
G:\Thesis\MonkSkinTone_Dataset\Segmented_MSTE\subject_15/PXL_20220922_131234792.jpg,3,3,2,0,0.4494428336620331,5,5,5,4,1,2,0,0,0
G:\Thesis\MonkSkinTone_Dataset\Segmented_MSTE\subject_14/PXL_20220922_161621027.jpg,6,6,5,1,0.5978342890739441,6,6,6,5,1,0,1,1,1
G:\Thesis\MonkSkinTone_Dataset\Segmented_MSTE\subject_14/PXL_20220922_161619819.jpg,6,6,5,1,0.6227585077285767,7,7,7,6,1,1,0,1,1
G:\Thesis\MonkSkinTone_Dataset\Segmented_MSTE\subject_14/PXL_20220922_161618401.jpg,6,6,5,1,0.5951046943664551,6,6,6,5,1,0,1,1,1
G:\Thesis\MonkSkinTone_Dataset\Segmented_MSTE\subject_14/PXL_20220922_161616836.jpg,6,6,5,1,0.6290573477745056,7,7,7,6,1,1,0,1,1
G:\Thesis\MonkSkinTone_Dataset\Segmented_MSTE\subject_14/PXL_20220922_161615579.jpg,6,6,5,1,0.5974893569946289,6,6,6,5,1,0,1,1,1
G:\Thesis\MonkSkinTone_Dataset\Segmented_MSTE\subject_14/PXL_20220922_161610729.jpg,6,6,5,1,0.5965801477432251,6,6,6,5,1,0,1,1,1
G:\Thesis\MonkSkinTone_Dataset\Segmented_MSTE\subject_14/PXL_20220922_161609136.jpg,6,6,5,1,0.6145827174186707,7,7,7,6,1,1,0,1,1
G:\Thesis\MonkSkinTone_Dataset\Segmented_MSTE\subject_14/PXL_20220922_161607524.jpg,6,6,5,1,0.5933347344398499,6,6,6,5,1,0,1,1,1
G:\Thesis\MonkSkinTone_Dataset\Segmented_MSTE\subject_14/PXL_20220922_161606038.jpg,6,6,5,1,0.5475834608078003,6,6,6,5,1,0,1,1,1
G:\Thesis\MonkSkinTone_Dataset\Segmented_MSTE\subject_14/PXL_20220922_161604105.jpg,6,6,5,1,0.5955924391746521,6,6,6,5,1,0,1,1,1
G:\Thesis\MonkSkinTone_Dataset\Segmented_MSTE\subject_14/PXL_20220922_161451316.jpg,6,6,5,1,0.5085237622261047,6,6,6,5,1,0,1,1,1
G:\Thesis\MonkSkinTone_Dataset\Segmented_MSTE\subject_14/PXL_20220922_161450027.jpg,6,6,5,1,0.5969565510749817,6,6,6,5,1,0,1,1,1
G:\Thesis\MonkSkinTone_Dataset\Segmented_MSTE\subject_14/PXL_20220922_161448539.jpg,6,6,5,1,0.3363076150417328,4,4,4,3,1,2,0,0,1
G:\Thesis\MonkSkinTone_Dataset\Segmented_MSTE\subject_14/PXL_20220922_161446941.jpg,6,6,5,1,0.4905787408351898,5,5,5,4,1,1,0,1,1
G:\Thesis\MonkSkinTone_Dataset\Segmented_MSTE\subject_14/PXL_20220922_161445106.jpg,6,6,5,1,0.38239380717277527,4,4,4,3,1,2,0,0,1
G:\Thesis\MonkSkinTone_Dataset\Segmented_MSTE\subject_14/PXL_20220922_161443026.jpg,6,6,5,1,0.3397359251976013,4,4,4,3,1,2,0,0,1
G:\Thesis\MonkSkinTone_Dataset\Segmented_MSTE\subject_14/PXL_20220922_161441452.jpg,6,6,5,1,0.7255295515060425,8,8,8,7,2,2,0,0,0
G:\Thesis\MonkSkinTone_Dataset\Segmented_MSTE\subject_14/PXL_20220922_161440072.jpg,6,6,5,1,0.42145243287086487,5,5,5,4,1,1,0,1,1
G:\Thesis\MonkSkinTone_Dataset\Segmented_MSTE\subject_14/PXL_20220922_161438508.jpg,6,6,5,1,0.5612649917602539,6,6,6,5,1,0,1,1,1
G:\Thesis\MonkSkinTone_Dataset\Segmented_MSTE\subject_14/PXL_20220922_161436829.jpg,6,6,5,1,0.43464669585227966,5,5,5,4,1,1,0,1,1
G:\Thesis\MonkSkinTone_Dataset\Segmented_MSTE\subject_14/PXL_20220922_161234429.PORTRAIT.jpg,6,6,5,1,0.382952481508255,4,4,4,3,1,2,0,0,1
G:\Thesis\MonkSkinTone_Dataset\Segmented_MSTE\subject_14/PXL_20220922_161228720.PORTRAIT.jpg,6,6,5,1,0.4723777174949646,5,5,5,4,1,1,0,1,1
G:\Thesis\MonkSkinTone_Dataset\Segmented_MSTE\subject_14/PXL_20220922_161206594.PORTRAIT.jpg,6,6,5,1,0.4105145037174225,5,5,5,4,1,1,0,1,1
G:\Thesis\MonkSkinTone_Dataset\Segmented_MSTE\subject_14/PXL_20220922_161205171.PORTRAIT.jpg,6,6,5,1,0.6994501948356628,7,7,7,6,1,1,0,1,1
G:\Thesis\MonkSkinTone_Dataset\Segmented_MSTE\subject_14/PXL_20220922_161203118.PORTRAIT.jpg,6,6,5,1,0.47618746757507324,5,5,5,4,1,1,0,1,1
G:\Thesis\MonkSkinTone_Dataset\Segmented_MSTE\subject_14/PXL_20220922_161201504.PORTRAIT.jpg,6,6,5,1,0.46278083324432373,5,5,5,4,1,1,0,1,1
G:\Thesis\MonkSkinTone_Dataset\Segmented_MSTE\subject_14/PXL_20220922_161159845.PORTRAIT.jpg,6,6,5,1,0.4240684509277344,5,5,5,4,1,1,0,1,1
G:\Thesis\MonkSkinTone_Dataset\Segmented_MSTE\subject_14/PXL_20220922_161148471.PORTRAIT.jpg,6,6,5,1,0.4783601760864258,5,5,5,4,1,1,0,1,1
G:\Thesis\MonkSkinTone_Dataset\Segmented_MSTE\subject_14/PXL_20220922_161146768.PORTRAIT.jpg,6,6,5,1,0.3004039227962494,4,4,4,3,1,2,0,0,1
G:\Thesis\MonkSkinTone_Dataset\Segmented_MSTE\subject_14/PXL_20220922_161144902.PORTRAIT.jpg,6,6,5,1,0.46478867530822754,5,5,5,4,1,1,0,1,1
G:\Thesis\MonkSkinTone_Dataset\Segmented_MSTE\subject_14/PXL_20220922_161143087.PORTRAIT.jpg,6,6,5,1,0.4556848704814911,5,5,5,4,1,1,0,1,1
G:\Thesis\MonkSkinTone_Dataset\Segmented_MSTE\subject_14/PXL_20220922_161127301.PORTRAIT.jpg,6,6,5,1,0.5286845564842224,6,6,6,5,1,0,1,1,1
G:\Thesis\MonkSkinTone_Dataset\Segmented_MSTE\subject_14/PXL_20220922_161120533.PORTRAIT.jpg,6,6,5,1,0.3603324294090271,4,4,4,3,1,2,0,0,1
G:\Thesis\MonkSkinTone_Dataset\Segmented_MSTE\subject_14/PXL_20220922_161114689.PORTRAIT.jpg,6,6,5,1,0.37170901894569397,4,4,4,3,1,2,0,0,1
G:\Thesis\MonkSkinTone_Dataset\Segmented_MSTE\subject_14/PXL_20220922_161113043.PORTRAIT.jpg,6,6,5,1,0.5636464953422546,6,6,6,5,1,0,1,1,1
G:\Thesis\MonkSkinTone_Dataset\Segmented_MSTE\subject_14/PXL_20220922_161107253.PORTRAIT.jpg,6,6,5,1,0.37733519077301025,4,4,4,3,1,2,0,0,1
G:\Thesis\MonkSkinTone_Dataset\Segmented_MSTE\subject_14/PXL_20220922_161024329.jpg,6,6,5,1,0.49071189761161804,5,5,5,4,1,1,0,1,1
G:\Thesis\MonkSkinTone_Dataset\Segmented_MSTE\subject_14/PXL_20220922_161022255.jpg,6,6,5,1,0.32531657814979553,4,4,4,3,1,2,0,0,1
G:\Thesis\MonkSkinTone_Dataset\Segmented_MSTE\subject_14/PXL_20220922_161020616.jpg,6,6,5,1,0.6857292056083679,7,7,7,6,1,1,0,1,1
G:\Thesis\MonkSkinTone_Dataset\Segmented_MSTE\subject_14/PXL_20220922_161018788.jpg,6,6,5,1,0.517169713973999,6,6,6,5,1,0,1,1,1
G:\Thesis\MonkSkinTone_Dataset\Segmented_MSTE\subject_14/PXL_20220922_161017221.jpg,6,6,5,1,0.4607335031032562,5,5,5,4,1,1,0,1,1
G:\Thesis\MonkSkinTone_Dataset\Segmented_MSTE\subject_14/PXL_20220922_161012849.jpg,6,6,5,1,0.5460599064826965,6,6,6,5,1,0,1,1,1
G:\Thesis\MonkSkinTone_Dataset\Segmented_MSTE\subject_14/PXL_20220922_161010913.jpg,6,6,5,1,0.6553555727005005,7,7,7,6,1,1,0,1,1
G:\Thesis\MonkSkinTone_Dataset\Segmented_MSTE\subject_14/PXL_20220922_161009091.jpg,6,6,5,1,0.646419882774353,7,7,7,6,1,1,0,1,1
G:\Thesis\MonkSkinTone_Dataset\Segmented_MSTE\subject_14/PXL_20220922_161006903.jpg,6,6,5,1,0.3521082103252411,4,4,4,3,1,2,0,0,1
G:\Thesis\MonkSkinTone_Dataset\Segmented_MSTE\subject_14/PXL_20220922_161004335.jpg,6,6,5,1,0.5247855186462402,6,6,6,5,1,0,1,1,1
G:\Thesis\MonkSkinTone_Dataset\Segmented_MSTE\subject_14/PXL_20220922_161002163.jpg,6,6,5,1,0.4493221342563629,5,5,5,4,1,1,0,1,1
G:\Thesis\MonkSkinTone_Dataset\Segmented_MSTE\subject_14/PXL_20220922_161000077.jpg,6,6,5,1,0.6284654140472412,7,7,7,6,1,1,0,1,1
G:\Thesis\MonkSkinTone_Dataset\Segmented_MSTE\subject_14/PXL_20220922_160957926.jpg,6,6,5,1,0.6204355955123901,7,7,7,6,1,1,0,1,1
G:\Thesis\MonkSkinTone_Dataset\Segmented_MSTE\subject_14/PXL_20220922_160955996.jpg,6,6,5,1,0.6481406092643738,7,7,7,6,1,1,0,1,1
G:\Thesis\MonkSkinTone_Dataset\Segmented_MSTE\subject_14/PXL_20220922_160954446.jpg,6,6,5,1,0.43464794754981995,5,5,5,4,1,1,0,1,1
G:\Thesis\MonkSkinTone_Dataset\Segmented_MSTE\subject_14/PXL_20220922_160952357.jpg,6,6,5,1,0.4600295126438141,5,5,5,4,1,1,0,1,1
G:\Thesis\MonkSkinTone_Dataset\Segmented_MSTE\subject_14/PXL_20220922_160950182.jpg,6,6,5,1,0.5675195455551147,6,6,6,5,1,0,1,1,1
G:\Thesis\MonkSkinTone_Dataset\Segmented_MSTE\subject_14/PXL_20220922_160947788.jpg,6,6,5,1,0.5360202193260193,6,6,6,5,1,0,1,1,1
G:\Thesis\MonkSkinTone_Dataset\Segmented_MSTE\subject_14/PXL_20220922_160946047.jpg,6,6,5,1,0.40230485796928406,5,5,5,4,1,1,0,1,1
G:\Thesis\MonkSkinTone_Dataset\Segmented_MSTE\subject_14/PXL_20220922_160944429.jpg,6,6,5,1,0.43303176760673523,5,5,5,4,1,1,0,1,1
G:\Thesis\MonkSkinTone_Dataset\Segmented_MSTE\subject_14/PXL_20220922_160853301.jpg,6,6,5,1,0.40785688161849976,5,5,5,4,1,1,0,1,1
G:\Thesis\MonkSkinTone_Dataset\Segmented_MSTE\subject_14/PXL_20220922_160850108.jpg,6,6,5,1,0.35747334361076355,4,4,4,3,1,2,0,0,1
G:\Thesis\MonkSkinTone_Dataset\Segmented_MSTE\subject_14/PXL_20220922_160846747.jpg,6,6,5,1,0.46117478609085083,5,5,5,4,1,1,0,1,1
G:\Thesis\MonkSkinTone_Dataset\Segmented_MSTE\subject_14/PXL_20220922_160844411.jpg,6,6,5,1,0.4180394113063812,5,5,5,4,1,1,0,1,1
G:\Thesis\MonkSkinTone_Dataset\Segmented_MSTE\subject_14/PXL_20220922_160841972.jpg,6,6,5,1,0.45927366614341736,5,5,5,4,1,1,0,1,1
G:\Thesis\MonkSkinTone_Dataset\Segmented_MSTE\subject_14/PXL_20220922_160840133.jpg,6,6,5,1,0.46264517307281494,5,5,5,4,1,1,0,1,1
G:\Thesis\MonkSkinTone_Dataset\Segmented_MSTE\subject_14/PXL_20220922_160836485.jpg,6,6,5,1,0.5674832463264465,6,6,6,5,1,0,1,1,1
G:\Thesis\MonkSkinTone_Dataset\Segmented_MSTE\subject_14/PXL_20220922_160833805.jpg,6,6,5,1,0.36042308807373047,4,4,4,3,1,2,0,0,1
G:\Thesis\MonkSkinTone_Dataset\Segmented_MSTE\subject_14/PXL_20220922_160830151.jpg,6,6,5,1,0.510560929775238,6,6,6,5,1,0,1,1,1
G:\Thesis\MonkSkinTone_Dataset\Segmented_MSTE\subject_14/PXL_20220922_160828334.jpg,6,6,5,1,0.4908546507358551,5,5,5,4,1,1,0,1,1
G:\Thesis\MonkSkinTone_Dataset\Segmented_MSTE\subject_14/PXL_20220922_160826611.jpg,6,6,5,1,0.3872999846935272,4,4,4,3,1,2,0,0,1
G:\Thesis\MonkSkinTone_Dataset\Segmented_MSTE\subject_14/PXL_20220922_160824216.jpg,6,6,5,1,0.4002261757850647,5,5,5,4,1,1,0,1,1
G:\Thesis\MonkSkinTone_Dataset\Segmented_MSTE\subject_14/PXL_20220922_160820039.jpg,6,6,5,1,0.3967548906803131,5,5,5,4,1,1,0,1,1
G:\Thesis\MonkSkinTone_Dataset\Segmented_MSTE\subject_14/PXL_20220922_160818048.jpg,6,6,5,1,0.48876070976257324,5,5,5,4,1,1,0,1,1
G:\Thesis\MonkSkinTone_Dataset\Segmented_MSTE\subject_14/PXL_20220922_160815863.jpg,6,6,5,1,0.44393911957740784,5,5,5,4,1,1,0,1,1
G:\Thesis\MonkSkinTone_Dataset\Segmented_MSTE\subject_14/PXL_20220922_160742778.jpg,6,6,5,1,0.35036614537239075,4,4,4,3,1,2,0,0,1
G:\Thesis\MonkSkinTone_Dataset\Segmented_MSTE\subject_13/PXL_20220922_141215176.jpg,2,2,1,0,0.33689945936203003,4,4,4,3,1,2,0,0,0
G:\Thesis\MonkSkinTone_Dataset\Segmented_MSTE\subject_13/PXL_20220922_141214067.jpg,2,2,1,0,0.18094143271446228,3,3,3,2,0,1,0,1,1
G:\Thesis\MonkSkinTone_Dataset\Segmented_MSTE\subject_13/PXL_20220922_141212658.jpg,2,2,1,0,0.2281394749879837,3,3,3,2,0,1,0,1,1
G:\Thesis\MonkSkinTone_Dataset\Segmented_MSTE\subject_13/PXL_20220922_141210919.jpg,2,2,1,0,0.291054368019104,4,4,4,3,1,2,0,0,0
G:\Thesis\MonkSkinTone_Dataset\Segmented_MSTE\subject_13/PXL_20220922_141207125.jpg,2,2,1,0,0.2101937234401703,3,3,3,2,0,1,0,1,1
G:\Thesis\MonkSkinTone_Dataset\Segmented_MSTE\subject_13/PXL_20220922_141205526.jpg,2,2,1,0,0.18422064185142517,3,3,3,2,0,1,0,1,1
G:\Thesis\MonkSkinTone_Dataset\Segmented_MSTE\subject_13/PXL_20220922_141200118.jpg,2,2,1,0,0.32849186658859253,4,4,4,3,1,2,0,0,0
G:\Thesis\MonkSkinTone_Dataset\Segmented_MSTE\subject_13/PXL_20220922_141158574.jpg,2,2,1,0,0.2371307611465454,3,3,3,2,0,1,0,1,1
G:\Thesis\MonkSkinTone_Dataset\Segmented_MSTE\subject_13/PXL_20220922_141157102.jpg,2,2,1,0,0.34562888741493225,4,4,4,3,1,2,0,0,0
G:\Thesis\MonkSkinTone_Dataset\Segmented_MSTE\subject_13/PXL_20220922_141155806.jpg,2,2,1,0,0.20880289375782013,3,3,3,2,0,1,0,1,1
G:\Thesis\MonkSkinTone_Dataset\Segmented_MSTE\subject_13/PXL_20220922_141154318.jpg,2,2,1,0,0.2563382089138031,3,3,3,2,0,1,0,1,1
G:\Thesis\MonkSkinTone_Dataset\Segmented_MSTE\subject_13/PXL_20220922_141152732.jpg,2,2,1,0,0.21507862210273743,3,3,3,2,0,1,0,1,1
G:\Thesis\MonkSkinTone_Dataset\Segmented_MSTE\subject_13/PXL_20220922_141148032.jpg,2,2,1,0,0.21226248145103455,3,3,3,2,0,1,0,1,1
G:\Thesis\MonkSkinTone_Dataset\Segmented_MSTE\subject_13/PXL_20220922_141146749.jpg,2,2,1,0,0.23298533260822296,3,3,3,2,0,1,0,1,1
G:\Thesis\MonkSkinTone_Dataset\Segmented_MSTE\subject_13/PXL_20220922_141145430.jpg,2,2,1,0,0.30120792984962463,4,4,4,3,1,2,0,0,0
G:\Thesis\MonkSkinTone_Dataset\Segmented_MSTE\subject_13/PXL_20220922_141143935.jpg,2,2,1,0,0.2259550392627716,3,3,3,2,0,1,0,1,1
G:\Thesis\MonkSkinTone_Dataset\Segmented_MSTE\subject_13/PXL_20220922_141142245.jpg,2,2,1,0,0.28608113527297974,4,4,4,3,1,2,0,0,0
G:\Thesis\MonkSkinTone_Dataset\Segmented_MSTE\subject_13/PXL_20220922_141137133.jpg,2,2,1,0,0.25239595770835876,3,3,3,2,0,1,0,1,1
G:\Thesis\MonkSkinTone_Dataset\Segmented_MSTE\subject_13/PXL_20220922_141135379.jpg,2,2,1,0,0.279580295085907,4,4,4,3,1,2,0,0,0
G:\Thesis\MonkSkinTone_Dataset\Segmented_MSTE\subject_13/PXL_20220922_141133646.jpg,2,2,1,0,0.3676101267337799,4,4,4,3,1,2,0,0,0
G:\Thesis\MonkSkinTone_Dataset\Segmented_MSTE\subject_13/PXL_20220922_141131847.jpg,2,2,1,0,0.1844462901353836,3,3,3,2,0,1,0,1,1
G:\Thesis\MonkSkinTone_Dataset\Segmented_MSTE\subject_13/PXL_20220922_141129747.jpg,2,2,1,0,0.24485549330711365,3,3,3,2,0,1,0,1,1
G:\Thesis\MonkSkinTone_Dataset\Segmented_MSTE\subject_13/PXL_20220922_141123871.jpg,2,2,1,0,0.2435019165277481,3,3,3,2,0,1,0,1,1
G:\Thesis\MonkSkinTone_Dataset\Segmented_MSTE\subject_13/PXL_20220922_141040848.jpg,2,2,1,0,0.17948301136493683,3,3,3,2,0,1,0,1,1
G:\Thesis\MonkSkinTone_Dataset\Segmented_MSTE\subject_13/PXL_20220922_141038995.jpg,2,2,1,0,0.1686500757932663,3,3,3,2,0,1,0,1,1
G:\Thesis\MonkSkinTone_Dataset\Segmented_MSTE\subject_13/PXL_20220922_141033915.jpg,2,2,1,0,0.06442469358444214,2,2,2,1,0,0,1,1,1
G:\Thesis\MonkSkinTone_Dataset\Segmented_MSTE\subject_13/PXL_20220922_141031824.jpg,2,2,1,0,0.07051502913236618,2,2,2,1,0,0,1,1,1
G:\Thesis\MonkSkinTone_Dataset\Segmented_MSTE\subject_13/PXL_20220922_141029313.jpg,2,2,1,0,0.05367857217788696,1,1,1,0,0,1,0,1,1
G:\Thesis\MonkSkinTone_Dataset\Segmented_MSTE\subject_13/PXL_20220922_141024171.jpg,2,2,1,0,0.2173747420310974,3,3,3,2,0,1,0,1,1
G:\Thesis\MonkSkinTone_Dataset\Segmented_MSTE\subject_13/PXL_20220922_141022389.jpg,2,2,1,0,0.22736160457134247,3,3,3,2,0,1,0,1,1
G:\Thesis\MonkSkinTone_Dataset\Segmented_MSTE\subject_13/PXL_20220922_141021258.jpg,2,2,1,0,0.1788448989391327,3,3,3,2,0,1,0,1,1
G:\Thesis\MonkSkinTone_Dataset\Segmented_MSTE\subject_13/PXL_20220922_141017374.jpg,2,2,1,0,0.14989162981510162,2,2,2,1,0,0,1,1,1
G:\Thesis\MonkSkinTone_Dataset\Segmented_MSTE\subject_13/PXL_20220922_141016189.jpg,2,2,1,0,0.1390119045972824,2,2,2,1,0,0,1,1,1
G:\Thesis\MonkSkinTone_Dataset\Segmented_MSTE\subject_13/PXL_20220922_141013772.jpg,2,2,1,0,0.1888405680656433,3,3,3,2,0,1,0,1,1
G:\Thesis\MonkSkinTone_Dataset\Segmented_MSTE\subject_13/PXL_20220922_141002299.jpg,2,2,1,0,0.22403565049171448,3,3,3,2,0,1,0,1,1
G:\Thesis\MonkSkinTone_Dataset\Segmented_MSTE\subject_13/PXL_20220922_141000414.jpg,2,2,1,0,0.052842237055301666,1,1,1,0,0,1,0,1,1
G:\Thesis\MonkSkinTone_Dataset\Segmented_MSTE\subject_13/PXL_20220922_140958425.jpg,2,2,1,0,0.13992278277873993,2,2,2,1,0,0,1,1,1
G:\Thesis\MonkSkinTone_Dataset\Segmented_MSTE\subject_13/PXL_20220922_140956208.jpg,2,2,1,0,0.17892223596572876,3,3,3,2,0,1,0,1,1
G:\Thesis\MonkSkinTone_Dataset\Segmented_MSTE\subject_13/PXL_20220922_140954309.jpg,2,2,1,0,0.08225665986537933,2,2,2,1,0,0,1,1,1
G:\Thesis\MonkSkinTone_Dataset\Segmented_MSTE\subject_13/PXL_20220922_140951373.jpg,2,2,1,0,0.050056736916303635,1,1,1,0,0,1,0,1,1
G:\Thesis\MonkSkinTone_Dataset\Segmented_MSTE\subject_13/PXL_20220922_140702450.PORTRAIT.jpg,2,2,1,0,0.27945658564567566,4,4,4,3,1,2,0,0,0
G:\Thesis\MonkSkinTone_Dataset\Segmented_MSTE\subject_13/PXL_20220922_140658431.PORTRAIT.jpg,2,2,1,0,0.20442548394203186,3,3,3,2,0,1,0,1,1
G:\Thesis\MonkSkinTone_Dataset\Segmented_MSTE\subject_13/PXL_20220922_140656981.PORTRAIT.jpg,2,2,1,0,0.17020449042320251,3,3,3,2,0,1,0,1,1
G:\Thesis\MonkSkinTone_Dataset\Segmented_MSTE\subject_13/PXL_20220922_140655381.PORTRAIT.jpg,2,2,1,0,0.23303596675395966,3,3,3,2,0,1,0,1,1
G:\Thesis\MonkSkinTone_Dataset\Segmented_MSTE\subject_13/PXL_20220922_140653888.PORTRAIT.jpg,2,2,1,0,0.24063554406166077,3,3,3,2,0,1,0,1,1
G:\Thesis\MonkSkinTone_Dataset\Segmented_MSTE\subject_13/PXL_20220922_140644738.PORTRAIT.jpg,2,2,1,0,0.19702504575252533,3,3,3,2,0,1,0,1,1
G:\Thesis\MonkSkinTone_Dataset\Segmented_MSTE\subject_13/PXL_20220922_140642650.PORTRAIT.jpg,2,2,1,0,0.13167397677898407,2,2,2,1,0,0,1,1,1
G:\Thesis\MonkSkinTone_Dataset\Segmented_MSTE\subject_13/PXL_20220922_140633904.PORTRAIT.jpg,2,2,1,0,0.2574382722377777,3,3,3,2,0,1,0,1,1
G:\Thesis\MonkSkinTone_Dataset\Segmented_MSTE\subject_13/PXL_20220922_140630454.PORTRAIT.jpg,2,2,1,0,0.1871659755706787,3,3,3,2,0,1,0,1,1
G:\Thesis\MonkSkinTone_Dataset\Segmented_MSTE\subject_13/PXL_20220922_140628854.PORTRAIT.jpg,2,2,1,0,0.23631857335567474,3,3,3,2,0,1,0,1,1
G:\Thesis\MonkSkinTone_Dataset\Segmented_MSTE\subject_13/PXL_20220922_140619957.PORTRAIT.jpg,2,2,1,0,0.08301685005426407,2,2,2,1,0,0,1,1,1
G:\Thesis\MonkSkinTone_Dataset\Segmented_MSTE\subject_13/PXL_20220922_140616754.PORTRAIT.jpg,2,2,1,0,0.14114788174629211,2,2,2,1,0,0,1,1,1
G:\Thesis\MonkSkinTone_Dataset\Segmented_MSTE\subject_13/PXL_20220922_140612466.PORTRAIT.jpg,2,2,1,0,0.13390293717384338,2,2,2,1,0,0,1,1,1
G:\Thesis\MonkSkinTone_Dataset\Segmented_MSTE\subject_13/PXL_20220922_140610185.PORTRAIT.jpg,2,2,1,0,0.10770741105079651,2,2,2,1,0,0,1,1,1
G:\Thesis\MonkSkinTone_Dataset\Segmented_MSTE\subject_13/PXL_20220922_140605730.PORTRAIT.jpg,2,2,1,0,0.11989335715770721,2,2,2,1,0,0,1,1,1
G:\Thesis\MonkSkinTone_Dataset\Segmented_MSTE\subject_13/PXL_20220922_140447635.PORTRAIT.jpg,2,2,1,0,0.24923953413963318,3,3,3,2,0,1,0,1,1
G:\Thesis\MonkSkinTone_Dataset\Segmented_MSTE\subject_12/PXL_20220922_180405910.jpg,10,10,9,2,0.5247833132743835,6,6,6,5,1,4,0,0,0
G:\Thesis\MonkSkinTone_Dataset\Segmented_MSTE\subject_12/PXL_20220922_180404243.jpg,10,10,9,2,0.46573367714881897,5,5,5,4,1,5,0,0,0
G:\Thesis\MonkSkinTone_Dataset\Segmented_MSTE\subject_12/PXL_20220922_180402602.jpg,10,10,9,2,0.48499536514282227,5,5,5,4,1,5,0,0,0
G:\Thesis\MonkSkinTone_Dataset\Segmented_MSTE\subject_12/PXL_20220922_180401189.jpg,10,10,9,2,0.3285244405269623,4,4,4,3,1,6,0,0,0
G:\Thesis\MonkSkinTone_Dataset\Segmented_MSTE\subject_12/PXL_20220922_180359528.jpg,10,10,9,2,0.3633926510810852,4,4,4,3,1,6,0,0,0
G:\Thesis\MonkSkinTone_Dataset\Segmented_MSTE\subject_12/PXL_20220922_180357914.jpg,10,10,9,2,0.3738553822040558,4,4,4,3,1,6,0,0,0
G:\Thesis\MonkSkinTone_Dataset\Segmented_MSTE\subject_12/PXL_20220922_180356379.jpg,10,10,9,2,0.2950543761253357,4,4,4,3,1,6,0,0,0
G:\Thesis\MonkSkinTone_Dataset\Segmented_MSTE\subject_12/PXL_20220922_180354606.jpg,10,10,9,2,0.5117530822753906,6,6,6,5,1,4,0,0,0
G:\Thesis\MonkSkinTone_Dataset\Segmented_MSTE\subject_12/PXL_20220922_180352904.jpg,10,10,9,2,0.45745447278022766,5,5,5,4,1,5,0,0,0
G:\Thesis\MonkSkinTone_Dataset\Segmented_MSTE\subject_12/PXL_20220922_180351165.jpg,10,10,9,2,0.2925136685371399,4,4,4,3,1,6,0,0,0
G:\Thesis\MonkSkinTone_Dataset\Segmented_MSTE\subject_12/PXL_20220922_180349385.jpg,10,10,9,2,0.4977721869945526,5,5,5,4,1,5,0,0,0
G:\Thesis\MonkSkinTone_Dataset\Segmented_MSTE\subject_12/PXL_20220922_180314441.jpg,10,10,9,2,0.6203509569168091,7,7,7,6,1,3,0,0,0
G:\Thesis\MonkSkinTone_Dataset\Segmented_MSTE\subject_12/PXL_20220922_180311261.jpg,10,10,9,2,0.6692296862602234,7,7,7,6,1,3,0,0,0
G:\Thesis\MonkSkinTone_Dataset\Segmented_MSTE\subject_12/PXL_20220922_180309530.jpg,10,10,9,2,0.6692111492156982,7,7,7,6,1,3,0,0,0
G:\Thesis\MonkSkinTone_Dataset\Segmented_MSTE\subject_12/PXL_20220922_180307812.jpg,10,10,9,2,0.5924445390701294,6,6,6,5,1,4,0,0,0
G:\Thesis\MonkSkinTone_Dataset\Segmented_MSTE\subject_12/PXL_20220922_180303876.jpg,10,10,9,2,0.6677546501159668,7,7,7,6,1,3,0,0,0
G:\Thesis\MonkSkinTone_Dataset\Segmented_MSTE\subject_12/PXL_20220922_175937878.jpg,10,10,9,2,0.4156915545463562,5,5,5,4,1,5,0,0,0
G:\Thesis\MonkSkinTone_Dataset\Segmented_MSTE\subject_12/PXL_20220922_175934881.jpg,10,10,9,2,0.5340512990951538,6,6,6,5,1,4,0,0,0
G:\Thesis\MonkSkinTone_Dataset\Segmented_MSTE\subject_12/PXL_20220922_175931440.jpg,10,10,9,2,0.5121855735778809,6,6,6,5,1,4,0,0,0
G:\Thesis\MonkSkinTone_Dataset\Segmented_MSTE\subject_12/PXL_20220922_175929773.jpg,10,10,9,2,0.5492776036262512,6,6,6,5,1,4,0,0,0
G:\Thesis\MonkSkinTone_Dataset\Segmented_MSTE\subject_12/PXL_20220922_175928064.jpg,10,10,9,2,0.6675301790237427,7,7,7,6,1,3,0,0,0
G:\Thesis\MonkSkinTone_Dataset\Segmented_MSTE\subject_12/PXL_20220922_175922739.jpg,10,10,9,2,0.6444351673126221,7,7,7,6,1,3,0,0,0
G:\Thesis\MonkSkinTone_Dataset\Segmented_MSTE\subject_12/PXL_20220922_175919159.jpg,10,10,9,2,0.7379012107849121,8,8,8,7,2,2,0,0,1
G:\Thesis\MonkSkinTone_Dataset\Segmented_MSTE\subject_12/PXL_20220922_175911736.jpg,10,10,9,2,0.33956724405288696,4,4,4,3,1,6,0,0,0
G:\Thesis\MonkSkinTone_Dataset\Segmented_MSTE\subject_12/PXL_20220922_175906610.jpg,10,10,9,2,0.5920386910438538,6,6,6,5,1,4,0,0,0
G:\Thesis\MonkSkinTone_Dataset\Segmented_MSTE\subject_12/PXL_20220922_175900468.jpg,10,10,9,2,0.5453946590423584,6,6,6,5,1,4,0,0,0
G:\Thesis\MonkSkinTone_Dataset\Segmented_MSTE\subject_12/PXL_20220922_175858636.jpg,10,10,9,2,0.5687791705131531,6,6,6,5,1,4,0,0,0
G:\Thesis\MonkSkinTone_Dataset\Segmented_MSTE\subject_12/PXL_20220922_175856539.jpg,10,10,9,2,0.5375890135765076,6,6,6,5,1,4,0,0,0
G:\Thesis\MonkSkinTone_Dataset\Segmented_MSTE\subject_12/PXL_20220922_175851796.jpg,10,10,9,2,0.3727381229400635,4,4,4,3,1,6,0,0,0
G:\Thesis\MonkSkinTone_Dataset\Segmented_MSTE\subject_12/PXL_20220922_175848809.jpg,10,10,9,2,0.5259478688240051,6,6,6,5,1,4,0,0,0
G:\Thesis\MonkSkinTone_Dataset\Segmented_MSTE\subject_12/PXL_20220922_175846375.jpg,10,10,9,2,0.5211389064788818,6,6,6,5,1,4,0,0,0
G:\Thesis\MonkSkinTone_Dataset\Segmented_MSTE\subject_12/PXL_20220922_175844972.jpg,10,10,9,2,0.6351399421691895,7,7,7,6,1,3,0,0,0
G:\Thesis\MonkSkinTone_Dataset\Segmented_MSTE\subject_12/PXL_20220922_175843515.jpg,10,10,9,2,0.3675512969493866,4,4,4,3,1,6,0,0,0
G:\Thesis\MonkSkinTone_Dataset\Segmented_MSTE\subject_12/PXL_20220922_175841186.jpg,10,10,9,2,0.4756490886211395,5,5,5,4,1,5,0,0,0
G:\Thesis\MonkSkinTone_Dataset\Segmented_MSTE\subject_12/PXL_20220922_175839844.jpg,10,10,9,2,0.29316750168800354,4,4,4,3,1,6,0,0,0
G:\Thesis\MonkSkinTone_Dataset\Segmented_MSTE\subject_12/PXL_20220922_175837877.jpg,10,10,9,2,0.6579098701477051,7,7,7,6,1,3,0,0,0
G:\Thesis\MonkSkinTone_Dataset\Segmented_MSTE\subject_12/PXL_20220922_175834037.jpg,10,10,9,2,0.7874528765678406,8,8,8,7,2,2,0,0,1
G:\Thesis\MonkSkinTone_Dataset\Segmented_MSTE\subject_12/PXL_20220922_175830391.jpg,10,10,9,2,0.6087145805358887,6,6,6,5,1,4,0,0,0
G:\Thesis\MonkSkinTone_Dataset\Segmented_MSTE\subject_12/PXL_20220922_175827000.jpg,10,10,9,2,0.503593385219574,6,6,6,5,1,4,0,0,0
G:\Thesis\MonkSkinTone_Dataset\Segmented_MSTE\subject_12/PXL_20220922_175816268.jpg,10,10,9,2,0.5731145143508911,6,6,6,5,1,4,0,0,0
G:\Thesis\MonkSkinTone_Dataset\Segmented_MSTE\subject_12/PXL_20220922_175737649.jpg,10,10,9,2,0.5108274817466736,6,6,6,5,1,4,0,0,0
G:\Thesis\MonkSkinTone_Dataset\Segmented_MSTE\subject_12/PXL_20220922_175736529.jpg,10,10,9,2,0.5137287974357605,6,6,6,5,1,4,0,0,0
G:\Thesis\MonkSkinTone_Dataset\Segmented_MSTE\subject_12/PXL_20220922_175735218.jpg,10,10,9,2,0.4952019453048706,5,5,5,4,1,5,0,0,0
G:\Thesis\MonkSkinTone_Dataset\Segmented_MSTE\subject_12/PXL_20220922_175733830.jpg,10,10,9,2,0.8232257962226868,8,8,8,7,2,2,0,0,1
G:\Thesis\MonkSkinTone_Dataset\Segmented_MSTE\subject_12/PXL_20220922_175732630.jpg,10,10,9,2,0.4870075583457947,5,5,5,4,1,5,0,0,0
G:\Thesis\MonkSkinTone_Dataset\Segmented_MSTE\subject_12/PXL_20220922_175728401.jpg,10,10,9,2,0.4055270254611969,5,5,5,4,1,5,0,0,0
G:\Thesis\MonkSkinTone_Dataset\Segmented_MSTE\subject_12/PXL_20220922_175726916.jpg,10,10,9,2,0.38326478004455566,4,4,4,3,1,6,0,0,0
G:\Thesis\MonkSkinTone_Dataset\Segmented_MSTE\subject_12/PXL_20220922_175725538.jpg,10,10,9,2,0.40680867433547974,5,5,5,4,1,5,0,0,0
G:\Thesis\MonkSkinTone_Dataset\Segmented_MSTE\subject_12/PXL_20220922_175724422.jpg,10,10,9,2,0.6887297630310059,7,7,7,6,1,3,0,0,0
G:\Thesis\MonkSkinTone_Dataset\Segmented_MSTE\subject_12/PXL_20220922_175722948.jpg,10,10,9,2,0.4747425615787506,5,5,5,4,1,5,0,0,0
G:\Thesis\MonkSkinTone_Dataset\Segmented_MSTE\subject_12/PXL_20220922_175718926.jpg,10,10,9,2,0.5092544555664062,6,6,6,5,1,4,0,0,0
G:\Thesis\MonkSkinTone_Dataset\Segmented_MSTE\subject_12/PXL_20220922_175717675.jpg,10,10,9,2,0.6836514472961426,7,7,7,6,1,3,0,0,0
G:\Thesis\MonkSkinTone_Dataset\Segmented_MSTE\subject_12/PXL_20220922_175716367.jpg,10,10,9,2,0.911451518535614,9,9,9,8,2,1,0,1,1
G:\Thesis\MonkSkinTone_Dataset\Segmented_MSTE\subject_12/PXL_20220922_175715255.jpg,10,10,9,2,0.5405977964401245,6,6,6,5,1,4,0,0,0
G:\Thesis\MonkSkinTone_Dataset\Segmented_MSTE\subject_12/PXL_20220922_175713987.jpg,10,10,9,2,0.7993162274360657,8,8,8,7,2,2,0,0,1
G:\Thesis\MonkSkinTone_Dataset\Segmented_MSTE\subject_12/PXL_20220922_175712230.jpg,10,10,9,2,0.3454681634902954,4,4,4,3,1,6,0,0,0
G:\Thesis\MonkSkinTone_Dataset\Segmented_MSTE\subject_12/PXL_20220922_175710848.jpg,10,10,9,2,0.5424006581306458,6,6,6,5,1,4,0,0,0
G:\Thesis\MonkSkinTone_Dataset\Segmented_MSTE\subject_12/PXL_20220922_175709463.jpg,10,10,9,2,0.8584038019180298,9,9,9,8,2,1,0,1,1
G:\Thesis\MonkSkinTone_Dataset\Segmented_MSTE\subject_12/PXL_20220922_175707910.jpg,10,10,9,2,0.3874935805797577,4,4,4,3,1,6,0,0,0
G:\Thesis\MonkSkinTone_Dataset\Segmented_MSTE\subject_12/PXL_20220922_175705794.jpg,10,10,9,2,0.8192745447158813,8,8,8,7,2,2,0,0,1
G:\Thesis\MonkSkinTone_Dataset\Segmented_MSTE\subject_12/PXL_20220922_175703876.jpg,10,10,9,2,0.8474984169006348,9,9,9,8,2,1,0,1,1
G:\Thesis\MonkSkinTone_Dataset\Segmented_MSTE\subject_12/PXL_20220922_175620994.jpg,10,10,9,2,0.7605980038642883,8,8,8,7,2,2,0,0,1
G:\Thesis\MonkSkinTone_Dataset\Segmented_MSTE\subject_12/PXL_20220922_175617676.jpg,10,10,9,2,0.8052723407745361,8,8,8,7,2,2,0,0,1
G:\Thesis\MonkSkinTone_Dataset\Segmented_MSTE\subject_12/PXL_20220922_175613080.jpg,10,10,9,2,0.6426342129707336,7,7,7,6,1,3,0,0,0
G:\Thesis\MonkSkinTone_Dataset\Segmented_MSTE\subject_12/PXL_20220922_175608493.jpg,10,10,9,2,0.7790763974189758,8,8,8,7,2,2,0,0,1
G:\Thesis\MonkSkinTone_Dataset\Segmented_MSTE\subject_12/PXL_20220922_175601727.jpg,10,10,9,2,0.6143677234649658,7,7,7,6,1,3,0,0,0
G:\Thesis\MonkSkinTone_Dataset\Segmented_MSTE\subject_12/PXL_20220922_175554301.jpg,10,10,9,2,0.7873589992523193,8,8,8,7,2,2,0,0,1
G:\Thesis\MonkSkinTone_Dataset\Segmented_MSTE\subject_12/PXL_20220922_175416521.jpg,10,10,9,2,0.7329782247543335,8,8,8,7,2,2,0,0,1
G:\Thesis\MonkSkinTone_Dataset\Segmented_MSTE\subject_12/PXL_20220922_175414428.jpg,10,10,9,2,0.7649312615394592,8,8,8,7,2,2,0,0,1
G:\Thesis\MonkSkinTone_Dataset\Segmented_MSTE\subject_12/PXL_20220922_175412551.jpg,10,10,9,2,0.7211185693740845,7,7,7,6,1,3,0,0,0
G:\Thesis\MonkSkinTone_Dataset\Segmented_MSTE\subject_12/PXL_20220922_175410892.jpg,10,10,9,2,0.7890475392341614,8,8,8,7,2,2,0,0,1
G:\Thesis\MonkSkinTone_Dataset\Segmented_MSTE\subject_12/PXL_20220922_175408667.jpg,10,10,9,2,0.7991240620613098,8,8,8,7,2,2,0,0,1
G:\Thesis\MonkSkinTone_Dataset\Segmented_MSTE\subject_12/PXL_20220922_175359002.jpg,10,10,9,2,0.7649640440940857,8,8,8,7,2,2,0,0,1
G:\Thesis\MonkSkinTone_Dataset\Segmented_MSTE\subject_12/PXL_20220922_175356974.jpg,10,10,9,2,0.7851410508155823,8,8,8,7,2,2,0,0,1
G:\Thesis\MonkSkinTone_Dataset\Segmented_MSTE\subject_12/PXL_20220922_175355467.jpg,10,10,9,2,0.7372738122940063,8,8,8,7,2,2,0,0,1
G:\Thesis\MonkSkinTone_Dataset\Segmented_MSTE\subject_12/PXL_20220922_175353614.jpg,10,10,9,2,0.7876958847045898,8,8,8,7,2,2,0,0,1
G:\Thesis\MonkSkinTone_Dataset\Segmented_MSTE\subject_12/PXL_20220922_175351069.jpg,10,10,9,2,0.804265558719635,8,8,8,7,2,2,0,0,1
G:\Thesis\MonkSkinTone_Dataset\Segmented_MSTE\subject_12/PXL_20220922_175335134.jpg,10,10,9,2,0.7836092710494995,8,8,8,7,2,2,0,0,1
G:\Thesis\MonkSkinTone_Dataset\Segmented_MSTE\subject_12/PXL_20220922_175333048.jpg,10,10,9,2,0.736416757106781,8,8,8,7,2,2,0,0,1
G:\Thesis\MonkSkinTone_Dataset\Segmented_MSTE\subject_12/PXL_20220922_175330462.jpg,10,10,9,2,0.7304759621620178,8,8,8,7,2,2,0,0,1
G:\Thesis\MonkSkinTone_Dataset\Segmented_MSTE\subject_12/PXL_20220922_175328231.jpg,10,10,9,2,0.8140337467193604,8,8,8,7,2,2,0,0,1
G:\Thesis\MonkSkinTone_Dataset\Segmented_MSTE\subject_12/PXL_20220922_175325536.jpg,10,10,9,2,0.837283194065094,9,9,9,8,2,1,0,1,1
G:\Thesis\MonkSkinTone_Dataset\Segmented_MSTE\subject_12/PXL_20220922_175315326.jpg,10,10,9,2,0.7458856701850891,8,8,8,7,2,2,0,0,1
G:\Thesis\MonkSkinTone_Dataset\Segmented_MSTE\subject_12/PXL_20220922_175312693.jpg,10,10,9,2,0.7696905732154846,8,8,8,7,2,2,0,0,1
G:\Thesis\MonkSkinTone_Dataset\Segmented_MSTE\subject_12/PXL_20220922_175309582.jpg,10,10,9,2,0.7389019131660461,8,8,8,7,2,2,0,0,1
G:\Thesis\MonkSkinTone_Dataset\Segmented_MSTE\subject_12/PXL_20220922_175307113.jpg,10,10,9,2,0.8402189016342163,9,9,9,8,2,1,0,1,1
G:\Thesis\MonkSkinTone_Dataset\Segmented_MSTE\subject_12/PXL_20220922_175304753.jpg,10,10,9,2,0.7667906284332275,8,8,8,7,2,2,0,0,1
G:\Thesis\MonkSkinTone_Dataset\Segmented_MSTE\subject_12/PXL_20220922_175223698.jpg,10,10,9,2,0.7773669362068176,8,8,8,7,2,2,0,0,1
G:\Thesis\MonkSkinTone_Dataset\Segmented_MSTE\subject_12/PXL_20220922_175222824.jpg,10,10,9,2,0.42751452326774597,5,5,5,4,1,5,0,0,0
G:\Thesis\MonkSkinTone_Dataset\Segmented_MSTE\subject_12/PXL_20220922_175221016.jpg,10,10,9,2,0.7248796820640564,8,8,8,7,2,2,0,0,1
G:\Thesis\MonkSkinTone_Dataset\Segmented_MSTE\subject_12/PXL_20220922_175218550.jpg,10,10,9,2,0.6764495968818665,7,7,7,6,1,3,0,0,0
G:\Thesis\MonkSkinTone_Dataset\Segmented_MSTE\subject_12/PXL_20220922_175216751.jpg,10,10,9,2,0.7649407386779785,8,8,8,7,2,2,0,0,1
G:\Thesis\MonkSkinTone_Dataset\Segmented_MSTE\subject_12/PXL_20220922_175213980.jpg,10,10,9,2,0.7428252100944519,8,8,8,7,2,2,0,0,1
G:\Thesis\MonkSkinTone_Dataset\Segmented_MSTE\subject_12/PXL_20220922_175212910.jpg,10,10,9,2,0.7432655096054077,8,8,8,7,2,2,0,0,1
G:\Thesis\MonkSkinTone_Dataset\Segmented_MSTE\subject_12/PXL_20220922_175210525.jpg,10,10,9,2,0.7755124568939209,8,8,8,7,2,2,0,0,1
G:\Thesis\MonkSkinTone_Dataset\Segmented_MSTE\subject_12/PXL_20220922_175205602.jpg,10,10,9,2,0.7750616073608398,8,8,8,7,2,2,0,0,1
G:\Thesis\MonkSkinTone_Dataset\Segmented_MSTE\subject_12/PXL_20220922_175203683.jpg,10,10,9,2,0.7318833470344543,8,8,8,7,2,2,0,0,1
G:\Thesis\MonkSkinTone_Dataset\Segmented_MSTE\subject_12/PXL_20220922_175201134.jpg,10,10,9,2,0.7255865335464478,8,8,8,7,2,2,0,0,1
G:\Thesis\MonkSkinTone_Dataset\Segmented_MSTE\subject_12/PXL_20220922_175159465.jpg,10,10,9,2,0.7884858846664429,8,8,8,7,2,2,0,0,1
G:\Thesis\MonkSkinTone_Dataset\Segmented_MSTE\subject_12/PXL_20220922_175157945.jpg,10,10,9,2,0.727624237537384,8,8,8,7,2,2,0,0,1
G:\Thesis\MonkSkinTone_Dataset\Segmented_MSTE\subject_12/PXL_20220922_175155744.jpg,10,10,9,2,0.7032186388969421,7,7,7,6,1,3,0,0,0
G:\Thesis\MonkSkinTone_Dataset\Segmented_MSTE\subject_12/PXL_20220922_175154352.jpg,10,10,9,2,0.5497817397117615,6,6,6,5,1,4,0,0,0
G:\Thesis\MonkSkinTone_Dataset\Segmented_MSTE\subject_12/PXL_20220922_175152817.jpg,10,10,9,2,0.6588551998138428,7,7,7,6,1,3,0,0,0
G:\Thesis\MonkSkinTone_Dataset\Segmented_MSTE\subject_12/PXL_20220922_175151358.jpg,10,10,9,2,0.7815953493118286,8,8,8,7,2,2,0,0,1
G:\Thesis\MonkSkinTone_Dataset\Segmented_MSTE\subject_12/PXL_20220922_175149121.jpg,10,10,9,2,0.6394616961479187,7,7,7,6,1,3,0,0,0
G:\Thesis\MonkSkinTone_Dataset\Segmented_MSTE\subject_12/PXL_20220922_175145715.jpg,10,10,9,2,0.792493462562561,8,8,8,7,2,2,0,0,1
G:\Thesis\MonkSkinTone_Dataset\Segmented_MSTE\subject_12/PXL_20220922_175143920.jpg,10,10,9,2,0.7431269884109497,8,8,8,7,2,2,0,0,1
G:\Thesis\MonkSkinTone_Dataset\Segmented_MSTE\subject_12/PXL_20220922_175142212.jpg,10,10,9,2,0.6910130977630615,7,7,7,6,1,3,0,0,0
G:\Thesis\MonkSkinTone_Dataset\Segmented_MSTE\subject_12/PXL_20220922_175140560.jpg,10,10,9,2,0.8677914142608643,9,9,9,8,2,1,0,1,1
G:\Thesis\MonkSkinTone_Dataset\Segmented_MSTE\subject_12/PXL_20220922_175138290.jpg,10,10,9,2,0.7350593209266663,8,8,8,7,2,2,0,0,1
G:\Thesis\MonkSkinTone_Dataset\Segmented_MSTE\subject_11/PXL_20220922_194043213.PORTRAIT.jpg,5,5,4,1,0.4731176197528839,5,5,5,4,1,0,1,1,1
G:\Thesis\MonkSkinTone_Dataset\Segmented_MSTE\subject_11/PXL_20220922_195139258.jpg,5,5,4,1,0.42488351464271545,5,5,5,4,1,0,1,1,1
G:\Thesis\MonkSkinTone_Dataset\Segmented_MSTE\subject_11/PXL_20220922_195132751.jpg,5,5,4,1,0.3716282248497009,4,4,4,3,1,1,0,1,1
G:\Thesis\MonkSkinTone_Dataset\Segmented_MSTE\subject_11/PXL_20220922_195125067.jpg,5,5,4,1,0.46507728099823,5,5,5,4,1,0,1,1,1
G:\Thesis\MonkSkinTone_Dataset\Segmented_MSTE\subject_11/PXL_20220922_194839785.jpg,5,5,4,1,0.3214234709739685,4,4,4,3,1,1,0,1,1
G:\Thesis\MonkSkinTone_Dataset\Segmented_MSTE\subject_11/PXL_20220922_194838596.jpg,5,5,4,1,0.6560307145118713,7,7,7,6,1,2,0,0,1
G:\Thesis\MonkSkinTone_Dataset\Segmented_MSTE\subject_11/PXL_20220922_194835814.jpg,5,5,4,1,0.41064563393592834,5,5,5,4,1,0,1,1,1
G:\Thesis\MonkSkinTone_Dataset\Segmented_MSTE\subject_11/PXL_20220922_194833505.jpg,5,5,4,1,0.41757965087890625,5,5,5,4,1,0,1,1,1
G:\Thesis\MonkSkinTone_Dataset\Segmented_MSTE\subject_11/PXL_20220922_194832008.jpg,5,5,4,1,0.36016589403152466,4,4,4,3,1,1,0,1,1
G:\Thesis\MonkSkinTone_Dataset\Segmented_MSTE\subject_11/PXL_20220922_194830538.jpg,5,5,4,1,0.6487230658531189,7,7,7,6,1,2,0,0,1
G:\Thesis\MonkSkinTone_Dataset\Segmented_MSTE\subject_11/PXL_20220922_194828973.jpg,5,5,4,1,0.5257298350334167,6,6,6,5,1,1,0,1,1
G:\Thesis\MonkSkinTone_Dataset\Segmented_MSTE\subject_11/PXL_20220922_194827634.jpg,5,5,4,1,0.7295206785202026,8,8,8,7,2,3,0,0,0
G:\Thesis\MonkSkinTone_Dataset\Segmented_MSTE\subject_11/PXL_20220922_194826234.jpg,5,5,4,1,0.40295085310935974,5,5,5,4,1,0,1,1,1
G:\Thesis\MonkSkinTone_Dataset\Segmented_MSTE\subject_11/PXL_20220922_194815935.jpg,5,5,4,1,0.3236052393913269,4,4,4,3,1,1,0,1,1
G:\Thesis\MonkSkinTone_Dataset\Segmented_MSTE\subject_11/PXL_20220922_194813421.jpg,5,5,4,1,0.4756450951099396,5,5,5,4,1,0,1,1,1
G:\Thesis\MonkSkinTone_Dataset\Segmented_MSTE\subject_11/PXL_20220922_194811186.jpg,5,5,4,1,0.3160766661167145,4,4,4,3,1,1,0,1,1
G:\Thesis\MonkSkinTone_Dataset\Segmented_MSTE\subject_11/PXL_20220922_194810135.jpg,5,5,4,1,0.5196352005004883,6,6,6,5,1,1,0,1,1
G:\Thesis\MonkSkinTone_Dataset\Segmented_MSTE\subject_11/PXL_20220922_194808967.jpg,5,5,4,1,0.4217063784599304,5,5,5,4,1,0,1,1,1
G:\Thesis\MonkSkinTone_Dataset\Segmented_MSTE\subject_11/PXL_20220922_194806383.jpg,5,5,4,1,0.5183804631233215,6,6,6,5,1,1,0,1,1
G:\Thesis\MonkSkinTone_Dataset\Segmented_MSTE\subject_11/PXL_20220922_194710700.jpg,5,5,4,1,0.4369288682937622,5,5,5,4,1,0,1,1,1
G:\Thesis\MonkSkinTone_Dataset\Segmented_MSTE\subject_11/PXL_20220922_194709702.jpg,5,5,4,1,0.19527417421340942,3,3,3,2,0,2,0,0,0
G:\Thesis\MonkSkinTone_Dataset\Segmented_MSTE\subject_11/PXL_20220922_194708639.jpg,5,5,4,1,0.2581670582294464,3,3,3,2,0,2,0,0,0
G:\Thesis\MonkSkinTone_Dataset\Segmented_MSTE\subject_11/PXL_20220922_194707277.jpg,5,5,4,1,0.2389914095401764,3,3,3,2,0,2,0,0,0
G:\Thesis\MonkSkinTone_Dataset\Segmented_MSTE\subject_11/PXL_20220922_194704597.jpg,5,5,4,1,0.2817668616771698,4,4,4,3,1,1,0,1,1
G:\Thesis\MonkSkinTone_Dataset\Segmented_MSTE\subject_11/PXL_20220922_194703609.jpg,5,5,4,1,0.4606892764568329,5,5,5,4,1,0,1,1,1
G:\Thesis\MonkSkinTone_Dataset\Segmented_MSTE\subject_11/PXL_20220922_194702025.jpg,5,5,4,1,0.25921952724456787,3,3,3,2,0,2,0,0,0
G:\Thesis\MonkSkinTone_Dataset\Segmented_MSTE\subject_11/PXL_20220922_194700623.jpg,5,5,4,1,0.2603696882724762,3,3,3,2,0,2,0,0,0
G:\Thesis\MonkSkinTone_Dataset\Segmented_MSTE\subject_11/PXL_20220922_194659198.jpg,5,5,4,1,0.3574863076210022,4,4,4,3,1,1,0,1,1
G:\Thesis\MonkSkinTone_Dataset\Segmented_MSTE\subject_11/PXL_20220922_194656564.jpg,5,5,4,1,0.3363012969493866,4,4,4,3,1,1,0,1,1
G:\Thesis\MonkSkinTone_Dataset\Segmented_MSTE\subject_11/PXL_20220922_194609641.jpg,5,5,4,1,0.5454943776130676,6,6,6,5,1,1,0,1,1
G:\Thesis\MonkSkinTone_Dataset\Segmented_MSTE\subject_11/PXL_20220922_194608256.jpg,5,5,4,1,0.5709091424942017,6,6,6,5,1,1,0,1,1
G:\Thesis\MonkSkinTone_Dataset\Segmented_MSTE\subject_11/PXL_20220922_194606938.jpg,5,5,4,1,0.3879125118255615,4,4,4,3,1,1,0,1,1
G:\Thesis\MonkSkinTone_Dataset\Segmented_MSTE\subject_11/PXL_20220922_194605555.jpg,5,5,4,1,0.4901089072227478,5,5,5,4,1,0,1,1,1
G:\Thesis\MonkSkinTone_Dataset\Segmented_MSTE\subject_11/PXL_20220922_194602207.jpg,5,5,4,1,0.412394255399704,5,5,5,4,1,0,1,1,1
G:\Thesis\MonkSkinTone_Dataset\Segmented_MSTE\subject_11/PXL_20220922_194600792.jpg,5,5,4,1,0.586497962474823,6,6,6,5,1,1,0,1,1
G:\Thesis\MonkSkinTone_Dataset\Segmented_MSTE\subject_11/PXL_20220922_194559610.jpg,5,5,4,1,0.6352001428604126,7,7,7,6,1,2,0,0,1
G:\Thesis\MonkSkinTone_Dataset\Segmented_MSTE\subject_11/PXL_20220922_194558533.jpg,5,5,4,1,0.47662362456321716,5,5,5,4,1,0,1,1,1
G:\Thesis\MonkSkinTone_Dataset\Segmented_MSTE\subject_11/PXL_20220922_194557410.jpg,5,5,4,1,0.5384567379951477,6,6,6,5,1,1,0,1,1
G:\Thesis\MonkSkinTone_Dataset\Segmented_MSTE\subject_11/PXL_20220922_194553257.jpg,5,5,4,1,0.45823171734809875,5,5,5,4,1,0,1,1,1
G:\Thesis\MonkSkinTone_Dataset\Segmented_MSTE\subject_11/PXL_20220922_194552004.jpg,5,5,4,1,0.49573174118995667,5,5,5,4,1,0,1,1,1
G:\Thesis\MonkSkinTone_Dataset\Segmented_MSTE\subject_11/PXL_20220922_194550829.jpg,5,5,4,1,0.5940662622451782,6,6,6,5,1,1,0,1,1
G:\Thesis\MonkSkinTone_Dataset\Segmented_MSTE\subject_11/PXL_20220922_194549170.jpg,5,5,4,1,0.44735607504844666,5,5,5,4,1,0,1,1,1
G:\Thesis\MonkSkinTone_Dataset\Segmented_MSTE\subject_11/PXL_20220922_194548132.jpg,5,5,4,1,0.5158523917198181,6,6,6,5,1,1,0,1,1
G:\Thesis\MonkSkinTone_Dataset\Segmented_MSTE\subject_11/PXL_20220922_194546635.jpg,5,5,4,1,0.6063578724861145,6,6,6,5,1,1,0,1,1
G:\Thesis\MonkSkinTone_Dataset\Segmented_MSTE\subject_11/PXL_20220922_194545662.jpg,5,5,4,1,0.5468857288360596,6,6,6,5,1,1,0,1,1
G:\Thesis\MonkSkinTone_Dataset\Segmented_MSTE\subject_11/PXL_20220922_194544335.jpg,5,5,4,1,0.5340474247932434,6,6,6,5,1,1,0,1,1
G:\Thesis\MonkSkinTone_Dataset\Segmented_MSTE\subject_11/PXL_20220922_194420621.jpg,5,5,4,1,0.7370542287826538,8,8,8,7,2,3,0,0,0
G:\Thesis\MonkSkinTone_Dataset\Segmented_MSTE\subject_11/PXL_20220922_194419604.jpg,5,5,4,1,0.5472133755683899,6,6,6,5,1,1,0,1,1
G:\Thesis\MonkSkinTone_Dataset\Segmented_MSTE\subject_11/PXL_20220922_194417606.jpg,5,5,4,1,0.4553624987602234,5,5,5,4,1,0,1,1,1
G:\Thesis\MonkSkinTone_Dataset\Segmented_MSTE\subject_11/PXL_20220922_194416689.jpg,5,5,4,1,0.317587673664093,4,4,4,3,1,1,0,1,1
G:\Thesis\MonkSkinTone_Dataset\Segmented_MSTE\subject_11/PXL_20220922_194415718.jpg,5,5,4,1,0.21643145382404327,3,3,3,2,0,2,0,0,0
G:\Thesis\MonkSkinTone_Dataset\Segmented_MSTE\subject_11/PXL_20220922_194411620.jpg,5,5,4,1,0.7005719542503357,7,7,7,6,1,2,0,0,1
G:\Thesis\MonkSkinTone_Dataset\Segmented_MSTE\subject_11/PXL_20220922_194410570.jpg,5,5,4,1,0.626265287399292,7,7,7,6,1,2,0,0,1
G:\Thesis\MonkSkinTone_Dataset\Segmented_MSTE\subject_11/PXL_20220922_194409241.jpg,5,5,4,1,0.3173293173313141,4,4,4,3,1,1,0,1,1
G:\Thesis\MonkSkinTone_Dataset\Segmented_MSTE\subject_11/PXL_20220922_194407675.jpg,5,5,4,1,0.23202729225158691,3,3,3,2,0,2,0,0,0
G:\Thesis\MonkSkinTone_Dataset\Segmented_MSTE\subject_11/PXL_20220922_194406571.jpg,5,5,4,1,0.4006558358669281,5,5,5,4,1,0,1,1,1
G:\Thesis\MonkSkinTone_Dataset\Segmented_MSTE\subject_11/PXL_20220922_194400921.jpg,5,5,4,1,0.5283194780349731,6,6,6,5,1,1,0,1,1
G:\Thesis\MonkSkinTone_Dataset\Segmented_MSTE\subject_11/PXL_20220922_194359874.jpg,5,5,4,1,0.803356945514679,8,8,8,7,2,3,0,0,0
G:\Thesis\MonkSkinTone_Dataset\Segmented_MSTE\subject_11/PXL_20220922_194358507.jpg,5,5,4,1,0.4764459729194641,5,5,5,4,1,0,1,1,1
G:\Thesis\MonkSkinTone_Dataset\Segmented_MSTE\subject_11/PXL_20220922_194357448.jpg,5,5,4,1,0.45240074396133423,5,5,5,4,1,0,1,1,1
G:\Thesis\MonkSkinTone_Dataset\Segmented_MSTE\subject_11/PXL_20220922_194356378.jpg,5,5,4,1,0.4335371255874634,5,5,5,4,1,0,1,1,1
G:\Thesis\MonkSkinTone_Dataset\Segmented_MSTE\subject_11/PXL_20220922_194353957.jpg,5,5,4,1,0.3471379578113556,4,4,4,3,1,1,0,1,1
G:\Thesis\MonkSkinTone_Dataset\Segmented_MSTE\subject_11/PXL_20220922_194352302.jpg,5,5,4,1,0.7706901431083679,8,8,8,7,2,3,0,0,0
G:\Thesis\MonkSkinTone_Dataset\Segmented_MSTE\subject_11/PXL_20220922_194351285.jpg,5,5,4,1,0.7242768406867981,8,8,8,7,2,3,0,0,0
G:\Thesis\MonkSkinTone_Dataset\Segmented_MSTE\subject_11/PXL_20220922_194349832.jpg,5,5,4,1,0.5889551043510437,6,6,6,5,1,1,0,1,1
G:\Thesis\MonkSkinTone_Dataset\Segmented_MSTE\subject_11/PXL_20220922_194348664.jpg,5,5,4,1,0.4502767026424408,5,5,5,4,1,0,1,1,1
G:\Thesis\MonkSkinTone_Dataset\Segmented_MSTE\subject_11/PXL_20220922_194342509.jpg,5,5,4,1,0.37646403908729553,4,4,4,3,1,1,0,1,1
G:\Thesis\MonkSkinTone_Dataset\Segmented_MSTE\subject_11/PXL_20220922_194341122.jpg,5,5,4,1,0.36454084515571594,4,4,4,3,1,1,0,1,1
G:\Thesis\MonkSkinTone_Dataset\Segmented_MSTE\subject_11/PXL_20220922_194339820.jpg,5,5,4,1,0.3571001887321472,4,4,4,3,1,1,0,1,1
G:\Thesis\MonkSkinTone_Dataset\Segmented_MSTE\subject_11/PXL_20220922_194338361.jpg,5,5,4,1,0.2482064664363861,3,3,3,2,0,2,0,0,0
G:\Thesis\MonkSkinTone_Dataset\Segmented_MSTE\subject_11/PXL_20220922_194151515.PORTRAIT.jpg,5,5,4,1,0.7076981663703918,7,7,7,6,1,2,0,0,1
G:\Thesis\MonkSkinTone_Dataset\Segmented_MSTE\subject_11/PXL_20220922_194149978.PORTRAIT.jpg,5,5,4,1,0.4081929326057434,5,5,5,4,1,0,1,1,1
G:\Thesis\MonkSkinTone_Dataset\Segmented_MSTE\subject_11/PXL_20220922_194148401.PORTRAIT.jpg,5,5,4,1,0.4115513265132904,5,5,5,4,1,0,1,1,1
G:\Thesis\MonkSkinTone_Dataset\Segmented_MSTE\subject_11/PXL_20220922_194146740.PORTRAIT.jpg,5,5,4,1,0.6210976243019104,7,7,7,6,1,2,0,0,1
G:\Thesis\MonkSkinTone_Dataset\Segmented_MSTE\subject_11/PXL_20220922_194144154.PORTRAIT.jpg,5,5,4,1,0.3297700881958008,4,4,4,3,1,1,0,1,1
G:\Thesis\MonkSkinTone_Dataset\Segmented_MSTE\subject_11/PXL_20220922_194132469.PORTRAIT.jpg,5,5,4,1,0.5512396097183228,6,6,6,5,1,1,0,1,1
G:\Thesis\MonkSkinTone_Dataset\Segmented_MSTE\subject_11/PXL_20220922_194130709.PORTRAIT.jpg,5,5,4,1,0.5525833964347839,6,6,6,5,1,1,0,1,1
G:\Thesis\MonkSkinTone_Dataset\Segmented_MSTE\subject_11/PXL_20220922_194128523.PORTRAIT.jpg,5,5,4,1,0.47329267859458923,5,5,5,4,1,0,1,1,1
G:\Thesis\MonkSkinTone_Dataset\Segmented_MSTE\subject_11/PXL_20220922_194126652.PORTRAIT.jpg,5,5,4,1,0.6005902290344238,6,6,6,5,1,1,0,1,1
G:\Thesis\MonkSkinTone_Dataset\Segmented_MSTE\subject_11/PXL_20220922_194117414.PORTRAIT.jpg,5,5,4,1,0.5381339192390442,6,6,6,5,1,1,0,1,1
G:\Thesis\MonkSkinTone_Dataset\Segmented_MSTE\subject_11/PXL_20220922_194115944.PORTRAIT.jpg,5,5,4,1,0.7041643261909485,7,7,7,6,1,2,0,0,1
G:\Thesis\MonkSkinTone_Dataset\Segmented_MSTE\subject_11/PXL_20220922_194114230.PORTRAIT.jpg,5,5,4,1,0.6356438398361206,7,7,7,6,1,2,0,0,1
G:\Thesis\MonkSkinTone_Dataset\Segmented_MSTE\subject_11/PXL_20220922_194111977.PORTRAIT.jpg,5,5,4,1,0.56996089220047,6,6,6,5,1,1,0,1,1
G:\Thesis\MonkSkinTone_Dataset\Segmented_MSTE\subject_11/PXL_20220922_194109470.PORTRAIT.jpg,5,5,4,1,0.4432881772518158,5,5,5,4,1,0,1,1,1
G:\Thesis\MonkSkinTone_Dataset\Segmented_MSTE\subject_11/PXL_20220922_194103210.PORTRAIT.jpg,5,5,4,1,0.6164593696594238,7,7,7,6,1,2,0,0,1
G:\Thesis\MonkSkinTone_Dataset\Segmented_MSTE\subject_11/PXL_20220922_194101168.PORTRAIT.jpg,5,5,4,1,0.6823011040687561,7,7,7,6,1,2,0,0,1
G:\Thesis\MonkSkinTone_Dataset\Segmented_MSTE\subject_11/PXL_20220922_194059320.PORTRAIT.jpg,5,5,4,1,0.6778046488761902,7,7,7,6,1,2,0,0,1
G:\Thesis\MonkSkinTone_Dataset\Segmented_MSTE\subject_11/PXL_20220922_194057359.PORTRAIT.jpg,5,5,4,1,0.5758918523788452,6,6,6,5,1,1,0,1,1
G:\Thesis\MonkSkinTone_Dataset\Segmented_MSTE\subject_11/PXL_20220922_194054240.PORTRAIT.jpg,5,5,4,1,0.2754398286342621,3,3,3,2,0,2,0,0,0
G:\Thesis\MonkSkinTone_Dataset\Segmented_MSTE\subject_11/PXL_20220922_194051594.PORTRAIT.jpg,5,5,4,1,0.3349641263484955,4,4,4,3,1,1,0,1,1
G:\Thesis\MonkSkinTone_Dataset\Segmented_MSTE\subject_11/PXL_20220922_194049976.PORTRAIT.jpg,5,5,4,1,0.6156394481658936,7,7,7,6,1,2,0,0,1
G:\Thesis\MonkSkinTone_Dataset\Segmented_MSTE\subject_11/PXL_20220922_194048360.PORTRAIT.jpg,5,5,4,1,0.6018360257148743,6,6,6,5,1,1,0,1,1
G:\Thesis\MonkSkinTone_Dataset\Segmented_MSTE\subject_11/PXL_20220922_194046302.PORTRAIT.jpg,5,5,4,1,0.6525007486343384,7,7,7,6,1,2,0,0,1
G:\Thesis\MonkSkinTone_Dataset\Segmented_MSTE\subject_11/PXL_20220922_194043213.PORTRAIT.jpg,5,5,4,1,0.4731176197528839,5,5,5,4,1,0,1,1,1
G:\Thesis\MonkSkinTone_Dataset\Segmented_MSTE\subject_10/PXL_20220922_195423628.jpg,9,9,8,2,0.7515234351158142,8,8,8,7,2,1,0,1,1
G:\Thesis\MonkSkinTone_Dataset\Segmented_MSTE\subject_10/PXL_20220922_200213044.jpg,9,9,8,2,0.6569689512252808,7,7,7,6,1,2,0,0,0
G:\Thesis\MonkSkinTone_Dataset\Segmented_MSTE\subject_10/PXL_20220922_200207745.jpg,9,9,8,2,0.7480811476707458,8,8,8,7,2,1,0,1,1
G:\Thesis\MonkSkinTone_Dataset\Segmented_MSTE\subject_10/PXL_20220922_200206611.jpg,9,9,8,2,0.8531115055084229,9,9,9,8,2,0,1,1,1
G:\Thesis\MonkSkinTone_Dataset\Segmented_MSTE\subject_10/PXL_20220922_200205248.jpg,9,9,8,2,0.8188691139221191,8,8,8,7,2,1,0,1,1
G:\Thesis\MonkSkinTone_Dataset\Segmented_MSTE\subject_10/PXL_20220922_200152527.jpg,9,9,8,2,0.7421120405197144,8,8,8,7,2,1,0,1,1
G:\Thesis\MonkSkinTone_Dataset\Segmented_MSTE\subject_10/PXL_20220922_200146545.jpg,9,9,8,2,0.5898765325546265,6,6,6,5,1,3,0,0,0
G:\Thesis\MonkSkinTone_Dataset\Segmented_MSTE\subject_10/PXL_20220922_200138910.jpg,9,9,8,2,0.6373042464256287,7,7,7,6,1,2,0,0,0
G:\Thesis\MonkSkinTone_Dataset\Segmented_MSTE\subject_10/PXL_20220922_200027198.jpg,9,9,8,2,0.34411612153053284,4,4,4,3,1,5,0,0,0
G:\Thesis\MonkSkinTone_Dataset\Segmented_MSTE\subject_10/PXL_20220922_200020824.jpg,9,9,8,2,0.563438892364502,6,6,6,5,1,3,0,0,0
G:\Thesis\MonkSkinTone_Dataset\Segmented_MSTE\subject_10/PXL_20220922_200017828.jpg,9,9,8,2,0.6252731084823608,7,7,7,6,1,2,0,0,0
G:\Thesis\MonkSkinTone_Dataset\Segmented_MSTE\subject_10/PXL_20220922_200010788.jpg,9,9,8,2,0.36707982420921326,4,4,4,3,1,5,0,0,0
G:\Thesis\MonkSkinTone_Dataset\Segmented_MSTE\subject_10/PXL_20220922_200003963.jpg,9,9,8,2,0.4191175699234009,5,5,5,4,1,4,0,0,0
G:\Thesis\MonkSkinTone_Dataset\Segmented_MSTE\subject_10/PXL_20220922_200000614.jpg,9,9,8,2,0.6493359208106995,7,7,7,6,1,2,0,0,0
G:\Thesis\MonkSkinTone_Dataset\Segmented_MSTE\subject_10/PXL_20220922_195956509.jpg,9,9,8,2,0.4041788578033447,5,5,5,4,1,4,0,0,0
G:\Thesis\MonkSkinTone_Dataset\Segmented_MSTE\subject_10/PXL_20220922_195953468.jpg,9,9,8,2,0.718666672706604,7,7,7,6,1,2,0,0,0
G:\Thesis\MonkSkinTone_Dataset\Segmented_MSTE\subject_10/PXL_20220922_195950116.jpg,9,9,8,2,0.3123389780521393,4,4,4,3,1,5,0,0,0
G:\Thesis\MonkSkinTone_Dataset\Segmented_MSTE\subject_10/PXL_20220922_195946651.jpg,9,9,8,2,0.6715102195739746,7,7,7,6,1,2,0,0,0
G:\Thesis\MonkSkinTone_Dataset\Segmented_MSTE\subject_10/PXL_20220922_195944058.jpg,9,9,8,2,0.7004489898681641,7,7,7,6,1,2,0,0,0
G:\Thesis\MonkSkinTone_Dataset\Segmented_MSTE\subject_10/PXL_20220922_195838924.jpg,9,9,8,2,0.6678428649902344,7,7,7,6,1,2,0,0,0
G:\Thesis\MonkSkinTone_Dataset\Segmented_MSTE\subject_10/PXL_20220922_195836856.jpg,9,9,8,2,0.6755926012992859,7,7,7,6,1,2,0,0,0
G:\Thesis\MonkSkinTone_Dataset\Segmented_MSTE\subject_10/PXL_20220922_195832291.jpg,9,9,8,2,0.6744042038917542,7,7,7,6,1,2,0,0,0
G:\Thesis\MonkSkinTone_Dataset\Segmented_MSTE\subject_10/PXL_20220922_195829652.jpg,9,9,8,2,0.7734537720680237,8,8,8,7,2,1,0,1,1
G:\Thesis\MonkSkinTone_Dataset\Segmented_MSTE\subject_10/PXL_20220922_195735806.jpg,9,9,8,2,0.7407792806625366,8,8,8,7,2,1,0,1,1
G:\Thesis\MonkSkinTone_Dataset\Segmented_MSTE\subject_10/PXL_20220922_195729264.jpg,9,9,8,2,0.7416701316833496,8,8,8,7,2,1,0,1,1
G:\Thesis\MonkSkinTone_Dataset\Segmented_MSTE\subject_10/PXL_20220922_195725795.jpg,9,9,8,2,0.770121157169342,8,8,8,7,2,1,0,1,1
G:\Thesis\MonkSkinTone_Dataset\Segmented_MSTE\subject_10/PXL_20220922_195722247.jpg,9,9,8,2,0.6345187425613403,7,7,7,6,1,2,0,0,0
G:\Thesis\MonkSkinTone_Dataset\Segmented_MSTE\subject_10/PXL_20220922_195719843.jpg,9,9,8,2,0.757354736328125,8,8,8,7,2,1,0,1,1
G:\Thesis\MonkSkinTone_Dataset\Segmented_MSTE\subject_10/PXL_20220922_195714210.jpg,9,9,8,2,0.7282958030700684,8,8,8,7,2,1,0,1,1
G:\Thesis\MonkSkinTone_Dataset\Segmented_MSTE\subject_10/PXL_20220922_195711268.jpg,9,9,8,2,0.7651901841163635,8,8,8,7,2,1,0,1,1
G:\Thesis\MonkSkinTone_Dataset\Segmented_MSTE\subject_10/PXL_20220922_195707349.jpg,9,9,8,2,0.7782377600669861,8,8,8,7,2,1,0,1,1
G:\Thesis\MonkSkinTone_Dataset\Segmented_MSTE\subject_10/PXL_20220922_195700279.jpg,9,9,8,2,0.7135002613067627,7,7,7,6,1,2,0,0,0
G:\Thesis\MonkSkinTone_Dataset\Segmented_MSTE\subject_10/PXL_20220922_195656401.jpg,9,9,8,2,0.7774256467819214,8,8,8,7,2,1,0,1,1
G:\Thesis\MonkSkinTone_Dataset\Segmented_MSTE\subject_10/PXL_20220922_195637346.jpg,9,9,8,2,0.7797090411186218,8,8,8,7,2,1,0,1,1
G:\Thesis\MonkSkinTone_Dataset\Segmented_MSTE\subject_10/PXL_20220922_195506633.jpg,9,9,8,2,0.70778888463974,7,7,7,6,1,2,0,0,0
G:\Thesis\MonkSkinTone_Dataset\Segmented_MSTE\subject_10/PXL_20220922_195504855.jpg,9,9,8,2,0.6293787360191345,7,7,7,6,1,2,0,0,0
G:\Thesis\MonkSkinTone_Dataset\Segmented_MSTE\subject_10/PXL_20220922_195503218.jpg,9,9,8,2,0.6007751822471619,6,6,6,5,1,3,0,0,0
G:\Thesis\MonkSkinTone_Dataset\Segmented_MSTE\subject_10/PXL_20220922_195501347.jpg,9,9,8,2,0.7252419590950012,8,8,8,7,2,1,0,1,1
G:\Thesis\MonkSkinTone_Dataset\Segmented_MSTE\subject_10/PXL_20220922_195459564.jpg,9,9,8,2,0.7731034159660339,8,8,8,7,2,1,0,1,1
G:\Thesis\MonkSkinTone_Dataset\Segmented_MSTE\subject_10/PXL_20220922_195454157.jpg,9,9,8,2,0.5929455757141113,6,6,6,5,1,3,0,0,0
G:\Thesis\MonkSkinTone_Dataset\Segmented_MSTE\subject_10/PXL_20220922_195452476.jpg,9,9,8,2,0.6552467942237854,7,7,7,6,1,2,0,0,0
G:\Thesis\MonkSkinTone_Dataset\Segmented_MSTE\subject_10/PXL_20220922_195450706.jpg,9,9,8,2,0.6837638020515442,7,7,7,6,1,2,0,0,0
G:\Thesis\MonkSkinTone_Dataset\Segmented_MSTE\subject_10/PXL_20220922_195448989.jpg,9,9,8,2,0.7360352277755737,8,8,8,7,2,1,0,1,1
G:\Thesis\MonkSkinTone_Dataset\Segmented_MSTE\subject_10/PXL_20220922_195447140.jpg,9,9,8,2,0.6763669848442078,7,7,7,6,1,2,0,0,0
G:\Thesis\MonkSkinTone_Dataset\Segmented_MSTE\subject_10/PXL_20220922_195442715.jpg,9,9,8,2,0.5707066655158997,6,6,6,5,1,3,0,0,0
G:\Thesis\MonkSkinTone_Dataset\Segmented_MSTE\subject_10/PXL_20220922_195441067.jpg,9,9,8,2,0.6132133603096008,7,7,7,6,1,2,0,0,0
G:\Thesis\MonkSkinTone_Dataset\Segmented_MSTE\subject_10/PXL_20220922_195439181.jpg,9,9,8,2,0.7467698454856873,8,8,8,7,2,1,0,1,1
G:\Thesis\MonkSkinTone_Dataset\Segmented_MSTE\subject_10/PXL_20220922_195437698.jpg,9,9,8,2,0.7045062184333801,7,7,7,6,1,2,0,0,0
G:\Thesis\MonkSkinTone_Dataset\Segmented_MSTE\subject_10/PXL_20220922_195435930.jpg,9,9,8,2,0.6864275336265564,7,7,7,6,1,2,0,0,0
G:\Thesis\MonkSkinTone_Dataset\Segmented_MSTE\subject_10/PXL_20220922_195431981.jpg,9,9,8,2,0.6352924108505249,7,7,7,6,1,2,0,0,0
G:\Thesis\MonkSkinTone_Dataset\Segmented_MSTE\subject_10/PXL_20220922_195430381.jpg,9,9,8,2,0.7373270988464355,8,8,8,7,2,1,0,1,1
G:\Thesis\MonkSkinTone_Dataset\Segmented_MSTE\subject_10/PXL_20220922_195427510.jpg,9,9,8,2,0.6546074748039246,7,7,7,6,1,2,0,0,0
G:\Thesis\MonkSkinTone_Dataset\Segmented_MSTE\subject_10/PXL_20220922_195425593.jpg,9,9,8,2,0.759414553642273,8,8,8,7,2,1,0,1,1
G:\Thesis\MonkSkinTone_Dataset\Segmented_MSTE\subject_10/PXL_20220922_195423628.jpg,9,9,8,2,0.7515234351158142,8,8,8,7,2,1,0,1,1
G:\Thesis\MonkSkinTone_Dataset\Segmented_MSTE\subject_9/PXL_20220922_134538984.PORTRAIT.jpg,4,4,3,1,0.25561103224754333,3,3,3,2,0,1,0,1,0
G:\Thesis\MonkSkinTone_Dataset\Segmented_MSTE\subject_9/PXL_20220922_140402500.PORTRAIT.jpg,4,4,3,1,0.3690929114818573,4,4,4,3,1,0,1,1,1
G:\Thesis\MonkSkinTone_Dataset\Segmented_MSTE\subject_9/PXL_20220922_140358703.PORTRAIT.jpg,4,4,3,1,0.3153681457042694,4,4,4,3,1,0,1,1,1
G:\Thesis\MonkSkinTone_Dataset\Segmented_MSTE\subject_9/PXL_20220922_140354824.PORTRAIT.jpg,4,4,3,1,0.35315993428230286,4,4,4,3,1,0,1,1,1
G:\Thesis\MonkSkinTone_Dataset\Segmented_MSTE\subject_9/PXL_20220922_140352486.PORTRAIT.jpg,4,4,3,1,0.5076462030410767,6,6,6,5,1,2,0,0,1
G:\Thesis\MonkSkinTone_Dataset\Segmented_MSTE\subject_9/PXL_20220922_140350579.PORTRAIT.jpg,4,4,3,1,0.2853880524635315,4,4,4,3,1,0,1,1,1
G:\Thesis\MonkSkinTone_Dataset\Segmented_MSTE\subject_9/PXL_20220922_140348903.PORTRAIT.jpg,4,4,3,1,0.2879543602466583,4,4,4,3,1,0,1,1,1
G:\Thesis\MonkSkinTone_Dataset\Segmented_MSTE\subject_9/PXL_20220922_140342859.PORTRAIT.jpg,4,4,3,1,0.28498998284339905,4,4,4,3,1,0,1,1,1
G:\Thesis\MonkSkinTone_Dataset\Segmented_MSTE\subject_9/PXL_20220922_140341531.PORTRAIT.jpg,4,4,3,1,0.3282690942287445,4,4,4,3,1,0,1,1,1
G:\Thesis\MonkSkinTone_Dataset\Segmented_MSTE\subject_9/PXL_20220922_140339729.PORTRAIT.jpg,4,4,3,1,0.29161182045936584,4,4,4,3,1,0,1,1,1
G:\Thesis\MonkSkinTone_Dataset\Segmented_MSTE\subject_9/PXL_20220922_140337825.PORTRAIT.jpg,4,4,3,1,0.25162121653556824,3,3,3,2,0,1,0,1,0
G:\Thesis\MonkSkinTone_Dataset\Segmented_MSTE\subject_9/PXL_20220922_140335749.PORTRAIT.jpg,4,4,3,1,0.24095319211483002,3,3,3,2,0,1,0,1,0
G:\Thesis\MonkSkinTone_Dataset\Segmented_MSTE\subject_9/PXL_20220922_140323802.PORTRAIT.jpg,4,4,3,1,0.35939162969589233,4,4,4,3,1,0,1,1,1
G:\Thesis\MonkSkinTone_Dataset\Segmented_MSTE\subject_9/PXL_20220922_140322023.PORTRAIT.jpg,4,4,3,1,0.32042136788368225,4,4,4,3,1,0,1,1,1
G:\Thesis\MonkSkinTone_Dataset\Segmented_MSTE\subject_9/PXL_20220922_140317135.PORTRAIT.jpg,4,4,3,1,0.31551632285118103,4,4,4,3,1,0,1,1,1
G:\Thesis\MonkSkinTone_Dataset\Segmented_MSTE\subject_9/PXL_20220922_140315071.PORTRAIT.jpg,4,4,3,1,0.22947095334529877,3,3,3,2,0,1,0,1,0
G:\Thesis\MonkSkinTone_Dataset\Segmented_MSTE\subject_9/PXL_20220922_140222578.jpg,4,4,3,1,0.7293058633804321,8,8,8,7,2,4,0,0,0
G:\Thesis\MonkSkinTone_Dataset\Segmented_MSTE\subject_9/PXL_20220922_140221214.jpg,4,4,3,1,0.438027024269104,5,5,5,4,1,1,0,1,1
G:\Thesis\MonkSkinTone_Dataset\Segmented_MSTE\subject_9/PXL_20220922_140219442.jpg,4,4,3,1,0.3548758029937744,4,4,4,3,1,0,1,1,1
G:\Thesis\MonkSkinTone_Dataset\Segmented_MSTE\subject_9/PXL_20220922_140216573.jpg,4,4,3,1,0.34937870502471924,4,4,4,3,1,0,1,1,1
G:\Thesis\MonkSkinTone_Dataset\Segmented_MSTE\subject_9/PXL_20220922_140214625.jpg,4,4,3,1,0.23708339035511017,3,3,3,2,0,1,0,1,0
G:\Thesis\MonkSkinTone_Dataset\Segmented_MSTE\subject_9/PXL_20220922_140212750.jpg,4,4,3,1,0.2580372095108032,3,3,3,2,0,1,0,1,0
G:\Thesis\MonkSkinTone_Dataset\Segmented_MSTE\subject_9/PXL_20220922_140209423.jpg,4,4,3,1,0.19717729091644287,3,3,3,2,0,1,0,1,0
G:\Thesis\MonkSkinTone_Dataset\Segmented_MSTE\subject_9/PXL_20220922_140207202.jpg,4,4,3,1,0.22637000679969788,3,3,3,2,0,1,0,1,0
G:\Thesis\MonkSkinTone_Dataset\Segmented_MSTE\subject_9/PXL_20220922_140205447.jpg,4,4,3,1,0.4658583998680115,5,5,5,4,1,1,0,1,1
G:\Thesis\MonkSkinTone_Dataset\Segmented_MSTE\subject_9/PXL_20220922_140203657.jpg,4,4,3,1,0.5858229398727417,6,6,6,5,1,2,0,0,1
G:\Thesis\MonkSkinTone_Dataset\Segmented_MSTE\subject_9/PXL_20220922_140201615.jpg,4,4,3,1,0.21735113859176636,3,3,3,2,0,1,0,1,0
G:\Thesis\MonkSkinTone_Dataset\Segmented_MSTE\subject_9/PXL_20220922_140145712.jpg,4,4,3,1,0.3389313817024231,4,4,4,3,1,0,1,1,1
G:\Thesis\MonkSkinTone_Dataset\Segmented_MSTE\subject_9/PXL_20220922_140142694.jpg,4,4,3,1,0.295678973197937,4,4,4,3,1,0,1,1,1
G:\Thesis\MonkSkinTone_Dataset\Segmented_MSTE\subject_9/PXL_20220922_140133700.jpg,4,4,3,1,0.35779571533203125,4,4,4,3,1,0,1,1,1
G:\Thesis\MonkSkinTone_Dataset\Segmented_MSTE\subject_9/PXL_20220922_140132005.jpg,4,4,3,1,0.27377504110336304,3,3,3,2,0,1,0,1,0
G:\Thesis\MonkSkinTone_Dataset\Segmented_MSTE\subject_9/PXL_20220922_140048541.jpg,4,4,3,1,0.38811954855918884,4,4,4,3,1,0,1,1,1
G:\Thesis\MonkSkinTone_Dataset\Segmented_MSTE\subject_9/PXL_20220922_140047100.jpg,4,4,3,1,0.3855574429035187,4,4,4,3,1,0,1,1,1
G:\Thesis\MonkSkinTone_Dataset\Segmented_MSTE\subject_9/PXL_20220922_140046379.jpg,4,4,3,1,0.34438204765319824,4,4,4,3,1,0,1,1,1
G:\Thesis\MonkSkinTone_Dataset\Segmented_MSTE\subject_9/PXL_20220922_140043111.jpg,4,4,3,1,0.43927040696144104,5,5,5,4,1,1,0,1,1
G:\Thesis\MonkSkinTone_Dataset\Segmented_MSTE\subject_9/PXL_20220922_140041215.jpg,4,4,3,1,0.48521631956100464,5,5,5,4,1,1,0,1,1
G:\Thesis\MonkSkinTone_Dataset\Segmented_MSTE\subject_9/PXL_20220922_140036631.jpg,4,4,3,1,0.34750038385391235,4,4,4,3,1,0,1,1,1
G:\Thesis\MonkSkinTone_Dataset\Segmented_MSTE\subject_9/PXL_20220922_140028838.jpg,4,4,3,1,0.652796745300293,7,7,7,6,1,3,0,0,1
G:\Thesis\MonkSkinTone_Dataset\Segmented_MSTE\subject_9/PXL_20220922_140027001.jpg,4,4,3,1,0.42369064688682556,5,5,5,4,1,1,0,1,1
G:\Thesis\MonkSkinTone_Dataset\Segmented_MSTE\subject_9/PXL_20220922_140005843.jpg,4,4,3,1,0.5880264043807983,6,6,6,5,1,2,0,0,1
G:\Thesis\MonkSkinTone_Dataset\Segmented_MSTE\subject_9/PXL_20220922_135959828.jpg,4,4,3,1,0.46295031905174255,5,5,5,4,1,1,0,1,1
G:\Thesis\MonkSkinTone_Dataset\Segmented_MSTE\subject_9/PXL_20220922_135948831.jpg,4,4,3,1,0.39809316396713257,5,5,5,4,1,1,0,1,1
G:\Thesis\MonkSkinTone_Dataset\Segmented_MSTE\subject_9/PXL_20220922_135947300.jpg,4,4,3,1,0.4718790054321289,5,5,5,4,1,1,0,1,1
G:\Thesis\MonkSkinTone_Dataset\Segmented_MSTE\subject_9/PXL_20220922_135945608.jpg,4,4,3,1,0.36851975321769714,4,4,4,3,1,0,1,1,1
G:\Thesis\MonkSkinTone_Dataset\Segmented_MSTE\subject_9/PXL_20220922_135944184.jpg,4,4,3,1,0.48186469078063965,5,5,5,4,1,1,0,1,1
G:\Thesis\MonkSkinTone_Dataset\Segmented_MSTE\subject_9/PXL_20220922_135943105.jpg,4,4,3,1,0.5098825097084045,6,6,6,5,1,2,0,0,1
G:\Thesis\MonkSkinTone_Dataset\Segmented_MSTE\subject_9/PXL_20220922_135941951.jpg,4,4,3,1,0.4438585937023163,5,5,5,4,1,1,0,1,1
G:\Thesis\MonkSkinTone_Dataset\Segmented_MSTE\subject_9/PXL_20220922_135940569.jpg,4,4,3,1,0.509390115737915,6,6,6,5,1,2,0,0,1
G:\Thesis\MonkSkinTone_Dataset\Segmented_MSTE\subject_9/PXL_20220922_135939416.jpg,4,4,3,1,0.4822947084903717,5,5,5,4,1,1,0,1,1
G:\Thesis\MonkSkinTone_Dataset\Segmented_MSTE\subject_9/PXL_20220922_135908976.jpg,4,4,3,1,0.21866361796855927,3,3,3,2,0,1,0,1,0
G:\Thesis\MonkSkinTone_Dataset\Segmented_MSTE\subject_9/PXL_20220922_135854746.jpg,4,4,3,1,0.40481317043304443,5,5,5,4,1,1,0,1,1
G:\Thesis\MonkSkinTone_Dataset\Segmented_MSTE\subject_9/PXL_20220922_135810329.jpg,4,4,3,1,0.41479408740997314,5,5,5,4,1,1,0,1,1
G:\Thesis\MonkSkinTone_Dataset\Segmented_MSTE\subject_9/PXL_20220922_135808237.jpg,4,4,3,1,0.398214191198349,5,5,5,4,1,1,0,1,1
G:\Thesis\MonkSkinTone_Dataset\Segmented_MSTE\subject_9/PXL_20220922_135806296.jpg,4,4,3,1,0.4050775170326233,5,5,5,4,1,1,0,1,1
G:\Thesis\MonkSkinTone_Dataset\Segmented_MSTE\subject_9/PXL_20220922_135804480.jpg,4,4,3,1,0.3627510070800781,4,4,4,3,1,0,1,1,1
G:\Thesis\MonkSkinTone_Dataset\Segmented_MSTE\subject_9/PXL_20220922_135802547.jpg,4,4,3,1,0.2525923550128937,3,3,3,2,0,1,0,1,0
G:\Thesis\MonkSkinTone_Dataset\Segmented_MSTE\subject_9/PXL_20220922_135756305.jpg,4,4,3,1,0.3676135838031769,4,4,4,3,1,0,1,1,1
G:\Thesis\MonkSkinTone_Dataset\Segmented_MSTE\subject_9/PXL_20220922_135754722.jpg,4,4,3,1,0.28508201241493225,4,4,4,3,1,0,1,1,1
G:\Thesis\MonkSkinTone_Dataset\Segmented_MSTE\subject_9/PXL_20220922_135753356.jpg,4,4,3,1,0.4913339912891388,5,5,5,4,1,1,0,1,1
G:\Thesis\MonkSkinTone_Dataset\Segmented_MSTE\subject_9/PXL_20220922_135751665.jpg,4,4,3,1,0.40107646584510803,5,5,5,4,1,1,0,1,1
G:\Thesis\MonkSkinTone_Dataset\Segmented_MSTE\subject_9/PXL_20220922_135750066.jpg,4,4,3,1,0.22069813311100006,3,3,3,2,0,1,0,1,0
G:\Thesis\MonkSkinTone_Dataset\Segmented_MSTE\subject_9/PXL_20220922_135747692.jpg,4,4,3,1,0.2652141749858856,3,3,3,2,0,1,0,1,0
G:\Thesis\MonkSkinTone_Dataset\Segmented_MSTE\subject_9/PXL_20220922_135641645.jpg,4,4,3,1,0.3042493164539337,4,4,4,3,1,0,1,1,1
G:\Thesis\MonkSkinTone_Dataset\Segmented_MSTE\subject_9/PXL_20220922_135640401.jpg,4,4,3,1,0.08588435500860214,2,2,2,1,0,2,0,0,0
G:\Thesis\MonkSkinTone_Dataset\Segmented_MSTE\subject_9/PXL_20220922_135639221.jpg,4,4,3,1,0.472811758518219,5,5,5,4,1,1,0,1,1
G:\Thesis\MonkSkinTone_Dataset\Segmented_MSTE\subject_9/PXL_20220922_135638177.jpg,4,4,3,1,0.23556829988956451,3,3,3,2,0,1,0,1,0
G:\Thesis\MonkSkinTone_Dataset\Segmented_MSTE\subject_9/PXL_20220922_135636877.jpg,4,4,3,1,0.36467602849006653,4,4,4,3,1,0,1,1,1
G:\Thesis\MonkSkinTone_Dataset\Segmented_MSTE\subject_9/PXL_20220922_135633307.jpg,4,4,3,1,0.27942171692848206,4,4,4,3,1,0,1,1,1
G:\Thesis\MonkSkinTone_Dataset\Segmented_MSTE\subject_9/PXL_20220922_135631351.jpg,4,4,3,1,0.21649335324764252,3,3,3,2,0,1,0,1,0
G:\Thesis\MonkSkinTone_Dataset\Segmented_MSTE\subject_9/PXL_20220922_135621801.jpg,4,4,3,1,0.21453051269054413,3,3,3,2,0,1,0,1,0
G:\Thesis\MonkSkinTone_Dataset\Segmented_MSTE\subject_9/PXL_20220922_135619670.jpg,4,4,3,1,0.3790748715400696,4,4,4,3,1,0,1,1,1
G:\Thesis\MonkSkinTone_Dataset\Segmented_MSTE\subject_9/PXL_20220922_135618709.jpg,4,4,3,1,0.49197760224342346,5,5,5,4,1,1,0,1,1
G:\Thesis\MonkSkinTone_Dataset\Segmented_MSTE\subject_9/PXL_20220922_135616775.jpg,4,4,3,1,0.43092817068099976,5,5,5,4,1,1,0,1,1
G:\Thesis\MonkSkinTone_Dataset\Segmented_MSTE\subject_9/PXL_20220922_135614778.jpg,4,4,3,1,0.2165249139070511,3,3,3,2,0,1,0,1,0
G:\Thesis\MonkSkinTone_Dataset\Segmented_MSTE\subject_9/PXL_20220922_135612843.jpg,4,4,3,1,0.4532277286052704,5,5,5,4,1,1,0,1,1
G:\Thesis\MonkSkinTone_Dataset\Segmented_MSTE\subject_9/PXL_20220922_135610252.jpg,4,4,3,1,0.25382199883461,3,3,3,2,0,1,0,1,0
G:\Thesis\MonkSkinTone_Dataset\Segmented_MSTE\subject_9/PXL_20220922_134614570.PORTRAIT.jpg,4,4,3,1,0.27934834361076355,4,4,4,3,1,0,1,1,1
G:\Thesis\MonkSkinTone_Dataset\Segmented_MSTE\subject_9/PXL_20220922_134612760.PORTRAIT.jpg,4,4,3,1,0.33244788646698,4,4,4,3,1,0,1,1,1
G:\Thesis\MonkSkinTone_Dataset\Segmented_MSTE\subject_9/PXL_20220922_134609222.PORTRAIT.jpg,4,4,3,1,0.4792264699935913,5,5,5,4,1,1,0,1,1
G:\Thesis\MonkSkinTone_Dataset\Segmented_MSTE\subject_9/PXL_20220922_134607013.PORTRAIT.jpg,4,4,3,1,0.38163456320762634,4,4,4,3,1,0,1,1,1
G:\Thesis\MonkSkinTone_Dataset\Segmented_MSTE\subject_9/PXL_20220922_134605532.PORTRAIT.jpg,4,4,3,1,0.3479401171207428,4,4,4,3,1,0,1,1,1
G:\Thesis\MonkSkinTone_Dataset\Segmented_MSTE\subject_9/PXL_20220922_134558185.PORTRAIT.jpg,4,4,3,1,0.5513662099838257,6,6,6,5,1,2,0,0,1
G:\Thesis\MonkSkinTone_Dataset\Segmented_MSTE\subject_9/PXL_20220922_134555861.PORTRAIT.jpg,4,4,3,1,0.41016894578933716,5,5,5,4,1,1,0,1,1
G:\Thesis\MonkSkinTone_Dataset\Segmented_MSTE\subject_9/PXL_20220922_134547863.PORTRAIT.jpg,4,4,3,1,0.3893790543079376,5,5,5,4,1,1,0,1,1
G:\Thesis\MonkSkinTone_Dataset\Segmented_MSTE\subject_9/PXL_20220922_134546973.PORTRAIT.jpg,4,4,3,1,0.575699508190155,6,6,6,5,1,2,0,0,1
G:\Thesis\MonkSkinTone_Dataset\Segmented_MSTE\subject_9/PXL_20220922_134543733.PORTRAIT.jpg,4,4,3,1,0.3787911534309387,4,4,4,3,1,0,1,1,1
G:\Thesis\MonkSkinTone_Dataset\Segmented_MSTE\subject_9/PXL_20220922_134538984.PORTRAIT.jpg,4,4,3,1,0.25561103224754333,3,3,3,2,0,1,0,1,0
G:\Thesis\MonkSkinTone_Dataset\Segmented_MSTE\subject_8/PXL_20220922_144659539.PORTRAIT.jpg,2,2,1,0,0.39818334579467773,5,5,5,4,1,3,0,0,0
G:\Thesis\MonkSkinTone_Dataset\Segmented_MSTE\subject_8/PXL_20220922_144657086.PORTRAIT.jpg,2,2,1,0,0.26886481046676636,3,3,3,2,0,1,0,1,1
G:\Thesis\MonkSkinTone_Dataset\Segmented_MSTE\subject_8/PXL_20220922_144653190.PORTRAIT.jpg,2,2,1,0,0.49873578548431396,5,5,5,4,1,3,0,0,0
G:\Thesis\MonkSkinTone_Dataset\Segmented_MSTE\subject_8/PXL_20220922_144649856.PORTRAIT.jpg,2,2,1,0,0.16733619570732117,3,3,3,2,0,1,0,1,1
G:\Thesis\MonkSkinTone_Dataset\Segmented_MSTE\subject_8/PXL_20220922_144646233.PORTRAIT.jpg,2,2,1,0,0.17143665254116058,3,3,3,2,0,1,0,1,1
G:\Thesis\MonkSkinTone_Dataset\Segmented_MSTE\subject_8/PXL_20220922_144642875.PORTRAIT.jpg,2,2,1,0,0.3572666049003601,4,4,4,3,1,2,0,0,0
G:\Thesis\MonkSkinTone_Dataset\Segmented_MSTE\subject_8/PXL_20220922_144633196.PORTRAIT.jpg,2,2,1,0,0.23452818393707275,3,3,3,2,0,1,0,1,1
G:\Thesis\MonkSkinTone_Dataset\Segmented_MSTE\subject_8/PXL_20220922_144629915.PORTRAIT.jpg,2,2,1,0,0.27954980731010437,4,4,4,3,1,2,0,0,0
G:\Thesis\MonkSkinTone_Dataset\Segmented_MSTE\subject_8/PXL_20220922_144626615.PORTRAIT.jpg,2,2,1,0,0.3419249951839447,4,4,4,3,1,2,0,0,0
G:\Thesis\MonkSkinTone_Dataset\Segmented_MSTE\subject_8/PXL_20220922_144624483.PORTRAIT.jpg,2,2,1,0,0.22902002930641174,3,3,3,2,0,1,0,1,1
G:\Thesis\MonkSkinTone_Dataset\Segmented_MSTE\subject_8/PXL_20220922_144622637.PORTRAIT.jpg,2,2,1,0,0.41108807921409607,5,5,5,4,1,3,0,0,0
G:\Thesis\MonkSkinTone_Dataset\Segmented_MSTE\subject_8/PXL_20220922_144620965.PORTRAIT.jpg,2,2,1,0,0.36224743723869324,4,4,4,3,1,2,0,0,0
G:\Thesis\MonkSkinTone_Dataset\Segmented_MSTE\subject_8/PXL_20220922_144619340.PORTRAIT.jpg,2,2,1,0,0.2663409411907196,3,3,3,2,0,1,0,1,1
G:\Thesis\MonkSkinTone_Dataset\Segmented_MSTE\subject_8/PXL_20220922_144614653.PORTRAIT.jpg,2,2,1,0,0.3495510220527649,4,4,4,3,1,2,0,0,0
G:\Thesis\MonkSkinTone_Dataset\Segmented_MSTE\subject_8/PXL_20220922_144612556.PORTRAIT.jpg,2,2,1,0,0.2837151288986206,4,4,4,3,1,2,0,0,0
G:\Thesis\MonkSkinTone_Dataset\Segmented_MSTE\subject_8/PXL_20220922_144525051.jpg,2,2,1,0,0.3725970685482025,4,4,4,3,1,2,0,0,0
G:\Thesis\MonkSkinTone_Dataset\Segmented_MSTE\subject_8/PXL_20220922_144522915.jpg,2,2,1,0,0.1986464112997055,3,3,3,2,0,1,0,1,1
G:\Thesis\MonkSkinTone_Dataset\Segmented_MSTE\subject_8/PXL_20220922_144520738.jpg,2,2,1,0,0.29881808161735535,4,4,4,3,1,2,0,0,0
G:\Thesis\MonkSkinTone_Dataset\Segmented_MSTE\subject_8/PXL_20220922_144519434.jpg,2,2,1,0,0.26868540048599243,3,3,3,2,0,1,0,1,1
G:\Thesis\MonkSkinTone_Dataset\Segmented_MSTE\subject_8/PXL_20220922_144518107.jpg,2,2,1,0,0.6390898823738098,7,7,7,6,1,5,0,0,0
G:\Thesis\MonkSkinTone_Dataset\Segmented_MSTE\subject_8/PXL_20220922_144516437.jpg,2,2,1,0,0.23318271338939667,3,3,3,2,0,1,0,1,1
G:\Thesis\MonkSkinTone_Dataset\Segmented_MSTE\subject_8/PXL_20220922_144515169.jpg,2,2,1,0,0.22773727774620056,3,3,3,2,0,1,0,1,1
G:\Thesis\MonkSkinTone_Dataset\Segmented_MSTE\subject_8/PXL_20220922_144513518.jpg,2,2,1,0,0.22111038863658905,3,3,3,2,0,1,0,1,1
G:\Thesis\MonkSkinTone_Dataset\Segmented_MSTE\subject_8/PXL_20220922_144509854.jpg,2,2,1,0,0.29313766956329346,4,4,4,3,1,2,0,0,0
G:\Thesis\MonkSkinTone_Dataset\Segmented_MSTE\subject_8/PXL_20220922_144508322.jpg,2,2,1,0,0.5157090425491333,6,6,6,5,1,4,0,0,0
G:\Thesis\MonkSkinTone_Dataset\Segmented_MSTE\subject_8/PXL_20220922_144506455.jpg,2,2,1,0,0.31473442912101746,4,4,4,3,1,2,0,0,0
G:\Thesis\MonkSkinTone_Dataset\Segmented_MSTE\subject_8/PXL_20220922_144459281.jpg,2,2,1,0,0.27407577633857727,3,3,3,2,0,1,0,1,1
G:\Thesis\MonkSkinTone_Dataset\Segmented_MSTE\subject_8/PXL_20220922_144457808.jpg,2,2,1,0,0.22916948795318604,3,3,3,2,0,1,0,1,1
G:\Thesis\MonkSkinTone_Dataset\Segmented_MSTE\subject_8/PXL_20220922_144454460.jpg,2,2,1,0,0.289201945066452,4,4,4,3,1,2,0,0,0
G:\Thesis\MonkSkinTone_Dataset\Segmented_MSTE\subject_8/PXL_20220922_144439857.jpg,2,2,1,0,0.34760770201683044,4,4,4,3,1,2,0,0,0
G:\Thesis\MonkSkinTone_Dataset\Segmented_MSTE\subject_8/PXL_20220922_144433061.jpg,2,2,1,0,0.2807188332080841,4,4,4,3,1,2,0,0,0
G:\Thesis\MonkSkinTone_Dataset\Segmented_MSTE\subject_8/PXL_20220922_144431094.jpg,2,2,1,0,0.28297024965286255,4,4,4,3,1,2,0,0,0
G:\Thesis\MonkSkinTone_Dataset\Segmented_MSTE\subject_8/PXL_20220922_144424020.jpg,2,2,1,0,0.3110499083995819,4,4,4,3,1,2,0,0,0
G:\Thesis\MonkSkinTone_Dataset\Segmented_MSTE\subject_8/PXL_20220922_144349886.jpg,2,2,1,0,0.5310084819793701,6,6,6,5,1,4,0,0,0
G:\Thesis\MonkSkinTone_Dataset\Segmented_MSTE\subject_8/PXL_20220922_144348319.jpg,2,2,1,0,0.5467362403869629,6,6,6,5,1,4,0,0,0
G:\Thesis\MonkSkinTone_Dataset\Segmented_MSTE\subject_8/PXL_20220922_144346637.jpg,2,2,1,0,0.3422190845012665,4,4,4,3,1,2,0,0,0
G:\Thesis\MonkSkinTone_Dataset\Segmented_MSTE\subject_8/PXL_20220922_144342994.jpg,2,2,1,0,0.5567847490310669,6,6,6,5,1,4,0,0,0
G:\Thesis\MonkSkinTone_Dataset\Segmented_MSTE\subject_8/PXL_20220922_144243484.jpg,2,2,1,0,0.17157581448554993,3,3,3,2,0,1,0,1,1
G:\Thesis\MonkSkinTone_Dataset\Segmented_MSTE\subject_8/PXL_20220922_144242165.jpg,2,2,1,0,0.2942700982093811,4,4,4,3,1,2,0,0,0
G:\Thesis\MonkSkinTone_Dataset\Segmented_MSTE\subject_8/PXL_20220922_144240833.jpg,2,2,1,0,0.2487907111644745,3,3,3,2,0,1,0,1,1
G:\Thesis\MonkSkinTone_Dataset\Segmented_MSTE\subject_8/PXL_20220922_144239368.jpg,2,2,1,0,0.3068214952945709,4,4,4,3,1,2,0,0,0
G:\Thesis\MonkSkinTone_Dataset\Segmented_MSTE\subject_8/PXL_20220922_144237169.jpg,2,2,1,0,0.27805277705192566,4,4,4,3,1,2,0,0,0
G:\Thesis\MonkSkinTone_Dataset\Segmented_MSTE\subject_8/PXL_20220922_144233301.jpg,2,2,1,0,0.27272528409957886,3,3,3,2,0,1,0,1,1
G:\Thesis\MonkSkinTone_Dataset\Segmented_MSTE\subject_8/PXL_20220922_144230503.jpg,2,2,1,0,0.2656310200691223,3,3,3,2,0,1,0,1,1
G:\Thesis\MonkSkinTone_Dataset\Segmented_MSTE\subject_8/PXL_20220922_144229123.jpg,2,2,1,0,0.33781206607818604,4,4,4,3,1,2,0,0,0
G:\Thesis\MonkSkinTone_Dataset\Segmented_MSTE\subject_8/PXL_20220922_144227636.jpg,2,2,1,0,0.38228386640548706,4,4,4,3,1,2,0,0,0
G:\Thesis\MonkSkinTone_Dataset\Segmented_MSTE\subject_8/PXL_20220922_144225935.jpg,2,2,1,0,0.28060129284858704,4,4,4,3,1,2,0,0,0
G:\Thesis\MonkSkinTone_Dataset\Segmented_MSTE\subject_8/PXL_20220922_144214170.jpg,2,2,1,0,0.3175761103630066,4,4,4,3,1,2,0,0,0
G:\Thesis\MonkSkinTone_Dataset\Segmented_MSTE\subject_8/PXL_20220922_144212804.jpg,2,2,1,0,0.2715495526790619,3,3,3,2,0,1,0,1,1
G:\Thesis\MonkSkinTone_Dataset\Segmented_MSTE\subject_8/PXL_20220922_144211604.jpg,2,2,1,0,0.2680242359638214,3,3,3,2,0,1,0,1,1
G:\Thesis\MonkSkinTone_Dataset\Segmented_MSTE\subject_8/PXL_20220922_144209904.jpg,2,2,1,0,0.32307255268096924,4,4,4,3,1,2,0,0,0
G:\Thesis\MonkSkinTone_Dataset\Segmented_MSTE\subject_8/PXL_20220922_144208454.jpg,2,2,1,0,0.24450574815273285,3,3,3,2,0,1,0,1,1
G:\Thesis\MonkSkinTone_Dataset\Segmented_MSTE\subject_8/PXL_20220922_144201853.jpg,2,2,1,0,0.2939809560775757,4,4,4,3,1,2,0,0,0
G:\Thesis\MonkSkinTone_Dataset\Segmented_MSTE\subject_8/PXL_20220922_144158904.jpg,2,2,1,0,0.3042307198047638,4,4,4,3,1,2,0,0,0
G:\Thesis\MonkSkinTone_Dataset\Segmented_MSTE\subject_8/PXL_20220922_144157379.jpg,2,2,1,0,0.2800038456916809,4,4,4,3,1,2,0,0,0
G:\Thesis\MonkSkinTone_Dataset\Segmented_MSTE\subject_8/PXL_20220922_144155487.jpg,2,2,1,0,0.24195851385593414,3,3,3,2,0,1,0,1,1
G:\Thesis\MonkSkinTone_Dataset\Segmented_MSTE\subject_8/PXL_20220922_144135110.jpg,2,2,1,0,0.3175647556781769,4,4,4,3,1,2,0,0,0
G:\Thesis\MonkSkinTone_Dataset\Segmented_MSTE\subject_8/PXL_20220922_144133020.jpg,2,2,1,0,0.4010586142539978,5,5,5,4,1,3,0,0,0
G:\Thesis\MonkSkinTone_Dataset\Segmented_MSTE\subject_8/PXL_20220922_144130999.jpg,2,2,1,0,0.5214436054229736,6,6,6,5,1,4,0,0,0
G:\Thesis\MonkSkinTone_Dataset\Segmented_MSTE\subject_8/PXL_20220922_144126494.jpg,2,2,1,0,0.31442001461982727,4,4,4,3,1,2,0,0,0
G:\Thesis\MonkSkinTone_Dataset\Segmented_MSTE\subject_8/PXL_20220922_144049938.jpg,2,2,1,0,0.2619205117225647,3,3,3,2,0,1,0,1,1
G:\Thesis\MonkSkinTone_Dataset\Segmented_MSTE\subject_8/PXL_20220922_144048016.jpg,2,2,1,0,0.48175594210624695,5,5,5,4,1,3,0,0,0
G:\Thesis\MonkSkinTone_Dataset\Segmented_MSTE\subject_8/PXL_20220922_144046163.jpg,2,2,1,0,0.34723472595214844,4,4,4,3,1,2,0,0,0
G:\Thesis\MonkSkinTone_Dataset\Segmented_MSTE\subject_8/PXL_20220922_144044363.jpg,2,2,1,0,0.34857475757598877,4,4,4,3,1,2,0,0,0
G:\Thesis\MonkSkinTone_Dataset\Segmented_MSTE\subject_8/PXL_20220922_144042686.jpg,2,2,1,0,0.34146648645401,4,4,4,3,1,2,0,0,0
G:\Thesis\MonkSkinTone_Dataset\Segmented_MSTE\subject_8/PXL_20220922_144038878.jpg,2,2,1,0,0.36218658089637756,4,4,4,3,1,2,0,0,0
G:\Thesis\MonkSkinTone_Dataset\Segmented_MSTE\subject_8/PXL_20220922_144024003.jpg,2,2,1,0,0.397320955991745,5,5,5,4,1,3,0,0,0
G:\Thesis\MonkSkinTone_Dataset\Segmented_MSTE\subject_8/PXL_20220922_144021761.jpg,2,2,1,0,0.3897639214992523,5,5,5,4,1,3,0,0,0
G:\Thesis\MonkSkinTone_Dataset\Segmented_MSTE\subject_8/PXL_20220922_144019524.jpg,2,2,1,0,0.30043697357177734,4,4,4,3,1,2,0,0,0
G:\Thesis\MonkSkinTone_Dataset\Segmented_MSTE\subject_8/PXL_20220922_144017731.jpg,2,2,1,0,0.31137633323669434,4,4,4,3,1,2,0,0,0
G:\Thesis\MonkSkinTone_Dataset\Segmented_MSTE\subject_8/PXL_20220922_144015845.jpg,2,2,1,0,0.345540851354599,4,4,4,3,1,2,0,0,0
G:\Thesis\MonkSkinTone_Dataset\Segmented_MSTE\subject_8/PXL_20220922_144000843.jpg,2,2,1,0,0.27264952659606934,3,3,3,2,0,1,0,1,1
G:\Thesis\MonkSkinTone_Dataset\Segmented_MSTE\subject_8/PXL_20220922_143958932.jpg,2,2,1,0,0.46384310722351074,5,5,5,4,1,3,0,0,0
G:\Thesis\MonkSkinTone_Dataset\Segmented_MSTE\subject_8/PXL_20220922_143956870.jpg,2,2,1,0,0.42157435417175293,5,5,5,4,1,3,0,0,0
G:\Thesis\MonkSkinTone_Dataset\Segmented_MSTE\subject_8/PXL_20220922_143954934.jpg,2,2,1,0,0.4311145544052124,5,5,5,4,1,3,0,0,0
G:\Thesis\MonkSkinTone_Dataset\Segmented_MSTE\subject_8/PXL_20220922_143953061.jpg,2,2,1,0,0.30413609743118286,4,4,4,3,1,2,0,0,0
G:\Thesis\MonkSkinTone_Dataset\Segmented_MSTE\subject_8/PXL_20220922_143950494.jpg,2,2,1,0,0.315817654132843,4,4,4,3,1,2,0,0,0
G:\Thesis\MonkSkinTone_Dataset\Segmented_MSTE\subject_8/PXL_20220922_143938018.jpg,2,2,1,0,0.2512229382991791,3,3,3,2,0,1,0,1,1
G:\Thesis\MonkSkinTone_Dataset\Segmented_MSTE\subject_8/PXL_20220922_143935867.jpg,2,2,1,0,0.422018438577652,5,5,5,4,1,3,0,0,0
G:\Thesis\MonkSkinTone_Dataset\Segmented_MSTE\subject_8/PXL_20220922_143933791.jpg,2,2,1,0,0.4449232220649719,5,5,5,4,1,3,0,0,0
G:\Thesis\MonkSkinTone_Dataset\Segmented_MSTE\subject_8/PXL_20220922_143931549.jpg,2,2,1,0,0.33508679270744324,4,4,4,3,1,2,0,0,0
G:\Thesis\MonkSkinTone_Dataset\Segmented_MSTE\subject_8/PXL_20220922_143929898.jpg,2,2,1,0,0.2798326313495636,4,4,4,3,1,2,0,0,0
G:\Thesis\MonkSkinTone_Dataset\Segmented_MSTE\subject_8/PXL_20220922_143926991.jpg,2,2,1,0,0.3015155494213104,4,4,4,3,1,2,0,0,0
G:\Thesis\MonkSkinTone_Dataset\Segmented_MSTE\subject_7/PXL_20220922_200441666.jpg,4,4,3,1,0.35864192247390747,4,4,4,3,1,0,1,1,1
G:\Thesis\MonkSkinTone_Dataset\Segmented_MSTE\subject_7/PXL_20220922_201159649.jpg,4,4,3,1,0.6029843091964722,6,6,6,5,1,2,0,0,1
G:\Thesis\MonkSkinTone_Dataset\Segmented_MSTE\subject_7/PXL_20220922_201158155.jpg,4,4,3,1,0.596208930015564,6,6,6,5,1,2,0,0,1
G:\Thesis\MonkSkinTone_Dataset\Segmented_MSTE\subject_7/PXL_20220922_201156891.jpg,4,4,3,1,0.5185421109199524,6,6,6,5,1,2,0,0,1
G:\Thesis\MonkSkinTone_Dataset\Segmented_MSTE\subject_7/PXL_20220922_201155538.jpg,4,4,3,1,0.5923251509666443,6,6,6,5,1,2,0,0,1
G:\Thesis\MonkSkinTone_Dataset\Segmented_MSTE\subject_7/PXL_20220922_201154083.jpg,4,4,3,1,0.5358358025550842,6,6,6,5,1,2,0,0,1
G:\Thesis\MonkSkinTone_Dataset\Segmented_MSTE\subject_7/PXL_20220922_201150533.jpg,4,4,3,1,0.596113383769989,6,6,6,5,1,2,0,0,1
G:\Thesis\MonkSkinTone_Dataset\Segmented_MSTE\subject_7/PXL_20220922_201148997.jpg,4,4,3,1,0.594856321811676,6,6,6,5,1,2,0,0,1
G:\Thesis\MonkSkinTone_Dataset\Segmented_MSTE\subject_7/PXL_20220922_201147352.jpg,4,4,3,1,0.4786122441291809,5,5,5,4,1,1,0,1,1
G:\Thesis\MonkSkinTone_Dataset\Segmented_MSTE\subject_7/PXL_20220922_201144852.jpg,4,4,3,1,0.5805118680000305,6,6,6,5,1,2,0,0,1
G:\Thesis\MonkSkinTone_Dataset\Segmented_MSTE\subject_7/PXL_20220922_201142228.jpg,4,4,3,1,0.5651940703392029,6,6,6,5,1,2,0,0,1
G:\Thesis\MonkSkinTone_Dataset\Segmented_MSTE\subject_7/PXL_20220922_201123752.jpg,4,4,3,1,0.2525595724582672,3,3,3,2,0,1,0,1,0
G:\Thesis\MonkSkinTone_Dataset\Segmented_MSTE\subject_7/PXL_20220922_201115889.jpg,4,4,3,1,0.44307538866996765,5,5,5,4,1,1,0,1,1
G:\Thesis\MonkSkinTone_Dataset\Segmented_MSTE\subject_7/PXL_20220922_201112822.jpg,4,4,3,1,0.6382684111595154,7,7,7,6,1,3,0,0,1
G:\Thesis\MonkSkinTone_Dataset\Segmented_MSTE\subject_7/PXL_20220922_201105804.jpg,4,4,3,1,0.25503775477409363,3,3,3,2,0,1,0,1,0
G:\Thesis\MonkSkinTone_Dataset\Segmented_MSTE\subject_7/PXL_20220922_201104283.jpg,4,4,3,1,0.3066249489784241,4,4,4,3,1,0,1,1,1
G:\Thesis\MonkSkinTone_Dataset\Segmented_MSTE\subject_7/PXL_20220922_201103004.jpg,4,4,3,1,0.40617263317108154,5,5,5,4,1,1,0,1,1
G:\Thesis\MonkSkinTone_Dataset\Segmented_MSTE\subject_7/PXL_20220922_201100125.jpg,4,4,3,1,0.3230818808078766,4,4,4,3,1,0,1,1,1
G:\Thesis\MonkSkinTone_Dataset\Segmented_MSTE\subject_7/PXL_20220922_201058066.jpg,4,4,3,1,0.4148639142513275,5,5,5,4,1,1,0,1,1
G:\Thesis\MonkSkinTone_Dataset\Segmented_MSTE\subject_7/PXL_20220922_201056746.jpg,4,4,3,1,0.28219643235206604,4,4,4,3,1,0,1,1,1
G:\Thesis\MonkSkinTone_Dataset\Segmented_MSTE\subject_7/PXL_20220922_201055412.jpg,4,4,3,1,0.3192821443080902,4,4,4,3,1,0,1,1,1
G:\Thesis\MonkSkinTone_Dataset\Segmented_MSTE\subject_7/PXL_20220922_201053928.jpg,4,4,3,1,0.27742627263069153,3,3,3,2,0,1,0,1,0
G:\Thesis\MonkSkinTone_Dataset\Segmented_MSTE\subject_7/PXL_20220922_201019240.jpg,4,4,3,1,0.3421400785446167,4,4,4,3,1,0,1,1,1
G:\Thesis\MonkSkinTone_Dataset\Segmented_MSTE\subject_7/PXL_20220922_201017494.jpg,4,4,3,1,0.3750517964363098,4,4,4,3,1,0,1,1,1
G:\Thesis\MonkSkinTone_Dataset\Segmented_MSTE\subject_7/PXL_20220922_201015629.jpg,4,4,3,1,0.4421485364437103,5,5,5,4,1,1,0,1,1
G:\Thesis\MonkSkinTone_Dataset\Segmented_MSTE\subject_7/PXL_20220922_201013077.jpg,4,4,3,1,0.24482664465904236,3,3,3,2,0,1,0,1,0
G:\Thesis\MonkSkinTone_Dataset\Segmented_MSTE\subject_7/PXL_20220922_201010784.jpg,4,4,3,1,0.3959139883518219,5,5,5,4,1,1,0,1,1
G:\Thesis\MonkSkinTone_Dataset\Segmented_MSTE\subject_7/PXL_20220922_201003232.jpg,4,4,3,1,0.39326712489128113,5,5,5,4,1,1,0,1,1
G:\Thesis\MonkSkinTone_Dataset\Segmented_MSTE\subject_7/PXL_20220922_200959790.jpg,4,4,3,1,0.5635010004043579,6,6,6,5,1,2,0,0,1
G:\Thesis\MonkSkinTone_Dataset\Segmented_MSTE\subject_7/PXL_20220922_200956536.jpg,4,4,3,1,0.5494088530540466,6,6,6,5,1,2,0,0,1
G:\Thesis\MonkSkinTone_Dataset\Segmented_MSTE\subject_7/PXL_20220922_200954702.jpg,4,4,3,1,0.4155532121658325,5,5,5,4,1,1,0,1,1
G:\Thesis\MonkSkinTone_Dataset\Segmented_MSTE\subject_7/PXL_20220922_200952853.jpg,4,4,3,1,0.3180581331253052,4,4,4,3,1,0,1,1,1
G:\Thesis\MonkSkinTone_Dataset\Segmented_MSTE\subject_7/PXL_20220922_200941758.jpg,4,4,3,1,0.38397330045700073,4,4,4,3,1,0,1,1,1
G:\Thesis\MonkSkinTone_Dataset\Segmented_MSTE\subject_7/PXL_20220922_200939541.jpg,4,4,3,1,0.39803051948547363,5,5,5,4,1,1,0,1,1
G:\Thesis\MonkSkinTone_Dataset\Segmented_MSTE\subject_7/PXL_20220922_200937622.jpg,4,4,3,1,0.4340664744377136,5,5,5,4,1,1,0,1,1
G:\Thesis\MonkSkinTone_Dataset\Segmented_MSTE\subject_7/PXL_20220922_200935095.jpg,4,4,3,1,0.29891911149024963,4,4,4,3,1,0,1,1,1
G:\Thesis\MonkSkinTone_Dataset\Segmented_MSTE\subject_7/PXL_20220922_200933252.jpg,4,4,3,1,0.5302526950836182,6,6,6,5,1,2,0,0,1
G:\Thesis\MonkSkinTone_Dataset\Segmented_MSTE\subject_7/PXL_20220922_200921149.jpg,4,4,3,1,0.319299578666687,4,4,4,3,1,0,1,1,1
G:\Thesis\MonkSkinTone_Dataset\Segmented_MSTE\subject_7/PXL_20220922_200918851.jpg,4,4,3,1,0.510159432888031,6,6,6,5,1,2,0,0,1
G:\Thesis\MonkSkinTone_Dataset\Segmented_MSTE\subject_7/PXL_20220922_200916683.jpg,4,4,3,1,0.33646661043167114,4,4,4,3,1,0,1,1,1
G:\Thesis\MonkSkinTone_Dataset\Segmented_MSTE\subject_7/PXL_20220922_200914218.jpg,4,4,3,1,0.37702471017837524,4,4,4,3,1,0,1,1,1
G:\Thesis\MonkSkinTone_Dataset\Segmented_MSTE\subject_7/PXL_20220922_200912092.jpg,4,4,3,1,0.4342401623725891,5,5,5,4,1,1,0,1,1
G:\Thesis\MonkSkinTone_Dataset\Segmented_MSTE\subject_7/PXL_20220922_200843113.jpg,4,4,3,1,0.39988046884536743,5,5,5,4,1,1,0,1,1
G:\Thesis\MonkSkinTone_Dataset\Segmented_MSTE\subject_7/PXL_20220922_200842021.jpg,4,4,3,1,0.26995086669921875,3,3,3,2,0,1,0,1,0
G:\Thesis\MonkSkinTone_Dataset\Segmented_MSTE\subject_7/PXL_20220922_200840646.jpg,4,4,3,1,0.23890015482902527,3,3,3,2,0,1,0,1,0
G:\Thesis\MonkSkinTone_Dataset\Segmented_MSTE\subject_7/PXL_20220922_200839628.jpg,4,4,3,1,0.2940082848072052,4,4,4,3,1,0,1,1,1
G:\Thesis\MonkSkinTone_Dataset\Segmented_MSTE\subject_7/PXL_20220922_200836956.jpg,4,4,3,1,0.29497596621513367,4,4,4,3,1,0,1,1,1
G:\Thesis\MonkSkinTone_Dataset\Segmented_MSTE\subject_7/PXL_20220922_200835329.jpg,4,4,3,1,0.42131346464157104,5,5,5,4,1,1,0,1,1
G:\Thesis\MonkSkinTone_Dataset\Segmented_MSTE\subject_7/PXL_20220922_200834042.jpg,4,4,3,1,0.35918301343917847,4,4,4,3,1,0,1,1,1
G:\Thesis\MonkSkinTone_Dataset\Segmented_MSTE\subject_7/PXL_20220922_200832775.jpg,4,4,3,1,0.3069706857204437,4,4,4,3,1,0,1,1,1
G:\Thesis\MonkSkinTone_Dataset\Segmented_MSTE\subject_7/PXL_20220922_200831394.jpg,4,4,3,1,0.5244314074516296,6,6,6,5,1,2,0,0,1
G:\Thesis\MonkSkinTone_Dataset\Segmented_MSTE\subject_7/PXL_20220922_200830294.jpg,4,4,3,1,0.3815038800239563,4,4,4,3,1,0,1,1,1
G:\Thesis\MonkSkinTone_Dataset\Segmented_MSTE\subject_7/PXL_20220922_200829155.jpg,4,4,3,1,0.3864489793777466,4,4,4,3,1,0,1,1,1
G:\Thesis\MonkSkinTone_Dataset\Segmented_MSTE\subject_7/PXL_20220922_200640074.jpg,4,4,3,1,0.44373464584350586,5,5,5,4,1,1,0,1,1
G:\Thesis\MonkSkinTone_Dataset\Segmented_MSTE\subject_7/PXL_20220922_200637881.jpg,4,4,3,1,0.41664594411849976,5,5,5,4,1,1,0,1,1
G:\Thesis\MonkSkinTone_Dataset\Segmented_MSTE\subject_7/PXL_20220922_200634218.jpg,4,4,3,1,0.424631804227829,5,5,5,4,1,1,0,1,1
G:\Thesis\MonkSkinTone_Dataset\Segmented_MSTE\subject_7/PXL_20220922_200631137.jpg,4,4,3,1,0.2650882601737976,3,3,3,2,0,1,0,1,0
G:\Thesis\MonkSkinTone_Dataset\Segmented_MSTE\subject_7/PXL_20220922_200630624.jpg,4,4,3,1,0.25927507877349854,3,3,3,2,0,1,0,1,0
G:\Thesis\MonkSkinTone_Dataset\Segmented_MSTE\subject_7/PXL_20220922_200627889.jpg,4,4,3,1,0.399149090051651,5,5,5,4,1,1,0,1,1
G:\Thesis\MonkSkinTone_Dataset\Segmented_MSTE\subject_7/PXL_20220922_200625319.jpg,4,4,3,1,0.303805947303772,4,4,4,3,1,0,1,1,1
G:\Thesis\MonkSkinTone_Dataset\Segmented_MSTE\subject_7/PXL_20220922_200620775.jpg,4,4,3,1,0.460406631231308,5,5,5,4,1,1,0,1,1
G:\Thesis\MonkSkinTone_Dataset\Segmented_MSTE\subject_7/PXL_20220922_200618729.jpg,4,4,3,1,0.39475056529045105,5,5,5,4,1,1,0,1,1
G:\Thesis\MonkSkinTone_Dataset\Segmented_MSTE\subject_7/PXL_20220922_200615910.jpg,4,4,3,1,0.4538472592830658,5,5,5,4,1,1,0,1,1
G:\Thesis\MonkSkinTone_Dataset\Segmented_MSTE\subject_7/PXL_20220922_200613567.jpg,4,4,3,1,0.3096062242984772,4,4,4,3,1,0,1,1,1
G:\Thesis\MonkSkinTone_Dataset\Segmented_MSTE\subject_7/PXL_20220922_200610155.jpg,4,4,3,1,0.29432860016822815,4,4,4,3,1,0,1,1,1
G:\Thesis\MonkSkinTone_Dataset\Segmented_MSTE\subject_7/PXL_20220922_200604281.jpg,4,4,3,1,0.4359821081161499,5,5,5,4,1,1,0,1,1
G:\Thesis\MonkSkinTone_Dataset\Segmented_MSTE\subject_7/PXL_20220922_200601375.jpg,4,4,3,1,0.42786547541618347,5,5,5,4,1,1,0,1,1
G:\Thesis\MonkSkinTone_Dataset\Segmented_MSTE\subject_7/PXL_20220922_200559727.jpg,4,4,3,1,0.33172744512557983,4,4,4,3,1,0,1,1,1
G:\Thesis\MonkSkinTone_Dataset\Segmented_MSTE\subject_7/PXL_20220922_200557501.jpg,4,4,3,1,0.308472216129303,4,4,4,3,1,0,1,1,1
G:\Thesis\MonkSkinTone_Dataset\Segmented_MSTE\subject_7/PXL_20220922_200554422.jpg,4,4,3,1,0.31585144996643066,4,4,4,3,1,0,1,1,1
G:\Thesis\MonkSkinTone_Dataset\Segmented_MSTE\subject_7/PXL_20220922_200552085.jpg,4,4,3,1,0.4286019206047058,5,5,5,4,1,1,0,1,1
G:\Thesis\MonkSkinTone_Dataset\Segmented_MSTE\subject_7/PXL_20220922_200549845.jpg,4,4,3,1,0.44917094707489014,5,5,5,4,1,1,0,1,1
G:\Thesis\MonkSkinTone_Dataset\Segmented_MSTE\subject_7/PXL_20220922_200547755.jpg,4,4,3,1,0.39721232652664185,5,5,5,4,1,1,0,1,1
G:\Thesis\MonkSkinTone_Dataset\Segmented_MSTE\subject_7/PXL_20220922_200545171.jpg,4,4,3,1,0.3830835223197937,4,4,4,3,1,0,1,1,1
G:\Thesis\MonkSkinTone_Dataset\Segmented_MSTE\subject_7/PXL_20220922_200543167.jpg,4,4,3,1,0.31393471360206604,4,4,4,3,1,0,1,1,1
G:\Thesis\MonkSkinTone_Dataset\Segmented_MSTE\subject_7/PXL_20220922_200529265.jpg,4,4,3,1,0.438822478055954,5,5,5,4,1,1,0,1,1
G:\Thesis\MonkSkinTone_Dataset\Segmented_MSTE\subject_7/PXL_20220922_200527926.jpg,4,4,3,1,0.3478630781173706,4,4,4,3,1,0,1,1,1
G:\Thesis\MonkSkinTone_Dataset\Segmented_MSTE\subject_7/PXL_20220922_200526574.jpg,4,4,3,1,0.322589248418808,4,4,4,3,1,0,1,1,1
G:\Thesis\MonkSkinTone_Dataset\Segmented_MSTE\subject_7/PXL_20220922_200522557.jpg,4,4,3,1,0.3441377282142639,4,4,4,3,1,0,1,1,1
G:\Thesis\MonkSkinTone_Dataset\Segmented_MSTE\subject_7/PXL_20220922_200519022.jpg,4,4,3,1,0.507326602935791,6,6,6,5,1,2,0,0,1
G:\Thesis\MonkSkinTone_Dataset\Segmented_MSTE\subject_7/PXL_20220922_200517814.jpg,4,4,3,1,0.4134289026260376,5,5,5,4,1,1,0,1,1
G:\Thesis\MonkSkinTone_Dataset\Segmented_MSTE\subject_7/PXL_20220922_200516243.jpg,4,4,3,1,0.5191280245780945,6,6,6,5,1,2,0,0,1
G:\Thesis\MonkSkinTone_Dataset\Segmented_MSTE\subject_7/PXL_20220922_200514458.jpg,4,4,3,1,0.37658968567848206,4,4,4,3,1,0,1,1,1
G:\Thesis\MonkSkinTone_Dataset\Segmented_MSTE\subject_7/PXL_20220922_200512276.jpg,4,4,3,1,0.3525168001651764,4,4,4,3,1,0,1,1,1
G:\Thesis\MonkSkinTone_Dataset\Segmented_MSTE\subject_7/PXL_20220922_200503926.jpg,4,4,3,1,0.43188363313674927,5,5,5,4,1,1,0,1,1
G:\Thesis\MonkSkinTone_Dataset\Segmented_MSTE\subject_7/PXL_20220922_200502809.jpg,4,4,3,1,0.3968518078327179,5,5,5,4,1,1,0,1,1
G:\Thesis\MonkSkinTone_Dataset\Segmented_MSTE\subject_7/PXL_20220922_200501406.jpg,4,4,3,1,0.36357784271240234,4,4,4,3,1,0,1,1,1
G:\Thesis\MonkSkinTone_Dataset\Segmented_MSTE\subject_7/PXL_20220922_200459788.jpg,4,4,3,1,0.31769299507141113,4,4,4,3,1,0,1,1,1
G:\Thesis\MonkSkinTone_Dataset\Segmented_MSTE\subject_7/PXL_20220922_200457952.jpg,4,4,3,1,0.32718148827552795,4,4,4,3,1,0,1,1,1
G:\Thesis\MonkSkinTone_Dataset\Segmented_MSTE\subject_7/PXL_20220922_200455601.jpg,4,4,3,1,0.47155818343162537,5,5,5,4,1,1,0,1,1
G:\Thesis\MonkSkinTone_Dataset\Segmented_MSTE\subject_7/PXL_20220922_200453652.jpg,4,4,3,1,0.31105586886405945,4,4,4,3,1,0,1,1,1
G:\Thesis\MonkSkinTone_Dataset\Segmented_MSTE\subject_7/PXL_20220922_200451627.jpg,4,4,3,1,0.3511722683906555,4,4,4,3,1,0,1,1,1
G:\Thesis\MonkSkinTone_Dataset\Segmented_MSTE\subject_7/PXL_20220922_200448892.jpg,4,4,3,1,0.32558879256248474,4,4,4,3,1,0,1,1,1
G:\Thesis\MonkSkinTone_Dataset\Segmented_MSTE\subject_6/PXL_20220922_141458544.PORTRAIT.jpg,5,5,4,1,0.45745545625686646,5,5,5,4,1,0,1,1,1
G:\Thesis\MonkSkinTone_Dataset\Segmented_MSTE\subject_6/PXL_20220922_142317969.PORTRAIT.jpg,5,5,4,1,0.2704468369483948,3,3,3,2,0,2,0,0,0
G:\Thesis\MonkSkinTone_Dataset\Segmented_MSTE\subject_6/PXL_20220922_142314137.PORTRAIT.jpg,5,5,4,1,0.19961833953857422,3,3,3,2,0,2,0,0,0
G:\Thesis\MonkSkinTone_Dataset\Segmented_MSTE\subject_6/PXL_20220922_142309716.PORTRAIT.jpg,5,5,4,1,0.4257194995880127,5,5,5,4,1,0,1,1,1
G:\Thesis\MonkSkinTone_Dataset\Segmented_MSTE\subject_6/PXL_20220922_142308221.PORTRAIT.jpg,5,5,4,1,0.3277294933795929,4,4,4,3,1,1,0,1,1
G:\Thesis\MonkSkinTone_Dataset\Segmented_MSTE\subject_6/PXL_20220922_142306737.PORTRAIT.jpg,5,5,4,1,0.3433862030506134,4,4,4,3,1,1,0,1,1
G:\Thesis\MonkSkinTone_Dataset\Segmented_MSTE\subject_6/PXL_20220922_142259877.PORTRAIT.jpg,5,5,4,1,0.4068916141986847,5,5,5,4,1,0,1,1,1
G:\Thesis\MonkSkinTone_Dataset\Segmented_MSTE\subject_6/PXL_20220922_142256912.PORTRAIT.jpg,5,5,4,1,0.2149096578359604,3,3,3,2,0,2,0,0,0
G:\Thesis\MonkSkinTone_Dataset\Segmented_MSTE\subject_6/PXL_20220922_142255593.PORTRAIT.jpg,5,5,4,1,0.2110995203256607,3,3,3,2,0,2,0,0,0
G:\Thesis\MonkSkinTone_Dataset\Segmented_MSTE\subject_6/PXL_20220922_142254164.PORTRAIT.jpg,5,5,4,1,0.27477043867111206,3,3,3,2,0,2,0,0,0
G:\Thesis\MonkSkinTone_Dataset\Segmented_MSTE\subject_6/PXL_20220922_142251582.PORTRAIT.jpg,5,5,4,1,0.3199526071548462,4,4,4,3,1,1,0,1,1
G:\Thesis\MonkSkinTone_Dataset\Segmented_MSTE\subject_6/PXL_20220922_142247360.PORTRAIT.jpg,5,5,4,1,0.28303220868110657,4,4,4,3,1,1,0,1,1
G:\Thesis\MonkSkinTone_Dataset\Segmented_MSTE\subject_6/PXL_20220922_142245552.PORTRAIT.jpg,5,5,4,1,0.31650272011756897,4,4,4,3,1,1,0,1,1
G:\Thesis\MonkSkinTone_Dataset\Segmented_MSTE\subject_6/PXL_20220922_142243136.PORTRAIT.jpg,5,5,4,1,0.2624833285808563,3,3,3,2,0,2,0,0,0
G:\Thesis\MonkSkinTone_Dataset\Segmented_MSTE\subject_6/PXL_20220922_142240665.PORTRAIT.jpg,5,5,4,1,0.2717043459415436,3,3,3,2,0,2,0,0,0
G:\Thesis\MonkSkinTone_Dataset\Segmented_MSTE\subject_6/PXL_20220922_142237800.PORTRAIT.jpg,5,5,4,1,0.27024906873703003,3,3,3,2,0,2,0,0,0
G:\Thesis\MonkSkinTone_Dataset\Segmented_MSTE\subject_6/PXL_20220922_142200222.jpg,5,5,4,1,0.20668353140354156,3,3,3,2,0,2,0,0,0
G:\Thesis\MonkSkinTone_Dataset\Segmented_MSTE\subject_6/PXL_20220922_142157924.jpg,5,5,4,1,0.2541879117488861,3,3,3,2,0,2,0,0,0
G:\Thesis\MonkSkinTone_Dataset\Segmented_MSTE\subject_6/PXL_20220922_142156487.jpg,5,5,4,1,0.23010024428367615,3,3,3,2,0,2,0,0,0
G:\Thesis\MonkSkinTone_Dataset\Segmented_MSTE\subject_6/PXL_20220922_142155246.jpg,5,5,4,1,0.36291438341140747,4,4,4,3,1,1,0,1,1
G:\Thesis\MonkSkinTone_Dataset\Segmented_MSTE\subject_6/PXL_20220922_142153214.jpg,5,5,4,1,0.20820413529872894,3,3,3,2,0,2,0,0,0
G:\Thesis\MonkSkinTone_Dataset\Segmented_MSTE\subject_6/PXL_20220922_142151943.jpg,5,5,4,1,0.257016658782959,3,3,3,2,0,2,0,0,0
G:\Thesis\MonkSkinTone_Dataset\Segmented_MSTE\subject_6/PXL_20220922_142150811.jpg,5,5,4,1,0.5383074879646301,6,6,6,5,1,1,0,1,1
G:\Thesis\MonkSkinTone_Dataset\Segmented_MSTE\subject_6/PXL_20220922_142149612.jpg,5,5,4,1,0.2566748559474945,3,3,3,2,0,2,0,0,0
G:\Thesis\MonkSkinTone_Dataset\Segmented_MSTE\subject_6/PXL_20220922_142144978.jpg,5,5,4,1,0.19021357595920563,3,3,3,2,0,2,0,0,0
G:\Thesis\MonkSkinTone_Dataset\Segmented_MSTE\subject_6/PXL_20220922_142143256.jpg,5,5,4,1,0.4104928970336914,5,5,5,4,1,0,1,1,1
G:\Thesis\MonkSkinTone_Dataset\Segmented_MSTE\subject_6/PXL_20220922_142141315.jpg,5,5,4,1,0.28655025362968445,4,4,4,3,1,1,0,1,1
G:\Thesis\MonkSkinTone_Dataset\Segmented_MSTE\subject_6/PXL_20220922_142133535.jpg,5,5,4,1,0.43009334802627563,5,5,5,4,1,0,1,1,1
G:\Thesis\MonkSkinTone_Dataset\Segmented_MSTE\subject_6/PXL_20220922_142122608.jpg,5,5,4,1,0.26332786679267883,3,3,3,2,0,2,0,0,0
G:\Thesis\MonkSkinTone_Dataset\Segmented_MSTE\subject_6/PXL_20220922_142118942.jpg,5,5,4,1,0.3828001320362091,4,4,4,3,1,1,0,1,1
G:\Thesis\MonkSkinTone_Dataset\Segmented_MSTE\subject_6/PXL_20220922_142117383.jpg,5,5,4,1,0.3791463375091553,4,4,4,3,1,1,0,1,1
G:\Thesis\MonkSkinTone_Dataset\Segmented_MSTE\subject_6/PXL_20220922_142115816.jpg,5,5,4,1,0.2387710064649582,3,3,3,2,0,2,0,0,0
G:\Thesis\MonkSkinTone_Dataset\Segmented_MSTE\subject_6/PXL_20220922_142114208.jpg,5,5,4,1,0.3064960837364197,4,4,4,3,1,1,0,1,1
G:\Thesis\MonkSkinTone_Dataset\Segmented_MSTE\subject_6/PXL_20220922_142112641.jpg,5,5,4,1,0.2581711709499359,3,3,3,2,0,2,0,0,0
G:\Thesis\MonkSkinTone_Dataset\Segmented_MSTE\subject_6/PXL_20220922_142111300.jpg,5,5,4,1,0.2214033007621765,3,3,3,2,0,2,0,0,0
G:\Thesis\MonkSkinTone_Dataset\Segmented_MSTE\subject_6/PXL_20220922_142108629.jpg,5,5,4,1,0.214108407497406,3,3,3,2,0,2,0,0,0
G:\Thesis\MonkSkinTone_Dataset\Segmented_MSTE\subject_6/PXL_20220922_142106716.jpg,5,5,4,1,0.3123105764389038,4,4,4,3,1,1,0,1,1
G:\Thesis\MonkSkinTone_Dataset\Segmented_MSTE\subject_6/PXL_20220922_142105039.jpg,5,5,4,1,0.2439437210559845,3,3,3,2,0,2,0,0,0
G:\Thesis\MonkSkinTone_Dataset\Segmented_MSTE\subject_6/PXL_20220922_142103081.jpg,5,5,4,1,0.24330323934555054,3,3,3,2,0,2,0,0,0
G:\Thesis\MonkSkinTone_Dataset\Segmented_MSTE\subject_6/PXL_20220922_142100200.jpg,5,5,4,1,0.2790836989879608,4,4,4,3,1,1,0,1,1
G:\Thesis\MonkSkinTone_Dataset\Segmented_MSTE\subject_6/PXL_20220922_142057251.jpg,5,5,4,1,0.28287965059280396,4,4,4,3,1,1,0,1,1
G:\Thesis\MonkSkinTone_Dataset\Segmented_MSTE\subject_6/PXL_20220922_142041715.PORTRAIT.jpg,5,5,4,1,0.26198142766952515,3,3,3,2,0,2,0,0,0
G:\Thesis\MonkSkinTone_Dataset\Segmented_MSTE\subject_6/PXL_20220922_141840168.PORTRAIT.jpg,5,5,4,1,0.3443361818790436,4,4,4,3,1,1,0,1,1
G:\Thesis\MonkSkinTone_Dataset\Segmented_MSTE\subject_6/PXL_20220922_141836902.PORTRAIT.jpg,5,5,4,1,0.37576794624328613,4,4,4,3,1,1,0,1,1
G:\Thesis\MonkSkinTone_Dataset\Segmented_MSTE\subject_6/PXL_20220922_141835021.PORTRAIT.jpg,5,5,4,1,0.3922762870788574,5,5,5,4,1,0,1,1,1
G:\Thesis\MonkSkinTone_Dataset\Segmented_MSTE\subject_6/PXL_20220922_141831973.PORTRAIT.jpg,5,5,4,1,0.31154483556747437,4,4,4,3,1,1,0,1,1
G:\Thesis\MonkSkinTone_Dataset\Segmented_MSTE\subject_6/PXL_20220922_141826372.PORTRAIT.jpg,5,5,4,1,0.36099615693092346,4,4,4,3,1,1,0,1,1
G:\Thesis\MonkSkinTone_Dataset\Segmented_MSTE\subject_6/PXL_20220922_141819690.PORTRAIT.jpg,5,5,4,1,0.3257778286933899,4,4,4,3,1,1,0,1,1
G:\Thesis\MonkSkinTone_Dataset\Segmented_MSTE\subject_6/PXL_20220922_141815198.PORTRAIT.jpg,5,5,4,1,0.37462663650512695,4,4,4,3,1,1,0,1,1
G:\Thesis\MonkSkinTone_Dataset\Segmented_MSTE\subject_6/PXL_20220922_141810468.PORTRAIT.jpg,5,5,4,1,0.3642847537994385,4,4,4,3,1,1,0,1,1
G:\Thesis\MonkSkinTone_Dataset\Segmented_MSTE\subject_6/PXL_20220922_141748897.PORTRAIT.jpg,5,5,4,1,0.3472381830215454,4,4,4,3,1,1,0,1,1
G:\Thesis\MonkSkinTone_Dataset\Segmented_MSTE\subject_6/PXL_20220922_141746988.PORTRAIT.jpg,5,5,4,1,0.3669724464416504,4,4,4,3,1,1,0,1,1
G:\Thesis\MonkSkinTone_Dataset\Segmented_MSTE\subject_6/PXL_20220922_141741394.PORTRAIT.jpg,5,5,4,1,0.3545880913734436,4,4,4,3,1,1,0,1,1
G:\Thesis\MonkSkinTone_Dataset\Segmented_MSTE\subject_6/PXL_20220922_141737535.PORTRAIT.jpg,5,5,4,1,0.3467381000518799,4,4,4,3,1,1,0,1,1
G:\Thesis\MonkSkinTone_Dataset\Segmented_MSTE\subject_6/PXL_20220922_141733560.PORTRAIT.jpg,5,5,4,1,0.3030407428741455,4,4,4,3,1,1,0,1,1
G:\Thesis\MonkSkinTone_Dataset\Segmented_MSTE\subject_6/PXL_20220922_141729618.PORTRAIT.jpg,5,5,4,1,0.36789533495903015,4,4,4,3,1,1,0,1,1
G:\Thesis\MonkSkinTone_Dataset\Segmented_MSTE\subject_6/PXL_20220922_141724943.PORTRAIT.jpg,5,5,4,1,0.3241775333881378,4,4,4,3,1,1,0,1,1
G:\Thesis\MonkSkinTone_Dataset\Segmented_MSTE\subject_6/PXL_20220922_141639932.jpg,5,5,4,1,0.30808278918266296,4,4,4,3,1,1,0,1,1
G:\Thesis\MonkSkinTone_Dataset\Segmented_MSTE\subject_6/PXL_20220922_141635391.jpg,5,5,4,1,0.3889588713645935,5,5,5,4,1,0,1,1,1
G:\Thesis\MonkSkinTone_Dataset\Segmented_MSTE\subject_6/PXL_20220922_141632698.jpg,5,5,4,1,0.3114205300807953,4,4,4,3,1,1,0,1,1
G:\Thesis\MonkSkinTone_Dataset\Segmented_MSTE\subject_6/PXL_20220922_141625961.jpg,5,5,4,1,0.2808969020843506,4,4,4,3,1,1,0,1,1
G:\Thesis\MonkSkinTone_Dataset\Segmented_MSTE\subject_6/PXL_20220922_141619931.jpg,5,5,4,1,0.32989054918289185,4,4,4,3,1,1,0,1,1
G:\Thesis\MonkSkinTone_Dataset\Segmented_MSTE\subject_6/PXL_20220922_141605392.jpg,5,5,4,1,0.3500823676586151,4,4,4,3,1,1,0,1,1
G:\Thesis\MonkSkinTone_Dataset\Segmented_MSTE\subject_6/PXL_20220922_141526293.jpg,5,5,4,1,0.5533853769302368,6,6,6,5,1,1,0,1,1
G:\Thesis\MonkSkinTone_Dataset\Segmented_MSTE\subject_6/PXL_20220922_141525030.jpg,5,5,4,1,0.4959927797317505,5,5,5,4,1,0,1,1,1
G:\Thesis\MonkSkinTone_Dataset\Segmented_MSTE\subject_6/PXL_20220922_141523144.jpg,5,5,4,1,0.5215508341789246,6,6,6,5,1,1,0,1,1
G:\Thesis\MonkSkinTone_Dataset\Segmented_MSTE\subject_6/PXL_20220922_141521292.jpg,5,5,4,1,0.5207969546318054,6,6,6,5,1,1,0,1,1
G:\Thesis\MonkSkinTone_Dataset\Segmented_MSTE\subject_6/PXL_20220922_141519820.jpg,5,5,4,1,0.44158878922462463,5,5,5,4,1,0,1,1,1
G:\Thesis\MonkSkinTone_Dataset\Segmented_MSTE\subject_6/PXL_20220922_141513523.PORTRAIT.jpg,5,5,4,1,0.5528929829597473,6,6,6,5,1,1,0,1,1
G:\Thesis\MonkSkinTone_Dataset\Segmented_MSTE\subject_6/PXL_20220922_141511755.PORTRAIT.jpg,5,5,4,1,0.5468221306800842,6,6,6,5,1,1,0,1,1
G:\Thesis\MonkSkinTone_Dataset\Segmented_MSTE\subject_6/PXL_20220922_141509803.PORTRAIT.jpg,5,5,4,1,0.6294610500335693,7,7,7,6,1,2,0,0,1
G:\Thesis\MonkSkinTone_Dataset\Segmented_MSTE\subject_6/PXL_20220922_141507384.PORTRAIT.jpg,5,5,4,1,0.567836344242096,6,6,6,5,1,1,0,1,1
G:\Thesis\MonkSkinTone_Dataset\Segmented_MSTE\subject_6/PXL_20220922_141501094.PORTRAIT.jpg,5,5,4,1,0.4982674717903137,5,5,5,4,1,0,1,1,1
G:\Thesis\MonkSkinTone_Dataset\Segmented_MSTE\subject_5/PXL_20220922_142413482.jpg,7,7,6,1,0.5307188034057617,6,6,6,5,1,1,0,1,1
G:\Thesis\MonkSkinTone_Dataset\Segmented_MSTE\subject_5/PXL_20220922_143253414.jpg,7,7,6,1,0.4394007623195648,5,5,5,4,1,2,0,0,1
G:\Thesis\MonkSkinTone_Dataset\Segmented_MSTE\subject_5/PXL_20220922_143251719.jpg,7,7,6,1,0.4520123600959778,5,5,5,4,1,2,0,0,1
G:\Thesis\MonkSkinTone_Dataset\Segmented_MSTE\subject_5/PXL_20220922_143246772.jpg,7,7,6,1,0.5450430512428284,6,6,6,5,1,1,0,1,1
G:\Thesis\MonkSkinTone_Dataset\Segmented_MSTE\subject_5/PXL_20220922_143242506.jpg,7,7,6,1,0.6419892311096191,7,7,7,6,1,0,1,1,1
G:\Thesis\MonkSkinTone_Dataset\Segmented_MSTE\subject_5/PXL_20220922_143240755.jpg,7,7,6,1,0.7444942593574524,8,8,8,7,2,1,0,1,0
G:\Thesis\MonkSkinTone_Dataset\Segmented_MSTE\subject_5/PXL_20220922_143237153.jpg,7,7,6,1,0.5632484555244446,6,6,6,5,1,1,0,1,1
G:\Thesis\MonkSkinTone_Dataset\Segmented_MSTE\subject_5/PXL_20220922_143235452.jpg,7,7,6,1,0.6925941705703735,7,7,7,6,1,0,1,1,1
G:\Thesis\MonkSkinTone_Dataset\Segmented_MSTE\subject_5/PXL_20220922_143231854.jpg,7,7,6,1,0.42405831813812256,5,5,5,4,1,2,0,0,1
G:\Thesis\MonkSkinTone_Dataset\Segmented_MSTE\subject_5/PXL_20220922_143230097.jpg,7,7,6,1,0.6963697671890259,7,7,7,6,1,0,1,1,1
G:\Thesis\MonkSkinTone_Dataset\Segmented_MSTE\subject_5/PXL_20220922_143139165.PORTRAIT.jpg,7,7,6,1,0.4569571912288666,5,5,5,4,1,2,0,0,1
G:\Thesis\MonkSkinTone_Dataset\Segmented_MSTE\subject_5/PXL_20220922_143135399.PORTRAIT.jpg,7,7,6,1,0.5016769170761108,6,6,6,5,1,1,0,1,1
G:\Thesis\MonkSkinTone_Dataset\Segmented_MSTE\subject_5/PXL_20220922_143131100.PORTRAIT.jpg,7,7,6,1,0.40683960914611816,5,5,5,4,1,2,0,0,1
G:\Thesis\MonkSkinTone_Dataset\Segmented_MSTE\subject_5/PXL_20220922_143127979.PORTRAIT.jpg,7,7,6,1,0.47377002239227295,5,5,5,4,1,2,0,0,1
G:\Thesis\MonkSkinTone_Dataset\Segmented_MSTE\subject_5/PXL_20220922_143125596.PORTRAIT.jpg,7,7,6,1,0.6585552096366882,7,7,7,6,1,0,1,1,1
G:\Thesis\MonkSkinTone_Dataset\Segmented_MSTE\subject_5/PXL_20220922_143123699.PORTRAIT.jpg,7,7,6,1,0.7401097416877747,8,8,8,7,2,1,0,1,0
G:\Thesis\MonkSkinTone_Dataset\Segmented_MSTE\subject_5/PXL_20220922_143120425.PORTRAIT.jpg,7,7,6,1,0.43136143684387207,5,5,5,4,1,2,0,0,1
G:\Thesis\MonkSkinTone_Dataset\Segmented_MSTE\subject_5/PXL_20220922_143113267.PORTRAIT.jpg,7,7,6,1,0.5228771567344666,6,6,6,5,1,1,0,1,1
G:\Thesis\MonkSkinTone_Dataset\Segmented_MSTE\subject_5/PXL_20220922_143106968.PORTRAIT.jpg,7,7,6,1,0.3474035859107971,4,4,4,3,1,3,0,0,1
G:\Thesis\MonkSkinTone_Dataset\Segmented_MSTE\subject_5/PXL_20220922_143105119.PORTRAIT.jpg,7,7,6,1,0.4683903455734253,5,5,5,4,1,2,0,0,1
G:\Thesis\MonkSkinTone_Dataset\Segmented_MSTE\subject_5/PXL_20220922_143104500.PORTRAIT.jpg,7,7,6,1,0.42984119057655334,5,5,5,4,1,2,0,0,1
G:\Thesis\MonkSkinTone_Dataset\Segmented_MSTE\subject_5/PXL_20220922_143103818.PORTRAIT.jpg,7,7,6,1,0.503162682056427,6,6,6,5,1,1,0,1,1
G:\Thesis\MonkSkinTone_Dataset\Segmented_MSTE\subject_5/PXL_20220922_143101662.PORTRAIT.jpg,7,7,6,1,0.5722789764404297,6,6,6,5,1,1,0,1,1
G:\Thesis\MonkSkinTone_Dataset\Segmented_MSTE\subject_5/PXL_20220922_143059150.PORTRAIT.jpg,7,7,6,1,0.45885393023490906,5,5,5,4,1,2,0,0,1
G:\Thesis\MonkSkinTone_Dataset\Segmented_MSTE\subject_5/PXL_20220922_143056845.PORTRAIT.jpg,7,7,6,1,0.775394856929779,8,8,8,7,2,1,0,1,0
G:\Thesis\MonkSkinTone_Dataset\Segmented_MSTE\subject_5/PXL_20220922_143053867.PORTRAIT.jpg,7,7,6,1,0.6342742443084717,7,7,7,6,1,0,1,1,1
G:\Thesis\MonkSkinTone_Dataset\Segmented_MSTE\subject_5/PXL_20220922_143052145.PORTRAIT.jpg,7,7,6,1,0.5744079947471619,6,6,6,5,1,1,0,1,1
G:\Thesis\MonkSkinTone_Dataset\Segmented_MSTE\subject_5/PXL_20220922_143049258.PORTRAIT.jpg,7,7,6,1,0.49286189675331116,5,5,5,4,1,2,0,0,1
G:\Thesis\MonkSkinTone_Dataset\Segmented_MSTE\subject_5/PXL_20220922_143043606.PORTRAIT.jpg,7,7,6,1,0.6347934603691101,7,7,7,6,1,0,1,1,1
G:\Thesis\MonkSkinTone_Dataset\Segmented_MSTE\subject_5/PXL_20220922_143012499.jpg,7,7,6,1,0.753199577331543,8,8,8,7,2,1,0,1,0
G:\Thesis\MonkSkinTone_Dataset\Segmented_MSTE\subject_5/PXL_20220922_143007783.jpg,7,7,6,1,0.6889499425888062,7,7,7,6,1,0,1,1,1
G:\Thesis\MonkSkinTone_Dataset\Segmented_MSTE\subject_5/PXL_20220922_143005748.jpg,7,7,6,1,0.6614989638328552,7,7,7,6,1,0,1,1,1
G:\Thesis\MonkSkinTone_Dataset\Segmented_MSTE\subject_5/PXL_20220922_143004581.jpg,7,7,6,1,0.5967145562171936,6,6,6,5,1,1,0,1,1
G:\Thesis\MonkSkinTone_Dataset\Segmented_MSTE\subject_5/PXL_20220922_143002045.jpg,7,7,6,1,0.7648807168006897,8,8,8,7,2,1,0,1,0
G:\Thesis\MonkSkinTone_Dataset\Segmented_MSTE\subject_5/PXL_20220922_142957675.jpg,7,7,6,1,0.7697569727897644,8,8,8,7,2,1,0,1,0
G:\Thesis\MonkSkinTone_Dataset\Segmented_MSTE\subject_5/PXL_20220922_142954990.jpg,7,7,6,1,0.6949713826179504,7,7,7,6,1,0,1,1,1
G:\Thesis\MonkSkinTone_Dataset\Segmented_MSTE\subject_5/PXL_20220922_142951972.jpg,7,7,6,1,0.7221489548683167,7,7,7,6,1,0,1,1,1
G:\Thesis\MonkSkinTone_Dataset\Segmented_MSTE\subject_5/PXL_20220922_142949592.jpg,7,7,6,1,0.7499104142189026,8,8,8,7,2,1,0,1,0
G:\Thesis\MonkSkinTone_Dataset\Segmented_MSTE\subject_5/PXL_20220922_142945886.jpg,7,7,6,1,0.5483007431030273,6,6,6,5,1,1,0,1,1
G:\Thesis\MonkSkinTone_Dataset\Segmented_MSTE\subject_5/PXL_20220922_142944757.jpg,7,7,6,1,0.7048941254615784,7,7,7,6,1,0,1,1,1
G:\Thesis\MonkSkinTone_Dataset\Segmented_MSTE\subject_5/PXL_20220922_142940931.jpg,7,7,6,1,0.6951215267181396,7,7,7,6,1,0,1,1,1
G:\Thesis\MonkSkinTone_Dataset\Segmented_MSTE\subject_5/PXL_20220922_142939817.jpg,7,7,6,1,0.6639816761016846,7,7,7,6,1,0,1,1,1
G:\Thesis\MonkSkinTone_Dataset\Segmented_MSTE\subject_5/PXL_20220922_142934607.jpg,7,7,6,1,0.6587215065956116,7,7,7,6,1,0,1,1,1
G:\Thesis\MonkSkinTone_Dataset\Segmented_MSTE\subject_5/PXL_20220922_142933626.jpg,7,7,6,1,0.5959348678588867,6,6,6,5,1,1,0,1,1
G:\Thesis\MonkSkinTone_Dataset\Segmented_MSTE\subject_5/PXL_20220922_142921035.jpg,7,7,6,1,0.7392163276672363,8,8,8,7,2,1,0,1,0
G:\Thesis\MonkSkinTone_Dataset\Segmented_MSTE\subject_5/PXL_20220922_142917997.jpg,7,7,6,1,0.7556567192077637,8,8,8,7,2,1,0,1,0
G:\Thesis\MonkSkinTone_Dataset\Segmented_MSTE\subject_5/PXL_20220922_142614750.PORTRAIT.jpg,7,7,6,1,0.43878403306007385,5,5,5,4,1,2,0,0,1
G:\Thesis\MonkSkinTone_Dataset\Segmented_MSTE\subject_5/PXL_20220922_142612462.PORTRAIT.jpg,7,7,6,1,0.6713161468505859,7,7,7,6,1,0,1,1,1
G:\Thesis\MonkSkinTone_Dataset\Segmented_MSTE\subject_5/PXL_20220922_142608903.PORTRAIT.jpg,7,7,6,1,0.7091315984725952,7,7,7,6,1,0,1,1,1
G:\Thesis\MonkSkinTone_Dataset\Segmented_MSTE\subject_5/PXL_20220922_142606244.PORTRAIT.jpg,7,7,6,1,0.5468381643295288,6,6,6,5,1,1,0,1,1
G:\Thesis\MonkSkinTone_Dataset\Segmented_MSTE\subject_5/PXL_20220922_142600816.PORTRAIT.jpg,7,7,6,1,0.8207412958145142,8,8,8,7,2,1,0,1,0
G:\Thesis\MonkSkinTone_Dataset\Segmented_MSTE\subject_5/PXL_20220922_142553004.PORTRAIT.jpg,7,7,6,1,0.6746675372123718,7,7,7,6,1,0,1,1,1
G:\Thesis\MonkSkinTone_Dataset\Segmented_MSTE\subject_5/PXL_20220922_142550791.PORTRAIT.jpg,7,7,6,1,0.5999220609664917,6,6,6,5,1,1,0,1,1
G:\Thesis\MonkSkinTone_Dataset\Segmented_MSTE\subject_5/PXL_20220922_142548472.PORTRAIT.jpg,7,7,6,1,0.6753517389297485,7,7,7,6,1,0,1,1,1
G:\Thesis\MonkSkinTone_Dataset\Segmented_MSTE\subject_5/PXL_20220922_142545872.PORTRAIT.jpg,7,7,6,1,0.6663289666175842,7,7,7,6,1,0,1,1,1
G:\Thesis\MonkSkinTone_Dataset\Segmented_MSTE\subject_5/PXL_20220922_142543353.PORTRAIT.jpg,7,7,6,1,0.7748850584030151,8,8,8,7,2,1,0,1,0
G:\Thesis\MonkSkinTone_Dataset\Segmented_MSTE\subject_5/PXL_20220922_142537968.PORTRAIT.jpg,7,7,6,1,0.6778956055641174,7,7,7,6,1,0,1,1,1
G:\Thesis\MonkSkinTone_Dataset\Segmented_MSTE\subject_5/PXL_20220922_142535244.PORTRAIT.jpg,7,7,6,1,0.6586418747901917,7,7,7,6,1,0,1,1,1
G:\Thesis\MonkSkinTone_Dataset\Segmented_MSTE\subject_5/PXL_20220922_142529483.PORTRAIT.jpg,7,7,6,1,0.7229909300804138,8,8,8,7,2,1,0,1,0
G:\Thesis\MonkSkinTone_Dataset\Segmented_MSTE\subject_5/PXL_20220922_142527736.PORTRAIT.jpg,7,7,6,1,0.5508404970169067,6,6,6,5,1,1,0,1,1
G:\Thesis\MonkSkinTone_Dataset\Segmented_MSTE\subject_5/PXL_20220922_142525560.PORTRAIT.jpg,7,7,6,1,0.7780970335006714,8,8,8,7,2,1,0,1,0
G:\Thesis\MonkSkinTone_Dataset\Segmented_MSTE\subject_5/PXL_20220922_142523136.PORTRAIT.jpg,7,7,6,1,0.6543785333633423,7,7,7,6,1,0,1,1,1
G:\Thesis\MonkSkinTone_Dataset\Segmented_MSTE\subject_5/PXL_20220922_142517538.PORTRAIT.jpg,7,7,6,1,0.7356077432632446,8,8,8,7,2,1,0,1,0
G:\Thesis\MonkSkinTone_Dataset\Segmented_MSTE\subject_5/PXL_20220922_142514092.PORTRAIT.jpg,7,7,6,1,0.7222581505775452,8,8,8,7,2,1,0,1,0
G:\Thesis\MonkSkinTone_Dataset\Segmented_MSTE\subject_5/PXL_20220922_142420818.jpg,7,7,6,1,0.3875381052494049,4,4,4,3,1,3,0,0,1
G:\Thesis\MonkSkinTone_Dataset\Segmented_MSTE\subject_4/PXL_20220922_162431213.jpg,9,9,8,2,0.8740769028663635,9,9,9,8,2,0,1,1,1
G:\Thesis\MonkSkinTone_Dataset\Segmented_MSTE\subject_4/PXL_20220922_162429314.jpg,9,9,8,2,0.8679678440093994,9,9,9,8,2,0,1,1,1
G:\Thesis\MonkSkinTone_Dataset\Segmented_MSTE\subject_4/PXL_20220922_162427303.jpg,9,9,8,2,0.7558671832084656,8,8,8,7,2,1,0,1,1
G:\Thesis\MonkSkinTone_Dataset\Segmented_MSTE\subject_4/PXL_20220922_162425765.jpg,9,9,8,2,0.8511121273040771,9,9,9,8,2,0,1,1,1
G:\Thesis\MonkSkinTone_Dataset\Segmented_MSTE\subject_4/PXL_20220922_162424266.jpg,9,9,8,2,0.8684337735176086,9,9,9,8,2,0,1,1,1
G:\Thesis\MonkSkinTone_Dataset\Segmented_MSTE\subject_4/PXL_20220922_162421385.jpg,9,9,8,2,0.8027830719947815,8,8,8,7,2,1,0,1,1
G:\Thesis\MonkSkinTone_Dataset\Segmented_MSTE\subject_4/PXL_20220922_162419201.jpg,9,9,8,2,0.7715799808502197,8,8,8,7,2,1,0,1,1
G:\Thesis\MonkSkinTone_Dataset\Segmented_MSTE\subject_4/PXL_20220922_162417511.jpg,9,9,8,2,0.920227587223053,9,9,9,8,2,0,1,1,1
G:\Thesis\MonkSkinTone_Dataset\Segmented_MSTE\subject_4/PXL_20220922_162409257.jpg,9,9,8,2,0.9053921699523926,9,9,9,8,2,0,1,1,1
G:\Thesis\MonkSkinTone_Dataset\Segmented_MSTE\subject_4/PXL_20220922_162407706.jpg,9,9,8,2,0.8570873737335205,9,9,9,8,2,0,1,1,1
G:\Thesis\MonkSkinTone_Dataset\Segmented_MSTE\subject_4/PXL_20220922_162406276.jpg,9,9,8,2,0.5342532396316528,6,6,6,5,1,3,0,0,0
G:\Thesis\MonkSkinTone_Dataset\Segmented_MSTE\subject_4/PXL_20220922_162404766.jpg,9,9,8,2,0.7461786866188049,8,8,8,7,2,1,0,1,1
G:\Thesis\MonkSkinTone_Dataset\Segmented_MSTE\subject_4/PXL_20220922_162403198.jpg,9,9,8,2,0.7473187446594238,8,8,8,7,2,1,0,1,1
G:\Thesis\MonkSkinTone_Dataset\Segmented_MSTE\subject_4/PXL_20220922_162401809.jpg,9,9,8,2,0.9175490736961365,9,9,9,8,2,0,1,1,1
G:\Thesis\MonkSkinTone_Dataset\Segmented_MSTE\subject_4/PXL_20220922_162359800.jpg,9,9,8,2,0.8927667737007141,9,9,9,8,2,0,1,1,1
G:\Thesis\MonkSkinTone_Dataset\Segmented_MSTE\subject_4/PXL_20220922_162358077.jpg,9,9,8,2,0.8703793287277222,9,9,9,8,2,0,1,1,1
G:\Thesis\MonkSkinTone_Dataset\Segmented_MSTE\subject_4/PXL_20220922_162356543.jpg,9,9,8,2,0.8088430762290955,8,8,8,7,2,1,0,1,1
G:\Thesis\MonkSkinTone_Dataset\Segmented_MSTE\subject_4/PXL_20220922_162354569.jpg,9,9,8,2,0.6968921422958374,7,7,7,6,1,2,0,0,0
G:\Thesis\MonkSkinTone_Dataset\Segmented_MSTE\subject_4/PXL_20220922_162353104.jpg,9,9,8,2,0.9455982446670532,10,10,10,9,2,1,0,1,1
G:\Thesis\MonkSkinTone_Dataset\Segmented_MSTE\subject_4/PXL_20220922_162310859.jpg,9,9,8,2,0.9025852084159851,9,9,9,8,2,0,1,1,1
G:\Thesis\MonkSkinTone_Dataset\Segmented_MSTE\subject_4/PXL_20220922_162308948.jpg,9,9,8,2,0.6815791726112366,7,7,7,6,1,2,0,0,0
G:\Thesis\MonkSkinTone_Dataset\Segmented_MSTE\subject_4/PXL_20220922_162307441.jpg,9,9,8,2,0.47887885570526123,5,5,5,4,1,4,0,0,0
G:\Thesis\MonkSkinTone_Dataset\Segmented_MSTE\subject_4/PXL_20220922_162306073.jpg,9,9,8,2,0.9085786938667297,9,9,9,8,2,0,1,1,1
G:\Thesis\MonkSkinTone_Dataset\Segmented_MSTE\subject_4/PXL_20220922_162304847.jpg,9,9,8,2,0.9577135443687439,10,10,10,9,2,1,0,1,1
G:\Thesis\MonkSkinTone_Dataset\Segmented_MSTE\subject_4/PXL_20220922_162301039.jpg,9,9,8,2,0.4963669776916504,5,5,5,4,1,4,0,0,0
G:\Thesis\MonkSkinTone_Dataset\Segmented_MSTE\subject_4/PXL_20220922_162258202.jpg,9,9,8,2,0.4804806709289551,5,5,5,4,1,4,0,0,0
G:\Thesis\MonkSkinTone_Dataset\Segmented_MSTE\subject_4/PXL_20220922_162255438.jpg,9,9,8,2,0.41061389446258545,5,5,5,4,1,4,0,0,0
G:\Thesis\MonkSkinTone_Dataset\Segmented_MSTE\subject_4/PXL_20220922_162253802.jpg,9,9,8,2,0.823460578918457,8,8,8,7,2,1,0,1,1
G:\Thesis\MonkSkinTone_Dataset\Segmented_MSTE\subject_4/PXL_20220922_162251832.jpg,9,9,8,2,0.7849623560905457,8,8,8,7,2,1,0,1,1
G:\Thesis\MonkSkinTone_Dataset\Segmented_MSTE\subject_4/PXL_20220922_162227851.jpg,9,9,8,2,0.5170308947563171,6,6,6,5,1,3,0,0,0
G:\Thesis\MonkSkinTone_Dataset\Segmented_MSTE\subject_4/PXL_20220922_162222156.jpg,9,9,8,2,0.6582739949226379,7,7,7,6,1,2,0,0,0
G:\Thesis\MonkSkinTone_Dataset\Segmented_MSTE\subject_4/PXL_20220922_162134005.jpg,9,9,8,2,0.7053412795066833,7,7,7,6,1,2,0,0,0
G:\Thesis\MonkSkinTone_Dataset\Segmented_MSTE\subject_4/PXL_20220922_162132188.jpg,9,9,8,2,0.42057764530181885,5,5,5,4,1,4,0,0,0
G:\Thesis\MonkSkinTone_Dataset\Segmented_MSTE\subject_4/PXL_20220922_162129053.jpg,9,9,8,2,0.5249196290969849,6,6,6,5,1,3,0,0,0
G:\Thesis\MonkSkinTone_Dataset\Segmented_MSTE\subject_4/PXL_20220922_162127092.jpg,9,9,8,2,0.6445392370223999,7,7,7,6,1,2,0,0,0
G:\Thesis\MonkSkinTone_Dataset\Segmented_MSTE\subject_4/PXL_20220922_162124839.jpg,9,9,8,2,0.5363610982894897,6,6,6,5,1,3,0,0,0
G:\Thesis\MonkSkinTone_Dataset\Segmented_MSTE\subject_4/PXL_20220922_162123739.jpg,9,9,8,2,0.5279446244239807,6,6,6,5,1,3,0,0,0
G:\Thesis\MonkSkinTone_Dataset\Segmented_MSTE\subject_4/PXL_20220922_162120829.jpg,9,9,8,2,0.614395260810852,7,7,7,6,1,2,0,0,0
G:\Thesis\MonkSkinTone_Dataset\Segmented_MSTE\subject_4/PXL_20220922_162119421.jpg,9,9,8,2,0.601471483707428,6,6,6,5,1,3,0,0,0
G:\Thesis\MonkSkinTone_Dataset\Segmented_MSTE\subject_4/PXL_20220922_162054939.jpg,9,9,8,2,0.7901890873908997,8,8,8,7,2,1,0,1,1
G:\Thesis\MonkSkinTone_Dataset\Segmented_MSTE\subject_4/PXL_20220922_162052907.jpg,9,9,8,2,0.7986072897911072,8,8,8,7,2,1,0,1,1
G:\Thesis\MonkSkinTone_Dataset\Segmented_MSTE\subject_4/PXL_20220922_162051191.jpg,9,9,8,2,0.7290897369384766,8,8,8,7,2,1,0,1,1
G:\Thesis\MonkSkinTone_Dataset\Segmented_MSTE\subject_4/PXL_20220922_162049072.jpg,9,9,8,2,0.7346838116645813,8,8,8,7,2,1,0,1,1
G:\Thesis\MonkSkinTone_Dataset\Segmented_MSTE\subject_4/PXL_20220922_162046872.jpg,9,9,8,2,0.8768640756607056,9,9,9,8,2,0,1,1,1
G:\Thesis\MonkSkinTone_Dataset\Segmented_MSTE\subject_4/PXL_20220922_162041822.jpg,9,9,8,2,0.8301089406013489,8,8,8,7,2,1,0,1,1
G:\Thesis\MonkSkinTone_Dataset\Segmented_MSTE\subject_4/PXL_20220922_162038772.jpg,9,9,8,2,0.8026809096336365,8,8,8,7,2,1,0,1,1
G:\Thesis\MonkSkinTone_Dataset\Segmented_MSTE\subject_4/PXL_20220922_162036806.jpg,9,9,8,2,0.7785991430282593,8,8,8,7,2,1,0,1,1
G:\Thesis\MonkSkinTone_Dataset\Segmented_MSTE\subject_4/PXL_20220922_162034926.jpg,9,9,8,2,0.7031842470169067,7,7,7,6,1,2,0,0,0
G:\Thesis\MonkSkinTone_Dataset\Segmented_MSTE\subject_4/PXL_20220922_162033560.jpg,9,9,8,2,0.7596640586853027,8,8,8,7,2,1,0,1,1
G:\Thesis\MonkSkinTone_Dataset\Segmented_MSTE\subject_4/PXL_20220922_162021956.jpg,9,9,8,2,0.7207480669021606,7,7,7,6,1,2,0,0,0
G:\Thesis\MonkSkinTone_Dataset\Segmented_MSTE\subject_4/PXL_20220922_162020889.jpg,9,9,8,2,0.7179936170578003,7,7,7,6,1,2,0,0,0
G:\Thesis\MonkSkinTone_Dataset\Segmented_MSTE\subject_4/PXL_20220922_162019375.jpg,9,9,8,2,0.692308783531189,7,7,7,6,1,2,0,0,0
G:\Thesis\MonkSkinTone_Dataset\Segmented_MSTE\subject_4/PXL_20220922_162017610.jpg,9,9,8,2,0.7621886730194092,8,8,8,7,2,1,0,1,1
G:\Thesis\MonkSkinTone_Dataset\Segmented_MSTE\subject_4/PXL_20220922_162015840.jpg,9,9,8,2,0.8461978435516357,9,9,9,8,2,0,1,1,1
G:\Thesis\MonkSkinTone_Dataset\Segmented_MSTE\subject_4/PXL_20220922_161939679.jpg,9,9,8,2,0.6625312566757202,7,7,7,6,1,2,0,0,0
G:\Thesis\MonkSkinTone_Dataset\Segmented_MSTE\subject_4/PXL_20220922_161938180.jpg,9,9,8,2,0.6969594359397888,7,7,7,6,1,2,0,0,0
G:\Thesis\MonkSkinTone_Dataset\Segmented_MSTE\subject_4/PXL_20220922_161934430.jpg,9,9,8,2,0.4328591525554657,5,5,5,4,1,4,0,0,0
G:\Thesis\MonkSkinTone_Dataset\Segmented_MSTE\subject_4/PXL_20220922_161932128.jpg,9,9,8,2,0.7470014095306396,8,8,8,7,2,1,0,1,1
G:\Thesis\MonkSkinTone_Dataset\Segmented_MSTE\subject_4/PXL_20220922_161929477.jpg,9,9,8,2,0.6700218915939331,7,7,7,6,1,2,0,0,0
G:\Thesis\MonkSkinTone_Dataset\Segmented_MSTE\subject_4/PXL_20220922_161927302.jpg,9,9,8,2,0.8131647109985352,8,8,8,7,2,1,0,1,1
G:\Thesis\MonkSkinTone_Dataset\Segmented_MSTE\subject_4/PXL_20220922_161923233.jpg,9,9,8,2,0.7317533493041992,8,8,8,7,2,1,0,1,1
G:\Thesis\MonkSkinTone_Dataset\Segmented_MSTE\subject_4/PXL_20220922_161921427.jpg,9,9,8,2,0.8499175310134888,9,9,9,8,2,0,1,1,1
G:\Thesis\MonkSkinTone_Dataset\Segmented_MSTE\subject_4/PXL_20220922_161917826.jpg,9,9,8,2,0.7164078950881958,7,7,7,6,1,2,0,0,0
G:\Thesis\MonkSkinTone_Dataset\Segmented_MSTE\subject_4/PXL_20220922_161915600.jpg,9,9,8,2,0.828029453754425,8,8,8,7,2,1,0,1,1
G:\Thesis\MonkSkinTone_Dataset\Segmented_MSTE\subject_4/PXL_20220922_161910023.jpg,9,9,8,2,0.7311850190162659,8,8,8,7,2,1,0,1,1
G:\Thesis\MonkSkinTone_Dataset\Segmented_MSTE\subject_4/PXL_20220922_161908046.jpg,9,9,8,2,0.776167094707489,8,8,8,7,2,1,0,1,1
G:\Thesis\MonkSkinTone_Dataset\Segmented_MSTE\subject_4/PXL_20220922_161905430.jpg,9,9,8,2,0.6738540530204773,7,7,7,6,1,2,0,0,0
G:\Thesis\MonkSkinTone_Dataset\Segmented_MSTE\subject_4/PXL_20220922_161903530.jpg,9,9,8,2,0.807641327381134,8,8,8,7,2,1,0,1,1
G:\Thesis\MonkSkinTone_Dataset\Segmented_MSTE\subject_4/PXL_20220922_161859476.jpg,9,9,8,2,0.7148054838180542,7,7,7,6,1,2,0,0,0
G:\Thesis\MonkSkinTone_Dataset\Segmented_MSTE\subject_4/PXL_20220922_161857653.jpg,9,9,8,2,0.8437039852142334,9,9,9,8,2,0,1,1,1
G:\Thesis\MonkSkinTone_Dataset\Segmented_MSTE\subject_3/PXL_20220922_192540568.jpg,6,6,5,1,0.4391869604587555,5,5,5,4,1,1,0,1,1
G:\Thesis\MonkSkinTone_Dataset\Segmented_MSTE\subject_3/PXL_20220922_193528310.jpg,6,6,5,1,0.6633139848709106,7,7,7,6,1,1,0,1,1
G:\Thesis\MonkSkinTone_Dataset\Segmented_MSTE\subject_3/PXL_20220922_193526844.jpg,6,6,5,1,0.7371276021003723,8,8,8,7,2,2,0,0,0
G:\Thesis\MonkSkinTone_Dataset\Segmented_MSTE\subject_3/PXL_20220922_193525366.jpg,6,6,5,1,0.7804092168807983,8,8,8,7,2,2,0,0,0
G:\Thesis\MonkSkinTone_Dataset\Segmented_MSTE\subject_3/PXL_20220922_193523837.jpg,6,6,5,1,0.6428124308586121,7,7,7,6,1,1,0,1,1
G:\Thesis\MonkSkinTone_Dataset\Segmented_MSTE\subject_3/PXL_20220922_193521063.jpg,6,6,5,1,0.6543723940849304,7,7,7,6,1,1,0,1,1
G:\Thesis\MonkSkinTone_Dataset\Segmented_MSTE\subject_3/PXL_20220922_193512595.jpg,6,6,5,1,0.7675719857215881,8,8,8,7,2,2,0,0,0
G:\Thesis\MonkSkinTone_Dataset\Segmented_MSTE\subject_3/PXL_20220922_193511119.jpg,6,6,5,1,0.371156245470047,4,4,4,3,1,2,0,0,1
G:\Thesis\MonkSkinTone_Dataset\Segmented_MSTE\subject_3/PXL_20220922_193509768.jpg,6,6,5,1,0.5979579091072083,6,6,6,5,1,0,1,1,1
G:\Thesis\MonkSkinTone_Dataset\Segmented_MSTE\subject_3/PXL_20220922_193508077.jpg,6,6,5,1,0.5953048467636108,6,6,6,5,1,0,1,1,1
G:\Thesis\MonkSkinTone_Dataset\Segmented_MSTE\subject_3/PXL_20220922_193506209.jpg,6,6,5,1,0.4758322238922119,5,5,5,4,1,1,0,1,1
G:\Thesis\MonkSkinTone_Dataset\Segmented_MSTE\subject_3/PXL_20220922_193503938.jpg,6,6,5,1,0.7484564185142517,8,8,8,7,2,2,0,0,0
G:\Thesis\MonkSkinTone_Dataset\Segmented_MSTE\subject_3/PXL_20220922_193502239.jpg,6,6,5,1,0.6899979114532471,7,7,7,6,1,1,0,1,1
G:\Thesis\MonkSkinTone_Dataset\Segmented_MSTE\subject_3/PXL_20220922_193500570.jpg,6,6,5,1,0.7410598397254944,8,8,8,7,2,2,0,0,0
G:\Thesis\MonkSkinTone_Dataset\Segmented_MSTE\subject_3/PXL_20220922_193459099.jpg,6,6,5,1,0.6505645513534546,7,7,7,6,1,1,0,1,1
G:\Thesis\MonkSkinTone_Dataset\Segmented_MSTE\subject_3/PXL_20220922_193457393.jpg,6,6,5,1,0.7250570058822632,8,8,8,7,2,2,0,0,0
G:\Thesis\MonkSkinTone_Dataset\Segmented_MSTE\subject_3/PXL_20220922_193442749.jpg,6,6,5,1,0.6082735657691956,6,6,6,5,1,0,1,1,1
G:\Thesis\MonkSkinTone_Dataset\Segmented_MSTE\subject_3/PXL_20220922_193441419.jpg,6,6,5,1,0.7499679923057556,8,8,8,7,2,2,0,0,0
G:\Thesis\MonkSkinTone_Dataset\Segmented_MSTE\subject_3/PXL_20220922_193440026.jpg,6,6,5,1,0.612484872341156,7,7,7,6,1,1,0,1,1
G:\Thesis\MonkSkinTone_Dataset\Segmented_MSTE\subject_3/PXL_20220922_193438687.jpg,6,6,5,1,0.45852410793304443,5,5,5,4,1,1,0,1,1
G:\Thesis\MonkSkinTone_Dataset\Segmented_MSTE\subject_3/PXL_20220922_193436546.jpg,6,6,5,1,0.5231854319572449,6,6,6,5,1,0,1,1,1
G:\Thesis\MonkSkinTone_Dataset\Segmented_MSTE\subject_3/PXL_20220922_193434544.jpg,6,6,5,1,0.44494250416755676,5,5,5,4,1,1,0,1,1
G:\Thesis\MonkSkinTone_Dataset\Segmented_MSTE\subject_3/PXL_20220922_193258695.jpg,6,6,5,1,0.3169528841972351,4,4,4,3,1,2,0,0,1
G:\Thesis\MonkSkinTone_Dataset\Segmented_MSTE\subject_3/PXL_20220922_193257144.jpg,6,6,5,1,0.31572508811950684,4,4,4,3,1,2,0,0,1
G:\Thesis\MonkSkinTone_Dataset\Segmented_MSTE\subject_3/PXL_20220922_193255095.jpg,6,6,5,1,0.27643707394599915,3,3,3,2,0,3,0,0,0
G:\Thesis\MonkSkinTone_Dataset\Segmented_MSTE\subject_3/PXL_20220922_193254088.jpg,6,6,5,1,0.5757903456687927,6,6,6,5,1,0,1,1,1
G:\Thesis\MonkSkinTone_Dataset\Segmented_MSTE\subject_3/PXL_20220922_193252671.jpg,6,6,5,1,0.5895256400108337,6,6,6,5,1,0,1,1,1
G:\Thesis\MonkSkinTone_Dataset\Segmented_MSTE\subject_3/PXL_20220922_193251973.jpg,6,6,5,1,0.5689258575439453,6,6,6,5,1,0,1,1,1
G:\Thesis\MonkSkinTone_Dataset\Segmented_MSTE\subject_3/PXL_20220922_193250362.jpg,6,6,5,1,0.5061836242675781,6,6,6,5,1,0,1,1,1
G:\Thesis\MonkSkinTone_Dataset\Segmented_MSTE\subject_3/PXL_20220922_193249113.jpg,6,6,5,1,0.7567335367202759,8,8,8,7,2,2,0,0,0
G:\Thesis\MonkSkinTone_Dataset\Segmented_MSTE\subject_3/PXL_20220922_193247851.jpg,6,6,5,1,0.5908526182174683,6,6,6,5,1,0,1,1,1
G:\Thesis\MonkSkinTone_Dataset\Segmented_MSTE\subject_3/PXL_20220922_193246375.jpg,6,6,5,1,0.4114617109298706,5,5,5,4,1,1,0,1,1
G:\Thesis\MonkSkinTone_Dataset\Segmented_MSTE\subject_3/PXL_20220922_193244973.jpg,6,6,5,1,0.6342969536781311,7,7,7,6,1,1,0,1,1
G:\Thesis\MonkSkinTone_Dataset\Segmented_MSTE\subject_3/PXL_20220922_193243211.jpg,6,6,5,1,0.5035240650177002,6,6,6,5,1,0,1,1,1
G:\Thesis\MonkSkinTone_Dataset\Segmented_MSTE\subject_3/PXL_20220922_193241850.jpg,6,6,5,1,0.40276193618774414,5,5,5,4,1,1,0,1,1
G:\Thesis\MonkSkinTone_Dataset\Segmented_MSTE\subject_3/PXL_20220922_193240640.jpg,6,6,5,1,0.5901007652282715,6,6,6,5,1,0,1,1,1
G:\Thesis\MonkSkinTone_Dataset\Segmented_MSTE\subject_3/PXL_20220922_193239210.jpg,6,6,5,1,0.7104330658912659,7,7,7,6,1,1,0,1,1
G:\Thesis\MonkSkinTone_Dataset\Segmented_MSTE\subject_3/PXL_20220922_193146740.jpg,6,6,5,1,0.6742881536483765,7,7,7,6,1,1,0,1,1
G:\Thesis\MonkSkinTone_Dataset\Segmented_MSTE\subject_3/PXL_20220922_193145287.jpg,6,6,5,1,0.7490749359130859,8,8,8,7,2,2,0,0,0
G:\Thesis\MonkSkinTone_Dataset\Segmented_MSTE\subject_3/PXL_20220922_193143821.jpg,6,6,5,1,0.7124592065811157,7,7,7,6,1,1,0,1,1
G:\Thesis\MonkSkinTone_Dataset\Segmented_MSTE\subject_3/PXL_20220922_193142521.jpg,6,6,5,1,0.7867832183837891,8,8,8,7,2,2,0,0,0
G:\Thesis\MonkSkinTone_Dataset\Segmented_MSTE\subject_3/PXL_20220922_193140993.jpg,6,6,5,1,0.6891089081764221,7,7,7,6,1,1,0,1,1
G:\Thesis\MonkSkinTone_Dataset\Segmented_MSTE\subject_3/PXL_20220922_192839520.jpg,6,6,5,1,0.7056782245635986,7,7,7,6,1,1,0,1,1
G:\Thesis\MonkSkinTone_Dataset\Segmented_MSTE\subject_3/PXL_20220922_192838054.jpg,6,6,5,1,0.5978788733482361,6,6,6,5,1,0,1,1,1
G:\Thesis\MonkSkinTone_Dataset\Segmented_MSTE\subject_3/PXL_20220922_192836240.jpg,6,6,5,1,0.7292064428329468,8,8,8,7,2,2,0,0,0
G:\Thesis\MonkSkinTone_Dataset\Segmented_MSTE\subject_3/PXL_20220922_192834158.jpg,6,6,5,1,0.7743154764175415,8,8,8,7,2,2,0,0,0
G:\Thesis\MonkSkinTone_Dataset\Segmented_MSTE\subject_3/PXL_20220922_192831992.jpg,6,6,5,1,0.7795242667198181,8,8,8,7,2,2,0,0,0
G:\Thesis\MonkSkinTone_Dataset\Segmented_MSTE\subject_3/PXL_20220922_192746438.jpg,6,6,5,1,0.3961734473705292,5,5,5,4,1,1,0,1,1
G:\Thesis\MonkSkinTone_Dataset\Segmented_MSTE\subject_3/PXL_20220922_192744156.jpg,6,6,5,1,0.6326125860214233,7,7,7,6,1,1,0,1,1
G:\Thesis\MonkSkinTone_Dataset\Segmented_MSTE\subject_3/PXL_20220922_192741691.jpg,6,6,5,1,0.737499475479126,8,8,8,7,2,2,0,0,0
G:\Thesis\MonkSkinTone_Dataset\Segmented_MSTE\subject_3/PXL_20220922_192739767.jpg,6,6,5,1,0.8124528527259827,8,8,8,7,2,2,0,0,0
G:\Thesis\MonkSkinTone_Dataset\Segmented_MSTE\subject_3/PXL_20220922_192736985.jpg,6,6,5,1,0.7237493991851807,8,8,8,7,2,2,0,0,0
G:\Thesis\MonkSkinTone_Dataset\Segmented_MSTE\subject_3/PXL_20220922_192714792.jpg,6,6,5,1,0.7719666361808777,8,8,8,7,2,2,0,0,0
G:\Thesis\MonkSkinTone_Dataset\Segmented_MSTE\subject_3/PXL_20220922_192713113.jpg,6,6,5,1,0.662501871585846,7,7,7,6,1,1,0,1,1
G:\Thesis\MonkSkinTone_Dataset\Segmented_MSTE\subject_3/PXL_20220922_192711496.jpg,6,6,5,1,0.6969893574714661,7,7,7,6,1,1,0,1,1
G:\Thesis\MonkSkinTone_Dataset\Segmented_MSTE\subject_3/PXL_20220922_192709617.jpg,6,6,5,1,0.762890636920929,8,8,8,7,2,2,0,0,0
G:\Thesis\MonkSkinTone_Dataset\Segmented_MSTE\subject_3/PXL_20220922_192707666.jpg,6,6,5,1,0.7333049774169922,8,8,8,7,2,2,0,0,0
G:\Thesis\MonkSkinTone_Dataset\Segmented_MSTE\subject_3/PXL_20220922_192706771.jpg,6,6,5,1,0.5279602408409119,6,6,6,5,1,0,1,1,1
G:\Thesis\MonkSkinTone_Dataset\Segmented_MSTE\subject_3/PXL_20220922_192651355.jpg,6,6,5,1,0.47974029183387756,5,5,5,4,1,1,0,1,1
G:\Thesis\MonkSkinTone_Dataset\Segmented_MSTE\subject_3/PXL_20220922_192649338.jpg,6,6,5,1,0.7191211581230164,7,7,7,6,1,1,0,1,1
G:\Thesis\MonkSkinTone_Dataset\Segmented_MSTE\subject_3/PXL_20220922_192648272.jpg,6,6,5,1,0.6618597507476807,7,7,7,6,1,1,0,1,1
G:\Thesis\MonkSkinTone_Dataset\Segmented_MSTE\subject_3/PXL_20220922_192645891.jpg,6,6,5,1,0.3561832904815674,4,4,4,3,1,2,0,0,1
G:\Thesis\MonkSkinTone_Dataset\Segmented_MSTE\subject_3/PXL_20220922_192641993.jpg,6,6,5,1,0.4060139060020447,5,5,5,4,1,1,0,1,1
G:\Thesis\MonkSkinTone_Dataset\Segmented_MSTE\subject_3/PXL_20220922_192640227.jpg,6,6,5,1,0.44524651765823364,5,5,5,4,1,1,0,1,1
G:\Thesis\MonkSkinTone_Dataset\Segmented_MSTE\subject_3/PXL_20220922_192637943.jpg,6,6,5,1,0.42586591839790344,5,5,5,4,1,1,0,1,1
G:\Thesis\MonkSkinTone_Dataset\Segmented_MSTE\subject_3/PXL_20220922_192630530.jpg,6,6,5,1,0.27677980065345764,3,3,3,2,0,3,0,0,0
G:\Thesis\MonkSkinTone_Dataset\Segmented_MSTE\subject_3/PXL_20220922_192625680.jpg,6,6,5,1,0.533622145652771,6,6,6,5,1,0,1,1,1
G:\Thesis\MonkSkinTone_Dataset\Segmented_MSTE\subject_3/PXL_20220922_192624406.jpg,6,6,5,1,0.673187255859375,7,7,7,6,1,1,0,1,1
G:\Thesis\MonkSkinTone_Dataset\Segmented_MSTE\subject_3/PXL_20220922_192622568.jpg,6,6,5,1,0.4262789189815521,5,5,5,4,1,1,0,1,1
G:\Thesis\MonkSkinTone_Dataset\Segmented_MSTE\subject_3/PXL_20220922_192620412.jpg,6,6,5,1,0.6849899291992188,7,7,7,6,1,1,0,1,1
G:\Thesis\MonkSkinTone_Dataset\Segmented_MSTE\subject_3/PXL_20220922_192618611.jpg,6,6,5,1,0.42568135261535645,5,5,5,4,1,1,0,1,1
G:\Thesis\MonkSkinTone_Dataset\Segmented_MSTE\subject_3/PXL_20220922_192615914.jpg,6,6,5,1,0.7171861529350281,7,7,7,6,1,1,0,1,1
G:\Thesis\MonkSkinTone_Dataset\Segmented_MSTE\subject_3/PXL_20220922_192614146.jpg,6,6,5,1,0.5877284407615662,6,6,6,5,1,0,1,1,1
G:\Thesis\MonkSkinTone_Dataset\Segmented_MSTE\subject_3/PXL_20220922_192612301.jpg,6,6,5,1,0.7447568774223328,8,8,8,7,2,2,0,0,0
G:\Thesis\MonkSkinTone_Dataset\Segmented_MSTE\subject_3/PXL_20220922_192610554.jpg,6,6,5,1,0.7441094517707825,8,8,8,7,2,2,0,0,0
G:\Thesis\MonkSkinTone_Dataset\Segmented_MSTE\subject_3/PXL_20220922_192608497.jpg,6,6,5,1,0.761879026889801,8,8,8,7,2,2,0,0,0
G:\Thesis\MonkSkinTone_Dataset\Segmented_MSTE\subject_3/PXL_20220922_192558186.jpg,6,6,5,1,0.41924136877059937,5,5,5,4,1,1,0,1,1
G:\Thesis\MonkSkinTone_Dataset\Segmented_MSTE\subject_3/PXL_20220922_192552609.jpg,6,6,5,1,0.47417575120925903,5,5,5,4,1,1,0,1,1
G:\Thesis\MonkSkinTone_Dataset\Segmented_MSTE\subject_3/PXL_20220922_192550654.jpg,6,6,5,1,0.5930023789405823,6,6,6,5,1,0,1,1,1
G:\Thesis\MonkSkinTone_Dataset\Segmented_MSTE\subject_3/PXL_20220922_192548334.jpg,6,6,5,1,0.42623984813690186,5,5,5,4,1,1,0,1,1
G:\Thesis\MonkSkinTone_Dataset\Segmented_MSTE\subject_3/PXL_20220922_192545631.jpg,6,6,5,1,0.4308481812477112,5,5,5,4,1,1,0,1,1
G:\Thesis\MonkSkinTone_Dataset\Segmented_MSTE\subject_3/PXL_20220922_192543202.jpg,6,6,5,1,0.4333959221839905,5,5,5,4,1,1,0,1,1
G:\Thesis\MonkSkinTone_Dataset\Segmented_MSTE\subject_2/PXL_20220922_173936123.jpg,8,8,7,2,0.4433242082595825,5,5,5,4,1,3,0,0,0
G:\Thesis\MonkSkinTone_Dataset\Segmented_MSTE\subject_2/PXL_20220922_173932021.jpg,8,8,7,2,0.5874541401863098,6,6,6,5,1,2,0,0,0
G:\Thesis\MonkSkinTone_Dataset\Segmented_MSTE\subject_2/PXL_20220922_173929968.jpg,8,8,7,2,0.8498848080635071,9,9,9,8,2,1,0,1,1
G:\Thesis\MonkSkinTone_Dataset\Segmented_MSTE\subject_2/PXL_20220922_173926742.jpg,8,8,7,2,0.30287083983421326,4,4,4,3,1,4,0,0,0
G:\Thesis\MonkSkinTone_Dataset\Segmented_MSTE\subject_2/PXL_20220922_173924672.jpg,8,8,7,2,0.617792546749115,7,7,7,6,1,1,0,1,0
G:\Thesis\MonkSkinTone_Dataset\Segmented_MSTE\subject_2/PXL_20220922_173921134.jpg,8,8,7,2,0.7878429293632507,8,8,8,7,2,0,1,1,1
G:\Thesis\MonkSkinTone_Dataset\Segmented_MSTE\subject_2/PXL_20220922_173918548.jpg,8,8,7,2,0.6387473344802856,7,7,7,6,1,1,0,1,0
G:\Thesis\MonkSkinTone_Dataset\Segmented_MSTE\subject_2/PXL_20220922_173916878.jpg,8,8,7,2,0.7422319650650024,8,8,8,7,2,0,1,1,1
G:\Thesis\MonkSkinTone_Dataset\Segmented_MSTE\subject_2/PXL_20220922_173914227.jpg,8,8,7,2,0.5723152756690979,6,6,6,5,1,2,0,0,0
G:\Thesis\MonkSkinTone_Dataset\Segmented_MSTE\subject_2/PXL_20220922_173912083.jpg,8,8,7,2,0.7209157347679138,7,7,7,6,1,1,0,1,0
G:\Thesis\MonkSkinTone_Dataset\Segmented_MSTE\subject_2/PXL_20220922_173910224.jpg,8,8,7,2,0.4741549491882324,5,5,5,4,1,3,0,0,0
G:\Thesis\MonkSkinTone_Dataset\Segmented_MSTE\subject_2/PXL_20220922_173759197.jpg,8,8,7,2,0.36672234535217285,4,4,4,3,1,4,0,0,0
G:\Thesis\MonkSkinTone_Dataset\Segmented_MSTE\subject_2/PXL_20220922_173757254.jpg,8,8,7,2,0.23223312199115753,3,3,3,2,0,5,0,0,0
G:\Thesis\MonkSkinTone_Dataset\Segmented_MSTE\subject_2/PXL_20220922_173755660.jpg,8,8,7,2,0.6660195589065552,7,7,7,6,1,1,0,1,0
G:\Thesis\MonkSkinTone_Dataset\Segmented_MSTE\subject_2/PXL_20220922_173754215.jpg,8,8,7,2,0.7449960708618164,8,8,8,7,2,0,1,1,1
G:\Thesis\MonkSkinTone_Dataset\Segmented_MSTE\subject_2/PXL_20220922_173751452.jpg,8,8,7,2,0.5758756399154663,6,6,6,5,1,2,0,0,0
G:\Thesis\MonkSkinTone_Dataset\Segmented_MSTE\subject_2/PXL_20220922_173750073.jpg,8,8,7,2,0.904072642326355,9,9,9,8,2,1,0,1,1
G:\Thesis\MonkSkinTone_Dataset\Segmented_MSTE\subject_2/PXL_20220922_173748586.jpg,8,8,7,2,0.6240698099136353,7,7,7,6,1,1,0,1,0
G:\Thesis\MonkSkinTone_Dataset\Segmented_MSTE\subject_2/PXL_20220922_173747570.jpg,8,8,7,2,0.7491235136985779,8,8,8,7,2,0,1,1,1
G:\Thesis\MonkSkinTone_Dataset\Segmented_MSTE\subject_2/PXL_20220922_173744472.jpg,8,8,7,2,0.429585725069046,5,5,5,4,1,3,0,0,0
G:\Thesis\MonkSkinTone_Dataset\Segmented_MSTE\subject_2/PXL_20220922_173736762.jpg,8,8,7,2,0.6438088417053223,7,7,7,6,1,1,0,1,0
G:\Thesis\MonkSkinTone_Dataset\Segmented_MSTE\subject_2/PXL_20220922_173734627.jpg,8,8,7,2,0.767037570476532,8,8,8,7,2,0,1,1,1
G:\Thesis\MonkSkinTone_Dataset\Segmented_MSTE\subject_2/PXL_20220922_173732143.jpg,8,8,7,2,0.500321626663208,6,6,6,5,1,2,0,0,0
G:\Thesis\MonkSkinTone_Dataset\Segmented_MSTE\subject_2/PXL_20220922_173719038.jpg,8,8,7,2,0.555101752281189,6,6,6,5,1,2,0,0,0
G:\Thesis\MonkSkinTone_Dataset\Segmented_MSTE\subject_2/PXL_20220922_173717156.jpg,8,8,7,2,0.7330272793769836,8,8,8,7,2,0,1,1,1
G:\Thesis\MonkSkinTone_Dataset\Segmented_MSTE\subject_2/PXL_20220922_173611308.jpg,8,8,7,2,0.6193138957023621,7,7,7,6,1,1,0,1,0
G:\Thesis\MonkSkinTone_Dataset\Segmented_MSTE\subject_2/PXL_20220922_173606365.jpg,8,8,7,2,0.6654451489448547,7,7,7,6,1,1,0,1,0
G:\Thesis\MonkSkinTone_Dataset\Segmented_MSTE\subject_2/PXL_20220922_173604730.jpg,8,8,7,2,0.6048023700714111,6,6,6,5,1,2,0,0,0
G:\Thesis\MonkSkinTone_Dataset\Segmented_MSTE\subject_2/PXL_20220922_173601814.jpg,8,8,7,2,0.5952976942062378,6,6,6,5,1,2,0,0,0
G:\Thesis\MonkSkinTone_Dataset\Segmented_MSTE\subject_2/PXL_20220922_173556673.jpg,8,8,7,2,0.6979873180389404,7,7,7,6,1,1,0,1,0
G:\Thesis\MonkSkinTone_Dataset\Segmented_MSTE\subject_2/PXL_20220922_173553421.jpg,8,8,7,2,0.5831671357154846,6,6,6,5,1,2,0,0,0
G:\Thesis\MonkSkinTone_Dataset\Segmented_MSTE\subject_2/PXL_20220922_173549024.jpg,8,8,7,2,0.6687304377555847,7,7,7,6,1,1,0,1,0
G:\Thesis\MonkSkinTone_Dataset\Segmented_MSTE\subject_2/PXL_20220922_173547366.jpg,8,8,7,2,0.6294146776199341,7,7,7,6,1,1,0,1,0
G:\Thesis\MonkSkinTone_Dataset\Segmented_MSTE\subject_2/PXL_20220922_173522398.jpg,8,8,7,2,0.8135086894035339,8,8,8,7,2,0,1,1,1
G:\Thesis\MonkSkinTone_Dataset\Segmented_MSTE\subject_2/PXL_20220922_173520834.jpg,8,8,7,2,0.41844871640205383,5,5,5,4,1,3,0,0,0
G:\Thesis\MonkSkinTone_Dataset\Segmented_MSTE\subject_2/PXL_20220922_173518745.jpg,8,8,7,2,0.5958091616630554,6,6,6,5,1,2,0,0,0
G:\Thesis\MonkSkinTone_Dataset\Segmented_MSTE\subject_2/PXL_20220922_173517309.jpg,8,8,7,2,0.7881609201431274,8,8,8,7,2,0,1,1,1
G:\Thesis\MonkSkinTone_Dataset\Segmented_MSTE\subject_2/PXL_20220922_173515925.jpg,8,8,7,2,0.7027174234390259,7,7,7,6,1,1,0,1,0
G:\Thesis\MonkSkinTone_Dataset\Segmented_MSTE\subject_2/PXL_20220922_173513639.jpg,8,8,7,2,0.802261233329773,8,8,8,7,2,0,1,1,1
G:\Thesis\MonkSkinTone_Dataset\Segmented_MSTE\subject_2/PXL_20220922_173512389.jpg,8,8,7,2,0.79865962266922,8,8,8,7,2,0,1,1,1
G:\Thesis\MonkSkinTone_Dataset\Segmented_MSTE\subject_2/PXL_20220922_173510821.jpg,8,8,7,2,0.536715567111969,6,6,6,5,1,2,0,0,0
G:\Thesis\MonkSkinTone_Dataset\Segmented_MSTE\subject_2/PXL_20220922_173509217.jpg,8,8,7,2,0.7890474200248718,8,8,8,7,2,0,1,1,1
G:\Thesis\MonkSkinTone_Dataset\Segmented_MSTE\subject_2/PXL_20220922_173507870.jpg,8,8,7,2,0.800094485282898,8,8,8,7,2,0,1,1,1
G:\Thesis\MonkSkinTone_Dataset\Segmented_MSTE\subject_2/PXL_20220922_173505354.jpg,8,8,7,2,0.7823876738548279,8,8,8,7,2,0,1,1,1
G:\Thesis\MonkSkinTone_Dataset\Segmented_MSTE\subject_2/PXL_20220922_173503845.jpg,8,8,7,2,0.8108082413673401,8,8,8,7,2,0,1,1,1
G:\Thesis\MonkSkinTone_Dataset\Segmented_MSTE\subject_2/PXL_20220922_173502282.jpg,8,8,7,2,0.5904879570007324,6,6,6,5,1,2,0,0,0
G:\Thesis\MonkSkinTone_Dataset\Segmented_MSTE\subject_2/PXL_20220922_173500725.jpg,8,8,7,2,0.8558592796325684,9,9,9,8,2,1,0,1,1
G:\Thesis\MonkSkinTone_Dataset\Segmented_MSTE\subject_2/PXL_20220922_173459363.jpg,8,8,7,2,0.7680683732032776,8,8,8,7,2,0,1,1,1
G:\Thesis\MonkSkinTone_Dataset\Segmented_MSTE\subject_2/PXL_20220922_173456436.jpg,8,8,7,2,0.7664120197296143,8,8,8,7,2,0,1,1,1
G:\Thesis\MonkSkinTone_Dataset\Segmented_MSTE\subject_2/PXL_20220922_173454727.jpg,8,8,7,2,0.7912077307701111,8,8,8,7,2,0,1,1,1
G:\Thesis\MonkSkinTone_Dataset\Segmented_MSTE\subject_2/PXL_20220922_173452401.jpg,8,8,7,2,0.714973509311676,7,7,7,6,1,1,0,1,0
G:\Thesis\MonkSkinTone_Dataset\Segmented_MSTE\subject_2/PXL_20220922_173450800.jpg,8,8,7,2,0.7911203503608704,8,8,8,7,2,0,1,1,1
G:\Thesis\MonkSkinTone_Dataset\Segmented_MSTE\subject_2/PXL_20220922_173448953.jpg,8,8,7,2,0.7695039510726929,8,8,8,7,2,0,1,1,1
G:\Thesis\MonkSkinTone_Dataset\Segmented_MSTE\subject_2/PXL_20220922_173421045.jpg,8,8,7,2,0.7104555368423462,7,7,7,6,1,1,0,1,0
G:\Thesis\MonkSkinTone_Dataset\Segmented_MSTE\subject_2/PXL_20220922_173418250.jpg,8,8,7,2,0.7422216534614563,8,8,8,7,2,0,1,1,1
G:\Thesis\MonkSkinTone_Dataset\Segmented_MSTE\subject_2/PXL_20220922_173415758.jpg,8,8,7,2,0.7408630847930908,8,8,8,7,2,0,1,1,1
G:\Thesis\MonkSkinTone_Dataset\Segmented_MSTE\subject_2/PXL_20220922_173413565.jpg,8,8,7,2,0.7983784079551697,8,8,8,7,2,0,1,1,1
G:\Thesis\MonkSkinTone_Dataset\Segmented_MSTE\subject_2/PXL_20220922_173411408.jpg,8,8,7,2,0.8005749583244324,8,8,8,7,2,0,1,1,1
G:\Thesis\MonkSkinTone_Dataset\Segmented_MSTE\subject_2/PXL_20220922_173405212.jpg,8,8,7,2,0.6790290474891663,7,7,7,6,1,1,0,1,0
G:\Thesis\MonkSkinTone_Dataset\Segmented_MSTE\subject_2/PXL_20220922_173401146.jpg,8,8,7,2,0.8275181651115417,8,8,8,7,2,0,1,1,1
G:\Thesis\MonkSkinTone_Dataset\Segmented_MSTE\subject_2/PXL_20220922_173357738.jpg,8,8,7,2,0.7076312899589539,7,7,7,6,1,1,0,1,0
G:\Thesis\MonkSkinTone_Dataset\Segmented_MSTE\subject_2/PXL_20220922_173353508.jpg,8,8,7,2,0.7269988656044006,8,8,8,7,2,0,1,1,1
G:\Thesis\MonkSkinTone_Dataset\Segmented_MSTE\subject_2/PXL_20220922_173350162.jpg,8,8,7,2,0.737529456615448,8,8,8,7,2,0,1,1,1
G:\Thesis\MonkSkinTone_Dataset\Segmented_MSTE\subject_2/PXL_20220922_173337082.jpg,8,8,7,2,0.7853124141693115,8,8,8,7,2,0,1,1,1
G:\Thesis\MonkSkinTone_Dataset\Segmented_MSTE\subject_2/PXL_20220922_173332744.jpg,8,8,7,2,0.6137444972991943,7,7,7,6,1,1,0,1,0
G:\Thesis\MonkSkinTone_Dataset\Segmented_MSTE\subject_2/PXL_20220922_173327539.jpg,8,8,7,2,0.7485101222991943,8,8,8,7,2,0,1,1,1
G:\Thesis\MonkSkinTone_Dataset\Segmented_MSTE\subject_2/PXL_20220922_173323265.jpg,8,8,7,2,0.805073618888855,8,8,8,7,2,0,1,1,1
G:\Thesis\MonkSkinTone_Dataset\Segmented_MSTE\subject_2/PXL_20220922_173319356.jpg,8,8,7,2,0.8004943132400513,8,8,8,7,2,0,1,1,1
G:\Thesis\MonkSkinTone_Dataset\Segmented_MSTE\subject_2/PXL_20220922_173313145.jpg,8,8,7,2,0.793285608291626,8,8,8,7,2,0,1,1,1
G:\Thesis\MonkSkinTone_Dataset\Segmented_MSTE\subject_2/PXL_20220922_173309332.jpg,8,8,7,2,0.7624198794364929,8,8,8,7,2,0,1,1,1
G:\Thesis\MonkSkinTone_Dataset\Segmented_MSTE\subject_2/PXL_20220922_173304772.jpg,8,8,7,2,0.7669644951820374,8,8,8,7,2,0,1,1,1
G:\Thesis\MonkSkinTone_Dataset\Segmented_MSTE\subject_2/PXL_20220922_173301206.jpg,8,8,7,2,0.8153970837593079,8,8,8,7,2,0,1,1,1
G:\Thesis\MonkSkinTone_Dataset\Segmented_MSTE\subject_2/PXL_20220922_173251686.jpg,8,8,7,2,0.733278214931488,8,8,8,7,2,0,1,1,1
G:\Thesis\MonkSkinTone_Dataset\Segmented_MSTE\subject_1/PXL_20220922_174606457.jpg,2,2,1,0,0.2770196199417114,3,3,3,2,0,1,0,1,1
G:\Thesis\MonkSkinTone_Dataset\Segmented_MSTE\subject_1/PXL_20220922_174552943.jpg,2,2,1,0,0.23277850449085236,3,3,3,2,0,1,0,1,1
G:\Thesis\MonkSkinTone_Dataset\Segmented_MSTE\subject_1/PXL_20220922_174551650.jpg,2,2,1,0,0.3483298718929291,4,4,4,3,1,2,0,0,0
G:\Thesis\MonkSkinTone_Dataset\Segmented_MSTE\subject_1/PXL_20220922_174550351.jpg,2,2,1,0,0.4656904637813568,5,5,5,4,1,3,0,0,0
G:\Thesis\MonkSkinTone_Dataset\Segmented_MSTE\subject_1/PXL_20220922_174547563.jpg,2,2,1,0,0.35332489013671875,4,4,4,3,1,2,0,0,0
G:\Thesis\MonkSkinTone_Dataset\Segmented_MSTE\subject_1/PXL_20220922_174540218.jpg,2,2,1,0,0.21607640385627747,3,3,3,2,0,1,0,1,1
G:\Thesis\MonkSkinTone_Dataset\Segmented_MSTE\subject_1/PXL_20220922_174538656.jpg,2,2,1,0,0.33129143714904785,4,4,4,3,1,2,0,0,0
G:\Thesis\MonkSkinTone_Dataset\Segmented_MSTE\subject_1/PXL_20220922_174537206.jpg,2,2,1,0,0.4754445552825928,5,5,5,4,1,3,0,0,0
G:\Thesis\MonkSkinTone_Dataset\Segmented_MSTE\subject_1/PXL_20220922_174535556.jpg,2,2,1,0,0.23519732058048248,3,3,3,2,0,1,0,1,1
G:\Thesis\MonkSkinTone_Dataset\Segmented_MSTE\subject_1/PXL_20220922_174523104.jpg,2,2,1,0,0.30536001920700073,4,4,4,3,1,2,0,0,0
G:\Thesis\MonkSkinTone_Dataset\Segmented_MSTE\subject_1/PXL_20220922_174521457.jpg,2,2,1,0,0.3068157732486725,4,4,4,3,1,2,0,0,0
G:\Thesis\MonkSkinTone_Dataset\Segmented_MSTE\subject_1/PXL_20220922_174519156.jpg,2,2,1,0,0.5868220925331116,6,6,6,5,1,4,0,0,0
G:\Thesis\MonkSkinTone_Dataset\Segmented_MSTE\subject_1/PXL_20220922_174517683.jpg,2,2,1,0,0.48067304491996765,5,5,5,4,1,3,0,0,0
G:\Thesis\MonkSkinTone_Dataset\Segmented_MSTE\subject_1/PXL_20220922_174516272.jpg,2,2,1,0,0.3815528154373169,4,4,4,3,1,2,0,0,0
G:\Thesis\MonkSkinTone_Dataset\Segmented_MSTE\subject_1/PXL_20220922_174445779.jpg,2,2,1,0,0.38098594546318054,4,4,4,3,1,2,0,0,0
G:\Thesis\MonkSkinTone_Dataset\Segmented_MSTE\subject_1/PXL_20220922_174444745.jpg,2,2,1,0,0.2576206624507904,3,3,3,2,0,1,0,1,1
G:\Thesis\MonkSkinTone_Dataset\Segmented_MSTE\subject_1/PXL_20220922_174443563.jpg,2,2,1,0,0.14931412041187286,2,2,2,1,0,0,1,1,1
G:\Thesis\MonkSkinTone_Dataset\Segmented_MSTE\subject_1/PXL_20220922_174442428.jpg,2,2,1,0,0.18652752041816711,3,3,3,2,0,1,0,1,1
G:\Thesis\MonkSkinTone_Dataset\Segmented_MSTE\subject_1/PXL_20220922_174440762.jpg,2,2,1,0,0.23055922985076904,3,3,3,2,0,1,0,1,1
G:\Thesis\MonkSkinTone_Dataset\Segmented_MSTE\subject_1/PXL_20220922_174437829.jpg,2,2,1,0,0.30941253900527954,4,4,4,3,1,2,0,0,0
G:\Thesis\MonkSkinTone_Dataset\Segmented_MSTE\subject_1/PXL_20220922_174436310.jpg,2,2,1,0,0.3579763174057007,4,4,4,3,1,2,0,0,0
G:\Thesis\MonkSkinTone_Dataset\Segmented_MSTE\subject_1/PXL_20220922_174435060.jpg,2,2,1,0,0.23029986023902893,3,3,3,2,0,1,0,1,1
G:\Thesis\MonkSkinTone_Dataset\Segmented_MSTE\subject_1/PXL_20220922_174431750.jpg,2,2,1,0,0.332963228225708,4,4,4,3,1,2,0,0,0
G:\Thesis\MonkSkinTone_Dataset\Segmented_MSTE\subject_1/PXL_20220922_174406287.jpg,2,2,1,0,0.22526167333126068,3,3,3,2,0,1,0,1,1
G:\Thesis\MonkSkinTone_Dataset\Segmented_MSTE\subject_1/PXL_20220922_174404885.jpg,2,2,1,0,0.3414856195449829,4,4,4,3,1,2,0,0,0
G:\Thesis\MonkSkinTone_Dataset\Segmented_MSTE\subject_1/PXL_20220922_174400298.jpg,2,2,1,0,0.24720321595668793,3,3,3,2,0,1,0,1,1
G:\Thesis\MonkSkinTone_Dataset\Segmented_MSTE\subject_1/PXL_20220922_174358684.jpg,2,2,1,0,0.24770587682724,3,3,3,2,0,1,0,1,1
G:\Thesis\MonkSkinTone_Dataset\Segmented_MSTE\subject_1/PXL_20220922_174231078.jpg,2,2,1,0,0.4450037479400635,5,5,5,4,1,3,0,0,0
G:\Thesis\MonkSkinTone_Dataset\Segmented_MSTE\subject_1/PXL_20220922_174227786.jpg,2,2,1,0,0.18923798203468323,3,3,3,2,0,1,0,1,1
G:\Thesis\MonkSkinTone_Dataset\Segmented_MSTE\subject_1/PXL_20220922_174225452.jpg,2,2,1,0,0.28208890557289124,4,4,4,3,1,2,0,0,0
G:\Thesis\MonkSkinTone_Dataset\Segmented_MSTE\subject_1/PXL_20220922_174223425.jpg,2,2,1,0,0.2583426535129547,3,3,3,2,0,1,0,1,1
G:\Thesis\MonkSkinTone_Dataset\Segmented_MSTE\subject_1/PXL_20220922_174221777.jpg,2,2,1,0,0.24680465459823608,3,3,3,2,0,1,0,1,1
G:\Thesis\MonkSkinTone_Dataset\Segmented_MSTE\subject_1/PXL_20220922_174152791.jpg,2,2,1,0,0.19792547821998596,3,3,3,2,0,1,0,1,1
G:\Thesis\MonkSkinTone_Dataset\Segmented_MSTE\subject_1/PXL_20220922_174151131.jpg,2,2,1,0,0.2987331449985504,4,4,4,3,1,2,0,0,0
G:\Thesis\MonkSkinTone_Dataset\Segmented_MSTE\subject_1/PXL_20220922_174144689.jpg,2,2,1,0,0.12931479513645172,2,2,2,1,0,0,1,1,1
G:\Thesis\MonkSkinTone_Dataset\Segmented_MSTE\subject_1/PXL_20220922_174131827.jpg,2,2,1,0,0.2589338719844818,3,3,3,2,0,1,0,1,1
G:\Thesis\MonkSkinTone_Dataset\Segmented_MSTE\subject_1/PXL_20220922_174128782.jpg,2,2,1,0,0.15281671285629272,2,2,2,1,0,0,1,1,1
G:\Thesis\MonkSkinTone_Dataset\Segmented_MSTE\subject_1/PXL_20220922_174126716.jpg,2,2,1,0,0.2624109089374542,3,3,3,2,0,1,0,1,1
G:\Thesis\MonkSkinTone_Dataset\Segmented_MSTE\subject_1/PXL_20220922_174124412.jpg,2,2,1,0,0.3122078478336334,4,4,4,3,1,2,0,0,0
G:\Thesis\MonkSkinTone_Dataset\Segmented_MSTE\subject_1/PXL_20220922_174122571.jpg,2,2,1,0,0.2699889540672302,3,3,3,2,0,1,0,1,1
G:\Thesis\MonkSkinTone_Dataset\Segmented_MSTE\subject_1/PXL_20220922_174114139.jpg,2,2,1,0,0.26621508598327637,3,3,3,2,0,1,0,1,1
G:\Thesis\MonkSkinTone_Dataset\Segmented_MSTE\subject_1/PXL_20220922_174111438.jpg,2,2,1,0,0.24687038362026215,3,3,3,2,0,1,0,1,1
G:\Thesis\MonkSkinTone_Dataset\Segmented_MSTE\subject_1/PXL_20220922_174108549.jpg,2,2,1,0,0.25294092297554016,3,3,3,2,0,1,0,1,1
G:\Thesis\MonkSkinTone_Dataset\Segmented_MSTE\subject_1/PXL_20220922_174105914.jpg,2,2,1,0,0.3063509464263916,4,4,4,3,1,2,0,0,0
G:\Thesis\MonkSkinTone_Dataset\Segmented_MSTE\subject_1/PXL_20220922_174104129.jpg,2,2,1,0,0.19615402817726135,3,3,3,2,0,1,0,1,1
G:\Thesis\MonkSkinTone_Dataset\Segmented_MSTE\subject_1/PXL_20220922_174035795.jpg,2,2,1,0,0.27204570174217224,3,3,3,2,0,1,0,1,1
G:\Thesis\MonkSkinTone_Dataset\Segmented_MSTE\subject_1/PXL_20220922_174034517.jpg,2,2,1,0,0.24655993282794952,3,3,3,2,0,1,0,1,1
G:\Thesis\MonkSkinTone_Dataset\Segmented_MSTE\subject_1/PXL_20220922_174033018.jpg,2,2,1,0,0.2984713613986969,4,4,4,3,1,2,0,0,0
G:\Thesis\MonkSkinTone_Dataset\Segmented_MSTE\subject_1/PXL_20220922_174031644.jpg,2,2,1,0,0.29114630818367004,4,4,4,3,1,2,0,0,0
G:\Thesis\MonkSkinTone_Dataset\Segmented_MSTE\subject_1/PXL_20220922_174030115.jpg,2,2,1,0,0.29565078020095825,4,4,4,3,1,2,0,0,0
G:\Thesis\MonkSkinTone_Dataset\Segmented_MSTE\subject_1/PXL_20220922_174018423.jpg,2,2,1,0,0.19111889600753784,3,3,3,2,0,1,0,1,1
G:\Thesis\MonkSkinTone_Dataset\Segmented_MSTE\subject_1/PXL_20220922_174017237.jpg,2,2,1,0,0.4523159861564636,5,5,5,4,1,3,0,0,0
G:\Thesis\MonkSkinTone_Dataset\Segmented_MSTE\subject_1/PXL_20220922_174015452.jpg,2,2,1,0,0.33068209886550903,4,4,4,3,1,2,0,0,0
G:\Thesis\MonkSkinTone_Dataset\Segmented_MSTE\subject_1/PXL_20220922_174011830.jpg,2,2,1,0,0.16832904517650604,3,3,3,2,0,1,0,1,1
G:\Thesis\MonkSkinTone_Dataset\Segmented_MSTE\subject_1/PXL_20220922_174009443.jpg,2,2,1,0,0.21121691167354584,3,3,3,2,0,1,0,1,1
G:\Thesis\MonkSkinTone_Dataset\Segmented_MSTE\subject_1/PXL_20220922_174007933.jpg,2,2,1,0,0.2692280113697052,3,3,3,2,0,1,0,1,1
G:\Thesis\MonkSkinTone_Dataset\Segmented_MSTE\subject_1/PXL_20220922_174005827.jpg,2,2,1,0,0.4709995687007904,5,5,5,4,1,3,0,0,0
G:\Thesis\MonkSkinTone_Dataset\Segmented_MSTE\subject_1/PXL_20220922_174003968.jpg,2,2,1,0,0.23421785235404968,3,3,3,2,0,1,0,1,1
G:\Thesis\MonkSkinTone_Dataset\Segmented_MSTE\subject_1/PXL_20220922_173952716.jpg,2,2,1,0,0.1842760294675827,3,3,3,2,0,1,0,1,1
G:\Thesis\MonkSkinTone_Dataset\Segmented_MSTE\subject_0/PXL_20220922_132845778.PORTRAIT.jpg,3,3,2,0,0.3060329258441925,4,4,4,3,1,1,0,1,0
G:\Thesis\MonkSkinTone_Dataset\Segmented_MSTE\subject_0/PXL_20220922_134350655.PORTRAIT.jpg,3,3,2,0,0.43252867460250854,5,5,5,4,1,2,0,0,0
G:\Thesis\MonkSkinTone_Dataset\Segmented_MSTE\subject_0/PXL_20220922_134348505.PORTRAIT.jpg,3,3,2,0,0.18563500046730042,3,3,3,2,0,0,1,1,1
G:\Thesis\MonkSkinTone_Dataset\Segmented_MSTE\subject_0/PXL_20220922_134346135.PORTRAIT.jpg,3,3,2,0,0.2876213490962982,4,4,4,3,1,1,0,1,0
G:\Thesis\MonkSkinTone_Dataset\Segmented_MSTE\subject_0/PXL_20220922_134344367.PORTRAIT.jpg,3,3,2,0,0.2279515564441681,3,3,3,2,0,0,1,1,1
G:\Thesis\MonkSkinTone_Dataset\Segmented_MSTE\subject_0/PXL_20220922_134342333.PORTRAIT.jpg,3,3,2,0,0.22063666582107544,3,3,3,2,0,0,1,1,1
G:\Thesis\MonkSkinTone_Dataset\Segmented_MSTE\subject_0/PXL_20220922_134339364.PORTRAIT.jpg,3,3,2,0,0.32626286149024963,4,4,4,3,1,1,0,1,0
G:\Thesis\MonkSkinTone_Dataset\Segmented_MSTE\subject_0/PXL_20220922_134210937.jpg,3,3,2,0,0.43018820881843567,5,5,5,4,1,2,0,0,0
G:\Thesis\MonkSkinTone_Dataset\Segmented_MSTE\subject_0/PXL_20220922_134209190.jpg,3,3,2,0,0.23453190922737122,3,3,3,2,0,0,1,1,1
G:\Thesis\MonkSkinTone_Dataset\Segmented_MSTE\subject_0/PXL_20220922_134207466.jpg,3,3,2,0,0.5043525695800781,6,6,6,5,1,3,0,0,0
G:\Thesis\MonkSkinTone_Dataset\Segmented_MSTE\subject_0/PXL_20220922_134205505.jpg,3,3,2,0,0.5739424824714661,6,6,6,5,1,3,0,0,0
G:\Thesis\MonkSkinTone_Dataset\Segmented_MSTE\subject_0/PXL_20220922_134203230.jpg,3,3,2,0,0.4970000982284546,5,5,5,4,1,2,0,0,0
G:\Thesis\MonkSkinTone_Dataset\Segmented_MSTE\subject_0/PXL_20220922_134141731.jpg,3,3,2,0,0.363252192735672,4,4,4,3,1,1,0,1,0
G:\Thesis\MonkSkinTone_Dataset\Segmented_MSTE\subject_0/PXL_20220922_134139865.jpg,3,3,2,0,0.45077958703041077,5,5,5,4,1,2,0,0,0
G:\Thesis\MonkSkinTone_Dataset\Segmented_MSTE\subject_0/PXL_20220922_134137827.jpg,3,3,2,0,0.5914826393127441,6,6,6,5,1,3,0,0,0
G:\Thesis\MonkSkinTone_Dataset\Segmented_MSTE\subject_0/PXL_20220922_134135978.jpg,3,3,2,0,0.576149582862854,6,6,6,5,1,3,0,0,0
G:\Thesis\MonkSkinTone_Dataset\Segmented_MSTE\subject_0/PXL_20220922_134134361.jpg,3,3,2,0,0.379690557718277,4,4,4,3,1,1,0,1,0
G:\Thesis\MonkSkinTone_Dataset\Segmented_MSTE\subject_0/PXL_20220922_134128867.jpg,3,3,2,0,0.3923760652542114,5,5,5,4,1,2,0,0,0
G:\Thesis\MonkSkinTone_Dataset\Segmented_MSTE\subject_0/PXL_20220922_134127250.jpg,3,3,2,0,0.38148558139801025,4,4,4,3,1,1,0,1,0
G:\Thesis\MonkSkinTone_Dataset\Segmented_MSTE\subject_0/PXL_20220922_134124746.jpg,3,3,2,0,0.5301961302757263,6,6,6,5,1,3,0,0,0
G:\Thesis\MonkSkinTone_Dataset\Segmented_MSTE\subject_0/PXL_20220922_134122294.jpg,3,3,2,0,0.5448130965232849,6,6,6,5,1,3,0,0,0
G:\Thesis\MonkSkinTone_Dataset\Segmented_MSTE\subject_0/PXL_20220922_134119737.jpg,3,3,2,0,0.41809892654418945,5,5,5,4,1,2,0,0,0
G:\Thesis\MonkSkinTone_Dataset\Segmented_MSTE\subject_0/PXL_20220922_134115414.jpg,3,3,2,0,0.4461769163608551,5,5,5,4,1,2,0,0,0
G:\Thesis\MonkSkinTone_Dataset\Segmented_MSTE\subject_0/PXL_20220922_134034735.jpg,3,3,2,0,0.3944459557533264,5,5,5,4,1,2,0,0,0
G:\Thesis\MonkSkinTone_Dataset\Segmented_MSTE\subject_0/PXL_20220922_134031823.jpg,3,3,2,0,0.5096837282180786,6,6,6,5,1,3,0,0,0
G:\Thesis\MonkSkinTone_Dataset\Segmented_MSTE\subject_0/PXL_20220922_134028534.jpg,3,3,2,0,0.46927380561828613,5,5,5,4,1,2,0,0,0
G:\Thesis\MonkSkinTone_Dataset\Segmented_MSTE\subject_0/PXL_20220922_134026053.jpg,3,3,2,0,0.41300809383392334,5,5,5,4,1,2,0,0,0
G:\Thesis\MonkSkinTone_Dataset\Segmented_MSTE\subject_0/PXL_20220922_134022988.jpg,3,3,2,0,0.37230923771858215,4,4,4,3,1,1,0,1,0
G:\Thesis\MonkSkinTone_Dataset\Segmented_MSTE\subject_0/PXL_20220922_134006137.jpg,3,3,2,0,0.40262165665626526,5,5,5,4,1,2,0,0,0
G:\Thesis\MonkSkinTone_Dataset\Segmented_MSTE\subject_0/PXL_20220922_133026236.PORTRAIT.jpg,3,3,2,0,0.323910653591156,4,4,4,3,1,1,0,1,0
G:\Thesis\MonkSkinTone_Dataset\Segmented_MSTE\subject_0/PXL_20220922_133020422.PORTRAIT.jpg,3,3,2,0,0.19330759346485138,3,3,3,2,0,0,1,1,1
G:\Thesis\MonkSkinTone_Dataset\Segmented_MSTE\subject_0/PXL_20220922_133015215.PORTRAIT.jpg,3,3,2,0,0.2167356163263321,3,3,3,2,0,0,1,1,1
G:\Thesis\MonkSkinTone_Dataset\Segmented_MSTE\subject_0/PXL_20220922_133010927.PORTRAIT.jpg,3,3,2,0,0.5910018682479858,6,6,6,5,1,3,0,0,0
G:\Thesis\MonkSkinTone_Dataset\Segmented_MSTE\subject_0/PXL_20220922_132959831.PORTRAIT.jpg,3,3,2,0,0.2918993830680847,4,4,4,3,1,1,0,1,0
G:\Thesis\MonkSkinTone_Dataset\Segmented_MSTE\subject_0/PXL_20220922_132914899.PORTRAIT.jpg,3,3,2,0,0.3774150609970093,4,4,4,3,1,1,0,1,0
G:\Thesis\MonkSkinTone_Dataset\Segmented_MSTE\subject_0/PXL_20220922_132911049.PORTRAIT.jpg,3,3,2,0,0.1589045524597168,2,2,2,1,0,1,0,1,1
G:\Thesis\MonkSkinTone_Dataset\Segmented_MSTE\subject_0/PXL_20220922_132903030.PORTRAIT.jpg,3,3,2,0,0.22010134160518646,3,3,3,2,0,0,1,1,1
G:\Thesis\MonkSkinTone_Dataset\Segmented_MSTE\subject_0/PXL_20220922_132858876.PORTRAIT.jpg,3,3,2,0,0.3478762209415436,4,4,4,3,1,1,0,1,0
