filename,path,huggingface_gender,huggingface_confidence,realistic_gender,realistic_confidence,deepface_gender,deepface_confidence
subject_0_PXL_20220922_132845778.PORTRAIT.jpg,G:\Thesis\MonkSkinTone_Dataset\Segmented_MSTE\subject_0_PXL_20220922_132845778.PORTRAIT.jpg,Male,0.9834926128387451,Male,0.9594929814338684,Man,99.91056323051453
subject_0_PXL_20220922_132858876.PORTRAIT.jpg,G:\Thesis\MonkSkinTone_Dataset\Segmented_MSTE\subject_0_PXL_20220922_132858876.PORTRAIT.jpg,Male,0.9830053448677063,Male,0.9288543462753296,Man,98.1640875339508
subject_0_PXL_20220922_132903030.PORTRAIT.jpg,G:\Thesis\MonkSkinTone_Dataset\Segmented_MSTE\subject_0_PXL_20220922_132903030.PORTRAIT.jpg,Male,0.9789921641349792,Male,0.9417211413383484,Man,99.50416684150696
subject_0_PXL_20220922_132911049.PORTRAIT.jpg,G:\Thesis\MonkSkinTone_Dataset\Segmented_MSTE\subject_0_PXL_20220922_132911049.PORTRAIT.jpg,Male,0.9824545979499817,Male,0.9258553981781006,Man,99.60814118385315
subject_0_PXL_20220922_132914899.PORTRAIT.jpg,G:\Thesis\MonkSkinTone_Dataset\Segmented_MSTE\subject_0_PXL_20220922_132914899.PORTRAIT.jpg,Male,0.9857213497161865,Male,0.9809874296188354,Man,99.80158805847168
subject_0_PXL_20220922_132959831.PORTRAIT.jpg,G:\Thesis\MonkSkinTone_Dataset\Segmented_MSTE\subject_0_PXL_20220922_132959831.PORTRAIT.jpg,Male,0.9828086495399475,Male,0.9269672632217407,Man,99.65609908103943
subject_0_PXL_20220922_133010927.PORTRAIT.jpg,G:\Thesis\MonkSkinTone_Dataset\Segmented_MSTE\subject_0_PXL_20220922_133010927.PORTRAIT.jpg,Male,0.9829875230789185,Male,0.9421949982643127,Man,98.916095495224
subject_0_PXL_20220922_133015215.PORTRAIT.jpg,G:\Thesis\MonkSkinTone_Dataset\Segmented_MSTE\subject_0_PXL_20220922_133015215.PORTRAIT.jpg,Male,0.9793474078178406,Male,0.9433139562606812,Man,88.95004987716675
subject_0_PXL_20220922_133020422.PORTRAIT.jpg,G:\Thesis\MonkSkinTone_Dataset\Segmented_MSTE\subject_0_PXL_20220922_133020422.PORTRAIT.jpg,Male,0.9810779690742493,Male,0.9297375082969666,Man,99.45254325866699
subject_0_PXL_20220922_133026236.PORTRAIT.jpg,G:\Thesis\MonkSkinTone_Dataset\Segmented_MSTE\subject_0_PXL_20220922_133026236.PORTRAIT.jpg,Male,0.9857924580574036,Male,0.9265100359916687,Man,98.62982034683228
subject_0_PXL_20220922_134006137.jpg,G:\Thesis\MonkSkinTone_Dataset\Segmented_MSTE\subject_0_PXL_20220922_134006137.jpg,Male,0.9769144654273987,Male,0.8268848657608032,Man,91.41786098480225
subject_0_PXL_20220922_134022988.jpg,G:\Thesis\MonkSkinTone_Dataset\Segmented_MSTE\subject_0_PXL_20220922_134022988.jpg,Male,0.9810568690299988,Male,0.927152693271637,Man,98.05805683135986
subject_0_PXL_20220922_134026053.jpg,G:\Thesis\MonkSkinTone_Dataset\Segmented_MSTE\subject_0_PXL_20220922_134026053.jpg,Male,0.9779710173606873,Male,0.9471225142478943,Man,95.4177975654602
subject_0_PXL_20220922_134028534.jpg,G:\Thesis\MonkSkinTone_Dataset\Segmented_MSTE\subject_0_PXL_20220922_134028534.jpg,Male,0.9672114849090576,Male,0.8914288282394409,Man,91.92238450050354
subject_0_PXL_20220922_134031823.jpg,G:\Thesis\MonkSkinTone_Dataset\Segmented_MSTE\subject_0_PXL_20220922_134031823.jpg,Male,0.9800364375114441,Male,0.9290086627006531,Man,74.3528664112091
subject_0_PXL_20220922_134034735.jpg,G:\Thesis\MonkSkinTone_Dataset\Segmented_MSTE\subject_0_PXL_20220922_134034735.jpg,Male,0.981846034526825,Male,0.8649763464927673,Man,97.58650064468384
subject_0_PXL_20220922_134115414.jpg,G:\Thesis\MonkSkinTone_Dataset\Segmented_MSTE\subject_0_PXL_20220922_134115414.jpg,Male,0.9828769564628601,Male,0.9717967510223389,Man,98.31422567367554
subject_0_PXL_20220922_134119737.jpg,G:\Thesis\MonkSkinTone_Dataset\Segmented_MSTE\subject_0_PXL_20220922_134119737.jpg,Male,0.9826436638832092,Male,0.9604957699775696,Man,94.56924796104431
subject_0_PXL_20220922_134122294.jpg,G:\Thesis\MonkSkinTone_Dataset\Segmented_MSTE\subject_0_PXL_20220922_134122294.jpg,Male,0.808707594871521,Male,0.8367707133293152,Man,68.87879371643066
subject_0_PXL_20220922_134124746.jpg,G:\Thesis\MonkSkinTone_Dataset\Segmented_MSTE\subject_0_PXL_20220922_134124746.jpg,Male,0.969813346862793,Male,0.8574322462081909,Man,91.58130884170532
subject_0_PXL_20220922_134127250.jpg,G:\Thesis\MonkSkinTone_Dataset\Segmented_MSTE\subject_0_PXL_20220922_134127250.jpg,Male,0.98143470287323,Male,0.9234140515327454,Man,85.29775738716125
subject_0_PXL_20220922_134128867.jpg,G:\Thesis\MonkSkinTone_Dataset\Segmented_MSTE\subject_0_PXL_20220922_134128867.jpg,Male,0.9835489988327026,Male,0.8398482799530029,Man,87.85630464553833
subject_0_PXL_20220922_134134361.jpg,G:\Thesis\MonkSkinTone_Dataset\Segmented_MSTE\subject_0_PXL_20220922_134134361.jpg,Male,0.9819881319999695,Male,0.9324207305908203,Man,93.46596002578735
subject_0_PXL_20220922_134135978.jpg,G:\Thesis\MonkSkinTone_Dataset\Segmented_MSTE\subject_0_PXL_20220922_134135978.jpg,Male,0.9836718440055847,Male,0.965323805809021,Man,93.2941198348999
subject_0_PXL_20220922_134137827.jpg,G:\Thesis\MonkSkinTone_Dataset\Segmented_MSTE\subject_0_PXL_20220922_134137827.jpg,Male,0.9723979830741882,Male,0.7329172492027283,Man,89.6323561668396
subject_0_PXL_20220922_134139865.jpg,G:\Thesis\MonkSkinTone_Dataset\Segmented_MSTE\subject_0_PXL_20220922_134139865.jpg,Male,0.9788958430290222,Male,0.9506838321685791,Man,82.19223022460938
subject_0_PXL_20220922_134141731.jpg,G:\Thesis\MonkSkinTone_Dataset\Segmented_MSTE\subject_0_PXL_20220922_134141731.jpg,Male,0.9842839241027832,Male,0.8731010556221008,Man,84.2875063419342
subject_0_PXL_20220922_134203230.jpg,G:\Thesis\MonkSkinTone_Dataset\Segmented_MSTE\subject_0_PXL_20220922_134203230.jpg,Male,0.9813463091850281,Male,0.9604660868644714,Man,99.14069175720215
subject_0_PXL_20220922_134205505.jpg,G:\Thesis\MonkSkinTone_Dataset\Segmented_MSTE\subject_0_PXL_20220922_134205505.jpg,Male,0.9705356955528259,Male,0.8731056451797485,Man,94.72975730895996
subject_0_PXL_20220922_134207466.jpg,G:\Thesis\MonkSkinTone_Dataset\Segmented_MSTE\subject_0_PXL_20220922_134207466.jpg,Male,0.98148512840271,Male,0.8889443874359131,Man,87.33078837394714
subject_0_PXL_20220922_134209190.jpg,G:\Thesis\MonkSkinTone_Dataset\Segmented_MSTE\subject_0_PXL_20220922_134209190.jpg,Male,0.9715160727500916,Male,0.9210990071296692,Man,89.23788070678711
subject_0_PXL_20220922_134210937.jpg,G:\Thesis\MonkSkinTone_Dataset\Segmented_MSTE\subject_0_PXL_20220922_134210937.jpg,Male,0.9804620742797852,Male,0.857090950012207,Man,98.25267195701599
subject_0_PXL_20220922_134339364.PORTRAIT.jpg,G:\Thesis\MonkSkinTone_Dataset\Segmented_MSTE\subject_0_PXL_20220922_134339364.PORTRAIT.jpg,Male,0.9837098121643066,Male,0.9469234943389893,Man,99.8753547668457
subject_0_PXL_20220922_134342333.PORTRAIT.jpg,G:\Thesis\MonkSkinTone_Dataset\Segmented_MSTE\subject_0_PXL_20220922_134342333.PORTRAIT.jpg,Male,0.9820760488510132,Male,0.9644914269447327,Man,99.81549382209778
subject_0_PXL_20220922_134344367.PORTRAIT.jpg,G:\Thesis\MonkSkinTone_Dataset\Segmented_MSTE\subject_0_PXL_20220922_134344367.PORTRAIT.jpg,Male,0.982368528842926,Male,0.8869318962097168,Woman,52.03513503074646
subject_0_PXL_20220922_134346135.PORTRAIT.jpg,G:\Thesis\MonkSkinTone_Dataset\Segmented_MSTE\subject_0_PXL_20220922_134346135.PORTRAIT.jpg,Male,0.9823212623596191,Male,0.8953652381896973,Man,99.73770380020142
subject_0_PXL_20220922_134348505.PORTRAIT.jpg,G:\Thesis\MonkSkinTone_Dataset\Segmented_MSTE\subject_0_PXL_20220922_134348505.PORTRAIT.jpg,Male,0.9788233637809753,Male,0.9690358638763428,Man,99.88462924957275
subject_0_PXL_20220922_134350655.PORTRAIT.jpg,G:\Thesis\MonkSkinTone_Dataset\Segmented_MSTE\subject_0_PXL_20220922_134350655.PORTRAIT.jpg,Male,0.9851222038269043,Male,0.9326902627944946,Man,99.50891137123108
subject_10_PXL_20220922_195423628.jpg,G:\Thesis\MonkSkinTone_Dataset\Segmented_MSTE\subject_10_PXL_20220922_195423628.jpg,Male,0.9842875003814697,Male,0.9798499345779419,Man,99.86087679862976
subject_10_PXL_20220922_195425593.jpg,G:\Thesis\MonkSkinTone_Dataset\Segmented_MSTE\subject_10_PXL_20220922_195425593.jpg,Male,0.9837911128997803,Male,0.9871455430984497,Man,99.83958601951599
subject_10_PXL_20220922_195427510.jpg,G:\Thesis\MonkSkinTone_Dataset\Segmented_MSTE\subject_10_PXL_20220922_195427510.jpg,Male,0.9827788472175598,Male,0.9765897393226624,Man,98.84915351867676
subject_10_PXL_20220922_195430381.jpg,G:\Thesis\MonkSkinTone_Dataset\Segmented_MSTE\subject_10_PXL_20220922_195430381.jpg,Male,0.9856405258178711,Male,0.9857283234596252,Man,99.63610768318176
subject_10_PXL_20220922_195431981.jpg,G:\Thesis\MonkSkinTone_Dataset\Segmented_MSTE\subject_10_PXL_20220922_195431981.jpg,Male,0.9817280769348145,Male,0.9890350699424744,Man,98.25390577316284
subject_10_PXL_20220922_195435930.jpg,G:\Thesis\MonkSkinTone_Dataset\Segmented_MSTE\subject_10_PXL_20220922_195435930.jpg,Male,0.9855372309684753,Male,0.9800242781639099,Man,99.96635913848877
subject_10_PXL_20220922_195437698.jpg,G:\Thesis\MonkSkinTone_Dataset\Segmented_MSTE\subject_10_PXL_20220922_195437698.jpg,Male,0.9830639958381653,Male,0.9873241186141968,Man,99.79236125946045
subject_10_PXL_20220922_195439181.jpg,G:\Thesis\MonkSkinTone_Dataset\Segmented_MSTE\subject_10_PXL_20220922_195439181.jpg,Male,0.9818759560585022,Male,0.9795641303062439,Man,99.36674237251282
subject_10_PXL_20220922_195441067.jpg,G:\Thesis\MonkSkinTone_Dataset\Segmented_MSTE\subject_10_PXL_20220922_195441067.jpg,Male,0.984269380569458,Male,0.967653751373291,Man,99.69203472137451
subject_10_PXL_20220922_195442715.jpg,G:\Thesis\MonkSkinTone_Dataset\Segmented_MSTE\subject_10_PXL_20220922_195442715.jpg,Male,0.9814949631690979,Male,0.9906033873558044,Man,99.16194677352905
subject_10_PXL_20220922_195447140.jpg,G:\Thesis\MonkSkinTone_Dataset\Segmented_MSTE\subject_10_PXL_20220922_195447140.jpg,Male,0.9854089617729187,Male,0.9883450269699097,Man,99.88019466400146
subject_10_PXL_20220922_195448989.jpg,G:\Thesis\MonkSkinTone_Dataset\Segmented_MSTE\subject_10_PXL_20220922_195448989.jpg,Male,0.983106255531311,Male,0.9879949688911438,Man,99.8340368270874
subject_10_PXL_20220922_195450706.jpg,G:\Thesis\MonkSkinTone_Dataset\Segmented_MSTE\subject_10_PXL_20220922_195450706.jpg,Male,0.982205331325531,Male,0.9872848391532898,Man,98.1106162071228
subject_10_PXL_20220922_195452476.jpg,G:\Thesis\MonkSkinTone_Dataset\Segmented_MSTE\subject_10_PXL_20220922_195452476.jpg,Male,0.9833211898803711,Male,0.9857469797134399,Man,84.92034077644348
subject_10_PXL_20220922_195454157.jpg,G:\Thesis\MonkSkinTone_Dataset\Segmented_MSTE\subject_10_PXL_20220922_195454157.jpg,Male,0.9836660623550415,Male,0.9922752976417542,Man,99.19477105140686
subject_10_PXL_20220922_195459564.jpg,G:\Thesis\MonkSkinTone_Dataset\Segmented_MSTE\subject_10_PXL_20220922_195459564.jpg,Male,0.9846004843711853,Male,0.9863408803939819,Man,98.86696338653564
subject_10_PXL_20220922_195501347.jpg,G:\Thesis\MonkSkinTone_Dataset\Segmented_MSTE\subject_10_PXL_20220922_195501347.jpg,Male,0.9806053638458252,Male,0.9783998727798462,Man,98.91064763069153
subject_10_PXL_20220922_195503218.jpg,G:\Thesis\MonkSkinTone_Dataset\Segmented_MSTE\subject_10_PXL_20220922_195503218.jpg,Male,0.9770366549491882,Male,0.9822489023208618,Man,99.68311190605164
subject_10_PXL_20220922_195504855.jpg,G:\Thesis\MonkSkinTone_Dataset\Segmented_MSTE\subject_10_PXL_20220922_195504855.jpg,Male,0.9828779697418213,Male,0.9821828007698059,Man,99.57452416419983
subject_10_PXL_20220922_195506633.jpg,G:\Thesis\MonkSkinTone_Dataset\Segmented_MSTE\subject_10_PXL_20220922_195506633.jpg,Male,0.9812214970588684,Male,0.9863173365592957,Man,95.81504464149475
subject_10_PXL_20220922_195637346.jpg,G:\Thesis\MonkSkinTone_Dataset\Segmented_MSTE\subject_10_PXL_20220922_195637346.jpg,Male,0.9836476445198059,Male,0.9863682389259338,Man,99.043208360672
subject_10_PXL_20220922_195656401.jpg,G:\Thesis\MonkSkinTone_Dataset\Segmented_MSTE\subject_10_PXL_20220922_195656401.jpg,Male,0.9842051863670349,Male,0.9719176888465881,Man,99.75528120994568
subject_10_PXL_20220922_195700279.jpg,G:\Thesis\MonkSkinTone_Dataset\Segmented_MSTE\subject_10_PXL_20220922_195700279.jpg,Male,0.9813249707221985,Male,0.9828587174415588,Man,99.21255707740784
subject_10_PXL_20220922_195707349.jpg,G:\Thesis\MonkSkinTone_Dataset\Segmented_MSTE\subject_10_PXL_20220922_195707349.jpg,Male,0.9836116433143616,Male,0.9792225360870361,Man,98.52380156517029
subject_10_PXL_20220922_195711268.jpg,G:\Thesis\MonkSkinTone_Dataset\Segmented_MSTE\subject_10_PXL_20220922_195711268.jpg,Male,0.9846305251121521,Male,0.9749841690063477,Man,99.8353362083435
subject_10_PXL_20220922_195714210.jpg,G:\Thesis\MonkSkinTone_Dataset\Segmented_MSTE\subject_10_PXL_20220922_195714210.jpg,Male,0.9824501276016235,Male,0.9737439155578613,Man,99.56533908843994
subject_10_PXL_20220922_195719843.jpg,G:\Thesis\MonkSkinTone_Dataset\Segmented_MSTE\subject_10_PXL_20220922_195719843.jpg,Male,0.9845243096351624,Male,0.9720975756645203,Man,99.32894110679626
subject_10_PXL_20220922_195722247.jpg,G:\Thesis\MonkSkinTone_Dataset\Segmented_MSTE\subject_10_PXL_20220922_195722247.jpg,Male,0.9848014712333679,Male,0.9818971157073975,Man,99.33251738548279
subject_10_PXL_20220922_195725795.jpg,G:\Thesis\MonkSkinTone_Dataset\Segmented_MSTE\subject_10_PXL_20220922_195725795.jpg,Male,0.9848447442054749,Male,0.9861769080162048,Man,99.37559366226196
subject_10_PXL_20220922_195729264.jpg,G:\Thesis\MonkSkinTone_Dataset\Segmented_MSTE\subject_10_PXL_20220922_195729264.jpg,Male,0.9852476119995117,Male,0.9847352504730225,Man,98.83303642272949
subject_10_PXL_20220922_195735806.jpg,G:\Thesis\MonkSkinTone_Dataset\Segmented_MSTE\subject_10_PXL_20220922_195735806.jpg,Male,0.9814287424087524,Male,0.9796849489212036,Man,99.30752515792847
subject_10_PXL_20220922_195829652.jpg,G:\Thesis\MonkSkinTone_Dataset\Segmented_MSTE\subject_10_PXL_20220922_195829652.jpg,Male,0.9842219352722168,Male,0.984434187412262,Man,98.69033098220825
subject_10_PXL_20220922_195832291.jpg,G:\Thesis\MonkSkinTone_Dataset\Segmented_MSTE\subject_10_PXL_20220922_195832291.jpg,Male,0.9807823896408081,Male,0.9838064908981323,Man,99.58335161209106
subject_10_PXL_20220922_195836856.jpg,G:\Thesis\MonkSkinTone_Dataset\Segmented_MSTE\subject_10_PXL_20220922_195836856.jpg,Male,0.9824163913726807,Male,0.9729994535446167,Man,99.15494918823242
subject_10_PXL_20220922_195838924.jpg,G:\Thesis\MonkSkinTone_Dataset\Segmented_MSTE\subject_10_PXL_20220922_195838924.jpg,Male,0.9824705719947815,Male,0.988187849521637,Man,96.61155939102173
subject_10_PXL_20220922_195944058.jpg,G:\Thesis\MonkSkinTone_Dataset\Segmented_MSTE\subject_10_PXL_20220922_195944058.jpg,Male,0.9738421440124512,Male,0.8570827841758728,Man,78.87328863143921
subject_10_PXL_20220922_195946651.jpg,G:\Thesis\MonkSkinTone_Dataset\Segmented_MSTE\subject_10_PXL_20220922_195946651.jpg,Male,0.9395525455474854,Male,0.7089430093765259,Man,82.28213787078857
subject_10_PXL_20220922_195950116.jpg,G:\Thesis\MonkSkinTone_Dataset\Segmented_MSTE\subject_10_PXL_20220922_195950116.jpg,Male,0.9779005646705627,Male,0.8571999073028564,Man,89.14230465888977
subject_10_PXL_20220922_195953468.jpg,G:\Thesis\MonkSkinTone_Dataset\Segmented_MSTE\subject_10_PXL_20220922_195953468.jpg,Male,0.9774377346038818,Male,0.9361528158187866,Man,81.43424391746521
subject_10_PXL_20220922_195956509.jpg,G:\Thesis\MonkSkinTone_Dataset\Segmented_MSTE\subject_10_PXL_20220922_195956509.jpg,Female,0.6101469397544861,Female,0.776292622089386,Man,86.45591139793396
subject_10_PXL_20220922_200000614.jpg,G:\Thesis\MonkSkinTone_Dataset\Segmented_MSTE\subject_10_PXL_20220922_200000614.jpg,Male,0.9767127633094788,Male,0.9131547212600708,Man,75.90022683143616
subject_10_PXL_20220922_200003963.jpg,G:\Thesis\MonkSkinTone_Dataset\Segmented_MSTE\subject_10_PXL_20220922_200003963.jpg,Male,0.966362714767456,Male,0.6009455919265747,Man,82.31110572814941
subject_10_PXL_20220922_200010788.jpg,G:\Thesis\MonkSkinTone_Dataset\Segmented_MSTE\subject_10_PXL_20220922_200010788.jpg,Female,0.5250601768493652,Female,0.7033187747001648,Man,83.72069597244263
subject_10_PXL_20220922_200017828.jpg,G:\Thesis\MonkSkinTone_Dataset\Segmented_MSTE\subject_10_PXL_20220922_200017828.jpg,Male,0.978436291217804,Male,0.9692572951316833,Woman,50.80474019050598
subject_10_PXL_20220922_200020824.jpg,G:\Thesis\MonkSkinTone_Dataset\Segmented_MSTE\subject_10_PXL_20220922_200020824.jpg,Male,0.9712589383125305,Male,0.594173014163971,Man,80.89022040367126
subject_10_PXL_20220922_200027198.jpg,G:\Thesis\MonkSkinTone_Dataset\Segmented_MSTE\subject_10_PXL_20220922_200027198.jpg,Male,0.6689727902412415,Female,0.7584956884384155,Man,89.50144648551941
subject_10_PXL_20220922_200138910.jpg,G:\Thesis\MonkSkinTone_Dataset\Segmented_MSTE\subject_10_PXL_20220922_200138910.jpg,Male,0.8914156556129456,Male,0.9098620414733887,Man,98.86653423309326
subject_10_PXL_20220922_200146545.jpg,G:\Thesis\MonkSkinTone_Dataset\Segmented_MSTE\subject_10_PXL_20220922_200146545.jpg,Female,0.8661947846412659,Male,0.8840337991714478,Man,88.59353065490723
subject_10_PXL_20220922_200152527.jpg,G:\Thesis\MonkSkinTone_Dataset\Segmented_MSTE\subject_10_PXL_20220922_200152527.jpg,Male,0.8486250638961792,Male,0.9060801863670349,Man,90.71699976921082
subject_10_PXL_20220922_200205248.jpg,G:\Thesis\MonkSkinTone_Dataset\Segmented_MSTE\subject_10_PXL_20220922_200205248.jpg,Male,0.9792243838310242,Male,0.9771968722343445,Man,99.76847171783447
subject_10_PXL_20220922_200206611.jpg,G:\Thesis\MonkSkinTone_Dataset\Segmented_MSTE\subject_10_PXL_20220922_200206611.jpg,Male,0.9744352698326111,Male,0.97054523229599,Man,99.71951246261597
subject_10_PXL_20220922_200207745.jpg,G:\Thesis\MonkSkinTone_Dataset\Segmented_MSTE\subject_10_PXL_20220922_200207745.jpg,Male,0.9835450053215027,Male,0.9679403901100159,Man,98.38905930519104
subject_10_PXL_20220922_200213044.jpg,G:\Thesis\MonkSkinTone_Dataset\Segmented_MSTE\subject_10_PXL_20220922_200213044.jpg,Male,0.9797798991203308,Male,0.9723820686340332,Man,97.9349434375763
subject_11_PXL_20220922_194043213.PORTRAIT.jpg,G:\Thesis\MonkSkinTone_Dataset\Segmented_MSTE\subject_11_PXL_20220922_194043213.PORTRAIT.jpg,Male,0.9247368574142456,Female,0.6400112509727478,Man,98.93872737884521
subject_11_PXL_20220922_194046302.PORTRAIT.jpg,G:\Thesis\MonkSkinTone_Dataset\Segmented_MSTE\subject_11_PXL_20220922_194046302.PORTRAIT.jpg,Female,0.8790451288223267,Female,0.7975110411643982,Man,99.2077112197876
subject_11_PXL_20220922_194048360.PORTRAIT.jpg,G:\Thesis\MonkSkinTone_Dataset\Segmented_MSTE\subject_11_PXL_20220922_194048360.PORTRAIT.jpg,Female,0.6682493686676025,Female,0.6103926301002502,Man,98.17609190940857
subject_11_PXL_20220922_194049976.PORTRAIT.jpg,G:\Thesis\MonkSkinTone_Dataset\Segmented_MSTE\subject_11_PXL_20220922_194049976.PORTRAIT.jpg,Female,0.5728847980499268,Female,0.8245176672935486,Man,88.31866979598999
subject_11_PXL_20220922_194051594.PORTRAIT.jpg,G:\Thesis\MonkSkinTone_Dataset\Segmented_MSTE\subject_11_PXL_20220922_194051594.PORTRAIT.jpg,Female,0.9345384836196899,Male,0.5110248327255249,Man,97.14394807815552
subject_11_PXL_20220922_194054240.PORTRAIT.jpg,G:\Thesis\MonkSkinTone_Dataset\Segmented_MSTE\subject_11_PXL_20220922_194054240.PORTRAIT.jpg,Male,0.8974581956863403,Female,0.5190536975860596,Man,99.48541522026062
subject_11_PXL_20220922_194057359.PORTRAIT.jpg,G:\Thesis\MonkSkinTone_Dataset\Segmented_MSTE\subject_11_PXL_20220922_194057359.PORTRAIT.jpg,Female,0.7082948684692383,Female,0.7716520428657532,Man,99.37942028045654
subject_11_PXL_20220922_194059320.PORTRAIT.jpg,G:\Thesis\MonkSkinTone_Dataset\Segmented_MSTE\subject_11_PXL_20220922_194059320.PORTRAIT.jpg,Female,0.9731810092926025,Female,0.8803752660751343,Man,95.37062048912048
subject_11_PXL_20220922_194101168.PORTRAIT.jpg,G:\Thesis\MonkSkinTone_Dataset\Segmented_MSTE\subject_11_PXL_20220922_194101168.PORTRAIT.jpg,Female,0.9773786067962646,Female,0.8780490159988403,Man,96.85958623886108
subject_11_PXL_20220922_194103210.PORTRAIT.jpg,G:\Thesis\MonkSkinTone_Dataset\Segmented_MSTE\subject_11_PXL_20220922_194103210.PORTRAIT.jpg,Female,0.9254127144813538,Female,0.5495364665985107,Man,97.37363457679749
subject_11_PXL_20220922_194109470.PORTRAIT.jpg,G:\Thesis\MonkSkinTone_Dataset\Segmented_MSTE\subject_11_PXL_20220922_194109470.PORTRAIT.jpg,Male,0.5844262838363647,Male,0.8935673236846924,Man,99.36103224754333
subject_11_PXL_20220922_194111977.PORTRAIT.jpg,G:\Thesis\MonkSkinTone_Dataset\Segmented_MSTE\subject_11_PXL_20220922_194111977.PORTRAIT.jpg,Female,0.7078915238380432,Female,0.757822573184967,Man,81.86013698577881
subject_11_PXL_20220922_194114230.PORTRAIT.jpg,G:\Thesis\MonkSkinTone_Dataset\Segmented_MSTE\subject_11_PXL_20220922_194114230.PORTRAIT.jpg,Female,0.9582813382148743,Female,0.5648244023323059,Man,92.04984307289124
subject_11_PXL_20220922_194115944.PORTRAIT.jpg,G:\Thesis\MonkSkinTone_Dataset\Segmented_MSTE\subject_11_PXL_20220922_194115944.PORTRAIT.jpg,Male,0.6442838311195374,Female,0.64802086353302,Man,95.1906144618988
subject_11_PXL_20220922_194117414.PORTRAIT.jpg,G:\Thesis\MonkSkinTone_Dataset\Segmented_MSTE\subject_11_PXL_20220922_194117414.PORTRAIT.jpg,Female,0.8527044653892517,Female,0.6520165205001831,Man,98.18452596664429
subject_11_PXL_20220922_194126652.PORTRAIT.jpg,G:\Thesis\MonkSkinTone_Dataset\Segmented_MSTE\subject_11_PXL_20220922_194126652.PORTRAIT.jpg,Male,0.8442498445510864,Male,0.7412559390068054,Woman,54.70086932182312
subject_11_PXL_20220922_194128523.PORTRAIT.jpg,G:\Thesis\MonkSkinTone_Dataset\Segmented_MSTE\subject_11_PXL_20220922_194128523.PORTRAIT.jpg,Female,0.7483706474304199,Male,0.6707399487495422,Man,96.66036367416382
subject_11_PXL_20220922_194130709.PORTRAIT.jpg,G:\Thesis\MonkSkinTone_Dataset\Segmented_MSTE\subject_11_PXL_20220922_194130709.PORTRAIT.jpg,Female,0.9374926090240479,Female,0.6588003635406494,Man,98.74187111854553
subject_11_PXL_20220922_194132469.PORTRAIT.jpg,G:\Thesis\MonkSkinTone_Dataset\Segmented_MSTE\subject_11_PXL_20220922_194132469.PORTRAIT.jpg,Female,0.7830603718757629,Male,0.7074019312858582,Man,98.49128127098083
subject_11_PXL_20220922_194144154.PORTRAIT.jpg,G:\Thesis\MonkSkinTone_Dataset\Segmented_MSTE\subject_11_PXL_20220922_194144154.PORTRAIT.jpg,Male,0.7183834910392761,Male,0.6708984375,Man,98.60907793045044
subject_11_PXL_20220922_194146740.PORTRAIT.jpg,G:\Thesis\MonkSkinTone_Dataset\Segmented_MSTE\subject_11_PXL_20220922_194146740.PORTRAIT.jpg,Male,0.5779348611831665,Female,0.7136854529380798,Man,98.45184087753296
subject_11_PXL_20220922_194148401.PORTRAIT.jpg,G:\Thesis\MonkSkinTone_Dataset\Segmented_MSTE\subject_11_PXL_20220922_194148401.PORTRAIT.jpg,Female,0.9711337685585022,Female,0.9062916040420532,Man,81.18774890899658
subject_11_PXL_20220922_194149978.PORTRAIT.jpg,G:\Thesis\MonkSkinTone_Dataset\Segmented_MSTE\subject_11_PXL_20220922_194149978.PORTRAIT.jpg,Female,0.9540798664093018,Female,0.7541286945343018,Man,97.20866084098816
subject_11_PXL_20220922_194151515.PORTRAIT.jpg,G:\Thesis\MonkSkinTone_Dataset\Segmented_MSTE\subject_11_PXL_20220922_194151515.PORTRAIT.jpg,Female,0.9586577415466309,Female,0.6173434853553772,Man,98.48262071609497
subject_11_PXL_20220922_194338361.jpg,G:\Thesis\MonkSkinTone_Dataset\Segmented_MSTE\subject_11_PXL_20220922_194338361.jpg,Male,0.9549639821052551,Female,0.7777224183082581,Man,70.33272385597229
subject_11_PXL_20220922_194339820.jpg,G:\Thesis\MonkSkinTone_Dataset\Segmented_MSTE\subject_11_PXL_20220922_194339820.jpg,Male,0.9006736874580383,Female,0.8122665286064148,Man,97.52926230430603
subject_11_PXL_20220922_194341122.jpg,G:\Thesis\MonkSkinTone_Dataset\Segmented_MSTE\subject_11_PXL_20220922_194341122.jpg,Male,0.8586435914039612,Female,0.5138136148452759,Man,99.76502060890198
subject_11_PXL_20220922_194342509.jpg,G:\Thesis\MonkSkinTone_Dataset\Segmented_MSTE\subject_11_PXL_20220922_194342509.jpg,Male,0.9312822818756104,Female,0.5832796096801758,Man,99.18155074119568
subject_11_PXL_20220922_194348664.jpg,G:\Thesis\MonkSkinTone_Dataset\Segmented_MSTE\subject_11_PXL_20220922_194348664.jpg,Male,0.6723898649215698,Female,0.9067285060882568,Man,95.74179649353027
subject_11_PXL_20220922_194349832.jpg,G:\Thesis\MonkSkinTone_Dataset\Segmented_MSTE\subject_11_PXL_20220922_194349832.jpg,Female,0.7083239555358887,Female,0.8171195983886719,Man,71.30960822105408
subject_11_PXL_20220922_194351285.jpg,G:\Thesis\MonkSkinTone_Dataset\Segmented_MSTE\subject_11_PXL_20220922_194351285.jpg,Male,0.8205089569091797,Female,0.9069784879684448,Woman,82.28762745857239
subject_11_PXL_20220922_194352302.jpg,G:\Thesis\MonkSkinTone_Dataset\Segmented_MSTE\subject_11_PXL_20220922_194352302.jpg,Female,0.8326197266578674,Female,0.9553455114364624,Man,88.95404934883118
subject_11_PXL_20220922_194353957.jpg,G:\Thesis\MonkSkinTone_Dataset\Segmented_MSTE\subject_11_PXL_20220922_194353957.jpg,Male,0.8991848826408386,Female,0.5907581448554993,Man,98.92144799232483
subject_11_PXL_20220922_194356378.jpg,G:\Thesis\MonkSkinTone_Dataset\Segmented_MSTE\subject_11_PXL_20220922_194356378.jpg,Male,0.9382694959640503,Female,0.548389732837677,Man,98.54808449745178
subject_11_PXL_20220922_194357448.jpg,G:\Thesis\MonkSkinTone_Dataset\Segmented_MSTE\subject_11_PXL_20220922_194357448.jpg,Male,0.895355761051178,Female,0.6765870451927185,Man,99.69292283058167
subject_11_PXL_20220922_194358507.jpg,G:\Thesis\MonkSkinTone_Dataset\Segmented_MSTE\subject_11_PXL_20220922_194358507.jpg,Female,0.9169748425483704,Female,0.8541640043258667,Man,82.739919424057
subject_11_PXL_20220922_194359874.jpg,G:\Thesis\MonkSkinTone_Dataset\Segmented_MSTE\subject_11_PXL_20220922_194359874.jpg,Male,0.9098832011222839,Female,0.8414573669433594,Man,95.89654803276062
subject_11_PXL_20220922_194400921.jpg,G:\Thesis\MonkSkinTone_Dataset\Segmented_MSTE\subject_11_PXL_20220922_194400921.jpg,Male,0.6460483074188232,Male,0.6752139329910278,Man,66.77303314208984
subject_11_PXL_20220922_194406571.jpg,G:\Thesis\MonkSkinTone_Dataset\Segmented_MSTE\subject_11_PXL_20220922_194406571.jpg,Male,0.9528819918632507,Male,0.5767549872398376,Man,69.7499692440033
subject_11_PXL_20220922_194407675.jpg,G:\Thesis\MonkSkinTone_Dataset\Segmented_MSTE\subject_11_PXL_20220922_194407675.jpg,Male,0.935947060585022,Male,0.5966817736625671,Man,98.79541397094727
subject_11_PXL_20220922_194409241.jpg,G:\Thesis\MonkSkinTone_Dataset\Segmented_MSTE\subject_11_PXL_20220922_194409241.jpg,Male,0.8583540320396423,Male,0.6425555944442749,Man,95.52013874053955
subject_11_PXL_20220922_194410570.jpg,G:\Thesis\MonkSkinTone_Dataset\Segmented_MSTE\subject_11_PXL_20220922_194410570.jpg,Male,0.8194676041603088,Female,0.6039780378341675,Man,94.404137134552
subject_11_PXL_20220922_194411620.jpg,G:\Thesis\MonkSkinTone_Dataset\Segmented_MSTE\subject_11_PXL_20220922_194411620.jpg,Female,0.7843793630599976,Female,0.8248172998428345,Man,91.6248619556427
subject_11_PXL_20220922_194415718.jpg,G:\Thesis\MonkSkinTone_Dataset\Segmented_MSTE\subject_11_PXL_20220922_194415718.jpg,Male,0.8633919954299927,Male,0.7334116101264954,Man,55.575233697891235
subject_11_PXL_20220922_194416689.jpg,G:\Thesis\MonkSkinTone_Dataset\Segmented_MSTE\subject_11_PXL_20220922_194416689.jpg,Male,0.9565514326095581,Female,0.7736060619354248,Man,82.8059196472168
subject_11_PXL_20220922_194417606.jpg,G:\Thesis\MonkSkinTone_Dataset\Segmented_MSTE\subject_11_PXL_20220922_194417606.jpg,Male,0.7796257734298706,Female,0.7705512642860413,Man,72.94942736625671
subject_11_PXL_20220922_194419604.jpg,G:\Thesis\MonkSkinTone_Dataset\Segmented_MSTE\subject_11_PXL_20220922_194419604.jpg,Female,0.9662324786186218,Male,0.5245981216430664,Woman,97.29356169700623
subject_11_PXL_20220922_194420621.jpg,G:\Thesis\MonkSkinTone_Dataset\Segmented_MSTE\subject_11_PXL_20220922_194420621.jpg,Female,0.9417900443077087,Female,0.8951646685600281,Man,80.95574975013733
subject_11_PXL_20220922_194544335.jpg,G:\Thesis\MonkSkinTone_Dataset\Segmented_MSTE\subject_11_PXL_20220922_194544335.jpg,Male,0.9273143410682678,Male,0.622740626335144,Man,98.23083877563477
subject_11_PXL_20220922_194545662.jpg,G:\Thesis\MonkSkinTone_Dataset\Segmented_MSTE\subject_11_PXL_20220922_194545662.jpg,Male,0.6302505135536194,Female,0.8687999248504639,Man,79.9876868724823
subject_11_PXL_20220922_194546635.jpg,G:\Thesis\MonkSkinTone_Dataset\Segmented_MSTE\subject_11_PXL_20220922_194546635.jpg,Female,0.9780213236808777,Female,0.7584391832351685,Man,87.08488941192627
subject_11_PXL_20220922_194548132.jpg,G:\Thesis\MonkSkinTone_Dataset\Segmented_MSTE\subject_11_PXL_20220922_194548132.jpg,Female,0.9467474222183228,Female,0.7543292045593262,Man,88.15305829048157
subject_11_PXL_20220922_194549170.jpg,G:\Thesis\MonkSkinTone_Dataset\Segmented_MSTE\subject_11_PXL_20220922_194549170.jpg,Female,0.9211788177490234,Female,0.8487868309020996,Woman,70.84774971008301
subject_11_PXL_20220922_194550829.jpg,G:\Thesis\MonkSkinTone_Dataset\Segmented_MSTE\subject_11_PXL_20220922_194550829.jpg,Male,0.9121719002723694,Male,0.6390235424041748,Man,91.45536422729492
subject_11_PXL_20220922_194552004.jpg,G:\Thesis\MonkSkinTone_Dataset\Segmented_MSTE\subject_11_PXL_20220922_194552004.jpg,Male,0.5439115762710571,Female,0.7290672063827515,Man,95.58684825897217
subject_11_PXL_20220922_194553257.jpg,G:\Thesis\MonkSkinTone_Dataset\Segmented_MSTE\subject_11_PXL_20220922_194553257.jpg,Female,0.9774213433265686,Female,0.8317623138427734,Man,93.99452209472656
subject_11_PXL_20220922_194557410.jpg,G:\Thesis\MonkSkinTone_Dataset\Segmented_MSTE\subject_11_PXL_20220922_194557410.jpg,Male,0.9088585376739502,Female,0.6258038878440857,Man,99.19658899307251
subject_11_PXL_20220922_194558533.jpg,G:\Thesis\MonkSkinTone_Dataset\Segmented_MSTE\subject_11_PXL_20220922_194558533.jpg,Female,0.6798309683799744,Female,0.8214382529258728,Man,64.01295065879822
subject_11_PXL_20220922_194559610.jpg,G:\Thesis\MonkSkinTone_Dataset\Segmented_MSTE\subject_11_PXL_20220922_194559610.jpg,Male,0.7663794755935669,Female,0.5809918642044067,Man,57.12901949882507
subject_11_PXL_20220922_194600792.jpg,G:\Thesis\MonkSkinTone_Dataset\Segmented_MSTE\subject_11_PXL_20220922_194600792.jpg,Female,0.7744284868240356,Female,0.6363257765769958,Man,97.71749377250671
subject_11_PXL_20220922_194602207.jpg,G:\Thesis\MonkSkinTone_Dataset\Segmented_MSTE\subject_11_PXL_20220922_194602207.jpg,Female,0.6158540844917297,Female,0.5775116086006165,Man,90.23311138153076
subject_11_PXL_20220922_194605555.jpg,G:\Thesis\MonkSkinTone_Dataset\Segmented_MSTE\subject_11_PXL_20220922_194605555.jpg,Male,0.9206441044807434,Male,0.7258109450340271,Man,94.02672052383423
subject_11_PXL_20220922_194606938.jpg,G:\Thesis\MonkSkinTone_Dataset\Segmented_MSTE\subject_11_PXL_20220922_194606938.jpg,Female,0.5840482711791992,Male,0.6331226825714111,Man,95.42912244796753
subject_11_PXL_20220922_194608256.jpg,G:\Thesis\MonkSkinTone_Dataset\Segmented_MSTE\subject_11_PXL_20220922_194608256.jpg,Male,0.614353358745575,Female,0.7322574853897095,Man,89.49150443077087
subject_11_PXL_20220922_194609641.jpg,G:\Thesis\MonkSkinTone_Dataset\Segmented_MSTE\subject_11_PXL_20220922_194609641.jpg,Female,0.6551027297973633,Female,0.7503243684768677,Man,77.28284001350403
subject_11_PXL_20220922_194656564.jpg,G:\Thesis\MonkSkinTone_Dataset\Segmented_MSTE\subject_11_PXL_20220922_194656564.jpg,Male,0.868336021900177,Female,0.6029979586601257,Man,76.59417390823364
subject_11_PXL_20220922_194659198.jpg,G:\Thesis\MonkSkinTone_Dataset\Segmented_MSTE\subject_11_PXL_20220922_194659198.jpg,Male,0.8879196047782898,Female,0.7773573994636536,Man,81.04804754257202
subject_11_PXL_20220922_194700623.jpg,G:\Thesis\MonkSkinTone_Dataset\Segmented_MSTE\subject_11_PXL_20220922_194700623.jpg,Female,0.9221704006195068,Female,0.9376095533370972,Man,81.76400065422058
subject_11_PXL_20220922_194702025.jpg,G:\Thesis\MonkSkinTone_Dataset\Segmented_MSTE\subject_11_PXL_20220922_194702025.jpg,Male,0.5189314484596252,Female,0.965005099773407,Man,82.9979956150055
subject_11_PXL_20220922_194703609.jpg,G:\Thesis\MonkSkinTone_Dataset\Segmented_MSTE\subject_11_PXL_20220922_194703609.jpg,Male,0.7247800230979919,Female,0.9006540179252625,Man,83.17609429359436
subject_11_PXL_20220922_194704597.jpg,G:\Thesis\MonkSkinTone_Dataset\Segmented_MSTE\subject_11_PXL_20220922_194704597.jpg,Male,0.5994481444358826,Female,0.9353188276290894,Man,78.19852232933044
subject_11_PXL_20220922_194707277.jpg,G:\Thesis\MonkSkinTone_Dataset\Segmented_MSTE\subject_11_PXL_20220922_194707277.jpg,Male,0.6180668473243713,Female,0.7612850069999695,Man,88.2993221282959
subject_11_PXL_20220922_194708639.jpg,G:\Thesis\MonkSkinTone_Dataset\Segmented_MSTE\subject_11_PXL_20220922_194708639.jpg,Female,0.9675746560096741,Female,0.959376335144043,Man,82.46082067489624
subject_11_PXL_20220922_194709702.jpg,G:\Thesis\MonkSkinTone_Dataset\Segmented_MSTE\subject_11_PXL_20220922_194709702.jpg,Male,0.6041566133499146,Female,0.947199821472168,Man,77.6726245880127
subject_11_PXL_20220922_194710700.jpg,G:\Thesis\MonkSkinTone_Dataset\Segmented_MSTE\subject_11_PXL_20220922_194710700.jpg,Female,0.957749605178833,Female,0.976175844669342,Man,77.79220938682556
subject_11_PXL_20220922_194806383.jpg,G:\Thesis\MonkSkinTone_Dataset\Segmented_MSTE\subject_11_PXL_20220922_194806383.jpg,Male,0.8391073346138,Male,0.730090856552124,Man,91.2163257598877
subject_11_PXL_20220922_194808967.jpg,G:\Thesis\MonkSkinTone_Dataset\Segmented_MSTE\subject_11_PXL_20220922_194808967.jpg,Male,0.8807451725006104,Male,0.7066084146499634,Man,94.23584342002869
subject_11_PXL_20220922_194810135.jpg,G:\Thesis\MonkSkinTone_Dataset\Segmented_MSTE\subject_11_PXL_20220922_194810135.jpg,Female,0.7180817723274231,Female,0.5980570316314697,Man,80.3418219089508
subject_11_PXL_20220922_194811186.jpg,G:\Thesis\MonkSkinTone_Dataset\Segmented_MSTE\subject_11_PXL_20220922_194811186.jpg,Female,0.9715311527252197,Female,0.9524567723274231,Man,78.00378203392029
subject_11_PXL_20220922_194813421.jpg,G:\Thesis\MonkSkinTone_Dataset\Segmented_MSTE\subject_11_PXL_20220922_194813421.jpg,Female,0.9326155185699463,Female,0.8189209699630737,Man,76.76575183868408
subject_11_PXL_20220922_194815935.jpg,G:\Thesis\MonkSkinTone_Dataset\Segmented_MSTE\subject_11_PXL_20220922_194815935.jpg,Male,0.8915567994117737,Female,0.86655592918396,Man,96.35260105133057
subject_11_PXL_20220922_194826234.jpg,G:\Thesis\MonkSkinTone_Dataset\Segmented_MSTE\subject_11_PXL_20220922_194826234.jpg,Male,0.7893865704536438,Female,0.8166027665138245,Man,98.78794550895691
subject_11_PXL_20220922_194827634.jpg,G:\Thesis\MonkSkinTone_Dataset\Segmented_MSTE\subject_11_PXL_20220922_194827634.jpg,Female,0.6433089971542358,Female,0.9219732880592346,Man,58.64510536193848
subject_11_PXL_20220922_194828973.jpg,G:\Thesis\MonkSkinTone_Dataset\Segmented_MSTE\subject_11_PXL_20220922_194828973.jpg,Female,0.8777439594268799,Female,0.527631402015686,Man,97.57533073425293
subject_11_PXL_20220922_194830538.jpg,G:\Thesis\MonkSkinTone_Dataset\Segmented_MSTE\subject_11_PXL_20220922_194830538.jpg,Female,0.9699617028236389,Female,0.669252872467041,Man,96.6903030872345
subject_11_PXL_20220922_194832008.jpg,G:\Thesis\MonkSkinTone_Dataset\Segmented_MSTE\subject_11_PXL_20220922_194832008.jpg,Male,0.7470638155937195,Female,0.6590408682823181,Man,98.31691980361938
subject_11_PXL_20220922_194833505.jpg,G:\Thesis\MonkSkinTone_Dataset\Segmented_MSTE\subject_11_PXL_20220922_194833505.jpg,Male,0.9504675269126892,Male,0.64276522397995,Man,94.32995319366455
subject_11_PXL_20220922_194835814.jpg,G:\Thesis\MonkSkinTone_Dataset\Segmented_MSTE\subject_11_PXL_20220922_194835814.jpg,Female,0.5232242345809937,Female,0.7727300524711609,Man,52.75135040283203
subject_11_PXL_20220922_194838596.jpg,G:\Thesis\MonkSkinTone_Dataset\Segmented_MSTE\subject_11_PXL_20220922_194838596.jpg,Female,0.850086510181427,Female,0.8145108222961426,Man,91.99196100234985
subject_11_PXL_20220922_194839785.jpg,G:\Thesis\MonkSkinTone_Dataset\Segmented_MSTE\subject_11_PXL_20220922_194839785.jpg,Male,0.7588105201721191,Female,0.6991068720817566,Man,90.19952416419983
subject_11_PXL_20220922_195125067.jpg,G:\Thesis\MonkSkinTone_Dataset\Segmented_MSTE\subject_11_PXL_20220922_195125067.jpg,Male,0.7542843818664551,Female,0.5262159109115601,Man,96.11396789550781
subject_11_PXL_20220922_195132751.jpg,G:\Thesis\MonkSkinTone_Dataset\Segmented_MSTE\subject_11_PXL_20220922_195132751.jpg,Female,0.80916827917099,Female,0.550624668598175,Man,99.06445741653442
subject_11_PXL_20220922_195139258.jpg,G:\Thesis\MonkSkinTone_Dataset\Segmented_MSTE\subject_11_PXL_20220922_195139258.jpg,Male,0.69551682472229,Female,0.6059322357177734,Man,98.53188991546631
subject_12_PXL_20220922_175138290.jpg,G:\Thesis\MonkSkinTone_Dataset\Segmented_MSTE\subject_12_PXL_20220922_175138290.jpg,Male,0.7004885077476501,Male,0.9542664289474487,Man,99.52013492584229
subject_12_PXL_20220922_175140560.jpg,G:\Thesis\MonkSkinTone_Dataset\Segmented_MSTE\subject_12_PXL_20220922_175140560.jpg,Male,0.9130649566650391,Male,0.9530726671218872,Man,99.94742274284363
subject_12_PXL_20220922_175142212.jpg,G:\Thesis\MonkSkinTone_Dataset\Segmented_MSTE\subject_12_PXL_20220922_175142212.jpg,Male,0.7241573333740234,Male,0.9494694471359253,Man,98.92516732215881
subject_12_PXL_20220922_175143920.jpg,G:\Thesis\MonkSkinTone_Dataset\Segmented_MSTE\subject_12_PXL_20220922_175143920.jpg,Male,0.9112078547477722,Male,0.9747570157051086,Man,99.09451007843018
subject_12_PXL_20220922_175145715.jpg,G:\Thesis\MonkSkinTone_Dataset\Segmented_MSTE\subject_12_PXL_20220922_175145715.jpg,Male,0.9620905518531799,Male,0.9713388681411743,Man,98.93373250961304
subject_12_PXL_20220922_175149121.jpg,G:\Thesis\MonkSkinTone_Dataset\Segmented_MSTE\subject_12_PXL_20220922_175149121.jpg,Male,0.9723750948905945,Male,0.9750304222106934,Man,99.90099668502808
subject_12_PXL_20220922_175151358.jpg,G:\Thesis\MonkSkinTone_Dataset\Segmented_MSTE\subject_12_PXL_20220922_175151358.jpg,Male,0.9537158608436584,Male,0.9683494567871094,Man,99.94097948074341
subject_12_PXL_20220922_175152817.jpg,G:\Thesis\MonkSkinTone_Dataset\Segmented_MSTE\subject_12_PXL_20220922_175152817.jpg,Male,0.9356003999710083,Male,0.9820168614387512,Man,99.89651441574097
subject_12_PXL_20220922_175154352.jpg,G:\Thesis\MonkSkinTone_Dataset\Segmented_MSTE\subject_12_PXL_20220922_175154352.jpg,Male,0.9204591512680054,Male,0.9653393626213074,Man,99.9433696269989
subject_12_PXL_20220922_175155744.jpg,G:\Thesis\MonkSkinTone_Dataset\Segmented_MSTE\subject_12_PXL_20220922_175155744.jpg,Male,0.9072046279907227,Male,0.9479236602783203,Man,99.51613545417786
subject_12_PXL_20220922_175157945.jpg,G:\Thesis\MonkSkinTone_Dataset\Segmented_MSTE\subject_12_PXL_20220922_175157945.jpg,Male,0.9273123145103455,Male,0.9830906391143799,Man,99.83299374580383
subject_12_PXL_20220922_175159465.jpg,G:\Thesis\MonkSkinTone_Dataset\Segmented_MSTE\subject_12_PXL_20220922_175159465.jpg,Male,0.9337950944900513,Male,0.9857569336891174,Man,99.71703886985779
subject_12_PXL_20220922_175201134.jpg,G:\Thesis\MonkSkinTone_Dataset\Segmented_MSTE\subject_12_PXL_20220922_175201134.jpg,Female,0.6160988807678223,Male,0.9720483422279358,Man,99.5107650756836
subject_12_PXL_20220922_175203683.jpg,G:\Thesis\MonkSkinTone_Dataset\Segmented_MSTE\subject_12_PXL_20220922_175203683.jpg,Male,0.9833426475524902,Male,0.9898914098739624,Man,71.37237787246704
subject_12_PXL_20220922_175205602.jpg,G:\Thesis\MonkSkinTone_Dataset\Segmented_MSTE\subject_12_PXL_20220922_175205602.jpg,Male,0.9651806354522705,Male,0.9670935273170471,Man,99.87390637397766
subject_12_PXL_20220922_175210525.jpg,G:\Thesis\MonkSkinTone_Dataset\Segmented_MSTE\subject_12_PXL_20220922_175210525.jpg,Male,0.9697336554527283,Male,0.9641651511192322,Man,99.98226761817932
subject_12_PXL_20220922_175212910.jpg,G:\Thesis\MonkSkinTone_Dataset\Segmented_MSTE\subject_12_PXL_20220922_175212910.jpg,Male,0.965209424495697,Male,0.9406557679176331,Man,99.98457431793213
subject_12_PXL_20220922_175213980.jpg,G:\Thesis\MonkSkinTone_Dataset\Segmented_MSTE\subject_12_PXL_20220922_175213980.jpg,Male,0.9055673480033875,Male,0.9095826745033264,Man,99.87404942512512
subject_12_PXL_20220922_175216751.jpg,G:\Thesis\MonkSkinTone_Dataset\Segmented_MSTE\subject_12_PXL_20220922_175216751.jpg,Male,0.9489331841468811,Male,0.9742566347122192,Man,99.68499541282654
subject_12_PXL_20220922_175218550.jpg,G:\Thesis\MonkSkinTone_Dataset\Segmented_MSTE\subject_12_PXL_20220922_175218550.jpg,Male,0.8769472241401672,Male,0.9157823920249939,Man,88.35036158561707
subject_12_PXL_20220922_175221016.jpg,G:\Thesis\MonkSkinTone_Dataset\Segmented_MSTE\subject_12_PXL_20220922_175221016.jpg,Male,0.979965090751648,Male,0.9859877228736877,Man,98.87542724609375
subject_12_PXL_20220922_175222824.jpg,G:\Thesis\MonkSkinTone_Dataset\Segmented_MSTE\subject_12_PXL_20220922_175222824.jpg,Male,0.9225258827209473,Male,0.9081734418869019,Man,76.76868438720703
subject_12_PXL_20220922_175223698.jpg,G:\Thesis\MonkSkinTone_Dataset\Segmented_MSTE\subject_12_PXL_20220922_175223698.jpg,Male,0.8194607496261597,Male,0.9119333624839783,Man,99.30516481399536
subject_12_PXL_20220922_175304753.jpg,G:\Thesis\MonkSkinTone_Dataset\Segmented_MSTE\subject_12_PXL_20220922_175304753.jpg,Male,0.9075678586959839,Male,0.9209182262420654,Man,99.56289529800415
subject_12_PXL_20220922_175307113.jpg,G:\Thesis\MonkSkinTone_Dataset\Segmented_MSTE\subject_12_PXL_20220922_175307113.jpg,Male,0.9698428511619568,Male,0.9463242292404175,Man,99.62540864944458
subject_12_PXL_20220922_175309582.jpg,G:\Thesis\MonkSkinTone_Dataset\Segmented_MSTE\subject_12_PXL_20220922_175309582.jpg,Male,0.9704960584640503,Male,0.9830355644226074,Man,99.94630217552185
subject_12_PXL_20220922_175312693.jpg,G:\Thesis\MonkSkinTone_Dataset\Segmented_MSTE\subject_12_PXL_20220922_175312693.jpg,Male,0.9098938703536987,Male,0.917320191860199,Man,99.74225759506226
subject_12_PXL_20220922_175315326.jpg,G:\Thesis\MonkSkinTone_Dataset\Segmented_MSTE\subject_12_PXL_20220922_175315326.jpg,Male,0.9663901925086975,Male,0.9703448414802551,Man,99.81456995010376
subject_12_PXL_20220922_175325536.jpg,G:\Thesis\MonkSkinTone_Dataset\Segmented_MSTE\subject_12_PXL_20220922_175325536.jpg,Female,0.6536567211151123,Male,0.7615509629249573,Man,99.92851614952087
subject_12_PXL_20220922_175328231.jpg,G:\Thesis\MonkSkinTone_Dataset\Segmented_MSTE\subject_12_PXL_20220922_175328231.jpg,Male,0.9386639595031738,Male,0.9261642694473267,Man,99.95512366294861
subject_12_PXL_20220922_175330462.jpg,G:\Thesis\MonkSkinTone_Dataset\Segmented_MSTE\subject_12_PXL_20220922_175330462.jpg,Female,0.5687898993492126,Male,0.7730027437210083,Man,90.98591804504395
subject_12_PXL_20220922_175333048.jpg,G:\Thesis\MonkSkinTone_Dataset\Segmented_MSTE\subject_12_PXL_20220922_175333048.jpg,Female,0.811564564704895,Male,0.7761411666870117,Man,99.40022826194763
subject_12_PXL_20220922_175335134.jpg,G:\Thesis\MonkSkinTone_Dataset\Segmented_MSTE\subject_12_PXL_20220922_175335134.jpg,Female,0.6038845777511597,Male,0.7014631032943726,Man,99.75000023841858
subject_12_PXL_20220922_175351069.jpg,G:\Thesis\MonkSkinTone_Dataset\Segmented_MSTE\subject_12_PXL_20220922_175351069.jpg,Male,0.9725772142410278,Male,0.962826669216156,Man,99.314284324646
subject_12_PXL_20220922_175353614.jpg,G:\Thesis\MonkSkinTone_Dataset\Segmented_MSTE\subject_12_PXL_20220922_175353614.jpg,Male,0.9638250470161438,Male,0.9603199362754822,Man,99.86287355422974
subject_12_PXL_20220922_175355467.jpg,G:\Thesis\MonkSkinTone_Dataset\Segmented_MSTE\subject_12_PXL_20220922_175355467.jpg,Male,0.9680709838867188,Male,0.9797148108482361,Man,99.42574501037598
subject_12_PXL_20220922_175356974.jpg,G:\Thesis\MonkSkinTone_Dataset\Segmented_MSTE\subject_12_PXL_20220922_175356974.jpg,Male,0.908318042755127,Male,0.951694905757904,Man,99.56232905387878
subject_12_PXL_20220922_175359002.jpg,G:\Thesis\MonkSkinTone_Dataset\Segmented_MSTE\subject_12_PXL_20220922_175359002.jpg,Male,0.9767507314682007,Male,0.951363205909729,Man,99.85758066177368
subject_12_PXL_20220922_175408667.jpg,G:\Thesis\MonkSkinTone_Dataset\Segmented_MSTE\subject_12_PXL_20220922_175408667.jpg,Male,0.9730997085571289,Male,0.9055851101875305,Man,99.77726340293884
subject_12_PXL_20220922_175410892.jpg,G:\Thesis\MonkSkinTone_Dataset\Segmented_MSTE\subject_12_PXL_20220922_175410892.jpg,Male,0.9771302938461304,Male,0.9735890626907349,Man,99.58738684654236
subject_12_PXL_20220922_175412551.jpg,G:\Thesis\MonkSkinTone_Dataset\Segmented_MSTE\subject_12_PXL_20220922_175412551.jpg,Male,0.9328364133834839,Male,0.9480376839637756,Man,99.20318126678467
subject_12_PXL_20220922_175414428.jpg,G:\Thesis\MonkSkinTone_Dataset\Segmented_MSTE\subject_12_PXL_20220922_175414428.jpg,Male,0.9481613039970398,Male,0.908890426158905,Man,64.58184123039246
subject_12_PXL_20220922_175416521.jpg,G:\Thesis\MonkSkinTone_Dataset\Segmented_MSTE\subject_12_PXL_20220922_175416521.jpg,Male,0.9411271810531616,Male,0.7650462985038757,Man,99.35344457626343
subject_12_PXL_20220922_175554301.jpg,G:\Thesis\MonkSkinTone_Dataset\Segmented_MSTE\subject_12_PXL_20220922_175554301.jpg,Male,0.9638687968254089,Male,0.9562974572181702,Man,99.67846870422363
subject_12_PXL_20220922_175601727.jpg,G:\Thesis\MonkSkinTone_Dataset\Segmented_MSTE\subject_12_PXL_20220922_175601727.jpg,Male,0.9511252641677856,Male,0.976632833480835,Man,98.9561378955841
subject_12_PXL_20220922_175608493.jpg,G:\Thesis\MonkSkinTone_Dataset\Segmented_MSTE\subject_12_PXL_20220922_175608493.jpg,Male,0.8863101005554199,Male,0.9303485751152039,Man,99.84607696533203
subject_12_PXL_20220922_175613080.jpg,G:\Thesis\MonkSkinTone_Dataset\Segmented_MSTE\subject_12_PXL_20220922_175613080.jpg,Male,0.9682289958000183,Male,0.91880202293396,Man,98.5594630241394
subject_12_PXL_20220922_175617676.jpg,G:\Thesis\MonkSkinTone_Dataset\Segmented_MSTE\subject_12_PXL_20220922_175617676.jpg,Male,0.8407092094421387,Male,0.8694354295730591,Man,93.55490207672119
subject_12_PXL_20220922_175620994.jpg,G:\Thesis\MonkSkinTone_Dataset\Segmented_MSTE\subject_12_PXL_20220922_175620994.jpg,Female,0.8859306573867798,Male,0.6581652760505676,Man,84.37886834144592
subject_12_PXL_20220922_175703876.jpg,G:\Thesis\MonkSkinTone_Dataset\Segmented_MSTE\subject_12_PXL_20220922_175703876.jpg,Male,0.9579821228981018,Male,0.6286478638648987,Man,94.22104358673096
subject_12_PXL_20220922_175705794.jpg,G:\Thesis\MonkSkinTone_Dataset\Segmented_MSTE\subject_12_PXL_20220922_175705794.jpg,Male,0.799091637134552,Male,0.8053621053695679,Man,92.313551902771
subject_12_PXL_20220922_175707910.jpg,G:\Thesis\MonkSkinTone_Dataset\Segmented_MSTE\subject_12_PXL_20220922_175707910.jpg,Male,0.9725815057754517,Male,0.7476641535758972,Man,93.50560903549194
subject_12_PXL_20220922_175709463.jpg,G:\Thesis\MonkSkinTone_Dataset\Segmented_MSTE\subject_12_PXL_20220922_175709463.jpg,Female,0.5454514026641846,Male,0.7989351153373718,Man,94.77435350418091
subject_12_PXL_20220922_175710848.jpg,G:\Thesis\MonkSkinTone_Dataset\Segmented_MSTE\subject_12_PXL_20220922_175710848.jpg,Male,0.9282079935073853,Male,0.5433325171470642,Man,90.73643684387207
subject_12_PXL_20220922_175712230.jpg,G:\Thesis\MonkSkinTone_Dataset\Segmented_MSTE\subject_12_PXL_20220922_175712230.jpg,Male,0.9708540439605713,Male,0.6750525236129761,Man,83.77763628959656
subject_12_PXL_20220922_175713987.jpg,G:\Thesis\MonkSkinTone_Dataset\Segmented_MSTE\subject_12_PXL_20220922_175713987.jpg,Male,0.7580013275146484,Male,0.5497691631317139,Man,77.21284627914429
subject_12_PXL_20220922_175715255.jpg,G:\Thesis\MonkSkinTone_Dataset\Segmented_MSTE\subject_12_PXL_20220922_175715255.jpg,Male,0.7897425889968872,Male,0.6461898684501648,Man,85.79287528991699
subject_12_PXL_20220922_175716367.jpg,G:\Thesis\MonkSkinTone_Dataset\Segmented_MSTE\subject_12_PXL_20220922_175716367.jpg,Female,0.8512272834777832,Male,0.7604133486747742,Man,94.97836828231812
subject_12_PXL_20220922_175717675.jpg,G:\Thesis\MonkSkinTone_Dataset\Segmented_MSTE\subject_12_PXL_20220922_175717675.jpg,Female,0.8928894400596619,Female,0.5206842422485352,Man,89.83133435249329
subject_12_PXL_20220922_175718926.jpg,G:\Thesis\MonkSkinTone_Dataset\Segmented_MSTE\subject_12_PXL_20220922_175718926.jpg,Male,0.7386714220046997,Male,0.6730476021766663,Man,76.08076333999634
subject_12_PXL_20220922_175722948.jpg,G:\Thesis\MonkSkinTone_Dataset\Segmented_MSTE\subject_12_PXL_20220922_175722948.jpg,Male,0.9594764709472656,Male,0.6113053560256958,Man,82.82079100608826
subject_12_PXL_20220922_175724422.jpg,G:\Thesis\MonkSkinTone_Dataset\Segmented_MSTE\subject_12_PXL_20220922_175724422.jpg,Male,0.9440786242485046,Male,0.8386541604995728,Man,93.82690787315369
subject_12_PXL_20220922_175725538.jpg,G:\Thesis\MonkSkinTone_Dataset\Segmented_MSTE\subject_12_PXL_20220922_175725538.jpg,Male,0.973432719707489,Male,0.8242191076278687,Man,83.8117241859436
subject_12_PXL_20220922_175726916.jpg,G:\Thesis\MonkSkinTone_Dataset\Segmented_MSTE\subject_12_PXL_20220922_175726916.jpg,Male,0.8155108690261841,Male,0.6491609215736389,Man,86.41103506088257
subject_12_PXL_20220922_175728401.jpg,G:\Thesis\MonkSkinTone_Dataset\Segmented_MSTE\subject_12_PXL_20220922_175728401.jpg,Male,0.9756016135215759,Male,0.6541082262992859,Man,82.41442441940308
subject_12_PXL_20220922_175732630.jpg,G:\Thesis\MonkSkinTone_Dataset\Segmented_MSTE\subject_12_PXL_20220922_175732630.jpg,Male,0.9501366019248962,Male,0.653411328792572,Man,82.28731155395508
subject_12_PXL_20220922_175733830.jpg,G:\Thesis\MonkSkinTone_Dataset\Segmented_MSTE\subject_12_PXL_20220922_175733830.jpg,Male,0.9036685824394226,Male,0.7610897421836853,Man,88.93036842346191
subject_12_PXL_20220922_175735218.jpg,G:\Thesis\MonkSkinTone_Dataset\Segmented_MSTE\subject_12_PXL_20220922_175735218.jpg,Male,0.9803611040115356,Male,0.8553177714347839,Man,89.6426796913147
subject_12_PXL_20220922_175736529.jpg,G:\Thesis\MonkSkinTone_Dataset\Segmented_MSTE\subject_12_PXL_20220922_175736529.jpg,Male,0.9725616574287415,Female,0.5003747940063477,Man,90.14348983764648
subject_12_PXL_20220922_175737649.jpg,G:\Thesis\MonkSkinTone_Dataset\Segmented_MSTE\subject_12_PXL_20220922_175737649.jpg,Male,0.9729096293449402,Male,0.5764995217323303,Man,81.22461438179016
subject_12_PXL_20220922_175816268.jpg,G:\Thesis\MonkSkinTone_Dataset\Segmented_MSTE\subject_12_PXL_20220922_175816268.jpg,Male,0.9809977412223816,Male,0.9616018533706665,Man,96.61715626716614
subject_12_PXL_20220922_175827000.jpg,G:\Thesis\MonkSkinTone_Dataset\Segmented_MSTE\subject_12_PXL_20220922_175827000.jpg,Male,0.9691655039787292,Male,0.9320933222770691,Man,96.34156823158264
subject_12_PXL_20220922_175830391.jpg,G:\Thesis\MonkSkinTone_Dataset\Segmented_MSTE\subject_12_PXL_20220922_175830391.jpg,Male,0.9416717886924744,Male,0.8999362587928772,Man,83.0897569656372
subject_12_PXL_20220922_175834037.jpg,G:\Thesis\MonkSkinTone_Dataset\Segmented_MSTE\subject_12_PXL_20220922_175834037.jpg,Male,0.8632487058639526,Male,0.8394206166267395,Man,84.08262133598328
subject_12_PXL_20220922_175837877.jpg,G:\Thesis\MonkSkinTone_Dataset\Segmented_MSTE\subject_12_PXL_20220922_175837877.jpg,Male,0.5654095411300659,Male,0.8410458564758301,Man,98.20703268051147
subject_12_PXL_20220922_175839844.jpg,G:\Thesis\MonkSkinTone_Dataset\Segmented_MSTE\subject_12_PXL_20220922_175839844.jpg,Male,0.8367882370948792,Male,0.6914118528366089,Man,93.23049783706665
subject_12_PXL_20220922_175841186.jpg,G:\Thesis\MonkSkinTone_Dataset\Segmented_MSTE\subject_12_PXL_20220922_175841186.jpg,Male,0.9795297980308533,Male,0.9345715045928955,Man,95.04343867301941
subject_12_PXL_20220922_175843515.jpg,G:\Thesis\MonkSkinTone_Dataset\Segmented_MSTE\subject_12_PXL_20220922_175843515.jpg,Male,0.901333749294281,Male,0.9439634084701538,Man,97.16256856918335
subject_12_PXL_20220922_175844972.jpg,G:\Thesis\MonkSkinTone_Dataset\Segmented_MSTE\subject_12_PXL_20220922_175844972.jpg,Male,0.9392560124397278,Male,0.8820590376853943,Man,98.2088029384613
subject_12_PXL_20220922_175846375.jpg,G:\Thesis\MonkSkinTone_Dataset\Segmented_MSTE\subject_12_PXL_20220922_175846375.jpg,Male,0.9712995290756226,Male,0.9607877135276794,Man,91.30719304084778
subject_12_PXL_20220922_175848809.jpg,G:\Thesis\MonkSkinTone_Dataset\Segmented_MSTE\subject_12_PXL_20220922_175848809.jpg,Male,0.8462355732917786,Male,0.8320292830467224,Man,85.6774389743805
subject_12_PXL_20220922_175851796.jpg,G:\Thesis\MonkSkinTone_Dataset\Segmented_MSTE\subject_12_PXL_20220922_175851796.jpg,Male,0.9776575565338135,Male,0.8998610973358154,Man,70.46147584915161
subject_12_PXL_20220922_175856539.jpg,G:\Thesis\MonkSkinTone_Dataset\Segmented_MSTE\subject_12_PXL_20220922_175856539.jpg,Female,0.5820665955543518,Male,0.9384492039680481,Man,81.66178464889526
subject_12_PXL_20220922_175858636.jpg,G:\Thesis\MonkSkinTone_Dataset\Segmented_MSTE\subject_12_PXL_20220922_175858636.jpg,Male,0.9633432626724243,Male,0.8858157396316528,Man,88.49203586578369
subject_12_PXL_20220922_175900468.jpg,G:\Thesis\MonkSkinTone_Dataset\Segmented_MSTE\subject_12_PXL_20220922_175900468.jpg,Male,0.945541501045227,Male,0.7042750716209412,Man,53.118687868118286
subject_12_PXL_20220922_175906610.jpg,G:\Thesis\MonkSkinTone_Dataset\Segmented_MSTE\subject_12_PXL_20220922_175906610.jpg,Male,0.9254888892173767,Male,0.7581162452697754,Man,71.04918956756592
subject_12_PXL_20220922_175911736.jpg,G:\Thesis\MonkSkinTone_Dataset\Segmented_MSTE\subject_12_PXL_20220922_175911736.jpg,Male,0.8961285948753357,Male,0.915972888469696,Man,83.60114097595215
subject_12_PXL_20220922_175919159.jpg,G:\Thesis\MonkSkinTone_Dataset\Segmented_MSTE\subject_12_PXL_20220922_175919159.jpg,Male,0.9043583273887634,Male,0.8161649107933044,Man,84.81375575065613
subject_12_PXL_20220922_175922739.jpg,G:\Thesis\MonkSkinTone_Dataset\Segmented_MSTE\subject_12_PXL_20220922_175922739.jpg,Male,0.9435174465179443,Male,0.7018537521362305,Man,92.57829189300537
subject_12_PXL_20220922_175928064.jpg,G:\Thesis\MonkSkinTone_Dataset\Segmented_MSTE\subject_12_PXL_20220922_175928064.jpg,Male,0.8981406688690186,Female,0.6542469263076782,Man,94.4058895111084
subject_12_PXL_20220922_175929773.jpg,G:\Thesis\MonkSkinTone_Dataset\Segmented_MSTE\subject_12_PXL_20220922_175929773.jpg,Male,0.7496084570884705,Male,0.7773474454879761,Man,90.62387347221375
subject_12_PXL_20220922_175931440.jpg,G:\Thesis\MonkSkinTone_Dataset\Segmented_MSTE\subject_12_PXL_20220922_175931440.jpg,Male,0.8465216755867004,Male,0.698379635810852,Man,92.05591082572937
subject_12_PXL_20220922_175934881.jpg,G:\Thesis\MonkSkinTone_Dataset\Segmented_MSTE\subject_12_PXL_20220922_175934881.jpg,Male,0.6592926979064941,Male,0.759854257106781,Man,93.03745031356812
subject_12_PXL_20220922_175937878.jpg,G:\Thesis\MonkSkinTone_Dataset\Segmented_MSTE\subject_12_PXL_20220922_175937878.jpg,Female,0.6429957151412964,Male,0.8214600682258606,Man,88.9380156993866
subject_12_PXL_20220922_180303876.jpg,G:\Thesis\MonkSkinTone_Dataset\Segmented_MSTE\subject_12_PXL_20220922_180303876.jpg,Female,0.8222458362579346,Male,0.7549842596054077,Man,88.80228996276855
subject_12_PXL_20220922_180307812.jpg,G:\Thesis\MonkSkinTone_Dataset\Segmented_MSTE\subject_12_PXL_20220922_180307812.jpg,Male,0.9217252135276794,Male,0.700248658657074,Man,94.58988904953003
subject_12_PXL_20220922_180309530.jpg,G:\Thesis\MonkSkinTone_Dataset\Segmented_MSTE\subject_12_PXL_20220922_180309530.jpg,Female,0.848128616809845,Male,0.6474019289016724,Man,99.31110143661499
subject_12_PXL_20220922_180311261.jpg,G:\Thesis\MonkSkinTone_Dataset\Segmented_MSTE\subject_12_PXL_20220922_180311261.jpg,Female,0.9414345026016235,Male,0.6876484155654907,Man,97.3614752292633
subject_12_PXL_20220922_180314441.jpg,G:\Thesis\MonkSkinTone_Dataset\Segmented_MSTE\subject_12_PXL_20220922_180314441.jpg,Female,0.8869262337684631,Male,0.6148626208305359,Man,95.84378004074097
subject_12_PXL_20220922_180349385.jpg,G:\Thesis\MonkSkinTone_Dataset\Segmented_MSTE\subject_12_PXL_20220922_180349385.jpg,Male,0.9664232730865479,Male,0.8141847848892212,Man,75.13856887817383
subject_12_PXL_20220922_180351165.jpg,G:\Thesis\MonkSkinTone_Dataset\Segmented_MSTE\subject_12_PXL_20220922_180351165.jpg,Male,0.6596728563308716,Male,0.7004965543746948,Man,57.974034547805786
subject_12_PXL_20220922_180352904.jpg,G:\Thesis\MonkSkinTone_Dataset\Segmented_MSTE\subject_12_PXL_20220922_180352904.jpg,Male,0.9259419441223145,Male,0.660508394241333,Man,89.54955339431763
subject_12_PXL_20220922_180354606.jpg,G:\Thesis\MonkSkinTone_Dataset\Segmented_MSTE\subject_12_PXL_20220922_180354606.jpg,Male,0.9726334810256958,Male,0.7093631029129028,Man,86.12837791442871
subject_12_PXL_20220922_180356379.jpg,G:\Thesis\MonkSkinTone_Dataset\Segmented_MSTE\subject_12_PXL_20220922_180356379.jpg,Male,0.9505695700645447,Female,0.5664277076721191,Man,71.8798279762268
subject_12_PXL_20220922_180357914.jpg,G:\Thesis\MonkSkinTone_Dataset\Segmented_MSTE\subject_12_PXL_20220922_180357914.jpg,Male,0.8782839179039001,Female,0.5098960995674133,Man,83.59227180480957
subject_12_PXL_20220922_180359528.jpg,G:\Thesis\MonkSkinTone_Dataset\Segmented_MSTE\subject_12_PXL_20220922_180359528.jpg,Male,0.9610284566879272,Female,0.5284874439239502,Man,88.09203505516052
subject_12_PXL_20220922_180401189.jpg,G:\Thesis\MonkSkinTone_Dataset\Segmented_MSTE\subject_12_PXL_20220922_180401189.jpg,Male,0.957571268081665,Female,0.8304012417793274,Man,81.94141387939453
subject_12_PXL_20220922_180402602.jpg,G:\Thesis\MonkSkinTone_Dataset\Segmented_MSTE\subject_12_PXL_20220922_180402602.jpg,Male,0.8096813559532166,Male,0.5156397223472595,Man,82.57941007614136
subject_12_PXL_20220922_180404243.jpg,G:\Thesis\MonkSkinTone_Dataset\Segmented_MSTE\subject_12_PXL_20220922_180404243.jpg,Male,0.7913951277732849,Male,0.7525743842124939,Man,74.15536046028137
subject_12_PXL_20220922_180405910.jpg,G:\Thesis\MonkSkinTone_Dataset\Segmented_MSTE\subject_12_PXL_20220922_180405910.jpg,Female,0.6745409369468689,Male,0.7147504687309265,Man,83.39776992797852
subject_13_PXL_20220922_140447635.PORTRAIT.jpg,G:\Thesis\MonkSkinTone_Dataset\Segmented_MSTE\subject_13_PXL_20220922_140447635.PORTRAIT.jpg,Male,0.8887212872505188,Female,0.6844617128372192,Man,92.89746880531311
subject_13_PXL_20220922_140605730.PORTRAIT.jpg,G:\Thesis\MonkSkinTone_Dataset\Segmented_MSTE\subject_13_PXL_20220922_140605730.PORTRAIT.jpg,Female,0.9716591238975525,Female,0.9510282278060913,Man,60.545414686203
subject_13_PXL_20220922_140610185.PORTRAIT.jpg,G:\Thesis\MonkSkinTone_Dataset\Segmented_MSTE\subject_13_PXL_20220922_140610185.PORTRAIT.jpg,Female,0.9755278825759888,Female,0.9602447748184204,Man,50.370776653289795
subject_13_PXL_20220922_140612466.PORTRAIT.jpg,G:\Thesis\MonkSkinTone_Dataset\Segmented_MSTE\subject_13_PXL_20220922_140612466.PORTRAIT.jpg,Female,0.965658962726593,Female,0.9671429395675659,Woman,85.52379012107849
subject_13_PXL_20220922_140616754.PORTRAIT.jpg,G:\Thesis\MonkSkinTone_Dataset\Segmented_MSTE\subject_13_PXL_20220922_140616754.PORTRAIT.jpg,Female,0.9775530099868774,Female,0.9827433824539185,Man,94.16712522506714
subject_13_PXL_20220922_140619957.PORTRAIT.jpg,G:\Thesis\MonkSkinTone_Dataset\Segmented_MSTE\subject_13_PXL_20220922_140619957.PORTRAIT.jpg,Female,0.977290153503418,Female,0.9825628995895386,Man,76.56256556510925
subject_13_PXL_20220922_140628854.PORTRAIT.jpg,G:\Thesis\MonkSkinTone_Dataset\Segmented_MSTE\subject_13_PXL_20220922_140628854.PORTRAIT.jpg,Female,0.9596391320228577,Female,0.9802194237709045,Man,79.74734306335449
subject_13_PXL_20220922_140630454.PORTRAIT.jpg,G:\Thesis\MonkSkinTone_Dataset\Segmented_MSTE\subject_13_PXL_20220922_140630454.PORTRAIT.jpg,Female,0.9750223755836487,Female,0.8847600221633911,Woman,61.336302757263184
subject_13_PXL_20220922_140633904.PORTRAIT.jpg,G:\Thesis\MonkSkinTone_Dataset\Segmented_MSTE\subject_13_PXL_20220922_140633904.PORTRAIT.jpg,Male,0.5010451078414917,Female,0.8641379475593567,Woman,91.51371121406555
subject_13_PXL_20220922_140642650.PORTRAIT.jpg,G:\Thesis\MonkSkinTone_Dataset\Segmented_MSTE\subject_13_PXL_20220922_140642650.PORTRAIT.jpg,Female,0.9692376255989075,Female,0.9829211831092834,Man,70.72304487228394
subject_13_PXL_20220922_140644738.PORTRAIT.jpg,G:\Thesis\MonkSkinTone_Dataset\Segmented_MSTE\subject_13_PXL_20220922_140644738.PORTRAIT.jpg,Female,0.9501556754112244,Female,0.9685434103012085,Woman,78.87969017028809
subject_13_PXL_20220922_140653888.PORTRAIT.jpg,G:\Thesis\MonkSkinTone_Dataset\Segmented_MSTE\subject_13_PXL_20220922_140653888.PORTRAIT.jpg,Female,0.9191959500312805,Female,0.918353259563446,Man,95.15027403831482
subject_13_PXL_20220922_140655381.PORTRAIT.jpg,G:\Thesis\MonkSkinTone_Dataset\Segmented_MSTE\subject_13_PXL_20220922_140655381.PORTRAIT.jpg,Female,0.9729598760604858,Female,0.9601955413818359,Man,96.59654498100281
subject_13_PXL_20220922_140656981.PORTRAIT.jpg,G:\Thesis\MonkSkinTone_Dataset\Segmented_MSTE\subject_13_PXL_20220922_140656981.PORTRAIT.jpg,Female,0.8261602520942688,Female,0.9476910829544067,Man,53.516846895217896
subject_13_PXL_20220922_140658431.PORTRAIT.jpg,G:\Thesis\MonkSkinTone_Dataset\Segmented_MSTE\subject_13_PXL_20220922_140658431.PORTRAIT.jpg,Female,0.787087619304657,Female,0.6881576180458069,Man,88.93963694572449
subject_13_PXL_20220922_140702450.PORTRAIT.jpg,G:\Thesis\MonkSkinTone_Dataset\Segmented_MSTE\subject_13_PXL_20220922_140702450.PORTRAIT.jpg,Female,0.9706649780273438,Female,0.9485684037208557,Man,60.107630491256714
subject_13_PXL_20220922_140951373.jpg,G:\Thesis\MonkSkinTone_Dataset\Segmented_MSTE\subject_13_PXL_20220922_140951373.jpg,Female,0.9308772683143616,Female,0.9644415974617004,Woman,86.89143061637878
subject_13_PXL_20220922_140954309.jpg,G:\Thesis\MonkSkinTone_Dataset\Segmented_MSTE\subject_13_PXL_20220922_140954309.jpg,Female,0.9700493216514587,Female,0.9600476026535034,Woman,97.76540398597717
subject_13_PXL_20220922_140956208.jpg,G:\Thesis\MonkSkinTone_Dataset\Segmented_MSTE\subject_13_PXL_20220922_140956208.jpg,Female,0.96587735414505,Female,0.9022200107574463,Man,75.55451989173889
subject_13_PXL_20220922_140958425.jpg,G:\Thesis\MonkSkinTone_Dataset\Segmented_MSTE\subject_13_PXL_20220922_140958425.jpg,Female,0.9157209396362305,Female,0.9729734063148499,Woman,94.66267824172974
subject_13_PXL_20220922_141000414.jpg,G:\Thesis\MonkSkinTone_Dataset\Segmented_MSTE\subject_13_PXL_20220922_141000414.jpg,Female,0.960865318775177,Female,0.9607684016227722,Woman,93.85002255439758
subject_13_PXL_20220922_141002299.jpg,G:\Thesis\MonkSkinTone_Dataset\Segmented_MSTE\subject_13_PXL_20220922_141002299.jpg,Female,0.9714339375495911,Female,0.9793002009391785,Woman,91.6360855102539
subject_13_PXL_20220922_141013772.jpg,G:\Thesis\MonkSkinTone_Dataset\Segmented_MSTE\subject_13_PXL_20220922_141013772.jpg,Female,0.9814959168434143,Female,0.9416857361793518,Man,84.61737632751465
subject_13_PXL_20220922_141016189.jpg,G:\Thesis\MonkSkinTone_Dataset\Segmented_MSTE\subject_13_PXL_20220922_141016189.jpg,Female,0.9812357425689697,Female,0.9616503715515137,Woman,72.28655219078064
subject_13_PXL_20220922_141017374.jpg,G:\Thesis\MonkSkinTone_Dataset\Segmented_MSTE\subject_13_PXL_20220922_141017374.jpg,Male,0.522234320640564,Female,0.7736257910728455,Woman,99.69022870063782
subject_13_PXL_20220922_141021258.jpg,G:\Thesis\MonkSkinTone_Dataset\Segmented_MSTE\subject_13_PXL_20220922_141021258.jpg,Female,0.960760772228241,Female,0.9584830403327942,Woman,99.55019354820251
subject_13_PXL_20220922_141022389.jpg,G:\Thesis\MonkSkinTone_Dataset\Segmented_MSTE\subject_13_PXL_20220922_141022389.jpg,Female,0.9415040612220764,Female,0.9502192735671997,Woman,99.80179071426392
subject_13_PXL_20220922_141024171.jpg,G:\Thesis\MonkSkinTone_Dataset\Segmented_MSTE\subject_13_PXL_20220922_141024171.jpg,Female,0.9776071310043335,Female,0.9837319850921631,Woman,70.90495824813843
subject_13_PXL_20220922_141029313.jpg,G:\Thesis\MonkSkinTone_Dataset\Segmented_MSTE\subject_13_PXL_20220922_141029313.jpg,Female,0.9101126790046692,Female,0.9369497895240784,Man,62.94654607772827
subject_13_PXL_20220922_141031824.jpg,G:\Thesis\MonkSkinTone_Dataset\Segmented_MSTE\subject_13_PXL_20220922_141031824.jpg,Female,0.9720736742019653,Female,0.9533777832984924,Man,65.52093029022217
subject_13_PXL_20220922_141033915.jpg,G:\Thesis\MonkSkinTone_Dataset\Segmented_MSTE\subject_13_PXL_20220922_141033915.jpg,Female,0.9703837037086487,Female,0.9755668044090271,Woman,94.47026252746582
subject_13_PXL_20220922_141038995.jpg,G:\Thesis\MonkSkinTone_Dataset\Segmented_MSTE\subject_13_PXL_20220922_141038995.jpg,Female,0.9768297076225281,Female,0.9728109240531921,Man,87.49959468841553
subject_13_PXL_20220922_141040848.jpg,G:\Thesis\MonkSkinTone_Dataset\Segmented_MSTE\subject_13_PXL_20220922_141040848.jpg,Female,0.9791033267974854,Female,0.9790741205215454,Woman,51.694220304489136
subject_13_PXL_20220922_141123871.jpg,G:\Thesis\MonkSkinTone_Dataset\Segmented_MSTE\subject_13_PXL_20220922_141123871.jpg,Male,0.5573651790618896,Female,0.9257267117500305,Man,77.52222418785095
subject_13_PXL_20220922_141129747.jpg,G:\Thesis\MonkSkinTone_Dataset\Segmented_MSTE\subject_13_PXL_20220922_141129747.jpg,Female,0.6359559893608093,Female,0.8756818175315857,Man,66.95312857627869
subject_13_PXL_20220922_141131847.jpg,G:\Thesis\MonkSkinTone_Dataset\Segmented_MSTE\subject_13_PXL_20220922_141131847.jpg,Female,0.9318068623542786,Female,0.9453266859054565,Man,70.59489488601685
subject_13_PXL_20220922_141133646.jpg,G:\Thesis\MonkSkinTone_Dataset\Segmented_MSTE\subject_13_PXL_20220922_141133646.jpg,Female,0.9509574770927429,Female,0.9401435852050781,Man,82.06582069396973
subject_13_PXL_20220922_141135379.jpg,G:\Thesis\MonkSkinTone_Dataset\Segmented_MSTE\subject_13_PXL_20220922_141135379.jpg,Male,0.7423570156097412,Female,0.8813158273696899,Man,80.29516935348511
subject_13_PXL_20220922_141137133.jpg,G:\Thesis\MonkSkinTone_Dataset\Segmented_MSTE\subject_13_PXL_20220922_141137133.jpg,Female,0.7757580280303955,Female,0.8531402349472046,Man,75.2349853515625
subject_13_PXL_20220922_141142245.jpg,G:\Thesis\MonkSkinTone_Dataset\Segmented_MSTE\subject_13_PXL_20220922_141142245.jpg,Male,0.6812475323677063,Female,0.9466524124145508,Man,63.76953125
subject_13_PXL_20220922_141143935.jpg,G:\Thesis\MonkSkinTone_Dataset\Segmented_MSTE\subject_13_PXL_20220922_141143935.jpg,Male,0.6728968620300293,Female,0.9015902876853943,Man,81.10674619674683
subject_13_PXL_20220922_141145430.jpg,G:\Thesis\MonkSkinTone_Dataset\Segmented_MSTE\subject_13_PXL_20220922_141145430.jpg,Male,0.8820657730102539,Female,0.7741690874099731,Man,61.06222867965698
subject_13_PXL_20220922_141146749.jpg,G:\Thesis\MonkSkinTone_Dataset\Segmented_MSTE\subject_13_PXL_20220922_141146749.jpg,Male,0.7443897128105164,Female,0.8228980302810669,Man,68.73305439949036
subject_13_PXL_20220922_141148032.jpg,G:\Thesis\MonkSkinTone_Dataset\Segmented_MSTE\subject_13_PXL_20220922_141148032.jpg,Female,0.953973114490509,Female,0.9762107133865356,Man,84.50489044189453
subject_13_PXL_20220922_141152732.jpg,G:\Thesis\MonkSkinTone_Dataset\Segmented_MSTE\subject_13_PXL_20220922_141152732.jpg,Male,0.7238120436668396,Female,0.9138546586036682,Man,74.54974055290222
subject_13_PXL_20220922_141154318.jpg,G:\Thesis\MonkSkinTone_Dataset\Segmented_MSTE\subject_13_PXL_20220922_141154318.jpg,Male,0.5330816507339478,Female,0.9037081599235535,Man,85.25044322013855
subject_13_PXL_20220922_141155806.jpg,G:\Thesis\MonkSkinTone_Dataset\Segmented_MSTE\subject_13_PXL_20220922_141155806.jpg,Female,0.8118602633476257,Female,0.8487236499786377,Man,74.72286820411682
subject_13_PXL_20220922_141157102.jpg,G:\Thesis\MonkSkinTone_Dataset\Segmented_MSTE\subject_13_PXL_20220922_141157102.jpg,Male,0.5898182988166809,Female,0.8556519150733948,Man,77.69662737846375
subject_13_PXL_20220922_141158574.jpg,G:\Thesis\MonkSkinTone_Dataset\Segmented_MSTE\subject_13_PXL_20220922_141158574.jpg,Female,0.958381175994873,Female,0.9794360399246216,Man,82.45965838432312
subject_13_PXL_20220922_141200118.jpg,G:\Thesis\MonkSkinTone_Dataset\Segmented_MSTE\subject_13_PXL_20220922_141200118.jpg,Female,0.9727156162261963,Female,0.8568550944328308,Man,66.66409373283386
subject_13_PXL_20220922_141205526.jpg,G:\Thesis\MonkSkinTone_Dataset\Segmented_MSTE\subject_13_PXL_20220922_141205526.jpg,Male,0.9764202237129211,Male,0.6582691669464111,Man,76.69339179992676
subject_13_PXL_20220922_141207125.jpg,G:\Thesis\MonkSkinTone_Dataset\Segmented_MSTE\subject_13_PXL_20220922_141207125.jpg,Male,0.9785023927688599,Male,0.7776737213134766,Man,67.97741055488586
subject_13_PXL_20220922_141210919.jpg,G:\Thesis\MonkSkinTone_Dataset\Segmented_MSTE\subject_13_PXL_20220922_141210919.jpg,Male,0.9749186038970947,Female,0.6063500642776489,Man,85.00694632530212
subject_13_PXL_20220922_141212658.jpg,G:\Thesis\MonkSkinTone_Dataset\Segmented_MSTE\subject_13_PXL_20220922_141212658.jpg,Male,0.8591122031211853,Male,0.7769195437431335,Man,76.8962562084198
subject_13_PXL_20220922_141214067.jpg,G:\Thesis\MonkSkinTone_Dataset\Segmented_MSTE\subject_13_PXL_20220922_141214067.jpg,Female,0.6156570315361023,Female,0.821324348449707,Man,79.08783555030823
subject_13_PXL_20220922_141215176.jpg,G:\Thesis\MonkSkinTone_Dataset\Segmented_MSTE\subject_13_PXL_20220922_141215176.jpg,Female,0.6720852851867676,Male,0.6154475212097168,Man,70.12540102005005
subject_14_PXL_20220922_160742778.jpg,G:\Thesis\MonkSkinTone_Dataset\Segmented_MSTE\subject_14_PXL_20220922_160742778.jpg,Male,0.9863954782485962,Male,0.9770176410675049,Man,99.83140230178833
subject_14_PXL_20220922_160815863.jpg,G:\Thesis\MonkSkinTone_Dataset\Segmented_MSTE\subject_14_PXL_20220922_160815863.jpg,Male,0.984271228313446,Male,0.984626829624176,Man,99.85483288764954
subject_14_PXL_20220922_160818048.jpg,G:\Thesis\MonkSkinTone_Dataset\Segmented_MSTE\subject_14_PXL_20220922_160818048.jpg,Male,0.9830528497695923,Male,0.9789333343505859,Man,71.40599489212036
subject_14_PXL_20220922_160820039.jpg,G:\Thesis\MonkSkinTone_Dataset\Segmented_MSTE\subject_14_PXL_20220922_160820039.jpg,Male,0.9831478595733643,Male,0.9902622103691101,Man,81.5809428691864
subject_14_PXL_20220922_160824216.jpg,G:\Thesis\MonkSkinTone_Dataset\Segmented_MSTE\subject_14_PXL_20220922_160824216.jpg,Male,0.9823143482208252,Male,0.9390871524810791,Man,99.40921664237976
subject_14_PXL_20220922_160826611.jpg,G:\Thesis\MonkSkinTone_Dataset\Segmented_MSTE\subject_14_PXL_20220922_160826611.jpg,Male,0.9842590093612671,Male,0.9885373115539551,Man,73.34674596786499
subject_14_PXL_20220922_160828334.jpg,G:\Thesis\MonkSkinTone_Dataset\Segmented_MSTE\subject_14_PXL_20220922_160828334.jpg,Male,0.9821503758430481,Male,0.9603136777877808,Man,90.02638459205627
subject_14_PXL_20220922_160830151.jpg,G:\Thesis\MonkSkinTone_Dataset\Segmented_MSTE\subject_14_PXL_20220922_160830151.jpg,Male,0.9830543398857117,Male,0.9731422662734985,Man,97.024005651474
subject_14_PXL_20220922_160833805.jpg,G:\Thesis\MonkSkinTone_Dataset\Segmented_MSTE\subject_14_PXL_20220922_160833805.jpg,Male,0.9819197058677673,Male,0.8938021659851074,Man,99.78936314582825
subject_14_PXL_20220922_160836485.jpg,G:\Thesis\MonkSkinTone_Dataset\Segmented_MSTE\subject_14_PXL_20220922_160836485.jpg,Male,0.9854909181594849,Male,0.9810755252838135,Man,99.81328845024109
subject_14_PXL_20220922_160840133.jpg,G:\Thesis\MonkSkinTone_Dataset\Segmented_MSTE\subject_14_PXL_20220922_160840133.jpg,Male,0.9781109094619751,Male,0.9835160374641418,Man,92.44105815887451
subject_14_PXL_20220922_160841972.jpg,G:\Thesis\MonkSkinTone_Dataset\Segmented_MSTE\subject_14_PXL_20220922_160841972.jpg,Male,0.9831101894378662,Male,0.9777466654777527,Man,81.33288621902466
subject_14_PXL_20220922_160844411.jpg,G:\Thesis\MonkSkinTone_Dataset\Segmented_MSTE\subject_14_PXL_20220922_160844411.jpg,Male,0.9819189310073853,Male,0.9384427070617676,Woman,73.63113760948181
subject_14_PXL_20220922_160846747.jpg,G:\Thesis\MonkSkinTone_Dataset\Segmented_MSTE\subject_14_PXL_20220922_160846747.jpg,Male,0.9821116924285889,Male,0.9451518058776855,Man,99.54881072044373
subject_14_PXL_20220922_160850108.jpg,G:\Thesis\MonkSkinTone_Dataset\Segmented_MSTE\subject_14_PXL_20220922_160850108.jpg,Male,0.9805586934089661,Male,0.965568482875824,Man,91.35547876358032
subject_14_PXL_20220922_160853301.jpg,G:\Thesis\MonkSkinTone_Dataset\Segmented_MSTE\subject_14_PXL_20220922_160853301.jpg,Male,0.9834176898002625,Male,0.9377025365829468,Man,99.89325404167175
subject_14_PXL_20220922_160944429.jpg,G:\Thesis\MonkSkinTone_Dataset\Segmented_MSTE\subject_14_PXL_20220922_160944429.jpg,Male,0.9858351349830627,Male,0.9860174059867859,Man,97.91138768196106
subject_14_PXL_20220922_160946047.jpg,G:\Thesis\MonkSkinTone_Dataset\Segmented_MSTE\subject_14_PXL_20220922_160946047.jpg,Male,0.9834755659103394,Male,0.9871730804443359,Man,94.79058980941772
subject_14_PXL_20220922_160947788.jpg,G:\Thesis\MonkSkinTone_Dataset\Segmented_MSTE\subject_14_PXL_20220922_160947788.jpg,Male,0.9843020439147949,Male,0.9910056591033936,Man,89.86417055130005
subject_14_PXL_20220922_160950182.jpg,G:\Thesis\MonkSkinTone_Dataset\Segmented_MSTE\subject_14_PXL_20220922_160950182.jpg,Male,0.9860542416572571,Male,0.9884184002876282,Man,97.39963412284851
subject_14_PXL_20220922_160952357.jpg,G:\Thesis\MonkSkinTone_Dataset\Segmented_MSTE\subject_14_PXL_20220922_160952357.jpg,Male,0.9665735960006714,Male,0.7612592577934265,Man,97.39385843276978
subject_14_PXL_20220922_160954446.jpg,G:\Thesis\MonkSkinTone_Dataset\Segmented_MSTE\subject_14_PXL_20220922_160954446.jpg,Male,0.9835044145584106,Male,0.9819870591163635,Man,99.51701760292053
subject_14_PXL_20220922_160955996.jpg,G:\Thesis\MonkSkinTone_Dataset\Segmented_MSTE\subject_14_PXL_20220922_160955996.jpg,Male,0.9845603704452515,Male,0.9730955362319946,Man,86.59515976905823
subject_14_PXL_20220922_160957926.jpg,G:\Thesis\MonkSkinTone_Dataset\Segmented_MSTE\subject_14_PXL_20220922_160957926.jpg,Male,0.9832736253738403,Male,0.9785011410713196,Man,98.35048317909241
subject_14_PXL_20220922_161000077.jpg,G:\Thesis\MonkSkinTone_Dataset\Segmented_MSTE\subject_14_PXL_20220922_161000077.jpg,Male,0.9851465821266174,Male,0.976421594619751,Man,97.15942740440369
subject_14_PXL_20220922_161002163.jpg,G:\Thesis\MonkSkinTone_Dataset\Segmented_MSTE\subject_14_PXL_20220922_161002163.jpg,Male,0.9805958271026611,Male,0.748945951461792,Man,95.94127535820007
subject_14_PXL_20220922_161004335.jpg,G:\Thesis\MonkSkinTone_Dataset\Segmented_MSTE\subject_14_PXL_20220922_161004335.jpg,Male,0.9847446084022522,Male,0.9821626543998718,Man,99.17662739753723
subject_14_PXL_20220922_161006903.jpg,G:\Thesis\MonkSkinTone_Dataset\Segmented_MSTE\subject_14_PXL_20220922_161006903.jpg,Male,0.9766510128974915,Male,0.9619475603103638,Man,70.73743343353271
subject_14_PXL_20220922_161009091.jpg,G:\Thesis\MonkSkinTone_Dataset\Segmented_MSTE\subject_14_PXL_20220922_161009091.jpg,Male,0.983677864074707,Male,0.9734479784965515,Man,80.51547408103943
subject_14_PXL_20220922_161010913.jpg,G:\Thesis\MonkSkinTone_Dataset\Segmented_MSTE\subject_14_PXL_20220922_161010913.jpg,Male,0.9857228398323059,Male,0.9779436588287354,Man,96.905118227005
subject_14_PXL_20220922_161012849.jpg,G:\Thesis\MonkSkinTone_Dataset\Segmented_MSTE\subject_14_PXL_20220922_161012849.jpg,Male,0.9848465919494629,Male,0.8449674844741821,Man,50.925785303115845
subject_14_PXL_20220922_161017221.jpg,G:\Thesis\MonkSkinTone_Dataset\Segmented_MSTE\subject_14_PXL_20220922_161017221.jpg,Male,0.9813356399536133,Male,0.972676694393158,Man,59.889984130859375
subject_14_PXL_20220922_161018788.jpg,G:\Thesis\MonkSkinTone_Dataset\Segmented_MSTE\subject_14_PXL_20220922_161018788.jpg,Male,0.9847952723503113,Male,0.9728155732154846,Man,98.83584380149841
subject_14_PXL_20220922_161020616.jpg,G:\Thesis\MonkSkinTone_Dataset\Segmented_MSTE\subject_14_PXL_20220922_161020616.jpg,Male,0.984403133392334,Male,0.9732638597488403,Man,91.10013842582703
subject_14_PXL_20220922_161022255.jpg,G:\Thesis\MonkSkinTone_Dataset\Segmented_MSTE\subject_14_PXL_20220922_161022255.jpg,Male,0.9826991558074951,Male,0.9196391701698303,Man,93.28414797782898
subject_14_PXL_20220922_161024329.jpg,G:\Thesis\MonkSkinTone_Dataset\Segmented_MSTE\subject_14_PXL_20220922_161024329.jpg,Male,0.9799306392669678,Male,0.8437226414680481,Woman,51.81061029434204
subject_14_PXL_20220922_161107253.PORTRAIT.jpg,G:\Thesis\MonkSkinTone_Dataset\Segmented_MSTE\subject_14_PXL_20220922_161107253.PORTRAIT.jpg,Male,0.9859468340873718,Male,0.9762805700302124,Man,90.63616394996643
subject_14_PXL_20220922_161113043.PORTRAIT.jpg,G:\Thesis\MonkSkinTone_Dataset\Segmented_MSTE\subject_14_PXL_20220922_161113043.PORTRAIT.jpg,Male,0.980707585811615,Male,0.984356701374054,Man,65.71619510650635
subject_14_PXL_20220922_161114689.PORTRAIT.jpg,G:\Thesis\MonkSkinTone_Dataset\Segmented_MSTE\subject_14_PXL_20220922_161114689.PORTRAIT.jpg,Male,0.9819419980049133,Male,0.8046436309814453,Man,99.3021547794342
subject_14_PXL_20220922_161120533.PORTRAIT.jpg,G:\Thesis\MonkSkinTone_Dataset\Segmented_MSTE\subject_14_PXL_20220922_161120533.PORTRAIT.jpg,Male,0.9847071766853333,Male,0.9825142025947571,Man,99.8101532459259
subject_14_PXL_20220922_161127301.PORTRAIT.jpg,G:\Thesis\MonkSkinTone_Dataset\Segmented_MSTE\subject_14_PXL_20220922_161127301.PORTRAIT.jpg,Male,0.9832263588905334,Male,0.9433512091636658,Man,92.98338890075684
subject_14_PXL_20220922_161143087.PORTRAIT.jpg,G:\Thesis\MonkSkinTone_Dataset\Segmented_MSTE\subject_14_PXL_20220922_161143087.PORTRAIT.jpg,Male,0.9864580035209656,Male,0.9899029731750488,Man,99.94778037071228
subject_14_PXL_20220922_161144902.PORTRAIT.jpg,G:\Thesis\MonkSkinTone_Dataset\Segmented_MSTE\subject_14_PXL_20220922_161144902.PORTRAIT.jpg,Male,0.9843561053276062,Male,0.9829668998718262,Man,99.80966448783875
subject_14_PXL_20220922_161146768.PORTRAIT.jpg,G:\Thesis\MonkSkinTone_Dataset\Segmented_MSTE\subject_14_PXL_20220922_161146768.PORTRAIT.jpg,Male,0.9866717457771301,Male,0.9930766820907593,Man,99.32904243469238
subject_14_PXL_20220922_161148471.PORTRAIT.jpg,G:\Thesis\MonkSkinTone_Dataset\Segmented_MSTE\subject_14_PXL_20220922_161148471.PORTRAIT.jpg,Male,0.9845142960548401,Male,0.986647367477417,Man,97.4733829498291
subject_14_PXL_20220922_161159845.PORTRAIT.jpg,G:\Thesis\MonkSkinTone_Dataset\Segmented_MSTE\subject_14_PXL_20220922_161159845.PORTRAIT.jpg,Male,0.979411780834198,Male,0.9895331263542175,Man,99.64452385902405
subject_14_PXL_20220922_161201504.PORTRAIT.jpg,G:\Thesis\MonkSkinTone_Dataset\Segmented_MSTE\subject_14_PXL_20220922_161201504.PORTRAIT.jpg,Male,0.9858235120773315,Male,0.9936238527297974,Man,99.70263838768005
subject_14_PXL_20220922_161203118.PORTRAIT.jpg,G:\Thesis\MonkSkinTone_Dataset\Segmented_MSTE\subject_14_PXL_20220922_161203118.PORTRAIT.jpg,Male,0.9833176136016846,Male,0.989753007888794,Man,93.23971271514893
subject_14_PXL_20220922_161205171.PORTRAIT.jpg,G:\Thesis\MonkSkinTone_Dataset\Segmented_MSTE\subject_14_PXL_20220922_161205171.PORTRAIT.jpg,Male,0.9825075268745422,Male,0.9874318838119507,Man,99.4640588760376
subject_14_PXL_20220922_161206594.PORTRAIT.jpg,G:\Thesis\MonkSkinTone_Dataset\Segmented_MSTE\subject_14_PXL_20220922_161206594.PORTRAIT.jpg,Male,0.979228138923645,Male,0.9871665835380554,Man,99.27547574043274
subject_14_PXL_20220922_161228720.PORTRAIT.jpg,G:\Thesis\MonkSkinTone_Dataset\Segmented_MSTE\subject_14_PXL_20220922_161228720.PORTRAIT.jpg,Male,0.9637839794158936,Male,0.8663285374641418,Man,84.43439602851868
subject_14_PXL_20220922_161234429.PORTRAIT.jpg,G:\Thesis\MonkSkinTone_Dataset\Segmented_MSTE\subject_14_PXL_20220922_161234429.PORTRAIT.jpg,Male,0.984851062297821,Male,0.9879423975944519,Man,95.4731822013855
subject_14_PXL_20220922_161436829.jpg,G:\Thesis\MonkSkinTone_Dataset\Segmented_MSTE\subject_14_PXL_20220922_161436829.jpg,Male,0.9855915307998657,Male,0.9480324387550354,Man,85.2392852306366
subject_14_PXL_20220922_161438508.jpg,G:\Thesis\MonkSkinTone_Dataset\Segmented_MSTE\subject_14_PXL_20220922_161438508.jpg,Male,0.9835788011550903,Male,0.9704114198684692,Man,92.03810691833496
subject_14_PXL_20220922_161440072.jpg,G:\Thesis\MonkSkinTone_Dataset\Segmented_MSTE\subject_14_PXL_20220922_161440072.jpg,Male,0.9836881160736084,Male,0.9591536521911621,Man,84.21056866645813
subject_14_PXL_20220922_161441452.jpg,G:\Thesis\MonkSkinTone_Dataset\Segmented_MSTE\subject_14_PXL_20220922_161441452.jpg,Male,0.9834266901016235,Male,0.9436676502227783,Man,86.47752404212952
subject_14_PXL_20220922_161443026.jpg,G:\Thesis\MonkSkinTone_Dataset\Segmented_MSTE\subject_14_PXL_20220922_161443026.jpg,Male,0.9739798307418823,Male,0.542546808719635,Man,82.77556300163269
subject_14_PXL_20220922_161445106.jpg,G:\Thesis\MonkSkinTone_Dataset\Segmented_MSTE\subject_14_PXL_20220922_161445106.jpg,Male,0.9846392869949341,Male,0.9325876235961914,Man,86.7067039012909
subject_14_PXL_20220922_161446941.jpg,G:\Thesis\MonkSkinTone_Dataset\Segmented_MSTE\subject_14_PXL_20220922_161446941.jpg,Male,0.981242299079895,Male,0.962547779083252,Man,92.18518733978271
subject_14_PXL_20220922_161448539.jpg,G:\Thesis\MonkSkinTone_Dataset\Segmented_MSTE\subject_14_PXL_20220922_161448539.jpg,Male,0.981554388999939,Male,0.9600794911384583,Man,60.56507229804993
subject_14_PXL_20220922_161450027.jpg,G:\Thesis\MonkSkinTone_Dataset\Segmented_MSTE\subject_14_PXL_20220922_161450027.jpg,Male,0.981797456741333,Male,0.9122573733329773,Man,89.4673764705658
subject_14_PXL_20220922_161451316.jpg,G:\Thesis\MonkSkinTone_Dataset\Segmented_MSTE\subject_14_PXL_20220922_161451316.jpg,Male,0.9816878437995911,Female,0.514712393283844,Man,82.68314003944397
subject_14_PXL_20220922_161604105.jpg,G:\Thesis\MonkSkinTone_Dataset\Segmented_MSTE\subject_14_PXL_20220922_161604105.jpg,Female,0.5946225523948669,Male,0.5965882539749146,Man,97.3828911781311
subject_14_PXL_20220922_161606038.jpg,G:\Thesis\MonkSkinTone_Dataset\Segmented_MSTE\subject_14_PXL_20220922_161606038.jpg,Female,0.8248209357261658,Male,0.6593844890594482,Man,84.46713089942932
subject_14_PXL_20220922_161607524.jpg,G:\Thesis\MonkSkinTone_Dataset\Segmented_MSTE\subject_14_PXL_20220922_161607524.jpg,Male,0.7849082350730896,Male,0.8351583480834961,Man,91.21822118759155
subject_14_PXL_20220922_161609136.jpg,G:\Thesis\MonkSkinTone_Dataset\Segmented_MSTE\subject_14_PXL_20220922_161609136.jpg,Male,0.5286715030670166,Female,0.554632306098938,Man,94.95248794555664
subject_14_PXL_20220922_161610729.jpg,G:\Thesis\MonkSkinTone_Dataset\Segmented_MSTE\subject_14_PXL_20220922_161610729.jpg,Female,0.9195728302001953,Female,0.5799197554588318,Man,92.71871447563171
subject_14_PXL_20220922_161615579.jpg,G:\Thesis\MonkSkinTone_Dataset\Segmented_MSTE\subject_14_PXL_20220922_161615579.jpg,Male,0.8112859725952148,Male,0.601667582988739,Man,97.23225831985474
subject_14_PXL_20220922_161616836.jpg,G:\Thesis\MonkSkinTone_Dataset\Segmented_MSTE\subject_14_PXL_20220922_161616836.jpg,Female,0.6499016880989075,Male,0.6415228247642517,Man,96.64341807365417
subject_14_PXL_20220922_161618401.jpg,G:\Thesis\MonkSkinTone_Dataset\Segmented_MSTE\subject_14_PXL_20220922_161618401.jpg,Male,0.5181053280830383,Male,0.7499240040779114,Man,83.69638323783875
subject_14_PXL_20220922_161619819.jpg,G:\Thesis\MonkSkinTone_Dataset\Segmented_MSTE\subject_14_PXL_20220922_161619819.jpg,Male,0.7208821177482605,Female,0.5470727682113647,Man,93.58992576599121
subject_14_PXL_20220922_161621027.jpg,G:\Thesis\MonkSkinTone_Dataset\Segmented_MSTE\subject_14_PXL_20220922_161621027.jpg,Female,0.871475875377655,Female,0.5362355709075928,Man,94.39273476600647
subject_15_PXL_20220922_131234792.jpg,G:\Thesis\MonkSkinTone_Dataset\Segmented_MSTE\subject_15_PXL_20220922_131234792.jpg,Male,0.9868379235267639,Male,0.9966457486152649,Man,99.99157190322876
subject_15_PXL_20220922_131237419.jpg,G:\Thesis\MonkSkinTone_Dataset\Segmented_MSTE\subject_15_PXL_20220922_131237419.jpg,Male,0.9867989420890808,Male,0.996225118637085,Man,99.91418123245239
subject_15_PXL_20220922_131240323.jpg,G:\Thesis\MonkSkinTone_Dataset\Segmented_MSTE\subject_15_PXL_20220922_131240323.jpg,Male,0.9864881634712219,Male,0.9957104921340942,Man,99.52421188354492
subject_15_PXL_20220922_131243185.jpg,G:\Thesis\MonkSkinTone_Dataset\Segmented_MSTE\subject_15_PXL_20220922_131243185.jpg,Male,0.9863698482513428,Male,0.9930731654167175,Man,99.40589666366577
subject_15_PXL_20220922_131245640.jpg,G:\Thesis\MonkSkinTone_Dataset\Segmented_MSTE\subject_15_PXL_20220922_131245640.jpg,Male,0.9865368008613586,Male,0.9941977262496948,Man,99.9135673046112
subject_15_PXL_20220922_131405319.jpg,G:\Thesis\MonkSkinTone_Dataset\Segmented_MSTE\subject_15_PXL_20220922_131405319.jpg,Male,0.9854570031166077,Male,0.9918196201324463,Man,99.98177886009216
subject_15_PXL_20220922_131411507.jpg,G:\Thesis\MonkSkinTone_Dataset\Segmented_MSTE\subject_15_PXL_20220922_131411507.jpg,Male,0.9865356087684631,Male,0.9921269416809082,Man,99.95238780975342
subject_15_PXL_20220922_131414042.jpg,G:\Thesis\MonkSkinTone_Dataset\Segmented_MSTE\subject_15_PXL_20220922_131414042.jpg,Male,0.9863784313201904,Male,0.9928868412971497,Man,95.01460790634155
subject_15_PXL_20220922_131415896.jpg,G:\Thesis\MonkSkinTone_Dataset\Segmented_MSTE\subject_15_PXL_20220922_131415896.jpg,Male,0.9857463836669922,Male,0.9950441122055054,Man,99.163156747818
subject_15_PXL_20220922_131417697.jpg,G:\Thesis\MonkSkinTone_Dataset\Segmented_MSTE\subject_15_PXL_20220922_131417697.jpg,Male,0.9856195449829102,Male,0.992966890335083,Man,99.07882809638977
subject_15_PXL_20220922_131419682.jpg,G:\Thesis\MonkSkinTone_Dataset\Segmented_MSTE\subject_15_PXL_20220922_131419682.jpg,Male,0.9858444929122925,Male,0.9903132915496826,Man,99.7992992401123
subject_15_PXL_20220922_131720092.jpg,G:\Thesis\MonkSkinTone_Dataset\Segmented_MSTE\subject_15_PXL_20220922_131720092.jpg,Male,0.9866173267364502,Male,0.994081437587738,Man,99.99505281448364
subject_15_PXL_20220922_131722761.jpg,G:\Thesis\MonkSkinTone_Dataset\Segmented_MSTE\subject_15_PXL_20220922_131722761.jpg,Male,0.9863366484642029,Male,0.9945635199546814,Man,99.97366070747375
subject_15_PXL_20220922_131725930.jpg,G:\Thesis\MonkSkinTone_Dataset\Segmented_MSTE\subject_15_PXL_20220922_131725930.jpg,Male,0.9858068227767944,Male,0.9963380098342896,Man,98.96363615989685
subject_15_PXL_20220922_131728413.jpg,G:\Thesis\MonkSkinTone_Dataset\Segmented_MSTE\subject_15_PXL_20220922_131728413.jpg,Male,0.9863249659538269,Male,0.9923815131187439,Man,99.929940700531
subject_15_PXL_20220922_131730853.jpg,G:\Thesis\MonkSkinTone_Dataset\Segmented_MSTE\subject_15_PXL_20220922_131730853.jpg,Male,0.9858649969100952,Male,0.9959061145782471,Man,99.90261793136597
subject_15_PXL_20220922_131732383.jpg,G:\Thesis\MonkSkinTone_Dataset\Segmented_MSTE\subject_15_PXL_20220922_131732383.jpg,Male,0.9868960976600647,Male,0.9955654740333557,Man,99.99215602874756
subject_15_PXL_20220922_131739148.jpg,G:\Thesis\MonkSkinTone_Dataset\Segmented_MSTE\subject_15_PXL_20220922_131739148.jpg,Male,0.9862779974937439,Male,0.9948299527168274,Man,99.99667406082153
subject_15_PXL_20220922_131741571.jpg,G:\Thesis\MonkSkinTone_Dataset\Segmented_MSTE\subject_15_PXL_20220922_131741571.jpg,Male,0.9847137331962585,Male,0.9935585856437683,Man,99.06869530677795
subject_15_PXL_20220922_131743911.jpg,G:\Thesis\MonkSkinTone_Dataset\Segmented_MSTE\subject_15_PXL_20220922_131743911.jpg,Male,0.9854995012283325,Male,0.991853654384613,Man,63.83048892021179
subject_15_PXL_20220922_131746430.jpg,G:\Thesis\MonkSkinTone_Dataset\Segmented_MSTE\subject_15_PXL_20220922_131746430.jpg,Male,0.9847879409790039,Male,0.9914243221282959,Man,99.87707734107971
subject_15_PXL_20220922_131806066.jpg,G:\Thesis\MonkSkinTone_Dataset\Segmented_MSTE\subject_15_PXL_20220922_131806066.jpg,Male,0.9772300124168396,Male,0.5894962549209595,Man,85.08031964302063
subject_15_PXL_20220922_131811784.jpg,G:\Thesis\MonkSkinTone_Dataset\Segmented_MSTE\subject_15_PXL_20220922_131811784.jpg,Male,0.9861986637115479,Male,0.9892125129699707,Man,93.95343661308289
subject_15_PXL_20220922_131814125.jpg,G:\Thesis\MonkSkinTone_Dataset\Segmented_MSTE\subject_15_PXL_20220922_131814125.jpg,Male,0.9822465181350708,Male,0.9697404503822327,Man,85.92793345451355
subject_15_PXL_20220922_131815761.jpg,G:\Thesis\MonkSkinTone_Dataset\Segmented_MSTE\subject_15_PXL_20220922_131815761.jpg,Male,0.9220737218856812,Male,0.7123127579689026,Man,93.99822950363159
subject_15_PXL_20220922_131818892.jpg,G:\Thesis\MonkSkinTone_Dataset\Segmented_MSTE\subject_15_PXL_20220922_131818892.jpg,Male,0.9678478240966797,Male,0.9404300451278687,Man,83.55978727340698
subject_15_PXL_20220922_131829227.jpg,G:\Thesis\MonkSkinTone_Dataset\Segmented_MSTE\subject_15_PXL_20220922_131829227.jpg,Male,0.9830214977264404,Male,0.9825515747070312,Man,91.6551947593689
subject_15_PXL_20220922_131844594.PORTRAIT.jpg,G:\Thesis\MonkSkinTone_Dataset\Segmented_MSTE\subject_15_PXL_20220922_131844594.PORTRAIT.jpg,Male,0.9855725169181824,Male,0.9851594567298889,Man,89.80743288993835
subject_15_PXL_20220922_131850751.PORTRAIT.jpg,G:\Thesis\MonkSkinTone_Dataset\Segmented_MSTE\subject_15_PXL_20220922_131850751.PORTRAIT.jpg,Male,0.9855307340621948,Male,0.989541232585907,Man,97.73330688476562
subject_15_PXL_20220922_131854614.PORTRAIT.jpg,G:\Thesis\MonkSkinTone_Dataset\Segmented_MSTE\subject_15_PXL_20220922_131854614.PORTRAIT.jpg,Male,0.9814813137054443,Male,0.9841617345809937,Man,94.13011074066162
subject_15_PXL_20220922_131857071.PORTRAIT.jpg,G:\Thesis\MonkSkinTone_Dataset\Segmented_MSTE\subject_15_PXL_20220922_131857071.PORTRAIT.jpg,Male,0.9854316115379333,Male,0.9875602126121521,Man,88.19372653961182
subject_15_PXL_20220922_131859247.PORTRAIT.jpg,G:\Thesis\MonkSkinTone_Dataset\Segmented_MSTE\subject_15_PXL_20220922_131859247.PORTRAIT.jpg,Male,0.9837179780006409,Male,0.977799117565155,Man,88.25933933258057
subject_15_PXL_20220922_131901514.PORTRAIT.jpg,G:\Thesis\MonkSkinTone_Dataset\Segmented_MSTE\subject_15_PXL_20220922_131901514.PORTRAIT.jpg,Male,0.9864267706871033,Male,0.9865720272064209,Man,88.3240818977356
subject_15_PXL_20220922_131951023.PORTRAIT.jpg,G:\Thesis\MonkSkinTone_Dataset\Segmented_MSTE\subject_15_PXL_20220922_131951023.PORTRAIT.jpg,Male,0.9867347478866577,Male,0.9920741319656372,Man,98.96621704101562
subject_15_PXL_20220922_131955423.PORTRAIT.jpg,G:\Thesis\MonkSkinTone_Dataset\Segmented_MSTE\subject_15_PXL_20220922_131955423.PORTRAIT.jpg,Male,0.98589026927948,Male,0.9913056492805481,Man,93.65012645721436
subject_15_PXL_20220922_131958999.PORTRAIT.jpg,G:\Thesis\MonkSkinTone_Dataset\Segmented_MSTE\subject_15_PXL_20220922_131958999.PORTRAIT.jpg,Male,0.984751284122467,Male,0.9891564846038818,Man,90.86030721664429
subject_15_PXL_20220922_132003063.PORTRAIT.jpg,G:\Thesis\MonkSkinTone_Dataset\Segmented_MSTE\subject_15_PXL_20220922_132003063.PORTRAIT.jpg,Male,0.984551727771759,Male,0.9857407212257385,Man,92.5857424736023
subject_15_PXL_20220922_132008862.PORTRAIT.jpg,G:\Thesis\MonkSkinTone_Dataset\Segmented_MSTE\subject_15_PXL_20220922_132008862.PORTRAIT.jpg,Male,0.9859177470207214,Male,0.9867709875106812,Man,88.58187794685364
subject_15_PXL_20220922_132014529.PORTRAIT.jpg,G:\Thesis\MonkSkinTone_Dataset\Segmented_MSTE\subject_15_PXL_20220922_132014529.PORTRAIT.jpg,Male,0.9839336276054382,Male,0.9724809527397156,Man,74.446702003479
subject_15_PXL_20220922_132016589.PORTRAIT.jpg,G:\Thesis\MonkSkinTone_Dataset\Segmented_MSTE\subject_15_PXL_20220922_132016589.PORTRAIT.jpg,Male,0.9862210750579834,Male,0.9898338317871094,Man,93.29019784927368
subject_15_PXL_20220922_132040123.PORTRAIT.jpg,G:\Thesis\MonkSkinTone_Dataset\Segmented_MSTE\subject_15_PXL_20220922_132040123.PORTRAIT.jpg,Male,0.9648656845092773,Male,0.8205941319465637,Man,80.20510077476501
subject_15_PXL_20220922_132042033.PORTRAIT.jpg,G:\Thesis\MonkSkinTone_Dataset\Segmented_MSTE\subject_15_PXL_20220922_132042033.PORTRAIT.jpg,Male,0.8291619420051575,Male,0.811535656452179,Man,74.01032447814941
subject_15_PXL_20220922_132048784.PORTRAIT.jpg,G:\Thesis\MonkSkinTone_Dataset\Segmented_MSTE\subject_15_PXL_20220922_132048784.PORTRAIT.jpg,Female,0.8678235411643982,Male,0.6310036778450012,Man,71.49338722229004
subject_15_PXL_20220922_132052576.PORTRAIT.jpg,G:\Thesis\MonkSkinTone_Dataset\Segmented_MSTE\subject_15_PXL_20220922_132052576.PORTRAIT.jpg,Male,0.942135214805603,Male,0.8496744632720947,Man,93.65549087524414
subject_15_PXL_20220922_132118269.PORTRAIT.jpg,G:\Thesis\MonkSkinTone_Dataset\Segmented_MSTE\subject_15_PXL_20220922_132118269.PORTRAIT.jpg,Male,0.975276529788971,Male,0.8552461266517639,Man,98.16175103187561
subject_15_PXL_20220922_132121109.PORTRAIT.jpg,G:\Thesis\MonkSkinTone_Dataset\Segmented_MSTE\subject_15_PXL_20220922_132121109.PORTRAIT.jpg,Male,0.973945140838623,Male,0.9437265396118164,Man,97.49569892883301
subject_15_PXL_20220922_132123452.PORTRAIT.jpg,G:\Thesis\MonkSkinTone_Dataset\Segmented_MSTE\subject_15_PXL_20220922_132123452.PORTRAIT.jpg,Male,0.9691463112831116,Male,0.8710936903953552,Man,96.38893008232117
subject_15_PXL_20220922_132128162.PORTRAIT.jpg,G:\Thesis\MonkSkinTone_Dataset\Segmented_MSTE\subject_15_PXL_20220922_132128162.PORTRAIT.jpg,Male,0.9345645904541016,Male,0.8835059404373169,Man,94.62260603904724
subject_16_PXL_20220922_162746982.jpg,G:\Thesis\MonkSkinTone_Dataset\Segmented_MSTE\subject_16_PXL_20220922_162746982.jpg,Male,0.9716372489929199,Female,0.9184817671775818,Woman,99.37829375267029
subject_16_PXL_20220922_162751666.jpg,G:\Thesis\MonkSkinTone_Dataset\Segmented_MSTE\subject_16_PXL_20220922_162751666.jpg,Female,0.9111005067825317,Female,0.9508077502250671,Woman,95.69931030273438
subject_16_PXL_20220922_162755253.jpg,G:\Thesis\MonkSkinTone_Dataset\Segmented_MSTE\subject_16_PXL_20220922_162755253.jpg,Female,0.8954699039459229,Female,0.9607436060905457,Woman,64.94353413581848
subject_16_PXL_20220922_162758602.jpg,G:\Thesis\MonkSkinTone_Dataset\Segmented_MSTE\subject_16_PXL_20220922_162758602.jpg,Female,0.9520731568336487,Female,0.9359501004219055,Woman,99.99188184738159
subject_16_PXL_20220922_162801535.jpg,G:\Thesis\MonkSkinTone_Dataset\Segmented_MSTE\subject_16_PXL_20220922_162801535.jpg,Female,0.971496045589447,Female,0.9884394407272339,Woman,99.97760653495789
subject_16_PXL_20220922_162805930.jpg,G:\Thesis\MonkSkinTone_Dataset\Segmented_MSTE\subject_16_PXL_20220922_162805930.jpg,Male,0.7587456107139587,Female,0.9679712057113647,Woman,99.78153705596924
subject_16_PXL_20220922_162808508.jpg,G:\Thesis\MonkSkinTone_Dataset\Segmented_MSTE\subject_16_PXL_20220922_162808508.jpg,Female,0.7809941172599792,Female,0.9857310652732849,Woman,99.76605176925659
subject_16_PXL_20220922_162811412.jpg,G:\Thesis\MonkSkinTone_Dataset\Segmented_MSTE\subject_16_PXL_20220922_162811412.jpg,Female,0.9764600396156311,Female,0.9935691356658936,Man,71.97365760803223
subject_16_PXL_20220922_162814014.jpg,G:\Thesis\MonkSkinTone_Dataset\Segmented_MSTE\subject_16_PXL_20220922_162814014.jpg,Female,0.8469597697257996,Female,0.9782853126525879,Woman,99.98776912689209
subject_16_PXL_20220922_162818819.jpg,G:\Thesis\MonkSkinTone_Dataset\Segmented_MSTE\subject_16_PXL_20220922_162818819.jpg,Male,0.6374626159667969,Male,0.5220872759819031,Woman,88.75409364700317
subject_16_PXL_20220922_162821871.jpg,G:\Thesis\MonkSkinTone_Dataset\Segmented_MSTE\subject_16_PXL_20220922_162821871.jpg,Female,0.6151626110076904,Female,0.9621900916099548,Woman,95.62086462974548
subject_16_PXL_20220922_162824514.jpg,G:\Thesis\MonkSkinTone_Dataset\Segmented_MSTE\subject_16_PXL_20220922_162824514.jpg,Male,0.7010000348091125,Female,0.7482236623764038,Woman,99.70327615737915
subject_16_PXL_20220922_162827172.jpg,G:\Thesis\MonkSkinTone_Dataset\Segmented_MSTE\subject_16_PXL_20220922_162827172.jpg,Male,0.9178633093833923,Female,0.8526296019554138,Woman,99.4595468044281
subject_16_PXL_20220922_162830836.jpg,G:\Thesis\MonkSkinTone_Dataset\Segmented_MSTE\subject_16_PXL_20220922_162830836.jpg,Male,0.6484377980232239,Female,0.8756819367408752,Woman,99.74831938743591
subject_16_PXL_20220922_162832750.jpg,G:\Thesis\MonkSkinTone_Dataset\Segmented_MSTE\subject_16_PXL_20220922_162832750.jpg,Male,0.7802724838256836,Female,0.8733291029930115,Man,94.78015899658203
subject_16_PXL_20220922_162834847.jpg,G:\Thesis\MonkSkinTone_Dataset\Segmented_MSTE\subject_16_PXL_20220922_162834847.jpg,Female,0.6670020222663879,Female,0.905474066734314,Woman,99.93624091148376
subject_16_PXL_20220922_162836588.jpg,G:\Thesis\MonkSkinTone_Dataset\Segmented_MSTE\subject_16_PXL_20220922_162836588.jpg,Female,0.9736490845680237,Female,0.9789799451828003,Woman,99.66360330581665
subject_16_PXL_20220922_162910059.jpg,G:\Thesis\MonkSkinTone_Dataset\Segmented_MSTE\subject_16_PXL_20220922_162910059.jpg,Male,0.7933715581893921,Female,0.9422452449798584,Man,81.97486996650696
subject_16_PXL_20220922_162912581.jpg,G:\Thesis\MonkSkinTone_Dataset\Segmented_MSTE\subject_16_PXL_20220922_162912581.jpg,Female,0.6393506526947021,Female,0.9280696511268616,Man,96.06406092643738
subject_16_PXL_20220922_162914173.jpg,G:\Thesis\MonkSkinTone_Dataset\Segmented_MSTE\subject_16_PXL_20220922_162914173.jpg,Female,0.6322543621063232,Female,0.9133248329162598,Man,84.24649238586426
subject_16_PXL_20220922_162915871.jpg,G:\Thesis\MonkSkinTone_Dataset\Segmented_MSTE\subject_16_PXL_20220922_162915871.jpg,Female,0.930405855178833,Female,0.9090256690979004,Man,97.28052616119385
subject_16_PXL_20220922_162917375.jpg,G:\Thesis\MonkSkinTone_Dataset\Segmented_MSTE\subject_16_PXL_20220922_162917375.jpg,Female,0.6518643498420715,Female,0.8914684057235718,Man,62.22929358482361
subject_16_PXL_20220922_162919912.jpg,G:\Thesis\MonkSkinTone_Dataset\Segmented_MSTE\subject_16_PXL_20220922_162919912.jpg,Female,0.9601302146911621,Female,0.9743334650993347,Man,97.58062362670898
subject_16_PXL_20220922_162921844.jpg,G:\Thesis\MonkSkinTone_Dataset\Segmented_MSTE\subject_16_PXL_20220922_162921844.jpg,Female,0.9607391357421875,Female,0.9755679965019226,Woman,71.50848507881165
subject_16_PXL_20220922_162923216.jpg,G:\Thesis\MonkSkinTone_Dataset\Segmented_MSTE\subject_16_PXL_20220922_162923216.jpg,Female,0.6912398934364319,Female,0.9497613906860352,Man,88.31043243408203
subject_16_PXL_20220922_162924532.jpg,G:\Thesis\MonkSkinTone_Dataset\Segmented_MSTE\subject_16_PXL_20220922_162924532.jpg,Female,0.9014750123023987,Female,0.9175101518630981,Man,71.49559259414673
subject_16_PXL_20220922_162927043.jpg,G:\Thesis\MonkSkinTone_Dataset\Segmented_MSTE\subject_16_PXL_20220922_162927043.jpg,Male,0.6553486585617065,Female,0.7762194871902466,Man,99.01337027549744
subject_16_PXL_20220922_162931300.jpg,G:\Thesis\MonkSkinTone_Dataset\Segmented_MSTE\subject_16_PXL_20220922_162931300.jpg,Male,0.8474071621894836,Female,0.6327643394470215,Man,99.41797256469727
subject_16_PXL_20220922_162933194.jpg,G:\Thesis\MonkSkinTone_Dataset\Segmented_MSTE\subject_16_PXL_20220922_162933194.jpg,Female,0.8581406474113464,Female,0.8330162167549133,Man,99.78315234184265
subject_16_PXL_20220922_162934684.jpg,G:\Thesis\MonkSkinTone_Dataset\Segmented_MSTE\subject_16_PXL_20220922_162934684.jpg,Female,0.7885978817939758,Female,0.96277916431427,Woman,62.90039420127869
subject_16_PXL_20220922_162936557.jpg,G:\Thesis\MonkSkinTone_Dataset\Segmented_MSTE\subject_16_PXL_20220922_162936557.jpg,Male,0.8410100936889648,Female,0.791259229183197,Man,99.69053864479065
subject_16_PXL_20220922_162937771.jpg,G:\Thesis\MonkSkinTone_Dataset\Segmented_MSTE\subject_16_PXL_20220922_162937771.jpg,Female,0.5431926250457764,Female,0.7829731702804565,Man,81.26181364059448
subject_16_PXL_20220922_162940283.jpg,G:\Thesis\MonkSkinTone_Dataset\Segmented_MSTE\subject_16_PXL_20220922_162940283.jpg,Female,0.7147060632705688,Female,0.8481954336166382,Man,98.44016432762146
subject_16_PXL_20220922_162942226.jpg,G:\Thesis\MonkSkinTone_Dataset\Segmented_MSTE\subject_16_PXL_20220922_162942226.jpg,Female,0.8997902870178223,Female,0.808736264705658,Man,98.0589747428894
subject_16_PXL_20220922_162943445.jpg,G:\Thesis\MonkSkinTone_Dataset\Segmented_MSTE\subject_16_PXL_20220922_162943445.jpg,Female,0.9668059945106506,Female,0.9601771831512451,Man,53.054845333099365
subject_16_PXL_20220922_162945260.jpg,G:\Thesis\MonkSkinTone_Dataset\Segmented_MSTE\subject_16_PXL_20220922_162945260.jpg,Female,0.8547109961509705,Female,0.7748041749000549,Man,86.3199770450592
subject_16_PXL_20220922_162946598.jpg,G:\Thesis\MonkSkinTone_Dataset\Segmented_MSTE\subject_16_PXL_20220922_162946598.jpg,Male,0.9365848302841187,Female,0.9160671234130859,Woman,60.23305654525757
subject_16_PXL_20220922_163025599.jpg,G:\Thesis\MonkSkinTone_Dataset\Segmented_MSTE\subject_16_PXL_20220922_163025599.jpg,Male,0.9766184091567993,Female,0.8460207581520081,Man,85.07330417633057
subject_16_PXL_20220922_163027663.jpg,G:\Thesis\MonkSkinTone_Dataset\Segmented_MSTE\subject_16_PXL_20220922_163027663.jpg,Male,0.8341800570487976,Female,0.8363246321678162,Man,97.61579036712646
subject_16_PXL_20220922_163029140.jpg,G:\Thesis\MonkSkinTone_Dataset\Segmented_MSTE\subject_16_PXL_20220922_163029140.jpg,Male,0.9240078330039978,Female,0.695411741733551,Man,98.79962801933289
subject_16_PXL_20220922_163030548.jpg,G:\Thesis\MonkSkinTone_Dataset\Segmented_MSTE\subject_16_PXL_20220922_163030548.jpg,Male,0.9358433485031128,Male,0.5096079111099243,Man,80.82820177078247
subject_16_PXL_20220922_163031782.jpg,G:\Thesis\MonkSkinTone_Dataset\Segmented_MSTE\subject_16_PXL_20220922_163031782.jpg,Male,0.974575400352478,Female,0.8434690237045288,Man,66.55617952346802
subject_16_PXL_20220922_163036224.jpg,G:\Thesis\MonkSkinTone_Dataset\Segmented_MSTE\subject_16_PXL_20220922_163036224.jpg,Male,0.9653128385543823,Female,0.9544124603271484,Man,60.789984464645386
subject_16_PXL_20220922_163037538.jpg,G:\Thesis\MonkSkinTone_Dataset\Segmented_MSTE\subject_16_PXL_20220922_163037538.jpg,Male,0.8218810558319092,Female,0.8661440014839172,Man,98.40111136436462
subject_16_PXL_20220922_163038839.jpg,G:\Thesis\MonkSkinTone_Dataset\Segmented_MSTE\subject_16_PXL_20220922_163038839.jpg,Male,0.9090046882629395,Female,0.8923389315605164,Man,84.4079315662384
subject_16_PXL_20220922_163040135.jpg,G:\Thesis\MonkSkinTone_Dataset\Segmented_MSTE\subject_16_PXL_20220922_163040135.jpg,Female,0.5426157712936401,Female,0.9636670351028442,Man,60.813647508621216
subject_16_PXL_20220922_163041327.jpg,G:\Thesis\MonkSkinTone_Dataset\Segmented_MSTE\subject_16_PXL_20220922_163041327.jpg,Male,0.9257847666740417,Female,0.9581730961799622,Man,67.38007664680481
subject_16_PXL_20220922_163045525.jpg,G:\Thesis\MonkSkinTone_Dataset\Segmented_MSTE\subject_16_PXL_20220922_163045525.jpg,Male,0.9793716669082642,Male,0.5628567934036255,Man,83.5327684879303
subject_16_PXL_20220922_163048143.jpg,G:\Thesis\MonkSkinTone_Dataset\Segmented_MSTE\subject_16_PXL_20220922_163048143.jpg,Male,0.9241727590560913,Male,0.5860443115234375,Man,97.53859639167786
subject_16_PXL_20220922_163049541.jpg,G:\Thesis\MonkSkinTone_Dataset\Segmented_MSTE\subject_16_PXL_20220922_163049541.jpg,Male,0.9282747507095337,Female,0.8732282519340515,Man,88.01664710044861
subject_16_PXL_20220922_163051167.jpg,G:\Thesis\MonkSkinTone_Dataset\Segmented_MSTE\subject_16_PXL_20220922_163051167.jpg,Male,0.89711993932724,Female,0.8029748797416687,Man,85.6086254119873
subject_16_PXL_20220922_163052549.jpg,G:\Thesis\MonkSkinTone_Dataset\Segmented_MSTE\subject_16_PXL_20220922_163052549.jpg,Male,0.9666783809661865,Female,0.901426374912262,Man,78.40079665184021
subject_16_PXL_20220922_163150248.jpg,G:\Thesis\MonkSkinTone_Dataset\Segmented_MSTE\subject_16_PXL_20220922_163150248.jpg,Male,0.9686275124549866,Female,0.5328612327575684,Woman,61.42205595970154
subject_16_PXL_20220922_163153639.jpg,G:\Thesis\MonkSkinTone_Dataset\Segmented_MSTE\subject_16_PXL_20220922_163153639.jpg,Male,0.5397192239761353,Female,0.8436480164527893,Man,94.44669485092163
subject_16_PXL_20220922_163156369.jpg,G:\Thesis\MonkSkinTone_Dataset\Segmented_MSTE\subject_16_PXL_20220922_163156369.jpg,Male,0.9142438769340515,Female,0.8592017292976379,Man,92.7310049533844
subject_16_PXL_20220922_163158577.jpg,G:\Thesis\MonkSkinTone_Dataset\Segmented_MSTE\subject_16_PXL_20220922_163158577.jpg,Female,0.5054373741149902,Female,0.5515901446342468,Man,79.9881637096405
subject_16_PXL_20220922_163205440.jpg,G:\Thesis\MonkSkinTone_Dataset\Segmented_MSTE\subject_16_PXL_20220922_163205440.jpg,Male,0.9789934158325195,Female,0.837859570980072,Man,70.24936079978943
subject_16_PXL_20220922_163207738.jpg,G:\Thesis\MonkSkinTone_Dataset\Segmented_MSTE\subject_16_PXL_20220922_163207738.jpg,Male,0.9689306020736694,Female,0.86934894323349,Man,93.54879856109619
subject_16_PXL_20220922_163212621.jpg,G:\Thesis\MonkSkinTone_Dataset\Segmented_MSTE\subject_16_PXL_20220922_163212621.jpg,Male,0.9468454122543335,Female,0.9253687858581543,Woman,95.09459733963013
subject_16_PXL_20220922_163215993.jpg,G:\Thesis\MonkSkinTone_Dataset\Segmented_MSTE\subject_16_PXL_20220922_163215993.jpg,Male,0.6222671270370483,Female,0.8557903170585632,Man,77.08116173744202
subject_16_PXL_20220922_163218116.jpg,G:\Thesis\MonkSkinTone_Dataset\Segmented_MSTE\subject_16_PXL_20220922_163218116.jpg,Male,0.6917691826820374,Female,0.8120145201683044,Man,91.8411374092102
subject_16_PXL_20220922_163219950.jpg,G:\Thesis\MonkSkinTone_Dataset\Segmented_MSTE\subject_16_PXL_20220922_163219950.jpg,Male,0.8139334917068481,Female,0.6696896553039551,Man,90.0041937828064
subject_16_PXL_20220922_163221806.jpg,G:\Thesis\MonkSkinTone_Dataset\Segmented_MSTE\subject_16_PXL_20220922_163221806.jpg,Male,0.9603816270828247,Female,0.7584196329116821,Man,93.6297357082367
subject_16_PXL_20220922_163224863.jpg,G:\Thesis\MonkSkinTone_Dataset\Segmented_MSTE\subject_16_PXL_20220922_163224863.jpg,Male,0.9716982841491699,Female,0.8960617780685425,Woman,83.36247205734253
subject_16_PXL_20220922_163227429.jpg,G:\Thesis\MonkSkinTone_Dataset\Segmented_MSTE\subject_16_PXL_20220922_163227429.jpg,Male,0.8297180533409119,Female,0.6766955852508545,Man,93.38654279708862
subject_16_PXL_20220922_163229525.jpg,G:\Thesis\MonkSkinTone_Dataset\Segmented_MSTE\subject_16_PXL_20220922_163229525.jpg,Male,0.9512398838996887,Female,0.7835764288902283,Man,60.94474792480469
subject_16_PXL_20220922_163231266.jpg,G:\Thesis\MonkSkinTone_Dataset\Segmented_MSTE\subject_16_PXL_20220922_163231266.jpg,Male,0.9349493980407715,Female,0.5389410853385925,Man,88.03917169570923
subject_16_PXL_20220922_163233149.jpg,G:\Thesis\MonkSkinTone_Dataset\Segmented_MSTE\subject_16_PXL_20220922_163233149.jpg,Male,0.9551321864128113,Female,0.8866199851036072,Man,95.00495791435242
subject_16_PXL_20220922_163238367.jpg,G:\Thesis\MonkSkinTone_Dataset\Segmented_MSTE\subject_16_PXL_20220922_163238367.jpg,Male,0.9748611450195312,Female,0.7327004075050354,Man,90.82119464874268
subject_16_PXL_20220922_163240509.jpg,G:\Thesis\MonkSkinTone_Dataset\Segmented_MSTE\subject_16_PXL_20220922_163240509.jpg,Male,0.5065231323242188,Female,0.8505837917327881,Man,94.11506056785583
subject_16_PXL_20220922_163242384.jpg,G:\Thesis\MonkSkinTone_Dataset\Segmented_MSTE\subject_16_PXL_20220922_163242384.jpg,Female,0.586604118347168,Male,0.5142911672592163,Man,85.72966456413269
subject_16_PXL_20220922_163243828.jpg,G:\Thesis\MonkSkinTone_Dataset\Segmented_MSTE\subject_16_PXL_20220922_163243828.jpg,Female,0.8815609812736511,Female,0.5121769309043884,Man,60.31784415245056
subject_16_PXL_20220922_163246206.jpg,G:\Thesis\MonkSkinTone_Dataset\Segmented_MSTE\subject_16_PXL_20220922_163246206.jpg,Male,0.9474800229072571,Female,0.8226268291473389,Man,89.54749703407288
subject_16_PXL_20220922_163330235.jpg,G:\Thesis\MonkSkinTone_Dataset\Segmented_MSTE\subject_16_PXL_20220922_163330235.jpg,Male,0.9596461057662964,Female,0.5676394104957581,Man,99.53611493110657
subject_16_PXL_20220922_163332303.jpg,G:\Thesis\MonkSkinTone_Dataset\Segmented_MSTE\subject_16_PXL_20220922_163332303.jpg,Male,0.9251086711883545,Male,0.5078525543212891,Man,91.29988551139832
subject_16_PXL_20220922_163335011.jpg,G:\Thesis\MonkSkinTone_Dataset\Segmented_MSTE\subject_16_PXL_20220922_163335011.jpg,Male,0.9341400861740112,Female,0.5230174660682678,Man,97.83880114555359
subject_16_PXL_20220922_163336203.jpg,G:\Thesis\MonkSkinTone_Dataset\Segmented_MSTE\subject_16_PXL_20220922_163336203.jpg,Male,0.9164419174194336,Male,0.6644218564033508,Man,94.56178545951843
subject_16_PXL_20220922_163339153.jpg,G:\Thesis\MonkSkinTone_Dataset\Segmented_MSTE\subject_16_PXL_20220922_163339153.jpg,Male,0.976869523525238,Male,0.7419071793556213,Man,95.06475329399109
subject_16_PXL_20220922_163340954.jpg,G:\Thesis\MonkSkinTone_Dataset\Segmented_MSTE\subject_16_PXL_20220922_163340954.jpg,Male,0.917505145072937,Male,0.8022482991218567,Man,99.53383207321167
subject_16_PXL_20220922_163342238.jpg,G:\Thesis\MonkSkinTone_Dataset\Segmented_MSTE\subject_16_PXL_20220922_163342238.jpg,Male,0.5904656052589417,Female,0.6170774102210999,Man,79.16075587272644
subject_16_PXL_20220922_163343338.jpg,G:\Thesis\MonkSkinTone_Dataset\Segmented_MSTE\subject_16_PXL_20220922_163343338.jpg,Male,0.9162478446960449,Male,0.7195615172386169,Man,95.38511633872986
subject_16_PXL_20220922_163344625.jpg,G:\Thesis\MonkSkinTone_Dataset\Segmented_MSTE\subject_16_PXL_20220922_163344625.jpg,Male,0.9630950689315796,Male,0.7642167210578918,Man,85.80327033996582
subject_17_PXL_20220922_185122947.jpg,G:\Thesis\MonkSkinTone_Dataset\Segmented_MSTE\subject_17_PXL_20220922_185122947.jpg,Female,0.7139168977737427,Female,0.6488330960273743,Man,98.39708209037781
subject_17_PXL_20220922_185138091.jpg,G:\Thesis\MonkSkinTone_Dataset\Segmented_MSTE\subject_17_PXL_20220922_185138091.jpg,Female,0.8500762581825256,Female,0.5924334526062012,Man,88.67944478988647
subject_17_PXL_20220922_185139946.jpg,G:\Thesis\MonkSkinTone_Dataset\Segmented_MSTE\subject_17_PXL_20220922_185139946.jpg,Female,0.9155821204185486,Male,0.6085019111633301,Man,89.95184898376465
subject_17_PXL_20220922_185144400.jpg,G:\Thesis\MonkSkinTone_Dataset\Segmented_MSTE\subject_17_PXL_20220922_185144400.jpg,Female,0.8160987496376038,Female,0.5629926323890686,Man,99.11335110664368
subject_17_PXL_20220922_185158900.jpg,G:\Thesis\MonkSkinTone_Dataset\Segmented_MSTE\subject_17_PXL_20220922_185158900.jpg,Female,0.7199077010154724,Female,0.715934157371521,Man,94.05853748321533
subject_17_PXL_20220922_185201154.jpg,G:\Thesis\MonkSkinTone_Dataset\Segmented_MSTE\subject_17_PXL_20220922_185201154.jpg,Female,0.9369922876358032,Female,0.5598340034484863,Man,82.43789076805115
subject_17_PXL_20220922_185202869.jpg,G:\Thesis\MonkSkinTone_Dataset\Segmented_MSTE\subject_17_PXL_20220922_185202869.jpg,Male,0.5588018894195557,Female,0.6845822930335999,Man,96.4643657207489
subject_17_PXL_20220922_185204671.jpg,G:\Thesis\MonkSkinTone_Dataset\Segmented_MSTE\subject_17_PXL_20220922_185204671.jpg,Female,0.8856674432754517,Male,0.5057000517845154,Man,91.88593626022339
subject_17_PXL_20220922_185206022.jpg,G:\Thesis\MonkSkinTone_Dataset\Segmented_MSTE\subject_17_PXL_20220922_185206022.jpg,Male,0.6420167088508606,Female,0.843781054019928,Man,88.57020139694214
subject_17_PXL_20220922_185224507.jpg,G:\Thesis\MonkSkinTone_Dataset\Segmented_MSTE\subject_17_PXL_20220922_185224507.jpg,Female,0.739935576915741,Female,0.8124870657920837,Man,76.50910019874573
subject_17_PXL_20220922_185242494.jpg,G:\Thesis\MonkSkinTone_Dataset\Segmented_MSTE\subject_17_PXL_20220922_185242494.jpg,Female,0.7807546854019165,Female,0.7905073761940002,Man,86.87101006507874
subject_17_PXL_20220922_185244102.jpg,G:\Thesis\MonkSkinTone_Dataset\Segmented_MSTE\subject_17_PXL_20220922_185244102.jpg,Female,0.8737087845802307,Male,0.7400295734405518,Man,93.18220615386963
subject_17_PXL_20220922_185245527.jpg,G:\Thesis\MonkSkinTone_Dataset\Segmented_MSTE\subject_17_PXL_20220922_185245527.jpg,Male,0.8375689387321472,Male,0.7912658452987671,Man,97.50568270683289
subject_17_PXL_20220922_185246916.jpg,G:\Thesis\MonkSkinTone_Dataset\Segmented_MSTE\subject_17_PXL_20220922_185246916.jpg,Female,0.7131286859512329,Female,0.7840313911437988,Man,81.91723227500916
subject_17_PXL_20220922_185248297.jpg,G:\Thesis\MonkSkinTone_Dataset\Segmented_MSTE\subject_17_PXL_20220922_185248297.jpg,Female,0.7178902626037598,Female,0.7816334962844849,Man,82.40839838981628
subject_17_PXL_20220922_185309607.PORTRAIT.jpg,G:\Thesis\MonkSkinTone_Dataset\Segmented_MSTE\subject_17_PXL_20220922_185309607.PORTRAIT.jpg,Female,0.923106849193573,Female,0.6139737367630005,Man,93.62342953681946
subject_17_PXL_20220922_185311564.PORTRAIT.jpg,G:\Thesis\MonkSkinTone_Dataset\Segmented_MSTE\subject_17_PXL_20220922_185311564.PORTRAIT.jpg,Female,0.9236871600151062,Male,0.576396107673645,Man,95.4470694065094
subject_17_PXL_20220922_185313189.PORTRAIT.jpg,G:\Thesis\MonkSkinTone_Dataset\Segmented_MSTE\subject_17_PXL_20220922_185313189.PORTRAIT.jpg,Female,0.9236974120140076,Male,0.6305832266807556,Man,99.67445135116577
subject_17_PXL_20220922_185314924.PORTRAIT.jpg,G:\Thesis\MonkSkinTone_Dataset\Segmented_MSTE\subject_17_PXL_20220922_185314924.PORTRAIT.jpg,Female,0.5451211929321289,Male,0.541871190071106,Man,99.33857321739197
subject_17_PXL_20220922_185316365.PORTRAIT.jpg,G:\Thesis\MonkSkinTone_Dataset\Segmented_MSTE\subject_17_PXL_20220922_185316365.PORTRAIT.jpg,Female,0.7722257375717163,Female,0.7416268587112427,Man,98.32883477210999
subject_17_PXL_20220922_185358150.PORTRAIT.jpg,G:\Thesis\MonkSkinTone_Dataset\Segmented_MSTE\subject_17_PXL_20220922_185358150.PORTRAIT.jpg,Male,0.5225928425788879,Female,0.5220969319343567,Man,96.68496251106262
subject_17_PXL_20220922_185359690.PORTRAIT.jpg,G:\Thesis\MonkSkinTone_Dataset\Segmented_MSTE\subject_17_PXL_20220922_185359690.PORTRAIT.jpg,Female,0.958286702632904,Male,0.6663724184036255,Man,92.23754405975342
subject_17_PXL_20220922_185401468.PORTRAIT.jpg,G:\Thesis\MonkSkinTone_Dataset\Segmented_MSTE\subject_17_PXL_20220922_185401468.PORTRAIT.jpg,Female,0.7109293341636658,Female,0.621471107006073,Man,91.64164066314697
subject_17_PXL_20220922_185403014.PORTRAIT.jpg,G:\Thesis\MonkSkinTone_Dataset\Segmented_MSTE\subject_17_PXL_20220922_185403014.PORTRAIT.jpg,Male,0.9484050869941711,Male,0.6484932899475098,Man,97.38161563873291
subject_17_PXL_20220922_185404798.PORTRAIT.jpg,G:\Thesis\MonkSkinTone_Dataset\Segmented_MSTE\subject_17_PXL_20220922_185404798.PORTRAIT.jpg,Male,0.7415640354156494,Female,0.6634761691093445,Man,96.70800566673279
subject_17_PXL_20220922_185410258.PORTRAIT.jpg,G:\Thesis\MonkSkinTone_Dataset\Segmented_MSTE\subject_17_PXL_20220922_185410258.PORTRAIT.jpg,Male,0.6858295798301697,Male,0.6545400023460388,Man,94.7234034538269
subject_17_PXL_20220922_185415142.PORTRAIT.jpg,G:\Thesis\MonkSkinTone_Dataset\Segmented_MSTE\subject_17_PXL_20220922_185415142.PORTRAIT.jpg,Female,0.6415999531745911,Male,0.6662697792053223,Man,95.2192485332489
subject_17_PXL_20220922_185416595.PORTRAIT.jpg,G:\Thesis\MonkSkinTone_Dataset\Segmented_MSTE\subject_17_PXL_20220922_185416595.PORTRAIT.jpg,Female,0.5210912227630615,Female,0.5305829644203186,Man,94.68412399291992
subject_17_PXL_20220922_185418367.PORTRAIT.jpg,G:\Thesis\MonkSkinTone_Dataset\Segmented_MSTE\subject_17_PXL_20220922_185418367.PORTRAIT.jpg,Female,0.5594033598899841,Male,0.5396175980567932,Man,81.76068663597107
subject_17_PXL_20220922_185419849.PORTRAIT.jpg,G:\Thesis\MonkSkinTone_Dataset\Segmented_MSTE\subject_17_PXL_20220922_185419849.PORTRAIT.jpg,Male,0.8394356369972229,Female,0.7141790986061096,Man,76.55509114265442
subject_17_PXL_20220922_185440334.jpg,G:\Thesis\MonkSkinTone_Dataset\Segmented_MSTE\subject_17_PXL_20220922_185440334.jpg,Female,0.726914644241333,Male,0.7291026711463928,Man,89.25235867500305
subject_17_PXL_20220922_185442196.jpg,G:\Thesis\MonkSkinTone_Dataset\Segmented_MSTE\subject_17_PXL_20220922_185442196.jpg,Female,0.9201161861419678,Male,0.5929815173149109,Man,93.60459446907043
subject_17_PXL_20220922_185456930.jpg,G:\Thesis\MonkSkinTone_Dataset\Segmented_MSTE\subject_17_PXL_20220922_185456930.jpg,Male,0.6381536722183228,Female,0.5385865569114685,Man,62.465089559555054
subject_17_PXL_20220922_185504598.jpg,G:\Thesis\MonkSkinTone_Dataset\Segmented_MSTE\subject_17_PXL_20220922_185504598.jpg,Female,0.957299530506134,Female,0.5856083631515503,Man,86.85688972473145
subject_17_PXL_20220922_185505997.jpg,G:\Thesis\MonkSkinTone_Dataset\Segmented_MSTE\subject_17_PXL_20220922_185505997.jpg,Female,0.8386688232421875,Male,0.5520938634872437,Man,88.07772397994995
subject_17_PXL_20220922_185507420.jpg,G:\Thesis\MonkSkinTone_Dataset\Segmented_MSTE\subject_17_PXL_20220922_185507420.jpg,Female,0.790649950504303,Female,0.5598820447921753,Man,76.00228786468506
subject_17_PXL_20220922_185510279.jpg,G:\Thesis\MonkSkinTone_Dataset\Segmented_MSTE\subject_17_PXL_20220922_185510279.jpg,Male,0.8041574358940125,Female,0.6465191841125488,Man,79.6614408493042
subject_17_PXL_20220922_185512817.jpg,G:\Thesis\MonkSkinTone_Dataset\Segmented_MSTE\subject_17_PXL_20220922_185512817.jpg,Male,0.6990197896957397,Female,0.7546098828315735,Man,93.90164613723755
subject_17_PXL_20220922_185514681.jpg,G:\Thesis\MonkSkinTone_Dataset\Segmented_MSTE\subject_17_PXL_20220922_185514681.jpg,Female,0.7443394660949707,Female,0.7586312890052795,Man,82.11716413497925
subject_17_PXL_20220922_185651168.jpg,G:\Thesis\MonkSkinTone_Dataset\Segmented_MSTE\subject_17_PXL_20220922_185651168.jpg,Female,0.7966955900192261,Male,0.6920607686042786,Man,97.52041697502136
subject_17_PXL_20220922_185652542.jpg,G:\Thesis\MonkSkinTone_Dataset\Segmented_MSTE\subject_17_PXL_20220922_185652542.jpg,Female,0.869540810585022,Male,0.6276446580886841,Woman,50.967127084732056
subject_17_PXL_20220922_185654282.jpg,G:\Thesis\MonkSkinTone_Dataset\Segmented_MSTE\subject_17_PXL_20220922_185654282.jpg,Female,0.5764486193656921,Male,0.6110130548477173,Man,83.34208726882935
subject_17_PXL_20220922_185655701.jpg,G:\Thesis\MonkSkinTone_Dataset\Segmented_MSTE\subject_17_PXL_20220922_185655701.jpg,Male,0.6394031643867493,Female,0.5924961566925049,Man,96.79239988327026
subject_17_PXL_20220922_185657391.jpg,G:\Thesis\MonkSkinTone_Dataset\Segmented_MSTE\subject_17_PXL_20220922_185657391.jpg,Female,0.8736611008644104,Female,0.7575278282165527,Man,83.1555724143982
subject_17_PXL_20220922_185659098.jpg,G:\Thesis\MonkSkinTone_Dataset\Segmented_MSTE\subject_17_PXL_20220922_185659098.jpg,Male,0.8401078581809998,Male,0.7688490748405457,Woman,53.29253673553467
subject_17_PXL_20220922_185700581.jpg,G:\Thesis\MonkSkinTone_Dataset\Segmented_MSTE\subject_17_PXL_20220922_185700581.jpg,Female,0.7451454997062683,Male,0.7145788073539734,Man,90.99925756454468
subject_17_PXL_20220922_185702103.jpg,G:\Thesis\MonkSkinTone_Dataset\Segmented_MSTE\subject_17_PXL_20220922_185702103.jpg,Female,0.6178486943244934,Female,0.5001547336578369,Man,96.66696190834045
subject_17_PXL_20220922_185703775.jpg,G:\Thesis\MonkSkinTone_Dataset\Segmented_MSTE\subject_17_PXL_20220922_185703775.jpg,Male,0.5433073043823242,Female,0.5285911560058594,Man,92.80723333358765
subject_17_PXL_20220922_185705214.jpg,G:\Thesis\MonkSkinTone_Dataset\Segmented_MSTE\subject_17_PXL_20220922_185705214.jpg,Female,0.8281275033950806,Female,0.712323009967804,Man,88.93342614173889
subject_17_PXL_20220922_185754281.jpg,G:\Thesis\MonkSkinTone_Dataset\Segmented_MSTE\subject_17_PXL_20220922_185754281.jpg,Male,0.9608821868896484,Male,0.7102851271629333,Man,86.88401579856873
subject_17_PXL_20220922_185757301.jpg,G:\Thesis\MonkSkinTone_Dataset\Segmented_MSTE\subject_17_PXL_20220922_185757301.jpg,Female,0.9181033968925476,Male,0.5908893346786499,Man,91.63838624954224
subject_17_PXL_20220922_185800557.jpg,G:\Thesis\MonkSkinTone_Dataset\Segmented_MSTE\subject_17_PXL_20220922_185800557.jpg,Male,0.6008685231208801,Female,0.7677273154258728,Man,91.3811206817627
subject_17_PXL_20220922_185804157.jpg,G:\Thesis\MonkSkinTone_Dataset\Segmented_MSTE\subject_17_PXL_20220922_185804157.jpg,Male,0.8759161829948425,Male,0.611458957195282,Man,89.35962319374084
subject_17_PXL_20220922_185812471.jpg,G:\Thesis\MonkSkinTone_Dataset\Segmented_MSTE\subject_17_PXL_20220922_185812471.jpg,Female,0.9347209930419922,Male,0.6002541184425354,Man,89.40300345420837
subject_17_PXL_20220922_185814512.jpg,G:\Thesis\MonkSkinTone_Dataset\Segmented_MSTE\subject_17_PXL_20220922_185814512.jpg,Female,0.9385535717010498,Female,0.7266911864280701,Man,87.44763731956482
subject_17_PXL_20220922_185825103.jpg,G:\Thesis\MonkSkinTone_Dataset\Segmented_MSTE\subject_17_PXL_20220922_185825103.jpg,Male,0.691186249256134,Female,0.6094125509262085,Man,74.69669580459595
subject_17_PXL_20220922_185827818.jpg,G:\Thesis\MonkSkinTone_Dataset\Segmented_MSTE\subject_17_PXL_20220922_185827818.jpg,Female,0.5734288692474365,Female,0.8616735339164734,Man,70.76271772384644
subject_18_PXL_20220922_182633863.jpg,G:\Thesis\MonkSkinTone_Dataset\Segmented_MSTE\subject_18_PXL_20220922_182633863.jpg,Male,0.8709372282028198,Male,0.8303420543670654,Man,99.88204836845398
subject_18_PXL_20220922_182636989.jpg,G:\Thesis\MonkSkinTone_Dataset\Segmented_MSTE\subject_18_PXL_20220922_182636989.jpg,Female,0.6974741220474243,Male,0.776294469833374,Man,99.70669150352478
subject_18_PXL_20220922_182639058.jpg,G:\Thesis\MonkSkinTone_Dataset\Segmented_MSTE\subject_18_PXL_20220922_182639058.jpg,Female,0.8899693489074707,Female,0.5423737168312073,Man,93.65800023078918
subject_18_PXL_20220922_182641003.jpg,G:\Thesis\MonkSkinTone_Dataset\Segmented_MSTE\subject_18_PXL_20220922_182641003.jpg,Female,0.9747517108917236,Male,0.5554295182228088,Woman,64.46986198425293
subject_18_PXL_20220922_182642800.jpg,G:\Thesis\MonkSkinTone_Dataset\Segmented_MSTE\subject_18_PXL_20220922_182642800.jpg,Female,0.9693789482116699,Female,0.5296854376792908,Man,51.79755091667175
subject_18_PXL_20220922_182645489.jpg,G:\Thesis\MonkSkinTone_Dataset\Segmented_MSTE\subject_18_PXL_20220922_182645489.jpg,Female,0.5840696692466736,Male,0.6424079537391663,Man,99.26729798316956
subject_18_PXL_20220922_182647374.jpg,G:\Thesis\MonkSkinTone_Dataset\Segmented_MSTE\subject_18_PXL_20220922_182647374.jpg,Male,0.8812209367752075,Male,0.5180487036705017,Man,99.78287816047668
subject_18_PXL_20220922_182649088.jpg,G:\Thesis\MonkSkinTone_Dataset\Segmented_MSTE\subject_18_PXL_20220922_182649088.jpg,Female,0.9309974312782288,Male,0.5165127515792847,Man,99.44310784339905
subject_18_PXL_20220922_182650673.jpg,G:\Thesis\MonkSkinTone_Dataset\Segmented_MSTE\subject_18_PXL_20220922_182650673.jpg,Female,0.9019335508346558,Female,0.6183263063430786,Man,93.03073287010193
subject_18_PXL_20220922_182652060.jpg,G:\Thesis\MonkSkinTone_Dataset\Segmented_MSTE\subject_18_PXL_20220922_182652060.jpg,Female,0.8108452558517456,Female,0.6236861944198608,Man,99.98871088027954
subject_18_PXL_20220922_182653661.jpg,G:\Thesis\MonkSkinTone_Dataset\Segmented_MSTE\subject_18_PXL_20220922_182653661.jpg,Female,0.9772982001304626,Female,0.6712892651557922,Man,99.1283655166626
subject_18_PXL_20220922_182706230.jpg,G:\Thesis\MonkSkinTone_Dataset\Segmented_MSTE\subject_18_PXL_20220922_182706230.jpg,Male,0.6076864004135132,Male,0.8457724452018738,Man,98.9994764328003
subject_18_PXL_20220922_182708946.jpg,G:\Thesis\MonkSkinTone_Dataset\Segmented_MSTE\subject_18_PXL_20220922_182708946.jpg,Female,0.8644344210624695,Male,0.7797063589096069,Man,98.65418672561646
subject_18_PXL_20220922_182710449.jpg,G:\Thesis\MonkSkinTone_Dataset\Segmented_MSTE\subject_18_PXL_20220922_182710449.jpg,Female,0.5345742702484131,Male,0.6805511116981506,Man,99.66937303543091
subject_18_PXL_20220922_182711815.jpg,G:\Thesis\MonkSkinTone_Dataset\Segmented_MSTE\subject_18_PXL_20220922_182711815.jpg,Female,0.8785250782966614,Male,0.5206616520881653,Man,65.40964841842651
subject_18_PXL_20220922_182713149.jpg,G:\Thesis\MonkSkinTone_Dataset\Segmented_MSTE\subject_18_PXL_20220922_182713149.jpg,Female,0.9654982686042786,Female,0.5816097855567932,Man,94.48899030685425
subject_18_PXL_20220922_182722342.jpg,G:\Thesis\MonkSkinTone_Dataset\Segmented_MSTE\subject_18_PXL_20220922_182722342.jpg,Male,0.6776069402694702,Male,0.7660503387451172,Man,99.77641105651855
subject_18_PXL_20220922_182724563.jpg,G:\Thesis\MonkSkinTone_Dataset\Segmented_MSTE\subject_18_PXL_20220922_182724563.jpg,Female,0.932070255279541,Male,0.5637319087982178,Man,98.96295666694641
subject_18_PXL_20220922_182726348.jpg,G:\Thesis\MonkSkinTone_Dataset\Segmented_MSTE\subject_18_PXL_20220922_182726348.jpg,Female,0.8721900582313538,Female,0.5326493382453918,Man,98.77806901931763
subject_18_PXL_20220922_182727968.jpg,G:\Thesis\MonkSkinTone_Dataset\Segmented_MSTE\subject_18_PXL_20220922_182727968.jpg,Female,0.9279739260673523,Male,0.6775326728820801,Man,99.93815422058105
subject_18_PXL_20220922_182730001.jpg,G:\Thesis\MonkSkinTone_Dataset\Segmented_MSTE\subject_18_PXL_20220922_182730001.jpg,Female,0.9524998664855957,Male,0.5592243075370789,Man,99.51367974281311
subject_18_PXL_20220922_182816244.jpg,G:\Thesis\MonkSkinTone_Dataset\Segmented_MSTE\subject_18_PXL_20220922_182816244.jpg,Male,0.7903658747673035,Male,0.858000636100769,Man,89.74451422691345
subject_18_PXL_20220922_182818299.jpg,G:\Thesis\MonkSkinTone_Dataset\Segmented_MSTE\subject_18_PXL_20220922_182818299.jpg,Female,0.9602302312850952,Male,0.8634446263313293,Man,91.0265564918518
subject_18_PXL_20220922_182820039.jpg,G:\Thesis\MonkSkinTone_Dataset\Segmented_MSTE\subject_18_PXL_20220922_182820039.jpg,Female,0.8857779502868652,Male,0.8013255596160889,Man,96.40315175056458
subject_18_PXL_20220922_182821960.jpg,G:\Thesis\MonkSkinTone_Dataset\Segmented_MSTE\subject_18_PXL_20220922_182821960.jpg,Female,0.5038259625434875,Male,0.8081924319267273,Man,97.38529920578003
subject_18_PXL_20220922_182823421.jpg,G:\Thesis\MonkSkinTone_Dataset\Segmented_MSTE\subject_18_PXL_20220922_182823421.jpg,Female,0.7674914002418518,Male,0.8753533363342285,Man,89.6679699420929
subject_18_PXL_20220922_182827542.jpg,G:\Thesis\MonkSkinTone_Dataset\Segmented_MSTE\subject_18_PXL_20220922_182827542.jpg,Male,0.8602878451347351,Male,0.8109697699546814,Man,89.12511467933655
subject_18_PXL_20220922_182836446.jpg,G:\Thesis\MonkSkinTone_Dataset\Segmented_MSTE\subject_18_PXL_20220922_182836446.jpg,Male,0.8096617460250854,Male,0.8724688291549683,Man,94.97044086456299
subject_18_PXL_20220922_182838794.jpg,G:\Thesis\MonkSkinTone_Dataset\Segmented_MSTE\subject_18_PXL_20220922_182838794.jpg,Male,0.743226945400238,Male,0.8834267854690552,Man,96.9202995300293
subject_18_PXL_20220922_182843801.jpg,G:\Thesis\MonkSkinTone_Dataset\Segmented_MSTE\subject_18_PXL_20220922_182843801.jpg,Female,0.6217747330665588,Male,0.6303417086601257,Man,96.38872742652893
subject_18_PXL_20220922_182846104.jpg,G:\Thesis\MonkSkinTone_Dataset\Segmented_MSTE\subject_18_PXL_20220922_182846104.jpg,Female,0.9578685164451599,Male,0.8532851338386536,Man,90.5235767364502
subject_18_PXL_20220922_183041910.jpg,G:\Thesis\MonkSkinTone_Dataset\Segmented_MSTE\subject_18_PXL_20220922_183041910.jpg,Male,0.6772810220718384,Male,0.7543333768844604,Man,95.36516666412354
subject_18_PXL_20220922_183044451.jpg,G:\Thesis\MonkSkinTone_Dataset\Segmented_MSTE\subject_18_PXL_20220922_183044451.jpg,Female,0.8761717677116394,Male,0.8265473246574402,Man,99.42365288734436
subject_18_PXL_20220922_183046058.jpg,G:\Thesis\MonkSkinTone_Dataset\Segmented_MSTE\subject_18_PXL_20220922_183046058.jpg,Male,0.6581262946128845,Male,0.8104366660118103,Man,66.43960475921631
subject_18_PXL_20220922_183047955.jpg,G:\Thesis\MonkSkinTone_Dataset\Segmented_MSTE\subject_18_PXL_20220922_183047955.jpg,Female,0.9494832158088684,Male,0.830124020576477,Man,92.1155035495758
subject_18_PXL_20220922_183050690.jpg,G:\Thesis\MonkSkinTone_Dataset\Segmented_MSTE\subject_18_PXL_20220922_183050690.jpg,Female,0.9675537943840027,Male,0.5591355562210083,Man,93.56444478034973
subject_18_PXL_20220922_183052857.jpg,G:\Thesis\MonkSkinTone_Dataset\Segmented_MSTE\subject_18_PXL_20220922_183052857.jpg,Male,0.8441315293312073,Female,0.7336755394935608,Man,99.12217855453491
subject_18_PXL_20220922_183054615.jpg,G:\Thesis\MonkSkinTone_Dataset\Segmented_MSTE\subject_18_PXL_20220922_183054615.jpg,Female,0.7521526217460632,Male,0.9081212878227234,Man,94.68092918395996
subject_18_PXL_20220922_183056227.jpg,G:\Thesis\MonkSkinTone_Dataset\Segmented_MSTE\subject_18_PXL_20220922_183056227.jpg,Female,0.798500657081604,Male,0.7783244848251343,Man,87.52707242965698
subject_18_PXL_20220922_183057897.jpg,G:\Thesis\MonkSkinTone_Dataset\Segmented_MSTE\subject_18_PXL_20220922_183057897.jpg,Female,0.9212708473205566,Female,0.5093730688095093,Man,88.5481595993042
subject_18_PXL_20220922_183059733.jpg,G:\Thesis\MonkSkinTone_Dataset\Segmented_MSTE\subject_18_PXL_20220922_183059733.jpg,Female,0.9493179321289062,Female,0.6685618758201599,Man,98.0322539806366
subject_18_PXL_20220922_183125041.jpg,G:\Thesis\MonkSkinTone_Dataset\Segmented_MSTE\subject_18_PXL_20220922_183125041.jpg,Male,0.6714900135993958,Male,0.7538268566131592,Man,86.76995635032654
subject_18_PXL_20220922_183126312.jpg,G:\Thesis\MonkSkinTone_Dataset\Segmented_MSTE\subject_18_PXL_20220922_183126312.jpg,Female,0.8491106033325195,Male,0.6390537023544312,Man,99.08233880996704
subject_18_PXL_20220922_183127653.jpg,G:\Thesis\MonkSkinTone_Dataset\Segmented_MSTE\subject_18_PXL_20220922_183127653.jpg,Female,0.7709105610847473,Male,0.7421197295188904,Woman,56.04294538497925
subject_18_PXL_20220922_183129130.jpg,G:\Thesis\MonkSkinTone_Dataset\Segmented_MSTE\subject_18_PXL_20220922_183129130.jpg,Female,0.9535399079322815,Male,0.7133601903915405,Man,63.63523006439209
subject_18_PXL_20220922_183130795.jpg,G:\Thesis\MonkSkinTone_Dataset\Segmented_MSTE\subject_18_PXL_20220922_183130795.jpg,Female,0.977968156337738,Male,0.5643812417984009,Man,76.72438621520996
subject_18_PXL_20220922_183136584.jpg,G:\Thesis\MonkSkinTone_Dataset\Segmented_MSTE\subject_18_PXL_20220922_183136584.jpg,Male,0.8604709506034851,Female,0.5492661595344543,Man,53.78789305686951
subject_18_PXL_20220922_183138108.jpg,G:\Thesis\MonkSkinTone_Dataset\Segmented_MSTE\subject_18_PXL_20220922_183138108.jpg,Female,0.7991096377372742,Male,0.7929456830024719,Man,95.20366191864014
subject_18_PXL_20220922_183139502.jpg,G:\Thesis\MonkSkinTone_Dataset\Segmented_MSTE\subject_18_PXL_20220922_183139502.jpg,Female,0.9688040614128113,Male,0.7063498497009277,Man,58.40866565704346
subject_18_PXL_20220922_183140964.jpg,G:\Thesis\MonkSkinTone_Dataset\Segmented_MSTE\subject_18_PXL_20220922_183140964.jpg,Female,0.9179997444152832,Female,0.5556376576423645,Woman,79.6754002571106
subject_18_PXL_20220922_183142438.jpg,G:\Thesis\MonkSkinTone_Dataset\Segmented_MSTE\subject_18_PXL_20220922_183142438.jpg,Female,0.9704371094703674,Male,0.6433067321777344,Woman,51.458775997161865
subject_18_PXL_20220922_183301497.jpg,G:\Thesis\MonkSkinTone_Dataset\Segmented_MSTE\subject_18_PXL_20220922_183301497.jpg,Male,0.9274379014968872,Male,0.8974699974060059,Man,97.18590378761292
subject_18_PXL_20220922_183302961.jpg,G:\Thesis\MonkSkinTone_Dataset\Segmented_MSTE\subject_18_PXL_20220922_183302961.jpg,Male,0.7066243290901184,Male,0.8403777480125427,Man,97.9077160358429
subject_18_PXL_20220922_183304378.jpg,G:\Thesis\MonkSkinTone_Dataset\Segmented_MSTE\subject_18_PXL_20220922_183304378.jpg,Female,0.7336070537567139,Male,0.8765449523925781,Man,97.67462015151978
subject_18_PXL_20220922_183305849.jpg,G:\Thesis\MonkSkinTone_Dataset\Segmented_MSTE\subject_18_PXL_20220922_183305849.jpg,Female,0.8761640787124634,Male,0.7806193828582764,Man,94.11551356315613
subject_18_PXL_20220922_183315539.jpg,G:\Thesis\MonkSkinTone_Dataset\Segmented_MSTE\subject_18_PXL_20220922_183315539.jpg,Female,0.7411620616912842,Male,0.7488694787025452,Man,97.37417697906494
subject_18_PXL_20220922_183317218.jpg,G:\Thesis\MonkSkinTone_Dataset\Segmented_MSTE\subject_18_PXL_20220922_183317218.jpg,Female,0.9654563665390015,Male,0.807874858379364,Man,99.22285676002502
subject_18_PXL_20220922_183318443.jpg,G:\Thesis\MonkSkinTone_Dataset\Segmented_MSTE\subject_18_PXL_20220922_183318443.jpg,Female,0.9668025374412537,Male,0.856372058391571,Man,98.07485342025757
subject_18_PXL_20220922_183319912.jpg,G:\Thesis\MonkSkinTone_Dataset\Segmented_MSTE\subject_18_PXL_20220922_183319912.jpg,Female,0.7192869186401367,Male,0.7251871228218079,Man,98.9270567893982
subject_18_PXL_20220922_183321028.jpg,G:\Thesis\MonkSkinTone_Dataset\Segmented_MSTE\subject_18_PXL_20220922_183321028.jpg,Female,0.90609210729599,Male,0.7163053154945374,Man,96.03323936462402
subject_18_PXL_20220922_183322816.jpg,G:\Thesis\MonkSkinTone_Dataset\Segmented_MSTE\subject_18_PXL_20220922_183322816.jpg,Female,0.8853437304496765,Male,0.833955705165863,Man,99.76769089698792
subject_18_PXL_20220922_183448133.jpg,G:\Thesis\MonkSkinTone_Dataset\Segmented_MSTE\subject_18_PXL_20220922_183448133.jpg,Male,0.8319492340087891,Male,0.7008348107337952,Man,89.8050606250763
subject_18_PXL_20220922_183449581.jpg,G:\Thesis\MonkSkinTone_Dataset\Segmented_MSTE\subject_18_PXL_20220922_183449581.jpg,Male,0.5414806604385376,Male,0.6535871624946594,Woman,71.22775316238403
subject_18_PXL_20220922_183450974.jpg,G:\Thesis\MonkSkinTone_Dataset\Segmented_MSTE\subject_18_PXL_20220922_183450974.jpg,Female,0.823981761932373,Male,0.7687804698944092,Man,94.1024661064148
subject_18_PXL_20220922_183453555.jpg,G:\Thesis\MonkSkinTone_Dataset\Segmented_MSTE\subject_18_PXL_20220922_183453555.jpg,Female,0.9502077698707581,Male,0.5692670941352844,Man,91.9080138206482
subject_18_PXL_20220922_183456183.jpg,G:\Thesis\MonkSkinTone_Dataset\Segmented_MSTE\subject_18_PXL_20220922_183456183.jpg,Male,0.8131914138793945,Female,0.5070058703422546,Man,96.68533205986023
subject_18_PXL_20220922_183457367.jpg,G:\Thesis\MonkSkinTone_Dataset\Segmented_MSTE\subject_18_PXL_20220922_183457367.jpg,Male,0.5827515125274658,Male,0.7349066138267517,Man,96.72566652297974
subject_18_PXL_20220922_183458519.jpg,G:\Thesis\MonkSkinTone_Dataset\Segmented_MSTE\subject_18_PXL_20220922_183458519.jpg,Female,0.6157869696617126,Male,0.5169228911399841,Man,67.25950837135315
subject_18_PXL_20220922_183500918.jpg,G:\Thesis\MonkSkinTone_Dataset\Segmented_MSTE\subject_18_PXL_20220922_183500918.jpg,Female,0.8339728713035583,Male,0.6775796413421631,Man,90.8435583114624
subject_18_PXL_20220922_183506625.jpg,G:\Thesis\MonkSkinTone_Dataset\Segmented_MSTE\subject_18_PXL_20220922_183506625.jpg,Male,0.9470831155776978,Male,0.6253631711006165,Man,91.8622612953186
subject_18_PXL_20220922_183507645.jpg,G:\Thesis\MonkSkinTone_Dataset\Segmented_MSTE\subject_18_PXL_20220922_183507645.jpg,Male,0.5234026312828064,Male,0.7629321217536926,Man,86.64726614952087
subject_18_PXL_20220922_183508755.jpg,G:\Thesis\MonkSkinTone_Dataset\Segmented_MSTE\subject_18_PXL_20220922_183508755.jpg,Female,0.9269722700119019,Male,0.614171028137207,Man,89.7667944431305
subject_18_PXL_20220922_183511299.jpg,G:\Thesis\MonkSkinTone_Dataset\Segmented_MSTE\subject_18_PXL_20220922_183511299.jpg,Female,0.9725339412689209,Male,0.6327555179595947,Man,86.4163875579834
subject_18_PXL_20220922_183517768.jpg,G:\Thesis\MonkSkinTone_Dataset\Segmented_MSTE\subject_18_PXL_20220922_183517768.jpg,Female,0.6886104941368103,Male,0.6315189599990845,Man,94.46991086006165
subject_18_PXL_20220922_183518814.jpg,G:\Thesis\MonkSkinTone_Dataset\Segmented_MSTE\subject_18_PXL_20220922_183518814.jpg,Male,0.7108070850372314,Male,0.739403486251831,Man,97.25846648216248
subject_18_PXL_20220922_183519975.jpg,G:\Thesis\MonkSkinTone_Dataset\Segmented_MSTE\subject_18_PXL_20220922_183519975.jpg,Male,0.8204461336135864,Male,0.6762251853942871,Man,88.7405514717102
subject_18_PXL_20220922_183521096.jpg,G:\Thesis\MonkSkinTone_Dataset\Segmented_MSTE\subject_18_PXL_20220922_183521096.jpg,Female,0.8435027003288269,Male,0.6295425295829773,Man,94.72893476486206
subject_18_PXL_20220922_183523486.jpg,G:\Thesis\MonkSkinTone_Dataset\Segmented_MSTE\subject_18_PXL_20220922_183523486.jpg,Female,0.9724293351173401,Male,0.6167619228363037,Man,89.9737000465393
subject_18_PXL_20220922_183530266.jpg,G:\Thesis\MonkSkinTone_Dataset\Segmented_MSTE\subject_18_PXL_20220922_183530266.jpg,Male,0.8905755281448364,Male,0.5801679491996765,Man,67.42790937423706
subject_18_PXL_20220922_183609632.PORTRAIT.jpg,G:\Thesis\MonkSkinTone_Dataset\Segmented_MSTE\subject_18_PXL_20220922_183609632.PORTRAIT.jpg,Male,0.8205570578575134,Male,0.7493422627449036,Man,96.97545766830444
subject_18_PXL_20220922_183613264.PORTRAIT.jpg,G:\Thesis\MonkSkinTone_Dataset\Segmented_MSTE\subject_18_PXL_20220922_183613264.PORTRAIT.jpg,Male,0.6616544127464294,Male,0.8272112011909485,Man,92.04370975494385
subject_18_PXL_20220922_183614881.PORTRAIT.jpg,G:\Thesis\MonkSkinTone_Dataset\Segmented_MSTE\subject_18_PXL_20220922_183614881.PORTRAIT.jpg,Male,0.8540982604026794,Male,0.9273824095726013,Man,71.32004499435425
subject_18_PXL_20220922_183616200.PORTRAIT.jpg,G:\Thesis\MonkSkinTone_Dataset\Segmented_MSTE\subject_18_PXL_20220922_183616200.PORTRAIT.jpg,Male,0.5642114877700806,Male,0.8708798289299011,Man,94.15063858032227
subject_18_PXL_20220922_183617300.PORTRAIT.jpg,G:\Thesis\MonkSkinTone_Dataset\Segmented_MSTE\subject_18_PXL_20220922_183617300.PORTRAIT.jpg,Female,0.9292746782302856,Male,0.5165715217590332,Man,92.89763569831848
subject_18_PXL_20220922_183620053.PORTRAIT.jpg,G:\Thesis\MonkSkinTone_Dataset\Segmented_MSTE\subject_18_PXL_20220922_183620053.PORTRAIT.jpg,Male,0.9459093809127808,Male,0.7298281788825989,Man,91.23659133911133
subject_18_PXL_20220922_183621991.PORTRAIT.jpg,G:\Thesis\MonkSkinTone_Dataset\Segmented_MSTE\subject_18_PXL_20220922_183621991.PORTRAIT.jpg,Male,0.7612107396125793,Male,0.8745678067207336,Man,88.25030326843262
subject_18_PXL_20220922_183627117.PORTRAIT.jpg,G:\Thesis\MonkSkinTone_Dataset\Segmented_MSTE\subject_18_PXL_20220922_183627117.PORTRAIT.jpg,Female,0.851853609085083,Male,0.5463349223136902,Man,75.1788318157196
subject_18_PXL_20220922_183634690.PORTRAIT.jpg,G:\Thesis\MonkSkinTone_Dataset\Segmented_MSTE\subject_18_PXL_20220922_183634690.PORTRAIT.jpg,Female,0.9347928762435913,Male,0.7439818382263184,Man,81.6471517086029
subject_18_PXL_20220922_183636542.PORTRAIT.jpg,G:\Thesis\MonkSkinTone_Dataset\Segmented_MSTE\subject_18_PXL_20220922_183636542.PORTRAIT.jpg,Male,0.5074142217636108,Male,0.8380709886550903,Man,84.7536027431488
subject_18_PXL_20220922_183638393.PORTRAIT.jpg,G:\Thesis\MonkSkinTone_Dataset\Segmented_MSTE\subject_18_PXL_20220922_183638393.PORTRAIT.jpg,Female,0.9112301468849182,Male,0.8771340847015381,Man,89.18042778968811
subject_18_PXL_20220922_183639710.PORTRAIT.jpg,G:\Thesis\MonkSkinTone_Dataset\Segmented_MSTE\subject_18_PXL_20220922_183639710.PORTRAIT.jpg,Male,0.8906161189079285,Male,0.6190017461776733,Man,77.86554098129272
subject_18_PXL_20220922_183640936.PORTRAIT.jpg,G:\Thesis\MonkSkinTone_Dataset\Segmented_MSTE\subject_18_PXL_20220922_183640936.PORTRAIT.jpg,Female,0.9732651114463806,Male,0.6726513504981995,Man,64.64453935623169
subject_1_PXL_20220922_173952716.jpg,G:\Thesis\MonkSkinTone_Dataset\Segmented_MSTE\subject_1_PXL_20220922_173952716.jpg,Female,0.8363006114959717,Female,0.8238765597343445,Woman,99.3713915348053
subject_1_PXL_20220922_174003968.jpg,G:\Thesis\MonkSkinTone_Dataset\Segmented_MSTE\subject_1_PXL_20220922_174003968.jpg,Female,0.8785523772239685,Female,0.8956258296966553,Man,81.77955150604248
subject_1_PXL_20220922_174005827.jpg,G:\Thesis\MonkSkinTone_Dataset\Segmented_MSTE\subject_1_PXL_20220922_174005827.jpg,Male,0.7150975465774536,Female,0.8618687391281128,Man,87.02403903007507
subject_1_PXL_20220922_174007933.jpg,G:\Thesis\MonkSkinTone_Dataset\Segmented_MSTE\subject_1_PXL_20220922_174007933.jpg,Female,0.9734010696411133,Female,0.5995636582374573,Man,90.48817157745361
subject_1_PXL_20220922_174009443.jpg,G:\Thesis\MonkSkinTone_Dataset\Segmented_MSTE\subject_1_PXL_20220922_174009443.jpg,Female,0.9721118807792664,Male,0.7229929566383362,Woman,93.80290508270264
subject_1_PXL_20220922_174011830.jpg,G:\Thesis\MonkSkinTone_Dataset\Segmented_MSTE\subject_1_PXL_20220922_174011830.jpg,Female,0.7236682772636414,Female,0.654336154460907,Man,85.31392812728882
subject_1_PXL_20220922_174015452.jpg,G:\Thesis\MonkSkinTone_Dataset\Segmented_MSTE\subject_1_PXL_20220922_174015452.jpg,Female,0.8268513083457947,Female,0.7653542160987854,Man,92.54738688468933
subject_1_PXL_20220922_174017237.jpg,G:\Thesis\MonkSkinTone_Dataset\Segmented_MSTE\subject_1_PXL_20220922_174017237.jpg,Female,0.9597303867340088,Female,0.89144366979599,Man,92.79723167419434
subject_1_PXL_20220922_174018423.jpg,G:\Thesis\MonkSkinTone_Dataset\Segmented_MSTE\subject_1_PXL_20220922_174018423.jpg,Female,0.9822893738746643,Female,0.8991183638572693,Man,85.30446887016296
subject_1_PXL_20220922_174030115.jpg,G:\Thesis\MonkSkinTone_Dataset\Segmented_MSTE\subject_1_PXL_20220922_174030115.jpg,Female,0.9109349846839905,Male,0.6349045634269714,Man,71.02439999580383
subject_1_PXL_20220922_174031644.jpg,G:\Thesis\MonkSkinTone_Dataset\Segmented_MSTE\subject_1_PXL_20220922_174031644.jpg,Female,0.9731210470199585,Female,0.8933760523796082,Man,86.45612597465515
subject_1_PXL_20220922_174033018.jpg,G:\Thesis\MonkSkinTone_Dataset\Segmented_MSTE\subject_1_PXL_20220922_174033018.jpg,Female,0.803289532661438,Female,0.7592170238494873,Man,78.41287851333618
subject_1_PXL_20220922_174034517.jpg,G:\Thesis\MonkSkinTone_Dataset\Segmented_MSTE\subject_1_PXL_20220922_174034517.jpg,Female,0.9516814947128296,Female,0.8573034405708313,Man,96.51435613632202
subject_1_PXL_20220922_174035795.jpg,G:\Thesis\MonkSkinTone_Dataset\Segmented_MSTE\subject_1_PXL_20220922_174035795.jpg,Female,0.9640041589736938,Female,0.8334829807281494,Woman,85.63276529312134
subject_1_PXL_20220922_174104129.jpg,G:\Thesis\MonkSkinTone_Dataset\Segmented_MSTE\subject_1_PXL_20220922_174104129.jpg,Female,0.5705224275588989,Male,0.6023001074790955,Woman,99.72061514854431
subject_1_PXL_20220922_174105914.jpg,G:\Thesis\MonkSkinTone_Dataset\Segmented_MSTE\subject_1_PXL_20220922_174105914.jpg,Female,0.7631267309188843,Female,0.6530445218086243,Man,78.58607172966003
subject_1_PXL_20220922_174108549.jpg,G:\Thesis\MonkSkinTone_Dataset\Segmented_MSTE\subject_1_PXL_20220922_174108549.jpg,Male,0.8075302243232727,Female,0.6867083311080933,Man,87.83606886863708
subject_1_PXL_20220922_174111438.jpg,G:\Thesis\MonkSkinTone_Dataset\Segmented_MSTE\subject_1_PXL_20220922_174111438.jpg,Female,0.8286307454109192,Female,0.5398377776145935,Man,92.36746430397034
subject_1_PXL_20220922_174114139.jpg,G:\Thesis\MonkSkinTone_Dataset\Segmented_MSTE\subject_1_PXL_20220922_174114139.jpg,Female,0.8616746068000793,Female,0.7822033166885376,Woman,98.62675666809082
subject_1_PXL_20220922_174122571.jpg,G:\Thesis\MonkSkinTone_Dataset\Segmented_MSTE\subject_1_PXL_20220922_174122571.jpg,Female,0.8851543068885803,Female,0.6747608184814453,Woman,79.24003005027771
subject_1_PXL_20220922_174124412.jpg,G:\Thesis\MonkSkinTone_Dataset\Segmented_MSTE\subject_1_PXL_20220922_174124412.jpg,Female,0.9549152851104736,Female,0.916627049446106,Woman,95.8436131477356
subject_1_PXL_20220922_174126716.jpg,G:\Thesis\MonkSkinTone_Dataset\Segmented_MSTE\subject_1_PXL_20220922_174126716.jpg,Male,0.7028765678405762,Female,0.8312538266181946,Man,86.00659966468811
subject_1_PXL_20220922_174128782.jpg,G:\Thesis\MonkSkinTone_Dataset\Segmented_MSTE\subject_1_PXL_20220922_174128782.jpg,Female,0.8524320125579834,Female,0.7570720314979553,Man,58.45392346382141
subject_1_PXL_20220922_174131827.jpg,G:\Thesis\MonkSkinTone_Dataset\Segmented_MSTE\subject_1_PXL_20220922_174131827.jpg,Female,0.8628919720649719,Female,0.7532396912574768,Woman,93.49083304405212
subject_1_PXL_20220922_174144689.jpg,G:\Thesis\MonkSkinTone_Dataset\Segmented_MSTE\subject_1_PXL_20220922_174144689.jpg,Female,0.9799839854240417,Female,0.7423653602600098,Man,92.65366196632385
subject_1_PXL_20220922_174151131.jpg,G:\Thesis\MonkSkinTone_Dataset\Segmented_MSTE\subject_1_PXL_20220922_174151131.jpg,Female,0.9524831771850586,Female,0.6304413080215454,Man,57.44614601135254
subject_1_PXL_20220922_174152791.jpg,G:\Thesis\MonkSkinTone_Dataset\Segmented_MSTE\subject_1_PXL_20220922_174152791.jpg,Female,0.9391401410102844,Female,0.7929558753967285,Man,95.0033187866211
subject_1_PXL_20220922_174221777.jpg,G:\Thesis\MonkSkinTone_Dataset\Segmented_MSTE\subject_1_PXL_20220922_174221777.jpg,Female,0.7893542647361755,Female,0.6015257239341736,Man,87.34955191612244
subject_1_PXL_20220922_174223425.jpg,G:\Thesis\MonkSkinTone_Dataset\Segmented_MSTE\subject_1_PXL_20220922_174223425.jpg,Female,0.5081111192703247,Female,0.801655650138855,Man,99.11062121391296
subject_1_PXL_20220922_174225452.jpg,G:\Thesis\MonkSkinTone_Dataset\Segmented_MSTE\subject_1_PXL_20220922_174225452.jpg,Male,0.8814159035682678,Female,0.7301031947135925,Man,91.41904711723328
subject_1_PXL_20220922_174227786.jpg,G:\Thesis\MonkSkinTone_Dataset\Segmented_MSTE\subject_1_PXL_20220922_174227786.jpg,Female,0.9596977829933167,Female,0.5358777642250061,Man,94.77548003196716
subject_1_PXL_20220922_174231078.jpg,G:\Thesis\MonkSkinTone_Dataset\Segmented_MSTE\subject_1_PXL_20220922_174231078.jpg,Male,0.8360286951065063,Female,0.9393916726112366,Woman,86.09252572059631
subject_1_PXL_20220922_174358684.jpg,G:\Thesis\MonkSkinTone_Dataset\Segmented_MSTE\subject_1_PXL_20220922_174358684.jpg,Female,0.9736749529838562,Female,0.8706703782081604,Man,69.37388777732849
subject_1_PXL_20220922_174400298.jpg,G:\Thesis\MonkSkinTone_Dataset\Segmented_MSTE\subject_1_PXL_20220922_174400298.jpg,Female,0.9742323160171509,Female,0.8541010618209839,Woman,54.70094680786133
subject_1_PXL_20220922_174404885.jpg,G:\Thesis\MonkSkinTone_Dataset\Segmented_MSTE\subject_1_PXL_20220922_174404885.jpg,Female,0.9492659568786621,Female,0.8182342648506165,Man,91.44578576087952
subject_1_PXL_20220922_174406287.jpg,G:\Thesis\MonkSkinTone_Dataset\Segmented_MSTE\subject_1_PXL_20220922_174406287.jpg,Female,0.9819783568382263,Female,0.9875122904777527,Man,61.82307004928589
subject_1_PXL_20220922_174431750.jpg,G:\Thesis\MonkSkinTone_Dataset\Segmented_MSTE\subject_1_PXL_20220922_174431750.jpg,Female,0.974428653717041,Female,0.8522980213165283,Man,59.799498319625854
subject_1_PXL_20220922_174435060.jpg,G:\Thesis\MonkSkinTone_Dataset\Segmented_MSTE\subject_1_PXL_20220922_174435060.jpg,Female,0.9315890073776245,Female,0.7850793600082397,Man,77.108234167099
subject_1_PXL_20220922_174436310.jpg,G:\Thesis\MonkSkinTone_Dataset\Segmented_MSTE\subject_1_PXL_20220922_174436310.jpg,Female,0.9713049530982971,Female,0.9718703031539917,Man,78.36862206459045
subject_1_PXL_20220922_174437829.jpg,G:\Thesis\MonkSkinTone_Dataset\Segmented_MSTE\subject_1_PXL_20220922_174437829.jpg,Female,0.9705623388290405,Female,0.9488338828086853,Man,64.9985134601593
subject_1_PXL_20220922_174440762.jpg,G:\Thesis\MonkSkinTone_Dataset\Segmented_MSTE\subject_1_PXL_20220922_174440762.jpg,Female,0.7736855149269104,Female,0.9291190505027771,Man,71.1870789527893
subject_1_PXL_20220922_174442428.jpg,G:\Thesis\MonkSkinTone_Dataset\Segmented_MSTE\subject_1_PXL_20220922_174442428.jpg,Female,0.9724316596984863,Female,0.9678942561149597,Woman,80.56535124778748
subject_1_PXL_20220922_174443563.jpg,G:\Thesis\MonkSkinTone_Dataset\Segmented_MSTE\subject_1_PXL_20220922_174443563.jpg,Female,0.8716320991516113,Female,0.8242924809455872,Man,77.54687070846558
subject_1_PXL_20220922_174444745.jpg,G:\Thesis\MonkSkinTone_Dataset\Segmented_MSTE\subject_1_PXL_20220922_174444745.jpg,Male,0.7834705114364624,Female,0.8284705281257629,Man,53.29329967498779
subject_1_PXL_20220922_174445779.jpg,G:\Thesis\MonkSkinTone_Dataset\Segmented_MSTE\subject_1_PXL_20220922_174445779.jpg,Female,0.9825690984725952,Female,0.9513769149780273,Woman,50.36301016807556
subject_1_PXL_20220922_174516272.jpg,G:\Thesis\MonkSkinTone_Dataset\Segmented_MSTE\subject_1_PXL_20220922_174516272.jpg,Female,0.9817649126052856,Female,0.9825282692909241,Man,71.2528645992279
subject_1_PXL_20220922_174517683.jpg,G:\Thesis\MonkSkinTone_Dataset\Segmented_MSTE\subject_1_PXL_20220922_174517683.jpg,Female,0.9524843692779541,Female,0.9846156239509583,Woman,65.5358076095581
subject_1_PXL_20220922_174519156.jpg,G:\Thesis\MonkSkinTone_Dataset\Segmented_MSTE\subject_1_PXL_20220922_174519156.jpg,Female,0.9057407975196838,Female,0.8536446690559387,Man,76.54799222946167
subject_1_PXL_20220922_174521457.jpg,G:\Thesis\MonkSkinTone_Dataset\Segmented_MSTE\subject_1_PXL_20220922_174521457.jpg,Female,0.9608060121536255,Female,0.9705522060394287,Man,88.0265474319458
subject_1_PXL_20220922_174523104.jpg,G:\Thesis\MonkSkinTone_Dataset\Segmented_MSTE\subject_1_PXL_20220922_174523104.jpg,Female,0.9760020971298218,Female,0.933472752571106,Man,72.22009301185608
subject_1_PXL_20220922_174535556.jpg,G:\Thesis\MonkSkinTone_Dataset\Segmented_MSTE\subject_1_PXL_20220922_174535556.jpg,Female,0.9720802307128906,Female,0.9973835349082947,Man,50.687986612319946
subject_1_PXL_20220922_174537206.jpg,G:\Thesis\MonkSkinTone_Dataset\Segmented_MSTE\subject_1_PXL_20220922_174537206.jpg,Female,0.9614896774291992,Female,0.9810458421707153,Man,57.24146366119385
subject_1_PXL_20220922_174538656.jpg,G:\Thesis\MonkSkinTone_Dataset\Segmented_MSTE\subject_1_PXL_20220922_174538656.jpg,Female,0.8278279304504395,Female,0.749175488948822,Woman,98.0231761932373
subject_1_PXL_20220922_174540218.jpg,G:\Thesis\MonkSkinTone_Dataset\Segmented_MSTE\subject_1_PXL_20220922_174540218.jpg,Female,0.9791937470436096,Female,0.9674797058105469,Man,75.37740468978882
subject_1_PXL_20220922_174547563.jpg,G:\Thesis\MonkSkinTone_Dataset\Segmented_MSTE\subject_1_PXL_20220922_174547563.jpg,Female,0.5749334096908569,Female,0.9432560205459595,Man,68.13446283340454
subject_1_PXL_20220922_174550351.jpg,G:\Thesis\MonkSkinTone_Dataset\Segmented_MSTE\subject_1_PXL_20220922_174550351.jpg,Female,0.688593327999115,Female,0.9554693102836609,Man,61.070168018341064
subject_1_PXL_20220922_174551650.jpg,G:\Thesis\MonkSkinTone_Dataset\Segmented_MSTE\subject_1_PXL_20220922_174551650.jpg,Male,0.7706133127212524,Female,0.6088129281997681,Man,82.12875723838806
subject_1_PXL_20220922_174552943.jpg,G:\Thesis\MonkSkinTone_Dataset\Segmented_MSTE\subject_1_PXL_20220922_174552943.jpg,Female,0.9724140763282776,Female,0.8168190121650696,Man,73.76447916030884
subject_1_PXL_20220922_174606457.jpg,G:\Thesis\MonkSkinTone_Dataset\Segmented_MSTE\subject_1_PXL_20220922_174606457.jpg,Female,0.5770484805107117,Female,0.6931616067886353,Man,66.04456901550293
subject_2_PXL_20220922_173251686.jpg,G:\Thesis\MonkSkinTone_Dataset\Segmented_MSTE\subject_2_PXL_20220922_173251686.jpg,Male,0.6313621997833252,Female,0.6575062274932861,Man,98.77025485038757
subject_2_PXL_20220922_173301206.jpg,G:\Thesis\MonkSkinTone_Dataset\Segmented_MSTE\subject_2_PXL_20220922_173301206.jpg,Female,0.8981127142906189,Female,0.9035922288894653,Man,98.35672378540039
subject_2_PXL_20220922_173304772.jpg,G:\Thesis\MonkSkinTone_Dataset\Segmented_MSTE\subject_2_PXL_20220922_173304772.jpg,Female,0.7449972033500671,Female,0.6996305584907532,Man,91.37120842933655
subject_2_PXL_20220922_173309332.jpg,G:\Thesis\MonkSkinTone_Dataset\Segmented_MSTE\subject_2_PXL_20220922_173309332.jpg,Female,0.934504508972168,Female,0.9534862637519836,Man,99.05320405960083
subject_2_PXL_20220922_173313145.jpg,G:\Thesis\MonkSkinTone_Dataset\Segmented_MSTE\subject_2_PXL_20220922_173313145.jpg,Male,0.6073116660118103,Female,0.517511785030365,Man,93.90150308609009
subject_2_PXL_20220922_173319356.jpg,G:\Thesis\MonkSkinTone_Dataset\Segmented_MSTE\subject_2_PXL_20220922_173319356.jpg,Female,0.5658038258552551,Female,0.810093104839325,Man,98.96522164344788
subject_2_PXL_20220922_173323265.jpg,G:\Thesis\MonkSkinTone_Dataset\Segmented_MSTE\subject_2_PXL_20220922_173323265.jpg,Female,0.9078637957572937,Male,0.5570583343505859,Man,98.73031973838806
subject_2_PXL_20220922_173327539.jpg,G:\Thesis\MonkSkinTone_Dataset\Segmented_MSTE\subject_2_PXL_20220922_173327539.jpg,Female,0.5732597708702087,Male,0.6631430387496948,Man,64.58117961883545
subject_2_PXL_20220922_173332744.jpg,G:\Thesis\MonkSkinTone_Dataset\Segmented_MSTE\subject_2_PXL_20220922_173332744.jpg,Female,0.7833922505378723,Female,0.7274947166442871,Man,99.15226697921753
subject_2_PXL_20220922_173337082.jpg,G:\Thesis\MonkSkinTone_Dataset\Segmented_MSTE\subject_2_PXL_20220922_173337082.jpg,Female,0.6615179181098938,Male,0.61208575963974,Man,98.64545464515686
subject_2_PXL_20220922_173350162.jpg,G:\Thesis\MonkSkinTone_Dataset\Segmented_MSTE\subject_2_PXL_20220922_173350162.jpg,Male,0.9456830620765686,Male,0.823523759841919,Man,99.67978596687317
subject_2_PXL_20220922_173353508.jpg,G:\Thesis\MonkSkinTone_Dataset\Segmented_MSTE\subject_2_PXL_20220922_173353508.jpg,Female,0.806812047958374,Male,0.7312623858451843,Man,99.6544897556305
subject_2_PXL_20220922_173357738.jpg,G:\Thesis\MonkSkinTone_Dataset\Segmented_MSTE\subject_2_PXL_20220922_173357738.jpg,Male,0.7371776103973389,Male,0.9392212629318237,Man,95.41873931884766
subject_2_PXL_20220922_173401146.jpg,G:\Thesis\MonkSkinTone_Dataset\Segmented_MSTE\subject_2_PXL_20220922_173401146.jpg,Male,0.9315944314002991,Male,0.6030139327049255,Man,99.26142692565918
subject_2_PXL_20220922_173405212.jpg,G:\Thesis\MonkSkinTone_Dataset\Segmented_MSTE\subject_2_PXL_20220922_173405212.jpg,Male,0.7964056134223938,Male,0.7492091059684753,Man,99.48760867118835
subject_2_PXL_20220922_173411408.jpg,G:\Thesis\MonkSkinTone_Dataset\Segmented_MSTE\subject_2_PXL_20220922_173411408.jpg,Female,0.676280677318573,Female,0.8785267472267151,Man,97.88197875022888
subject_2_PXL_20220922_173413565.jpg,G:\Thesis\MonkSkinTone_Dataset\Segmented_MSTE\subject_2_PXL_20220922_173413565.jpg,Male,0.7504168152809143,Male,0.6082459092140198,Man,96.49677276611328
subject_2_PXL_20220922_173415758.jpg,G:\Thesis\MonkSkinTone_Dataset\Segmented_MSTE\subject_2_PXL_20220922_173415758.jpg,Male,0.8664190173149109,Male,0.7131085395812988,Man,89.68152403831482
subject_2_PXL_20220922_173418250.jpg,G:\Thesis\MonkSkinTone_Dataset\Segmented_MSTE\subject_2_PXL_20220922_173418250.jpg,Male,0.5801526308059692,Male,0.5122034549713135,Man,83.1744372844696
subject_2_PXL_20220922_173421045.jpg,G:\Thesis\MonkSkinTone_Dataset\Segmented_MSTE\subject_2_PXL_20220922_173421045.jpg,Female,0.9418756365776062,Female,0.7266786098480225,Man,97.08698987960815
subject_2_PXL_20220922_173448953.jpg,G:\Thesis\MonkSkinTone_Dataset\Segmented_MSTE\subject_2_PXL_20220922_173448953.jpg,Male,0.6374390721321106,Male,0.7067031860351562,Man,98.79721999168396
subject_2_PXL_20220922_173450800.jpg,G:\Thesis\MonkSkinTone_Dataset\Segmented_MSTE\subject_2_PXL_20220922_173450800.jpg,Female,0.8618220686912537,Female,0.6151127815246582,Man,99.31886196136475
subject_2_PXL_20220922_173452401.jpg,G:\Thesis\MonkSkinTone_Dataset\Segmented_MSTE\subject_2_PXL_20220922_173452401.jpg,Female,0.782393217086792,Male,0.6959581971168518,Man,99.69581365585327
subject_2_PXL_20220922_173454727.jpg,G:\Thesis\MonkSkinTone_Dataset\Segmented_MSTE\subject_2_PXL_20220922_173454727.jpg,Male,0.9216092228889465,Male,0.6840643286705017,Man,98.86788725852966
subject_2_PXL_20220922_173456436.jpg,G:\Thesis\MonkSkinTone_Dataset\Segmented_MSTE\subject_2_PXL_20220922_173456436.jpg,Female,0.5002353191375732,Male,0.58582603931427,Man,98.24321866035461
subject_2_PXL_20220922_173459363.jpg,G:\Thesis\MonkSkinTone_Dataset\Segmented_MSTE\subject_2_PXL_20220922_173459363.jpg,Male,0.7877951860427856,Female,0.60538649559021,Man,97.51567244529724
subject_2_PXL_20220922_173500725.jpg,G:\Thesis\MonkSkinTone_Dataset\Segmented_MSTE\subject_2_PXL_20220922_173500725.jpg,Male,0.9041392207145691,Female,0.5963068008422852,Man,98.83043766021729
subject_2_PXL_20220922_173502282.jpg,G:\Thesis\MonkSkinTone_Dataset\Segmented_MSTE\subject_2_PXL_20220922_173502282.jpg,Male,0.9293426275253296,Male,0.8900039792060852,Woman,67.68931150436401
subject_2_PXL_20220922_173503845.jpg,G:\Thesis\MonkSkinTone_Dataset\Segmented_MSTE\subject_2_PXL_20220922_173503845.jpg,Male,0.8770182132720947,Female,0.5409950017929077,Man,99.12892580032349
subject_2_PXL_20220922_173505354.jpg,G:\Thesis\MonkSkinTone_Dataset\Segmented_MSTE\subject_2_PXL_20220922_173505354.jpg,Female,0.6971471309661865,Female,0.5516672730445862,Man,98.35277795791626
subject_2_PXL_20220922_173507870.jpg,G:\Thesis\MonkSkinTone_Dataset\Segmented_MSTE\subject_2_PXL_20220922_173507870.jpg,Male,0.7893036007881165,Male,0.9215538501739502,Man,99.55525994300842
subject_2_PXL_20220922_173509217.jpg,G:\Thesis\MonkSkinTone_Dataset\Segmented_MSTE\subject_2_PXL_20220922_173509217.jpg,Female,0.5764440298080444,Male,0.8712484836578369,Man,99.61381554603577
subject_2_PXL_20220922_173510821.jpg,G:\Thesis\MonkSkinTone_Dataset\Segmented_MSTE\subject_2_PXL_20220922_173510821.jpg,Male,0.5417912006378174,Male,0.9364603757858276,Man,91.94881319999695
subject_2_PXL_20220922_173512389.jpg,G:\Thesis\MonkSkinTone_Dataset\Segmented_MSTE\subject_2_PXL_20220922_173512389.jpg,Male,0.9259943962097168,Female,0.5854679942131042,Man,89.54309821128845
subject_2_PXL_20220922_173513639.jpg,G:\Thesis\MonkSkinTone_Dataset\Segmented_MSTE\subject_2_PXL_20220922_173513639.jpg,Male,0.6131802201271057,Male,0.8464720249176025,Man,99.55497980117798
subject_2_PXL_20220922_173515925.jpg,G:\Thesis\MonkSkinTone_Dataset\Segmented_MSTE\subject_2_PXL_20220922_173515925.jpg,Male,0.7590689659118652,Male,0.7134630680084229,Man,99.41136240959167
subject_2_PXL_20220922_173517309.jpg,G:\Thesis\MonkSkinTone_Dataset\Segmented_MSTE\subject_2_PXL_20220922_173517309.jpg,Female,0.789379894733429,Male,0.579664945602417,Man,98.32224249839783
subject_2_PXL_20220922_173518745.jpg,G:\Thesis\MonkSkinTone_Dataset\Segmented_MSTE\subject_2_PXL_20220922_173518745.jpg,Male,0.9251761436462402,Male,0.8592128753662109,Man,89.52842354774475
subject_2_PXL_20220922_173520834.jpg,G:\Thesis\MonkSkinTone_Dataset\Segmented_MSTE\subject_2_PXL_20220922_173520834.jpg,Male,0.8896798491477966,Male,0.6503980755805969,Woman,69.59405541419983
subject_2_PXL_20220922_173522398.jpg,G:\Thesis\MonkSkinTone_Dataset\Segmented_MSTE\subject_2_PXL_20220922_173522398.jpg,Male,0.5829610824584961,Female,0.5402361750602722,Man,91.91787242889404
subject_2_PXL_20220922_173547366.jpg,G:\Thesis\MonkSkinTone_Dataset\Segmented_MSTE\subject_2_PXL_20220922_173547366.jpg,Female,0.7202077507972717,Female,0.5700652599334717,Man,59.93995666503906
subject_2_PXL_20220922_173549024.jpg,G:\Thesis\MonkSkinTone_Dataset\Segmented_MSTE\subject_2_PXL_20220922_173549024.jpg,Female,0.9540112018585205,Male,0.557206928730011,Man,74.47223663330078
subject_2_PXL_20220922_173553421.jpg,G:\Thesis\MonkSkinTone_Dataset\Segmented_MSTE\subject_2_PXL_20220922_173553421.jpg,Female,0.9383559823036194,Male,0.5106664896011353,Man,65.17434120178223
subject_2_PXL_20220922_173556673.jpg,G:\Thesis\MonkSkinTone_Dataset\Segmented_MSTE\subject_2_PXL_20220922_173556673.jpg,Female,0.9422386884689331,Male,0.5392425656318665,Man,91.11173152923584
subject_2_PXL_20220922_173601814.jpg,G:\Thesis\MonkSkinTone_Dataset\Segmented_MSTE\subject_2_PXL_20220922_173601814.jpg,Female,0.8694061636924744,Male,0.6093661785125732,Man,69.56250667572021
subject_2_PXL_20220922_173604730.jpg,G:\Thesis\MonkSkinTone_Dataset\Segmented_MSTE\subject_2_PXL_20220922_173604730.jpg,Male,0.8314744830131531,Male,0.7215884327888489,Man,79.29350137710571
subject_2_PXL_20220922_173606365.jpg,G:\Thesis\MonkSkinTone_Dataset\Segmented_MSTE\subject_2_PXL_20220922_173606365.jpg,Female,0.7173722386360168,Female,0.5596032738685608,Man,79.00027632713318
subject_2_PXL_20220922_173611308.jpg,G:\Thesis\MonkSkinTone_Dataset\Segmented_MSTE\subject_2_PXL_20220922_173611308.jpg,Female,0.915762186050415,Female,0.5164321064949036,Man,64.34667110443115
subject_2_PXL_20220922_173717156.jpg,G:\Thesis\MonkSkinTone_Dataset\Segmented_MSTE\subject_2_PXL_20220922_173717156.jpg,Female,0.7335787415504456,Female,0.5933870673179626,Man,66.10889434814453
subject_2_PXL_20220922_173719038.jpg,G:\Thesis\MonkSkinTone_Dataset\Segmented_MSTE\subject_2_PXL_20220922_173719038.jpg,Female,0.9400937557220459,Male,0.8312424421310425,Man,67.11981892585754
subject_2_PXL_20220922_173732143.jpg,G:\Thesis\MonkSkinTone_Dataset\Segmented_MSTE\subject_2_PXL_20220922_173732143.jpg,Female,0.752864420413971,Male,0.6648553013801575,Man,82.91237354278564
subject_2_PXL_20220922_173734627.jpg,G:\Thesis\MonkSkinTone_Dataset\Segmented_MSTE\subject_2_PXL_20220922_173734627.jpg,Male,0.6206621527671814,Female,0.7233244776725769,Man,71.06965184211731
subject_2_PXL_20220922_173736762.jpg,G:\Thesis\MonkSkinTone_Dataset\Segmented_MSTE\subject_2_PXL_20220922_173736762.jpg,Male,0.6721723675727844,Female,0.6970992684364319,Man,65.6207799911499
subject_2_PXL_20220922_173744472.jpg,G:\Thesis\MonkSkinTone_Dataset\Segmented_MSTE\subject_2_PXL_20220922_173744472.jpg,Male,0.956758975982666,Female,0.757164716720581,Man,77.6328444480896
subject_2_PXL_20220922_173747570.jpg,G:\Thesis\MonkSkinTone_Dataset\Segmented_MSTE\subject_2_PXL_20220922_173747570.jpg,Male,0.7105238437652588,Female,0.857939600944519,Man,69.39622759819031
subject_2_PXL_20220922_173748586.jpg,G:\Thesis\MonkSkinTone_Dataset\Segmented_MSTE\subject_2_PXL_20220922_173748586.jpg,Female,0.9361882209777832,Female,0.5741101503372192,Man,81.80868029594421
subject_2_PXL_20220922_173750073.jpg,G:\Thesis\MonkSkinTone_Dataset\Segmented_MSTE\subject_2_PXL_20220922_173750073.jpg,Male,0.8424323797225952,Female,0.765024721622467,Man,81.38918876647949
subject_2_PXL_20220922_173751452.jpg,G:\Thesis\MonkSkinTone_Dataset\Segmented_MSTE\subject_2_PXL_20220922_173751452.jpg,Female,0.7425441741943359,Female,0.8588987588882446,Man,68.72400045394897
subject_2_PXL_20220922_173754215.jpg,G:\Thesis\MonkSkinTone_Dataset\Segmented_MSTE\subject_2_PXL_20220922_173754215.jpg,Male,0.902393639087677,Female,0.7299320101737976,Man,56.61787390708923
subject_2_PXL_20220922_173755660.jpg,G:\Thesis\MonkSkinTone_Dataset\Segmented_MSTE\subject_2_PXL_20220922_173755660.jpg,Female,0.9494538307189941,Male,0.5283345580101013,Man,68.51099133491516
subject_2_PXL_20220922_173757254.jpg,G:\Thesis\MonkSkinTone_Dataset\Segmented_MSTE\subject_2_PXL_20220922_173757254.jpg,Female,0.7455268502235413,Female,0.6327219009399414,Man,72.12990522384644
subject_2_PXL_20220922_173759197.jpg,G:\Thesis\MonkSkinTone_Dataset\Segmented_MSTE\subject_2_PXL_20220922_173759197.jpg,Female,0.8193330764770508,Female,0.9323945045471191,Man,65.18861651420593
subject_2_PXL_20220922_173910224.jpg,G:\Thesis\MonkSkinTone_Dataset\Segmented_MSTE\subject_2_PXL_20220922_173910224.jpg,Male,0.7680314183235168,Female,0.7591944336891174,Man,96.10068798065186
subject_2_PXL_20220922_173912083.jpg,G:\Thesis\MonkSkinTone_Dataset\Segmented_MSTE\subject_2_PXL_20220922_173912083.jpg,Male,0.7998224496841431,Male,0.7794678211212158,Man,90.90589880943298
subject_2_PXL_20220922_173914227.jpg,G:\Thesis\MonkSkinTone_Dataset\Segmented_MSTE\subject_2_PXL_20220922_173914227.jpg,Female,0.6038498878479004,Female,0.5192006826400757,Man,88.66226077079773
subject_2_PXL_20220922_173916878.jpg,G:\Thesis\MonkSkinTone_Dataset\Segmented_MSTE\subject_2_PXL_20220922_173916878.jpg,Male,0.5755281448364258,Male,0.5694509744644165,Man,71.37477397918701
subject_2_PXL_20220922_173918548.jpg,G:\Thesis\MonkSkinTone_Dataset\Segmented_MSTE\subject_2_PXL_20220922_173918548.jpg,Male,0.9646257162094116,Female,0.9506915211677551,Man,85.61092019081116
subject_2_PXL_20220922_173921134.jpg,G:\Thesis\MonkSkinTone_Dataset\Segmented_MSTE\subject_2_PXL_20220922_173921134.jpg,Male,0.7737600207328796,Male,0.801348090171814,Man,93.72740983963013
subject_2_PXL_20220922_173924672.jpg,G:\Thesis\MonkSkinTone_Dataset\Segmented_MSTE\subject_2_PXL_20220922_173924672.jpg,Male,0.8717557787895203,Male,0.73161381483078,Man,76.8328309059143
subject_2_PXL_20220922_173926742.jpg,G:\Thesis\MonkSkinTone_Dataset\Segmented_MSTE\subject_2_PXL_20220922_173926742.jpg,Female,0.8734830617904663,Female,0.6945921182632446,Man,91.49954915046692
subject_2_PXL_20220922_173929968.jpg,G:\Thesis\MonkSkinTone_Dataset\Segmented_MSTE\subject_2_PXL_20220922_173929968.jpg,Male,0.9614678621292114,Male,0.6685540676116943,Man,72.38773703575134
subject_2_PXL_20220922_173932021.jpg,G:\Thesis\MonkSkinTone_Dataset\Segmented_MSTE\subject_2_PXL_20220922_173932021.jpg,Female,0.7926017642021179,Male,0.6901936531066895,Man,75.41177272796631
subject_2_PXL_20220922_173936123.jpg,G:\Thesis\MonkSkinTone_Dataset\Segmented_MSTE\subject_2_PXL_20220922_173936123.jpg,Male,0.5230496525764465,Male,0.7295305132865906,Man,89.57263231277466
subject_3_PXL_20220922_192540568.jpg,G:\Thesis\MonkSkinTone_Dataset\Segmented_MSTE\subject_3_PXL_20220922_192540568.jpg,Male,0.8180270195007324,Male,0.6808813214302063,Man,98.98676872253418
subject_3_PXL_20220922_192543202.jpg,G:\Thesis\MonkSkinTone_Dataset\Segmented_MSTE\subject_3_PXL_20220922_192543202.jpg,Female,0.6337043642997742,Male,0.7091081142425537,Man,99.25405383110046
subject_3_PXL_20220922_192545631.jpg,G:\Thesis\MonkSkinTone_Dataset\Segmented_MSTE\subject_3_PXL_20220922_192545631.jpg,Female,0.7114166021347046,Male,0.8422864079475403,Man,99.06938672065735
subject_3_PXL_20220922_192548334.jpg,G:\Thesis\MonkSkinTone_Dataset\Segmented_MSTE\subject_3_PXL_20220922_192548334.jpg,Female,0.8782761693000793,Male,0.8539521098136902,Man,93.70091557502747
subject_3_PXL_20220922_192550654.jpg,G:\Thesis\MonkSkinTone_Dataset\Segmented_MSTE\subject_3_PXL_20220922_192550654.jpg,Female,0.8806483745574951,Male,0.6928457617759705,Man,99.12954568862915
subject_3_PXL_20220922_192552609.jpg,G:\Thesis\MonkSkinTone_Dataset\Segmented_MSTE\subject_3_PXL_20220922_192552609.jpg,Male,0.5871187448501587,Female,0.7151172161102295,Man,91.66123270988464
subject_3_PXL_20220922_192558186.jpg,G:\Thesis\MonkSkinTone_Dataset\Segmented_MSTE\subject_3_PXL_20220922_192558186.jpg,Female,0.9412363767623901,Male,0.5840258002281189,Man,97.18549847602844
subject_3_PXL_20220922_192608497.jpg,G:\Thesis\MonkSkinTone_Dataset\Segmented_MSTE\subject_3_PXL_20220922_192608497.jpg,Male,0.5989902019500732,Female,0.7529452443122864,Woman,61.87559366226196
subject_3_PXL_20220922_192610554.jpg,G:\Thesis\MonkSkinTone_Dataset\Segmented_MSTE\subject_3_PXL_20220922_192610554.jpg,Female,0.9078736305236816,Female,0.5970532298088074,Woman,80.96776008605957
subject_3_PXL_20220922_192612301.jpg,G:\Thesis\MonkSkinTone_Dataset\Segmented_MSTE\subject_3_PXL_20220922_192612301.jpg,Female,0.9407614469528198,Male,0.5968980193138123,Man,94.34495568275452
subject_3_PXL_20220922_192614146.jpg,G:\Thesis\MonkSkinTone_Dataset\Segmented_MSTE\subject_3_PXL_20220922_192614146.jpg,Female,0.6884852647781372,Female,0.7440942525863647,Man,99.62210655212402
subject_3_PXL_20220922_192615914.jpg,G:\Thesis\MonkSkinTone_Dataset\Segmented_MSTE\subject_3_PXL_20220922_192615914.jpg,Female,0.9556111693382263,Male,0.5034615397453308,Woman,88.04864287376404
subject_3_PXL_20220922_192618611.jpg,G:\Thesis\MonkSkinTone_Dataset\Segmented_MSTE\subject_3_PXL_20220922_192618611.jpg,Female,0.7172157764434814,Female,0.7873780727386475,Woman,78.79932522773743
subject_3_PXL_20220922_192620412.jpg,G:\Thesis\MonkSkinTone_Dataset\Segmented_MSTE\subject_3_PXL_20220922_192620412.jpg,Female,0.8983343243598938,Female,0.8462005853652954,Woman,99.73305463790894
subject_3_PXL_20220922_192622568.jpg,G:\Thesis\MonkSkinTone_Dataset\Segmented_MSTE\subject_3_PXL_20220922_192622568.jpg,Female,0.9536833167076111,Female,0.596153736114502,Woman,98.04112911224365
subject_3_PXL_20220922_192624406.jpg,G:\Thesis\MonkSkinTone_Dataset\Segmented_MSTE\subject_3_PXL_20220922_192624406.jpg,Female,0.9481091499328613,Female,0.5435346364974976,Man,99.80623126029968
subject_3_PXL_20220922_192625680.jpg,G:\Thesis\MonkSkinTone_Dataset\Segmented_MSTE\subject_3_PXL_20220922_192625680.jpg,Female,0.9437270164489746,Female,0.544742226600647,Woman,98.69751930236816
subject_3_PXL_20220922_192630530.jpg,G:\Thesis\MonkSkinTone_Dataset\Segmented_MSTE\subject_3_PXL_20220922_192630530.jpg,Female,0.6447638273239136,Male,0.7493361234664917,Man,98.77889752388
subject_3_PXL_20220922_192637943.jpg,G:\Thesis\MonkSkinTone_Dataset\Segmented_MSTE\subject_3_PXL_20220922_192637943.jpg,Male,0.8486558198928833,Male,0.6743173003196716,Man,98.63196015357971
subject_3_PXL_20220922_192640227.jpg,G:\Thesis\MonkSkinTone_Dataset\Segmented_MSTE\subject_3_PXL_20220922_192640227.jpg,Female,0.9659712314605713,Female,0.631449818611145,Woman,90.12537002563477
subject_3_PXL_20220922_192641993.jpg,G:\Thesis\MonkSkinTone_Dataset\Segmented_MSTE\subject_3_PXL_20220922_192641993.jpg,Female,0.6009034514427185,Female,0.6365241408348083,Man,99.05714988708496
subject_3_PXL_20220922_192645891.jpg,G:\Thesis\MonkSkinTone_Dataset\Segmented_MSTE\subject_3_PXL_20220922_192645891.jpg,Female,0.9223644733428955,Male,0.6702858209609985,Man,67.28793382644653
subject_3_PXL_20220922_192648272.jpg,G:\Thesis\MonkSkinTone_Dataset\Segmented_MSTE\subject_3_PXL_20220922_192648272.jpg,Female,0.9566394686698914,Female,0.7584856748580933,Man,94.06059384346008
subject_3_PXL_20220922_192649338.jpg,G:\Thesis\MonkSkinTone_Dataset\Segmented_MSTE\subject_3_PXL_20220922_192649338.jpg,Female,0.8769229650497437,Male,0.5302721858024597,Man,98.60040545463562
subject_3_PXL_20220922_192651355.jpg,G:\Thesis\MonkSkinTone_Dataset\Segmented_MSTE\subject_3_PXL_20220922_192651355.jpg,Female,0.7025940418243408,Female,0.9030002951622009,Man,87.63993382453918
subject_3_PXL_20220922_192706771.jpg,G:\Thesis\MonkSkinTone_Dataset\Segmented_MSTE\subject_3_PXL_20220922_192706771.jpg,Female,0.9435325264930725,Male,0.7412360310554504,Woman,92.2855794429779
subject_3_PXL_20220922_192707666.jpg,G:\Thesis\MonkSkinTone_Dataset\Segmented_MSTE\subject_3_PXL_20220922_192707666.jpg,Female,0.6793020963668823,Female,0.6672196388244629,Woman,62.463200092315674
subject_3_PXL_20220922_192709617.jpg,G:\Thesis\MonkSkinTone_Dataset\Segmented_MSTE\subject_3_PXL_20220922_192709617.jpg,Female,0.9316190481185913,Male,0.6306606531143188,Man,59.23426151275635
subject_3_PXL_20220922_192711496.jpg,G:\Thesis\MonkSkinTone_Dataset\Segmented_MSTE\subject_3_PXL_20220922_192711496.jpg,Female,0.9430323839187622,Male,0.6690794825553894,Man,78.75379920005798
subject_3_PXL_20220922_192713113.jpg,G:\Thesis\MonkSkinTone_Dataset\Segmented_MSTE\subject_3_PXL_20220922_192713113.jpg,Female,0.6572520732879639,Female,0.7452154159545898,Man,99.81741905212402
subject_3_PXL_20220922_192714792.jpg,G:\Thesis\MonkSkinTone_Dataset\Segmented_MSTE\subject_3_PXL_20220922_192714792.jpg,Female,0.9438061714172363,Female,0.8977907299995422,Woman,98.54646325111389
subject_3_PXL_20220922_192736985.jpg,G:\Thesis\MonkSkinTone_Dataset\Segmented_MSTE\subject_3_PXL_20220922_192736985.jpg,Female,0.7757676243782043,Female,0.9459815621376038,Woman,99.57697987556458
subject_3_PXL_20220922_192739767.jpg,G:\Thesis\MonkSkinTone_Dataset\Segmented_MSTE\subject_3_PXL_20220922_192739767.jpg,Female,0.9331446886062622,Female,0.8540310263633728,Woman,77.68990397453308
subject_3_PXL_20220922_192741691.jpg,G:\Thesis\MonkSkinTone_Dataset\Segmented_MSTE\subject_3_PXL_20220922_192741691.jpg,Female,0.9482371211051941,Female,0.8351811766624451,Woman,82.36604928970337
subject_3_PXL_20220922_192744156.jpg,G:\Thesis\MonkSkinTone_Dataset\Segmented_MSTE\subject_3_PXL_20220922_192744156.jpg,Female,0.8857951164245605,Female,0.96595698595047,Woman,99.39589500427246
subject_3_PXL_20220922_192746438.jpg,G:\Thesis\MonkSkinTone_Dataset\Segmented_MSTE\subject_3_PXL_20220922_192746438.jpg,Female,0.9665039777755737,Female,0.9638917446136475,Man,96.826833486557
subject_3_PXL_20220922_192831992.jpg,G:\Thesis\MonkSkinTone_Dataset\Segmented_MSTE\subject_3_PXL_20220922_192831992.jpg,Female,0.9066277742385864,Female,0.8755269050598145,Woman,62.35998868942261
subject_3_PXL_20220922_192834158.jpg,G:\Thesis\MonkSkinTone_Dataset\Segmented_MSTE\subject_3_PXL_20220922_192834158.jpg,Female,0.9668059945106506,Female,0.7654667496681213,Man,94.33806538581848
subject_3_PXL_20220922_192836240.jpg,G:\Thesis\MonkSkinTone_Dataset\Segmented_MSTE\subject_3_PXL_20220922_192836240.jpg,Female,0.9554587602615356,Female,0.8040279746055603,Woman,59.55139994621277
subject_3_PXL_20220922_192838054.jpg,G:\Thesis\MonkSkinTone_Dataset\Segmented_MSTE\subject_3_PXL_20220922_192838054.jpg,Female,0.9579172730445862,Female,0.9067754745483398,Woman,88.96334171295166
subject_3_PXL_20220922_192839520.jpg,G:\Thesis\MonkSkinTone_Dataset\Segmented_MSTE\subject_3_PXL_20220922_192839520.jpg,Female,0.6746808290481567,Female,0.9470033645629883,Man,64.34195637702942
subject_3_PXL_20220922_193140993.jpg,G:\Thesis\MonkSkinTone_Dataset\Segmented_MSTE\subject_3_PXL_20220922_193140993.jpg,Female,0.6113699674606323,Female,0.9811045527458191,Man,74.79583024978638
subject_3_PXL_20220922_193142521.jpg,G:\Thesis\MonkSkinTone_Dataset\Segmented_MSTE\subject_3_PXL_20220922_193142521.jpg,Female,0.9466453790664673,Female,0.9613163471221924,Woman,55.85265755653381
subject_3_PXL_20220922_193143821.jpg,G:\Thesis\MonkSkinTone_Dataset\Segmented_MSTE\subject_3_PXL_20220922_193143821.jpg,Female,0.9653852581977844,Female,0.9131724238395691,Man,71.92522287368774
subject_3_PXL_20220922_193145287.jpg,G:\Thesis\MonkSkinTone_Dataset\Segmented_MSTE\subject_3_PXL_20220922_193145287.jpg,Female,0.9285497665405273,Female,0.961989164352417,Man,89.10102844238281
subject_3_PXL_20220922_193146740.jpg,G:\Thesis\MonkSkinTone_Dataset\Segmented_MSTE\subject_3_PXL_20220922_193146740.jpg,Female,0.9623279571533203,Female,0.9765666723251343,Man,71.29771709442139
subject_3_PXL_20220922_193239210.jpg,G:\Thesis\MonkSkinTone_Dataset\Segmented_MSTE\subject_3_PXL_20220922_193239210.jpg,Female,0.8446105122566223,Male,0.7239704728126526,Man,93.19067597389221
subject_3_PXL_20220922_193240640.jpg,G:\Thesis\MonkSkinTone_Dataset\Segmented_MSTE\subject_3_PXL_20220922_193240640.jpg,Female,0.9347444772720337,Male,0.5590697526931763,Man,80.16529679298401
subject_3_PXL_20220922_193241850.jpg,G:\Thesis\MonkSkinTone_Dataset\Segmented_MSTE\subject_3_PXL_20220922_193241850.jpg,Female,0.6632261872291565,Male,0.7552681565284729,Man,92.48325824737549
subject_3_PXL_20220922_193243211.jpg,G:\Thesis\MonkSkinTone_Dataset\Segmented_MSTE\subject_3_PXL_20220922_193243211.jpg,Female,0.8658426403999329,Female,0.7485277056694031,Man,91.83726906776428
subject_3_PXL_20220922_193244973.jpg,G:\Thesis\MonkSkinTone_Dataset\Segmented_MSTE\subject_3_PXL_20220922_193244973.jpg,Female,0.9232028722763062,Male,0.7298740744590759,Man,91.91296696662903
subject_3_PXL_20220922_193246375.jpg,G:\Thesis\MonkSkinTone_Dataset\Segmented_MSTE\subject_3_PXL_20220922_193246375.jpg,Female,0.9632080793380737,Female,0.792076051235199,Man,66.28586649894714
subject_3_PXL_20220922_193247851.jpg,G:\Thesis\MonkSkinTone_Dataset\Segmented_MSTE\subject_3_PXL_20220922_193247851.jpg,Male,0.5530849099159241,Male,0.5568788647651672,Man,92.16645359992981
subject_3_PXL_20220922_193249113.jpg,G:\Thesis\MonkSkinTone_Dataset\Segmented_MSTE\subject_3_PXL_20220922_193249113.jpg,Female,0.9398941397666931,Male,0.7064014673233032,Man,50.64391493797302
subject_3_PXL_20220922_193250362.jpg,G:\Thesis\MonkSkinTone_Dataset\Segmented_MSTE\subject_3_PXL_20220922_193250362.jpg,Male,0.9060483574867249,Female,0.7095761895179749,Man,73.04969429969788
subject_3_PXL_20220922_193251973.jpg,G:\Thesis\MonkSkinTone_Dataset\Segmented_MSTE\subject_3_PXL_20220922_193251973.jpg,Female,0.9741635322570801,Female,0.5121595859527588,Man,85.41679978370667
subject_3_PXL_20220922_193252671.jpg,G:\Thesis\MonkSkinTone_Dataset\Segmented_MSTE\subject_3_PXL_20220922_193252671.jpg,Female,0.774369478225708,Female,0.6547467112541199,Man,91.4954662322998
subject_3_PXL_20220922_193254088.jpg,G:\Thesis\MonkSkinTone_Dataset\Segmented_MSTE\subject_3_PXL_20220922_193254088.jpg,Female,0.9531071782112122,Male,0.7415786981582642,Man,89.98512029647827
subject_3_PXL_20220922_193255095.jpg,G:\Thesis\MonkSkinTone_Dataset\Segmented_MSTE\subject_3_PXL_20220922_193255095.jpg,Female,0.8580899834632874,Female,0.7017768025398254,Man,82.39229917526245
subject_3_PXL_20220922_193257144.jpg,G:\Thesis\MonkSkinTone_Dataset\Segmented_MSTE\subject_3_PXL_20220922_193257144.jpg,Female,0.580161452293396,Female,0.6277024149894714,Man,89.95188474655151
subject_3_PXL_20220922_193258695.jpg,G:\Thesis\MonkSkinTone_Dataset\Segmented_MSTE\subject_3_PXL_20220922_193258695.jpg,Female,0.9590673446655273,Female,0.7965368628501892,Man,61.76086068153381
subject_3_PXL_20220922_193434544.jpg,G:\Thesis\MonkSkinTone_Dataset\Segmented_MSTE\subject_3_PXL_20220922_193434544.jpg,Male,0.6595157980918884,Female,0.8834360837936401,Man,56.38757348060608
subject_3_PXL_20220922_193436546.jpg,G:\Thesis\MonkSkinTone_Dataset\Segmented_MSTE\subject_3_PXL_20220922_193436546.jpg,Male,0.8579868674278259,Female,0.9438503980636597,Man,73.08821678161621
subject_3_PXL_20220922_193438687.jpg,G:\Thesis\MonkSkinTone_Dataset\Segmented_MSTE\subject_3_PXL_20220922_193438687.jpg,Female,0.825776219367981,Male,0.7032973170280457,Woman,99.4888961315155
subject_3_PXL_20220922_193440026.jpg,G:\Thesis\MonkSkinTone_Dataset\Segmented_MSTE\subject_3_PXL_20220922_193440026.jpg,Female,0.9198623299598694,Male,0.5951225161552429,Woman,99.25596714019775
subject_3_PXL_20220922_193441419.jpg,G:\Thesis\MonkSkinTone_Dataset\Segmented_MSTE\subject_3_PXL_20220922_193441419.jpg,Male,0.8958988189697266,Female,0.7514009475708008,Woman,78.15015316009521
subject_3_PXL_20220922_193442749.jpg,G:\Thesis\MonkSkinTone_Dataset\Segmented_MSTE\subject_3_PXL_20220922_193442749.jpg,Male,0.573911726474762,Female,0.8955598473548889,Woman,91.52691960334778
subject_3_PXL_20220922_193457393.jpg,G:\Thesis\MonkSkinTone_Dataset\Segmented_MSTE\subject_3_PXL_20220922_193457393.jpg,Male,0.8517189621925354,Female,0.8496927618980408,Woman,99.77689981460571
subject_3_PXL_20220922_193459099.jpg,G:\Thesis\MonkSkinTone_Dataset\Segmented_MSTE\subject_3_PXL_20220922_193459099.jpg,Female,0.9036977887153625,Male,0.7600662708282471,Woman,54.953718185424805
subject_3_PXL_20220922_193500570.jpg,G:\Thesis\MonkSkinTone_Dataset\Segmented_MSTE\subject_3_PXL_20220922_193500570.jpg,Female,0.9312393665313721,Female,0.758597731590271,Woman,99.88206028938293
subject_3_PXL_20220922_193502239.jpg,G:\Thesis\MonkSkinTone_Dataset\Segmented_MSTE\subject_3_PXL_20220922_193502239.jpg,Male,0.8708609342575073,Female,0.8478319644927979,Woman,99.84500408172607
subject_3_PXL_20220922_193503938.jpg,G:\Thesis\MonkSkinTone_Dataset\Segmented_MSTE\subject_3_PXL_20220922_193503938.jpg,Male,0.5123670101165771,Female,0.6441344022750854,Woman,99.92449283599854
subject_3_PXL_20220922_193506209.jpg,G:\Thesis\MonkSkinTone_Dataset\Segmented_MSTE\subject_3_PXL_20220922_193506209.jpg,Female,0.6204034686088562,Female,0.9127635359764099,Woman,98.55479001998901
subject_3_PXL_20220922_193508077.jpg,G:\Thesis\MonkSkinTone_Dataset\Segmented_MSTE\subject_3_PXL_20220922_193508077.jpg,Male,0.7501024603843689,Female,0.9073308110237122,Woman,98.94518256187439
subject_3_PXL_20220922_193509768.jpg,G:\Thesis\MonkSkinTone_Dataset\Segmented_MSTE\subject_3_PXL_20220922_193509768.jpg,Female,0.7612285614013672,Female,0.8783842325210571,Woman,99.9994158744812
subject_3_PXL_20220922_193511119.jpg,G:\Thesis\MonkSkinTone_Dataset\Segmented_MSTE\subject_3_PXL_20220922_193511119.jpg,Female,0.5247774124145508,Male,0.641532301902771,Woman,99.97991919517517
subject_3_PXL_20220922_193512595.jpg,G:\Thesis\MonkSkinTone_Dataset\Segmented_MSTE\subject_3_PXL_20220922_193512595.jpg,Female,0.6429545879364014,Female,0.9266419410705566,Woman,99.489426612854
subject_3_PXL_20220922_193521063.jpg,G:\Thesis\MonkSkinTone_Dataset\Segmented_MSTE\subject_3_PXL_20220922_193521063.jpg,Male,0.8125150203704834,Female,0.8505799174308777,Man,84.3562126159668
subject_3_PXL_20220922_193523837.jpg,G:\Thesis\MonkSkinTone_Dataset\Segmented_MSTE\subject_3_PXL_20220922_193523837.jpg,Female,0.9110389351844788,Female,0.7468673586845398,Man,82.43115544319153
subject_3_PXL_20220922_193525366.jpg,G:\Thesis\MonkSkinTone_Dataset\Segmented_MSTE\subject_3_PXL_20220922_193525366.jpg,Male,0.686075747013092,Female,0.7652355432510376,Man,58.14587473869324
subject_3_PXL_20220922_193526844.jpg,G:\Thesis\MonkSkinTone_Dataset\Segmented_MSTE\subject_3_PXL_20220922_193526844.jpg,Male,0.8188249468803406,Female,0.7531555891036987,Woman,99.25947785377502
subject_3_PXL_20220922_193528310.jpg,G:\Thesis\MonkSkinTone_Dataset\Segmented_MSTE\subject_3_PXL_20220922_193528310.jpg,Male,0.6986916661262512,Female,0.8878423571586609,Man,59.369057416915894
subject_4_PXL_20220922_161857653.jpg,G:\Thesis\MonkSkinTone_Dataset\Segmented_MSTE\subject_4_PXL_20220922_161857653.jpg,Male,0.9338635802268982,Male,0.9700148701667786,Man,99.41112399101257
subject_4_PXL_20220922_161859476.jpg,G:\Thesis\MonkSkinTone_Dataset\Segmented_MSTE\subject_4_PXL_20220922_161859476.jpg,Male,0.6914288401603699,Male,0.9117096662521362,Man,97.98688292503357
subject_4_PXL_20220922_161903530.jpg,G:\Thesis\MonkSkinTone_Dataset\Segmented_MSTE\subject_4_PXL_20220922_161903530.jpg,Female,0.717435896396637,Male,0.6380503177642822,Man,98.10624718666077
subject_4_PXL_20220922_161905430.jpg,G:\Thesis\MonkSkinTone_Dataset\Segmented_MSTE\subject_4_PXL_20220922_161905430.jpg,Male,0.6964752078056335,Male,0.6175451874732971,Man,98.8940179347992
subject_4_PXL_20220922_161908046.jpg,G:\Thesis\MonkSkinTone_Dataset\Segmented_MSTE\subject_4_PXL_20220922_161908046.jpg,Male,0.9112181663513184,Male,0.9390022158622742,Man,99.73799586296082
subject_4_PXL_20220922_161910023.jpg,G:\Thesis\MonkSkinTone_Dataset\Segmented_MSTE\subject_4_PXL_20220922_161910023.jpg,Female,0.5016332864761353,Male,0.9278711080551147,Man,97.27985262870789
subject_4_PXL_20220922_161915600.jpg,G:\Thesis\MonkSkinTone_Dataset\Segmented_MSTE\subject_4_PXL_20220922_161915600.jpg,Female,0.773809015750885,Male,0.5617534518241882,Man,95.44488787651062
subject_4_PXL_20220922_161917826.jpg,G:\Thesis\MonkSkinTone_Dataset\Segmented_MSTE\subject_4_PXL_20220922_161917826.jpg,Male,0.8063303828239441,Male,0.6923466920852661,Man,99.70709085464478
subject_4_PXL_20220922_161921427.jpg,G:\Thesis\MonkSkinTone_Dataset\Segmented_MSTE\subject_4_PXL_20220922_161921427.jpg,Male,0.9610326290130615,Male,0.961004912853241,Man,99.51828122138977
subject_4_PXL_20220922_161923233.jpg,G:\Thesis\MonkSkinTone_Dataset\Segmented_MSTE\subject_4_PXL_20220922_161923233.jpg,Male,0.8575252890586853,Male,0.9671228528022766,Man,89.374440908432
subject_4_PXL_20220922_161927302.jpg,G:\Thesis\MonkSkinTone_Dataset\Segmented_MSTE\subject_4_PXL_20220922_161927302.jpg,Male,0.5678091645240784,Male,0.745807409286499,Man,98.86004328727722
subject_4_PXL_20220922_161929477.jpg,G:\Thesis\MonkSkinTone_Dataset\Segmented_MSTE\subject_4_PXL_20220922_161929477.jpg,Male,0.7684359550476074,Female,0.5155912637710571,Man,98.7605094909668
subject_4_PXL_20220922_161932128.jpg,G:\Thesis\MonkSkinTone_Dataset\Segmented_MSTE\subject_4_PXL_20220922_161932128.jpg,Male,0.6941691637039185,Male,0.8458207249641418,Man,98.91740083694458
subject_4_PXL_20220922_161934430.jpg,G:\Thesis\MonkSkinTone_Dataset\Segmented_MSTE\subject_4_PXL_20220922_161934430.jpg,Male,0.7276713252067566,Male,0.8926879167556763,Man,98.45321774482727
subject_4_PXL_20220922_161938180.jpg,G:\Thesis\MonkSkinTone_Dataset\Segmented_MSTE\subject_4_PXL_20220922_161938180.jpg,Female,0.7537060379981995,Male,0.7025960683822632,Man,98.1481671333313
subject_4_PXL_20220922_161939679.jpg,G:\Thesis\MonkSkinTone_Dataset\Segmented_MSTE\subject_4_PXL_20220922_161939679.jpg,Female,0.8672521114349365,Male,0.6380403637886047,Man,98.6065924167633
subject_4_PXL_20220922_162015840.jpg,G:\Thesis\MonkSkinTone_Dataset\Segmented_MSTE\subject_4_PXL_20220922_162015840.jpg,Male,0.9476624131202698,Male,0.9634715914726257,Man,99.7495174407959
subject_4_PXL_20220922_162017610.jpg,G:\Thesis\MonkSkinTone_Dataset\Segmented_MSTE\subject_4_PXL_20220922_162017610.jpg,Male,0.7632371187210083,Male,0.9548128843307495,Man,98.98199439048767
subject_4_PXL_20220922_162019375.jpg,G:\Thesis\MonkSkinTone_Dataset\Segmented_MSTE\subject_4_PXL_20220922_162019375.jpg,Female,0.8576052188873291,Male,0.6179850101470947,Man,98.44240546226501
subject_4_PXL_20220922_162020889.jpg,G:\Thesis\MonkSkinTone_Dataset\Segmented_MSTE\subject_4_PXL_20220922_162020889.jpg,Male,0.8197007179260254,Male,0.9259825944900513,Man,97.89091348648071
subject_4_PXL_20220922_162021956.jpg,G:\Thesis\MonkSkinTone_Dataset\Segmented_MSTE\subject_4_PXL_20220922_162021956.jpg,Male,0.8926933407783508,Male,0.8104187250137329,Man,97.39158749580383
subject_4_PXL_20220922_162033560.jpg,G:\Thesis\MonkSkinTone_Dataset\Segmented_MSTE\subject_4_PXL_20220922_162033560.jpg,Male,0.709904670715332,Male,0.9335855841636658,Man,99.73336458206177
subject_4_PXL_20220922_162034926.jpg,G:\Thesis\MonkSkinTone_Dataset\Segmented_MSTE\subject_4_PXL_20220922_162034926.jpg,Female,0.8744915127754211,Male,0.9172953367233276,Man,99.97677206993103
subject_4_PXL_20220922_162036806.jpg,G:\Thesis\MonkSkinTone_Dataset\Segmented_MSTE\subject_4_PXL_20220922_162036806.jpg,Female,0.8346579074859619,Male,0.8696625828742981,Woman,79.85321879386902
subject_4_PXL_20220922_162038772.jpg,G:\Thesis\MonkSkinTone_Dataset\Segmented_MSTE\subject_4_PXL_20220922_162038772.jpg,Male,0.8095070719718933,Male,0.9859287142753601,Man,99.43642616271973
subject_4_PXL_20220922_162041822.jpg,G:\Thesis\MonkSkinTone_Dataset\Segmented_MSTE\subject_4_PXL_20220922_162041822.jpg,Female,0.7351861596107483,Male,0.8616832494735718,Man,99.95099306106567
subject_4_PXL_20220922_162046872.jpg,G:\Thesis\MonkSkinTone_Dataset\Segmented_MSTE\subject_4_PXL_20220922_162046872.jpg,Male,0.9271493554115295,Male,0.9764516353607178,Man,99.46698546409607
subject_4_PXL_20220922_162049072.jpg,G:\Thesis\MonkSkinTone_Dataset\Segmented_MSTE\subject_4_PXL_20220922_162049072.jpg,Female,0.8779566287994385,Male,0.9548774361610413,Man,98.51378202438354
subject_4_PXL_20220922_162051191.jpg,G:\Thesis\MonkSkinTone_Dataset\Segmented_MSTE\subject_4_PXL_20220922_162051191.jpg,Female,0.8024251461029053,Male,0.8964223265647888,Man,99.6239423751831
subject_4_PXL_20220922_162052907.jpg,G:\Thesis\MonkSkinTone_Dataset\Segmented_MSTE\subject_4_PXL_20220922_162052907.jpg,Male,0.5192757844924927,Male,0.8942010998725891,Man,99.09605383872986
subject_4_PXL_20220922_162054939.jpg,G:\Thesis\MonkSkinTone_Dataset\Segmented_MSTE\subject_4_PXL_20220922_162054939.jpg,Male,0.7929129004478455,Male,0.9138257503509521,Man,99.73155856132507
subject_4_PXL_20220922_162119421.jpg,G:\Thesis\MonkSkinTone_Dataset\Segmented_MSTE\subject_4_PXL_20220922_162119421.jpg,Female,0.6988531351089478,Male,0.8625180125236511,Man,99.78557229042053
subject_4_PXL_20220922_162120829.jpg,G:\Thesis\MonkSkinTone_Dataset\Segmented_MSTE\subject_4_PXL_20220922_162120829.jpg,Male,0.5395804643630981,Male,0.85514235496521,Man,91.60221815109253
subject_4_PXL_20220922_162123739.jpg,G:\Thesis\MonkSkinTone_Dataset\Segmented_MSTE\subject_4_PXL_20220922_162123739.jpg,Male,0.6410427093505859,Male,0.7025948762893677,Man,81.50235414505005
subject_4_PXL_20220922_162124839.jpg,G:\Thesis\MonkSkinTone_Dataset\Segmented_MSTE\subject_4_PXL_20220922_162124839.jpg,Male,0.8604570627212524,Male,0.8761124014854431,Man,94.36488747596741
subject_4_PXL_20220922_162127092.jpg,G:\Thesis\MonkSkinTone_Dataset\Segmented_MSTE\subject_4_PXL_20220922_162127092.jpg,Male,0.7956081032752991,Male,0.8051613569259644,Man,99.18707609176636
subject_4_PXL_20220922_162129053.jpg,G:\Thesis\MonkSkinTone_Dataset\Segmented_MSTE\subject_4_PXL_20220922_162129053.jpg,Female,0.7809517979621887,Male,0.624628484249115,Man,97.04828262329102
subject_4_PXL_20220922_162132188.jpg,G:\Thesis\MonkSkinTone_Dataset\Segmented_MSTE\subject_4_PXL_20220922_162132188.jpg,Male,0.5970159769058228,Male,0.8446599245071411,Man,98.89680743217468
subject_4_PXL_20220922_162134005.jpg,G:\Thesis\MonkSkinTone_Dataset\Segmented_MSTE\subject_4_PXL_20220922_162134005.jpg,Male,0.509131669998169,Male,0.5666475892066956,Man,98.73383045196533
subject_4_PXL_20220922_162222156.jpg,G:\Thesis\MonkSkinTone_Dataset\Segmented_MSTE\subject_4_PXL_20220922_162222156.jpg,Male,0.9494696259498596,Male,0.685257613658905,Man,57.594895362854004
subject_4_PXL_20220922_162227851.jpg,G:\Thesis\MonkSkinTone_Dataset\Segmented_MSTE\subject_4_PXL_20220922_162227851.jpg,Female,0.797737717628479,Male,0.5032457113265991,Man,70.06877064704895
subject_4_PXL_20220922_162251832.jpg,G:\Thesis\MonkSkinTone_Dataset\Segmented_MSTE\subject_4_PXL_20220922_162251832.jpg,Female,0.6569961309432983,Male,0.7767297029495239,Man,95.31808495521545
subject_4_PXL_20220922_162253802.jpg,G:\Thesis\MonkSkinTone_Dataset\Segmented_MSTE\subject_4_PXL_20220922_162253802.jpg,Male,0.6618964076042175,Male,0.7542407512664795,Man,97.81729578971863
subject_4_PXL_20220922_162255438.jpg,G:\Thesis\MonkSkinTone_Dataset\Segmented_MSTE\subject_4_PXL_20220922_162255438.jpg,Female,0.967539370059967,Male,0.6044735312461853,Man,73.44575524330139
subject_4_PXL_20220922_162258202.jpg,G:\Thesis\MonkSkinTone_Dataset\Segmented_MSTE\subject_4_PXL_20220922_162258202.jpg,Male,0.9187405109405518,Male,0.8123007416725159,Man,86.60274744033813
subject_4_PXL_20220922_162301039.jpg,G:\Thesis\MonkSkinTone_Dataset\Segmented_MSTE\subject_4_PXL_20220922_162301039.jpg,Female,0.544301450252533,Male,0.8128117918968201,Man,96.1023211479187
subject_4_PXL_20220922_162304847.jpg,G:\Thesis\MonkSkinTone_Dataset\Segmented_MSTE\subject_4_PXL_20220922_162304847.jpg,Male,0.9105839729309082,Male,0.5547258257865906,Man,87.26387023925781
subject_4_PXL_20220922_162306073.jpg,G:\Thesis\MonkSkinTone_Dataset\Segmented_MSTE\subject_4_PXL_20220922_162306073.jpg,Male,0.6708563566207886,Female,0.6655473709106445,Man,97.66592383384705
subject_4_PXL_20220922_162307441.jpg,G:\Thesis\MonkSkinTone_Dataset\Segmented_MSTE\subject_4_PXL_20220922_162307441.jpg,Male,0.6790570616722107,Female,0.5071391463279724,Man,80.3395688533783
subject_4_PXL_20220922_162308948.jpg,G:\Thesis\MonkSkinTone_Dataset\Segmented_MSTE\subject_4_PXL_20220922_162308948.jpg,Male,0.942780077457428,Male,0.8555107712745667,Man,86.55117154121399
subject_4_PXL_20220922_162310859.jpg,G:\Thesis\MonkSkinTone_Dataset\Segmented_MSTE\subject_4_PXL_20220922_162310859.jpg,Male,0.9255430698394775,Male,0.8455013036727905,Man,92.66948699951172
subject_4_PXL_20220922_162353104.jpg,G:\Thesis\MonkSkinTone_Dataset\Segmented_MSTE\subject_4_PXL_20220922_162353104.jpg,Male,0.9607979655265808,Male,0.9439411759376526,Man,99.29417371749878
subject_4_PXL_20220922_162354569.jpg,G:\Thesis\MonkSkinTone_Dataset\Segmented_MSTE\subject_4_PXL_20220922_162354569.jpg,Male,0.9744778275489807,Male,0.9564715027809143,Man,74.78833198547363
subject_4_PXL_20220922_162356543.jpg,G:\Thesis\MonkSkinTone_Dataset\Segmented_MSTE\subject_4_PXL_20220922_162356543.jpg,Male,0.9660354256629944,Male,0.9269264340400696,Man,85.34346222877502
subject_4_PXL_20220922_162358077.jpg,G:\Thesis\MonkSkinTone_Dataset\Segmented_MSTE\subject_4_PXL_20220922_162358077.jpg,Male,0.9439130425453186,Male,0.8940279483795166,Man,99.7195839881897
subject_4_PXL_20220922_162359800.jpg,G:\Thesis\MonkSkinTone_Dataset\Segmented_MSTE\subject_4_PXL_20220922_162359800.jpg,Male,0.9390013217926025,Male,0.949996829032898,Man,98.92499446868896
subject_4_PXL_20220922_162401809.jpg,G:\Thesis\MonkSkinTone_Dataset\Segmented_MSTE\subject_4_PXL_20220922_162401809.jpg,Male,0.9734776616096497,Male,0.9488925933837891,Man,96.70064449310303
subject_4_PXL_20220922_162403198.jpg,G:\Thesis\MonkSkinTone_Dataset\Segmented_MSTE\subject_4_PXL_20220922_162403198.jpg,Male,0.9293501377105713,Male,0.9583265781402588,Man,89.80374932289124
subject_4_PXL_20220922_162404766.jpg,G:\Thesis\MonkSkinTone_Dataset\Segmented_MSTE\subject_4_PXL_20220922_162404766.jpg,Male,0.9778197407722473,Male,0.9751587510108948,Man,90.40970802307129
subject_4_PXL_20220922_162406276.jpg,G:\Thesis\MonkSkinTone_Dataset\Segmented_MSTE\subject_4_PXL_20220922_162406276.jpg,Male,0.8432348966598511,Male,0.5239033699035645,Man,97.7561891078949
subject_4_PXL_20220922_162407706.jpg,G:\Thesis\MonkSkinTone_Dataset\Segmented_MSTE\subject_4_PXL_20220922_162407706.jpg,Male,0.8685091137886047,Male,0.8847998976707458,Man,97.20976948738098
subject_4_PXL_20220922_162409257.jpg,G:\Thesis\MonkSkinTone_Dataset\Segmented_MSTE\subject_4_PXL_20220922_162409257.jpg,Male,0.9721593856811523,Male,0.9645114541053772,Man,98.0978012084961
subject_4_PXL_20220922_162417511.jpg,G:\Thesis\MonkSkinTone_Dataset\Segmented_MSTE\subject_4_PXL_20220922_162417511.jpg,Male,0.9465933442115784,Male,0.9464406371116638,Man,99.37368631362915
subject_4_PXL_20220922_162419201.jpg,G:\Thesis\MonkSkinTone_Dataset\Segmented_MSTE\subject_4_PXL_20220922_162419201.jpg,Male,0.8545452952384949,Male,0.932498574256897,Man,93.38549375534058
subject_4_PXL_20220922_162421385.jpg,G:\Thesis\MonkSkinTone_Dataset\Segmented_MSTE\subject_4_PXL_20220922_162421385.jpg,Male,0.88350510597229,Male,0.9323325157165527,Man,97.82915115356445
subject_4_PXL_20220922_162424266.jpg,G:\Thesis\MonkSkinTone_Dataset\Segmented_MSTE\subject_4_PXL_20220922_162424266.jpg,Male,0.9080138802528381,Male,0.933815062046051,Woman,76.16187930107117
subject_4_PXL_20220922_162425765.jpg,G:\Thesis\MonkSkinTone_Dataset\Segmented_MSTE\subject_4_PXL_20220922_162425765.jpg,Male,0.9006827473640442,Male,0.6581382155418396,Man,92.2350287437439
subject_4_PXL_20220922_162427303.jpg,G:\Thesis\MonkSkinTone_Dataset\Segmented_MSTE\subject_4_PXL_20220922_162427303.jpg,Male,0.8222618103027344,Female,0.5401475429534912,Man,97.08417654037476
subject_4_PXL_20220922_162429314.jpg,G:\Thesis\MonkSkinTone_Dataset\Segmented_MSTE\subject_4_PXL_20220922_162429314.jpg,Male,0.7976332306861877,Male,0.8183123469352722,Man,99.10355806350708
subject_4_PXL_20220922_162431213.jpg,G:\Thesis\MonkSkinTone_Dataset\Segmented_MSTE\subject_4_PXL_20220922_162431213.jpg,Male,0.7238706350326538,Male,0.8658215403556824,Woman,67.11035370826721
subject_5_PXL_20220922_142413482.jpg,G:\Thesis\MonkSkinTone_Dataset\Segmented_MSTE\subject_5_PXL_20220922_142413482.jpg,Male,0.8279748558998108,Male,0.9172981381416321,Man,99.37716126441956
subject_5_PXL_20220922_142420818.jpg,G:\Thesis\MonkSkinTone_Dataset\Segmented_MSTE\subject_5_PXL_20220922_142420818.jpg,Female,0.8762469291687012,Male,0.6970391273498535,Man,93.90771389007568
subject_5_PXL_20220922_142514092.PORTRAIT.jpg,G:\Thesis\MonkSkinTone_Dataset\Segmented_MSTE\subject_5_PXL_20220922_142514092.PORTRAIT.jpg,Male,0.9859441518783569,Male,0.9882488250732422,Man,99.96119141578674
subject_5_PXL_20220922_142517538.PORTRAIT.jpg,G:\Thesis\MonkSkinTone_Dataset\Segmented_MSTE\subject_5_PXL_20220922_142517538.PORTRAIT.jpg,Male,0.984958291053772,Male,0.9884698390960693,Man,65.28224349021912
subject_5_PXL_20220922_142523136.PORTRAIT.jpg,G:\Thesis\MonkSkinTone_Dataset\Segmented_MSTE\subject_5_PXL_20220922_142523136.PORTRAIT.jpg,Male,0.9859068393707275,Male,0.9924328327178955,Man,98.7506628036499
subject_5_PXL_20220922_142525560.PORTRAIT.jpg,G:\Thesis\MonkSkinTone_Dataset\Segmented_MSTE\subject_5_PXL_20220922_142525560.PORTRAIT.jpg,Male,0.9847884178161621,Male,0.9717528820037842,Man,99.26538467407227
subject_5_PXL_20220922_142527736.PORTRAIT.jpg,G:\Thesis\MonkSkinTone_Dataset\Segmented_MSTE\subject_5_PXL_20220922_142527736.PORTRAIT.jpg,Male,0.9846640229225159,Male,0.9841647744178772,Man,99.81106519699097
subject_5_PXL_20220922_142529483.PORTRAIT.jpg,G:\Thesis\MonkSkinTone_Dataset\Segmented_MSTE\subject_5_PXL_20220922_142529483.PORTRAIT.jpg,Male,0.9848928451538086,Male,0.9883302450180054,Man,99.99333620071411
subject_5_PXL_20220922_142535244.PORTRAIT.jpg,G:\Thesis\MonkSkinTone_Dataset\Segmented_MSTE\subject_5_PXL_20220922_142535244.PORTRAIT.jpg,Male,0.9855043292045593,Male,0.9848487973213196,Man,86.13739013671875
subject_5_PXL_20220922_142537968.PORTRAIT.jpg,G:\Thesis\MonkSkinTone_Dataset\Segmented_MSTE\subject_5_PXL_20220922_142537968.PORTRAIT.jpg,Male,0.9845750331878662,Male,0.9928170442581177,Man,99.01283383369446
subject_5_PXL_20220922_142543353.PORTRAIT.jpg,G:\Thesis\MonkSkinTone_Dataset\Segmented_MSTE\subject_5_PXL_20220922_142543353.PORTRAIT.jpg,Male,0.985967218875885,Male,0.9907450675964355,Man,99.93866682052612
subject_5_PXL_20220922_142545872.PORTRAIT.jpg,G:\Thesis\MonkSkinTone_Dataset\Segmented_MSTE\subject_5_PXL_20220922_142545872.PORTRAIT.jpg,Male,0.984622061252594,Male,0.9915026426315308,Man,99.75280165672302
subject_5_PXL_20220922_142548472.PORTRAIT.jpg,G:\Thesis\MonkSkinTone_Dataset\Segmented_MSTE\subject_5_PXL_20220922_142548472.PORTRAIT.jpg,Male,0.986198365688324,Male,0.993979811668396,Man,98.80707263946533
subject_5_PXL_20220922_142550791.PORTRAIT.jpg,G:\Thesis\MonkSkinTone_Dataset\Segmented_MSTE\subject_5_PXL_20220922_142550791.PORTRAIT.jpg,Male,0.9852871894836426,Male,0.9847842454910278,Man,99.90109205245972
subject_5_PXL_20220922_142553004.PORTRAIT.jpg,G:\Thesis\MonkSkinTone_Dataset\Segmented_MSTE\subject_5_PXL_20220922_142553004.PORTRAIT.jpg,Male,0.9850838780403137,Male,0.9904894828796387,Man,91.37391448020935
subject_5_PXL_20220922_142600816.PORTRAIT.jpg,G:\Thesis\MonkSkinTone_Dataset\Segmented_MSTE\subject_5_PXL_20220922_142600816.PORTRAIT.jpg,Male,0.9854729771614075,Male,0.9826672673225403,Man,99.95915293693542
subject_5_PXL_20220922_142606244.PORTRAIT.jpg,G:\Thesis\MonkSkinTone_Dataset\Segmented_MSTE\subject_5_PXL_20220922_142606244.PORTRAIT.jpg,Male,0.9844881296157837,Male,0.9819198250770569,Man,98.91136884689331
subject_5_PXL_20220922_142608903.PORTRAIT.jpg,G:\Thesis\MonkSkinTone_Dataset\Segmented_MSTE\subject_5_PXL_20220922_142608903.PORTRAIT.jpg,Male,0.9862720966339111,Male,0.987993597984314,Man,99.92274045944214
subject_5_PXL_20220922_142612462.PORTRAIT.jpg,G:\Thesis\MonkSkinTone_Dataset\Segmented_MSTE\subject_5_PXL_20220922_142612462.PORTRAIT.jpg,Male,0.9819087982177734,Male,0.9771074056625366,Man,97.21901416778564
subject_5_PXL_20220922_142614750.PORTRAIT.jpg,G:\Thesis\MonkSkinTone_Dataset\Segmented_MSTE\subject_5_PXL_20220922_142614750.PORTRAIT.jpg,Male,0.9817266464233398,Male,0.9739446043968201,Man,99.97594952583313
subject_5_PXL_20220922_142917997.jpg,G:\Thesis\MonkSkinTone_Dataset\Segmented_MSTE\subject_5_PXL_20220922_142917997.jpg,Male,0.9862072467803955,Male,0.9943625926971436,Man,99.5245635509491
subject_5_PXL_20220922_142921035.jpg,G:\Thesis\MonkSkinTone_Dataset\Segmented_MSTE\subject_5_PXL_20220922_142921035.jpg,Male,0.9858192205429077,Male,0.9938192963600159,Man,99.70382452011108
subject_5_PXL_20220922_142933626.jpg,G:\Thesis\MonkSkinTone_Dataset\Segmented_MSTE\subject_5_PXL_20220922_142933626.jpg,Male,0.9831514358520508,Male,0.9822266101837158,Man,99.42692518234253
subject_5_PXL_20220922_142934607.jpg,G:\Thesis\MonkSkinTone_Dataset\Segmented_MSTE\subject_5_PXL_20220922_142934607.jpg,Male,0.9852617383003235,Male,0.9933146834373474,Man,99.99892711639404
subject_5_PXL_20220922_142939817.jpg,G:\Thesis\MonkSkinTone_Dataset\Segmented_MSTE\subject_5_PXL_20220922_142939817.jpg,Male,0.9857155680656433,Male,0.9937669038772583,Man,99.56010580062866
subject_5_PXL_20220922_142940931.jpg,G:\Thesis\MonkSkinTone_Dataset\Segmented_MSTE\subject_5_PXL_20220922_142940931.jpg,Male,0.9855985045433044,Male,0.9940512776374817,Man,99.89449381828308
subject_5_PXL_20220922_142944757.jpg,G:\Thesis\MonkSkinTone_Dataset\Segmented_MSTE\subject_5_PXL_20220922_142944757.jpg,Male,0.9859684705734253,Male,0.9898833632469177,Man,99.90444779396057
subject_5_PXL_20220922_142945886.jpg,G:\Thesis\MonkSkinTone_Dataset\Segmented_MSTE\subject_5_PXL_20220922_142945886.jpg,Male,0.9852632284164429,Male,0.9867979884147644,Man,99.8410701751709
subject_5_PXL_20220922_142949592.jpg,G:\Thesis\MonkSkinTone_Dataset\Segmented_MSTE\subject_5_PXL_20220922_142949592.jpg,Male,0.9836732149124146,Male,0.9901420474052429,Man,99.87596273422241
subject_5_PXL_20220922_142951972.jpg,G:\Thesis\MonkSkinTone_Dataset\Segmented_MSTE\subject_5_PXL_20220922_142951972.jpg,Male,0.9843071699142456,Male,0.9769567847251892,Man,99.19835925102234
subject_5_PXL_20220922_142954990.jpg,G:\Thesis\MonkSkinTone_Dataset\Segmented_MSTE\subject_5_PXL_20220922_142954990.jpg,Male,0.9845553040504456,Male,0.984088659286499,Man,95.15131115913391
subject_5_PXL_20220922_142957675.jpg,G:\Thesis\MonkSkinTone_Dataset\Segmented_MSTE\subject_5_PXL_20220922_142957675.jpg,Male,0.9858219027519226,Male,0.9919067621231079,Man,99.43389296531677
subject_5_PXL_20220922_143002045.jpg,G:\Thesis\MonkSkinTone_Dataset\Segmented_MSTE\subject_5_PXL_20220922_143002045.jpg,Male,0.9849292635917664,Male,0.9889348149299622,Man,99.73612427711487
subject_5_PXL_20220922_143004581.jpg,G:\Thesis\MonkSkinTone_Dataset\Segmented_MSTE\subject_5_PXL_20220922_143004581.jpg,Male,0.984776496887207,Male,0.989941418170929,Man,94.56456899642944
subject_5_PXL_20220922_143005748.jpg,G:\Thesis\MonkSkinTone_Dataset\Segmented_MSTE\subject_5_PXL_20220922_143005748.jpg,Male,0.9853825569152832,Male,0.9925355911254883,Man,94.9337899684906
subject_5_PXL_20220922_143007783.jpg,G:\Thesis\MonkSkinTone_Dataset\Segmented_MSTE\subject_5_PXL_20220922_143007783.jpg,Male,0.9851186871528625,Male,0.9919742941856384,Man,99.94879961013794
subject_5_PXL_20220922_143012499.jpg,G:\Thesis\MonkSkinTone_Dataset\Segmented_MSTE\subject_5_PXL_20220922_143012499.jpg,Male,0.9865105748176575,Male,0.994198203086853,Man,99.61005449295044
subject_5_PXL_20220922_143043606.PORTRAIT.jpg,G:\Thesis\MonkSkinTone_Dataset\Segmented_MSTE\subject_5_PXL_20220922_143043606.PORTRAIT.jpg,Male,0.9845716953277588,Male,0.9775117635726929,Man,88.95678520202637
subject_5_PXL_20220922_143049258.PORTRAIT.jpg,G:\Thesis\MonkSkinTone_Dataset\Segmented_MSTE\subject_5_PXL_20220922_143049258.PORTRAIT.jpg,Male,0.985900342464447,Male,0.9902386665344238,Man,99.21155571937561
subject_5_PXL_20220922_143052145.PORTRAIT.jpg,G:\Thesis\MonkSkinTone_Dataset\Segmented_MSTE\subject_5_PXL_20220922_143052145.PORTRAIT.jpg,Male,0.9855489134788513,Male,0.9965542554855347,Man,99.92561936378479
subject_5_PXL_20220922_143053867.PORTRAIT.jpg,G:\Thesis\MonkSkinTone_Dataset\Segmented_MSTE\subject_5_PXL_20220922_143053867.PORTRAIT.jpg,Male,0.9835810661315918,Male,0.9897533655166626,Man,95.72760462760925
subject_5_PXL_20220922_143056845.PORTRAIT.jpg,G:\Thesis\MonkSkinTone_Dataset\Segmented_MSTE\subject_5_PXL_20220922_143056845.PORTRAIT.jpg,Male,0.979246199131012,Male,0.9510641098022461,Man,90.23338556289673
subject_5_PXL_20220922_143059150.PORTRAIT.jpg,G:\Thesis\MonkSkinTone_Dataset\Segmented_MSTE\subject_5_PXL_20220922_143059150.PORTRAIT.jpg,Male,0.9823994636535645,Male,0.9770511984825134,Man,87.4336838722229
subject_5_PXL_20220922_143101662.PORTRAIT.jpg,G:\Thesis\MonkSkinTone_Dataset\Segmented_MSTE\subject_5_PXL_20220922_143101662.PORTRAIT.jpg,Male,0.9847334027290344,Male,0.9924018383026123,Man,97.50696420669556
subject_5_PXL_20220922_143103818.PORTRAIT.jpg,G:\Thesis\MonkSkinTone_Dataset\Segmented_MSTE\subject_5_PXL_20220922_143103818.PORTRAIT.jpg,Male,0.9818815588951111,Male,0.9728243350982666,Man,92.8170382976532
subject_5_PXL_20220922_143104500.PORTRAIT.jpg,G:\Thesis\MonkSkinTone_Dataset\Segmented_MSTE\subject_5_PXL_20220922_143104500.PORTRAIT.jpg,Male,0.9800216555595398,Male,0.9831263422966003,Man,89.43273425102234
subject_5_PXL_20220922_143105119.PORTRAIT.jpg,G:\Thesis\MonkSkinTone_Dataset\Segmented_MSTE\subject_5_PXL_20220922_143105119.PORTRAIT.jpg,Male,0.9798101186752319,Male,0.9809203147888184,Man,87.30401396751404
subject_5_PXL_20220922_143106968.PORTRAIT.jpg,G:\Thesis\MonkSkinTone_Dataset\Segmented_MSTE\subject_5_PXL_20220922_143106968.PORTRAIT.jpg,Male,0.9825348258018494,Male,0.9525442123413086,Man,86.88163757324219
subject_5_PXL_20220922_143113267.PORTRAIT.jpg,G:\Thesis\MonkSkinTone_Dataset\Segmented_MSTE\subject_5_PXL_20220922_143113267.PORTRAIT.jpg,Male,0.9831550121307373,Male,0.9691410660743713,Man,88.4739100933075
subject_5_PXL_20220922_143120425.PORTRAIT.jpg,G:\Thesis\MonkSkinTone_Dataset\Segmented_MSTE\subject_5_PXL_20220922_143120425.PORTRAIT.jpg,Male,0.9865506887435913,Male,0.9954030513763428,Man,97.07217812538147
subject_5_PXL_20220922_143123699.PORTRAIT.jpg,G:\Thesis\MonkSkinTone_Dataset\Segmented_MSTE\subject_5_PXL_20220922_143123699.PORTRAIT.jpg,Male,0.9856621623039246,Male,0.9968395233154297,Man,99.29860234260559
subject_5_PXL_20220922_143125596.PORTRAIT.jpg,G:\Thesis\MonkSkinTone_Dataset\Segmented_MSTE\subject_5_PXL_20220922_143125596.PORTRAIT.jpg,Male,0.9833367466926575,Male,0.9824675917625427,Man,93.86154413223267
subject_5_PXL_20220922_143127979.PORTRAIT.jpg,G:\Thesis\MonkSkinTone_Dataset\Segmented_MSTE\subject_5_PXL_20220922_143127979.PORTRAIT.jpg,Male,0.9857996702194214,Male,0.9966030120849609,Man,96.7488706111908
subject_5_PXL_20220922_143131100.PORTRAIT.jpg,G:\Thesis\MonkSkinTone_Dataset\Segmented_MSTE\subject_5_PXL_20220922_143131100.PORTRAIT.jpg,Male,0.9851458072662354,Male,0.9929070472717285,Man,93.05942058563232
subject_5_PXL_20220922_143135399.PORTRAIT.jpg,G:\Thesis\MonkSkinTone_Dataset\Segmented_MSTE\subject_5_PXL_20220922_143135399.PORTRAIT.jpg,Male,0.9841130375862122,Male,0.9820136427879333,Man,94.86658573150635
subject_5_PXL_20220922_143139165.PORTRAIT.jpg,G:\Thesis\MonkSkinTone_Dataset\Segmented_MSTE\subject_5_PXL_20220922_143139165.PORTRAIT.jpg,Male,0.984918475151062,Male,0.9855157136917114,Man,95.53961157798767
subject_5_PXL_20220922_143230097.jpg,G:\Thesis\MonkSkinTone_Dataset\Segmented_MSTE\subject_5_PXL_20220922_143230097.jpg,Male,0.986166775226593,Male,0.9946680068969727,Man,99.86353516578674
subject_5_PXL_20220922_143231854.jpg,G:\Thesis\MonkSkinTone_Dataset\Segmented_MSTE\subject_5_PXL_20220922_143231854.jpg,Male,0.9840898513793945,Male,0.9961916208267212,Man,99.92753863334656
subject_5_PXL_20220922_143235452.jpg,G:\Thesis\MonkSkinTone_Dataset\Segmented_MSTE\subject_5_PXL_20220922_143235452.jpg,Male,0.9857107996940613,Male,0.9914617538452148,Man,93.97276043891907
subject_5_PXL_20220922_143237153.jpg,G:\Thesis\MonkSkinTone_Dataset\Segmented_MSTE\subject_5_PXL_20220922_143237153.jpg,Male,0.9856768846511841,Male,0.993749737739563,Man,99.63221549987793
subject_5_PXL_20220922_143240755.jpg,G:\Thesis\MonkSkinTone_Dataset\Segmented_MSTE\subject_5_PXL_20220922_143240755.jpg,Male,0.9857909679412842,Male,0.9897486567497253,Man,99.95508790016174
subject_5_PXL_20220922_143242506.jpg,G:\Thesis\MonkSkinTone_Dataset\Segmented_MSTE\subject_5_PXL_20220922_143242506.jpg,Male,0.9866352677345276,Male,0.990951657295227,Man,99.47210550308228
subject_5_PXL_20220922_143246772.jpg,G:\Thesis\MonkSkinTone_Dataset\Segmented_MSTE\subject_5_PXL_20220922_143246772.jpg,Male,0.9865843653678894,Male,0.9804825782775879,Man,98.49262237548828
subject_5_PXL_20220922_143251719.jpg,G:\Thesis\MonkSkinTone_Dataset\Segmented_MSTE\subject_5_PXL_20220922_143251719.jpg,Male,0.9862952828407288,Male,0.9966294169425964,Man,99.92076754570007
subject_5_PXL_20220922_143253414.jpg,G:\Thesis\MonkSkinTone_Dataset\Segmented_MSTE\subject_5_PXL_20220922_143253414.jpg,Male,0.9848297834396362,Male,0.997212827205658,Man,99.83813762664795
subject_6_PXL_20220922_141458544.PORTRAIT.jpg,G:\Thesis\MonkSkinTone_Dataset\Segmented_MSTE\subject_6_PXL_20220922_141458544.PORTRAIT.jpg,Male,0.9684025645256042,Male,0.6050927042961121,Man,94.60232853889465
subject_6_PXL_20220922_141501094.PORTRAIT.jpg,G:\Thesis\MonkSkinTone_Dataset\Segmented_MSTE\subject_6_PXL_20220922_141501094.PORTRAIT.jpg,Male,0.9641746878623962,Male,0.7256290912628174,Man,94.02580261230469
subject_6_PXL_20220922_141507384.PORTRAIT.jpg,G:\Thesis\MonkSkinTone_Dataset\Segmented_MSTE\subject_6_PXL_20220922_141507384.PORTRAIT.jpg,Male,0.9712454676628113,Male,0.6106772422790527,Man,94.38304305076599
subject_6_PXL_20220922_141509803.PORTRAIT.jpg,G:\Thesis\MonkSkinTone_Dataset\Segmented_MSTE\subject_6_PXL_20220922_141509803.PORTRAIT.jpg,Male,0.9637735486030579,Male,0.6317028999328613,Man,87.51859068870544
subject_6_PXL_20220922_141511755.PORTRAIT.jpg,G:\Thesis\MonkSkinTone_Dataset\Segmented_MSTE\subject_6_PXL_20220922_141511755.PORTRAIT.jpg,Male,0.9571888446807861,Female,0.6844984889030457,Man,99.41259622573853
subject_6_PXL_20220922_141513523.PORTRAIT.jpg,G:\Thesis\MonkSkinTone_Dataset\Segmented_MSTE\subject_6_PXL_20220922_141513523.PORTRAIT.jpg,Female,0.5588132739067078,Male,0.7314792275428772,Man,94.80319023132324
subject_6_PXL_20220922_141519820.jpg,G:\Thesis\MonkSkinTone_Dataset\Segmented_MSTE\subject_6_PXL_20220922_141519820.jpg,Male,0.9770188927650452,Male,0.5423672199249268,Man,83.8721513748169
subject_6_PXL_20220922_141521292.jpg,G:\Thesis\MonkSkinTone_Dataset\Segmented_MSTE\subject_6_PXL_20220922_141521292.jpg,Male,0.9692502617835999,Male,0.6013822555541992,Man,53.21822762489319
subject_6_PXL_20220922_141523144.jpg,G:\Thesis\MonkSkinTone_Dataset\Segmented_MSTE\subject_6_PXL_20220922_141523144.jpg,Male,0.8789823055267334,Female,0.6075827479362488,Man,97.70408272743225
subject_6_PXL_20220922_141525030.jpg,G:\Thesis\MonkSkinTone_Dataset\Segmented_MSTE\subject_6_PXL_20220922_141525030.jpg,Female,0.6470740437507629,Male,0.6188237071037292,Man,97.70570397377014
subject_6_PXL_20220922_141526293.jpg,G:\Thesis\MonkSkinTone_Dataset\Segmented_MSTE\subject_6_PXL_20220922_141526293.jpg,Male,0.965034544467926,Male,0.705891489982605,Man,91.30381345748901
subject_6_PXL_20220922_141605392.jpg,G:\Thesis\MonkSkinTone_Dataset\Segmented_MSTE\subject_6_PXL_20220922_141605392.jpg,Male,0.8860508799552917,Female,0.8643449544906616,Woman,99.9817430973053
subject_6_PXL_20220922_141619931.jpg,G:\Thesis\MonkSkinTone_Dataset\Segmented_MSTE\subject_6_PXL_20220922_141619931.jpg,Male,0.8862767815589905,Female,0.9287903904914856,Woman,99.9941349029541
subject_6_PXL_20220922_141625961.jpg,G:\Thesis\MonkSkinTone_Dataset\Segmented_MSTE\subject_6_PXL_20220922_141625961.jpg,Female,0.9313622117042542,Female,0.9677007794380188,Woman,83.16898941993713
subject_6_PXL_20220922_141632698.jpg,G:\Thesis\MonkSkinTone_Dataset\Segmented_MSTE\subject_6_PXL_20220922_141632698.jpg,Male,0.8446448445320129,Female,0.9461924433708191,Man,99.80534315109253
subject_6_PXL_20220922_141635391.jpg,G:\Thesis\MonkSkinTone_Dataset\Segmented_MSTE\subject_6_PXL_20220922_141635391.jpg,Male,0.5672203898429871,Female,0.8579758405685425,Woman,99.77902173995972
subject_6_PXL_20220922_141639932.jpg,G:\Thesis\MonkSkinTone_Dataset\Segmented_MSTE\subject_6_PXL_20220922_141639932.jpg,Male,0.7924403548240662,Female,0.8394153118133545,Woman,99.97923970222473
subject_6_PXL_20220922_141724943.PORTRAIT.jpg,G:\Thesis\MonkSkinTone_Dataset\Segmented_MSTE\subject_6_PXL_20220922_141724943.PORTRAIT.jpg,Male,0.9111945033073425,Female,0.8980264663696289,Woman,55.82513213157654
subject_6_PXL_20220922_141729618.PORTRAIT.jpg,G:\Thesis\MonkSkinTone_Dataset\Segmented_MSTE\subject_6_PXL_20220922_141729618.PORTRAIT.jpg,Male,0.9512574672698975,Female,0.7853018045425415,Man,96.8815803527832
subject_6_PXL_20220922_141733560.PORTRAIT.jpg,G:\Thesis\MonkSkinTone_Dataset\Segmented_MSTE\subject_6_PXL_20220922_141733560.PORTRAIT.jpg,Female,0.9499012231826782,Female,0.9655409455299377,Woman,84.81700420379639
subject_6_PXL_20220922_141737535.PORTRAIT.jpg,G:\Thesis\MonkSkinTone_Dataset\Segmented_MSTE\subject_6_PXL_20220922_141737535.PORTRAIT.jpg,Male,0.8196911811828613,Female,0.9560285210609436,Man,99.07536506652832
subject_6_PXL_20220922_141741394.PORTRAIT.jpg,G:\Thesis\MonkSkinTone_Dataset\Segmented_MSTE\subject_6_PXL_20220922_141741394.PORTRAIT.jpg,Male,0.9595121741294861,Female,0.8556953072547913,Man,64.55432772636414
subject_6_PXL_20220922_141746988.PORTRAIT.jpg,G:\Thesis\MonkSkinTone_Dataset\Segmented_MSTE\subject_6_PXL_20220922_141746988.PORTRAIT.jpg,Male,0.9127750396728516,Female,0.8778051733970642,Woman,99.16994571685791
subject_6_PXL_20220922_141748897.PORTRAIT.jpg,G:\Thesis\MonkSkinTone_Dataset\Segmented_MSTE\subject_6_PXL_20220922_141748897.PORTRAIT.jpg,Male,0.6668921113014221,Female,0.8893618583679199,Woman,98.23203086853027
subject_6_PXL_20220922_141810468.PORTRAIT.jpg,G:\Thesis\MonkSkinTone_Dataset\Segmented_MSTE\subject_6_PXL_20220922_141810468.PORTRAIT.jpg,Male,0.9618737697601318,Female,0.9232124090194702,Man,81.37093186378479
subject_6_PXL_20220922_141815198.PORTRAIT.jpg,G:\Thesis\MonkSkinTone_Dataset\Segmented_MSTE\subject_6_PXL_20220922_141815198.PORTRAIT.jpg,Male,0.9407010078430176,Female,0.7382610440254211,Woman,68.2794988155365
subject_6_PXL_20220922_141819690.PORTRAIT.jpg,G:\Thesis\MonkSkinTone_Dataset\Segmented_MSTE\subject_6_PXL_20220922_141819690.PORTRAIT.jpg,Female,0.7664549946784973,Female,0.9838555455207825,Man,71.26678228378296
subject_6_PXL_20220922_141826372.PORTRAIT.jpg,G:\Thesis\MonkSkinTone_Dataset\Segmented_MSTE\subject_6_PXL_20220922_141826372.PORTRAIT.jpg,Female,0.8283848166465759,Female,0.9178552031517029,Woman,97.718745470047
subject_6_PXL_20220922_141831973.PORTRAIT.jpg,G:\Thesis\MonkSkinTone_Dataset\Segmented_MSTE\subject_6_PXL_20220922_141831973.PORTRAIT.jpg,Male,0.9490705728530884,Female,0.7901675701141357,Woman,92.58598685264587
subject_6_PXL_20220922_141835021.PORTRAIT.jpg,G:\Thesis\MonkSkinTone_Dataset\Segmented_MSTE\subject_6_PXL_20220922_141835021.PORTRAIT.jpg,Male,0.5588356852531433,Female,0.954927921295166,Woman,99.8225748538971
subject_6_PXL_20220922_141836902.PORTRAIT.jpg,G:\Thesis\MonkSkinTone_Dataset\Segmented_MSTE\subject_6_PXL_20220922_141836902.PORTRAIT.jpg,Male,0.8817907571792603,Female,0.9482430219650269,Woman,74.58041906356812
subject_6_PXL_20220922_141840168.PORTRAIT.jpg,G:\Thesis\MonkSkinTone_Dataset\Segmented_MSTE\subject_6_PXL_20220922_141840168.PORTRAIT.jpg,Male,0.9646735191345215,Female,0.9226071238517761,Man,97.02543020248413
subject_6_PXL_20220922_142041715.PORTRAIT.jpg,G:\Thesis\MonkSkinTone_Dataset\Segmented_MSTE\subject_6_PXL_20220922_142041715.PORTRAIT.jpg,Male,0.9209102392196655,Female,0.8597674369812012,Woman,88.55960965156555
subject_6_PXL_20220922_142057251.jpg,G:\Thesis\MonkSkinTone_Dataset\Segmented_MSTE\subject_6_PXL_20220922_142057251.jpg,Male,0.888700008392334,Female,0.8717418313026428,Woman,86.9687557220459
subject_6_PXL_20220922_142100200.jpg,G:\Thesis\MonkSkinTone_Dataset\Segmented_MSTE\subject_6_PXL_20220922_142100200.jpg,Male,0.9606339335441589,Female,0.855357825756073,Woman,61.26498579978943
subject_6_PXL_20220922_142103081.jpg,G:\Thesis\MonkSkinTone_Dataset\Segmented_MSTE\subject_6_PXL_20220922_142103081.jpg,Male,0.920896589756012,Female,0.8939215540885925,Man,58.53978991508484
subject_6_PXL_20220922_142105039.jpg,G:\Thesis\MonkSkinTone_Dataset\Segmented_MSTE\subject_6_PXL_20220922_142105039.jpg,Male,0.9571489095687866,Female,0.9459793567657471,Woman,81.16875290870667
subject_6_PXL_20220922_142106716.jpg,G:\Thesis\MonkSkinTone_Dataset\Segmented_MSTE\subject_6_PXL_20220922_142106716.jpg,Male,0.8393900394439697,Female,0.9565697908401489,Man,57.88605809211731
subject_6_PXL_20220922_142108629.jpg,G:\Thesis\MonkSkinTone_Dataset\Segmented_MSTE\subject_6_PXL_20220922_142108629.jpg,Female,0.9159089922904968,Female,0.9225122928619385,Woman,93.2127833366394
subject_6_PXL_20220922_142111300.jpg,G:\Thesis\MonkSkinTone_Dataset\Segmented_MSTE\subject_6_PXL_20220922_142111300.jpg,Male,0.8988512754440308,Female,0.9391413927078247,Woman,91.3335919380188
subject_6_PXL_20220922_142112641.jpg,G:\Thesis\MonkSkinTone_Dataset\Segmented_MSTE\subject_6_PXL_20220922_142112641.jpg,Male,0.9200289845466614,Female,0.8744596242904663,Man,54.99776005744934
subject_6_PXL_20220922_142114208.jpg,G:\Thesis\MonkSkinTone_Dataset\Segmented_MSTE\subject_6_PXL_20220922_142114208.jpg,Male,0.9673706889152527,Female,0.8427623510360718,Woman,72.05564379692078
subject_6_PXL_20220922_142115816.jpg,G:\Thesis\MonkSkinTone_Dataset\Segmented_MSTE\subject_6_PXL_20220922_142115816.jpg,Male,0.8725008368492126,Female,0.9131988286972046,Man,65.41768312454224
subject_6_PXL_20220922_142117383.jpg,G:\Thesis\MonkSkinTone_Dataset\Segmented_MSTE\subject_6_PXL_20220922_142117383.jpg,Male,0.6186808943748474,Female,0.9270322322845459,Man,90.07992148399353
subject_6_PXL_20220922_142118942.jpg,G:\Thesis\MonkSkinTone_Dataset\Segmented_MSTE\subject_6_PXL_20220922_142118942.jpg,Male,0.5557584762573242,Female,0.9144076108932495,Woman,94.34694051742554
subject_6_PXL_20220922_142122608.jpg,G:\Thesis\MonkSkinTone_Dataset\Segmented_MSTE\subject_6_PXL_20220922_142122608.jpg,Male,0.9426371455192566,Female,0.9652537107467651,Woman,79.07683253288269
subject_6_PXL_20220922_142133535.jpg,G:\Thesis\MonkSkinTone_Dataset\Segmented_MSTE\subject_6_PXL_20220922_142133535.jpg,Male,0.6216709017753601,Female,0.8066253662109375,Woman,98.6198902130127
subject_6_PXL_20220922_142141315.jpg,G:\Thesis\MonkSkinTone_Dataset\Segmented_MSTE\subject_6_PXL_20220922_142141315.jpg,Male,0.7178188562393188,Female,0.9698468446731567,Man,65.7906711101532
subject_6_PXL_20220922_142143256.jpg,G:\Thesis\MonkSkinTone_Dataset\Segmented_MSTE\subject_6_PXL_20220922_142143256.jpg,Female,0.5937193036079407,Female,0.9739395976066589,Man,52.55085229873657
subject_6_PXL_20220922_142144978.jpg,G:\Thesis\MonkSkinTone_Dataset\Segmented_MSTE\subject_6_PXL_20220922_142144978.jpg,Female,0.8319271206855774,Female,0.9336205720901489,Woman,50.2055287361145
subject_6_PXL_20220922_142149612.jpg,G:\Thesis\MonkSkinTone_Dataset\Segmented_MSTE\subject_6_PXL_20220922_142149612.jpg,Male,0.9054296016693115,Female,0.9416662454605103,Woman,64.89107012748718
subject_6_PXL_20220922_142150811.jpg,G:\Thesis\MonkSkinTone_Dataset\Segmented_MSTE\subject_6_PXL_20220922_142150811.jpg,Female,0.5132602453231812,Male,0.532861590385437,Man,68.22601556777954
subject_6_PXL_20220922_142151943.jpg,G:\Thesis\MonkSkinTone_Dataset\Segmented_MSTE\subject_6_PXL_20220922_142151943.jpg,Male,0.9379355907440186,Female,0.9676591157913208,Woman,78.00993919372559
subject_6_PXL_20220922_142153214.jpg,G:\Thesis\MonkSkinTone_Dataset\Segmented_MSTE\subject_6_PXL_20220922_142153214.jpg,Male,0.707606315612793,Female,0.9797627329826355,Woman,80.40955066680908
subject_6_PXL_20220922_142155246.jpg,G:\Thesis\MonkSkinTone_Dataset\Segmented_MSTE\subject_6_PXL_20220922_142155246.jpg,Female,0.6159203052520752,Female,0.930913507938385,Man,77.4975597858429
subject_6_PXL_20220922_142156487.jpg,G:\Thesis\MonkSkinTone_Dataset\Segmented_MSTE\subject_6_PXL_20220922_142156487.jpg,Male,0.7369352579116821,Female,0.9745294451713562,Woman,82.83833861351013
subject_6_PXL_20220922_142157924.jpg,G:\Thesis\MonkSkinTone_Dataset\Segmented_MSTE\subject_6_PXL_20220922_142157924.jpg,Male,0.6286598443984985,Female,0.9593880772590637,Woman,62.491583824157715
subject_6_PXL_20220922_142200222.jpg,G:\Thesis\MonkSkinTone_Dataset\Segmented_MSTE\subject_6_PXL_20220922_142200222.jpg,Male,0.8968151211738586,Female,0.9144614338874817,Man,58.64815711975098
subject_6_PXL_20220922_142237800.PORTRAIT.jpg,G:\Thesis\MonkSkinTone_Dataset\Segmented_MSTE\subject_6_PXL_20220922_142237800.PORTRAIT.jpg,Male,0.915290355682373,Female,0.6942232251167297,Woman,91.70199632644653
subject_6_PXL_20220922_142240665.PORTRAIT.jpg,G:\Thesis\MonkSkinTone_Dataset\Segmented_MSTE\subject_6_PXL_20220922_142240665.PORTRAIT.jpg,Male,0.9538947939872742,Female,0.8185850977897644,Woman,99.7834861278534
subject_6_PXL_20220922_142243136.PORTRAIT.jpg,G:\Thesis\MonkSkinTone_Dataset\Segmented_MSTE\subject_6_PXL_20220922_142243136.PORTRAIT.jpg,Male,0.9201276898384094,Female,0.7992380857467651,Woman,99.78488683700562
subject_6_PXL_20220922_142245552.PORTRAIT.jpg,G:\Thesis\MonkSkinTone_Dataset\Segmented_MSTE\subject_6_PXL_20220922_142245552.PORTRAIT.jpg,Male,0.8738330006599426,Female,0.9180985689163208,Man,77.03379988670349
subject_6_PXL_20220922_142247360.PORTRAIT.jpg,G:\Thesis\MonkSkinTone_Dataset\Segmented_MSTE\subject_6_PXL_20220922_142247360.PORTRAIT.jpg,Male,0.8968130350112915,Female,0.7869946956634521,Woman,99.50447082519531
subject_6_PXL_20220922_142251582.PORTRAIT.jpg,G:\Thesis\MonkSkinTone_Dataset\Segmented_MSTE\subject_6_PXL_20220922_142251582.PORTRAIT.jpg,Male,0.868859052658081,Female,0.8735619783401489,Woman,99.44649338722229
subject_6_PXL_20220922_142254164.PORTRAIT.jpg,G:\Thesis\MonkSkinTone_Dataset\Segmented_MSTE\subject_6_PXL_20220922_142254164.PORTRAIT.jpg,Male,0.9462024569511414,Female,0.876888632774353,Woman,98.86435866355896
subject_6_PXL_20220922_142255593.PORTRAIT.jpg,G:\Thesis\MonkSkinTone_Dataset\Segmented_MSTE\subject_6_PXL_20220922_142255593.PORTRAIT.jpg,Male,0.903011679649353,Female,0.8528085947036743,Woman,98.99677038192749
subject_6_PXL_20220922_142256912.PORTRAIT.jpg,G:\Thesis\MonkSkinTone_Dataset\Segmented_MSTE\subject_6_PXL_20220922_142256912.PORTRAIT.jpg,Male,0.8345165848731995,Female,0.8422097563743591,Man,97.6918637752533
subject_6_PXL_20220922_142259877.PORTRAIT.jpg,G:\Thesis\MonkSkinTone_Dataset\Segmented_MSTE\subject_6_PXL_20220922_142259877.PORTRAIT.jpg,Male,0.8587702512741089,Female,0.8427854776382446,Woman,76.1651337146759
subject_6_PXL_20220922_142306737.PORTRAIT.jpg,G:\Thesis\MonkSkinTone_Dataset\Segmented_MSTE\subject_6_PXL_20220922_142306737.PORTRAIT.jpg,Male,0.9465364217758179,Female,0.8655073642730713,Woman,98.6014723777771
subject_6_PXL_20220922_142308221.PORTRAIT.jpg,G:\Thesis\MonkSkinTone_Dataset\Segmented_MSTE\subject_6_PXL_20220922_142308221.PORTRAIT.jpg,Male,0.9707973003387451,Female,0.8326761722564697,Woman,99.4988739490509
subject_6_PXL_20220922_142309716.PORTRAIT.jpg,G:\Thesis\MonkSkinTone_Dataset\Segmented_MSTE\subject_6_PXL_20220922_142309716.PORTRAIT.jpg,Female,0.7712718844413757,Female,0.9556724429130554,Man,98.47203493118286
subject_6_PXL_20220922_142314137.PORTRAIT.jpg,G:\Thesis\MonkSkinTone_Dataset\Segmented_MSTE\subject_6_PXL_20220922_142314137.PORTRAIT.jpg,Male,0.8930590152740479,Female,0.8023933172225952,Man,52.838993072509766
subject_6_PXL_20220922_142317969.PORTRAIT.jpg,G:\Thesis\MonkSkinTone_Dataset\Segmented_MSTE\subject_6_PXL_20220922_142317969.PORTRAIT.jpg,Male,0.9531425833702087,Female,0.525111973285675,Man,95.53319215774536
subject_7_PXL_20220922_200441666.jpg,G:\Thesis\MonkSkinTone_Dataset\Segmented_MSTE\subject_7_PXL_20220922_200441666.jpg,Female,0.713040292263031,Female,0.8532281517982483,Man,88.84328603744507
subject_7_PXL_20220922_200448892.jpg,G:\Thesis\MonkSkinTone_Dataset\Segmented_MSTE\subject_7_PXL_20220922_200448892.jpg,Female,0.7927041053771973,Male,0.7115183472633362,Man,86.01740002632141
subject_7_PXL_20220922_200451627.jpg,G:\Thesis\MonkSkinTone_Dataset\Segmented_MSTE\subject_7_PXL_20220922_200451627.jpg,Female,0.9646811485290527,Male,0.7276222109794617,Woman,57.29621648788452
subject_7_PXL_20220922_200453652.jpg,G:\Thesis\MonkSkinTone_Dataset\Segmented_MSTE\subject_7_PXL_20220922_200453652.jpg,Female,0.9464786648750305,Female,0.5195005536079407,Man,99.7378945350647
subject_7_PXL_20220922_200455601.jpg,G:\Thesis\MonkSkinTone_Dataset\Segmented_MSTE\subject_7_PXL_20220922_200455601.jpg,Female,0.9810225367546082,Female,0.8530479073524475,Woman,79.49731349945068
subject_7_PXL_20220922_200457952.jpg,G:\Thesis\MonkSkinTone_Dataset\Segmented_MSTE\subject_7_PXL_20220922_200457952.jpg,Female,0.9595550894737244,Female,0.864592969417572,Man,99.16306138038635
subject_7_PXL_20220922_200459788.jpg,G:\Thesis\MonkSkinTone_Dataset\Segmented_MSTE\subject_7_PXL_20220922_200459788.jpg,Female,0.874003529548645,Male,0.7098103165626526,Man,93.44593286514282
subject_7_PXL_20220922_200501406.jpg,G:\Thesis\MonkSkinTone_Dataset\Segmented_MSTE\subject_7_PXL_20220922_200501406.jpg,Female,0.7077114582061768,Male,0.8080200552940369,Man,91.10874533653259
subject_7_PXL_20220922_200502809.jpg,G:\Thesis\MonkSkinTone_Dataset\Segmented_MSTE\subject_7_PXL_20220922_200502809.jpg,Female,0.9301403164863586,Female,0.5283073782920837,Man,99.68401193618774
subject_7_PXL_20220922_200503926.jpg,G:\Thesis\MonkSkinTone_Dataset\Segmented_MSTE\subject_7_PXL_20220922_200503926.jpg,Female,0.7781675457954407,Female,0.9524457454681396,Woman,77.41612792015076
subject_7_PXL_20220922_200512276.jpg,G:\Thesis\MonkSkinTone_Dataset\Segmented_MSTE\subject_7_PXL_20220922_200512276.jpg,Male,0.801440417766571,Female,0.6254218816757202,Woman,54.11185622215271
subject_7_PXL_20220922_200514458.jpg,G:\Thesis\MonkSkinTone_Dataset\Segmented_MSTE\subject_7_PXL_20220922_200514458.jpg,Male,0.9612594842910767,Male,0.8543709516525269,Woman,71.95717692375183
subject_7_PXL_20220922_200516243.jpg,G:\Thesis\MonkSkinTone_Dataset\Segmented_MSTE\subject_7_PXL_20220922_200516243.jpg,Male,0.6903499364852905,Male,0.56492680311203,Woman,93.35411190986633
subject_7_PXL_20220922_200517814.jpg,G:\Thesis\MonkSkinTone_Dataset\Segmented_MSTE\subject_7_PXL_20220922_200517814.jpg,Female,0.9508531093597412,Male,0.8023948669433594,Man,98.5512912273407
subject_7_PXL_20220922_200519022.jpg,G:\Thesis\MonkSkinTone_Dataset\Segmented_MSTE\subject_7_PXL_20220922_200519022.jpg,Female,0.973914623260498,Female,0.882135808467865,Man,87.51903176307678
subject_7_PXL_20220922_200522557.jpg,G:\Thesis\MonkSkinTone_Dataset\Segmented_MSTE\subject_7_PXL_20220922_200522557.jpg,Female,0.9597465395927429,Male,0.7603136301040649,Man,96.50619626045227
subject_7_PXL_20220922_200526574.jpg,G:\Thesis\MonkSkinTone_Dataset\Segmented_MSTE\subject_7_PXL_20220922_200526574.jpg,Male,0.8812114000320435,Male,0.8046135306358337,Woman,69.4903314113617
subject_7_PXL_20220922_200527926.jpg,G:\Thesis\MonkSkinTone_Dataset\Segmented_MSTE\subject_7_PXL_20220922_200527926.jpg,Male,0.7895135283470154,Male,0.8464893698692322,Woman,50.83298087120056
subject_7_PXL_20220922_200529265.jpg,G:\Thesis\MonkSkinTone_Dataset\Segmented_MSTE\subject_7_PXL_20220922_200529265.jpg,Male,0.906055212020874,Male,0.588822603225708,Man,85.75901985168457
subject_7_PXL_20220922_200543167.jpg,G:\Thesis\MonkSkinTone_Dataset\Segmented_MSTE\subject_7_PXL_20220922_200543167.jpg,Male,0.501434862613678,Female,0.849643886089325,Woman,50.037676095962524
subject_7_PXL_20220922_200545171.jpg,G:\Thesis\MonkSkinTone_Dataset\Segmented_MSTE\subject_7_PXL_20220922_200545171.jpg,Male,0.6339189410209656,Female,0.5496222376823425,Man,94.30959224700928
subject_7_PXL_20220922_200547755.jpg,G:\Thesis\MonkSkinTone_Dataset\Segmented_MSTE\subject_7_PXL_20220922_200547755.jpg,Female,0.9427810907363892,Male,0.7499433159828186,Woman,88.6864721775055
subject_7_PXL_20220922_200549845.jpg,G:\Thesis\MonkSkinTone_Dataset\Segmented_MSTE\subject_7_PXL_20220922_200549845.jpg,Female,0.9216415286064148,Female,0.5918076038360596,Man,99.2066740989685
subject_7_PXL_20220922_200552085.jpg,G:\Thesis\MonkSkinTone_Dataset\Segmented_MSTE\subject_7_PXL_20220922_200552085.jpg,Female,0.9744633436203003,Female,0.5442635416984558,Man,80.13344407081604
subject_7_PXL_20220922_200554422.jpg,G:\Thesis\MonkSkinTone_Dataset\Segmented_MSTE\subject_7_PXL_20220922_200554422.jpg,Female,0.8323114514350891,Male,0.7213354706764221,Man,97.52795696258545
subject_7_PXL_20220922_200557501.jpg,G:\Thesis\MonkSkinTone_Dataset\Segmented_MSTE\subject_7_PXL_20220922_200557501.jpg,Male,0.8678474426269531,Female,0.6845714449882507,Man,96.71326875686646
subject_7_PXL_20220922_200559727.jpg,G:\Thesis\MonkSkinTone_Dataset\Segmented_MSTE\subject_7_PXL_20220922_200559727.jpg,Male,0.6627553105354309,Female,0.5453794598579407,Man,97.66256809234619
subject_7_PXL_20220922_200601375.jpg,G:\Thesis\MonkSkinTone_Dataset\Segmented_MSTE\subject_7_PXL_20220922_200601375.jpg,Male,0.5536824464797974,Female,0.5501511096954346,Man,99.76367950439453
subject_7_PXL_20220922_200604281.jpg,G:\Thesis\MonkSkinTone_Dataset\Segmented_MSTE\subject_7_PXL_20220922_200604281.jpg,Female,0.9737990498542786,Female,0.8773268461227417,Man,71.13345265388489
subject_7_PXL_20220922_200610155.jpg,G:\Thesis\MonkSkinTone_Dataset\Segmented_MSTE\subject_7_PXL_20220922_200610155.jpg,Male,0.5689423084259033,Male,0.6945337057113647,Man,78.0363917350769
subject_7_PXL_20220922_200613567.jpg,G:\Thesis\MonkSkinTone_Dataset\Segmented_MSTE\subject_7_PXL_20220922_200613567.jpg,Male,0.7324186563491821,Female,0.6728700995445251,Man,90.25542140007019
subject_7_PXL_20220922_200615910.jpg,G:\Thesis\MonkSkinTone_Dataset\Segmented_MSTE\subject_7_PXL_20220922_200615910.jpg,Female,0.7873704433441162,Male,0.5876524448394775,Woman,98.48343133926392
subject_7_PXL_20220922_200618729.jpg,G:\Thesis\MonkSkinTone_Dataset\Segmented_MSTE\subject_7_PXL_20220922_200618729.jpg,Male,0.6634962558746338,Male,0.7326391339302063,Man,99.20797944068909
subject_7_PXL_20220922_200620775.jpg,G:\Thesis\MonkSkinTone_Dataset\Segmented_MSTE\subject_7_PXL_20220922_200620775.jpg,Female,0.9429869055747986,Male,0.551279604434967,Man,85.36593914031982
subject_7_PXL_20220922_200625319.jpg,G:\Thesis\MonkSkinTone_Dataset\Segmented_MSTE\subject_7_PXL_20220922_200625319.jpg,Male,0.7151409387588501,Male,0.5470853447914124,Man,78.47911715507507
subject_7_PXL_20220922_200627889.jpg,G:\Thesis\MonkSkinTone_Dataset\Segmented_MSTE\subject_7_PXL_20220922_200627889.jpg,Male,0.570904016494751,Male,0.7475894689559937,Man,86.41887903213501
subject_7_PXL_20220922_200630624.jpg,G:\Thesis\MonkSkinTone_Dataset\Segmented_MSTE\subject_7_PXL_20220922_200630624.jpg,Male,0.8820621967315674,Male,0.9290870428085327,Man,94.03562545776367
subject_7_PXL_20220922_200631137.jpg,G:\Thesis\MonkSkinTone_Dataset\Segmented_MSTE\subject_7_PXL_20220922_200631137.jpg,Male,0.857893705368042,Male,0.9280984997749329,Man,71.21062278747559
subject_7_PXL_20220922_200634218.jpg,G:\Thesis\MonkSkinTone_Dataset\Segmented_MSTE\subject_7_PXL_20220922_200634218.jpg,Female,0.9035911560058594,Male,0.5572984218597412,Man,97.73593544960022
subject_7_PXL_20220922_200637881.jpg,G:\Thesis\MonkSkinTone_Dataset\Segmented_MSTE\subject_7_PXL_20220922_200637881.jpg,Male,0.7546461224555969,Male,0.8774884343147278,Man,97.55022525787354
subject_7_PXL_20220922_200640074.jpg,G:\Thesis\MonkSkinTone_Dataset\Segmented_MSTE\subject_7_PXL_20220922_200640074.jpg,Female,0.5359371304512024,Male,0.9072104096412659,Man,85.71324348449707
subject_7_PXL_20220922_200829155.jpg,G:\Thesis\MonkSkinTone_Dataset\Segmented_MSTE\subject_7_PXL_20220922_200829155.jpg,Male,0.9378759264945984,Female,0.8096791505813599,Woman,58.219993114471436
subject_7_PXL_20220922_200830294.jpg,G:\Thesis\MonkSkinTone_Dataset\Segmented_MSTE\subject_7_PXL_20220922_200830294.jpg,Female,0.9450920820236206,Female,0.8519107699394226,Man,86.61239743232727
subject_7_PXL_20220922_200831394.jpg,G:\Thesis\MonkSkinTone_Dataset\Segmented_MSTE\subject_7_PXL_20220922_200831394.jpg,Female,0.9792382121086121,Female,0.7935665845870972,Man,81.40202164649963
subject_7_PXL_20220922_200832775.jpg,G:\Thesis\MonkSkinTone_Dataset\Segmented_MSTE\subject_7_PXL_20220922_200832775.jpg,Female,0.972392201423645,Female,0.522117555141449,Man,57.56603479385376
subject_7_PXL_20220922_200834042.jpg,G:\Thesis\MonkSkinTone_Dataset\Segmented_MSTE\subject_7_PXL_20220922_200834042.jpg,Female,0.8914161920547485,Female,0.8245073556900024,Man,77.06764936447144
subject_7_PXL_20220922_200835329.jpg,G:\Thesis\MonkSkinTone_Dataset\Segmented_MSTE\subject_7_PXL_20220922_200835329.jpg,Female,0.8223345875740051,Female,0.8975893259048462,Man,51.13855004310608
subject_7_PXL_20220922_200836956.jpg,G:\Thesis\MonkSkinTone_Dataset\Segmented_MSTE\subject_7_PXL_20220922_200836956.jpg,Male,0.8609864115715027,Female,0.6457511782646179,Man,84.65073704719543
subject_7_PXL_20220922_200839628.jpg,G:\Thesis\MonkSkinTone_Dataset\Segmented_MSTE\subject_7_PXL_20220922_200839628.jpg,Female,0.8599848747253418,Female,0.9758967161178589,Man,89.09918665885925
subject_7_PXL_20220922_200840646.jpg,G:\Thesis\MonkSkinTone_Dataset\Segmented_MSTE\subject_7_PXL_20220922_200840646.jpg,Male,0.8319263458251953,Female,0.7730300426483154,Man,70.59255838394165
subject_7_PXL_20220922_200842021.jpg,G:\Thesis\MonkSkinTone_Dataset\Segmented_MSTE\subject_7_PXL_20220922_200842021.jpg,Male,0.9730997085571289,Male,0.6158064007759094,Man,66.7646050453186
subject_7_PXL_20220922_200843113.jpg,G:\Thesis\MonkSkinTone_Dataset\Segmented_MSTE\subject_7_PXL_20220922_200843113.jpg,Male,0.8861024379730225,Female,0.8825488090515137,Man,71.96198105812073
subject_7_PXL_20220922_200912092.jpg,G:\Thesis\MonkSkinTone_Dataset\Segmented_MSTE\subject_7_PXL_20220922_200912092.jpg,Male,0.860986053943634,Female,0.8389176726341248,Man,94.05614733695984
subject_7_PXL_20220922_200914218.jpg,G:\Thesis\MonkSkinTone_Dataset\Segmented_MSTE\subject_7_PXL_20220922_200914218.jpg,Male,0.8921453356742859,Female,0.5026743412017822,Man,94.34100985527039
subject_7_PXL_20220922_200916683.jpg,G:\Thesis\MonkSkinTone_Dataset\Segmented_MSTE\subject_7_PXL_20220922_200916683.jpg,Male,0.7208139896392822,Female,0.6264230608940125,Man,86.7717981338501
subject_7_PXL_20220922_200918851.jpg,G:\Thesis\MonkSkinTone_Dataset\Segmented_MSTE\subject_7_PXL_20220922_200918851.jpg,Male,0.9567151069641113,Male,0.520438015460968,Man,94.22940611839294
subject_7_PXL_20220922_200921149.jpg,G:\Thesis\MonkSkinTone_Dataset\Segmented_MSTE\subject_7_PXL_20220922_200921149.jpg,Female,0.9634312987327576,Female,0.9152055978775024,Man,87.49497532844543
subject_7_PXL_20220922_200933252.jpg,G:\Thesis\MonkSkinTone_Dataset\Segmented_MSTE\subject_7_PXL_20220922_200933252.jpg,Female,0.8753652572631836,Male,0.5876621603965759,Man,88.32632303237915
subject_7_PXL_20220922_200935095.jpg,G:\Thesis\MonkSkinTone_Dataset\Segmented_MSTE\subject_7_PXL_20220922_200935095.jpg,Female,0.8664642572402954,Female,0.7452171444892883,Man,74.790358543396
subject_7_PXL_20220922_200937622.jpg,G:\Thesis\MonkSkinTone_Dataset\Segmented_MSTE\subject_7_PXL_20220922_200937622.jpg,Male,0.870029091835022,Male,0.7026723027229309,Man,74.53410029411316
subject_7_PXL_20220922_200939541.jpg,G:\Thesis\MonkSkinTone_Dataset\Segmented_MSTE\subject_7_PXL_20220922_200939541.jpg,Male,0.8718591928482056,Male,0.5013599395751953,Man,91.94135665893555
subject_7_PXL_20220922_200941758.jpg,G:\Thesis\MonkSkinTone_Dataset\Segmented_MSTE\subject_7_PXL_20220922_200941758.jpg,Female,0.9770798683166504,Female,0.6566009521484375,Man,82.99619555473328
subject_7_PXL_20220922_200952853.jpg,G:\Thesis\MonkSkinTone_Dataset\Segmented_MSTE\subject_7_PXL_20220922_200952853.jpg,Female,0.8173171281814575,Male,0.8464146852493286,Man,89.02057409286499
subject_7_PXL_20220922_200954702.jpg,G:\Thesis\MonkSkinTone_Dataset\Segmented_MSTE\subject_7_PXL_20220922_200954702.jpg,Female,0.9590814709663391,Male,0.5684767365455627,Man,52.74360775947571
subject_7_PXL_20220922_200956536.jpg,G:\Thesis\MonkSkinTone_Dataset\Segmented_MSTE\subject_7_PXL_20220922_200956536.jpg,Female,0.8812418580055237,Female,0.8717191219329834,Man,78.71336340904236
subject_7_PXL_20220922_200959790.jpg,G:\Thesis\MonkSkinTone_Dataset\Segmented_MSTE\subject_7_PXL_20220922_200959790.jpg,Male,0.8295003771781921,Female,0.8632945418357849,Woman,65.32264947891235
subject_7_PXL_20220922_201003232.jpg,G:\Thesis\MonkSkinTone_Dataset\Segmented_MSTE\subject_7_PXL_20220922_201003232.jpg,Male,0.8734049201011658,Female,0.6278176307678223,Man,90.80838561058044
subject_7_PXL_20220922_201010784.jpg,G:\Thesis\MonkSkinTone_Dataset\Segmented_MSTE\subject_7_PXL_20220922_201010784.jpg,Male,0.8233641982078552,Female,0.7315168380737305,Man,73.95285964012146
subject_7_PXL_20220922_201013077.jpg,G:\Thesis\MonkSkinTone_Dataset\Segmented_MSTE\subject_7_PXL_20220922_201013077.jpg,Male,0.9512978196144104,Male,0.7586813569068909,Man,90.95402359962463
subject_7_PXL_20220922_201015629.jpg,G:\Thesis\MonkSkinTone_Dataset\Segmented_MSTE\subject_7_PXL_20220922_201015629.jpg,Male,0.9731149673461914,Male,0.8963342905044556,Man,79.69854474067688
subject_7_PXL_20220922_201017494.jpg,G:\Thesis\MonkSkinTone_Dataset\Segmented_MSTE\subject_7_PXL_20220922_201017494.jpg,Male,0.9708088636398315,Female,0.5386321544647217,Man,51.67744755744934
subject_7_PXL_20220922_201019240.jpg,G:\Thesis\MonkSkinTone_Dataset\Segmented_MSTE\subject_7_PXL_20220922_201019240.jpg,Female,0.9020459651947021,Male,0.5907235145568848,Man,84.82782244682312
subject_7_PXL_20220922_201053928.jpg,G:\Thesis\MonkSkinTone_Dataset\Segmented_MSTE\subject_7_PXL_20220922_201053928.jpg,Female,0.976642370223999,Female,0.892763614654541,Man,67.86535382270813
subject_7_PXL_20220922_201055412.jpg,G:\Thesis\MonkSkinTone_Dataset\Segmented_MSTE\subject_7_PXL_20220922_201055412.jpg,Female,0.9784231781959534,Female,0.8280835151672363,Man,87.44235038757324
subject_7_PXL_20220922_201056746.jpg,G:\Thesis\MonkSkinTone_Dataset\Segmented_MSTE\subject_7_PXL_20220922_201056746.jpg,Female,0.9515771865844727,Female,0.657849133014679,Man,95.03589272499084
subject_7_PXL_20220922_201058066.jpg,G:\Thesis\MonkSkinTone_Dataset\Segmented_MSTE\subject_7_PXL_20220922_201058066.jpg,Female,0.9752001166343689,Female,0.957145094871521,Man,58.83747935295105
subject_7_PXL_20220922_201100125.jpg,G:\Thesis\MonkSkinTone_Dataset\Segmented_MSTE\subject_7_PXL_20220922_201100125.jpg,Male,0.7923268675804138,Male,0.7133073210716248,Man,96.2405264377594
subject_7_PXL_20220922_201103004.jpg,G:\Thesis\MonkSkinTone_Dataset\Segmented_MSTE\subject_7_PXL_20220922_201103004.jpg,Female,0.9107226729393005,Male,0.5100481510162354,Man,98.27065467834473
subject_7_PXL_20220922_201104283.jpg,G:\Thesis\MonkSkinTone_Dataset\Segmented_MSTE\subject_7_PXL_20220922_201104283.jpg,Female,0.7586708664894104,Female,0.9813079237937927,Man,94.3471908569336
subject_7_PXL_20220922_201105804.jpg,G:\Thesis\MonkSkinTone_Dataset\Segmented_MSTE\subject_7_PXL_20220922_201105804.jpg,Female,0.9255682229995728,Female,0.932471513748169,Man,97.5778877735138
subject_7_PXL_20220922_201112822.jpg,G:\Thesis\MonkSkinTone_Dataset\Segmented_MSTE\subject_7_PXL_20220922_201112822.jpg,Female,0.963787317276001,Male,0.5108979940414429,Man,97.016441822052
subject_7_PXL_20220922_201115889.jpg,G:\Thesis\MonkSkinTone_Dataset\Segmented_MSTE\subject_7_PXL_20220922_201115889.jpg,Male,0.7482467889785767,Female,0.7126211524009705,Man,94.0326988697052
subject_7_PXL_20220922_201123752.jpg,G:\Thesis\MonkSkinTone_Dataset\Segmented_MSTE\subject_7_PXL_20220922_201123752.jpg,Male,0.7464317083358765,Female,0.8571842908859253,Man,99.20680522918701
subject_7_PXL_20220922_201142228.jpg,G:\Thesis\MonkSkinTone_Dataset\Segmented_MSTE\subject_7_PXL_20220922_201142228.jpg,Male,0.9050967693328857,Male,0.7034775614738464,Man,77.69932746887207
subject_7_PXL_20220922_201144852.jpg,G:\Thesis\MonkSkinTone_Dataset\Segmented_MSTE\subject_7_PXL_20220922_201144852.jpg,Male,0.9263362884521484,Male,0.7576544880867004,Man,90.8082664012909
subject_7_PXL_20220922_201147352.jpg,G:\Thesis\MonkSkinTone_Dataset\Segmented_MSTE\subject_7_PXL_20220922_201147352.jpg,Male,0.8661730289459229,Male,0.6731069684028625,Man,87.45673894882202
subject_7_PXL_20220922_201148997.jpg,G:\Thesis\MonkSkinTone_Dataset\Segmented_MSTE\subject_7_PXL_20220922_201148997.jpg,Male,0.8701955676078796,Male,0.6507275104522705,Man,94.88136172294617
subject_7_PXL_20220922_201150533.jpg,G:\Thesis\MonkSkinTone_Dataset\Segmented_MSTE\subject_7_PXL_20220922_201150533.jpg,Male,0.7922847270965576,Male,0.6116556525230408,Man,66.28115773200989
subject_7_PXL_20220922_201154083.jpg,G:\Thesis\MonkSkinTone_Dataset\Segmented_MSTE\subject_7_PXL_20220922_201154083.jpg,Male,0.9185106158256531,Male,0.7874647378921509,Man,89.6341860294342
subject_7_PXL_20220922_201155538.jpg,G:\Thesis\MonkSkinTone_Dataset\Segmented_MSTE\subject_7_PXL_20220922_201155538.jpg,Male,0.9193899631500244,Male,0.7418067455291748,Man,78.39598059654236
subject_7_PXL_20220922_201156891.jpg,G:\Thesis\MonkSkinTone_Dataset\Segmented_MSTE\subject_7_PXL_20220922_201156891.jpg,Male,0.548608660697937,Male,0.7006966471672058,Man,88.76347541809082
subject_7_PXL_20220922_201158155.jpg,G:\Thesis\MonkSkinTone_Dataset\Segmented_MSTE\subject_7_PXL_20220922_201158155.jpg,Male,0.6076832413673401,Male,0.7168499231338501,Man,95.7423448562622
subject_7_PXL_20220922_201159649.jpg,G:\Thesis\MonkSkinTone_Dataset\Segmented_MSTE\subject_7_PXL_20220922_201159649.jpg,Female,0.6451774835586548,Male,0.590461015701294,Man,81.38962388038635
subject_8_PXL_20220922_143926991.jpg,G:\Thesis\MonkSkinTone_Dataset\Segmented_MSTE\subject_8_PXL_20220922_143926991.jpg,Male,0.9876606464385986,Male,0.9869384765625,Man,99.99395608901978
subject_8_PXL_20220922_143929898.jpg,G:\Thesis\MonkSkinTone_Dataset\Segmented_MSTE\subject_8_PXL_20220922_143929898.jpg,Male,0.9875026345252991,Male,0.9914143681526184,Man,75.17550587654114
subject_8_PXL_20220922_143931549.jpg,G:\Thesis\MonkSkinTone_Dataset\Segmented_MSTE\subject_8_PXL_20220922_143931549.jpg,Male,0.9869720339775085,Male,0.9920607805252075,Man,99.91361498832703
subject_8_PXL_20220922_143933791.jpg,G:\Thesis\MonkSkinTone_Dataset\Segmented_MSTE\subject_8_PXL_20220922_143933791.jpg,Male,0.9842474460601807,Male,0.9609819054603577,Woman,84.85969305038452
subject_8_PXL_20220922_143935867.jpg,G:\Thesis\MonkSkinTone_Dataset\Segmented_MSTE\subject_8_PXL_20220922_143935867.jpg,Male,0.985268771648407,Male,0.9934656023979187,Man,96.21111750602722
subject_8_PXL_20220922_143938018.jpg,G:\Thesis\MonkSkinTone_Dataset\Segmented_MSTE\subject_8_PXL_20220922_143938018.jpg,Male,0.9864837527275085,Male,0.988235592842102,Man,99.94530081748962
subject_8_PXL_20220922_143950494.jpg,G:\Thesis\MonkSkinTone_Dataset\Segmented_MSTE\subject_8_PXL_20220922_143950494.jpg,Male,0.9873735308647156,Male,0.9924978613853455,Man,99.99253749847412
subject_8_PXL_20220922_143953061.jpg,G:\Thesis\MonkSkinTone_Dataset\Segmented_MSTE\subject_8_PXL_20220922_143953061.jpg,Male,0.9876322746276855,Male,0.9914072155952454,Man,99.99399185180664
subject_8_PXL_20220922_143954934.jpg,G:\Thesis\MonkSkinTone_Dataset\Segmented_MSTE\subject_8_PXL_20220922_143954934.jpg,Male,0.9868534803390503,Male,0.984216570854187,Man,99.95213747024536
subject_8_PXL_20220922_143956870.jpg,G:\Thesis\MonkSkinTone_Dataset\Segmented_MSTE\subject_8_PXL_20220922_143956870.jpg,Male,0.9849210381507874,Male,0.9914571642875671,Man,98.8493263721466
subject_8_PXL_20220922_143958932.jpg,G:\Thesis\MonkSkinTone_Dataset\Segmented_MSTE\subject_8_PXL_20220922_143958932.jpg,Male,0.9866589307785034,Male,0.993565022945404,Man,99.955815076828
subject_8_PXL_20220922_144000843.jpg,G:\Thesis\MonkSkinTone_Dataset\Segmented_MSTE\subject_8_PXL_20220922_144000843.jpg,Male,0.9862716197967529,Male,0.989933431148529,Man,99.92063641548157
subject_8_PXL_20220922_144015845.jpg,G:\Thesis\MonkSkinTone_Dataset\Segmented_MSTE\subject_8_PXL_20220922_144015845.jpg,Male,0.9867635369300842,Male,0.9831870794296265,Man,99.98975992202759
subject_8_PXL_20220922_144017731.jpg,G:\Thesis\MonkSkinTone_Dataset\Segmented_MSTE\subject_8_PXL_20220922_144017731.jpg,Male,0.985247015953064,Male,0.9728630781173706,Man,99.43181872367859
subject_8_PXL_20220922_144019524.jpg,G:\Thesis\MonkSkinTone_Dataset\Segmented_MSTE\subject_8_PXL_20220922_144019524.jpg,Male,0.9854212403297424,Male,0.9909283518791199,Man,96.87923192977905
subject_8_PXL_20220922_144021761.jpg,G:\Thesis\MonkSkinTone_Dataset\Segmented_MSTE\subject_8_PXL_20220922_144021761.jpg,Male,0.9862828850746155,Male,0.9923061728477478,Man,99.96700286865234
subject_8_PXL_20220922_144024003.jpg,G:\Thesis\MonkSkinTone_Dataset\Segmented_MSTE\subject_8_PXL_20220922_144024003.jpg,Male,0.9843112826347351,Male,0.9687139987945557,Man,99.36128258705139
subject_8_PXL_20220922_144038878.jpg,G:\Thesis\MonkSkinTone_Dataset\Segmented_MSTE\subject_8_PXL_20220922_144038878.jpg,Male,0.9869602918624878,Male,0.9889362454414368,Man,99.97686743736267
subject_8_PXL_20220922_144042686.jpg,G:\Thesis\MonkSkinTone_Dataset\Segmented_MSTE\subject_8_PXL_20220922_144042686.jpg,Male,0.9874634742736816,Male,0.9827451109886169,Man,99.96116757392883
subject_8_PXL_20220922_144044363.jpg,G:\Thesis\MonkSkinTone_Dataset\Segmented_MSTE\subject_8_PXL_20220922_144044363.jpg,Male,0.9859619736671448,Male,0.9809156060218811,Man,99.20627474784851
subject_8_PXL_20220922_144046163.jpg,G:\Thesis\MonkSkinTone_Dataset\Segmented_MSTE\subject_8_PXL_20220922_144046163.jpg,Male,0.9838475584983826,Male,0.9825352430343628,Man,95.3871488571167
subject_8_PXL_20220922_144048016.jpg,G:\Thesis\MonkSkinTone_Dataset\Segmented_MSTE\subject_8_PXL_20220922_144048016.jpg,Male,0.984623908996582,Male,0.9918495416641235,Man,99.98992681503296
subject_8_PXL_20220922_144049938.jpg,G:\Thesis\MonkSkinTone_Dataset\Segmented_MSTE\subject_8_PXL_20220922_144049938.jpg,Male,0.980530858039856,Male,0.9820231795310974,Man,99.64249730110168
subject_8_PXL_20220922_144126494.jpg,G:\Thesis\MonkSkinTone_Dataset\Segmented_MSTE\subject_8_PXL_20220922_144126494.jpg,Male,0.9878936409950256,Male,0.9943019151687622,Man,99.97695088386536
subject_8_PXL_20220922_144130999.jpg,G:\Thesis\MonkSkinTone_Dataset\Segmented_MSTE\subject_8_PXL_20220922_144130999.jpg,Male,0.9859269857406616,Male,0.994799017906189,Man,94.38705444335938
subject_8_PXL_20220922_144133020.jpg,G:\Thesis\MonkSkinTone_Dataset\Segmented_MSTE\subject_8_PXL_20220922_144133020.jpg,Male,0.9868940114974976,Male,0.9941064119338989,Man,99.70869421958923
subject_8_PXL_20220922_144135110.jpg,G:\Thesis\MonkSkinTone_Dataset\Segmented_MSTE\subject_8_PXL_20220922_144135110.jpg,Male,0.9856584668159485,Male,0.9883798360824585,Man,99.83441829681396
subject_8_PXL_20220922_144155487.jpg,G:\Thesis\MonkSkinTone_Dataset\Segmented_MSTE\subject_8_PXL_20220922_144155487.jpg,Male,0.9876177906990051,Male,0.989282488822937,Man,99.99971389770508
subject_8_PXL_20220922_144157379.jpg,G:\Thesis\MonkSkinTone_Dataset\Segmented_MSTE\subject_8_PXL_20220922_144157379.jpg,Male,0.9845470786094666,Male,0.9936054944992065,Man,99.98019337654114
subject_8_PXL_20220922_144158904.jpg,G:\Thesis\MonkSkinTone_Dataset\Segmented_MSTE\subject_8_PXL_20220922_144158904.jpg,Male,0.9854915738105774,Male,0.9959938526153564,Man,99.84704852104187
subject_8_PXL_20220922_144201853.jpg,G:\Thesis\MonkSkinTone_Dataset\Segmented_MSTE\subject_8_PXL_20220922_144201853.jpg,Male,0.9853613972663879,Male,0.9831000566482544,Man,99.98511075973511
subject_8_PXL_20220922_144208454.jpg,G:\Thesis\MonkSkinTone_Dataset\Segmented_MSTE\subject_8_PXL_20220922_144208454.jpg,Male,0.9875279068946838,Male,0.9901614189147949,Man,99.99960660934448
subject_8_PXL_20220922_144209904.jpg,G:\Thesis\MonkSkinTone_Dataset\Segmented_MSTE\subject_8_PXL_20220922_144209904.jpg,Male,0.9866793751716614,Male,0.9942240118980408,Man,99.99946355819702
subject_8_PXL_20220922_144211604.jpg,G:\Thesis\MonkSkinTone_Dataset\Segmented_MSTE\subject_8_PXL_20220922_144211604.jpg,Male,0.9873470067977905,Male,0.9959529638290405,Man,99.9991774559021
subject_8_PXL_20220922_144212804.jpg,G:\Thesis\MonkSkinTone_Dataset\Segmented_MSTE\subject_8_PXL_20220922_144212804.jpg,Male,0.9870237112045288,Male,0.994750440120697,Man,99.99908208847046
subject_8_PXL_20220922_144214170.jpg,G:\Thesis\MonkSkinTone_Dataset\Segmented_MSTE\subject_8_PXL_20220922_144214170.jpg,Male,0.9866769313812256,Male,0.9856393337249756,Man,99.99977350234985
subject_8_PXL_20220922_144225935.jpg,G:\Thesis\MonkSkinTone_Dataset\Segmented_MSTE\subject_8_PXL_20220922_144225935.jpg,Male,0.985662043094635,Male,0.9943346977233887,Man,99.99910593032837
subject_8_PXL_20220922_144227636.jpg,G:\Thesis\MonkSkinTone_Dataset\Segmented_MSTE\subject_8_PXL_20220922_144227636.jpg,Male,0.9850512742996216,Male,0.9945677518844604,Man,99.9852180480957
subject_8_PXL_20220922_144229123.jpg,G:\Thesis\MonkSkinTone_Dataset\Segmented_MSTE\subject_8_PXL_20220922_144229123.jpg,Male,0.9838873744010925,Male,0.9894463419914246,Man,99.38415288925171
subject_8_PXL_20220922_144230503.jpg,G:\Thesis\MonkSkinTone_Dataset\Segmented_MSTE\subject_8_PXL_20220922_144230503.jpg,Male,0.9863522052764893,Male,0.9907523393630981,Man,99.9979019165039
subject_8_PXL_20220922_144233301.jpg,G:\Thesis\MonkSkinTone_Dataset\Segmented_MSTE\subject_8_PXL_20220922_144233301.jpg,Male,0.9853284955024719,Male,0.9906195402145386,Man,99.94068145751953
subject_8_PXL_20220922_144237169.jpg,G:\Thesis\MonkSkinTone_Dataset\Segmented_MSTE\subject_8_PXL_20220922_144237169.jpg,Male,0.9866490960121155,Male,0.9945749044418335,Man,99.99786615371704
subject_8_PXL_20220922_144239368.jpg,G:\Thesis\MonkSkinTone_Dataset\Segmented_MSTE\subject_8_PXL_20220922_144239368.jpg,Male,0.9874508380889893,Male,0.9963569045066833,Man,99.99942779541016
subject_8_PXL_20220922_144240833.jpg,G:\Thesis\MonkSkinTone_Dataset\Segmented_MSTE\subject_8_PXL_20220922_144240833.jpg,Male,0.9856147766113281,Male,0.995010495185852,Man,99.99388456344604
subject_8_PXL_20220922_144242165.jpg,G:\Thesis\MonkSkinTone_Dataset\Segmented_MSTE\subject_8_PXL_20220922_144242165.jpg,Male,0.9856386780738831,Male,0.9887767434120178,Man,96.46310210227966
subject_8_PXL_20220922_144243484.jpg,G:\Thesis\MonkSkinTone_Dataset\Segmented_MSTE\subject_8_PXL_20220922_144243484.jpg,Male,0.986464262008667,Male,0.994331955909729,Man,99.99450445175171
subject_8_PXL_20220922_144342994.jpg,G:\Thesis\MonkSkinTone_Dataset\Segmented_MSTE\subject_8_PXL_20220922_144342994.jpg,Male,0.9766745567321777,Male,0.9245582818984985,Man,98.89944195747375
subject_8_PXL_20220922_144346637.jpg,G:\Thesis\MonkSkinTone_Dataset\Segmented_MSTE\subject_8_PXL_20220922_144346637.jpg,Male,0.8771568536758423,Male,0.8097783923149109,Man,98.3346939086914
subject_8_PXL_20220922_144348319.jpg,G:\Thesis\MonkSkinTone_Dataset\Segmented_MSTE\subject_8_PXL_20220922_144348319.jpg,Male,0.949634850025177,Male,0.7728291749954224,Man,89.54843282699585
subject_8_PXL_20220922_144349886.jpg,G:\Thesis\MonkSkinTone_Dataset\Segmented_MSTE\subject_8_PXL_20220922_144349886.jpg,Male,0.973349928855896,Male,0.8914768099784851,Man,92.26101040840149
subject_8_PXL_20220922_144424020.jpg,G:\Thesis\MonkSkinTone_Dataset\Segmented_MSTE\subject_8_PXL_20220922_144424020.jpg,Male,0.9857338666915894,Male,0.9948005676269531,Man,98.79796504974365
subject_8_PXL_20220922_144431094.jpg,G:\Thesis\MonkSkinTone_Dataset\Segmented_MSTE\subject_8_PXL_20220922_144431094.jpg,Male,0.9862301349639893,Male,0.9924517273902893,Man,99.98236298561096
subject_8_PXL_20220922_144433061.jpg,G:\Thesis\MonkSkinTone_Dataset\Segmented_MSTE\subject_8_PXL_20220922_144433061.jpg,Male,0.9857839941978455,Male,0.9950031638145447,Man,99.99034404754639
subject_8_PXL_20220922_144439857.jpg,G:\Thesis\MonkSkinTone_Dataset\Segmented_MSTE\subject_8_PXL_20220922_144439857.jpg,Male,0.9854990243911743,Male,0.9957125186920166,Man,72.91295528411865
subject_8_PXL_20220922_144454460.jpg,G:\Thesis\MonkSkinTone_Dataset\Segmented_MSTE\subject_8_PXL_20220922_144454460.jpg,Male,0.986361026763916,Male,0.9938187003135681,Man,99.2265522480011
subject_8_PXL_20220922_144457808.jpg,G:\Thesis\MonkSkinTone_Dataset\Segmented_MSTE\subject_8_PXL_20220922_144457808.jpg,Male,0.9863353967666626,Male,0.9933132529258728,Man,99.16781187057495
subject_8_PXL_20220922_144459281.jpg,G:\Thesis\MonkSkinTone_Dataset\Segmented_MSTE\subject_8_PXL_20220922_144459281.jpg,Male,0.9857873916625977,Male,0.9950209856033325,Man,99.74134564399719
subject_8_PXL_20220922_144506455.jpg,G:\Thesis\MonkSkinTone_Dataset\Segmented_MSTE\subject_8_PXL_20220922_144506455.jpg,Male,0.9850022196769714,Male,0.9875335693359375,Man,97.63434529304504
subject_8_PXL_20220922_144508322.jpg,G:\Thesis\MonkSkinTone_Dataset\Segmented_MSTE\subject_8_PXL_20220922_144508322.jpg,Male,0.98490971326828,Male,0.9318197965621948,Man,81.05776906013489
subject_8_PXL_20220922_144509854.jpg,G:\Thesis\MonkSkinTone_Dataset\Segmented_MSTE\subject_8_PXL_20220922_144509854.jpg,Male,0.9857287406921387,Male,0.9893668293952942,Man,96.01279497146606
subject_8_PXL_20220922_144513518.jpg,G:\Thesis\MonkSkinTone_Dataset\Segmented_MSTE\subject_8_PXL_20220922_144513518.jpg,Male,0.9848992824554443,Male,0.9725016951560974,Man,94.81868147850037
subject_8_PXL_20220922_144515169.jpg,G:\Thesis\MonkSkinTone_Dataset\Segmented_MSTE\subject_8_PXL_20220922_144515169.jpg,Male,0.9839047789573669,Male,0.9857402443885803,Man,97.79253005981445
subject_8_PXL_20220922_144516437.jpg,G:\Thesis\MonkSkinTone_Dataset\Segmented_MSTE\subject_8_PXL_20220922_144516437.jpg,Male,0.9825217723846436,Male,0.9665263891220093,Man,89.66609835624695
subject_8_PXL_20220922_144518107.jpg,G:\Thesis\MonkSkinTone_Dataset\Segmented_MSTE\subject_8_PXL_20220922_144518107.jpg,Male,0.9514732956886292,Male,0.8458710312843323,Man,61.730414628982544
subject_8_PXL_20220922_144519434.jpg,G:\Thesis\MonkSkinTone_Dataset\Segmented_MSTE\subject_8_PXL_20220922_144519434.jpg,Male,0.9753937721252441,Male,0.8717630505561829,Man,78.48638892173767
subject_8_PXL_20220922_144520738.jpg,G:\Thesis\MonkSkinTone_Dataset\Segmented_MSTE\subject_8_PXL_20220922_144520738.jpg,Male,0.9838860034942627,Male,0.9822484254837036,Man,94.41463351249695
subject_8_PXL_20220922_144522915.jpg,G:\Thesis\MonkSkinTone_Dataset\Segmented_MSTE\subject_8_PXL_20220922_144522915.jpg,Male,0.9852596521377563,Male,0.9795923829078674,Man,96.31156325340271
subject_8_PXL_20220922_144525051.jpg,G:\Thesis\MonkSkinTone_Dataset\Segmented_MSTE\subject_8_PXL_20220922_144525051.jpg,Male,0.9852530360221863,Male,0.9790864586830139,Man,94.07497644424438
subject_8_PXL_20220922_144612556.PORTRAIT.jpg,G:\Thesis\MonkSkinTone_Dataset\Segmented_MSTE\subject_8_PXL_20220922_144612556.PORTRAIT.jpg,Male,0.9873204231262207,Male,0.9948238134384155,Man,99.99758005142212
subject_8_PXL_20220922_144614653.PORTRAIT.jpg,G:\Thesis\MonkSkinTone_Dataset\Segmented_MSTE\subject_8_PXL_20220922_144614653.PORTRAIT.jpg,Male,0.9871243238449097,Male,0.9947841763496399,Man,99.99996423721313
subject_8_PXL_20220922_144619340.PORTRAIT.jpg,G:\Thesis\MonkSkinTone_Dataset\Segmented_MSTE\subject_8_PXL_20220922_144619340.PORTRAIT.jpg,Male,0.9867016673088074,Male,0.9937452077865601,Man,99.99819993972778
subject_8_PXL_20220922_144620965.PORTRAIT.jpg,G:\Thesis\MonkSkinTone_Dataset\Segmented_MSTE\subject_8_PXL_20220922_144620965.PORTRAIT.jpg,Male,0.9854639172554016,Male,0.9965266585350037,Man,99.992835521698
subject_8_PXL_20220922_144622637.PORTRAIT.jpg,G:\Thesis\MonkSkinTone_Dataset\Segmented_MSTE\subject_8_PXL_20220922_144622637.PORTRAIT.jpg,Male,0.9834713339805603,Male,0.9890139698982239,Man,99.78748559951782
subject_8_PXL_20220922_144624483.PORTRAIT.jpg,G:\Thesis\MonkSkinTone_Dataset\Segmented_MSTE\subject_8_PXL_20220922_144624483.PORTRAIT.jpg,Male,0.9863907098770142,Male,0.9942254424095154,Man,99.99271631240845
subject_8_PXL_20220922_144626615.PORTRAIT.jpg,G:\Thesis\MonkSkinTone_Dataset\Segmented_MSTE\subject_8_PXL_20220922_144626615.PORTRAIT.jpg,Male,0.987220048904419,Male,0.9952175617218018,Man,99.99995231628418
subject_8_PXL_20220922_144629915.PORTRAIT.jpg,G:\Thesis\MonkSkinTone_Dataset\Segmented_MSTE\subject_8_PXL_20220922_144629915.PORTRAIT.jpg,Male,0.9865705370903015,Male,0.9928867220878601,Man,99.99980926513672
subject_8_PXL_20220922_144633196.PORTRAIT.jpg,G:\Thesis\MonkSkinTone_Dataset\Segmented_MSTE\subject_8_PXL_20220922_144633196.PORTRAIT.jpg,Male,0.9868930578231812,Male,0.9947108030319214,Man,99.99810457229614
subject_8_PXL_20220922_144642875.PORTRAIT.jpg,G:\Thesis\MonkSkinTone_Dataset\Segmented_MSTE\subject_8_PXL_20220922_144642875.PORTRAIT.jpg,Male,0.9865667223930359,Male,0.9939512014389038,Man,99.57412481307983
subject_8_PXL_20220922_144646233.PORTRAIT.jpg,G:\Thesis\MonkSkinTone_Dataset\Segmented_MSTE\subject_8_PXL_20220922_144646233.PORTRAIT.jpg,Male,0.9873844385147095,Male,0.992919385433197,Man,99.99940395355225
subject_8_PXL_20220922_144649856.PORTRAIT.jpg,G:\Thesis\MonkSkinTone_Dataset\Segmented_MSTE\subject_8_PXL_20220922_144649856.PORTRAIT.jpg,Male,0.9867276549339294,Male,0.9938117265701294,Man,98.68018627166748
subject_8_PXL_20220922_144653190.PORTRAIT.jpg,G:\Thesis\MonkSkinTone_Dataset\Segmented_MSTE\subject_8_PXL_20220922_144653190.PORTRAIT.jpg,Male,0.9869785308837891,Male,0.9846189618110657,Man,97.15405106544495
subject_8_PXL_20220922_144657086.PORTRAIT.jpg,G:\Thesis\MonkSkinTone_Dataset\Segmented_MSTE\subject_8_PXL_20220922_144657086.PORTRAIT.jpg,Male,0.9866935610771179,Male,0.9957459568977356,Man,99.99865293502808
subject_8_PXL_20220922_144659539.PORTRAIT.jpg,G:\Thesis\MonkSkinTone_Dataset\Segmented_MSTE\subject_8_PXL_20220922_144659539.PORTRAIT.jpg,Male,0.9859254956245422,Male,0.9762029051780701,Man,84.37451720237732
subject_9_PXL_20220922_134538984.PORTRAIT.jpg,G:\Thesis\MonkSkinTone_Dataset\Segmented_MSTE\subject_9_PXL_20220922_134538984.PORTRAIT.jpg,Female,0.757835328578949,Female,0.9505754709243774,Woman,99.4416356086731
subject_9_PXL_20220922_134543733.PORTRAIT.jpg,G:\Thesis\MonkSkinTone_Dataset\Segmented_MSTE\subject_9_PXL_20220922_134543733.PORTRAIT.jpg,Female,0.7615422010421753,Male,0.7793461084365845,Woman,99.98639822006226
subject_9_PXL_20220922_134546973.PORTRAIT.jpg,G:\Thesis\MonkSkinTone_Dataset\Segmented_MSTE\subject_9_PXL_20220922_134546973.PORTRAIT.jpg,Male,0.9178276658058167,Male,0.7971928715705872,Woman,97.67224192619324
subject_9_PXL_20220922_134547863.PORTRAIT.jpg,G:\Thesis\MonkSkinTone_Dataset\Segmented_MSTE\subject_9_PXL_20220922_134547863.PORTRAIT.jpg,Male,0.6467117667198181,Male,0.8888885378837585,Woman,87.3222291469574
subject_9_PXL_20220922_134555861.PORTRAIT.jpg,G:\Thesis\MonkSkinTone_Dataset\Segmented_MSTE\subject_9_PXL_20220922_134555861.PORTRAIT.jpg,Male,0.8224967122077942,Female,0.6974379420280457,Man,98.49321246147156
subject_9_PXL_20220922_134558185.PORTRAIT.jpg,G:\Thesis\MonkSkinTone_Dataset\Segmented_MSTE\subject_9_PXL_20220922_134558185.PORTRAIT.jpg,Female,0.9171632528305054,Female,0.8917279839515686,Man,97.6794183254242
subject_9_PXL_20220922_134605532.PORTRAIT.jpg,G:\Thesis\MonkSkinTone_Dataset\Segmented_MSTE\subject_9_PXL_20220922_134605532.PORTRAIT.jpg,Female,0.6381032466888428,Female,0.9511978626251221,Woman,99.98407363891602
subject_9_PXL_20220922_134607013.PORTRAIT.jpg,G:\Thesis\MonkSkinTone_Dataset\Segmented_MSTE\subject_9_PXL_20220922_134607013.PORTRAIT.jpg,Female,0.7895717620849609,Male,0.849380373954773,Woman,99.99712705612183
subject_9_PXL_20220922_134609222.PORTRAIT.jpg,G:\Thesis\MonkSkinTone_Dataset\Segmented_MSTE\subject_9_PXL_20220922_134609222.PORTRAIT.jpg,Male,0.8055142760276794,Female,0.7082580327987671,Woman,92.53819584846497
subject_9_PXL_20220922_134612760.PORTRAIT.jpg,G:\Thesis\MonkSkinTone_Dataset\Segmented_MSTE\subject_9_PXL_20220922_134612760.PORTRAIT.jpg,Female,0.883557140827179,Female,0.6992314457893372,Man,97.45639562606812
subject_9_PXL_20220922_134614570.PORTRAIT.jpg,G:\Thesis\MonkSkinTone_Dataset\Segmented_MSTE\subject_9_PXL_20220922_134614570.PORTRAIT.jpg,Female,0.917146623134613,Female,0.6696774959564209,Man,88.61513137817383
subject_9_PXL_20220922_135610252.jpg,G:\Thesis\MonkSkinTone_Dataset\Segmented_MSTE\subject_9_PXL_20220922_135610252.jpg,Male,0.9630438685417175,Male,0.6273345947265625,Man,53.377676010131836
subject_9_PXL_20220922_135612843.jpg,G:\Thesis\MonkSkinTone_Dataset\Segmented_MSTE\subject_9_PXL_20220922_135612843.jpg,Female,0.8133481740951538,Female,0.6874147653579712,Man,97.59135246276855
subject_9_PXL_20220922_135614778.jpg,G:\Thesis\MonkSkinTone_Dataset\Segmented_MSTE\subject_9_PXL_20220922_135614778.jpg,Male,0.8783293962478638,Female,0.9164552092552185,Man,93.42293739318848
subject_9_PXL_20220922_135616775.jpg,G:\Thesis\MonkSkinTone_Dataset\Segmented_MSTE\subject_9_PXL_20220922_135616775.jpg,Female,0.9120017886161804,Female,0.9377409815788269,Woman,95.40333151817322
subject_9_PXL_20220922_135618709.jpg,G:\Thesis\MonkSkinTone_Dataset\Segmented_MSTE\subject_9_PXL_20220922_135618709.jpg,Male,0.9725407958030701,Male,0.743800163269043,Woman,70.096355676651
subject_9_PXL_20220922_135619670.jpg,G:\Thesis\MonkSkinTone_Dataset\Segmented_MSTE\subject_9_PXL_20220922_135619670.jpg,Male,0.968165934085846,Male,0.8020125031471252,Man,89.87821340560913
subject_9_PXL_20220922_135621801.jpg,G:\Thesis\MonkSkinTone_Dataset\Segmented_MSTE\subject_9_PXL_20220922_135621801.jpg,Male,0.9823175668716431,Male,0.8179115653038025,Woman,97.45808243751526
subject_9_PXL_20220922_135631351.jpg,G:\Thesis\MonkSkinTone_Dataset\Segmented_MSTE\subject_9_PXL_20220922_135631351.jpg,Male,0.7973544597625732,Female,0.7304492592811584,Man,56.58462047576904
subject_9_PXL_20220922_135633307.jpg,G:\Thesis\MonkSkinTone_Dataset\Segmented_MSTE\subject_9_PXL_20220922_135633307.jpg,Female,0.6017783284187317,Female,0.8240683674812317,Woman,99.99514818191528
subject_9_PXL_20220922_135636877.jpg,G:\Thesis\MonkSkinTone_Dataset\Segmented_MSTE\subject_9_PXL_20220922_135636877.jpg,Female,0.516947865486145,Male,0.5857667922973633,Man,84.85021591186523
subject_9_PXL_20220922_135638177.jpg,G:\Thesis\MonkSkinTone_Dataset\Segmented_MSTE\subject_9_PXL_20220922_135638177.jpg,Male,0.8990340232849121,Female,0.6263059377670288,Woman,98.91788959503174
subject_9_PXL_20220922_135639221.jpg,G:\Thesis\MonkSkinTone_Dataset\Segmented_MSTE\subject_9_PXL_20220922_135639221.jpg,Male,0.8983492851257324,Female,0.6685320734977722,Man,97.48018980026245
subject_9_PXL_20220922_135640401.jpg,G:\Thesis\MonkSkinTone_Dataset\Segmented_MSTE\subject_9_PXL_20220922_135640401.jpg,Female,0.6272754073143005,Female,0.7879140377044678,Man,92.49829053878784
subject_9_PXL_20220922_135641645.jpg,G:\Thesis\MonkSkinTone_Dataset\Segmented_MSTE\subject_9_PXL_20220922_135641645.jpg,Male,0.7912397384643555,Female,0.9357945919036865,Woman,99.46677684783936
subject_9_PXL_20220922_135747692.jpg,G:\Thesis\MonkSkinTone_Dataset\Segmented_MSTE\subject_9_PXL_20220922_135747692.jpg,Female,0.7645341157913208,Female,0.9339581727981567,Man,88.36117386817932
subject_9_PXL_20220922_135750066.jpg,G:\Thesis\MonkSkinTone_Dataset\Segmented_MSTE\subject_9_PXL_20220922_135750066.jpg,Male,0.768396258354187,Female,0.8596921563148499,Man,98.13342690467834
subject_9_PXL_20220922_135751665.jpg,G:\Thesis\MonkSkinTone_Dataset\Segmented_MSTE\subject_9_PXL_20220922_135751665.jpg,Male,0.8676105737686157,Female,0.8162955641746521,Man,99.41885471343994
subject_9_PXL_20220922_135753356.jpg,G:\Thesis\MonkSkinTone_Dataset\Segmented_MSTE\subject_9_PXL_20220922_135753356.jpg,Female,0.7480224370956421,Female,0.741954505443573,Woman,99.86976385116577
subject_9_PXL_20220922_135754722.jpg,G:\Thesis\MonkSkinTone_Dataset\Segmented_MSTE\subject_9_PXL_20220922_135754722.jpg,Female,0.6121114492416382,Female,0.5723653435707092,Woman,99.99306201934814
subject_9_PXL_20220922_135756305.jpg,G:\Thesis\MonkSkinTone_Dataset\Segmented_MSTE\subject_9_PXL_20220922_135756305.jpg,Male,0.7720741033554077,Female,0.5940106511116028,Woman,97.27766513824463
subject_9_PXL_20220922_135802547.jpg,G:\Thesis\MonkSkinTone_Dataset\Segmented_MSTE\subject_9_PXL_20220922_135802547.jpg,Male,0.9637674689292908,Female,0.6375316381454468,Man,57.39480257034302
subject_9_PXL_20220922_135804480.jpg,G:\Thesis\MonkSkinTone_Dataset\Segmented_MSTE\subject_9_PXL_20220922_135804480.jpg,Female,0.877642810344696,Female,0.7554768323898315,Man,99.70220923423767
subject_9_PXL_20220922_135806296.jpg,G:\Thesis\MonkSkinTone_Dataset\Segmented_MSTE\subject_9_PXL_20220922_135806296.jpg,Female,0.9093654751777649,Female,0.736480712890625,Man,98.51551651954651
subject_9_PXL_20220922_135808237.jpg,G:\Thesis\MonkSkinTone_Dataset\Segmented_MSTE\subject_9_PXL_20220922_135808237.jpg,Female,0.9578715562820435,Female,0.9775853157043457,Man,74.29291009902954
subject_9_PXL_20220922_135810329.jpg,G:\Thesis\MonkSkinTone_Dataset\Segmented_MSTE\subject_9_PXL_20220922_135810329.jpg,Male,0.958784818649292,Male,0.8617432713508606,Woman,68.61777305603027
subject_9_PXL_20220922_135854746.jpg,G:\Thesis\MonkSkinTone_Dataset\Segmented_MSTE\subject_9_PXL_20220922_135854746.jpg,Male,0.9112988710403442,Female,0.931938111782074,Man,82.21439719200134
subject_9_PXL_20220922_135908976.jpg,G:\Thesis\MonkSkinTone_Dataset\Segmented_MSTE\subject_9_PXL_20220922_135908976.jpg,Male,0.971135675907135,Male,0.6834201812744141,Man,84.54394936561584
subject_9_PXL_20220922_135939416.jpg,G:\Thesis\MonkSkinTone_Dataset\Segmented_MSTE\subject_9_PXL_20220922_135939416.jpg,Female,0.8552591800689697,Female,0.9843568205833435,Woman,97.29492664337158
subject_9_PXL_20220922_135940569.jpg,G:\Thesis\MonkSkinTone_Dataset\Segmented_MSTE\subject_9_PXL_20220922_135940569.jpg,Male,0.718036413192749,Female,0.8069395422935486,Woman,78.48063707351685
subject_9_PXL_20220922_135941951.jpg,G:\Thesis\MonkSkinTone_Dataset\Segmented_MSTE\subject_9_PXL_20220922_135941951.jpg,Female,0.6404412388801575,Female,0.8517318964004517,Woman,64.91729021072388
subject_9_PXL_20220922_135943105.jpg,G:\Thesis\MonkSkinTone_Dataset\Segmented_MSTE\subject_9_PXL_20220922_135943105.jpg,Female,0.8857050538063049,Female,0.9772945642471313,Woman,81.047123670578
subject_9_PXL_20220922_135944184.jpg,G:\Thesis\MonkSkinTone_Dataset\Segmented_MSTE\subject_9_PXL_20220922_135944184.jpg,Female,0.9656317234039307,Female,0.9598180055618286,Woman,88.95885348320007
subject_9_PXL_20220922_135945608.jpg,G:\Thesis\MonkSkinTone_Dataset\Segmented_MSTE\subject_9_PXL_20220922_135945608.jpg,Male,0.5933278799057007,Female,0.9572550654411316,Woman,88.6957049369812
subject_9_PXL_20220922_135947300.jpg,G:\Thesis\MonkSkinTone_Dataset\Segmented_MSTE\subject_9_PXL_20220922_135947300.jpg,Female,0.9734801650047302,Female,0.5663684010505676,Woman,68.187016248703
subject_9_PXL_20220922_135948831.jpg,G:\Thesis\MonkSkinTone_Dataset\Segmented_MSTE\subject_9_PXL_20220922_135948831.jpg,Female,0.9794745445251465,Female,0.700657844543457,Woman,83.80740284919739
subject_9_PXL_20220922_135959828.jpg,G:\Thesis\MonkSkinTone_Dataset\Segmented_MSTE\subject_9_PXL_20220922_135959828.jpg,Female,0.9785191416740417,Female,0.9101932048797607,Woman,50.022655725479126
subject_9_PXL_20220922_140005843.jpg,G:\Thesis\MonkSkinTone_Dataset\Segmented_MSTE\subject_9_PXL_20220922_140005843.jpg,Female,0.9634622931480408,Female,0.6474923491477966,Man,83.14449191093445
subject_9_PXL_20220922_140027001.jpg,G:\Thesis\MonkSkinTone_Dataset\Segmented_MSTE\subject_9_PXL_20220922_140027001.jpg,Male,0.9348270893096924,Female,0.9389199018478394,Woman,53.60357165336609
subject_9_PXL_20220922_140028838.jpg,G:\Thesis\MonkSkinTone_Dataset\Segmented_MSTE\subject_9_PXL_20220922_140028838.jpg,Female,0.8875075578689575,Female,0.9152645468711853,Woman,54.536670446395874
subject_9_PXL_20220922_140036631.jpg,G:\Thesis\MonkSkinTone_Dataset\Segmented_MSTE\subject_9_PXL_20220922_140036631.jpg,Female,0.9217647910118103,Female,0.6681766510009766,Man,51.81655287742615
subject_9_PXL_20220922_140041215.jpg,G:\Thesis\MonkSkinTone_Dataset\Segmented_MSTE\subject_9_PXL_20220922_140041215.jpg,Female,0.9479342699050903,Female,0.9083501100540161,Woman,91.6617751121521
subject_9_PXL_20220922_140043111.jpg,G:\Thesis\MonkSkinTone_Dataset\Segmented_MSTE\subject_9_PXL_20220922_140043111.jpg,Female,0.9541441202163696,Female,0.5808923244476318,Woman,87.30721473693848
subject_9_PXL_20220922_140046379.jpg,G:\Thesis\MonkSkinTone_Dataset\Segmented_MSTE\subject_9_PXL_20220922_140046379.jpg,Male,0.788631021976471,Female,0.9757596850395203,Woman,84.78454351425171
subject_9_PXL_20220922_140047100.jpg,G:\Thesis\MonkSkinTone_Dataset\Segmented_MSTE\subject_9_PXL_20220922_140047100.jpg,Male,0.7828624844551086,Female,0.9816981554031372,Woman,96.11625075340271
subject_9_PXL_20220922_140048541.jpg,G:\Thesis\MonkSkinTone_Dataset\Segmented_MSTE\subject_9_PXL_20220922_140048541.jpg,Female,0.5366673469543457,Female,0.9624414443969727,Woman,91.39050245285034
subject_9_PXL_20220922_140132005.jpg,G:\Thesis\MonkSkinTone_Dataset\Segmented_MSTE\subject_9_PXL_20220922_140132005.jpg,Male,0.8393247723579407,Female,0.9113708138465881,Woman,64.95780348777771
subject_9_PXL_20220922_140133700.jpg,G:\Thesis\MonkSkinTone_Dataset\Segmented_MSTE\subject_9_PXL_20220922_140133700.jpg,Male,0.8848891258239746,Female,0.9834921956062317,Woman,95.37439346313477
subject_9_PXL_20220922_140142694.jpg,G:\Thesis\MonkSkinTone_Dataset\Segmented_MSTE\subject_9_PXL_20220922_140142694.jpg,Male,0.6198903918266296,Female,0.8817674517631531,Woman,90.63640832901001
subject_9_PXL_20220922_140145712.jpg,G:\Thesis\MonkSkinTone_Dataset\Segmented_MSTE\subject_9_PXL_20220922_140145712.jpg,Female,0.9119676947593689,Female,0.8056962490081787,Woman,88.16614747047424
subject_9_PXL_20220922_140201615.jpg,G:\Thesis\MonkSkinTone_Dataset\Segmented_MSTE\subject_9_PXL_20220922_140201615.jpg,Female,0.9715918302536011,Female,0.9318879842758179,Woman,82.49236345291138
subject_9_PXL_20220922_140203657.jpg,G:\Thesis\MonkSkinTone_Dataset\Segmented_MSTE\subject_9_PXL_20220922_140203657.jpg,Male,0.5216857194900513,Female,0.9687650203704834,Man,68.66461038589478
subject_9_PXL_20220922_140205447.jpg,G:\Thesis\MonkSkinTone_Dataset\Segmented_MSTE\subject_9_PXL_20220922_140205447.jpg,Female,0.868739902973175,Female,0.6493115425109863,Man,69.3149209022522
subject_9_PXL_20220922_140207202.jpg,G:\Thesis\MonkSkinTone_Dataset\Segmented_MSTE\subject_9_PXL_20220922_140207202.jpg,Female,0.9417975544929504,Female,0.9134859442710876,Man,97.62162566184998
subject_9_PXL_20220922_140209423.jpg,G:\Thesis\MonkSkinTone_Dataset\Segmented_MSTE\subject_9_PXL_20220922_140209423.jpg,Female,0.9596567153930664,Female,0.8533251881599426,Man,69.54549551010132
subject_9_PXL_20220922_140212750.jpg,G:\Thesis\MonkSkinTone_Dataset\Segmented_MSTE\subject_9_PXL_20220922_140212750.jpg,Male,0.8368996381759644,Male,0.5046193599700928,Woman,96.6594398021698
subject_9_PXL_20220922_140214625.jpg,G:\Thesis\MonkSkinTone_Dataset\Segmented_MSTE\subject_9_PXL_20220922_140214625.jpg,Female,0.8931260704994202,Female,0.9268940687179565,Woman,60.18947958946228
subject_9_PXL_20220922_140216573.jpg,G:\Thesis\MonkSkinTone_Dataset\Segmented_MSTE\subject_9_PXL_20220922_140216573.jpg,Male,0.8248348236083984,Female,0.8964036107063293,Woman,72.40950465202332
subject_9_PXL_20220922_140219442.jpg,G:\Thesis\MonkSkinTone_Dataset\Segmented_MSTE\subject_9_PXL_20220922_140219442.jpg,Male,0.896880567073822,Female,0.9022079110145569,Woman,53.788208961486816
subject_9_PXL_20220922_140221214.jpg,G:\Thesis\MonkSkinTone_Dataset\Segmented_MSTE\subject_9_PXL_20220922_140221214.jpg,Female,0.9288148283958435,Female,0.8269588947296143,Woman,55.953747034072876
subject_9_PXL_20220922_140222578.jpg,G:\Thesis\MonkSkinTone_Dataset\Segmented_MSTE\subject_9_PXL_20220922_140222578.jpg,Female,0.7920958399772644,Female,0.9788585305213928,Woman,81.66142702102661
subject_9_PXL_20220922_140315071.PORTRAIT.jpg,G:\Thesis\MonkSkinTone_Dataset\Segmented_MSTE\subject_9_PXL_20220922_140315071.PORTRAIT.jpg,Male,0.9752393364906311,Female,0.5682894587516785,Woman,94.58763003349304
subject_9_PXL_20220922_140317135.PORTRAIT.jpg,G:\Thesis\MonkSkinTone_Dataset\Segmented_MSTE\subject_9_PXL_20220922_140317135.PORTRAIT.jpg,Male,0.8068647980690002,Male,0.7642214298248291,Woman,90.46246409416199
subject_9_PXL_20220922_140322023.PORTRAIT.jpg,G:\Thesis\MonkSkinTone_Dataset\Segmented_MSTE\subject_9_PXL_20220922_140322023.PORTRAIT.jpg,Female,0.957994818687439,Female,0.8953022956848145,Woman,81.93501234054565
subject_9_PXL_20220922_140323802.PORTRAIT.jpg,G:\Thesis\MonkSkinTone_Dataset\Segmented_MSTE\subject_9_PXL_20220922_140323802.PORTRAIT.jpg,Female,0.9757459759712219,Female,0.8977785706520081,Man,76.85460448265076
subject_9_PXL_20220922_140335749.PORTRAIT.jpg,G:\Thesis\MonkSkinTone_Dataset\Segmented_MSTE\subject_9_PXL_20220922_140335749.PORTRAIT.jpg,Male,0.9677098393440247,Female,0.60453861951828,Woman,91.59955978393555
subject_9_PXL_20220922_140337825.PORTRAIT.jpg,G:\Thesis\MonkSkinTone_Dataset\Segmented_MSTE\subject_9_PXL_20220922_140337825.PORTRAIT.jpg,Male,0.7426870465278625,Male,0.5371577143669128,Woman,74.74743127822876
subject_9_PXL_20220922_140339729.PORTRAIT.jpg,G:\Thesis\MonkSkinTone_Dataset\Segmented_MSTE\subject_9_PXL_20220922_140339729.PORTRAIT.jpg,Male,0.9724918603897095,Female,0.6604124903678894,Man,92.79558062553406
subject_9_PXL_20220922_140341531.PORTRAIT.jpg,G:\Thesis\MonkSkinTone_Dataset\Segmented_MSTE\subject_9_PXL_20220922_140341531.PORTRAIT.jpg,Male,0.8072273135185242,Male,0.5796831250190735,Woman,98.67094159126282
subject_9_PXL_20220922_140342859.PORTRAIT.jpg,G:\Thesis\MonkSkinTone_Dataset\Segmented_MSTE\subject_9_PXL_20220922_140342859.PORTRAIT.jpg,Female,0.7934297323226929,Female,0.6612716317176819,Man,66.5416955947876
subject_9_PXL_20220922_140348903.PORTRAIT.jpg,G:\Thesis\MonkSkinTone_Dataset\Segmented_MSTE\subject_9_PXL_20220922_140348903.PORTRAIT.jpg,Male,0.6999287009239197,Female,0.8361564874649048,Man,51.74329876899719
subject_9_PXL_20220922_140350579.PORTRAIT.jpg,G:\Thesis\MonkSkinTone_Dataset\Segmented_MSTE\subject_9_PXL_20220922_140350579.PORTRAIT.jpg,Female,0.9071124792098999,Female,0.909812331199646,Woman,98.79207611083984
subject_9_PXL_20220922_140352486.PORTRAIT.jpg,G:\Thesis\MonkSkinTone_Dataset\Segmented_MSTE\subject_9_PXL_20220922_140352486.PORTRAIT.jpg,Male,0.639614999294281,Female,0.7872384786605835,Woman,98.57015609741211
subject_9_PXL_20220922_140354824.PORTRAIT.jpg,G:\Thesis\MonkSkinTone_Dataset\Segmented_MSTE\subject_9_PXL_20220922_140354824.PORTRAIT.jpg,Female,0.6724628210067749,Female,0.765119194984436,Woman,98.59960675239563
subject_9_PXL_20220922_140358703.PORTRAIT.jpg,G:\Thesis\MonkSkinTone_Dataset\Segmented_MSTE\subject_9_PXL_20220922_140358703.PORTRAIT.jpg,Female,0.5909919142723083,Female,0.8676390051841736,Woman,98.29739332199097
subject_9_PXL_20220922_140402500.PORTRAIT.jpg,G:\Thesis\MonkSkinTone_Dataset\Segmented_MSTE\subject_9_PXL_20220922_140402500.PORTRAIT.jpg,Male,0.6619505882263184,Male,0.5464663505554199,Woman,79.37377691268921
